epoch,domain,arm,seed,mode,model,n_patients,n_draws,n_permutation_rows,patient_mean_ECE_10_predicted_class_bins,n_patients_defined_ECE_10_predicted_class_bins,patient_mean_NLL,n_patients_defined_NLL,patient_mean_fraction_pmax_above_099,n_patients_defined_fraction_pmax_above_099,patient_mean_logit_q00,n_patients_defined_logit_q00,patient_mean_logit_q100,n_patients_defined_logit_q100,patient_mean_logit_q25,n_patients_defined_logit_q25,patient_mean_logit_q50,n_patients_defined_logit_q50,patient_mean_logit_q75,n_patients_defined_logit_q75,patient_mean_logit_q90,n_patients_defined_logit_q90,patient_mean_logit_q99,n_patients_defined_logit_q99,patient_mean_logit_range_q00,n_patients_defined_logit_range_q00,patient_mean_logit_range_q100,n_patients_defined_logit_range_q100,patient_mean_logit_range_q25,n_patients_defined_logit_range_q25,patient_mean_logit_range_q50,n_patients_defined_logit_range_q50,patient_mean_logit_range_q75,n_patients_defined_logit_range_q75,patient_mean_logit_range_q90,n_patients_defined_logit_range_q90,patient_mean_logit_range_q99,n_patients_defined_logit_range_q99,patient_mean_margin_q00,n_patients_defined_margin_q00,patient_mean_margin_q100,n_patients_defined_margin_q100,patient_mean_margin_q25,n_patients_defined_margin_q25,patient_mean_margin_q50,n_patients_defined_margin_q50,patient_mean_margin_q75,n_patients_defined_margin_q75,patient_mean_margin_q90,n_patients_defined_margin_q90,patient_mean_margin_q99,n_patients_defined_margin_q99,patient_mean_multiclass_Brier,n_patients_defined_multiclass_Brier,patient_mean_pmax_above_099,n_patients_defined_pmax_above_099,patient_mean_pmax_q00,n_patients_defined_pmax_q00,patient_mean_pmax_q100,n_patients_defined_pmax_q100,patient_mean_pmax_q25,n_patients_defined_pmax_q25,patient_mean_pmax_q50,n_patients_defined_pmax_q50,patient_mean_pmax_q75,n_patients_defined_pmax_q75,patient_mean_pmax_q90,n_patients_defined_pmax_q90,patient_mean_pmax_q99,n_patients_defined_pmax_q99,patient_mean_valid_pixels,n_patients_defined_valid_pixels,pooled_valid_pixels,patient_mean_wrong_foreground_confidence,n_patients_defined_wrong_foreground_confidence,patient_mean_wrong_foreground_count,n_patients_defined_wrong_foreground_count,unit
20,Drishti_GS,LIN_MT_CONF,11,posterior_mean_clean,student,25,25,25,0.04914262545038784,25,0.18426068544387816,25,0.820336642795139,25,-7.062013206481933,25,7.346179046630859,25,-3.284135901927948,25,-2.5601421880722044,25,4.373449938297272,25,6.0257334098815925,25,6.720826660346985,25,0.9901366147398949,25,12.831135025024414,25,7.834173355102539,25,9.106660099029542,25,9.844995155334473,25,10.369172096252441,25,11.474153993606569,25,0.0001256650686264038,25,10.764477729797363,25,6.120065348148346,25,8.28614086151123,25,9.059895372390747,25,9.518805294036865,25,10.126163667678833,25,0.09991201922035518,25,120963.56,25,0.4171437358856201,25,0.9999668216705322,25,0.9958262711763382,25,0.9996015787124634,25,0.9998198819160461,25,0.9998860955238342,25,0.9999373457431793,25,147456.0,25,3686400.0,0.79941397190094,25,8070.84,25,null permutations then draws averaged within patient; pooled counts are replicated draw-pixels
20,Drishti_GS,LIN_MT_CONF,11,posterior_mean_clean,teacher,25,25,25,0.03851398982677589,25,0.1385530173778534,25,0.7942721896701389,25,-5.9727781295776365,25,6.870303287506103,25,-3.0146030616760253,25,-2.3254485082626344,25,4.178995261192322,25,5.735662525177002,25,6.3165184764862055,25,1.4604727149009704,25,11.340694389343263,25,7.311124200820923,25,8.501341676712036,25,9.244943370819092,25,9.68009262084961,25,10.327867824554449,25,0.00014472484588623046,25,9.970444946289062,25,5.671110315322876,25,7.751902647018433,25,8.524505443572998,25,8.934049453735351,25,9.44224423789978,25,0.08011684752399681,25,117120.2,25,0.44460728764533997,25,0.9999249935150146,25,0.9941172409057617,25,0.9993138790130616,25,0.9996917843818665,25,0.9997959327697754,25,0.9998748276233672,25,147456.0,25,3686400.0,0.7590288066864014,25,6447.96,25,null permutations then draws averaged within patient; pooled counts are replicated draw-pixels
20,Drishti_GS,LIN_MT_CONF,11,training_like,student,25,100,100,0.050261668374813676,25,0.18806016631424427,25,0.8253888617621528,25,-7.150545878410339,25,7.474396319389343,25,-3.2887294089794157,25,-2.54854421377182,25,4.429942808747292,25,5.988947884082794,25,6.734116771984102,25,0.8261421997845173,25,13.01171869277954,25,7.8785917437076565,25,9.055613145828247,25,9.801647434234619,25,10.3391814661026,25,11.520771921634678,25,0.00016650393605232238,25,10.936134138107299,25,6.211102111935616,25,8.219088203907013,25,9.014779222011565,25,9.511107115745544,25,10.188050729274751,25,0.10172618435828791,25,121708.54,25,0.41073023349046706,25,0.9999719619750976,25,0.9963934494554997,25,0.9995792311429977,25,0.9998124265670776,25,0.9998855584859848,25,0.9999405661225319,25,147456.0,25,14745600.0,0.80168576836586,25,8215.81,25,null permutations then draws averaged within patient; pooled counts are replicated draw-pixels
20,Drishti_GS,LIN_MT_CONF,11,training_like,teacher,25,100,100,0.03851398982677589,25,0.1385530173778534,25,0.7942721896701389,25,-5.9727781295776365,25,6.870303287506103,25,-3.0146030616760253,25,-2.3254485082626344,25,4.178995261192322,25,5.735662525177002,25,6.3165184764862055,25,1.4604727149009704,25,11.340694389343263,25,7.311124200820923,25,8.501341676712036,25,9.244943370819092,25,9.68009262084961,25,10.327867824554449,25,0.00014472484588623046,25,9.970444946289062,25,5.671110315322876,25,7.751902647018433,25,8.524505443572998,25,8.934049453735351,25,9.44224423789978,25,0.08011684752399681,25,117120.2,25,0.44460728764533997,25,0.9999249935150146,25,0.9941172409057617,25,0.9993138790130616,25,0.9996917843818665,25,0.9997959327697754,25,0.9998748276233672,25,147456.0,25,14745600.0,0.7590288066864014,25,6447.96,25,null permutations then draws averaged within patient; pooled counts are replicated draw-pixels
40,Drishti_GS,LIN_MT_CONF,11,posterior_mean_clean,student,25,25,25,0.0396129618179758,25,0.16335300594568253,25,0.8612600368923612,25,-8.360080585479736,25,8.299775390625,25,-3.845734484195709,25,-2.852813763618469,25,5.008432734012604,25,6.546001926422119,25,7.480617463302614,25,2.359002789258957,25,15.265807456970215,25,8.871053233146668,25,10.059381256103515,25,11.002188911437988,25,11.688912448883057,25,13.455009111404427,25,0.00030635833740234376,25,12.50152114868164,25,7.125640416145325,25,8.895796756744385,25,10.034152956008912,25,10.753628387451172,25,11.574224443435671,25,0.08396146226445182,25,126997.96,25,0.47157947659492494,25,0.9999934577941895,25,0.9979202282428742,25,0.9998011565208436,25,0.9999327373504638,25,0.999965763092041,25,0.999984827041626,25,147456.0,25,3686400.0,0.829266140460968,25,6435.12,25,null permutations then draws averaged within patient; pooled counts are replicated draw-pixels
40,Drishti_GS,LIN_MT_CONF,11,posterior_mean_clean,teacher,25,25,25,0.03880900961304885,25,0.1556443926692009,25,0.8547669813368056,25,-8.096119956970215,25,8.285756378173827,25,-3.732825539112091,25,-2.851246881484985,25,4.930426468849182,25,6.490583385467529,25,7.380367135238648,25,2.0115842109918596,25,15.138834075927734,25,8.71430365562439,25,9.969573612213134,25,10.851399917602539,25,11.511926593780517,25,13.301317743301402,25,0.00023591876029968261,25,12.28881175994873,25,7.100765876770019,25,8.89596176147461,25,9.875497522354125,25,10.48851718902588,25,11.30214193534851,25,0.08263496577695303,25,126040.52,25,0.46266688346862794,25,0.9999923372268676,25,0.9984150683879852,25,0.999796028137207,25,0.9999227392673492,25,0.9999575281143188,25,0.9999806780815125,25,147456.0,25,3686400.0,0.8177854657173157,25,6316.16,25,null permutations then draws averaged within patient; pooled counts are replicated draw-pixels
40,Drishti_GS,LIN_MT_CONF,11,training_like,student,25,100,100,0.040361878925406124,25,0.16765588868409395,25,0.8605664740668404,25,-8.47387906551361,25,8.468448748588562,25,-3.846123741269112,25,-2.8636647725105284,25,5.040494377613068,25,6.509157178878784,25,7.501486689329148,25,1.884612292945385,25,15.436763982772828,25,8.91889456987381,25,10.035919809341431,25,10.976361725330353,25,11.696366896629334,25,13.504729734420783,25,0.00026277840137481687,25,12.702707195281983,25,7.2255658441782,25,8.887017021179199,25,9.970488712787628,25,10.721913523674012,25,11.649595331668854,25,0.0858487587732186,25,126895.69,25,0.4630106857419014,25,0.9999949073791504,25,0.9980721029639245,25,0.9998025339841843,25,0.9999294957518577,25,0.9999658113718033,25,0.9999862407445907,25,147456.0,25,14745600.0,0.830723220705986,25,6588.18,25,null permutations then draws averaged within patient; pooled counts are replicated draw-pixels
40,Drishti_GS,LIN_MT_CONF,11,training_like,teacher,25,100,100,0.03880900961304885,25,0.1556443926692009,25,0.8547669813368056,25,-8.096119956970215,25,8.285756378173827,25,-3.732825539112091,25,-2.851246881484985,25,4.930426468849182,25,6.490583385467529,25,7.380367135238648,25,2.0115842109918596,25,15.138834075927734,25,8.71430365562439,25,9.969573612213134,25,10.851399917602539,25,11.511926593780517,25,13.301317743301402,25,0.00023591876029968261,25,12.28881175994873,25,7.100765876770019,25,8.89596176147461,25,9.875497522354125,25,10.48851718902588,25,11.30214193534851,25,0.08263496577695303,25,126040.52,25,0.46266688346862794,25,0.9999923372268676,25,0.9984150683879852,25,0.999796028137207,25,0.9999227392673492,25,0.9999575281143188,25,0.9999806780815125,25,147456.0,25,14745600.0,0.8177854657173157,25,6316.16,25,null permutations then draws averaged within patient; pooled counts are replicated draw-pixels
60,Drishti_GS,LIN_MT_CONF,11,posterior_mean_clean,student,25,25,25,0.039992946705953936,25,0.18073171868920326,25,0.8885763888888889,25,-9.767023868560791,25,8.528437423706055,25,-4.0773949670791625,25,-3.242051434516907,25,5.470216312408447,25,6.737434568405152,25,7.486033473968507,25,2.6740653347969054,25,17.046522674560546,25,9.609828977584838,25,10.512187938690186,25,11.265241651535034,25,11.837537841796875,25,14.68275008010865,25,0.00026880621910095213,25,13.200656280517578,25,7.9215334701538085,25,9.604570960998535,25,10.550098276138305,25,11.132360858917236,25,11.97369124412537,25,0.08413473005910226,25,131025.92,25,0.46296155333518985,25,0.9999964141845703,25,0.9993609416484833,25,0.9998955678939819,25,0.9999570941925049,25,0.9999747323989868,25,0.9999897284507752,25,147456.0,25,3686400.0,0.8507838916778564,25,6011.96,25,null permutations then draws averaged within patient; pooled counts are replicated draw-pixels
60,Drishti_GS,LIN_MT_CONF,11,posterior_mean_clean,teacher,25,25,25,0.0396065569780007,25,0.17433956503868103,25,0.8846983506944445,25,-9.488964443206788,25,8.441414222717285,25,-4.046020143032074,25,-3.1395980405807493,25,5.413916535377503,25,6.683612113952637,25,7.456892425537111,25,2.8408068442344665,25,16.623668365478515,25,9.522096929550171,25,10.425458507537842,25,11.188485631942749,25,11.775253982543946,25,14.428051738739022,25,0.000247802734375,25,13.013288154602051,25,7.770544953346253,25,9.431706085205079,25,10.42137619972229,25,11.039204483032227,25,11.855182155609135,25,0.08321991917079517,25,130454.08,25,0.4708762991428375,25,0.9999959278106689,25,0.9992813301086426,25,0.999878888130188,25,0.9999521827697754,25,0.9999724388122558,25,0.9999885580539702,25,147456.0,25,3686400.0,0.8473009920120239,25,6123.16,25,null permutations then draws averaged within patient; pooled counts are replicated draw-pixels
60,Drishti_GS,LIN_MT_CONF,11,training_like,student,25,100,100,0.04089531298101065,25,0.18491732310503722,25,0.8885999891493056,25,-9.804615712165832,25,8.628498668670654,25,-4.0712223243713375,25,-3.2559176325798034,25,5.52579766869545,25,6.699234093189238,25,7.49801612520218,25,2.335103293508291,25,17.137044563293458,25,9.660474348068238,25,10.500096783638,25,11.225327434539794,25,11.832990245819092,25,14.691049913883216,25,0.0002997207641601562,25,13.359285182952881,25,8.086181004047393,25,9.609231872558594,25,10.476509432792664,25,11.066052565574646,25,12.028089825630191,25,0.08595442006066642,25,131029.4,25,0.4588810431957245,25,0.9999970507621765,25,0.9994487430155278,25,0.9998973602056503,25,0.9999544343352318,25,0.9999736541509628,25,0.9999903879165649,25,147456.0,25,14745600.0,0.853322879076004,25,6125.41,25,null permutations then draws averaged within patient; pooled counts are replicated draw-pixels
60,Drishti_GS,LIN_MT_CONF,11,training_like,teacher,25,100,100,0.0396065569780007,25,0.17433956503868103,25,0.8846983506944445,25,-9.488964443206788,25,8.441414222717285,25,-4.046020143032074,25,-3.1395980405807493,25,5.413916535377503,25,6.683612113952637,25,7.456892425537111,25,2.8408068442344665,25,16.623668365478515,25,9.522096929550171,25,10.425458507537842,25,11.188485631942749,25,11.775253982543946,25,14.428051738739022,25,0.000247802734375,25,13.013288154602051,25,7.770544953346253,25,9.431706085205079,25,10.42137619972229,25,11.039204483032227,25,11.855182155609135,25,0.08321991917079517,25,130454.08,25,0.4708762991428375,25,0.9999959278106689,25,0.9992813301086426,25,0.999878888130188,25,0.9999521827697754,25,0.9999724388122558,25,0.9999885580539702,25,147456.0,25,14745600.0,0.8473009920120239,25,6123.16,25,null permutations then draws averaged within patient; pooled counts are replicated draw-pixels
80,Drishti_GS,LIN_MT_CONF,11,posterior_mean_clean,student,25,25,25,0.04337586855418017,25,0.21565796092152595,25,0.90557373046875,25,-10.565336627960205,25,9.000963172912599,25,-4.136763072013855,25,-3.40108473777771,25,5.673007564544678,25,6.782939750671386,25,7.532680320739746,25,3.295965938568115,25,18.677281112670897,25,9.850525827407838,25,10.636891212463379,25,11.307782125473022,25,11.877070121765136,25,15.735528047561658,25,0.0004894161224365235,25,13.941238098144531,25,8.275899577140809,25,9.82174934387207,25,10.712550401687622,25,11.28800199508667,25,12.425919065475465,25,0.09047742526169003,25,133532.28,25,0.48174652695655823,25,0.9999977779388428,25,0.9995799112319946,25,0.9999133563041687,25,0.9999618971347809,25,0.9999774026870728,25,0.9999927923679351,25,147456.0,25,3686400.0,0.8789432597160339,25,6568.48,25,null permutations then draws averaged within patient; pooled counts are replicated draw-pixels
80,Drishti_GS,LIN_MT_CONF,11,posterior_mean_clean,teacher,25,25,25,0.04185531368011855,25,0.20458853900432586,25,0.9038755967881943,25,-10.388122673034667,25,8.862391338348388,25,-4.133417725563049,25,-3.3743132829666136,25,5.640141253471374,25,6.777314722061158,25,7.52822261619568,25,3.161166521310806,25,18.297213439941405,25,9.819918069839478,25,10.624541015625,25,11.308244171142578,25,11.875209312438965,25,15.508835697174083,25,0.0004142880439758301,25,13.790834617614745,25,8.228142509460449,25,9.784926013946533,25,10.678573751449585,25,11.267821903228759,25,12.359519018173222,25,0.08764290805574529,25,133281.88,25,0.4765586793422699,25,0.999997525215149,25,0.9995577776432037,25,0.999911413192749,25,0.9999612045288085,25,0.9999772500991821,25,0.999992561340332,25,147456.0,25,3686400.0,0.8727973103523254,25,6315.16,25,null permutations then draws averaged within patient; pooled counts are replicated draw-pixels
80,Drishti_GS,LIN_MT_CONF,11,training_like,student,25,100,100,0.043819218195579504,25,0.21755716122686863,25,0.9068511284722222,25,-10.605223970413208,25,8.983552389144897,25,-4.130747911334038,25,-3.404186267852783,25,5.7160218453407285,25,6.7578824300766,25,7.535132853984833,25,3.190565825998783,25,18.658928356170655,25,9.884533832073211,25,10.623971028327942,25,11.280336804389954,25,11.87017889022827,25,15.715213448047653,25,0.00038242638111114503,25,14.052375278472901,25,8.423030396699906,25,9.810960240364075,25,10.651032526493072,25,11.222865791320801,25,12.433381234169012,25,0.09143430517464057,25,133720.64,25,0.4833014589548111,25,0.9999979937076569,25,0.9996426564455032,25,0.9999130564928055,25,0.9999598172307015,25,0.9999762970209122,25,0.9999930511713028,25,147456.0,25,14745600.0,0.8807491099834442,25,6639.97,25,null permutations then draws averaged within patient; pooled counts are replicated draw-pixels
80,Drishti_GS,LIN_MT_CONF,11,training_like,teacher,25,100,100,0.04185531368011855,25,0.20458853900432586,25,0.9038755967881943,25,-10.388122673034667,25,8.862391338348388,25,-4.133417725563049,25,-3.3743132829666136,25,5.640141253471374,25,6.777314722061158,25,7.52822261619568,25,3.161166521310806,25,18.297213439941405,25,9.819918069839478,25,10.624541015625,25,11.308244171142578,25,11.875209312438965,25,15.508835697174083,25,0.0004142880439758301,25,13.790834617614745,25,8.228142509460449,25,9.784926013946533,25,10.678573751449585,25,11.267821903228759,25,12.359519018173222,25,0.08764290805574529,25,133281.88,25,0.4765586793422699,25,0.999997525215149,25,0.9995577776432037,25,0.999911413192749,25,0.9999612045288085,25,0.9999772500991821,25,0.999992561340332,25,147456.0,25,14745600.0,0.8727973103523254,25,6315.16,25,null permutations then draws averaged within patient; pooled counts are replicated draw-pixels
100,Drishti_GS,LIN_MT_CONF,11,posterior_mean_clean,student,25,25,25,0.04649823319251785,25,0.2527348417043686,25,0.9179744466145834,25,-11.119536399841309,25,9.482437934875488,25,-4.095174512863159,25,-3.485694532394409,25,5.714501566886902,25,6.735942832946778,25,7.522531621170044,25,2.9841688144207,25,19.96103988647461,25,9.771008224487305,25,10.536957416534424,25,11.202202844619752,25,11.81935676574707,25,16.699139732360855,25,0.00046901464462280275,25,14.550058517456055,25,8.571641874313354,25,9.864446430206298,25,10.722363090515136,25,11.279027767181397,25,12.62213614845277,25,0.09598759520853357,25,135360.84,25,0.47459679007530214,25,0.9999981784820556,25,0.9996974551677704,25,0.9999128317832947,25,0.9999598932266235,25,0.999975996017456,25,0.9999940702915191,25,147456.0,25,3686400.0,0.8935976505279541,25,6715.56,25,null permutations then draws averaged within patient; pooled counts are replicated draw-pixels
100,Drishti_GS,LIN_MT_CONF,11,posterior_mean_clean,teacher,25,25,25,0.045864782497511546,25,0.24635656476020812,25,0.91666015625,25,-11.051051330566406,25,9.406560401916504,25,-4.096205232143402,25,-3.4807633686065675,25,5.7050187253952025,25,6.739752101898193,25,7.514282139205933,25,3.022143223285675,25,19.792355880737304,25,9.770407047271728,25,10.539671516418457,25,11.204473381042481,25,11.813133926391602,25,16.583446037292493,25,0.0004021573066711426,25,14.442402687072754,25,8.546129779815674,25,9.859937953948975,25,10.72586431503296,25,11.27730707168579,25,12.59108600616456,25,0.09489439030428594,25,135167.04,25,0.4773061192035675,25,0.9999980783462524,25,0.9996890783309936,25,0.9999126410484314,25,0.9999600899219513,25,0.9999759912490844,25,0.9999939107894897,25,147456.0,25,3686400.0,0.8923047780990601,25,6662.56,25,null permutations then draws averaged within patient; pooled counts are replicated draw-pixels
100,Drishti_GS,LIN_MT_CONF,11,training_like,student,25,100,100,0.04557770445531788,25,0.24765304569154978,25,0.9194052463107638,25,-11.149769401550293,25,9.444141693115235,25,-4.08923080444336,25,-3.4921311378479003,25,5.759126843214035,25,6.7085034794807425,25,7.534909039592744,25,2.9314638198912144,25,19.844235439300537,25,9.809933459758758,25,10.51946005821228,25,11.185768024921417,25,11.833541378974914,25,16.63433542823793,25,0.0004947860538959503,25,14.553348121643067,25,8.702068834304809,25,9.849386467933655,25,10.662494666576386,25,11.246354746818543,25,12.611598092079168,25,0.09448354415565412,25,135571.82,25,0.4745757585763931,25,0.9999982666969299,25,0.9997360442578792,25,0.9999123376607895,25,0.9999578535556793,25,0.9999753385782242,25,0.999994052529335,25,147456.0,25,14745600.0,0.8937916272878647,25,6575.92,25,null permutations then draws averaged within patient; pooled counts are replicated draw-pixels
100,Drishti_GS,LIN_MT_CONF,11,training_like,teacher,25,100,100,0.045864782497511546,25,0.24635656476020812,25,0.91666015625,25,-11.051051330566406,25,9.406560401916504,25,-4.096205232143402,25,-3.4807633686065675,25,5.7050187253952025,25,6.739752101898193,25,7.514282139205933,25,3.022143223285675,25,19.792355880737304,25,9.770407047271728,25,10.539671516418457,25,11.204473381042481,25,11.813133926391602,25,16.583446037292493,25,0.0004021573066711426,25,14.442402687072754,25,8.546129779815674,25,9.859937953948975,25,10.72586431503296,25,11.27730707168579,25,12.59108600616456,25,0.09489439030428594,25,135167.04,25,0.4773061192035675,25,0.9999980783462524,25,0.9996890783309936,25,0.9999126410484314,25,0.9999600899219513,25,0.9999759912490844,25,0.9999939107894897,25,147456.0,25,14745600.0,0.8923047780990601,25,6662.56,25,null permutations then draws averaged within patient; pooled counts are replicated draw-pixels
20,Drishti_GS,LIN_MT_PAS,11,posterior_mean_clean,student,25,25,25,0.04914262545038784,25,0.18426068544387816,25,0.820336642795139,25,-7.062013206481933,25,7.346179046630859,25,-3.284135901927948,25,-2.5601421880722044,25,4.373449938297272,25,6.0257334098815925,25,6.720826660346985,25,0.9901366147398949,25,12.831135025024414,25,7.834173355102539,25,9.106660099029542,25,9.844995155334473,25,10.369172096252441,25,11.474153993606569,25,0.0001256650686264038,25,10.764477729797363,25,6.120065348148346,25,8.28614086151123,25,9.059895372390747,25,9.518805294036865,25,10.126163667678833,25,0.09991201922035518,25,120963.56,25,0.4171437358856201,25,0.9999668216705322,25,0.9958262711763382,25,0.9996015787124634,25,0.9998198819160461,25,0.9998860955238342,25,0.9999373457431793,25,147456.0,25,3686400.0,0.79941397190094,25,8070.84,25,null permutations then draws averaged within patient; pooled counts are replicated draw-pixels
20,Drishti_GS,LIN_MT_PAS,11,posterior_mean_clean,teacher,25,25,25,0.03851398982677589,25,0.1385530173778534,25,0.7942721896701389,25,-5.9727781295776365,25,6.870303287506103,25,-3.0146030616760253,25,-2.3254485082626344,25,4.178995261192322,25,5.735662525177002,25,6.3165184764862055,25,1.4604727149009704,25,11.340694389343263,25,7.311124200820923,25,8.501341676712036,25,9.244943370819092,25,9.68009262084961,25,10.327867824554449,25,0.00014472484588623046,25,9.970444946289062,25,5.671110315322876,25,7.751902647018433,25,8.524505443572998,25,8.934049453735351,25,9.44224423789978,25,0.08011684752399681,25,117120.2,25,0.44460728764533997,25,0.9999249935150146,25,0.9941172409057617,25,0.9993138790130616,25,0.9996917843818665,25,0.9997959327697754,25,0.9998748276233672,25,147456.0,25,3686400.0,0.7590288066864014,25,6447.96,25,null permutations then draws averaged within patient; pooled counts are replicated draw-pixels
20,Drishti_GS,LIN_MT_PAS,11,training_like,student,25,100,100,0.050261668374813676,25,0.18806016631424427,25,0.8253888617621528,25,-7.150545878410339,25,7.474396319389343,25,-3.2887294089794157,25,-2.54854421377182,25,4.429942808747292,25,5.988947884082794,25,6.734116771984102,25,0.8261421997845173,25,13.01171869277954,25,7.8785917437076565,25,9.055613145828247,25,9.801647434234619,25,10.3391814661026,25,11.520771921634678,25,0.00016650393605232238,25,10.936134138107299,25,6.211102111935616,25,8.219088203907013,25,9.014779222011565,25,9.511107115745544,25,10.188050729274751,25,0.10172618435828791,25,121708.54,25,0.41073023349046706,25,0.9999719619750976,25,0.9963934494554997,25,0.9995792311429977,25,0.9998124265670776,25,0.9998855584859848,25,0.9999405661225319,25,147456.0,25,14745600.0,0.80168576836586,25,8215.81,25,null permutations then draws averaged within patient; pooled counts are replicated draw-pixels
20,Drishti_GS,LIN_MT_PAS,11,training_like,teacher,25,100,100,0.03851398982677589,25,0.1385530173778534,25,0.7942721896701389,25,-5.9727781295776365,25,6.870303287506103,25,-3.0146030616760253,25,-2.3254485082626344,25,4.178995261192322,25,5.735662525177002,25,6.3165184764862055,25,1.4604727149009704,25,11.340694389343263,25,7.311124200820923,25,8.501341676712036,25,9.244943370819092,25,9.68009262084961,25,10.327867824554449,25,0.00014472484588623046,25,9.970444946289062,25,5.671110315322876,25,7.751902647018433,25,8.524505443572998,25,8.934049453735351,25,9.44224423789978,25,0.08011684752399681,25,117120.2,25,0.44460728764533997,25,0.9999249935150146,25,0.9941172409057617,25,0.9993138790130616,25,0.9996917843818665,25,0.9997959327697754,25,0.9998748276233672,25,147456.0,25,14745600.0,0.7590288066864014,25,6447.96,25,null permutations then draws averaged within patient; pooled counts are replicated draw-pixels
40,Drishti_GS,LIN_MT_PAS,11,posterior_mean_clean,student,25,25,25,0.04165464576403287,25,0.17193021297454833,25,0.8599682617187498,25,-8.311491088867188,25,8.35734088897705,25,-3.845822072029114,25,-2.8822228288650513,25,4.950673804283142,25,6.612844402313232,25,7.542613461685181,25,2.1539570075273513,25,15.183648643493653,25,8.797697563171386,25,10.110406818389892,25,11.122732553482056,25,11.8126145362854,25,13.520304380416876,25,0.0002726888656616211,25,12.570949821472167,25,7.132364013195038,25,8.972855548858643,25,10.15826732635498,25,10.86400629043579,25,11.645266641616825,25,0.08781291249514794,25,126807.48,25,0.4670781147480011,25,0.9999937915802002,25,0.9977950131893158,25,0.99981360912323,25,0.9999408495426177,25,0.9999699449539184,25,0.9999859306812285,25,147456.0,25,3686400.0,0.8273199462890625,25,6839.88,25,null permutations then draws averaged within patient; pooled counts are replicated draw-pixels
40,Drishti_GS,LIN_MT_PAS,11,posterior_mean_clean,teacher,25,25,25,0.038385092143475456,25,0.1530437833070755,25,0.8526630316840277,25,-8.051229362487794,25,8.391113758087158,25,-3.748337006568909,25,-2.8616557502746582,25,4.956924402713776,25,6.518527669906616,25,7.458210487556458,25,1.9611945366859436,25,15.243019676208496,25,8.742913603782654,25,10.017674160003661,25,10.901856441497802,25,11.531160259246827,25,13.411179178237923,25,0.0002189839631319046,25,12.403246574401855,25,7.115837254524231,25,8.938527088165284,25,9.917681274414063,25,10.52041534423828,25,11.41778793716431,25,0.0818385926346941,25,125730.28,25,0.45949561953544615,25,0.9999930620193481,25,0.9983745926618576,25,0.9998037385940551,25,0.9999261379241944,25,0.9999593758583069,25,0.9999822235107422,25,147456.0,25,3686400.0,0.81326256275177,25,6273.0,25,null permutations then draws averaged within patient; pooled counts are replicated draw-pixels
40,Drishti_GS,LIN_MT_PAS,11,training_like,student,25,100,100,0.04281909347731319,25,0.1771638648584485,25,0.85893798828125,25,-8.391238017082214,25,8.52513648033142,25,-3.8455615055561068,25,-2.8956113767623903,25,4.993106615543366,25,6.575758058547973,25,7.560012723207475,25,1.6456589315831662,25,15.341085681915283,25,8.852082324028014,25,10.07823875427246,25,11.086598641872406,25,11.816155371665955,25,13.555287090301523,25,0.00025407299399375914,25,12.779189920425415,25,7.235167973041534,25,8.953641448020935,25,10.092324213981628,25,10.838677611351013,25,11.712070230484011,25,0.09002345408021227,25,126655.56,25,0.4598990944027901,25,0.9999950861930847,25,0.9980233938992024,25,0.999812422990799,25,0.999937678873539,25,0.999969808459282,25,0.999987115740776,25,147456.0,25,14745600.0,0.8292890918254853,25,7015.99,25,null permutations then draws averaged within patient; pooled counts are replicated draw-pixels
40,Drishti_GS,LIN_MT_PAS,11,training_like,teacher,25,100,100,0.038385092143475456,25,0.1530437833070755,25,0.8526630316840277,25,-8.051229362487794,25,8.391113758087158,25,-3.748337006568909,25,-2.8616557502746582,25,4.956924402713776,25,6.518527669906616,25,7.458210487556458,25,1.9611945366859436,25,15.243019676208496,25,8.742913603782654,25,10.017674160003661,25,10.901856441497802,25,11.531160259246827,25,13.411179178237923,25,0.0002189839631319046,25,12.403246574401855,25,7.115837254524231,25,8.938527088165284,25,9.917681274414063,25,10.52041534423828,25,11.41778793716431,25,0.0818385926346941,25,125730.28,25,0.45949561953544615,25,0.9999930620193481,25,0.9983745926618576,25,0.9998037385940551,25,0.9999261379241944,25,0.9999593758583069,25,0.9999822235107422,25,147456.0,25,14745600.0,0.81326256275177,25,6273.0,25,null permutations then draws averaged within patient; pooled counts are replicated draw-pixels
60,Drishti_GS,LIN_MT_PAS,11,posterior_mean_clean,student,25,25,25,0.04276005957046032,25,0.19863458290696145,25,0.8838981119791667,25,-9.952350387573242,25,8.705500392913818,25,-4.105506966114044,25,-3.15237594127655,25,5.376670913696289,25,6.753856466293335,25,7.546031608772279,25,2.3924377250671385,25,17.49130443572998,25,9.54868278503418,25,10.537191162109375,25,11.31324927330017,25,11.902551593780517,25,14.95289054107667,25,0.00027381837368011474,25,13.756531829833984,25,7.74196985244751,25,9.500015296936034,25,10.542992744445801,25,11.182089252471924,25,12.299907619476322,25,0.09006260702925799,25,130336.08,25,0.46265793085098267,25,0.9999975061416626,25,0.9992274898290634,25,0.9998875832557679,25,0.9999581289291382,25,0.9999761295318603,25,0.9999924342632295,25,147456.0,25,3686400.0,0.8556185245513916,25,6500.24,25,null permutations then draws averaged within patient; pooled counts are replicated draw-pixels
60,Drishti_GS,LIN_MT_PAS,11,posterior_mean_clean,teacher,25,25,25,0.04040534606898695,25,0.18113920971751213,25,0.8812695312499998,25,-9.62720588684082,25,8.553561038970948,25,-4.065555441379547,25,-3.0942615461349487,25,5.373143997192383,25,6.71173546218872,25,7.471584713935853,25,2.612698481082916,25,16.87604049682617,25,9.503350811004639,25,10.476250953674317,25,11.245364713668824,25,11.810079917907714,25,14.562229642868049,25,0.00019716262817382813,25,13.36061710357666,25,7.708012042045593,25,9.394166011810302,25,10.424109020233153,25,11.037560081481933,25,12.005460201263432,25,0.08536515918309501,25,129948.48,25,0.46660892486572264,25,0.9999964904785156,25,0.999222446680069,25,0.9998773908615113,25,0.9999533855915069,25,0.9999728822708129,25,0.9999900484085082,25,147456.0,25,3686400.0,0.8474247789382935,25,6145.88,25,null permutations then draws averaged within patient; pooled counts are replicated draw-pixels
60,Drishti_GS,LIN_MT_PAS,11,training_like,student,25,100,100,0.04407324479043786,25,0.20354309920221567,25,0.8835928005642362,25,-9.981600437164307,25,8.821327662467956,25,-4.106744774580002,25,-3.16259353518486,25,5.456523541212082,25,6.701013469219208,25,7.566750725650788,25,2.1541474729776384,25,17.564169883728027,25,9.627677862644196,25,10.522065143585206,25,11.264227294921875,25,11.896940398216248,25,14.94236952638627,25,0.0003039804100990295,25,13.98048683166504,25,7.9170357346534725,25,9.491452803611756,25,10.437456674575806,25,11.119776210784913,25,12.375061781883243,25,0.09228196331183904,25,130291.06,25,0.4580493384599686,25,0.9999980568885803,25,0.9993508669734001,25,0.9998892682790756,25,0.9999542573094368,25,0.9999750804901123,25,0.9999931138157845,25,147456.0,25,14745600.0,0.8577659487724304,25,6659.94,25,null permutations then draws averaged within patient; pooled counts are replicated draw-pixels
60,Drishti_GS,LIN_MT_PAS,11,training_like,teacher,25,100,100,0.04040534606898695,25,0.18113920971751213,25,0.8812695312499998,25,-9.62720588684082,25,8.553561038970948,25,-4.065555441379547,25,-3.0942615461349487,25,5.373143997192383,25,6.71173546218872,25,7.471584713935853,25,2.612698481082916,25,16.87604049682617,25,9.503350811004639,25,10.476250953674317,25,11.245364713668824,25,11.810079917907714,25,14.562229642868049,25,0.00019716262817382813,25,13.36061710357666,25,7.708012042045593,25,9.394166011810302,25,10.424109020233153,25,11.037560081481933,25,12.005460201263432,25,0.08536515918309501,25,129948.48,25,0.46660892486572264,25,0.9999964904785156,25,0.999222446680069,25,0.9998773908615113,25,0.9999533855915069,25,0.9999728822708129,25,0.9999900484085082,25,147456.0,25,14745600.0,0.8474247789382935,25,6145.88,25,null permutations then draws averaged within patient; pooled counts are replicated draw-pixels
80,Drishti_GS,LIN_MT_PAS,11,posterior_mean_clean,student,25,25,25,0.04472015193819567,25,0.2271154184639454,25,0.9053361002604167,25,-10.616406326293946,25,8.968227310180664,25,-4.164151532649994,25,-3.3485210227966307,25,5.637071561813355,25,6.794946014404298,25,7.596074277305605,25,3.1186758887767794,25,18.729496994018554,25,9.805261640548705,25,10.642362499237061,25,11.34863076210022,25,11.943318138122558,25,15.890947805404675,25,0.00036182403564453123,25,14.353671760559083,25,8.179532065391541,25,9.787954425811767,25,10.73921453475952,25,11.394358768463135,25,12.701988941192633,25,0.09356911709709408,25,133497.24,25,0.4804576790332794,25,0.999998254776001,25,0.9994244742393493,25,0.9999119734764099,25,0.9999624121189118,25,0.9999785041809082,25,0.9999944543838502,25,147456.0,25,3686400.0,0.8807248473167419,25,6701.44,25,null permutations then draws averaged within patient; pooled counts are replicated draw-pixels
80,Drishti_GS,LIN_MT_PAS,11,posterior_mean_clean,teacher,25,25,25,0.04340305046011053,25,0.21982020556926726,25,0.9038774956597223,25,-10.556603164672852,25,8.905897102355958,25,-4.146507489681244,25,-3.3151200151443483,25,5.59945396900177,25,6.762522262573242,25,7.580537546157838,25,2.9469893622398375,25,18.573618431091308,25,9.761461133956908,25,10.591910667419434,25,11.297264337539673,25,11.890631942749023,25,15.73462545013429,25,0.0004539060592651367,25,14.289015426635743,25,8.148628444671631,25,9.718879585266114,25,10.658961162567138,25,11.336572284698486,25,12.688213001251231,25,0.09153234148724898,25,133282.16,25,0.4773703420162201,25,0.9999982118606567,25,0.9994744151830673,25,0.9999066376686097,25,0.9999601793289185,25,0.9999773931503296,25,0.9999943542480468,25,147456.0,25,3686400.0,0.876698932647705,25,6433.6,25,null permutations then draws averaged within patient; pooled counts are replicated draw-pixels
80,Drishti_GS,LIN_MT_PAS,11,training_like,student,25,100,100,0.04496389345121215,25,0.22711625307798386,25,0.9063818359374999,25,-10.63851586341858,25,9.081163868904113,25,-4.148700268268585,25,-3.373959929943085,25,5.707485134601593,25,6.760627555847168,25,7.558843393898011,25,2.9627166175842286,25,18.750920515060425,25,9.88334983587265,25,10.63323444366455,25,11.29545624256134,25,11.887965536117553,25,15.835946959018719,25,0.00044026196002960204,25,14.5472008228302,25,8.38926720738411,25,9.811755023002625,25,10.651873874664307,25,11.262410564422607,25,12.687752610683448,25,0.09367993256141081,25,133651.44,25,0.4771863842010498,25,0.999998596906662,25,0.9995318448543549,25,0.999914008975029,25,0.999959853887558,25,0.9999763280153274,25,0.9999943875074386,25,147456.0,25,14745600.0,0.8817764902114869,25,6681.51,25,null permutations then draws averaged within patient; pooled counts are replicated draw-pixels
80,Drishti_GS,LIN_MT_PAS,11,training_like,teacher,25,100,100,0.04340305046011053,25,0.21982020556926726,25,0.9038774956597223,25,-10.556603164672852,25,8.905897102355958,25,-4.146507489681244,25,-3.3151200151443483,25,5.59945396900177,25,6.762522262573242,25,7.580537546157838,25,2.9469893622398375,25,18.573618431091308,25,9.761461133956908,25,10.591910667419434,25,11.297264337539673,25,11.890631942749023,25,15.73462545013429,25,0.0004539060592651367,25,14.289015426635743,25,8.148628444671631,25,9.718879585266114,25,10.658961162567138,25,11.336572284698486,25,12.688213001251231,25,0.09153234148724898,25,133282.16,25,0.4773703420162201,25,0.9999982118606567,25,0.9994744151830673,25,0.9999066376686097,25,0.9999601793289185,25,0.9999773931503296,25,0.9999943542480468,25,147456.0,25,14745600.0,0.876698932647705,25,6433.6,25,null permutations then draws averaged within patient; pooled counts are replicated draw-pixels
100,Drishti_GS,LIN_MT_PAS,11,posterior_mean_clean,student,25,25,25,0.048403983772514036,25,0.26533850982785223,25,0.9172276475694445,25,-11.122869873046875,25,9.395715026855468,25,-4.135542781352997,25,-3.4454442119598387,25,5.697147660255432,25,6.762036512374878,25,7.687023825836183,25,2.9776178121566774,25,19.912796897888185,25,9.797520742416381,25,10.571515998840333,25,11.341552639007569,25,12.056034965515137,25,16.62900758934023,25,0.00046675920486450196,25,14.961021614074706,25,8.3987846660614,25,9.860638580322266,25,10.763760080337525,25,11.450537242889403,25,12.984721647262582,25,0.09998091756672872,25,135250.72,25,0.4819859313964844,25,0.9999989175796509,25,0.9996136891841888,25,0.9999141883850098,25,0.9999621057510376,25,0.9999796915054321,25,0.999995543718338,25,147456.0,25,3686400.0,0.899859631061554,25,6894.28,25,null permutations then draws averaged within patient; pooled counts are replicated draw-pixels
100,Drishti_GS,LIN_MT_PAS,11,posterior_mean_clean,teacher,25,25,25,0.047812228945824445,25,0.2593108509480953,25,0.9155585394965279,25,-11.066205253601074,25,9.343576812744141,25,-4.135997564792633,25,-3.434767475128174,25,5.684326958656311,25,6.76155903816223,25,7.679400136566163,25,2.941048413515091,25,19.763512954711913,25,9.788148880004883,25,10.568211536407471,25,11.334854879379272,25,12.040488395690918,25,16.54049197578432,25,0.00047262191772460936,25,14.882705039978028,25,8.37241228580475,25,9.845943145751953,25,10.761419982910157,25,11.45064691543579,25,12.964993768692018,25,0.09885676666211712,25,135004.6,25,0.4811763024330139,25,0.9999988508224488,25,0.9996003723144531,25,0.9999131202697754,25,0.9999620151519776,25,0.9999795722961425,25,0.9999954578876494,25,147456.0,25,3686400.0,0.8972245335578919,25,6840.72,25,null permutations then draws averaged within patient; pooled counts are replicated draw-pixels
100,Drishti_GS,LIN_MT_PAS,11,training_like,student,25,100,100,0.0481285432295105,25,0.2619306715577841,25,0.9168502468532986,25,-11.116576671600342,25,9.448948345184327,25,-4.127497365474701,25,-3.4690763461589813,25,5.754256811141968,25,6.72970082473755,25,7.643138598203661,25,2.711485557258129,25,19.793670749664308,25,9.866484549045563,25,10.578685941696166,25,11.265046303272248,25,11.968435649871827,25,16.512736070156112,25,0.0004984727874398231,25,15.10180669784546,25,8.573358649015427,25,9.890565509796142,25,10.692128791809083,25,11.346395235061646,25,12.978120915889747,25,0.099306895205924,25,135195.07,25,0.4748563611507416,25,0.9999991381168365,25,0.9996809622645378,25,0.9999170213937759,25,0.9999596086144448,25,0.9999776816368103,25,0.999995596408844,25,147456.0,25,14745600.0,0.8970415824651718,25,6844.36,25,null permutations then draws averaged within patient; pooled counts are replicated draw-pixels
100,Drishti_GS,LIN_MT_PAS,11,training_like,teacher,25,100,100,0.047812228945824445,25,0.2593108509480953,25,0.9155585394965279,25,-11.066205253601074,25,9.343576812744141,25,-4.135997564792633,25,-3.434767475128174,25,5.684326958656311,25,6.76155903816223,25,7.679400136566163,25,2.941048413515091,25,19.763512954711913,25,9.788148880004883,25,10.568211536407471,25,11.334854879379272,25,12.040488395690918,25,16.54049197578432,25,0.00047262191772460936,25,14.882705039978028,25,8.37241228580475,25,9.845943145751953,25,10.761419982910157,25,11.45064691543579,25,12.964993768692018,25,0.09885676666211712,25,135004.6,25,0.4811763024330139,25,0.9999988508224488,25,0.9996003723144531,25,0.9999131202697754,25,0.9999620151519776,25,0.9999795722961425,25,0.9999954578876494,25,147456.0,25,14745600.0,0.8972245335578919,25,6840.72,25,null permutations then draws averaged within patient; pooled counts are replicated draw-pixels
20,Drishti_GS,LIN_SUP,11,posterior_mean_clean,student,25,25,25,0.04914262545038784,25,0.18426068544387816,25,0.820336642795139,25,-7.062013206481933,25,7.346179046630859,25,-3.284135901927948,25,-2.5601421880722044,25,4.373449938297272,25,6.0257334098815925,25,6.720826660346985,25,0.9901366147398949,25,12.831135025024414,25,7.834173355102539,25,9.106660099029542,25,9.844995155334473,25,10.369172096252441,25,11.474153993606569,25,0.0001256650686264038,25,10.764477729797363,25,6.120065348148346,25,8.28614086151123,25,9.059895372390747,25,9.518805294036865,25,10.126163667678833,25,0.09991201922035518,25,120963.56,25,0.4171437358856201,25,0.9999668216705322,25,0.9958262711763382,25,0.9996015787124634,25,0.9998198819160461,25,0.9998860955238342,25,0.9999373457431793,25,147456.0,25,3686400.0,0.79941397190094,25,8070.84,25,null permutations then draws averaged within patient; pooled counts are replicated draw-pixels
20,Drishti_GS,LIN_SUP,11,posterior_mean_clean,teacher,25,25,25,0.03851398982677589,25,0.1385530173778534,25,0.7942721896701389,25,-5.9727781295776365,25,6.870303287506103,25,-3.0146030616760253,25,-2.3254485082626344,25,4.178995261192322,25,5.735662525177002,25,6.3165184764862055,25,1.4604727149009704,25,11.340694389343263,25,7.311124200820923,25,8.501341676712036,25,9.244943370819092,25,9.68009262084961,25,10.327867824554449,25,0.00014472484588623046,25,9.970444946289062,25,5.671110315322876,25,7.751902647018433,25,8.524505443572998,25,8.934049453735351,25,9.44224423789978,25,0.08011684752399681,25,117120.2,25,0.44460728764533997,25,0.9999249935150146,25,0.9941172409057617,25,0.9993138790130616,25,0.9996917843818665,25,0.9997959327697754,25,0.9998748276233672,25,147456.0,25,3686400.0,0.7590288066864014,25,6447.96,25,null permutations then draws averaged within patient; pooled counts are replicated draw-pixels
20,Drishti_GS,LIN_SUP,11,training_like,student,25,100,100,0.050261668374813676,25,0.18806016631424427,25,0.8253888617621528,25,-7.150545878410339,25,7.474396319389343,25,-3.2887294089794157,25,-2.54854421377182,25,4.429942808747292,25,5.988947884082794,25,6.734116771984102,25,0.8261421997845173,25,13.01171869277954,25,7.8785917437076565,25,9.055613145828247,25,9.801647434234619,25,10.3391814661026,25,11.520771921634678,25,0.00016650393605232238,25,10.936134138107299,25,6.211102111935616,25,8.219088203907013,25,9.014779222011565,25,9.511107115745544,25,10.188050729274751,25,0.10172618435828791,25,121708.54,25,0.41073023349046706,25,0.9999719619750976,25,0.9963934494554997,25,0.9995792311429977,25,0.9998124265670776,25,0.9998855584859848,25,0.9999405661225319,25,147456.0,25,14745600.0,0.80168576836586,25,8215.81,25,null permutations then draws averaged within patient; pooled counts are replicated draw-pixels
20,Drishti_GS,LIN_SUP,11,training_like,teacher,25,100,100,0.03851398982677589,25,0.1385530173778534,25,0.7942721896701389,25,-5.9727781295776365,25,6.870303287506103,25,-3.0146030616760253,25,-2.3254485082626344,25,4.178995261192322,25,5.735662525177002,25,6.3165184764862055,25,1.4604727149009704,25,11.340694389343263,25,7.311124200820923,25,8.501341676712036,25,9.244943370819092,25,9.68009262084961,25,10.327867824554449,25,0.00014472484588623046,25,9.970444946289062,25,5.671110315322876,25,7.751902647018433,25,8.524505443572998,25,8.934049453735351,25,9.44224423789978,25,0.08011684752399681,25,117120.2,25,0.44460728764533997,25,0.9999249935150146,25,0.9941172409057617,25,0.9993138790130616,25,0.9996917843818665,25,0.9997959327697754,25,0.9998748276233672,25,147456.0,25,14745600.0,0.7590288066864014,25,6447.96,25,null permutations then draws averaged within patient; pooled counts are replicated draw-pixels
40,Drishti_GS,LIN_SUP,11,posterior_mean_clean,student,25,25,25,0.041963430870398756,25,0.17620129153132438,25,0.8591110568576389,25,-8.303773212432862,25,8.384121799468994,25,-3.8379333090782164,25,-2.843593077659607,25,4.93778733253479,25,6.52234956741333,25,7.537935793495179,25,2.221224077343941,25,15.190957412719726,25,8.774608387947083,25,10.001499729156494,25,11.007544240951539,25,11.757332592010497,25,13.449652715682987,25,0.00020296096801757812,25,12.583989753723145,25,7.043129146099091,25,8.844235877990723,25,10.009091806411742,25,10.798795337677001,25,11.686102355957035,25,0.08846284113688294,25,126681.08,25,0.46309563994407654,25,0.9999936151504517,25,0.997547150850296,25,0.9997903180122375,25,0.9999305880069733,25,0.9999673557281494,25,0.9999862146377564,25,147456.0,25,3686400.0,0.8305937099456787,25,6650.2,25,null permutations then draws averaged within patient; pooled counts are replicated draw-pixels
40,Drishti_GS,LIN_SUP,11,posterior_mean_clean,teacher,25,25,25,0.03991624395059868,25,0.16089775845408438,25,0.8559065755208333,25,-8.093836498260497,25,8.272372932434083,25,-3.73044469833374,25,-2.8395496463775634,25,4.925250480175018,25,6.473145309448243,25,7.340606286621093,25,2.0148211085796355,25,15.071871337890625,25,8.714188508987426,25,9.949765129089355,25,10.834008588790894,25,11.482046909332276,25,13.242448125839237,25,0.00031660512089729307,25,12.298814964294433,25,7.086138844490051,25,8.864093494415282,25,9.842682628631591,25,10.464478645324707,25,11.268532609939577,25,0.0844237923166701,25,126208.56,25,0.4622381067276001,25,0.9999922275543213,25,0.998375678062439,25,0.9997901058197022,25,0.9999201834201813,25,0.9999562883377076,25,0.9999802870750427,25,147456.0,25,3686400.0,0.8215736865997314,25,6362.36,25,null permutations then draws averaged within patient; pooled counts are replicated draw-pixels
40,Drishti_GS,LIN_SUP,11,training_like,student,25,100,100,0.04294497594696522,25,0.1804204298555851,25,0.8572884792751736,25,-8.424070897102355,25,8.587142372131348,25,-3.835422389507294,25,-2.857124938964844,25,4.96175078868866,25,6.483690311908722,25,7.571194541215897,25,1.7526736550033093,25,15.361022977828979,25,8.800515875816345,25,9.962071161270142,25,10.985733854770661,25,11.778303790092469,25,13.508397303581246,25,0.0002791621163487434,25,12.850698480606079,25,7.133363140821457,25,8.829279551506042,25,9.946420962810516,25,10.78336365699768,25,11.799874872207646,25,0.09035266882206999,25,126412.33,25,0.4577802735567093,25,0.9999950754642487,25,0.9977464118599891,25,0.9997889840602875,25,0.9999274033308029,25,0.9999677062034606,25,0.9999877523183822,25,147456.0,25,14745600.0,0.8319991636276245,25,6775.59,25,null permutations then draws averaged within patient; pooled counts are replicated draw-pixels
40,Drishti_GS,LIN_SUP,11,training_like,teacher,25,100,100,0.03991624395059868,25,0.16089775845408438,25,0.8559065755208333,25,-8.093836498260497,25,8.272372932434083,25,-3.73044469833374,25,-2.8395496463775634,25,4.925250480175018,25,6.473145309448243,25,7.340606286621093,25,2.0148211085796355,25,15.071871337890625,25,8.714188508987426,25,9.949765129089355,25,10.834008588790894,25,11.482046909332276,25,13.242448125839237,25,0.00031660512089729307,25,12.298814964294433,25,7.086138844490051,25,8.864093494415282,25,9.842682628631591,25,10.464478645324707,25,11.268532609939577,25,0.0844237923166701,25,126208.56,25,0.4622381067276001,25,0.9999922275543213,25,0.998375678062439,25,0.9997901058197022,25,0.9999201834201813,25,0.9999562883377076,25,0.9999802870750427,25,147456.0,25,14745600.0,0.8215736865997314,25,6362.36,25,null permutations then draws averaged within patient; pooled counts are replicated draw-pixels
60,Drishti_GS,LIN_SUP,11,posterior_mean_clean,student,25,25,25,0.03962736696752674,25,0.18670128509402276,25,0.8948643663194444,25,-9.685894298553468,25,8.560285301208497,25,-4.128534531593322,25,-3.1454630041122438,25,5.542106218338013,25,6.714017721176147,25,7.5327609642028825,25,3.0347429025173187,25,17.030538024902345,25,9.730305452346801,25,10.584063930511475,25,11.329349040985107,25,11.917724571228028,25,14.762014707565317,25,0.00031228303909301757,25,13.399749603271484,25,8.006677331924438,25,9.467938308715821,25,10.38538049697876,25,11.022544860839844,25,12.062234024047857,25,0.0838362839576391,25,131953.12,25,0.4749146020412445,25,0.9999972724914551,25,0.9994627666473389,25,0.9998892855644226,25,0.9999537897109986,25,0.9999739789962768,25,0.9999909925460816,25,147456.0,25,3686400.0,0.8585117220878601,25,5626.08,25,null permutations then draws averaged within patient; pooled counts are replicated draw-pixels
60,Drishti_GS,LIN_SUP,11,posterior_mean_clean,teacher,25,25,25,0.04054805245043503,25,0.1811380887031555,25,0.8806605360243056,25,-9.24349328994751,25,8.495003356933594,25,-4.111508047580719,25,-3.056518063545227,25,5.406505880355835,25,6.71802414894104,25,7.550701241302492,25,2.780973470211029,25,16.408013343811035,25,9.597928705215454,25,10.530472221374511,25,11.330121898651123,25,11.93424066543579,25,14.341743213653572,25,0.00031363725662231446,25,13.113403930664063,25,7.737128496170044,25,9.351955299377442,25,10.361222143173217,25,11.034907207489013,25,11.949174486160281,25,0.0853110663193737,25,129858.68,25,0.46982636451721194,25,0.9999966287612915,25,0.999276636838913,25,0.9998767852783204,25,0.9999532270431518,25,0.9999744963645935,25,0.9999896404743194,25,147456.0,25,3686400.0,0.8478706669807434,25,6165.52,25,null permutations then draws averaged within patient; pooled counts are replicated draw-pixels
60,Drishti_GS,LIN_SUP,11,training_like,student,25,100,100,0.04010559190859971,25,0.19009115431457757,25,0.8950779893663194,25,-9.801251769065857,25,8.675245604515077,25,-4.117085772156716,25,-3.1711141586303713,25,5.63710827589035,25,6.648985447406769,25,7.515291773033144,25,2.7466636630892753,25,17.213813915252686,25,9.812595043182373,25,10.558978967666626,25,11.237309577465057,25,11.871504602432251,25,14.816616815090187,25,0.000354742705821991,25,13.579177446365357,25,8.239899588823318,25,9.470477738380431,25,10.257825920581817,25,10.894041142463685,25,12.073332653999335,25,0.0847140836667008,25,131984.62,25,0.47062888979911804,25,0.9999978077411652,25,0.9995758455991745,25,0.9998908215761184,25,0.9999481746554375,25,0.9999710810184479,25,0.999991240799427,25,147456.0,25,14745600.0,0.860249650478363,25,5553.83,25,null permutations then draws averaged within patient; pooled counts are replicated draw-pixels
60,Drishti_GS,LIN_SUP,11,training_like,teacher,25,100,100,0.04054805245043503,25,0.1811380887031555,25,0.8806605360243056,25,-9.24349328994751,25,8.495003356933594,25,-4.111508047580719,25,-3.056518063545227,25,5.406505880355835,25,6.71802414894104,25,7.550701241302492,25,2.780973470211029,25,16.408013343811035,25,9.597928705215454,25,10.530472221374511,25,11.330121898651123,25,11.93424066543579,25,14.341743213653572,25,0.00031363725662231446,25,13.113403930664063,25,7.737128496170044,25,9.351955299377442,25,10.361222143173217,25,11.034907207489013,25,11.949174486160281,25,0.0853110663193737,25,129858.68,25,0.46982636451721194,25,0.9999966287612915,25,0.999276636838913,25,0.9998767852783204,25,0.9999532270431518,25,0.9999744963645935,25,0.9999896404743194,25,147456.0,25,14745600.0,0.8478706669807434,25,6165.52,25,null permutations then draws averaged within patient; pooled counts are replicated draw-pixels
80,Drishti_GS,LIN_SUP,11,posterior_mean_clean,student,25,25,25,0.04362971542170272,25,0.22364379793405534,25,0.9089542643229166,25,-10.60988260269165,25,9.11899024963379,25,-4.1653378748893735,25,-3.290918483734131,25,5.720145473480224,25,6.74354718208313,25,7.658577719497682,25,2.8712671041488647,25,18.75268726348877,25,9.905437097549438,25,10.67103982925415,25,11.344550638198852,25,11.993587646484375,25,15.883191961288462,25,0.000492861270904541,25,14.642079238891602,25,8.383913688659668,25,9.692155570983887,25,10.528758363723755,25,11.245525035858154,25,12.810763128280646,25,0.0908945005032741,25,134030.76,25,0.4667166841030121,25,0.9999985980987549,25,0.9996267652511597,25,0.9999080514907837,25,0.9999580717086792,25,0.9999773216247558,25,0.9999950551986694,25,147456.0,25,3686400.0,0.8769816136360169,25,6417.96,25,null permutations then draws averaged within patient; pooled counts are replicated draw-pixels
80,Drishti_GS,LIN_SUP,11,posterior_mean_clean,teacher,25,25,25,0.04263057054057653,25,0.21544514268636702,25,0.906094021267361,25,-10.445024337768555,25,9.044752464294433,25,-4.165135536193848,25,-3.268546757698059,25,5.684184002876282,25,6.73812225151062,25,7.676950938034058,25,2.8867144274711607,25,18.412768745422362,25,9.883503227233886,25,10.655738830566406,25,11.355178937911987,25,12.014959106445312,25,15.696559261322044,25,0.00045644521713256837,25,14.455877838134766,25,8.324599752426147,25,9.658110084533691,25,10.506699800491333,25,11.223437843322754,25,12.76476511573792,25,0.08890399670060598,25,133609.0,25,0.47183933258056643,25,0.9999986267089844,25,0.9996088409423828,25,0.9999056291580201,25,0.9999576139450074,25,0.9999771499633789,25,0.9999949169158936,25,147456.0,25,3686400.0,0.8730476260185241,25,6175.96,25,null permutations then draws averaged within patient; pooled counts are replicated draw-pixels
80,Drishti_GS,LIN_SUP,11,training_like,student,25,100,100,0.04385620820156368,25,0.22606715392321347,25,0.9079256863064235,25,-10.739552068710328,25,9.31520432472229,25,-4.150349711179733,25,-3.300788964033127,25,5.7930921983718875,25,6.6719623508453365,25,7.695926571416855,25,2.607106873989105,25,18.989480895996095,25,9.961303889751434,25,10.63148027420044,25,11.256623456478119,25,11.98129933834076,25,16.015811439991012,25,0.00031284451484680175,25,14.974962549209595,25,8.595792672634126,25,9.669723992347718,25,10.394927101135254,25,11.128437585830689,25,12.910992297649392,25,0.0918653359397865,25,133879.09,25,0.46477108567953107,25,0.9999990785121917,25,0.9997107115387917,25,0.9999063915014267,25,0.9999527072906494,25,0.9999753510951996,25,0.9999954872727395,25,147456.0,25,14745600.0,0.8771365875005722,25,6382.42,25,null permutations then draws averaged within patient; pooled counts are replicated draw-pixels
80,Drishti_GS,LIN_SUP,11,training_like,teacher,25,100,100,0.04263057054057653,25,0.21544514268636702,25,0.906094021267361,25,-10.445024337768555,25,9.044752464294433,25,-4.165135536193848,25,-3.268546757698059,25,5.684184002876282,25,6.73812225151062,25,7.676950938034058,25,2.8867144274711607,25,18.412768745422362,25,9.883503227233886,25,10.655738830566406,25,11.355178937911987,25,12.014959106445312,25,15.696559261322044,25,0.00045644521713256837,25,14.455877838134766,25,8.324599752426147,25,9.658110084533691,25,10.506699800491333,25,11.223437843322754,25,12.76476511573792,25,0.08890399670060598,25,133609.0,25,0.47183933258056643,25,0.9999986267089844,25,0.9996088409423828,25,0.9999056291580201,25,0.9999576139450074,25,0.9999771499633789,25,0.9999949169158936,25,147456.0,25,14745600.0,0.8730476260185241,25,6175.96,25,null permutations then draws averaged within patient; pooled counts are replicated draw-pixels
100,Drishti_GS,LIN_SUP,11,posterior_mean_clean,student,25,25,25,0.04720957569765839,25,0.2611099416017532,25,0.9216205512152779,25,-11.273590850830079,25,9.570619049072265,25,-4.1084658908844,25,-3.4293412446975706,25,5.781425557136536,25,6.6991156959533695,25,7.678745849418642,25,2.6131164741516115,25,20.067748489379884,25,9.850670623779298,25,10.561452980041503,25,11.21823028564453,25,11.953519821166992,25,16.724775531768813,25,0.00028262779116630557,25,15.34687156677246,25,8.690170636177063,25,9.80401294708252,25,10.587210931777953,25,11.310698928833007,25,13.094604019165041,25,0.09684797172747306,25,135898.48,25,0.46112010955810545,25,0.9999991035461426,25,0.999743287563324,25,0.9999118375778199,25,0.999957013130188,25,0.9999771595001221,25,0.9999958419799805,25,147456.0,25,3686400.0,0.893485312461853,25,6579.08,25,null permutations then draws averaged within patient; pooled counts are replicated draw-pixels
100,Drishti_GS,LIN_SUP,11,posterior_mean_clean,teacher,25,25,25,0.04657598156713195,25,0.25492768302559854,25,0.9200032552083333,25,-11.205812435150147,25,9.523629684448242,25,-4.1120939803123475,25,-3.415927610397339,25,5.771949067115783,25,6.700847732543946,25,7.675928332710266,25,2.6130230474472045,25,19.926418991088866,25,9.848894538879394,25,10.56537031173706,25,11.226799907684326,25,11.950881824493408,25,16.626589462280286,25,0.00036752343177795413,25,15.282243309020997,25,8.656524262428285,25,9.788989791870117,25,10.579561748504638,25,11.310184211730958,25,13.082134113311772,25,0.09569839566401908,25,135660.0,25,0.45969739437103274,25,0.9999990177154541,25,0.9997334146499633,25,0.9999110317230224,25,0.9999570274353027,25,0.9999771833419799,25,0.9999957799911499,25,147456.0,25,3686400.0,0.8912179279327392,25,6519.52,25,null permutations then draws averaged within patient; pooled counts are replicated draw-pixels
100,Drishti_GS,LIN_SUP,11,training_like,student,25,100,100,0.046828432156503876,25,0.2614413790032268,25,0.9201580810546875,25,-11.450040578842163,25,9.743780364990235,25,-4.092132229208946,25,-3.436081922054291,25,5.805083938837051,25,6.640871378421783,25,7.759149168729783,25,2.2117121416330336,25,20.349105167388917,25,9.847378656864166,25,10.503665289878846,25,11.185296552181244,25,12.017080011367797,25,16.88949283218385,25,0.00043296143412590026,25,15.663632125854493,25,8.81605237007141,25,9.76719988822937,25,10.490273740291595,25,11.2959747838974,25,13.282798442363744,25,0.09674533077077264,25,135682.83,25,0.4543735936284065,25,0.9999993491172791,25,0.9997755721211433,25,0.9999083340167999,25,0.9999536433815956,25,0.99997682929039,25,0.9999966943264007,25,147456.0,25,14745600.0,0.8894379681348801,25,6388.44,25,null permutations then draws averaged within patient; pooled counts are replicated draw-pixels
100,Drishti_GS,LIN_SUP,11,training_like,teacher,25,100,100,0.04657598156713195,25,0.25492768302559854,25,0.9200032552083333,25,-11.205812435150147,25,9.523629684448242,25,-4.1120939803123475,25,-3.415927610397339,25,5.771949067115783,25,6.700847732543946,25,7.675928332710266,25,2.6130230474472045,25,19.926418991088866,25,9.848894538879394,25,10.56537031173706,25,11.226799907684326,25,11.950881824493408,25,16.626589462280286,25,0.00036752343177795413,25,15.282243309020997,25,8.656524262428285,25,9.788989791870117,25,10.579561748504638,25,11.310184211730958,25,13.082134113311772,25,0.09569839566401908,25,135660.0,25,0.45969739437103274,25,0.9999990177154541,25,0.9997334146499633,25,0.9999110317230224,25,0.9999570274353027,25,0.9999771833419799,25,0.9999957799911499,25,147456.0,25,14745600.0,0.8912179279327392,25,6519.52,25,null permutations then draws averaged within patient; pooled counts are replicated draw-pixels
20,RIM_ONE_r3,LIN_MT_CONF,11,posterior_mean_clean,student,40,40,40,0.02881370331051585,40,0.12077856408432126,40,0.8686325073242187,40,-6.121018362045288,40,7.586362111568451,40,-2.928417958319187,40,-2.2426578223705294,40,5.804308471083641,40,6.6933314633369445,40,7.17452247285843,40,3.530854297429323,40,11.476597714424134,40,8.733789238333703,40,9.465235543251037,40,10.015166878700256,40,10.348997902870178,40,10.7504374563694,40,0.0002462834119796753,40,10.37493326663971,40,7.7508177906274796,40,8.639180797338486,40,9.251602905988694,40,9.625538992881776,40,9.966268317699434,40,0.062032574251208304,40,128085.075,40,0.4900220811367035,40,0.9999467164278031,40,0.9991577740758657,40,0.999733655154705,40,0.9998505339026451,40,0.9998941823840142,40,0.9999234613776207,40,147456.0,40,5898240.0,0.7768274575471878,40,4192.75,40,null permutations then draws averaged within patient; pooled counts are replicated draw-pixels
20,RIM_ONE_r3,LIN_MT_CONF,11,posterior_mean_clean,teacher,40,40,40,0.0294290950798111,40,0.12201932757161557,40,0.8653569539388022,40,-6.021299409866333,40,7.334492301940918,40,-2.8132516548037527,40,-2.1601501598954203,40,5.68002096414566,40,6.510121785402298,40,6.941222538471223,40,3.6165858060121536,40,11.250533199310302,40,8.480827295780182,40,9.156628561019897,40,9.649260985851289,40,9.970595729351043,40,10.378796685934068,40,0.00023108124732971192,40,9.912720036506652,40,7.535880073904991,40,8.406423497200013,40,8.924020385742187,40,9.232935130596161,40,9.532976646423341,40,0.06249066876674296,40,127602.075,40,0.4924513779580593,40,0.9999197661876679,40,0.9990887630730867,40,0.9996577963232994,40,0.9997931376099587,40,0.9998472705483437,40,0.9998863066732884,40,147456.0,40,5898240.0,0.7649163141846657,40,3779.6,40,null permutations then draws averaged within patient; pooled counts are replicated draw-pixels
20,RIM_ONE_r3,LIN_MT_CONF,11,training_like,student,40,160,160,0.03137120940756783,40,0.13853625901974737,40,0.8736466301812067,40,-6.532627069950104,40,7.614115861058235,40,-2.9050484631210565,40,-2.238477797806263,40,5.784905694425106,40,6.627638089358807,40,7.096411769628526,40,3.5364897157996893,40,11.706249666213989,40,8.708939660340548,40,9.407156375050544,40,9.909628322720527,40,10.242068693041801,40,10.69588810861111,40,0.0002537831664085388,40,10.442290192842483,40,7.715617591142655,40,8.598371368646621,40,9.14940948486328,40,9.495412901043892,40,9.88524676024914,40,0.0672036329536573,40,128824.4375,40,0.4905083473771811,40,0.999950683861971,40,0.9992453365586698,40,0.9997229024767875,40,0.9998349562287331,40,0.9998812559992075,40,0.9999186971411109,40,147456.0,40,23592960.0,0.7860020790249109,40,4049.5,40,null permutations then draws averaged within patient; pooled counts are replicated draw-pixels
20,RIM_ONE_r3,LIN_MT_CONF,11,training_like,teacher,40,160,160,0.0294290950798111,40,0.12201932757161557,40,0.8653569539388022,40,-6.021299409866333,40,7.334492301940918,40,-2.8132516548037527,40,-2.1601501598954203,40,5.68002096414566,40,6.510121785402298,40,6.941222538471223,40,3.6165858060121536,40,11.250533199310302,40,8.480827295780182,40,9.156628561019897,40,9.649260985851289,40,9.970595729351043,40,10.378796685934068,40,0.00023108124732971192,40,9.912720036506652,40,7.535880073904991,40,8.406423497200013,40,8.924020385742187,40,9.232935130596161,40,9.532976646423341,40,0.06249066876674296,40,127602.075,40,0.4924513779580593,40,0.9999197661876679,40,0.9990887630730867,40,0.9996577963232994,40,0.9997931376099587,40,0.9998472705483437,40,0.9998863066732884,40,147456.0,40,23592960.0,0.7649163141846657,40,3779.6,40,null permutations then draws averaged within patient; pooled counts are replicated draw-pixels
40,RIM_ONE_r3,LIN_MT_CONF,11,posterior_mean_clean,student,40,40,40,0.028554974001902645,40,0.1453299881890416,40,0.9076115926106771,40,-7.419988393783569,40,8.80774347782135,40,-3.495597730576992,40,-2.5925949037075045,40,6.458555570244789,40,7.340560474395753,40,8.119259110927583,40,3.7923945635557175,40,14.02021358013153,40,9.955317521095276,40,10.755226469039917,40,11.300094622373582,40,11.846184980869293,40,12.675230196714404,40,0.0003911495208740234,40,12.2616619348526,40,8.766041705012322,40,9.612361764907837,40,10.343517082929612,40,10.912974655628204,40,11.494214059114459,40,0.061032472313983524,40,133832.775,40,0.4930194981396198,40,0.9999916970729827,40,0.9997272782027722,40,0.9999086886644364,40,0.999950272589922,40,0.9999701052904129,40,0.9999831110239029,40,147456.0,40,5898240.0,0.817575317621231,40,3573.825,40,null permutations then draws averaged within patient; pooled counts are replicated draw-pixels
40,RIM_ONE_r3,LIN_MT_CONF,11,posterior_mean_clean,teacher,40,40,40,0.028538076716823624,40,0.14351575411856174,40,0.9064103868272568,40,-7.02718209028244,40,8.58114264011383,40,-3.408776231110096,40,-2.5844038784503938,40,6.437054219841957,40,7.25454218506813,40,7.8795414352417,40,3.9010819263756273,40,13.654535818099976,40,9.836900275945663,40,10.595911633968353,40,11.097684270143509,40,11.52868231534958,40,12.246720176935199,40,0.00039803385734558103,40,11.898062825202942,40,8.747790551185608,40,9.560531067848206,40,10.166619008779525,40,10.621009516716004,40,11.123685576915744,40,0.060849466815099854,40,133655.65,40,0.4923477843403816,40,0.9999881118535996,40,0.9997197605669499,40,0.9999008804559708,40,0.9999412178993226,40,0.9999606788158417,40,0.999975992590189,40,147456.0,40,5898240.0,0.8170139938592911,40,3483.775,40,null permutations then draws averaged within patient; pooled counts are replicated draw-pixels
40,RIM_ONE_r3,LIN_MT_CONF,11,training_like,student,40,160,160,0.030403184819748373,40,0.15586194762727246,40,0.9051428053114149,40,-7.322796109318733,40,8.940572321414948,40,-3.4895117711275816,40,-2.6298911340534685,40,6.458107547461987,40,7.320142529606818,40,7.9926589269638075,40,3.854357579909265,40,13.926325994729996,40,9.978255861997605,40,10.736963951587677,40,11.224082428216935,40,11.638432776927948,40,12.392041246891024,40,0.00034860335290431976,40,12.501055872440338,40,8.721384514868259,40,9.658338636159897,40,10.319435024261475,40,10.8143089979887,40,11.428470743298533,40,0.0654477107358745,40,133468.7375,40,0.49260074105113744,40,0.9999933533370495,40,0.9996683648787439,40,0.9999107472598553,40,0.9999493753537536,40,0.9999675367027521,40,0.9999821149930359,40,147456.0,40,23592960.0,0.8205197677016258,40,3789.9375,40,null permutations then draws averaged within patient; pooled counts are replicated draw-pixels
40,RIM_ONE_r3,LIN_MT_CONF,11,training_like,teacher,40,160,160,0.028538076716823624,40,0.14351575411856174,40,0.9064103868272568,40,-7.02718209028244,40,8.58114264011383,40,-3.408776231110096,40,-2.5844038784503938,40,6.437054219841957,40,7.25454218506813,40,7.8795414352417,40,3.9010819263756273,40,13.654535818099976,40,9.836900275945663,40,10.595911633968353,40,11.097684270143509,40,11.52868231534958,40,12.246720176935199,40,0.00039803385734558103,40,11.898062825202942,40,8.747790551185608,40,9.560531067848206,40,10.166619008779525,40,10.621009516716004,40,11.123685576915744,40,0.060849466815099854,40,133655.65,40,0.4923477843403816,40,0.9999881118535996,40,0.9997197605669499,40,0.9999008804559708,40,0.9999412178993226,40,0.9999606788158417,40,0.999975992590189,40,147456.0,40,23592960.0,0.8170139938592911,40,3483.775,40,null permutations then draws averaged within patient; pooled counts are replicated draw-pixels
60,RIM_ONE_r3,LIN_MT_CONF,11,posterior_mean_clean,student,40,40,40,0.02944525310239341,40,0.16412739362567663,40,0.9248340182834202,40,-8.910106599330902,40,9.585287642478942,40,-3.7900105312466623,40,-2.8727082908153534,40,6.796880480647087,40,7.7863049817085255,40,8.744604535579683,40,4.218981034494936,40,16.43831796646118,40,10.556574535369872,40,11.31596907377243,40,12.114561772346496,40,12.93343244791031,40,14.02484639167786,40,0.0005662828683853149,40,13.255801010131837,40,9.415953522920608,40,10.196153247356415,40,11.099661952257156,40,11.73284740447998,40,12.358282775878909,40,0.0619288010204071,40,136372.325,40,0.4930749900639057,40,0.9999971330165863,40,0.9998732224106789,40,0.9999476864933967,40,0.9999771535396575,40,0.999987605214119,40,0.999993520975113,40,147456.0,40,5898240.0,0.8528251349925995,40,3666.275,40,null permutations then draws averaged within patient; pooled counts are replicated draw-pixels
60,RIM_ONE_r3,LIN_MT_CONF,11,posterior_mean_clean,teacher,40,40,40,0.029960950684011955,40,0.16432544984854758,40,0.9281366984049481,40,-9.002393853664397,40,9.214346218109132,40,-3.755949951708317,40,-2.838593050837517,40,6.7781098812818525,40,7.715762468576432,40,8.469854170799255,40,4.151382278650999,40,16.35177171230316,40,10.52334890961647,40,11.283451426029206,40,11.956634509563447,40,12.594663310050965,40,13.514254355430605,40,0.0005165725946426391,40,12.712851786613465,40,9.345737701654434,40,10.16353461742401,40,10.933069568872451,40,11.415786027908325,40,11.95681996703148,40,0.06231845933456968,40,136859.325,40,0.49272536039352416,40,0.9999949276447296,40,0.9998656839132309,40,0.9999461978673935,40,0.999973115324974,40,0.9999830573797226,40,0.9999901741743088,40,147456.0,40,5898240.0,0.854763787984848,40,3644.525,40,null permutations then draws averaged within patient; pooled counts are replicated draw-pixels
60,RIM_ONE_r3,LIN_MT_CONF,11,training_like,student,40,160,160,0.030825993407124015,40,0.17316335125360638,40,0.9237821367051866,40,-8.876589396595955,40,9.638799178600312,40,-3.794472238048911,40,-2.911664681136608,40,6.833812090009451,40,7.752190634310246,40,8.617839872837067,40,4.22831092197448,40,16.419845628738404,40,10.645371703803539,40,11.334323301911354,40,12.006180696189404,40,12.685674911737442,40,13.733315108716491,40,0.0004963342100381852,40,13.42929748892784,40,9.437977483868599,40,10.263763508200645,40,11.070896683633327,40,11.636060270667077,40,12.311459903120994,40,0.06504847467196588,40,136217.21875,40,0.49222423490136863,40,0.999997541308403,40,0.9998658500611782,40,0.9999504897743463,40,0.9999763235449791,40,0.9999862644821406,40,0.9999931197240949,40,147456.0,40,23592960.0,0.8540223874151707,40,3712.68125,40,null permutations then draws averaged within patient; pooled counts are replicated draw-pixels
60,RIM_ONE_r3,LIN_MT_CONF,11,training_like,teacher,40,160,160,0.029960950684011955,40,0.16432544984854758,40,0.9281366984049481,40,-9.002393853664397,40,9.214346218109132,40,-3.755949951708317,40,-2.838593050837517,40,6.7781098812818525,40,7.715762468576432,40,8.469854170799255,40,4.151382278650999,40,16.35177171230316,40,10.52334890961647,40,11.283451426029206,40,11.956634509563447,40,12.594663310050965,40,13.514254355430605,40,0.0005165725946426391,40,12.712851786613465,40,9.345737701654434,40,10.16353461742401,40,10.933069568872451,40,11.415786027908325,40,11.95681996703148,40,0.06231845933456968,40,136859.325,40,0.49272536039352416,40,0.9999949276447296,40,0.9998656839132309,40,0.9999461978673935,40,0.999973115324974,40,0.9999830573797226,40,0.9999901741743088,40,147456.0,40,23592960.0,0.854763787984848,40,3644.525,40,null permutations then draws averaged within patient; pooled counts are replicated draw-pixels
80,RIM_ONE_r3,LIN_MT_CONF,11,posterior_mean_clean,student,40,40,40,0.03188353772217548,40,0.19981694002635778,40,0.9443549262152778,40,-9.613327538967132,40,10.157645273208619,40,-3.825281174480915,40,-3.0371404856443407,40,6.86424446105957,40,7.8920069026947015,40,9.015014656305315,40,4.076186781190335,40,18.57181348800659,40,10.692435264587402,40,11.460455334186554,40,12.405026054382324,40,13.500619447231292,40,14.908815447092058,40,0.0007152572274208069,40,13.855940175056457,40,9.653905075788497,40,10.475871050357819,40,11.353294152021409,40,12.050750172138214,40,12.672602214813235,40,0.06585455672161375,40,139250.8,40,0.4857726007699966,40,0.9999982088804245,40,0.9998973928391933,40,0.9999582454562187,40,0.9999822288751602,40,0.9999910533428192,40,0.9999952793121338,40,147456.0,40,5898240.0,0.8859262019395828,40,3490.65,40,null permutations then draws averaged within patient; pooled counts are replicated draw-pixels
80,RIM_ONE_r3,LIN_MT_CONF,11,posterior_mean_clean,teacher,40,40,40,0.031152030077813232,40,0.19223256972618402,40,0.9441728379991318,40,-9.284190106391907,40,9.908145403862,40,-3.828873246908188,40,-3.025249719619751,40,6.868724370002747,40,7.873911325931549,40,8.922691110610963,40,4.220758653432131,40,17.81553704738617,40,10.706522107124329,40,11.447620022296906,40,12.325706243515015,40,13.304665315151215,40,14.615464043617251,40,0.0006803244352340699,40,13.616692090034485,40,9.624495577812194,40,10.450083994865418,40,11.322789752483368,40,11.996335399150848,40,12.618217773437502,40,0.06419397957303377,40,139223.95,40,0.4905154585838318,40,0.9999979913234711,40,0.9998955391347408,40,0.9999574959278107,40,0.9999814867973328,40,0.9999903827905655,40,0.9999949306249618,40,147456.0,40,5898240.0,0.8858684524893761,40,3635.6,40,null permutations then draws averaged within patient; pooled counts are replicated draw-pixels
80,RIM_ONE_r3,LIN_MT_CONF,11,training_like,student,40,160,160,0.03336858829752853,40,0.2095201866235584,40,0.9419452667236328,40,-9.414663085341454,40,10.15452201962471,40,-3.8504199922084807,40,-3.07564717233181,40,6.949552288651466,40,7.854600816965103,40,8.90424815195799,40,4.0420153844635935,40,18.274835002422332,40,10.827205923199653,40,11.522592055797578,40,12.306191864609719,40,13.236959564685822,40,14.583206896781926,40,0.0006352759897708893,40,14.030449736118317,40,9.736276186257601,40,10.541307806968689,40,11.315001599490643,40,11.966902485489845,40,12.678465012311936,40,0.06887756123285034,40,138895.48125,40,0.48790396489202975,40,0.999998465925455,40,0.9999070711433887,40,0.999961058050394,40,0.9999813696369528,40,0.9999901190400123,40,0.9999951596930623,40,147456.0,40,23592960.0,0.8859920103102923,40,3611.05625,40,null permutations then draws averaged within patient; pooled counts are replicated draw-pixels
80,RIM_ONE_r3,LIN_MT_CONF,11,training_like,teacher,40,160,160,0.031152030077813232,40,0.19223256972618402,40,0.9441728379991318,40,-9.284190106391907,40,9.908145403862,40,-3.828873246908188,40,-3.025249719619751,40,6.868724370002747,40,7.873911325931549,40,8.922691110610963,40,4.220758653432131,40,17.81553704738617,40,10.706522107124329,40,11.447620022296906,40,12.325706243515015,40,13.304665315151215,40,14.615464043617251,40,0.0006803244352340699,40,13.616692090034485,40,9.624495577812194,40,10.450083994865418,40,11.322789752483368,40,11.996335399150848,40,12.618217773437502,40,0.06419397957303377,40,139223.95,40,0.4905154585838318,40,0.9999979913234711,40,0.9998955391347408,40,0.9999574959278107,40,0.9999814867973328,40,0.9999903827905655,40,0.9999949306249618,40,147456.0,40,23592960.0,0.8858684524893761,40,3635.6,40,null permutations then draws averaged within patient; pooled counts are replicated draw-pixels
100,RIM_ONE_r3,LIN_MT_CONF,11,posterior_mean_clean,student,40,40,40,0.03288404360347259,40,0.22569035445339977,40,0.959130350748698,40,-9.42740238904953,40,10.710852599143982,40,-3.8533749669790267,40,-3.1808439642190933,40,6.974305900931358,40,8.001497174501418,40,8.95695133972168,40,3.759412619099021,40,19.47517795562744,40,10.84916107058525,40,11.62476463317871,40,12.542036586999894,40,13.476939427852631,40,14.972553901672367,40,0.000662267953157425,40,14.971017026901245,40,9.844585716724396,40,10.765053200721741,40,11.549770361185073,40,12.140141654014588,40,12.761639387607577,40,0.06681485152205076,40,141429.525,40,0.48500496447086333,40,0.9999987602233886,40,0.9999096751213074,40,0.9999671757221222,40,0.9999853193759918,40,0.9999917089939118,40,0.9999954968690872,40,147456.0,40,5898240.0,0.9095031663775444,40,3658.075,40,null permutations then draws averaged within patient; pooled counts are replicated draw-pixels
100,RIM_ONE_r3,LIN_MT_CONF,11,posterior_mean_clean,teacher,40,40,40,0.03273275644403131,40,0.22265449999831616,40,0.9582093980577258,40,-9.39558674097061,40,10.604617810249328,40,-3.853092896938324,40,-3.1748672395944597,40,6.972293341159821,40,7.996635795831679,40,8.960286222457887,40,3.8013064455240966,40,19.271361327171327,40,10.848312902450562,40,11.618605840206147,40,12.53269329071045,40,13.469074487686157,40,14.95664310574532,40,0.0009839490056037902,40,14.829721045494079,40,9.840067982673645,40,10.752518475055695,40,11.54301649928093,40,12.139126145839692,40,12.755463205575946,40,0.0665449119360106,40,141293.725,40,0.48618322014808657,40,0.9999986439943314,40,0.9999094575643539,40,0.9999668508768081,40,0.9999852150678634,40,0.9999916851520538,40,0.9999954760074615,40,147456.0,40,5898240.0,0.9078278586268425,40,3662.9,40,null permutations then draws averaged within patient; pooled counts are replicated draw-pixels
100,RIM_ONE_r3,LIN_MT_CONF,11,training_like,student,40,160,160,0.034225080901555634,40,0.23317142649320885,40,0.9571424272325302,40,-9.26118362247944,40,10.58502929210663,40,-3.880879107862711,40,-3.2114668674767017,40,7.074951673299074,40,7.951659368872643,40,8.836126953423024,40,3.7566692483145743,40,19.040130311250685,40,11.008826397359371,40,11.679008921980857,40,12.417619724571704,40,13.199791750311851,40,14.707429942190652,40,0.0008747309446334838,40,14.917555963993072,40,9.949525871872902,40,10.806853595376015,40,11.504884459078312,40,12.052118280529976,40,12.7405859464407,40,0.06953247417819328,40,141136.39375,40,0.4861978981643915,40,0.9999988555908204,40,0.9999218894168734,40,0.9999689254909754,40,0.9999843649566174,40,0.999990762397647,40,0.9999952197074891,40,147456.0,40,23592960.0,0.9099621590226888,40,3761.2375,40,null permutations then draws averaged within patient; pooled counts are replicated draw-pixels
100,RIM_ONE_r3,LIN_MT_CONF,11,training_like,teacher,40,160,160,0.03273275644403131,40,0.22265449999831616,40,0.9582093980577258,40,-9.39558674097061,40,10.604617810249328,40,-3.853092896938324,40,-3.1748672395944597,40,6.972293341159821,40,7.996635795831679,40,8.960286222457887,40,3.8013064455240966,40,19.271361327171327,40,10.848312902450562,40,11.618605840206147,40,12.53269329071045,40,13.469074487686157,40,14.95664310574532,40,0.0009839490056037902,40,14.829721045494079,40,9.840067982673645,40,10.752518475055695,40,11.54301649928093,40,12.139126145839692,40,12.755463205575946,40,0.0665449119360106,40,141293.725,40,0.48618322014808657,40,0.9999986439943314,40,0.9999094575643539,40,0.9999668508768081,40,0.9999852150678634,40,0.9999916851520538,40,0.9999954760074615,40,147456.0,40,23592960.0,0.9078278586268425,40,3662.9,40,null permutations then draws averaged within patient; pooled counts are replicated draw-pixels
20,RIM_ONE_r3,LIN_MT_PAS,11,posterior_mean_clean,student,40,40,40,0.02881370331051585,40,0.12077856408432126,40,0.8686325073242187,40,-6.121018362045288,40,7.586362111568451,40,-2.928417958319187,40,-2.2426578223705294,40,5.804308471083641,40,6.6933314633369445,40,7.17452247285843,40,3.530854297429323,40,11.476597714424134,40,8.733789238333703,40,9.465235543251037,40,10.015166878700256,40,10.348997902870178,40,10.7504374563694,40,0.0002462834119796753,40,10.37493326663971,40,7.7508177906274796,40,8.639180797338486,40,9.251602905988694,40,9.625538992881776,40,9.966268317699434,40,0.062032574251208304,40,128085.075,40,0.4900220811367035,40,0.9999467164278031,40,0.9991577740758657,40,0.999733655154705,40,0.9998505339026451,40,0.9998941823840142,40,0.9999234613776207,40,147456.0,40,5898240.0,0.7768274575471878,40,4192.75,40,null permutations then draws averaged within patient; pooled counts are replicated draw-pixels
20,RIM_ONE_r3,LIN_MT_PAS,11,posterior_mean_clean,teacher,40,40,40,0.0294290950798111,40,0.12201932757161557,40,0.8653569539388022,40,-6.021299409866333,40,7.334492301940918,40,-2.8132516548037527,40,-2.1601501598954203,40,5.68002096414566,40,6.510121785402298,40,6.941222538471223,40,3.6165858060121536,40,11.250533199310302,40,8.480827295780182,40,9.156628561019897,40,9.649260985851289,40,9.970595729351043,40,10.378796685934068,40,0.00023108124732971192,40,9.912720036506652,40,7.535880073904991,40,8.406423497200013,40,8.924020385742187,40,9.232935130596161,40,9.532976646423341,40,0.06249066876674296,40,127602.075,40,0.4924513779580593,40,0.9999197661876679,40,0.9990887630730867,40,0.9996577963232994,40,0.9997931376099587,40,0.9998472705483437,40,0.9998863066732884,40,147456.0,40,5898240.0,0.7649163141846657,40,3779.6,40,null permutations then draws averaged within patient; pooled counts are replicated draw-pixels
20,RIM_ONE_r3,LIN_MT_PAS,11,training_like,student,40,160,160,0.03137120940756783,40,0.13853625901974737,40,0.8736466301812067,40,-6.532627069950104,40,7.614115861058235,40,-2.9050484631210565,40,-2.238477797806263,40,5.784905694425106,40,6.627638089358807,40,7.096411769628526,40,3.5364897157996893,40,11.706249666213989,40,8.708939660340548,40,9.407156375050544,40,9.909628322720527,40,10.242068693041801,40,10.69588810861111,40,0.0002537831664085388,40,10.442290192842483,40,7.715617591142655,40,8.598371368646621,40,9.14940948486328,40,9.495412901043892,40,9.88524676024914,40,0.0672036329536573,40,128824.4375,40,0.4905083473771811,40,0.999950683861971,40,0.9992453365586698,40,0.9997229024767875,40,0.9998349562287331,40,0.9998812559992075,40,0.9999186971411109,40,147456.0,40,23592960.0,0.7860020790249109,40,4049.5,40,null permutations then draws averaged within patient; pooled counts are replicated draw-pixels
20,RIM_ONE_r3,LIN_MT_PAS,11,training_like,teacher,40,160,160,0.0294290950798111,40,0.12201932757161557,40,0.8653569539388022,40,-6.021299409866333,40,7.334492301940918,40,-2.8132516548037527,40,-2.1601501598954203,40,5.68002096414566,40,6.510121785402298,40,6.941222538471223,40,3.6165858060121536,40,11.250533199310302,40,8.480827295780182,40,9.156628561019897,40,9.649260985851289,40,9.970595729351043,40,10.378796685934068,40,0.00023108124732971192,40,9.912720036506652,40,7.535880073904991,40,8.406423497200013,40,8.924020385742187,40,9.232935130596161,40,9.532976646423341,40,0.06249066876674296,40,127602.075,40,0.4924513779580593,40,0.9999197661876679,40,0.9990887630730867,40,0.9996577963232994,40,0.9997931376099587,40,0.9998472705483437,40,0.9998863066732884,40,147456.0,40,23592960.0,0.7649163141846657,40,3779.6,40,null permutations then draws averaged within patient; pooled counts are replicated draw-pixels
40,RIM_ONE_r3,LIN_MT_PAS,11,posterior_mean_clean,student,40,40,40,0.029771459074229113,40,0.13880755361169578,40,0.9037038167317707,40,-7.2376235842704775,40,9.073756074905395,40,-3.487031747400761,40,-2.568974584341049,40,6.47438727915287,40,7.324183543920517,40,8.073411504745485,40,4.059513993561268,40,14.170657801628114,40,9.98214693069458,40,10.648017883300781,40,11.232500755786896,40,11.753433692455292,40,12.764439499378208,40,0.0003419235348701477,40,12.533533787727356,40,8.774122083187104,40,9.536478543281556,40,10.307000309228897,40,10.797572648525238,40,11.423326930999758,40,0.061815140447003245,40,133256.55,40,0.49278848245739937,40,0.9999936312437058,40,0.9997621685266495,40,0.9998998075723649,40,0.9999481059610844,40,0.9999665260314942,40,0.9999826802313327,40,147456.0,40,5898240.0,0.8124858662486076,40,3898.4,40,null permutations then draws averaged within patient; pooled counts are replicated draw-pixels
40,RIM_ONE_r3,LIN_MT_PAS,11,posterior_mean_clean,teacher,40,40,40,0.02858043849472678,40,0.13811735599301755,40,0.9016623602973091,40,-7.515555369853973,40,8.55057510137558,40,-3.400540146231651,40,-2.5175639539957047,40,6.427991190552712,40,7.209515919685364,40,7.793571303129196,40,3.9213090697303414,40,13.917714262008667,40,9.842263185977936,40,10.539001452922822,40,11.069727283716201,40,11.507951402664185,40,12.246143424510958,40,0.0003112584352493286,40,11.747828722000122,40,8.712889298796654,40,9.448987185955048,40,10.058859014511109,40,10.472888696193696,40,10.917699780464172,40,0.060887004227646015,40,132955.525,40,0.4924310050904751,40,0.9999868839979171,40,0.9997263416647911,40,0.9998918995261192,40,0.999935644865036,40,0.9999559581279754,40,0.9999719560146332,40,147456.0,40,5898240.0,0.81251590102911,40,3559.525,40,null permutations then draws averaged within patient; pooled counts are replicated draw-pixels
40,RIM_ONE_r3,LIN_MT_PAS,11,training_like,student,40,160,160,0.0312884437569576,40,0.14801244385307655,40,0.9018806881374782,40,-7.3419079929590225,40,9.227272617816926,40,-3.475179048255086,40,-2.5931596748530863,40,6.410921359062195,40,7.305978375077248,40,8.01263016319275,40,4.02966145966202,40,14.309722691774368,40,9.945474080741405,40,10.63702383339405,40,11.16519910544157,40,11.615463909506797,40,12.585537343025212,40,0.0003472544252872467,40,12.796047955751419,40,8.637922252714635,40,9.579228982329369,40,10.292886778712273,40,10.763956514000892,40,11.416081176400187,40,0.06545951586077878,40,132987.71875,40,0.4941315116360784,40,0.9999952495098114,40,0.9996765330433846,40,0.9999026678502559,40,0.999947658367455,40,0.999965812638402,40,0.9999827518314124,40,147456.0,40,23592960.0,0.818763467669487,40,4046.15,40,null permutations then draws averaged within patient; pooled counts are replicated draw-pixels
40,RIM_ONE_r3,LIN_MT_PAS,11,training_like,teacher,40,160,160,0.02858043849472678,40,0.13811735599301755,40,0.9016623602973091,40,-7.515555369853973,40,8.55057510137558,40,-3.400540146231651,40,-2.5175639539957047,40,6.427991190552712,40,7.209515919685364,40,7.793571303129196,40,3.9213090697303414,40,13.917714262008667,40,9.842263185977936,40,10.539001452922822,40,11.069727283716201,40,11.507951402664185,40,12.246143424510958,40,0.0003112584352493286,40,11.747828722000122,40,8.712889298796654,40,9.448987185955048,40,10.058859014511109,40,10.472888696193696,40,10.917699780464172,40,0.060887004227646015,40,132955.525,40,0.4924310050904751,40,0.9999868839979171,40,0.9997263416647911,40,0.9998918995261192,40,0.999935644865036,40,0.9999559581279754,40,0.9999719560146332,40,147456.0,40,23592960.0,0.81251590102911,40,3559.525,40,null permutations then draws averaged within patient; pooled counts are replicated draw-pixels
60,RIM_ONE_r3,LIN_MT_PAS,11,posterior_mean_clean,student,40,40,40,0.03234350364438999,40,0.18025306649506093,40,0.9329155815972221,40,-9.318663775920868,40,9.292947793006897,40,-3.839879095554352,40,-2.9052634865045546,40,6.957026427984237,40,7.773468086719513,40,8.37667896616459,40,4.05150225199759,40,16.787829518318176,40,10.806386357545852,40,11.470373845100402,40,12.068302083015443,40,12.598360240459442,40,13.618413407802587,40,0.0006209284067153931,40,12.752121996879577,40,9.631538218259811,40,10.347269308567046,40,11.004108208417893,40,11.387156093120575,40,11.843920922279361,40,0.06601064817993921,40,137564.0,40,0.4894859068095684,40,0.9999951481819153,40,0.9999038115143776,40,0.999956089258194,40,0.9999751091003418,40,0.9999821484088898,40,0.9999889582395554,40,147456.0,40,5898240.0,0.8547704115509986,40,3857.325,40,null permutations then draws averaged within patient; pooled counts are replicated draw-pixels
60,RIM_ONE_r3,LIN_MT_PAS,11,posterior_mean_clean,teacher,40,40,40,0.030500979191947407,40,0.16257359813898803,40,0.9254972669813369,40,-9.072993671894073,40,9.433229732513428,40,-3.8120920926332476,40,-2.833802729845047,40,6.878500130772591,40,7.763359296321869,40,8.414394183635713,40,4.012605871539563,40,16.407924818992615,40,10.709854608774185,40,11.384522676467896,40,12.036683076620102,40,12.568889272212981,40,13.568889935016637,40,0.0004785150289535522,40,12.910395765304566,40,9.479324644804,40,10.227098178863525,40,10.983169305324555,40,11.404888236522675,40,11.903376846313478,40,0.06324453702026389,40,136470.125,40,0.48718610107898713,40,0.999995794892311,40,0.999885243922472,40,0.9999506533145904,40,0.999974074959755,40,0.999982213973999,40,0.999989566206932,40,147456.0,40,5898240.0,0.8450733914971351,40,3815.875,40,null permutations then draws averaged within patient; pooled counts are replicated draw-pixels
60,RIM_ONE_r3,LIN_MT_PAS,11,training_like,student,40,160,160,0.03347669663646811,40,0.18774271016009153,40,0.9314972771538628,40,-9.338727581501008,40,9.452966749668121,40,-3.8311900060623882,40,-2.9452743150293825,40,6.941952116787434,40,7.75547845929861,40,8.376261753231287,40,4.099626493267715,40,16.91733192205429,40,10.829057769477368,40,11.455104038119316,40,12.005034574866295,40,12.48089864552021,40,13.533933463990696,40,0.000545419380068779,40,13.045204317569732,40,9.577261025458574,40,10.397426944971084,40,11.019161893427372,40,11.441900297999382,40,11.964197143018248,40,0.06861088425922579,40,137354.8625,40,0.49114473201334474,40,0.9999964348971844,40,0.9998909322544932,40,0.9999573949724436,40,0.999975455738604,40,0.9999832153320313,40,0.9999901461228727,40,147456.0,40,23592960.0,0.860098323598504,40,3998.10625,40,null permutations then draws averaged within patient; pooled counts are replicated draw-pixels
60,RIM_ONE_r3,LIN_MT_PAS,11,training_like,teacher,40,160,160,0.030500979191947407,40,0.16257359813898803,40,0.9254972669813369,40,-9.072993671894073,40,9.433229732513428,40,-3.8120920926332476,40,-2.833802729845047,40,6.878500130772591,40,7.763359296321869,40,8.414394183635713,40,4.012605871539563,40,16.407924818992615,40,10.709854608774185,40,11.384522676467896,40,12.036683076620102,40,12.568889272212981,40,13.568889935016637,40,0.0004785150289535522,40,12.910395765304566,40,9.479324644804,40,10.227098178863525,40,10.983169305324555,40,11.404888236522675,40,11.903376846313478,40,0.06324453702026389,40,136470.125,40,0.48718610107898713,40,0.999995794892311,40,0.999885243922472,40,0.9999506533145904,40,0.999974074959755,40,0.999982213973999,40,0.999989566206932,40,147456.0,40,23592960.0,0.8450733914971351,40,3815.875,40,null permutations then draws averaged within patient; pooled counts are replicated draw-pixels
80,RIM_ONE_r3,LIN_MT_PAS,11,posterior_mean_clean,student,40,40,40,0.031424117453313256,40,0.18353689122013747,40,0.9441908094618056,40,-8.774564349651337,40,9.81152024269104,40,-3.923818236589432,40,-3.152004858851433,40,7.139612945914268,40,8.019052922725677,40,8.848384181261064,40,3.7569504166021943,40,17.198655486106873,40,11.110868656635285,40,11.808884572982787,40,12.4797272503376,40,13.245058417320251,40,14.64500486016274,40,0.0007928356528282166,40,13.700714588165283,40,10.01298491358757,40,10.845309817790985,40,11.524433839321137,40,11.98974987268448,40,12.643397240638734,40,0.06421574659857573,40,139226.6,40,0.4855367414653301,40,0.9999981582164764,40,0.9999343417584896,40,0.9999718010425568,40,0.9999845653772355,40,0.9999904304742813,40,0.9999951630830765,40,147456.0,40,5898240.0,0.8761454924941063,40,4039.325,40,null permutations then draws averaged within patient; pooled counts are replicated draw-pixels
80,RIM_ONE_r3,LIN_MT_PAS,11,posterior_mean_clean,teacher,40,40,40,0.0327691606030789,40,0.19549735141918062,40,0.9441201104058159,40,-9.086747634410859,40,9.977066445350648,40,-3.909453085064888,40,-3.103496265411377,40,7.100986126065254,40,7.980034608840941,40,8.775889719486237,40,3.9773338988423346,40,17.71473608016968,40,11.05584682226181,40,11.740748965740204,40,12.411774808168412,40,13.139728915691375,40,14.52848498344422,40,0.0005703054368495942,40,13.730760669708252,40,9.926590037345886,40,10.738798141479492,40,11.452008801698685,40,11.897171795368195,40,12.53620875477791,40,0.06677492776242995,40,139216.175,40,0.48705245926976204,40,0.9999981492757797,40,0.9999290578067302,40,0.9999689131975174,40,0.9999832928180694,40,0.9999894291162491,40,0.9999945551156998,40,147456.0,40,5898240.0,0.8802220702171326,40,4040.175,40,null permutations then draws averaged within patient; pooled counts are replicated draw-pixels
80,RIM_ONE_r3,LIN_MT_PAS,11,training_like,student,40,160,160,0.03309988303982436,40,0.1919932698365301,40,0.9414340125189888,40,-8.701942521333695,40,9.872052353620528,40,-3.9347007919102905,40,-3.1846764735877513,40,7.153393717855215,40,8.008131070137022,40,8.756183937668803,40,3.6861149262171238,40,17.055546259880067,40,11.160364550352096,40,11.827485671639442,40,12.412863516807557,40,13.025100430846214,40,14.370542666316037,40,0.0006830332800745964,40,13.94595296382904,40,9.996239940822125,40,10.860962375998497,40,11.542671182751656,40,12.014722153544426,40,12.690141004025937,40,0.06757461037583878,40,138820.09375,40,0.486211047321558,40,0.9999984428286552,40,0.9999338520690799,40,0.9999720226973295,40,0.999984778650105,40,0.9999903921037913,40,0.9999951879307627,40,147456.0,40,23592960.0,0.8783354464918375,40,4302.36875,40,null permutations then draws averaged within patient; pooled counts are replicated draw-pixels
80,RIM_ONE_r3,LIN_MT_PAS,11,training_like,teacher,40,160,160,0.0327691606030789,40,0.19549735141918062,40,0.9441201104058159,40,-9.086747634410859,40,9.977066445350648,40,-3.909453085064888,40,-3.103496265411377,40,7.100986126065254,40,7.980034608840941,40,8.775889719486237,40,3.9773338988423346,40,17.71473608016968,40,11.05584682226181,40,11.740748965740204,40,12.411774808168412,40,13.139728915691375,40,14.52848498344422,40,0.0005703054368495942,40,13.730760669708252,40,9.926590037345886,40,10.738798141479492,40,11.452008801698685,40,11.897171795368195,40,12.53620875477791,40,0.06677492776242995,40,139216.175,40,0.48705245926976204,40,0.9999981492757797,40,0.9999290578067302,40,0.9999689131975174,40,0.9999832928180694,40,0.9999894291162491,40,0.9999945551156998,40,147456.0,40,23592960.0,0.8802220702171326,40,4040.175,40,null permutations then draws averaged within patient; pooled counts are replicated draw-pixels
100,RIM_ONE_r3,LIN_MT_PAS,11,posterior_mean_clean,student,40,40,40,0.03507153565837042,40,0.23526132814586162,40,0.9579545762803819,40,-9.131287920475007,40,10.80993640422821,40,-3.906124810874462,40,-3.2646853774785995,40,7.1971869498491285,40,8.068662147521973,40,8.969501779317858,40,3.6889609789475797,40,19.245295572280884,40,11.154913729429245,40,11.857786011695861,40,12.574044340848923,40,13.438522839546204,40,15.418907870054255,40,0.0008692063391208648,40,15.145616888999939,40,10.159545397758484,40,11.029155397415161,40,11.66895717382431,40,12.131510949134826,40,12.870774446725846,40,0.07081920253433041,40,141256.15,40,0.48343023359775544,40,0.9999992370605468,40,0.9999411597847938,40,0.9999752312898635,40,0.9999864310026169,40,0.9999915838241578,40,0.9999961329996585,40,147456.0,40,5898240.0,0.9074759349226952,40,4146.1,40,null permutations then draws averaged within patient; pooled counts are replicated draw-pixels
100,RIM_ONE_r3,LIN_MT_PAS,11,posterior_mean_clean,teacher,40,40,40,0.03486671318137774,40,0.23177582938224078,40,0.9569725884331598,40,-9.153257942199707,40,10.746449828147888,40,-3.9070284232497214,40,-3.2573850780725477,40,7.195613694190979,40,8.062735657691956,40,8.960236642837526,40,3.726051402464509,40,19.154856729507447,40,11.156406712532043,40,11.852182078361512,40,12.563557380437851,40,13.420841681957246,40,15.373597872257239,40,0.0011913567781448365,40,15.016290545463562,40,10.151737374067306,40,11.014911460876466,40,11.655517941713333,40,12.118406653404236,40,12.851114746332172,40,0.07042545713242927,40,141111.35,40,0.4851978175342083,40,0.9999991863965988,40,0.9999409228563308,40,0.9999749511480331,40,0.9999862521886825,40,0.9999914765357971,40,0.9999960690736771,40,147456.0,40,5898240.0,0.9054765149950981,40,4136.975,40,null permutations then draws averaged within patient; pooled counts are replicated draw-pixels
100,RIM_ONE_r3,LIN_MT_PAS,11,training_like,student,40,160,160,0.03651107819244367,40,0.24287050478160382,40,0.955923631456163,40,-9.20087670981884,40,10.666521680355071,40,-3.926259320601821,40,-3.289606151729822,40,7.222278015315533,40,8.057636447846889,40,8.830429422140122,40,3.6638049841858447,40,19.23985713124275,40,11.218517953157425,40,11.891333013772964,40,12.501007060706616,40,13.171659663319588,40,15.20156864225865,40,0.001084331376478076,40,15.036083823442459,40,10.165626564621926,40,11.03939375281334,40,11.67568296790123,40,12.138762271404266,40,12.87993755191565,40,0.07374862197693285,40,140956.675,40,0.4851863671094179,40,0.9999992825090885,40,0.9999425143003464,40,0.9999756395816803,40,0.999986382573843,40,0.9999913103878498,40,0.999995981156826,40,147456.0,40,23592960.0,0.9090014282613993,40,4333.33125,40,null permutations then draws averaged within patient; pooled counts are replicated draw-pixels
100,RIM_ONE_r3,LIN_MT_PAS,11,training_like,teacher,40,160,160,0.03486671318137774,40,0.23177582938224078,40,0.9569725884331598,40,-9.153257942199707,40,10.746449828147888,40,-3.9070284232497214,40,-3.2573850780725477,40,7.195613694190979,40,8.062735657691956,40,8.960236642837526,40,3.726051402464509,40,19.154856729507447,40,11.156406712532043,40,11.852182078361512,40,12.563557380437851,40,13.420841681957246,40,15.373597872257239,40,0.0011913567781448365,40,15.016290545463562,40,10.151737374067306,40,11.014911460876466,40,11.655517941713333,40,12.118406653404236,40,12.851114746332172,40,0.07042545713242927,40,141111.35,40,0.4851978175342083,40,0.9999991863965988,40,0.9999409228563308,40,0.9999749511480331,40,0.9999862521886825,40,0.9999914765357971,40,0.9999960690736771,40,147456.0,40,23592960.0,0.9054765149950981,40,4136.975,40,null permutations then draws averaged within patient; pooled counts are replicated draw-pixels
20,RIM_ONE_r3,LIN_SUP,11,posterior_mean_clean,student,40,40,40,0.02881370331051585,40,0.12077856408432126,40,0.8686325073242187,40,-6.121018362045288,40,7.586362111568451,40,-2.928417958319187,40,-2.2426578223705294,40,5.804308471083641,40,6.6933314633369445,40,7.17452247285843,40,3.530854297429323,40,11.476597714424134,40,8.733789238333703,40,9.465235543251037,40,10.015166878700256,40,10.348997902870178,40,10.7504374563694,40,0.0002462834119796753,40,10.37493326663971,40,7.7508177906274796,40,8.639180797338486,40,9.251602905988694,40,9.625538992881776,40,9.966268317699434,40,0.062032574251208304,40,128085.075,40,0.4900220811367035,40,0.9999467164278031,40,0.9991577740758657,40,0.999733655154705,40,0.9998505339026451,40,0.9998941823840142,40,0.9999234613776207,40,147456.0,40,5898240.0,0.7768274575471878,40,4192.75,40,null permutations then draws averaged within patient; pooled counts are replicated draw-pixels
20,RIM_ONE_r3,LIN_SUP,11,posterior_mean_clean,teacher,40,40,40,0.0294290950798111,40,0.12201932757161557,40,0.8653569539388022,40,-6.021299409866333,40,7.334492301940918,40,-2.8132516548037527,40,-2.1601501598954203,40,5.68002096414566,40,6.510121785402298,40,6.941222538471223,40,3.6165858060121536,40,11.250533199310302,40,8.480827295780182,40,9.156628561019897,40,9.649260985851289,40,9.970595729351043,40,10.378796685934068,40,0.00023108124732971192,40,9.912720036506652,40,7.535880073904991,40,8.406423497200013,40,8.924020385742187,40,9.232935130596161,40,9.532976646423341,40,0.06249066876674296,40,127602.075,40,0.4924513779580593,40,0.9999197661876679,40,0.9990887630730867,40,0.9996577963232994,40,0.9997931376099587,40,0.9998472705483437,40,0.9998863066732884,40,147456.0,40,5898240.0,0.7649163141846657,40,3779.6,40,null permutations then draws averaged within patient; pooled counts are replicated draw-pixels
20,RIM_ONE_r3,LIN_SUP,11,training_like,student,40,160,160,0.03137120940756783,40,0.13853625901974737,40,0.8736466301812067,40,-6.532627069950104,40,7.614115861058235,40,-2.9050484631210565,40,-2.238477797806263,40,5.784905694425106,40,6.627638089358807,40,7.096411769628526,40,3.5364897157996893,40,11.706249666213989,40,8.708939660340548,40,9.407156375050544,40,9.909628322720527,40,10.242068693041801,40,10.69588810861111,40,0.0002537831664085388,40,10.442290192842483,40,7.715617591142655,40,8.598371368646621,40,9.14940948486328,40,9.495412901043892,40,9.88524676024914,40,0.0672036329536573,40,128824.4375,40,0.4905083473771811,40,0.999950683861971,40,0.9992453365586698,40,0.9997229024767875,40,0.9998349562287331,40,0.9998812559992075,40,0.9999186971411109,40,147456.0,40,23592960.0,0.7860020790249109,40,4049.5,40,null permutations then draws averaged within patient; pooled counts are replicated draw-pixels
20,RIM_ONE_r3,LIN_SUP,11,training_like,teacher,40,160,160,0.0294290950798111,40,0.12201932757161557,40,0.8653569539388022,40,-6.021299409866333,40,7.334492301940918,40,-2.8132516548037527,40,-2.1601501598954203,40,5.68002096414566,40,6.510121785402298,40,6.941222538471223,40,3.6165858060121536,40,11.250533199310302,40,8.480827295780182,40,9.156628561019897,40,9.649260985851289,40,9.970595729351043,40,10.378796685934068,40,0.00023108124732971192,40,9.912720036506652,40,7.535880073904991,40,8.406423497200013,40,8.924020385742187,40,9.232935130596161,40,9.532976646423341,40,0.06249066876674296,40,127602.075,40,0.4924513779580593,40,0.9999197661876679,40,0.9990887630730867,40,0.9996577963232994,40,0.9997931376099587,40,0.9998472705483437,40,0.9998863066732884,40,147456.0,40,23592960.0,0.7649163141846657,40,3779.6,40,null permutations then draws averaged within patient; pooled counts are replicated draw-pixels
40,RIM_ONE_r3,LIN_SUP,11,posterior_mean_clean,student,40,40,40,0.03177378147847271,40,0.15947769121266903,40,0.9062333848741317,40,-7.671712183952332,40,9.145035862922668,40,-3.4798177614808083,40,-2.555353844165802,40,6.377481117844582,40,7.325561609268189,40,8.328443333387375,40,4.008082232624292,40,14.623878908157348,40,9.849583262205124,40,10.591952455043792,40,11.309581911563873,40,12.055135774612427,40,13.121852502822879,40,0.0005050003528594971,40,12.617266654968262,40,8.6747475117445,40,9.49404218196869,40,10.317851966619491,40,11.00052901506424,40,11.736220936775208,40,0.06682216793306481,40,133629.55,40,0.49243489652872086,40,0.9999942660331727,40,0.9996914960443973,40,0.9998968437314033,40,0.9999480277299881,40,0.9999721497297287,40,0.9999869211018085,40,147456.0,40,5898240.0,0.8200588539242745,40,4057.875,40,null permutations then draws averaged within patient; pooled counts are replicated draw-pixels
40,RIM_ONE_r3,LIN_SUP,11,posterior_mean_clean,teacher,40,40,40,0.02895048014163674,40,0.14471529363654553,40,0.9047526041666668,40,-7.792832589149475,40,8.774503350257874,40,-3.4170694291591643,40,-2.5626568347215652,40,6.492137145996094,40,7.29332989692688,40,7.977293914914132,40,3.970951406657696,40,14.379609179496764,40,9.928367239236831,40,10.647488617897034,40,11.167266815900803,40,11.630919647216796,40,12.490352320671084,40,0.0003612011671066284,40,12.045305299758912,40,8.810973492264747,40,9.584871935844422,40,10.198084598779678,40,10.683883166313171,40,11.27483542084694,40,0.06188724631921486,40,133411.2,40,0.4946564264595509,40,0.9999900907278061,40,0.9997346058487893,40,0.9999058738350868,40,0.9999429143965244,40,0.9999624073505402,40,0.999979112893343,40,147456.0,40,5898240.0,0.8168320089578629,40,3560.325,40,null permutations then draws averaged within patient; pooled counts are replicated draw-pixels
40,RIM_ONE_r3,LIN_SUP,11,training_like,student,40,160,160,0.03545510855503582,40,0.1867282286984846,40,0.9117980109320747,40,-8.19119785130024,40,9.294350004196167,40,-3.464764153212309,40,-2.539801850914955,40,6.3326528951525685,40,7.267158401012421,40,8.246522102028134,40,3.887194873159751,40,15.105458015203476,40,9.814276212453843,40,10.54467853307724,40,11.19547625631094,40,11.871804249286651,40,12.983598751425745,40,0.00039378544315695765,40,12.864872360229493,40,8.594690678268671,40,9.438132512569428,40,10.226621305942535,40,10.877708435058594,40,11.700634455084801,40,0.0747672835770416,40,134450.0875,40,0.48751039411872626,40,0.9999956443905831,40,0.9996938865631819,40,0.999890485778451,40,0.9999447414651513,40,0.9999702122062445,40,0.9999872497469188,40,147456.0,40,23592960.0,0.8305774994194508,40,3844.69375,40,null permutations then draws averaged within patient; pooled counts are replicated draw-pixels
40,RIM_ONE_r3,LIN_SUP,11,training_like,teacher,40,160,160,0.02895048014163674,40,0.14471529363654553,40,0.9047526041666668,40,-7.792832589149475,40,8.774503350257874,40,-3.4170694291591643,40,-2.5626568347215652,40,6.492137145996094,40,7.29332989692688,40,7.977293914914132,40,3.970951406657696,40,14.379609179496764,40,9.928367239236831,40,10.647488617897034,40,11.167266815900803,40,11.630919647216796,40,12.490352320671084,40,0.0003612011671066284,40,12.045305299758912,40,8.810973492264747,40,9.584871935844422,40,10.198084598779678,40,10.683883166313171,40,11.27483542084694,40,0.06188724631921486,40,133411.2,40,0.4946564264595509,40,0.9999900907278061,40,0.9997346058487893,40,0.9999058738350868,40,0.9999429143965244,40,0.9999624073505402,40,0.999979112893343,40,147456.0,40,23592960.0,0.8168320089578629,40,3560.325,40,null permutations then draws averaged within patient; pooled counts are replicated draw-pixels
60,RIM_ONE_r3,LIN_SUP,11,posterior_mean_clean,student,40,40,40,0.03136780679147301,40,0.17998995431698858,40,0.9380077785915798,40,-9.369337284564972,40,9.805052161216736,40,-3.833014413714409,40,-2.9077018439769744,40,6.908034858107567,40,7.808508638143539,40,8.736975037813187,40,3.8716961570084094,40,17.542562699317934,40,10.776488721370697,40,11.473200190067292,40,12.114360582828521,40,12.840863001346587,40,13.967459658384325,40,0.0006644226610660553,40,13.612017297744751,40,9.529730159044266,40,10.333793652057647,40,11.127103745937347,40,11.749778258800507,40,12.537774794101718,40,0.06489197217940465,40,138314.875,40,0.48972897306084634,40,0.999997940659523,40,0.9998984903097152,40,0.9999552801251411,40,0.9999774344265461,40,0.9999873161315918,40,0.9999941736459732,40,147456.0,40,5898240.0,0.8669111520051956,40,3665.8,40,null permutations then draws averaged within patient; pooled counts are replicated draw-pixels
60,RIM_ONE_r3,LIN_SUP,11,posterior_mean_clean,teacher,40,40,40,0.03078333656259626,40,0.16976763848215343,40,0.929857211642795,40,-9.665170514583588,40,9.585663914680481,40,-3.792586347460747,40,-2.8624026387929917,40,6.873091870546341,40,7.725186662673951,40,8.61527016925812,40,4.055074837710708,40,17.29402799606323,40,10.689130240678788,40,11.371775209903717,40,11.956814724206925,40,12.619071292877198,40,13.751434966325764,40,0.000388035923242569,40,13.347105526924134,40,9.469260734319686,40,10.239434242248535,40,10.994823068380356,40,11.560792303085327,40,12.349087264537813,40,0.0642361826358229,40,137113.025,40,0.48981814458966255,40,0.9999973148107528,40,0.9998887978494168,40,0.999951146543026,40,0.9999740928411484,40,0.9999845921993256,40,0.999993030577898,40,147456.0,40,5898240.0,0.8554819792509079,40,3715.325,40,null permutations then draws averaged within patient; pooled counts are replicated draw-pixels
60,RIM_ONE_r3,LIN_SUP,11,training_like,student,40,160,160,0.036019324956701994,40,0.21988139072200283,40,0.9405312432183159,40,-9.99075323343277,40,10.044891846179961,40,-3.811267451196909,40,-2.8890344075858594,40,6.865576916188002,40,7.728877770602703,40,8.691138118624687,40,3.865470807941165,40,18.586741626262665,40,10.726577846705913,40,11.398774519562721,40,12.002058741450309,40,12.700803875923157,40,13.851619765758517,40,0.0007266161032021045,40,13.972924792766571,40,9.454602794349194,40,10.241213321685791,40,11.023140002787112,40,11.674966859817506,40,12.548527216017249,40,0.0743487859141983,40,138686.975,40,0.48566377107053993,40,0.9999983087182045,40,0.9998905643820762,40,0.9999506920576096,40,0.9999752305448055,40,0.9999867554754018,40,0.9999943773820996,40,147456.0,40,23592960.0,0.8728269599378109,40,3364.09375,40,null permutations then draws averaged within patient; pooled counts are replicated draw-pixels
60,RIM_ONE_r3,LIN_SUP,11,training_like,teacher,40,160,160,0.03078333656259626,40,0.16976763848215343,40,0.929857211642795,40,-9.665170514583588,40,9.585663914680481,40,-3.792586347460747,40,-2.8624026387929917,40,6.873091870546341,40,7.725186662673951,40,8.61527016925812,40,4.055074837710708,40,17.29402799606323,40,10.689130240678788,40,11.371775209903717,40,11.956814724206925,40,12.619071292877198,40,13.751434966325764,40,0.000388035923242569,40,13.347105526924134,40,9.469260734319686,40,10.239434242248535,40,10.994823068380356,40,11.560792303085327,40,12.349087264537813,40,0.0642361826358229,40,137113.025,40,0.48981814458966255,40,0.9999973148107528,40,0.9998887978494168,40,0.999951146543026,40,0.9999740928411484,40,0.9999845921993256,40,0.999993030577898,40,147456.0,40,23592960.0,0.8554819792509079,40,3715.325,40,null permutations then draws averaged within patient; pooled counts are replicated draw-pixels
80,RIM_ONE_r3,LIN_SUP,11,posterior_mean_clean,student,40,40,40,0.03170547318903927,40,0.1918981932103634,40,0.9461147732204861,40,-9.470340037345887,40,9.864366817474366,40,-3.956689675152302,40,-3.1402603328227996,40,7.180677339434624,40,7.98901468038559,40,8.821261128664016,40,4.149531406536698,40,18.077776074409485,40,11.172366845607758,40,11.840520572662353,40,12.457416266202927,40,13.166905319690704,40,14.337915157079697,40,0.0006806135177612304,40,13.699259877204895,40,10.071298068761825,40,10.812878334522248,40,11.469347298145294,40,12.034814643859864,40,12.704596576690676,40,0.06513641133591533,40,139510.3,40,0.4895970806479454,40,0.9999981045722961,40,0.9999399475753308,40,0.9999714016914367,40,0.9999840795993805,40,0.9999905437231064,40,0.9999951034784317,40,147456.0,40,5898240.0,0.8810481175780296,40,3600.925,40,null permutations then draws averaged within patient; pooled counts are replicated draw-pixels
80,RIM_ONE_r3,LIN_SUP,11,posterior_mean_clean,teacher,40,40,40,0.032246807918025096,40,0.19640132756903766,40,0.9456551445855034,40,-9.767426800727844,40,9.807962465286256,40,-3.9321562215685844,40,-3.119043004512787,40,7.133329892158509,40,7.971512560844421,40,8.792982554197312,40,4.124426293559372,40,18.38190588951111,40,11.104935675859451,40,11.78340175151825,40,12.400623905658723,40,13.086417102813721,40,14.233046929836277,40,0.0008627131581306457,40,13.637796473503112,40,9.978127562999726,40,10.76169731616974,40,11.44932712316513,40,12.01489416360855,40,12.683243130445481,40,0.06599823599189183,40,139442.525,40,0.4867096871137619,40,0.9999979078769684,40,0.9999341391026974,40,0.9999698609113693,40,0.9999834209680557,40,0.9999901130795479,40,0.999994882941246,40,147456.0,40,5898240.0,0.8817564815282821,40,3752.025,40,null permutations then draws averaged within patient; pooled counts are replicated draw-pixels
80,RIM_ONE_r3,LIN_SUP,11,training_like,student,40,160,160,0.036499611384635956,40,0.24010440834099428,40,0.9482588873969184,40,-10.148596906661988,40,10.207248455286026,40,-3.9271057356148957,40,-3.114227843284607,40,7.139362455904484,40,7.903356100916864,40,8.728292625248432,40,4.162239351635799,40,19.3133041203022,40,11.116751998662949,40,11.766016429662704,40,12.346628278493881,40,12.990885901451112,40,14.242932322919376,40,0.0007125772535800934,40,14.219490426778794,40,9.997287067770959,40,10.704303589463233,40,11.348792718350888,40,11.9190000385046,40,12.668050611913207,40,0.07484287728857625,40,139826.4625,40,0.4860841719433665,40,0.9999984875321388,40,0.9999344287440181,40,0.9999682508409024,40,0.9999821223318577,40,0.9999895423650742,40,0.9999949354305864,40,147456.0,40,23592960.0,0.8894226256757974,40,3307.1375,40,null permutations then draws averaged within patient; pooled counts are replicated draw-pixels
80,RIM_ONE_r3,LIN_SUP,11,training_like,teacher,40,160,160,0.032246807918025096,40,0.19640132756903766,40,0.9456551445855034,40,-9.767426800727844,40,9.807962465286256,40,-3.9321562215685844,40,-3.119043004512787,40,7.133329892158509,40,7.971512560844421,40,8.792982554197312,40,4.124426293559372,40,18.38190588951111,40,11.104935675859451,40,11.78340175151825,40,12.400623905658723,40,13.086417102813721,40,14.233046929836277,40,0.0008627131581306457,40,13.637796473503112,40,9.978127562999726,40,10.76169731616974,40,11.44932712316513,40,12.01489416360855,40,12.683243130445481,40,0.06599823599189183,40,139442.525,40,0.4867096871137619,40,0.9999979078769684,40,0.9999341391026974,40,0.9999698609113693,40,0.9999834209680557,40,0.9999901130795479,40,0.999994882941246,40,147456.0,40,23592960.0,0.8817564815282821,40,3752.025,40,null permutations then draws averaged within patient; pooled counts are replicated draw-pixels
100,RIM_ONE_r3,LIN_SUP,11,posterior_mean_clean,student,40,40,40,0.03409314757670674,40,0.23889639703556895,40,0.9618959214952257,40,-9.775471031665802,40,11.258802795410157,40,-3.9597565308213234,40,-3.2745968103408813,40,7.262004813551902,40,8.111322857141495,40,8.876930808782578,40,3.7985654501244426,40,20.687853956222533,40,11.258201229572297,40,11.972248363494874,40,12.640679734945298,40,13.345087385177612,40,14.762735778093344,40,0.0009544990956783294,40,15.560681080818176,40,10.251816254854202,40,11.056896209716797,40,11.706286120414735,40,12.22679716348648,40,12.883121757507329,40,0.06918496779229551,40,141837.325,40,0.4844702363014221,40,0.9999992161989212,40,0.9999475747346878,40,0.9999765902757645,40,0.9999871194362641,40,0.9999919921159744,40,0.9999958008527756,40,147456.0,40,5898240.0,0.9119037464261055,40,3787.975,40,null permutations then draws averaged within patient; pooled counts are replicated draw-pixels
100,RIM_ONE_r3,LIN_SUP,11,posterior_mean_clean,teacher,40,40,40,0.03395359389907955,40,0.2357267275452614,40,0.9610315958658854,40,-9.762238717079162,40,11.098154997825622,40,-3.9566666439175604,40,-3.266967737674713,40,7.256939882040024,40,8.10327104449272,40,8.869667744874956,40,3.8236924849450586,40,20.48344531059265,40,11.251469945907592,40,11.961494386196136,40,12.629668247699737,40,13.334011840820313,40,14.72588578820229,40,0.0010228440165519713,40,15.295035600662231,40,10.240706312656403,40,11.04238120317459,40,11.689425694942475,40,12.210133159160614,40,12.860060236454013,40,0.06892452466272657,40,141709.875,40,0.48408145904541017,40,0.9999991178512573,40,0.9999471858143807,40,0.9999762937426567,40,0.9999869167804718,40,0.9999918699264526,40,0.9999957084655762,40,147456.0,40,5898240.0,0.9100031152367591,40,3782.375,40,null permutations then draws averaged within patient; pooled counts are replicated draw-pixels
100,RIM_ONE_r3,LIN_SUP,11,training_like,student,40,160,160,0.03880212381630044,40,0.2896264074719511,40,0.9607529534233941,40,-10.30357197225094,40,11.759280622005463,40,-3.9296307798475025,40,-3.2685911245644093,40,7.2514673411846164,40,8.020251635015011,40,8.768902579844,40,3.9331398047972472,40,21.73370514512062,40,11.233728778362273,40,11.884309396147728,40,12.492134509980678,40,13.119008833169937,40,14.826385683119303,40,0.001121174730360508,40,16.235880410671236,40,10.209750667214394,40,10.984174031019212,40,11.598236460983752,40,12.112892082333564,40,12.862213253974915,40,0.07890209704265341,40,141668.7875,40,0.486042769998312,40,0.9999993652105331,40,0.9999451639130712,40,0.9999745592474938,40,0.9999855415895581,40,0.9999910183250904,40,0.9999958049133421,40,147456.0,40,23592960.0,0.9174371592700481,40,3504.16875,40,null permutations then draws averaged within patient; pooled counts are replicated draw-pixels
100,RIM_ONE_r3,LIN_SUP,11,training_like,teacher,40,160,160,0.03395359389907955,40,0.2357267275452614,40,0.9610315958658854,40,-9.762238717079162,40,11.098154997825622,40,-3.9566666439175604,40,-3.266967737674713,40,7.256939882040024,40,8.10327104449272,40,8.869667744874956,40,3.8236924849450586,40,20.48344531059265,40,11.251469945907592,40,11.961494386196136,40,12.629668247699737,40,13.334011840820313,40,14.72588578820229,40,0.0010228440165519713,40,15.295035600662231,40,10.240706312656403,40,11.04238120317459,40,11.689425694942475,40,12.210133159160614,40,12.860060236454013,40,0.06892452466272657,40,141709.875,40,0.48408145904541017,40,0.9999991178512573,40,0.9999471858143807,40,0.9999762937426567,40,0.9999869167804718,40,0.9999918699264526,40,0.9999957084655762,40,147456.0,40,23592960.0,0.9100031152367591,40,3782.375,40,null permutations then draws averaged within patient; pooled counts are replicated draw-pixels
20,Drishti_GS,LIN_SUP,21,posterior_mean_clean,student,25,25,25,0.05143553154848633,25,0.19855783492326737,25,0.8299411349826389,25,-7.18360803604126,25,8.498206024169923,25,-2.824525525569916,25,-2.323841269016266,25,4.769566249847412,25,5.906824464797974,25,7.066490224266054,25,0.9974757167696953,25,14.540527229309083,25,7.5700457620620725,25,8.377256231307983,25,9.127171354293823,25,9.875417709350586,25,12.100921026229862,25,0.00023856878280639648,25,12.101247940063477,25,6.449021058082581,25,7.8850545310974125,25,8.67302767753601,25,9.382247848510742,25,10.829855772018437,25,0.10602071737693441,25,122379.8,25,0.4103699290752411,25,0.9999837589263916,25,0.9964543509483338,25,0.9993337702751159,25,0.9996920239925384,25,0.9998478412628173,25,0.9999582524299622,25,147456.0,25,3686400.0,0.8197655057907105,25,8581.0,25,null permutations then draws averaged within patient; pooled counts are replicated draw-pixels
20,Drishti_GS,LIN_SUP,21,posterior_mean_clean,teacher,25,25,25,0.03964605367748138,25,0.1484999331831932,25,0.7880658637152778,25,-6.214825687408447,25,7.077986125946045,25,-2.647382333278656,25,-2.1427802658081054,25,4.438741536140442,25,5.744020854949952,25,6.290638708496095,25,1.2436527232825756,25,12.135504875183106,25,7.285020189285278,25,8.150020112991333,25,8.652383046150208,25,9.020452785491944,25,10.259331335067753,25,0.00016713500022888183,25,10.00679515838623,25,5.643605260848999,25,7.698192625045777,25,8.30639925956726,25,8.674329948425292,25,9.224225654602055,25,0.0860114130701559,25,116205.04,25,0.4290410876274109,25,0.9999102783203125,25,0.9917087841033936,25,0.9992057323455811,25,0.9995440196990967,25,0.9996787166595459,25,0.9998191218376159,25,147456.0,25,3686400.0,0.7577490139007569,25,7053.08,25,null permutations then draws averaged within patient; pooled counts are replicated draw-pixels
20,Drishti_GS,LIN_SUP,21,training_like,student,25,100,100,0.04802824321820985,25,0.18643447160720825,25,0.8348967149522568,25,-7.162607684135437,25,8.460527520179749,25,-2.8266039800643923,25,-2.313578606247902,25,4.786329639554023,25,5.89932934808731,25,7.037571859598163,25,1.0799725633859634,25,14.33617561340332,25,7.589652643203736,25,8.394748270511627,25,9.124750757217408,25,9.878249249458314,25,11.912797802925118,25,0.00020932197570800782,25,12.05494873046875,25,6.500327835679054,25,7.871972529888153,25,8.650839521884919,25,9.360288648605346,25,10.740051864147187,25,0.09986141669810106,25,123110.53,25,0.4162091013789177,25,0.9999860346317291,25,0.9968348963558674,25,0.9993331128358841,25,0.9996883749961853,25,0.9998454064130783,25,0.9999567142128944,25,147456.0,25,14745600.0,0.819088785648346,25,7938.67,25,null permutations then draws averaged within patient; pooled counts are replicated draw-pixels
20,Drishti_GS,LIN_SUP,21,training_like,teacher,25,100,100,0.03964605367748138,25,0.1484999331831932,25,0.7880658637152778,25,-6.214825687408447,25,7.077986125946045,25,-2.647382333278656,25,-2.1427802658081054,25,4.438741536140442,25,5.744020854949952,25,6.290638708496095,25,1.2436527232825756,25,12.135504875183106,25,7.285020189285278,25,8.150020112991333,25,8.652383046150208,25,9.020452785491944,25,10.259331335067753,25,0.00016713500022888183,25,10.00679515838623,25,5.643605260848999,25,7.698192625045777,25,8.30639925956726,25,8.674329948425292,25,9.224225654602055,25,0.0860114130701559,25,116205.04,25,0.4290410876274109,25,0.9999102783203125,25,0.9917087841033936,25,0.9992057323455811,25,0.9995440196990967,25,0.9996787166595459,25,0.9998191218376159,25,147456.0,25,14745600.0,0.7577490139007569,25,7053.08,25,null permutations then draws averaged within patient; pooled counts are replicated draw-pixels
40,Drishti_GS,LIN_SUP,21,posterior_mean_clean,student,25,25,25,0.046601582124623946,25,0.19799721986055374,25,0.857365451388889,25,-10.493012313842774,25,10.528132934570312,25,-3.6383640694618227,25,-2.898015465736389,25,5.44427412033081,25,6.841407960891724,25,8.111127792930606,25,1.1884147971868515,25,20.1278173828125,25,9.043639974594116,25,10.085047740936279,25,10.91057846069336,25,11.765303421020509,25,15.556397430419933,25,0.00028436601161956786,25,14.441143341064453,25,7.527241253852845,25,9.397951965332032,25,10.403445119857787,25,11.224091701507568,25,12.68659072685242,25,0.09723244290064774,25,126423.68,25,0.4186849069595337,25,0.999997878074646,25,0.998528773188591,25,0.9998578596115112,25,0.9999451351165771,25,0.9999737739562988,25,0.9999920532703399,25,147456.0,25,3686400.0,0.8421373891830445,25,7524.0,25,null permutations then draws averaged within patient; pooled counts are replicated draw-pixels
40,Drishti_GS,LIN_SUP,21,posterior_mean_clean,teacher,25,25,25,0.044363213987995156,25,0.19213370531797408,25,0.86464111328125,25,-10.389757118225099,25,10.368629837036133,25,-3.4203633880615234,25,-2.842144737243652,25,5.4145652246475215,25,6.597778120040894,25,7.751356649208072,25,1.2386462771892548,25,19.913303756713866,25,8.7319388961792,25,9.624945430755615,25,10.4720592212677,25,11.246094341278075,25,15.163504455566422,25,0.0002937448024749756,25,13.781706352233886,25,7.687150297164917,25,9.111407432556152,25,9.997808103561402,25,10.713755435943604,25,12.009798463821419,25,0.09344336333571154,25,127496.52,25,0.4196629047393799,25,0.999996976852417,25,0.9988640648126602,25,0.9998031568527221,25,0.9999178457260132,25,0.9999578332901001,25,0.9999885845184326,25,147456.0,25,3686400.0,0.8416235446929932,25,6795.96,25,null permutations then draws averaged within patient; pooled counts are replicated draw-pixels
40,Drishti_GS,LIN_SUP,21,training_like,student,25,100,100,0.04246053048830516,25,0.17832224514335393,25,0.8604669189453125,25,-10.339349002838135,25,10.414553937911988,25,-3.6289723974466326,25,-2.9304512190818786,25,5.536528824567795,25,6.810074561595917,25,8.093321884584428,25,1.2860687964782118,25,19.75517002105713,25,9.141794140338897,25,10.102559871673584,25,10.880459287166595,25,11.725761575698852,25,15.419389258384719,25,0.0002292230725288391,25,14.42441933631897,25,7.686578055620194,25,9.424052500724793,25,10.328602659702302,25,11.117108092308044,25,12.670491259574895,25,0.0896616009799885,25,126881.01,25,0.4266401293873787,25,0.9999981462955475,25,0.99877162322402,25,0.9998642134666443,25,0.9999420261383056,25,0.9999720746278763,25,0.9999921116828918,25,147456.0,25,14745600.0,0.8369153988361359,25,6978.84,25,null permutations then draws averaged within patient; pooled counts are replicated draw-pixels
40,Drishti_GS,LIN_SUP,21,training_like,teacher,25,100,100,0.044363213987995156,25,0.19213370531797408,25,0.86464111328125,25,-10.389757118225099,25,10.368629837036133,25,-3.4203633880615234,25,-2.842144737243652,25,5.4145652246475215,25,6.597778120040894,25,7.751356649208072,25,1.2386462771892548,25,19.913303756713866,25,8.7319388961792,25,9.624945430755615,25,10.4720592212677,25,11.246094341278075,25,15.163504455566422,25,0.0002937448024749756,25,13.781706352233886,25,7.687150297164917,25,9.111407432556152,25,9.997808103561402,25,10.713755435943604,25,12.009798463821419,25,0.09344336333571154,25,127496.52,25,0.4196629047393799,25,0.999996976852417,25,0.9988640648126602,25,0.9998031568527221,25,0.9999178457260132,25,0.9999578332901001,25,0.9999885845184326,25,147456.0,25,14745600.0,0.8416235446929932,25,6795.96,25,null permutations then draws averaged within patient; pooled counts are replicated draw-pixels
60,Drishti_GS,LIN_SUP,21,posterior_mean_clean,student,25,25,25,0.04898937589546324,25,0.25614373475313185,25,0.8941097005208333,25,-11.917936820983886,25,11.908453941345215,25,-3.874441409111023,25,-3.2277053499221804,25,5.843972148895264,25,7.1099040317535405,25,8.519820973587038,25,1.5108173149824142,25,23.16254539489746,25,9.580620279312134,25,10.618708324432372,25,11.44182767868042,25,12.152715682983398,25,18.297068582534806,25,0.00027230978012084963,25,16.07855392456055,25,8.535834808349609,25,10.00236110687256,25,10.942276744842529,25,11.559949054718018,25,13.400396371841442,25,0.10361219780968833,25,131841.84,25,0.4216346299648285,25,0.9999996280670166,25,0.9993957078456879,25,0.9999228763580322,25,0.9999671757221222,25,0.9999816656112671,25,0.999996723651886,25,147456.0,25,3686400.0,0.8693379878997802,25,6735.16,25,null permutations then draws averaged within patient; pooled counts are replicated draw-pixels
60,Drishti_GS,LIN_SUP,21,posterior_mean_clean,teacher,25,25,25,0.0474753023383932,25,0.24446685522794723,25,0.896201443142361,25,-11.96293685913086,25,11.926855163574219,25,-3.7894161558151245,25,-3.1697507286071778,25,5.791027221679688,25,7.026018688201904,25,8.418133096122745,25,1.6235782474279403,25,23.31177978515625,25,9.433566722869873,25,10.461187534332275,25,11.272776765823364,25,11.978014850616455,25,18.046475269317643,25,0.0005542349815368653,25,15.847315979003906,25,8.461370329856873,25,9.878147068023681,25,10.78083854675293,25,11.38884334564209,25,13.183847967147834,25,0.1006918495044997,25,132150.28,25,0.4239319610595703,25,0.9999995279312134,25,0.9994215393066406,25,0.9999123907089233,25,0.9999619340896606,25,0.999978621006012,25,0.9999962468147278,25,147456.0,25,3686400.0,0.8701955604553223,25,6638.64,25,null permutations then draws averaged within patient; pooled counts are replicated draw-pixels
60,Drishti_GS,LIN_SUP,21,training_like,student,25,100,100,0.04543669307023366,25,0.23158325470983981,25,0.894138658311632,25,-11.894492692947388,25,11.786867322921752,25,-3.878681271076202,25,-3.253134318590164,25,5.905860184431076,25,7.116989206790923,25,8.417798195505148,25,1.4721686848253013,25,22.835885791778566,25,9.676491460800172,25,10.670125775337219,25,11.447285516262054,25,12.09849633216858,25,18.05255956935884,25,0.0003957512800116092,25,15.737198190689087,25,8.637607392072677,25,10.061216044425965,25,10.93223157644272,25,11.49298704147339,25,13.081887823104864,25,0.09723150654929537,25,131846.11,25,0.42448173493146896,25,0.9999995422363281,25,0.9994660243391991,25,0.9999274933338165,25,0.9999674788117409,25,0.9999805998802185,25,0.999995498418808,25,147456.0,25,14745600.0,0.8684777522087097,25,6318.95,25,null permutations then draws averaged within patient; pooled counts are replicated draw-pixels
60,Drishti_GS,LIN_SUP,21,training_like,teacher,25,100,100,0.0474753023383932,25,0.24446685522794723,25,0.896201443142361,25,-11.96293685913086,25,11.926855163574219,25,-3.7894161558151245,25,-3.1697507286071778,25,5.791027221679688,25,7.026018688201904,25,8.418133096122745,25,1.6235782474279403,25,23.31177978515625,25,9.433566722869873,25,10.461187534332275,25,11.272776765823364,25,11.978014850616455,25,18.046475269317643,25,0.0005542349815368653,25,15.847315979003906,25,8.461370329856873,25,9.878147068023681,25,10.78083854675293,25,11.38884334564209,25,13.183847967147834,25,0.1006918495044997,25,132150.28,25,0.4239319610595703,25,0.9999995279312134,25,0.9994215393066406,25,0.9999123907089233,25,0.9999619340896606,25,0.999978621006012,25,0.9999962468147278,25,147456.0,25,14745600.0,0.8701955604553223,25,6638.64,25,null permutations then draws averaged within patient; pooled counts are replicated draw-pixels
80,Drishti_GS,LIN_SUP,21,posterior_mean_clean,student,25,25,25,0.0500345695888407,25,0.29746406108140944,25,0.9182750108506944,25,-13.030929641723633,25,13.368036041259765,25,-3.9595144462585448,25,-3.3348652219772337,25,5.972782869338989,25,7.208218915939332,25,9.187658433532718,25,1.8610259369015694,25,25.841239242553712,25,9.796425561904908,25,10.849932460784911,25,11.693947057724,25,12.556053829193115,25,20.76544794082643,25,0.00044304072856903075,25,18.27107925415039,25,8.825214786529541,25,10.2125874710083,25,11.103973712921142,25,11.750484867095947,25,14.81412827873231,25,0.10446932924810495,25,135405.16,25,0.4331106185913086,25,0.9999998998641968,25,0.9996697354316711,25,0.9999381256103516,25,0.9999734449386597,25,0.9999857354164123,25,0.9999989175796509,25,147456.0,25,3686400.0,0.8927396607398986,25,6575.6,25,null permutations then draws averaged within patient; pooled counts are replicated draw-pixels
80,Drishti_GS,LIN_SUP,21,posterior_mean_clean,teacher,25,25,25,0.04924609846141216,25,0.2829448074102402,25,0.9157609049479166,25,-12.87967384338379,25,13.044754829406738,25,-3.9403689670562745,25,-3.3446988010406495,25,6.010877628326416,25,7.17698005104065,25,9.01246394653321,25,1.8648839831352233,25,25.349671249389647,25,9.83703769683838,25,10.81193645477295,25,11.590262203216552,25,12.380591621398926,25,20.357266042709377,25,0.00041343212127685546,25,17.647298049926757,25,8.881423544883727,25,10.219582462310791,25,11.058773155212402,25,11.654741611480713,25,14.392287923812876,25,0.10295070526188449,25,135034.44,25,0.4300727868080139,25,0.9999998474121093,25,0.9996633875370026,25,0.9999379014968872,25,0.9999717426300049,25,0.999984107017517,25,0.9999984407424927,25,147456.0,25,3686400.0,0.8900351405143738,25,6478.48,25,null permutations then draws averaged within patient; pooled counts are replicated draw-pixels
80,Drishti_GS,LIN_SUP,21,training_like,student,25,100,100,0.047086837487901594,25,0.2732595080137253,25,0.9190736897786458,25,-13.160106630325318,25,13.365370016098023,25,-3.9710220247507095,25,-3.3568657541275027,25,6.024603739976883,25,7.195922739505768,25,9.162164310550697,25,1.7237323791347443,25,25.90830867767334,25,9.891218123435975,25,10.867189979553222,25,11.67109268426895,25,12.596188249588012,25,20.648806211471573,25,0.0005097350478172302,25,17.94157820701599,25,8.930223692655563,25,10.231563181877137,25,11.0873299741745,25,11.767828969955444,25,14.595468162059792,25,0.09848219415636963,25,135522.93,25,0.4353086894750595,25,0.9999998986721039,25,0.9997218018770218,25,0.9999399954080581,25,0.9999732318520546,25,0.9999858152866363,25,0.999998608827591,25,147456.0,25,14745600.0,0.889904938340187,25,6203.35,25,null permutations then draws averaged within patient; pooled counts are replicated draw-pixels
80,Drishti_GS,LIN_SUP,21,training_like,teacher,25,100,100,0.04924609846141216,25,0.2829448074102402,25,0.9157609049479166,25,-12.87967384338379,25,13.044754829406738,25,-3.9403689670562745,25,-3.3446988010406495,25,6.010877628326416,25,7.17698005104065,25,9.01246394653321,25,1.8648839831352233,25,25.349671249389647,25,9.83703769683838,25,10.81193645477295,25,11.590262203216552,25,12.380591621398926,25,20.357266042709377,25,0.00041343212127685546,25,17.647298049926757,25,8.881423544883727,25,10.219582462310791,25,11.058773155212402,25,11.654741611480713,25,14.392287923812876,25,0.10295070526188449,25,135034.44,25,0.4300727868080139,25,0.9999998474121093,25,0.9996633875370026,25,0.9999379014968872,25,0.9999717426300049,25,0.999984107017517,25,0.9999984407424927,25,147456.0,25,14745600.0,0.8900351405143738,25,6478.48,25,null permutations then draws averaged within patient; pooled counts are replicated draw-pixels
100,Drishti_GS,LIN_SUP,21,posterior_mean_clean,student,25,25,25,0.04941310243566274,25,0.31822596073150633,25,0.9326630316840278,25,-12.991660385131835,25,14.370962524414063,25,-3.96617999792099,25,-3.3568090105056765,25,6.091631808280945,25,7.143071060180664,25,9.521645740127573,25,1.806438535451889,25,26.817310409545897,25,9.940858316421508,25,10.846754570007324,25,11.703456554412842,25,12.793531112670898,25,20.95691712570192,25,0.000532536506652832,25,20.98164192199707,25,9.066938724517822,25,10.161761302947998,25,10.973565607070922,25,11.716935768127442,25,15.897986444473279,25,0.10239041018904692,25,137526.76,25,0.4337119138240814,25,0.9999999809265137,25,0.9997869825363159,25,0.9999359846115112,25,0.9999711322784424,25,0.9999857378005982,25,0.9999995803833008,25,147456.0,25,3686400.0,0.9066772770881653,25,6426.84,25,null permutations then draws averaged within patient; pooled counts are replicated draw-pixels
100,Drishti_GS,LIN_SUP,21,posterior_mean_clean,teacher,25,25,25,0.049391821991044305,25,0.3138187000155449,25,0.9309383138020833,25,-13.011453247070312,25,14.227070846557616,25,-3.9661560225486756,25,-3.3617403984069822,25,6.091319365501404,25,7.15203832054138,25,9.479582173156746,25,1.8139149233698846,25,26.69677261352539,25,9.945639219284057,25,10.857957973480225,25,11.699293022155763,25,12.743143482208252,25,20.97598573684694,25,0.0004152682423591614,25,20.565383224487306,25,9.060151171684264,25,10.181532878875732,25,10.9901553440094,25,11.707104949951171,25,15.740195459365857,25,0.10236641806382912,25,137272.44,25,0.43123491764068606,25,0.9999999666213989,25,0.9997806107997894,25,0.9999371147155762,25,0.9999714469909669,25,0.9999855995178223,25,0.9999995062351226,25,147456.0,25,3686400.0,0.9046088933944703,25,6444.08,25,null permutations then draws averaged within patient; pooled counts are replicated draw-pixels
100,Drishti_GS,LIN_SUP,21,training_like,student,25,100,100,0.0473349128988654,25,0.2963697950541973,25,0.9331781005859375,25,-13.06224144935608,25,14.362341413497925,25,-3.978156194090843,25,-3.364992949962616,25,6.12814913392067,25,7.10316004037857,25,9.554631430625923,25,1.6833259407430887,25,26.90064392089844,25,10.024454123973847,25,10.82865716457367,25,11.654480981826783,25,12.892472667694092,25,20.879977087974567,25,0.0005729900300502777,25,20.52601028442383,25,9.136210052967071,25,10.143366169929504,25,10.925483787059784,25,11.77542986869812,25,15.705511991024027,25,0.09759920314764507,25,137602.71,25,0.43773555487394333,25,0.9999999833106995,25,0.999808388352394,25,0.9999357122182846,25,0.9999700033664704,25,0.9999862885475159,25,0.9999994921684265,25,147456.0,25,14745600.0,0.9017716199159622,25,6107.95,25,null permutations then draws averaged within patient; pooled counts are replicated draw-pixels
100,Drishti_GS,LIN_SUP,21,training_like,teacher,25,100,100,0.049391821991044305,25,0.3138187000155449,25,0.9309383138020833,25,-13.011453247070312,25,14.227070846557616,25,-3.9661560225486756,25,-3.3617403984069822,25,6.091319365501404,25,7.15203832054138,25,9.479582173156746,25,1.8139149233698846,25,26.69677261352539,25,9.945639219284057,25,10.857957973480225,25,11.699293022155763,25,12.743143482208252,25,20.97598573684694,25,0.0004152682423591614,25,20.565383224487306,25,9.060151171684264,25,10.181532878875732,25,10.9901553440094,25,11.707104949951171,25,15.740195459365857,25,0.10236641806382912,25,137272.44,25,0.43123491764068606,25,0.9999999666213989,25,0.9997806107997894,25,0.9999371147155762,25,0.9999714469909669,25,0.9999855995178223,25,0.9999995062351226,25,147456.0,25,14745600.0,0.9046088933944703,25,6444.08,25,null permutations then draws averaged within patient; pooled counts are replicated draw-pixels
20,Drishti_GS,SUP_G1,21,posterior_mean_clean,student,25,25,25,0.05555962859323902,25,0.258806517124176,25,0.8445518663194446,25,-18.73638458251953,25,25.529007186889647,25,-13.976892194747926,25,-7.374964537620545,25,13.761336784362793,25,22.884164169311525,25,23.911049627685543,25,2.1327359962463377,25,41.74546264648438,25,23.95390655517578,25,37.19022407531738,25,39.15517459869385,25,39.69710922241211,25,40.1825595855713,25,0.00016664505004882813,25,41.09207458496094,25,17.926768484115602,25,33.95163902282715,25,36.407414245605466,25,36.996848068237306,25,37.97088346862793,25,0.11262593126277867,25,124534.24,25,0.4680236601829529,25,1.0,25,0.9997804319858551,25,1.0,25,1.0,25,1.0,25,1.0,25,147456.0,25,3686400.0,0.8133139848709107,25,8451.2,25,null permutations then draws averaged within patient; pooled counts are replicated draw-pixels
20,Drishti_GS,SUP_G1,21,posterior_mean_clean,teacher,25,25,25,0.04603585598836718,25,0.1920057687163353,25,0.8286143663194444,25,-18.28474418640137,25,24.94051170349121,25,-12.989521713256837,25,-6.155331230163574,25,12.382921977043152,25,22.18840215301514,25,23.019970501708986,25,1.6515701293945313,25,40.62914321899414,25,21.218316278457642,25,35.95759735107422,25,37.52201591491699,25,37.881157608032225,25,38.33499255371094,25,0.00016933441162109375,25,39.84087646484375,25,15.363836197853088,25,32.52919399261474,25,34.53982040405273,25,35.055782318115234,25,35.96095468902588,25,0.09662801640050034,25,122184.16,25,0.45930357813835143,25,1.0,25,0.9993979102373123,25,1.0,25,1.0,25,1.0,25,1.0,25,147456.0,25,3686400.0,0.7930936574935913,25,7786.88,25,null permutations then draws averaged within patient; pooled counts are replicated draw-pixels
20,Drishti_GS,SUP_G1,21,training_like,student,25,100,100,0.11709389885321998,25,0.4351072565466165,25,0.6850941297743056,25,-16.959025325775148,25,14.308429651260376,25,-8.736108686625958,25,-3.6133400780335068,25,5.637872538324445,25,9.590283372998238,25,11.41454556412697,25,0.670383453592658,25,27.69685345649719,25,12.221025431156159,25,19.92561710000038,25,21.518423438072205,25,22.39373705148697,25,23.975332602024082,25,0.0001627799868583679,25,21.9399679851532,25,7.79834816634655,25,14.134081201553345,25,15.650329377055169,25,16.53974845767021,25,18.07487754106522,25,0.2209230051206263,25,101021.24,25,0.3918663501739502,25,0.9999730527400971,25,0.9681027580797672,25,0.9882644295692444,25,0.9947510746121406,25,0.9977190035581589,25,0.9995371594429016,25,147456.0,25,14745600.0,0.7687385255098342,25,19328.67,25,null permutations then draws averaged within patient; pooled counts are replicated draw-pixels
20,Drishti_GS,SUP_G1,21,training_like,teacher,25,100,100,0.13937607024031928,25,0.527448748126626,25,0.6625781928168402,25,-15.760103631019593,25,12.44518204689026,25,-7.793169308453798,25,-3.1015328255295755,25,4.599752966426313,25,8.160161926686763,25,9.992138002157214,25,0.6653672736883164,25,24.52307900428772,25,10.64675592303276,25,17.27722880125046,25,18.734747720956804,25,19.528841733932495,25,20.90315186595917,25,0.00013937532901763916,25,18.86887593746185,25,6.287172639816999,25,11.961972547471523,25,13.381420122385025,25,14.180424876213074,25,15.422820570588115,25,0.25451064829476,25,97701.13,25,0.38889740020036695,25,0.9999113613367081,25,0.9548242969810963,25,0.9828379932045936,25,0.9906547585129738,25,0.9950399735569954,25,0.9987446521818637,25,147456.0,25,14745600.0,0.7655448108911515,25,22727.49,25,null permutations then draws averaged within patient; pooled counts are replicated draw-pixels
40,Drishti_GS,SUP_G1,21,posterior_mean_clean,student,25,25,25,0.05606391058914596,25,0.3443269410729408,25,0.8808189561631944,25,-23.516420364379883,25,24.357005844116213,25,-20.446286907196043,25,-12.792510929107666,25,16.08943612098694,25,22.80940759277344,25,23.392017934417726,25,1.5944234508275985,25,46.36514511108398,25,31.741958589553832,25,43.73909744262696,25,45.09738311767578,25,45.402107849121094,25,45.7002001876831,25,0.0003079015016555786,25,45.08542694091797,25,25.821132087707518,25,41.18669639587402,25,42.8679736328125,25,43.505620880126955,25,44.12820712280274,25,0.11279759667465501,25,129882.04,25,0.4484104812145233,25,1.0,25,0.9999789893627167,25,1.0,25,1.0,25,1.0,25,1.0,25,147456.0,25,3686400.0,0.835677969455719,25,7259.76,25,null permutations then draws averaged within patient; pooled counts are replicated draw-pixels
40,Drishti_GS,SUP_G1,21,posterior_mean_clean,teacher,25,25,25,0.050320866242076996,25,0.26619193464517593,25,0.8824891493055556,25,-19.559952697753907,25,26.148296127319338,25,-15.41392463684082,25,-9.890896558761597,25,17.252915458679198,25,24.13868309783936,25,24.501374196624752,25,3.210587196350098,25,43.67313858032227,25,31.370297374725343,25,41.09749305725098,25,41.65086784362793,25,41.9253377532959,25,42.368243515014655,25,0.0002575111389160156,25,42.18072509765625,25,23.72877683162689,25,37.198489379882815,25,38.25251739501953,25,38.66541946411133,25,39.433791488647465,25,0.10357561075738433,25,130128.32,25,0.4825593662261963,25,1.0,25,0.9999712491035462,25,1.0,25,1.0,25,1.0,25,1.0,25,147456.0,25,3686400.0,0.8438915252685547,25,8010.96,25,null permutations then draws averaged within patient; pooled counts are replicated draw-pixels
40,Drishti_GS,SUP_G1,21,training_like,student,25,100,100,0.05079898727503556,25,0.270574311465025,25,0.8698070610894096,25,-23.983310203552247,25,23.070066871643068,25,-19.566510875225067,25,-12.142207427024841,25,14.383957833051682,25,20.778213980674746,25,21.500843573760985,25,1.7074903704226017,25,45.56788394927978,25,28.624416446685792,25,41.227940196990964,25,42.81583024978638,25,43.36677886962891,25,44.0229476108551,25,0.0002698490023612976,25,42.58000553131104,25,24.115381582975388,25,38.618403882980346,25,40.04447514057159,25,40.505408143997194,25,41.04720901489258,25,0.10415310415015197,25,128258.27,25,0.46066063314676287,25,1.0,25,0.9999650806188584,25,1.0,25,1.0,25,1.0,25,1.0,25,147456.0,25,14745600.0,0.8248767286539078,25,7177.04,25,null permutations then draws averaged within patient; pooled counts are replicated draw-pixels
40,Drishti_GS,SUP_G1,21,training_like,teacher,25,100,100,0.04813356292046997,25,0.24090721167623996,25,0.8753488498263888,25,-20.67850712776184,25,24.1833097076416,25,-15.089309315681458,25,-9.865119066238403,25,15.64433463215828,25,22.03431866645813,25,22.64028967018128,25,3.0831271612644198,25,43.03040893554687,25,28.387669374942778,25,38.44057719230652,25,39.598356213569645,25,40.0939959526062,25,40.91155748939514,25,0.0002746391296386719,25,39.09675870895386,25,22.947941653728485,25,35.266888818740846,25,36.210157952308656,25,36.62605890274048,25,37.31264744472504,25,0.09904274247393095,25,129075.44,25,0.4873238608241081,25,1.0,25,0.9999487707018853,25,1.0,25,1.0,25,1.0,25,1.0,25,147456.0,25,14745600.0,0.8344720315933227,25,7738.65,25,null permutations then draws averaged within patient; pooled counts are replicated draw-pixels
60,Drishti_GS,SUP_G1,21,posterior_mean_clean,student,25,25,25,0.05445294671071073,25,0.39296622037887574,25,0.9211740451388889,25,-23.590989990234377,25,24.511420364379884,25,-20.630512599945067,25,-14.592138023376465,25,17.492266988754274,25,22.460165328979492,25,23.070529387664795,25,2.988485361933708,25,46.38548919677734,25,35.69095731735229,25,43.73743309020996,25,44.58803653717041,25,44.8848836517334,25,45.27942057037353,25,0.00035344600677490235,25,45.502548828125,25,29.193869438171387,25,40.94080558776855,25,42.36972183227539,25,43.02622398376465,25,43.98820216369629,25,0.11133917351684286,25,135832.64,25,0.46516056299209596,25,1.0,25,0.9999998331069946,25,1.0,25,1.0,25,1.0,25,1.0,25,147456.0,25,3686400.0,0.9002343821525574,25,7619.48,25,null permutations then draws averaged within patient; pooled counts are replicated draw-pixels
60,Drishti_GS,SUP_G1,21,posterior_mean_clean,teacher,25,25,25,0.05134667875838608,25,0.3576366227865219,25,0.91791015625,25,-23.48922477722168,25,24.319650344848633,25,-20.524846363067628,25,-14.115353012084961,25,17.005278205871583,25,22.35005033111572,25,22.95576443939209,25,3.2822988593578337,25,46.14885803222656,25,34.47155403137207,25,43.61787254333496,25,44.44516521453858,25,44.73673484802246,25,45.13228978729248,25,0.00037360668182373046,25,45.150308990478514,25,28.17041916847229,25,40.793854217529294,25,42.18589988708496,25,42.85793632507324,25,43.75947997283935,25,0.10589848233242952,25,135351.36,25,0.4684857201576233,25,1.0,25,0.9999996900558472,25,1.0,25,1.0,25,1.0,25,1.0,25,147456.0,25,3686400.0,0.8899043488502503,25,7083.96,25,null permutations then draws averaged within patient; pooled counts are replicated draw-pixels
60,Drishti_GS,SUP_G1,21,training_like,student,25,100,100,0.053651239029143954,25,0.23322445206344128,25,0.8343838161892362,25,-16.198511939048768,25,16.464987320899965,25,-9.885539163947106,25,-5.432833550125361,25,9.264610275775194,25,12.642628217577935,25,14.101542888736725,25,2.1391262942552567,25,30.69867073059082,25,18.51266553044319,25,24.196449635028838,25,25.556067014932633,25,26.505142784118654,25,27.978542280673988,25,0.000220506489276886,25,24.492704133987427,25,13.463199200630187,25,18.91749683856964,25,20.06091157078743,25,20.88198697090149,25,22.124806475400934,25,0.10869698186168382,25,123034.9,25,0.4596663737297058,25,0.9999984800815582,25,0.9955551627278328,25,0.9980520242452622,25,0.9993828694522381,25,0.9998567253351212,25,0.9999864404201507,25,147456.0,25,14745600.0,0.8377748239040375,25,8961.74,25,null permutations then draws averaged within patient; pooled counts are replicated draw-pixels
60,Drishti_GS,SUP_G1,21,training_like,teacher,25,100,100,0.0639383090325666,25,0.267735718972981,25,0.8216577826605903,25,-16.12199146270752,25,14.674503946304322,25,-9.742641761302949,25,-5.45654441896826,25,8.184848845787347,25,11.110211040854454,25,12.514285807895662,25,2.064717850387096,25,28.723777551651,25,17.211682707071304,25,22.81342042684555,25,24.10726134777069,25,25.00858215332031,25,26.36336800622941,25,0.0002129984274506569,25,22.493706283569335,25,12.609421649351717,25,17.530412399172782,25,18.58538696706295,25,19.32821348428726,25,20.464915109157566,25,0.12511789674610424,25,121158.37,25,0.454535066485405,25,0.9999955326318741,25,0.9869798296689987,25,0.9936992293596267,25,0.9982108256220817,25,0.9995225957036018,25,0.9999177454113961,25,147456.0,25,14745600.0,0.8335684806108474,25,10318.24,25,null permutations then draws averaged within patient; pooled counts are replicated draw-pixels
80,Drishti_GS,SUP_G1,21,posterior_mean_clean,student,25,25,25,0.05749190480193647,25,0.5442466765642167,25,0.9394824218750002,25,-24.763918151855467,25,25.167140426635743,25,-21.072219314575197,25,-14.86613468170166,25,19.13737287521362,25,23.166101768493654,25,23.74479666442871,25,3.9261787295341493,25,47.786460418701175,25,40.42457975387573,25,45.06999656677246,25,45.88899486541748,25,46.214289321899415,25,46.67526212310791,25,0.0006670951843261719,25,46.3917854309082,25,31.24104642868042,25,40.338660049438474,25,42.606391258239746,25,43.29828590393066,25,44.21729626464843,25,0.11636748672588614,25,138532.32,25,0.47709240555763244,25,1.0,25,0.9999999952316284,25,1.0,25,1.0,25,1.0,25,1.0,25,147456.0,25,3686400.0,0.921954333782196,25,7470.36,25,null permutations then draws averaged within patient; pooled counts are replicated draw-pixels
80,Drishti_GS,SUP_G1,21,posterior_mean_clean,teacher,25,25,25,0.05633436305909223,25,0.4837646758556366,25,0.9301820203993055,25,-24.459318542480467,25,25.075270767211915,25,-20.983520259857176,25,-14.963915882110596,25,19.016378192901612,25,23.090773361206058,25,23.66176954574585,25,3.9076832365989684,25,47.45654983520508,25,39.63573728561401,25,44.831509857177736,25,45.626071014404296,25,45.93118278503418,25,46.359032760620124,25,0.000656585693359375,25,46.38452072143555,25,31.22414666175842,25,40.58584915161133,25,42.70391208648682,25,43.38058753967285,25,44.280180458068855,25,0.11463982955920145,25,137160.92,25,0.47679938077926637,25,1.0,25,0.9999999761581421,25,1.0,25,1.0,25,1.0,25,1.0,25,147456.0,25,3686400.0,0.9076226782798767,25,7467.16,25,null permutations then draws averaged within patient; pooled counts are replicated draw-pixels
80,Drishti_GS,SUP_G1,21,training_like,student,25,100,100,0.05818118992459253,25,0.37183181159198286,25,0.8957037353515627,25,-19.944472188949586,25,16.230082144737242,25,-13.751225254535676,25,-9.016166321430354,25,10.91016982793808,25,13.393785448074341,25,14.455867838954925,25,1.2218167793750763,25,34.46057153701782,25,24.111483061313628,25,28.78419633388519,25,30.123898959159852,25,30.89577649116516,25,31.98334946250916,25,0.0004195404052734375,25,28.854481534957884,25,19.033127014636992,25,23.60204084634781,25,24.822388254404068,25,25.53301172018051,25,26.610289858818057,25,0.11810831492049037,25,132076.89,25,0.42561641067266465,25,0.9999999582767487,25,0.9999442595243454,25,0.9999761140346527,25,0.999984000325203,25,0.9999886566400528,25,0.9999994039535522,25,147456.0,25,14745600.0,0.8845705491304398,25,8461.74,25,null permutations then draws averaged within patient; pooled counts are replicated draw-pixels
80,Drishti_GS,SUP_G1,21,training_like,teacher,25,100,100,0.05900529110328837,25,0.3699031591787934,25,0.8891990831163195,25,-20.23904142379761,25,15.122561445236206,25,-14.123359270095825,25,-9.007649113237857,25,10.126957822442055,25,12.614508667230604,25,13.611877414751055,25,1.12466503739357,25,33.743994140625,25,23.49155377149582,25,28.48360414981842,25,29.983890409469605,25,30.748818979263305,25,31.811476189613348,25,0.00029103517532348634,25,28.004383735656738,25,18.156648913621904,25,23.065093960762024,25,24.411635518074036,25,25.072071294784546,25,26.071466345787048,25,0.1198144053402593,25,131117.74,25,0.41735237777233125,25,0.9999999713897705,25,0.9999852335453033,25,0.9999950218200684,25,0.9999977099895477,25,0.9999988055229188,25,0.999999748468399,25,147456.0,25,14745600.0,0.8731926834583282,25,8489.36,25,null permutations then draws averaged within patient; pooled counts are replicated draw-pixels
100,Drishti_GS,SUP_G1,21,posterior_mean_clean,student,25,25,25,0.05893056840914748,25,0.694463216662407,25,0.9498038736979167,25,-25.742871932983398,25,26.224218521118164,25,-21.375181465148927,25,-13.815175971984864,25,18.141005306243898,25,23.827713378906246,25,24.683566889953617,25,3.2952160489559175,25,49.571507873535154,25,39.70247205734253,25,46.179470443725585,25,47.2815571975708,25,47.74987739562988,25,48.299332145690926,25,0.0009643363952636718,25,47.35630828857422,25,28.419202213287353,25,39.492610168457034,25,42.75257625579834,25,43.860670013427736,25,44.981700340271,25,0.1193244300936319,25,140054.28,25,0.45951682329177856,25,1.0,25,1.0,25,1.0,25,1.0,25,1.0,25,1.0,25,147456.0,25,3686400.0,0.9381885933876037,25,7136.68,25,null permutations then draws averaged within patient; pooled counts are replicated draw-pixels
100,Drishti_GS,SUP_G1,21,posterior_mean_clean,teacher,25,25,25,0.05871510868351227,25,0.6651458662748336,25,0.9481792534722223,25,-25.537570877075197,25,25.86301773071289,25,-21.366141586303712,25,-14.090468044281005,25,18.278154306411743,25,23.544100708007814,25,24.34438698425293,25,3.4564903831481932,25,49.029026641845704,25,39.896678314208984,25,45.80289474487304,25,46.81712646484375,25,47.25786598205566,25,47.79110332489014,25,0.0007071876525878906,25,47.07438980102539,25,28.98948123931885,25,39.6192448425293,25,42.6735897064209,25,43.68733818054199,25,44.77027886199952,25,0.11882795425745316,25,139814.72,25,0.46153578996658323,25,1.0,25,1.0,25,1.0,25,1.0,25,1.0,25,1.0,25,147456.0,25,3686400.0,0.9357893991470337,25,7224.92,25,null permutations then draws averaged within patient; pooled counts are replicated draw-pixels
100,Drishti_GS,SUP_G1,21,training_like,student,25,100,100,0.05203894834958393,25,0.3380733976513147,25,0.8768305799696179,25,-15.842296776771546,25,14.63829092502594,25,-9.818010115623474,25,-5.096533640362322,25,9.329873906373978,25,11.7117976064682,25,12.890862144041064,25,1.1965821528434752,25,28.348658275604247,25,18.76391921043396,25,22.581992273330687,25,23.97230351448059,25,24.814125509262084,25,26.025467033863073,25,0.00036017417907714845,25,22.928832149505617,25,13.308710029125214,25,17.554919381141662,25,18.874571191072462,25,19.664533033370972,25,20.81367233228684,25,0.1084873228228398,25,129293.93,25,0.4199681907892227,25,0.9999985933303833,25,0.9996352306008339,25,0.9998211455345154,25,0.9998944002389908,25,0.9999385130405426,25,0.9999922715425491,25,147456.0,25,14745600.0,0.8679143333435059,25,7424.36,25,null permutations then draws averaged within patient; pooled counts are replicated draw-pixels
100,Drishti_GS,SUP_G1,21,training_like,teacher,25,100,100,0.053006560452700385,25,0.3774390690028667,25,0.876581285264757,25,-15.312837829589844,25,14.757211928367616,25,-8.800284714102744,25,-4.320133176259697,25,9.596896165013312,25,12.075889491558076,25,13.190640262222292,25,1.2253554683923722,25,27.988672618865966,25,18.104606252908706,25,22.333405742645265,25,23.8970330286026,25,24.74776452064514,25,25.963468023300173,25,0.0003263258934020996,25,22.019940242767333,25,12.978362823724746,25,16.888600068092344,25,18.193543256521224,25,18.949325759410858,25,20.178566938400273,25,0.11139999081892421,25,129257.17,25,0.4176943424344063,25,0.9999957531690598,25,0.9995099928975105,25,0.9998529505729675,25,0.9999134457111358,25,0.9999504745006561,25,0.999989914894104,25,147456.0,25,14745600.0,0.8642066085338592,25,7252.02,25,null permutations then draws averaged within patient; pooled counts are replicated draw-pixels
20,RIM_ONE_r3,LIN_SUP,21,posterior_mean_clean,student,40,40,40,0.02749210888693293,40,0.12398843858391047,40,0.8876130845811632,40,-6.697615444660187,40,8.286841690540314,40,-3.672326447069645,40,-3.196252319216728,40,5.266533496975899,40,6.062264835834503,40,6.447069972634317,40,3.887787288427353,40,14.056360673904418,40,8.869646537303925,40,9.498425018787383,40,9.963140112161636,40,10.248850774765014,40,11.365535333156593,40,0.00030456185340881347,40,10.792082929611206,40,7.9442662566900255,40,9.069529521465302,40,9.632601726055146,40,9.972722160816193,40,10.264713472127914,40,0.059144207650675115,40,130883.875,40,0.49609849527478217,40,0.9999590933322906,40,0.9993258096277714,40,0.9997986823320388,40,0.9998826041817666,40,0.999914014339447,40,0.9999331010878085,40,147456.0,40,5898240.0,0.7927743956446648,40,3883.675,40,null permutations then draws averaged within patient; pooled counts are replicated draw-pixels
20,RIM_ONE_r3,LIN_SUP,21,posterior_mean_clean,teacher,40,40,40,0.02835816755530484,40,0.12349613085389137,40,0.8711073133680557,40,-5.98329313993454,40,7.732474780082702,40,-3.5210198506712915,40,-3.0293250381946564,40,5.106754472851753,40,5.880493251085282,40,6.211629712820054,40,3.8096080899238585,40,13.008948707580567,40,8.61244394183159,40,9.19207444190979,40,9.616008269786835,40,9.877902674674989,40,10.84950188398362,40,0.00030034780502319336,40,10.297359013557434,40,7.583698776364327,40,8.744403207302094,40,9.27533757686615,40,9.556946229934692,40,9.79241244316101,40,0.06113102172773684,40,128450.0,40,0.4969582915306091,40,0.9999352872371674,40,0.9989244513213634,40,0.999727213382721,40,0.999835054576397,40,0.9998716965317727,40,0.9998962889611722,40,147456.0,40,5898240.0,0.7771404311060905,40,3856.8,40,null permutations then draws averaged within patient; pooled counts are replicated draw-pixels
20,RIM_ONE_r3,LIN_SUP,21,training_like,student,40,160,160,0.030065954021127557,40,0.14219913885463029,40,0.8920889536539713,40,-6.829828724265099,40,8.221046167612077,40,-3.6463846638798714,40,-3.1908130586147307,40,5.28953577876091,40,5.994591343998909,40,6.380230709254742,40,3.880324443243444,40,14.063771575689316,40,8.918659301102162,40,9.466957986354828,40,9.857023204863072,40,10.121357724070549,40,11.215162660181534,40,0.00033862181007862093,40,10.828725212812424,40,7.972026804089547,40,9.031305614113808,40,9.52766143977642,40,9.838124746084214,40,10.178028762340546,40,0.0644685147583273,40,131543.86875,40,0.49483755361288784,40,0.999961007386446,40,0.9993742363527417,40,0.9997918143868446,40,0.999869505316019,40,0.9999015394598245,40,0.9999277470260857,40,147456.0,40,23592960.0,0.7930115908384323,40,3774.3125,40,null permutations then draws averaged within patient; pooled counts are replicated draw-pixels
20,RIM_ONE_r3,LIN_SUP,21,training_like,teacher,40,160,160,0.02835816755530484,40,0.12349613085389137,40,0.8711073133680557,40,-5.98329313993454,40,7.732474780082702,40,-3.5210198506712915,40,-3.0293250381946564,40,5.106754472851753,40,5.880493251085282,40,6.211629712820054,40,3.8096080899238585,40,13.008948707580567,40,8.61244394183159,40,9.19207444190979,40,9.616008269786835,40,9.877902674674989,40,10.84950188398362,40,0.00030034780502319336,40,10.297359013557434,40,7.583698776364327,40,8.744403207302094,40,9.27533757686615,40,9.556946229934692,40,9.79241244316101,40,0.06113102172773684,40,128450.0,40,0.4969582915306091,40,0.9999352872371674,40,0.9989244513213634,40,0.999727213382721,40,0.999835054576397,40,0.9998716965317727,40,0.9998962889611722,40,147456.0,40,23592960.0,0.7771404311060905,40,3856.8,40,null permutations then draws averaged within patient; pooled counts are replicated draw-pixels
40,RIM_ONE_r3,LIN_SUP,21,posterior_mean_clean,student,40,40,40,0.02940774250844495,40,0.14219372645020484,40,0.9053195529513889,40,-8.284985935688018,40,9.469744861125946,40,-4.205629992485046,40,-3.68704477250576,40,5.802854719758034,40,6.696839637756346,40,7.260608229398729,40,4.141686415672302,40,16.921717405319214,40,9.899419802427293,40,10.641347181797027,40,11.23612072467804,40,11.638450741767883,40,13.202600758075722,40,0.0003283560276031494,40,12.228305792808532,40,8.814896160364151,40,10.13760848045349,40,10.796517741680145,40,11.263506758213044,40,11.763735727071765,40,0.061488332489727224,40,133494.8,40,0.4962877303361893,40,0.9999890863895416,40,0.9996686041355133,40,0.9999325752258301,40,0.99996392801404,40,0.9999760016798973,40,0.99998379945755,40,147456.0,40,5898240.0,0.8295093804597855,40,4392.125,40,null permutations then draws averaged within patient; pooled counts are replicated draw-pixels
40,RIM_ONE_r3,LIN_SUP,21,posterior_mean_clean,teacher,40,40,40,0.027832040541039126,40,0.1427068947814405,40,0.9137261284722221,40,-8.47224828004837,40,9.716445100307464,40,-4.102696898579597,40,-3.6723419934511186,40,5.796890085935592,40,6.615511219501494,40,7.142458032131197,40,4.313834440708161,40,17.27980320453644,40,9.810896128416061,40,10.483454728126526,40,11.007665061950684,40,11.394749069213868,40,13.17818107366563,40,0.0004432976245880127,40,11.927162361145019,40,8.87689113020897,40,10.074354135990143,40,10.635901844501495,40,11.035788834095001,40,11.469214119911195,40,0.05925631783103804,40,134734.4,40,0.49805779233574865,40,0.9999867767095566,40,0.9996951662003994,40,0.999926121532917,40,0.9999569870531559,40,0.9999704003334046,40,0.9999796791374683,40,147456.0,40,5898240.0,0.8317632302641869,40,3670.35,40,null permutations then draws averaged within patient; pooled counts are replicated draw-pixels
40,RIM_ONE_r3,LIN_SUP,21,training_like,student,40,160,160,0.030455360472289306,40,0.15718740429729222,40,0.9083018408881294,40,-8.316536909341812,40,9.405135458707809,40,-4.1963110089302065,40,-3.6825798265635967,40,5.8168837882578375,40,6.681572099626064,40,7.227029399603606,40,4.025040207058192,40,16.872434371709822,40,9.916868367791176,40,10.648519313335418,40,11.199118630588055,40,11.593328768014908,40,13.042539955973638,40,0.00036679208278656006,40,12.253681761026382,40,8.859396437555551,40,10.129383450746536,40,10.756623770296574,40,11.190769720077515,40,11.682443072199822,40,0.06405829095908729,40,133934.55625,40,0.49272431824356316,40,0.9999894350767136,40,0.9997050363570452,40,0.9999323267489671,40,0.9999624788761139,40,0.999974400550127,40,0.9999829358607532,40,147456.0,40,23592960.0,0.8299429435282946,40,4217.25,40,null permutations then draws averaged within patient; pooled counts are replicated draw-pixels
40,RIM_ONE_r3,LIN_SUP,21,training_like,teacher,40,160,160,0.027832040541039126,40,0.1427068947814405,40,0.9137261284722221,40,-8.47224828004837,40,9.716445100307464,40,-4.102696898579597,40,-3.6723419934511186,40,5.796890085935592,40,6.615511219501494,40,7.142458032131197,40,4.313834440708161,40,17.27980320453644,40,9.810896128416061,40,10.483454728126526,40,11.007665061950684,40,11.394749069213868,40,13.17818107366563,40,0.0004432976245880127,40,11.927162361145019,40,8.87689113020897,40,10.074354135990143,40,10.635901844501495,40,11.035788834095001,40,11.469214119911195,40,0.05925631783103804,40,134734.4,40,0.49805779233574865,40,0.9999867767095566,40,0.9996951662003994,40,0.999926121532917,40,0.9999569870531559,40,0.9999704003334046,40,0.9999796791374683,40,147456.0,40,23592960.0,0.8317632302641869,40,3670.35,40,null permutations then draws averaged within patient; pooled counts are replicated draw-pixels
60,RIM_ONE_r3,LIN_SUP,21,posterior_mean_clean,student,40,40,40,0.03190393985751648,40,0.19099793918430805,40,0.9411470201280382,40,-10.68574662208557,40,11.976497435569764,40,-4.459956562519073,40,-3.993464910984039,40,6.222285968065262,40,6.959704959392548,40,7.62173036491871,40,4.62170934677124,40,22.087910461425782,40,10.580672925710678,40,11.184768664836884,40,11.753847140073777,40,12.18834364414215,40,15.119680354595207,40,0.0004627525806427002,40,13.039034986495972,40,9.707361182570457,40,10.682564997673035,40,11.311538487672806,40,11.760265350341797,40,12.313275367021562,40,0.06537362881285855,40,138777.775,40,0.4982290223240852,40,0.9999950915575028,40,0.9998938083648682,40,0.9999598026275635,40,0.9999780654907227,40,0.9999855250120163,40,0.9999909371137619,40,147456.0,40,5898240.0,0.8723198145627975,40,4045.975,40,null permutations then draws averaged within patient; pooled counts are replicated draw-pixels
60,RIM_ONE_r3,LIN_SUP,21,posterior_mean_clean,teacher,40,40,40,0.030805073970951623,40,0.18385602310299873,40,0.9403659396701389,40,-10.525877451896667,40,11.91595013141632,40,-4.4187757760286335,40,-3.9647765308618546,40,6.174979597330093,40,6.9143375718593605,40,7.573737653613091,40,4.810208016633988,40,21.826007223129274,40,10.479533076286316,40,11.085206723213195,40,11.64582064151764,40,12.070665323734284,40,15.30331713914874,40,0.0006305098533630372,40,12.931832265853881,40,9.626752376556396,40,10.612172973155975,40,11.238822966814041,40,11.687903296947479,40,12.23998122572899,40,0.06359274801320006,40,138662.6,40,0.49926353991031647,40,0.9999944806098938,40,0.999882810562849,40,0.9999566003680229,40,0.9999762326478958,40,0.9999842435121536,40,0.9999901294708252,40,147456.0,40,5898240.0,0.8702953636646271,40,3842.775,40,null permutations then draws averaged within patient; pooled counts are replicated draw-pixels
60,RIM_ONE_r3,LIN_SUP,21,training_like,student,40,160,160,0.03351227203959297,40,0.21268212044378743,40,0.942793189154731,40,-10.745679721236229,40,11.928310269117356,40,-4.444786084443331,40,-3.9928898654878138,40,6.225157851725816,40,6.934507628679276,40,7.597750597298147,40,4.360954060405493,40,22.045668929815292,40,10.576295100152493,40,11.169783610105515,40,11.705309504270554,40,12.12977706193924,40,14.882711372971562,40,0.0006945535540580749,40,13.079810202121735,40,9.739529477059842,40,10.666788625717164,40,11.265852631628514,40,11.699458360671997,40,12.255828329622748,40,0.06900579200002444,40,139020.5125,40,0.4967243459075689,40,0.9999952554702759,40,0.9999002404510975,40,0.9999589122831821,40,0.9999767899513244,40,0.9999843426048756,40,0.9999903667345643,40,147456.0,40,23592960.0,0.8712557658553124,40,3888.5125,40,null permutations then draws averaged within patient; pooled counts are replicated draw-pixels
60,RIM_ONE_r3,LIN_SUP,21,training_like,teacher,40,160,160,0.030805073970951623,40,0.18385602310299873,40,0.9403659396701389,40,-10.525877451896667,40,11.91595013141632,40,-4.4187757760286335,40,-3.9647765308618546,40,6.174979597330093,40,6.9143375718593605,40,7.573737653613091,40,4.810208016633988,40,21.826007223129274,40,10.479533076286316,40,11.085206723213195,40,11.64582064151764,40,12.070665323734284,40,15.30331713914874,40,0.0006305098533630372,40,12.931832265853881,40,9.626752376556396,40,10.612172973155975,40,11.238822966814041,40,11.687903296947479,40,12.23998122572899,40,0.06359274801320006,40,138662.6,40,0.49926353991031647,40,0.9999944806098938,40,0.999882810562849,40,0.9999566003680229,40,0.9999762326478958,40,0.9999842435121536,40,0.9999901294708252,40,147456.0,40,23592960.0,0.8702953636646271,40,3842.775,40,null permutations then draws averaged within patient; pooled counts are replicated draw-pixels
80,RIM_ONE_r3,LIN_SUP,21,posterior_mean_clean,student,40,40,40,0.032944694666316034,40,0.2341963061131537,40,0.9588228013780382,40,-11.65322676897049,40,14.216320586204528,40,-4.620401361584664,40,-4.076699447631836,40,6.373687997460365,40,7.126293371915817,40,8.081037051916127,40,4.9311658322811125,40,25.547849798202513,40,10.873731625080108,40,11.544900465011597,40,12.14772961139679,40,12.613603496551514,40,17.208228186368977,40,0.0009512722492218018,40,13.942114305496215,40,10.086798918247222,40,10.884562277793885,40,11.570977628231049,40,12.072550308704376,40,12.730190790891651,40,0.06738467548658392,40,141384.175,40,0.4990723229944706,40,0.9999977350234985,40,0.9999311521649361,40,0.9999685987830162,40,0.9999835580587387,40,0.9999895185232163,40,0.9999943196773529,40,147456.0,40,5898240.0,0.9021554201841354,40,3713.375,40,null permutations then draws averaged within patient; pooled counts are replicated draw-pixels
80,RIM_ONE_r3,LIN_SUP,21,posterior_mean_clean,teacher,40,40,40,0.032711474103578234,40,0.22929118536412715,40,0.9573638916015625,40,-11.428902971744538,40,14.03482437133789,40,-4.605852466821671,40,-4.075278916954995,40,6.36317186653614,40,7.107671397924423,40,8.009131928920748,40,4.7817755997180935,40,25.147304153442384,40,10.849892669916153,40,11.501303708553314,40,12.100641822814941,40,12.561194705963135,40,16.793139024972955,40,0.0005426257848739624,40,13.805900287628173,40,10.051012670993805,40,10.871514213085174,40,11.53729242682457,40,12.03622180223465,40,12.685216984748843,40,0.06675713415430402,40,141169.05,40,0.49930165857076647,40,0.9999974876642227,40,0.9999289885163307,40,0.9999678790569305,40,0.9999830186367035,40,0.9999891817569733,40,0.9999940825998783,40,147456.0,40,5898240.0,0.9039048492908478,40,3924.4,40,null permutations then draws averaged within patient; pooled counts are replicated draw-pixels
80,RIM_ONE_r3,LIN_SUP,21,training_like,student,40,160,160,0.0350473895868567,40,0.259472879965324,40,0.9599073621961807,40,-11.645432171225547,40,14.192948740720748,40,-4.609217630326748,40,-4.081754163652659,40,6.38072359636426,40,7.100503151416779,40,8.06305383166671,40,4.7331776693463326,40,25.5233183324337,40,10.889428442716598,40,11.517711055278777,40,12.09063218086958,40,12.550906810164452,40,16.913907277584105,40,0.0008475348353385925,40,13.989035314321518,40,10.096319079399109,40,10.883662095665931,40,11.537552301585674,40,12.029548117518425,40,12.708375212252143,40,0.07124950354597905,40,141544.1,40,0.49908416587859394,40,0.9999978385865689,40,0.9999321505427361,40,0.9999682158231735,40,0.9999825881794095,40,0.9999886460602283,40,0.9999941017106175,40,147456.0,40,23592960.0,0.9014237225055695,40,3570.33125,40,null permutations then draws averaged within patient; pooled counts are replicated draw-pixels
80,RIM_ONE_r3,LIN_SUP,21,training_like,teacher,40,160,160,0.032711474103578234,40,0.22929118536412715,40,0.9573638916015625,40,-11.428902971744538,40,14.03482437133789,40,-4.605852466821671,40,-4.075278916954995,40,6.36317186653614,40,7.107671397924423,40,8.009131928920748,40,4.7817755997180935,40,25.147304153442384,40,10.849892669916153,40,11.501303708553314,40,12.100641822814941,40,12.561194705963135,40,16.793139024972955,40,0.0005426257848739624,40,13.805900287628173,40,10.051012670993805,40,10.871514213085174,40,11.53729242682457,40,12.03622180223465,40,12.685216984748843,40,0.06675713415430402,40,141169.05,40,0.49930165857076647,40,0.9999974876642227,40,0.9999289885163307,40,0.9999678790569305,40,0.9999830186367035,40,0.9999891817569733,40,0.9999940825998783,40,147456.0,40,23592960.0,0.9039048492908478,40,3924.4,40,null permutations then draws averaged within patient; pooled counts are replicated draw-pixels
100,RIM_ONE_r3,LIN_SUP,21,posterior_mean_clean,student,40,40,40,0.03453923397597565,40,0.27693359199911355,40,0.969814215766059,40,-12.324306988716126,40,15.595816016197205,40,-4.6693191021680835,40,-4.097105523943901,40,6.4534064620733265,40,7.143954243659974,40,8.493469687581072,40,4.425048640370369,40,27.69549117088318,40,11.01209208369255,40,11.681677913665771,40,12.288449609279633,40,12.787085020542145,40,18.20494421005252,40,0.001168745756149292,40,14.331696176528931,40,10.255401492118835,40,10.944434547424317,40,11.52858954668045,40,12.016216051578521,40,12.78952855229378,40,0.06986109482776307,40,143004.925,40,0.49791634604334833,40,0.9999983966350555,40,0.999942060559988,40,0.9999711379408837,40,0.9999837070703507,40,0.9999895989894867,40,0.999994902163744,40,147456.0,40,5898240.0,0.9280197083950043,40,4045.6,40,null permutations then draws averaged within patient; pooled counts are replicated draw-pixels
100,RIM_ONE_r3,LIN_SUP,21,posterior_mean_clean,teacher,40,40,40,0.03452628020835517,40,0.27470270413905384,40,0.9692089504665798,40,-12.249550271034241,40,15.493610286712647,40,-4.668518045544625,40,-4.09748537838459,40,6.452703186869622,40,7.143386740684508,40,8.462229898214346,40,4.451586747169495,40,27.51937861442566,40,11.009557116031647,40,11.676782894134522,40,12.280029368400573,40,12.775599372386932,40,18.10499495387081,40,0.0009867012500762939,40,14.285907816886901,40,10.252958285808564,40,10.944045507907868,40,11.531980150938034,40,12.023261034488678,40,12.786960453987124,40,0.06983565250621228,40,142915.675,40,0.4982002519071102,40,0.9999983251094818,40,0.9999418526887893,40,0.9999711215496063,40,0.9999837040901184,40,0.9999896198511123,40,0.9999948620796204,40,147456.0,40,5898240.0,0.9260603651404381,40,4056.05,40,null permutations then draws averaged within patient; pooled counts are replicated draw-pixels
100,RIM_ONE_r3,LIN_SUP,21,training_like,student,40,160,160,0.03607482936003205,40,0.30291889355285095,40,0.9704850514729817,40,-12.31726240515709,40,15.519849216938018,40,-4.663178968429565,40,-4.104965388029814,40,6.457923506200314,40,7.119349780678749,40,8.496750934690242,40,4.2907788962125775,40,27.623700869083404,40,11.024185916781425,40,11.644197097420692,40,12.227507357299327,40,12.720077148079872,40,18.082903786897685,40,0.0010860268026590346,40,14.47228651046753,40,10.270940554141998,40,10.937681126594544,40,11.507886746525765,40,11.985241422057152,40,12.775655413269998,40,0.07288271398777761,40,143103.84375,40,0.4972483865916729,40,0.9999984942376614,40,0.9999435342848301,40,0.9999708607792854,40,0.9999829273670912,40,0.9999887943267822,40,0.9999947480857372,40,147456.0,40,23592960.0,0.9271156463772059,40,3874.2,40,null permutations then draws averaged within patient; pooled counts are replicated draw-pixels
100,RIM_ONE_r3,LIN_SUP,21,training_like,teacher,40,160,160,0.03452628020835517,40,0.27470270413905384,40,0.9692089504665798,40,-12.249550271034241,40,15.493610286712647,40,-4.668518045544625,40,-4.09748537838459,40,6.452703186869622,40,7.143386740684508,40,8.462229898214346,40,4.451586747169495,40,27.51937861442566,40,11.009557116031647,40,11.676782894134522,40,12.280029368400573,40,12.775599372386932,40,18.10499495387081,40,0.0009867012500762939,40,14.285907816886901,40,10.252958285808564,40,10.944045507907868,40,11.531980150938034,40,12.023261034488678,40,12.786960453987124,40,0.06983565250621228,40,142915.675,40,0.4982002519071102,40,0.9999983251094818,40,0.9999418526887893,40,0.9999711215496063,40,0.9999837040901184,40,0.9999896198511123,40,0.9999948620796204,40,147456.0,40,23592960.0,0.9260603651404381,40,4056.05,40,null permutations then draws averaged within patient; pooled counts are replicated draw-pixels
20,RIM_ONE_r3,SUP_G1,21,posterior_mean_clean,student,40,40,40,0.04119525376535825,40,0.24898963957093656,40,0.8886035495334201,40,-25.68414855003357,40,22.336403942108156,40,-22.467643105983733,40,-15.888785481452942,40,15.124271047115325,40,20.53712987422943,40,21.289912135601043,40,3.579537510871887,40,46.78763675689697,40,37.74879924058914,40,43.409201526641844,40,44.403267526626585,40,44.86286358833313,40,45.52830710887909,40,0.0002887200564146042,40,41.69090175628662,40,30.005773890018464,40,36.60627241134644,40,37.67211799621582,40,38.122284460067746,40,38.537847719192506,40,0.08525309326884561,40,131029.925,40,0.4970796503126621,40,1.0,40,0.9999999582767487,40,1.0,40,1.0,40,1.0,40,1.0,40,147456.0,40,5898240.0,0.804028445482254,40,4241.7,40,null permutations then draws averaged within patient; pooled counts are replicated draw-pixels
20,RIM_ONE_r3,SUP_G1,21,posterior_mean_clean,teacher,40,40,40,0.038492115646896405,40,0.20909162005409598,40,0.8785575018988716,40,-22.688979816436767,40,21.028155755996703,40,-19.744459986686707,40,-15.140730655193329,40,14.594264686107635,40,19.43636224746704,40,19.952882870674138,40,4.127789384126663,40,42.1247673034668,40,34.60965073108673,40,39.443409013748166,40,40.09187550544739,40,40.42545952796936,40,40.976821656227116,40,0.000288832513615489,40,39.065504264831546,40,29.025512820482255,40,35.1085741519928,40,35.9799770116806,40,36.37659606933594,40,36.74838074684143,40,0.07928646045893581,40,129548.575,40,0.49954261258244514,40,1.0,40,0.9999997675418854,40,1.0,40,1.0,40,1.0,40,1.0,40,147456.0,40,5898240.0,0.809243880212307,40,5249.0,40,null permutations then draws averaged within patient; pooled counts are replicated draw-pixels
20,RIM_ONE_r3,SUP_G1,21,training_like,student,40,160,160,0.055058109552399204,40,0.25128581875469536,40,0.8602362738715279,40,-17.738420483469962,40,13.765368202328682,40,-12.088651205785572,40,-5.699379779398441,40,7.685868317354471,40,10.950155670195818,40,11.842963540509343,40,2.5150883034802973,40,29.022010868787767,40,20.05494498834014,40,23.662477740645407,40,24.57559084892273,40,25.14070842266083,40,26.146430429220196,40,0.0003621407551690936,40,22.097169530391692,40,13.465877159684897,40,16.52640981376171,40,17.392266549542548,40,17.969078609347342,40,18.983729266375306,40,0.10739230594925697,40,126847.0,40,0.4453553264960647,40,0.9999975241720677,40,0.9972583511844277,40,0.9990063050761819,40,0.9995254786685109,40,0.9997814264148474,40,0.9999546651169657,40,147456.0,40,23592960.0,0.7747521078214049,40,7242.65625,40,null permutations then draws averaged within patient; pooled counts are replicated draw-pixels
20,RIM_ONE_r3,SUP_G1,21,training_like,teacher,40,160,160,0.07370183123532444,40,0.32133355736732483,40,0.8389509412977432,40,-16.656240370869636,40,13.660141223669052,40,-11.312974224053324,40,-4.888796346494928,40,7.950504324305802,40,10.86586597882211,40,11.699632161185146,40,2.6841621147003023,40,27.920426154136656,40,19.455095702409743,40,23.149563394486904,40,23.938086040318012,40,24.473211565613745,40,25.411648164987568,40,0.00045263925567269326,40,20.425729236006738,40,12.745448574051261,40,15.662929739058018,40,16.415305365808308,40,16.956766318529844,40,17.861259925216437,40,0.13541311775105697,40,123708.35,40,0.45579902175813913,40,0.9999743882566691,40,0.9887111138552427,40,0.9929035305976868,40,0.9958845056593418,40,0.9990174572914838,40,0.9998151382245123,40,147456.0,40,23592960.0,0.8154429830610752,40,10875.0,40,null permutations then draws averaged within patient; pooled counts are replicated draw-pixels
40,RIM_ONE_r3,SUP_G1,21,posterior_mean_clean,student,40,40,40,0.03758658001962532,40,0.3028182283975184,40,0.9272067599826389,40,-32.27642698287964,40,27.11342821121216,40,-29.279309582710265,40,-22.848393177986146,40,20.843527030944824,40,26.00864851474762,40,26.6111138253212,40,5.945147919654846,40,58.919851016998294,40,50.00660061836243,40,56.28710255622864,40,57.67543148994446,40,58.04632668495178,40,58.40703608512878,40,0.0004905144451186061,40,53.091472434997556,40,41.730540585517886,40,49.370413064956665,40,51.08072962760925,40,51.611013889312744,40,52.10646012306213,40,0.07767231311000919,40,136722.2,40,0.49965395256876943,40,1.0,40,1.0,40,1.0,40,1.0,40,1.0,40,1.0,40,147456.0,40,5898240.0,0.8279566839337349,40,4176.1,40,null permutations then draws averaged within patient; pooled counts are replicated draw-pixels
40,RIM_ONE_r3,SUP_G1,21,posterior_mean_clean,teacher,40,40,40,0.03656067359397639,40,0.24553977465257049,40,0.9196758694118923,40,-31.630223512649536,40,27.52697386741638,40,-28.414169239997864,40,-21.040108740329742,40,19.68937767148018,40,26.47669261455536,40,27.060109396934514,40,6.445707738399506,40,58.5406891822815,40,47.72322987318039,40,56.06769142150879,40,57.23444314002991,40,57.580743932724,40,58.0171893453598,40,0.000331345247104764,40,51.88277292251587,40,38.24906538724899,40,48.564912986755374,40,50.17823886871338,40,50.69125747680664,40,51.05775894165039,40,0.07504271961558973,40,135611.725,40,0.5000559613108635,40,1.0,40,1.0,40,1.0,40,1.0,40,1.0,40,1.0,40,147456.0,40,5898240.0,0.8236522436141968,40,4600.8,40,null permutations then draws averaged within patient; pooled counts are replicated draw-pixels
40,RIM_ONE_r3,SUP_G1,21,training_like,student,40,160,160,0.03659477691484199,40,0.2338492831448093,40,0.8933837890625,40,-25.669728291034698,40,17.395441231131553,40,-21.91374795138836,40,-17.671136236190797,40,13.123897524178028,40,15.85249624758959,40,16.363928315371275,40,2.594424766814336,40,42.182751059532166,40,34.27216992676258,40,38.92454629540443,40,39.979040428996086,40,40.39721185564995,40,40.897169923186304,40,0.00030034135561436416,40,37.94007401466369,40,29.85717286169529,40,34.506461799144745,40,35.58759132325649,40,36.00894792079926,40,36.50596066176892,40,0.07452439915667106,40,131734.8,40,0.4775035684928298,40,1.0,40,1.0,40,1.0,40,1.0,40,1.0,40,1.0,40,147456.0,40,23592960.0,0.7589697223156691,40,3889.23125,40,null permutations then draws averaged within patient; pooled counts are replicated draw-pixels
40,RIM_ONE_r3,SUP_G1,21,training_like,teacher,40,160,160,0.03410036445316993,40,0.17908530390122906,40,0.8824437035454645,40,-25.488882434368133,40,16.437455889582633,40,-21.86203553676605,40,-16.224479638040066,40,11.785445257276297,40,15.216737203896045,40,15.630223788619043,40,2.966622213460505,40,41.153660202026366,40,32.451842698454854,40,38.56628965735435,40,39.482770192623136,40,39.81209084391594,40,40.20057682394982,40,0.00022275852970778942,40,35.8760849237442,40,26.856654442846775,40,33.0798548579216,40,34.02177846431732,40,34.35892577171326,40,34.71031741678714,40,0.06923926953884449,40,130121.61875,40,0.4879072142764926,40,1.0,40,0.9999997690320015,40,1.0,40,1.0,40,1.0,40,1.0,40,147456.0,40,23592960.0,0.7387729112058878,40,4041.4375,40,null permutations then draws averaged within patient; pooled counts are replicated draw-pixels
60,RIM_ONE_r3,SUP_G1,21,posterior_mean_clean,student,40,40,40,0.03700832310905248,40,0.29704224187880757,40,0.9325215657552082,40,-37.96897706985474,40,34.49116086959839,40,-34.21764794588089,40,-22.07328748703003,40,26.87589672803879,40,33.212463555336,40,33.77788477802277,40,6.181984692811966,40,71.29576988220215,40,61.125596332550046,40,69.62002773284912,40,70.48244099617004,40,70.72966966629028,40,70.96916964530945,40,0.0004958808422088623,40,59.61482677459717,40,45.29218271970749,40,56.45935659408569,40,57.75805950164795,40,58.27197499275208,40,58.80985433578492,40,0.07441595304209347,40,137505.9,40,0.4998665675520897,40,1.0,40,1.0,40,1.0,40,1.0,40,1.0,40,1.0,40,147456.0,40,5898240.0,0.8389657005667687,40,4216.225,40,null permutations then draws averaged within patient; pooled counts are replicated draw-pixels
60,RIM_ONE_r3,SUP_G1,21,posterior_mean_clean,teacher,40,40,40,0.03573539612358824,40,0.28306287080049514,40,0.9307206895616318,40,-37.54998083114624,40,33.72390756607056,40,-33.86272897720337,40,-22.477346181869507,40,26.314878702163696,40,32.582627692222594,40,33.059340051651,40,6.616387522220611,40,70.0944980621338,40,60.17088968753815,40,68.62011804580689,40,69.35375957489013,40,69.57144165039062,40,69.78307307243348,40,0.0004544615745544434,40,59.071757316589355,40,45.15325300693512,40,56.43177394866943,40,57.51727604866028,40,57.927538776397704,40,58.341520318984976,40,0.07382280326227235,40,137240.35,40,0.4994538977742195,40,1.0,40,1.0,40,1.0,40,1.0,40,1.0,40,1.0,40,147456.0,40,5898240.0,0.8287172168493271,40,4367.025,40,null permutations then draws averaged within patient; pooled counts are replicated draw-pixels
60,RIM_ONE_r3,SUP_G1,21,training_like,student,40,160,160,0.047879862159366994,40,0.1749299837043509,40,0.810634019639757,40,-14.093433621525765,40,11.279803751409053,40,-9.89807115951553,40,-5.298583167477045,40,7.716756726521998,40,9.730039558876305,40,10.226023415327074,40,1.6876971793361009,40,24.30133800506592,40,17.507200395315884,40,21.33875475525856,40,22.03596125021577,40,22.39866124391556,40,22.97238264143467,40,0.00024109100922942162,40,17.943629258871077,40,12.653252981044352,40,15.262083334103227,40,15.785215212777256,40,16.150433473289013,40,16.67431872919202,40,0.09121163402727271,40,119532.85,40,0.4506012175232172,40,0.9996351338922977,40,0.9919159283861518,40,0.994320690818131,40,0.995893809851259,40,0.9972877779975533,40,0.9988159698992967,40,147456.0,40,23592960.0,0.7197091046720743,40,7486.61875,40,null permutations then draws averaged within patient; pooled counts are replicated draw-pixels
60,RIM_ONE_r3,SUP_G1,21,training_like,teacher,40,160,160,0.040399034981293075,40,0.15315038210246712,40,0.8361637539333767,40,-14.457583829760551,40,11.003835807740689,40,-10.491202584514394,40,-5.510542510217055,40,7.639593513589352,40,9.543606303334235,40,9.998808325052263,40,1.8761861421167851,40,24.472676873207092,40,18.04697168543935,40,21.776848766207696,40,22.339861299842596,40,22.68914758861065,40,23.198420804142952,40,0.0002693129703402519,40,17.767895340919495,40,12.925596589036285,40,15.247766224294901,40,15.748141160234809,40,16.066531293094158,40,16.523257724493742,40,0.08095516264880413,40,123297.3625,40,0.4621431628242135,40,0.9999313898384571,40,0.9951646374538541,40,0.9979378771036863,40,0.9990271296352148,40,0.9994546420872211,40,0.9997024614177643,40,147456.0,40,23592960.0,0.7478655349463225,40,6644.49375,40,null permutations then draws averaged within patient; pooled counts are replicated draw-pixels
80,RIM_ONE_r3,SUP_G1,21,posterior_mean_clean,student,40,40,40,0.03795088851398355,40,0.3436398203484714,40,0.9459877861870659,40,-41.260144996643064,40,38.496288776397705,40,-39.477815651893614,40,-21.049895024299623,40,33.939666426181795,40,37.2784266757965,40,37.734153337478645,40,9.240468579530717,40,79.27943649291993,40,73.46609117984772,40,77.45496015548706,40,77.95906553268432,40,78.23825407028198,40,78.55346077919008,40,0.00043178200721740725,40,61.00020933151245,40,53.06238007545471,40,58.42830939292908,40,58.995958518981936,40,59.28861212730408,40,59.72656332492828,40,0.07654454760620362,40,139491.575,40,0.5001018539071083,40,1.0,40,1.0,40,1.0,40,1.0,40,1.0,40,1.0,40,147456.0,40,5898240.0,0.8409941852092743,40,4022.375,40,null permutations then draws averaged within patient; pooled counts are replicated draw-pixels
80,RIM_ONE_r3,SUP_G1,21,posterior_mean_clean,teacher,40,40,40,0.03409714552464922,40,0.3097868427168578,40,0.9423926459418404,40,-41.10556354522705,40,38.185354709625244,40,-39.38322978019714,40,-21.111520528793335,40,34.014869844913484,40,37.09392679214478,40,37.51679977321625,40,8.896860766410828,40,78.80175647735595,40,73.46802690029145,40,77.13234939575196,40,77.60572710037232,40,77.8694561958313,40,78.15862416267395,40,0.0004190295934677124,40,60.63672428131103,40,53.27804703712464,40,58.32513871192932,40,58.831579732894895,40,59.09013934135437,40,59.45352571487426,40,0.0691911844567019,40,138961.45,40,0.5000923082232476,40,1.0,40,1.0,40,1.0,40,1.0,40,1.0,40,1.0,40,147456.0,40,5898240.0,0.8294919297099114,40,4004.275,40,null permutations then draws averaged within patient; pooled counts are replicated draw-pixels
80,RIM_ONE_r3,SUP_G1,21,training_like,student,40,160,160,0.038031289884888034,40,0.16433660117909313,40,0.8837823232014973,40,-16.59224719107151,40,11.414039957523347,40,-13.885789184272289,40,-10.404731588810682,40,8.855545318685472,40,9.70393227338791,40,10.209084275722503,40,1.7032642394304276,40,26.960627210140228,40,22.789926178753376,40,24.25968137383461,40,24.63254618793726,40,24.924265471100806,40,25.451519312858586,40,0.0002941198647022247,40,22.98894620537758,40,18.97910127416253,40,20.378747199475765,40,20.723410752415656,40,21.02409035563469,40,21.56068160325289,40,0.07690979157846414,40,130319.00625,40,0.45953762922436,40,0.9999997735023498,40,0.9998869795352221,40,0.9999293450266122,40,0.9999586276710033,40,0.999988928437233,40,0.9999988578259945,40,147456.0,40,23592960.0,0.7170654010027647,40,4307.1,40,null permutations then draws averaged within patient; pooled counts are replicated draw-pixels
80,RIM_ONE_r3,SUP_G1,21,training_like,teacher,40,160,160,0.03374578310361282,40,0.15150304132839665,40,0.8828683217366537,40,-16.509761303663254,40,11.552634912729264,40,-14.141894681751728,40,-10.773728438839317,40,9.11933506913483,40,9.94725592136383,40,10.405274510324002,40,1.461263612192124,40,27.206157219409942,40,23.29487726390362,40,24.638109681010246,40,24.985333335399627,40,25.267219188809396,40,25.706857272982596,40,0.00024113208055496216,40,23.23178520798683,40,19.707556986808775,40,20.916467568278314,40,21.22279241681099,40,21.502248004078865,40,21.928629529476165,40,0.06747619302232578,40,130184.23125,40,0.4457270411774516,40,0.9999999918043614,40,0.9999990969896316,40,0.9999998696148396,40,0.9999999091029167,40,0.9999999321997166,40,0.9999999582767487,40,147456.0,40,23592960.0,0.6721858205273747,40,4149.84375,40,null permutations then draws averaged within patient; pooled counts are replicated draw-pixels
100,RIM_ONE_r3,SUP_G1,21,posterior_mean_clean,student,40,40,40,0.035261309026959176,40,0.37217327519319954,40,0.9563637627495659,40,-42.29986152648926,40,39.515180587768555,40,-40.82660851478577,40,-21.52387478351593,40,36.15216536521912,40,38.2846902179718,40,38.74301502799988,40,10.75951702594757,40,81.13956451416016,40,77.08022198677062,40,79.43717527389526,40,79.86403369903564,40,80.11142911911011,40,80.42776024818421,40,0.0008047923445701599,40,62.8261058807373,40,56.635356068611145,40,59.8092303276062,40,60.395308709144594,40,60.77873167991638,40,61.36353073120117,40,0.07114425827392509,40,141021.575,40,0.5001997575163841,40,1.0,40,1.0,40,1.0,40,1.0,40,1.0,40,1.0,40,147456.0,40,5898240.0,0.876404945552349,40,4191.925,40,null permutations then draws averaged within patient; pooled counts are replicated draw-pixels
100,RIM_ONE_r3,SUP_G1,21,posterior_mean_clean,teacher,40,40,40,0.034593834126614334,40,0.36485485546290874,40,0.9552393595377605,40,-42.25006732940674,40,39.39114837646484,40,-40.808609342575075,40,-21.49904046058655,40,36.13299270868301,40,38.205719804763795,40,38.63879119682313,40,10.630184614658356,40,80.98735885620117,40,77.03529443740845,40,79.33310203552246,40,79.74321837425232,40,79.97907180786133,40,80.28359313964845,40,0.0006450682878494263,40,62.55323829650879,40,56.5807005405426,40,59.704473209381106,40,60.24588556289673,40,60.600004005432126,40,61.15235771656037,40,0.07004411302622875,40,140855.775,40,0.5001591876149177,40,1.0,40,1.0,40,1.0,40,1.0,40,1.0,40,1.0,40,147456.0,40,5898240.0,0.8730953738093377,40,4118.775,40,null permutations then draws averaged within patient; pooled counts are replicated draw-pixels
100,RIM_ONE_r3,SUP_G1,21,training_like,student,40,160,160,0.035812912267430067,40,0.17756535462103784,40,0.8774318695068359,40,-14.347665266692639,40,19.27055698633194,40,-12.03812286145985,40,-5.02424690136686,40,16.709317004680635,40,17.743304286748174,40,18.22040442827344,40,2.6942288018995897,40,32.596190297603606,40,28.904273407161234,40,30.07952747941017,40,30.49572528898716,40,30.803755128383635,40,31.31054598391056,40,0.0002730520907789469,40,25.305349519848825,40,21.60440955683589,40,22.686599403619766,40,23.092727387696506,40,23.38987040221691,40,23.895266660600903,40,0.0719052608415234,40,129382.59375,40,0.469147758372128,40,0.9999767709523439,40,0.9996816874481738,40,0.9998200457543135,40,0.9998718516901135,40,0.9999061696231365,40,0.9999449903145432,40,147456.0,40,23592960.0,0.74630711004138,40,4934.89375,40,null permutations then draws averaged within patient; pooled counts are replicated draw-pixels
100,RIM_ONE_r3,SUP_G1,21,training_like,teacher,40,160,160,0.039786196185761784,40,0.188864317513071,40,0.8634813944498697,40,-13.69798086732626,40,18.271386760473252,40,-11.48078769170679,40,-5.132364609814249,40,15.965271724015475,40,16.916463958621023,40,17.362385740593076,40,2.4261773264966906,40,30.978618746995927,40,27.63911090493202,40,28.669976690411566,40,29.052295312285423,40,29.349910402297972,40,29.817330522835256,40,0.00023853953462094069,40,24.464094729721545,40,20.904915967024863,40,21.967804880067707,40,22.35907392576337,40,22.673280592262746,40,23.15381231658161,40,0.07634496566164715,40,127325.5125,40,0.4599322371184826,40,0.9995944838970899,40,0.9954780238680542,40,0.996763999760151,40,0.9973562430590391,40,0.9979264073073864,40,0.9991550762206316,40,147456.0,40,23592960.0,0.7363193318247795,40,5527.09375,40,null permutations then draws averaged within patient; pooled counts are replicated draw-pixels
20,Drishti_GS,LIN_SUP,22,posterior_mean_clean,student,25,25,25,0.045790932716570545,25,0.17393749564886093,25,0.8045206705729169,25,-6.1490211677551265,25,7.675975112915039,25,-3.2337569189071655,25,-2.3155184817314147,25,4.435053534507752,25,5.943589050292969,25,6.993029601669312,25,1.5508000290393829,25,12.013967819213867,25,7.741728072166443,25,8.92124680519104,25,9.659418544769288,25,10.323066215515137,25,11.185641719818118,25,0.00019046843051910402,25,11.081759414672852,25,6.01996477842331,25,7.780533418655396,25,8.763563208580017,25,9.507949504852295,25,10.354160964965821,25,0.0947211454611026,25,118631.4,25,0.43496201634407045,25,0.999968810081482,25,0.9949600040912628,25,0.9992670941352845,25,0.9997493267059326,25,0.9998740577697753,25,0.9999379773139954,25,147456.0,25,3686400.0,0.8018985676765442,25,7669.16,25,null permutations then draws averaged within patient; pooled counts are replicated draw-pixels
20,Drishti_GS,LIN_SUP,22,posterior_mean_clean,teacher,25,25,25,0.0378847650547444,25,0.14073149755597114,25,0.7751505533854166,25,-5.5154695892333985,25,7.045168380737305,25,-2.9904025053977965,25,-2.225428841114044,25,4.131866753101349,25,5.792158451080322,25,6.5349568212509155,25,1.316902033984661,25,10.784066009521485,25,6.9380912637710574,25,8.519351348876953,25,9.228510971069335,25,9.681356239318848,25,10.257497800827027,25,0.000145857036113739,25,10.325118217468262,25,5.6130909252166745,25,7.66884521484375,25,8.620668506622314,25,9.191215419769287,25,9.809083257675173,25,0.08146561058000241,25,114300.6,25,0.42434977531433105,25,0.9999276781082154,25,0.991581444144249,25,0.9991410183906555,25,0.9997043287754059,25,0.9998143672943115,25,0.9998874847888948,25,147456.0,25,3686400.0,0.7444656205177307,25,6678.24,25,null permutations then draws averaged within patient; pooled counts are replicated draw-pixels
20,Drishti_GS,LIN_SUP,22,training_like,student,25,100,100,0.04365086051499425,25,0.1629989893361926,25,0.817662082248264,25,-6.178437552452087,25,7.70527030467987,25,-3.2305146920681,25,-2.3543613106012344,25,4.545555141568184,25,5.928585977077485,25,6.871270456457139,25,1.3978503875434398,25,11.993194427490234,25,7.831337013244629,25,8.920445971488952,25,9.583045148849488,25,10.191594958305359,25,11.036369122028352,25,0.00019157158210873605,25,11.194210329055785,25,6.223013467788697,25,7.862404615879059,25,8.754920313358307,25,9.430925583839416,25,10.267447229862213,25,0.09045548575992425,25,120569.18,25,0.4330614945292473,25,0.9999709177017212,25,0.9961366932094097,25,0.9993647825717926,25,0.9997464764118195,25,0.9998644638061523,25,0.9999336717724802,25,147456.0,25,14745600.0,0.8033234715461731,25,7416.01,25,null permutations then draws averaged within patient; pooled counts are replicated draw-pixels
20,Drishti_GS,LIN_SUP,22,training_like,teacher,25,100,100,0.0378847650547444,25,0.14073149755597114,25,0.7751505533854166,25,-5.5154695892333985,25,7.045168380737305,25,-2.9904025053977965,25,-2.225428841114044,25,4.131866753101349,25,5.792158451080322,25,6.5349568212509155,25,1.316902033984661,25,10.784066009521485,25,6.9380912637710574,25,8.519351348876953,25,9.228510971069335,25,9.681356239318848,25,10.257497800827027,25,0.000145857036113739,25,10.325118217468262,25,5.6130909252166745,25,7.66884521484375,25,8.620668506622314,25,9.191215419769287,25,9.809083257675173,25,0.08146561058000241,25,114300.6,25,0.42434977531433105,25,0.9999276781082154,25,0.991581444144249,25,0.9991410183906555,25,0.9997043287754059,25,0.9998143672943115,25,0.9998874847888948,25,147456.0,25,14745600.0,0.7444656205177307,25,6678.24,25,null permutations then draws averaged within patient; pooled counts are replicated draw-pixels
40,Drishti_GS,LIN_SUP,22,posterior_mean_clean,student,25,25,25,0.03749528961754145,25,0.15381250113248826,25,0.8597501627604167,25,-8.980373840332032,25,8.726702022552491,25,-3.8048547744750976,25,-2.3759027528762817,25,5.105920758247375,25,6.4661082401275625,25,7.747491518402102,25,2.2331475949287416,25,14.881711959838867,25,9.079367713928223,25,10.194224739074707,25,11.022490921020507,25,11.775644989013673,25,13.280909755706794,25,0.00030167579650878905,25,12.01704761505127,25,7.150414824485779,25,8.566093111038208,25,9.291072845458984,25,9.94784324645996,25,11.055798627853397,25,0.07841041341543369,25,126775.32,25,0.4586537981033325,25,0.9999868774414062,25,0.9988503623008728,25,0.9997402453422546,25,0.999876070022583,25,0.9999340653419495,25,0.999971260547638,25,147456.0,25,3686400.0,0.8289570569992065,25,6248.2,25,null permutations then draws averaged within patient; pooled counts are replicated draw-pixels
40,Drishti_GS,LIN_SUP,22,posterior_mean_clean,teacher,25,25,25,0.035683995436176896,25,0.14068115383386612,25,0.8436002604166666,25,-8.320137519836425,25,8.767417869567872,25,-3.6697431659698485,25,-2.436594002246857,25,4.928691768646241,25,6.388261610031128,25,7.781206524848939,25,2.093005799651146,25,14.412950935363769,25,8.819162111282349,25,9.93630765914917,25,10.84851773262024,25,11.73069194793701,25,13.053126146316531,25,0.00023131608963012696,25,11.922942695617676,25,6.926110029220581,25,8.419350233078003,25,9.265456714630126,25,9.958280582427978,25,10.91777371788025,25,0.07598537133087298,25,124393.92,25,0.4529584789276123,25,0.9999880123138428,25,0.9985320675373077,25,0.9996794772148132,25,0.9998701751232147,25,0.9999368000030517,25,0.9999725818634033,25,147456.0,25,3686400.0,0.8200004148483276,25,6009.2,25,null permutations then draws averaged within patient; pooled counts are replicated draw-pixels
40,Drishti_GS,LIN_SUP,22,training_like,student,25,100,100,0.037974702624218884,25,0.15468014549463988,25,0.8625218370225695,25,-9.053493175506592,25,8.7686541223526,25,-3.810030353665352,25,-2.3996848493814467,25,5.15516982793808,25,6.465160304069519,25,7.71201297287941,25,2.0116823387145994,25,14.874812059402466,25,9.106783707141876,25,10.163642506599427,25,10.980347690582276,25,11.745737581253051,25,13.173260062694553,25,0.0002641069889068603,25,12.214192190170287,25,7.170941336154938,25,8.600224330425263,25,9.329879913330078,25,9.966744022369385,25,11.097809882164004,25,0.07894551531561478,25,127184.02,25,0.45727788656949997,25,0.9999883759021759,25,0.9989143028855324,25,0.9997465097904206,25,0.999879541695118,25,0.9999350452423096,25,0.9999720898270607,25,147456.0,25,14745600.0,0.8313555890321731,25,6336.73,25,null permutations then draws averaged within patient; pooled counts are replicated draw-pixels
40,Drishti_GS,LIN_SUP,22,training_like,teacher,25,100,100,0.035683995436176896,25,0.14068115383386612,25,0.8436002604166666,25,-8.320137519836425,25,8.767417869567872,25,-3.6697431659698485,25,-2.436594002246857,25,4.928691768646241,25,6.388261610031128,25,7.781206524848939,25,2.093005799651146,25,14.412950935363769,25,8.819162111282349,25,9.93630765914917,25,10.84851773262024,25,11.73069194793701,25,13.053126146316531,25,0.00023131608963012696,25,11.922942695617676,25,6.926110029220581,25,8.419350233078003,25,9.265456714630126,25,9.958280582427978,25,10.91777371788025,25,0.07598537133087298,25,124393.92,25,0.4529584789276123,25,0.9999880123138428,25,0.9985320675373077,25,0.9996794772148132,25,0.9998701751232147,25,0.9999368000030517,25,0.9999725818634033,25,147456.0,25,14745600.0,0.8200004148483276,25,6009.2,25,null permutations then draws averaged within patient; pooled counts are replicated draw-pixels
60,Drishti_GS,LIN_SUP,22,posterior_mean_clean,student,25,25,25,0.03994035769650913,25,0.188000305891037,25,0.8941861979166665,25,-10.693557167053223,25,9.26768154144287,25,-4.073561565876007,25,-2.645743432044983,25,5.564006233215332,25,6.768475872039794,25,8.034071215629579,25,2.1785547280311586,25,16.91346080780029,25,9.820233011245728,25,10.755096645355225,25,11.625999641418456,25,12.478806419372559,25,14.850375007629403,25,0.00032781675457954407,25,13.14716335296631,25,7.701452722549439,25,9.047970981597901,25,9.820225811004638,25,10.508244609832763,25,11.687893013000492,25,0.08299153138878414,25,131853.12,25,0.453976469039917,25,0.9999945974349975,25,0.9993514919281006,25,0.9998428821563721,25,0.9999266719818115,25,0.9999613523483276,25,0.9999848144054414,25,147456.0,25,3686400.0,0.8764122629165649,25,6138.6,25,null permutations then draws averaged within patient; pooled counts are replicated draw-pixels
60,Drishti_GS,LIN_SUP,22,posterior_mean_clean,teacher,25,25,25,0.03806389745304639,25,0.16809812903404237,25,0.8868614366319444,25,-10.193825550079346,25,9.10134765625,25,-4.030050666332245,25,-2.655612359046936,25,5.494774394035339,25,6.735389751434326,25,8.015589835166933,25,2.365596030950546,25,16.23543586730957,25,9.696503229141236,25,10.660725917816162,25,11.511625938415527,25,12.334341678619385,25,14.345061695098885,25,0.00037835001945495605,25,12.751664161682129,25,7.613611040115356,25,9.017644081115723,25,9.813944215774535,25,10.499689693450927,25,11.620227970123299,25,0.07855992669715357,25,130773.04,25,0.45736432194709775,25,0.9999928617477417,25,0.999283874630928,25,0.9998337769508362,25,0.9999252605438232,25,0.9999607419967651,25,0.9999837298393249,25,147456.0,25,3686400.0,0.8639943385124207,25,5895.0,25,null permutations then draws averaged within patient; pooled counts are replicated draw-pixels
60,Drishti_GS,LIN_SUP,22,training_like,student,25,100,100,0.03843246096828604,25,0.18489301398396493,25,0.8963607449001736,25,-10.810582256317138,25,9.273702425956726,25,-4.0957702571153645,25,-2.632374527454376,25,5.629673045873642,25,6.761913848400115,25,7.998716614532472,25,1.8787975654006004,25,16.873454008102417,25,9.89694567680359,25,10.759894518852233,25,11.552724919319154,25,12.421033024787903,25,14.73705364704133,25,0.0003814700245857239,25,13.26274842262268,25,7.753739231824875,25,9.045406641960144,25,9.820081033706664,25,10.521126465797424,25,11.655942836761477,25,0.08053649241770545,25,132173.77,25,0.45303839415311814,25,0.9999951827526092,25,0.9994003471732139,25,0.9998439049720764,25,0.9999262100458145,25,0.9999611574411392,25,0.9999844645261764,25,147456.0,25,14745600.0,0.8698989427089692,25,5971.91,25,null permutations then draws averaged within patient; pooled counts are replicated draw-pixels
60,Drishti_GS,LIN_SUP,22,training_like,teacher,25,100,100,0.03806389745304639,25,0.16809812903404237,25,0.8868614366319444,25,-10.193825550079346,25,9.10134765625,25,-4.030050666332245,25,-2.655612359046936,25,5.494774394035339,25,6.735389751434326,25,8.015589835166933,25,2.365596030950546,25,16.23543586730957,25,9.696503229141236,25,10.660725917816162,25,11.511625938415527,25,12.334341678619385,25,14.345061695098885,25,0.00037835001945495605,25,12.751664161682129,25,7.613611040115356,25,9.017644081115723,25,9.813944215774535,25,10.499689693450927,25,11.620227970123299,25,0.07855992669715357,25,130773.04,25,0.45736432194709775,25,0.9999928617477417,25,0.999283874630928,25,0.9998337769508362,25,0.9999252605438232,25,0.9999607419967651,25,0.9999837298393249,25,147456.0,25,14745600.0,0.8639943385124207,25,5895.0,25,null permutations then draws averaged within patient; pooled counts are replicated draw-pixels
80,Drishti_GS,LIN_SUP,22,posterior_mean_clean,student,25,25,25,0.04190577342090869,25,0.2118451926112175,25,0.913159450954861,25,-11.542081565856934,25,9.668401641845703,25,-4.269014332294464,25,-2.7693815660476684,25,5.827674040794372,25,6.928380395889281,25,8.279641434097293,25,2.804291990995407,25,18.057106018066406,25,10.281520967483521,25,11.153256397247315,25,12.053169736862182,25,13.101703567504883,25,15.800818422317514,25,0.00034779429435729983,25,14.075111122131348,25,8.144489350318908,25,9.333917427062989,25,10.096592407226563,25,10.862385501861572,25,12.375205928802496,25,0.08534024843656604,25,134650.84,25,0.46047337174415587,25,0.9999971914291382,25,0.9996055257320404,25,0.999884147644043,25,0.9999449348449707,25,0.9999723386764526,25,0.9999913237094878,25,147456.0,25,3686400.0,0.8892514324188232,25,5984.28,25,null permutations then draws averaged within patient; pooled counts are replicated draw-pixels
80,Drishti_GS,LIN_SUP,22,posterior_mean_clean,teacher,25,25,25,0.041878779742295986,25,0.21162066131830215,25,0.9103504774305555,25,-11.456680717468261,25,9.666045837402343,25,-4.217012312412262,25,-2.737073550224304,25,5.738166790008545,25,6.869692472457887,25,8.261132802581788,25,2.5657462775707245,25,18.047810096740722,25,10.16168475151062,25,11.026925144195557,25,11.924905233383178,25,12.970974731445313,25,15.7411997127533,25,0.0002837014198303223,25,13.8789501953125,25,8.021954040527344,25,9.232522087097168,25,9.989321117401124,25,10.718129272460937,25,12.247322736740117,25,0.08598406963704976,25,134236.64,25,0.46335586190223693,25,0.9999965715408325,25,0.9995571100711822,25,0.9998714375495911,25,0.9999383640289307,25,0.9999684476852417,25,0.9999898073673248,25,147456.0,25,3686400.0,0.8886600828170776,25,6087.76,25,null permutations then draws averaged within patient; pooled counts are replicated draw-pixels
80,Drishti_GS,LIN_SUP,22,training_like,student,25,100,100,0.04057735335345569,25,0.20831771388649942,25,0.9137080891927083,25,-11.663870968818664,25,9.720017628669739,25,-4.281838379502297,25,-2.784599628448486,25,5.901147739887238,25,6.923724215030671,25,8.228579419946671,25,2.522476911097765,25,18.096533575057983,25,10.357108838558197,25,11.173359670639037,25,11.98111545085907,25,12.985179371833802,25,15.679319050788887,25,0.00040858108550310133,25,14.059005308151246,25,8.210184975862504,25,9.362991585731507,25,10.12058610200882,25,10.86655457496643,25,12.3012297911644,25,0.08324782923296971,25,134731.74,25,0.4633856651186943,25,0.9999972653388977,25,0.9996403348445893,25,0.9998884081840516,25,0.9999458461999893,25,0.9999720579385758,25,0.9999912887215615,25,147456.0,25,14745600.0,0.8827864211797715,25,5738.01,25,null permutations then draws averaged within patient; pooled counts are replicated draw-pixels
80,Drishti_GS,LIN_SUP,22,training_like,teacher,25,100,100,0.041878779742295986,25,0.21162066131830215,25,0.9103504774305555,25,-11.456680717468261,25,9.666045837402343,25,-4.217012312412262,25,-2.737073550224304,25,5.738166790008545,25,6.869692472457887,25,8.261132802581788,25,2.5657462775707245,25,18.047810096740722,25,10.16168475151062,25,11.026925144195557,25,11.924905233383178,25,12.970974731445313,25,15.7411997127533,25,0.0002837014198303223,25,13.8789501953125,25,8.021954040527344,25,9.232522087097168,25,9.989321117401124,25,10.718129272460937,25,12.247322736740117,25,0.08598406963704976,25,134236.64,25,0.46335586190223693,25,0.9999965715408325,25,0.9995571100711822,25,0.9998714375495911,25,0.9999383640289307,25,0.9999684476852417,25,0.9999898073673248,25,147456.0,25,14745600.0,0.8886600828170776,25,6087.76,25,null permutations then draws averaged within patient; pooled counts are replicated draw-pixels
100,Drishti_GS,LIN_SUP,22,posterior_mean_clean,student,25,25,25,0.04569564003189346,25,0.2644038760662079,25,0.9275363498263889,25,-13.717370529174804,25,10.460506782531738,25,-4.238954205513,25,-2.6711566638946533,25,5.812581686973572,25,6.851178562164306,25,8.519440041160586,25,2.985832461118698,25,20.405206756591795,25,10.219424228668213,25,11.068543796539307,25,12.063119459152222,25,13.497253112792968,25,17.361193376541152,25,0.0006234478950500488,25,15.100193672180175,25,8.136255474090577,25,9.099061050415038,25,9.88803861618042,25,10.715771617889404,25,12.949124628067022,25,0.09305359144783162,25,136770.8,25,0.4781581723690033,25,0.9999990129470825,25,0.9996290934085846,25,0.9998558783531188,25,0.9999326038360595,25,0.9999686503410339,25,0.9999949502944946,25,147456.0,25,3686400.0,0.9091032409667968,25,6188.48,25,null permutations then draws averaged within patient; pooled counts are replicated draw-pixels
100,Drishti_GS,LIN_SUP,22,posterior_mean_clean,teacher,25,25,25,0.04541068311554329,25,0.25906743109226227,25,0.9259312608506944,25,-13.462471656799316,25,10.378297691345216,25,-4.239582192897797,25,-2.671574845314026,25,5.811961374282837,25,6.851894414901733,25,8.48247563209534,25,2.92817817568779,25,20.177558212280275,25,10.226202554702759,25,11.069387626647949,25,12.047641649246216,25,13.443853759765625,25,17.17622224044801,25,0.0006136005371809006,25,14.965117378234863,25,8.135494379997253,25,9.107362232208253,25,9.891521768569946,25,10.700906372070312,25,12.865195953369147,25,0.09254849354602737,25,136534.12,25,0.4775118350982666,25,0.9999989366531372,25,0.9996279466152191,25,0.9998573112487793,25,0.9999328529834748,25,0.9999680852890015,25,0.9999945662021636,25,147456.0,25,3686400.0,0.9071777987480164,25,6197.72,25,null permutations then draws averaged within patient; pooled counts are replicated draw-pixels
100,Drishti_GS,LIN_SUP,22,training_like,student,25,100,100,0.04435641928457296,25,0.2585113342106342,25,0.9261800808376737,25,-13.708929147720337,25,10.625477313995361,25,-4.241000349521637,25,-2.6726190412044524,25,5.861420657634735,25,6.855662350177766,25,8.462320354318623,25,2.7227131575345993,25,20.502199506759645,25,10.237788734436036,25,11.098547339439392,25,12.05784418106079,25,13.394806966781616,25,17.312907283306135,25,0.00046598732471466066,25,15.226981058120728,25,8.148307983875275,25,9.130926532745361,25,9.899204251766205,25,10.72163857460022,25,12.874502562046057,25,0.09093580809141899,25,136570.81,25,0.47807565808296204,25,0.9999991309642792,25,0.999643659889698,25,0.999861319065094,25,0.9999333783984184,25,0.9999691635370255,25,0.9999952345490456,25,147456.0,25,14745600.0,0.9024044179916382,25,5970.04,25,null permutations then draws averaged within patient; pooled counts are replicated draw-pixels
100,Drishti_GS,LIN_SUP,22,training_like,teacher,25,100,100,0.04541068311554329,25,0.25906743109226227,25,0.9259312608506944,25,-13.462471656799316,25,10.378297691345216,25,-4.239582192897797,25,-2.671574845314026,25,5.811961374282837,25,6.851894414901733,25,8.48247563209534,25,2.92817817568779,25,20.177558212280275,25,10.226202554702759,25,11.069387626647949,25,12.047641649246216,25,13.443853759765625,25,17.17622224044801,25,0.0006136005371809006,25,14.965117378234863,25,8.135494379997253,25,9.107362232208253,25,9.891521768569946,25,10.700906372070312,25,12.865195953369147,25,0.09254849354602737,25,136534.12,25,0.4775118350982666,25,0.9999989366531372,25,0.9996279466152191,25,0.9998573112487793,25,0.9999328529834748,25,0.9999680852890015,25,0.9999945662021636,25,147456.0,25,14745600.0,0.9071777987480164,25,6197.72,25,null permutations then draws averaged within patient; pooled counts are replicated draw-pixels
20,Drishti_GS,SUP_G1,22,posterior_mean_clean,student,25,25,25,0.04902362637658371,25,0.2187507137656212,25,0.8568058268229167,25,-16.83417381286621,25,16.633911895751954,25,-11.39318639755249,25,-7.669691772460937,25,6.911585683822632,25,11.613529525756835,25,13.31203992729187,25,1.0216312551498412,25,32.366705169677736,25,18.325306205749513,25,23.78045837402344,25,25.733773670196534,25,26.91583827972412,25,28.624993442535406,25,0.0001892898976802826,25,25.150702285766602,25,12.534418125152587,25,19.301819953918457,25,20.960180282592773,25,21.688146667480467,25,22.5627664718628,25,0.10242828370484972,25,126341.16,25,0.4214495658874512,25,1.0,25,0.9998335003852844,25,1.0,25,1.0,25,1.0,25,1.0,25,147456.0,25,3686400.0,0.8389593911170959,25,7812.72,25,null permutations then draws averaged within patient; pooled counts are replicated draw-pixels
20,Drishti_GS,SUP_G1,22,posterior_mean_clean,teacher,25,25,25,0.036595907973161146,25,0.15801235139369965,25,0.8301293945312501,25,-15.324748344421387,25,15.668646087646485,25,-10.088271913528443,25,-6.133747663497925,25,6.003937568664551,25,10.404770778656006,25,12.11049173126221,25,1.342238883972168,25,30.249546127319334,25,16.036973218917847,25,21.275852584838866,25,23.112661418914794,25,24.34253364562988,25,26.230127189636235,25,0.00022393539547920226,25,23.771631240844727,25,10.516320548057557,25,16.382438411712645,25,18.272559356689452,25,18.969508209228515,25,19.994020057678227,25,0.08201873855301281,25,122407.56,25,0.4461671757698059,25,1.0,25,0.9994383215904236,25,0.9999998903274536,25,1.0,25,1.0,25,1.0,25,147456.0,25,3686400.0,0.7670938658714295,25,6171.48,25,null permutations then draws averaged within patient; pooled counts are replicated draw-pixels
20,Drishti_GS,SUP_G1,22,training_like,student,25,100,100,0.043326569728245286,25,0.17316474251449107,25,0.817541232638889,25,-17.238366498947144,25,13.13022042274475,25,-10.99938342809677,25,-5.197720410823822,25,4.747000496983528,25,8.246698200702667,25,9.805057898616793,25,0.7720734703540802,25,28.81305768966675,25,16.21665377855301,25,20.758038301467895,25,22.510576047897338,25,23.475188083648682,25,25.11480106258393,25,0.00015150980092585087,25,19.932085227966308,25,8.693982023000718,25,13.101407132148744,25,14.394767882823944,25,15.10236678123474,25,16.321245211124424,25,0.09444266989471464,25,120551.36,25,0.417885479927063,25,1.0,25,0.9990073154866695,25,0.9999962222576141,25,0.9999991285800934,25,0.9999996197223663,25,0.9999998915195465,25,147456.0,25,14745600.0,0.8020362871885299,25,7285.87,25,null permutations then draws averaged within patient; pooled counts are replicated draw-pixels
20,Drishti_GS,SUP_G1,22,training_like,teacher,25,100,100,0.03372122918899751,25,0.13703869499266147,25,0.7946242268880209,25,-15.477126445770264,25,12.028630743026733,25,-10.327174714803697,25,-3.895645093917847,25,3.955948806703091,25,7.188219964504241,25,8.480132480430605,25,1.4863617765903472,25,26.53672876358032,25,14.539787521362305,25,18.776517634391784,25,20.220105290412903,25,21.112794332504272,25,22.549703109741216,25,0.0001228740531951189,25,17.933419742584228,25,6.877954534888268,25,10.607566714286804,25,11.958185122013091,25,12.567712864875794,25,13.503308712959294,25,0.07827300410848663,25,117172.11,25,0.4606093794107437,25,0.9999999880790711,25,0.9956710638105869,25,0.9999647736549377,25,0.9999914813041687,25,0.9999955070018768,25,0.9999982511997223,25,147456.0,25,14745600.0,0.73421835064888,25,6098.06,25,null permutations then draws averaged within patient; pooled counts are replicated draw-pixels
40,Drishti_GS,SUP_G1,22,posterior_mean_clean,student,25,25,25,0.05072318240681651,25,0.2732007160782814,25,0.9038669162326388,25,-20.542845611572265,25,19.226660690307618,25,-16.072485065460206,25,-11.339027500152588,25,10.58253037929535,25,14.212382469177246,25,16.94420993499756,25,2.4252547907829283,25,36.928123779296875,25,26.146242523193358,25,31.115026931762696,25,32.571174964904785,25,33.54952209472656,25,34.497279922485355,25,0.0004250448942184448,25,33.6251252746582,25,19.870496520996095,25,27.70758632659912,25,29.004176654815673,25,29.970587844848634,25,31.21161121749878,25,0.10268391823827548,25,133280.6,25,0.46056658267974854,25,1.0,25,0.9999967765808105,25,1.0,25,1.0,25,1.0,25,1.0,25,147456.0,25,3686400.0,0.8884881401062011,25,7422.96,25,null permutations then draws averaged within patient; pooled counts are replicated draw-pixels
40,Drishti_GS,SUP_G1,22,posterior_mean_clean,teacher,25,25,25,0.04208682011548566,25,0.19893498450517655,25,0.8857516818576389,25,-19.686028518676757,25,17.895262832641603,25,-14.587276945114136,25,-9.671929349899292,25,8.182698726654053,25,13.200584522247313,25,15.75935548324585,25,2.5341213339567186,25,35.38585067749023,25,21.482543611526488,25,28.343539657592775,25,30.583206119537355,25,31.60003494262695,25,32.630240821838385,25,0.00035547733306884766,25,31.692453384399414,25,14.833088512420654,25,24.20401264190674,25,27.005302753448486,25,28.051483459472657,25,29.22233122253418,25,0.0878233910807392,25,130609.4,25,0.46842062115669253,25,1.0,25,0.9999783313274384,25,1.0,25,1.0,25,1.0,25,1.0,25,147456.0,25,3686400.0,0.8626450371742248,25,6427.92,25,null permutations then draws averaged within patient; pooled counts are replicated draw-pixels
40,Drishti_GS,SUP_G1,22,training_like,student,25,100,100,0.04339187466152806,25,0.196617064550519,25,0.8663634575737847,25,-19.445619974136353,25,17.31817181587219,25,-14.367649428844452,25,-9.70621132850647,25,9.159304124712945,25,13.180467089653014,25,15.21510067768097,25,2.0760597747564318,25,34.512918891906736,25,23.72218549489975,25,28.71056135177612,25,29.971201682090758,25,30.819301156997682,25,32.04271849441528,25,0.0002985980734229088,25,29.336209087371827,25,17.2427057158947,25,23.867146997451783,25,25.14932288646698,25,25.98858021736145,25,27.128575343132017,25,0.0899559287742533,25,127750.49,25,0.4555139222741127,25,1.0,25,0.9999794709682465,25,1.0,25,1.0,25,1.0,25,1.0,25,147456.0,25,14745600.0,0.8436364597082138,25,6946.85,25,null permutations then draws averaged within patient; pooled counts are replicated draw-pixels
40,Drishti_GS,SUP_G1,22,training_like,teacher,25,100,100,0.03524665326859475,25,0.15701759070158006,25,0.8435066731770833,25,-19.114030990600586,25,16.26705045700073,25,-13.003992261886596,25,-8.170400314331054,25,6.919886348247528,25,12.274723715782166,25,14.165117566967012,25,2.590944571495056,25,33.563443202972415,25,19.63086942434311,25,26.42291522026062,25,28.513101873397826,25,29.461710834503172,25,30.7048862695694,25,0.00024116002023220063,25,27.81093860626221,25,12.636161490678788,25,20.95883728981018,25,23.457345924377442,25,24.400614128112792,25,25.5171075963974,25,0.07863825702500385,25,124380.12,25,0.4695218077301979,25,1.0,25,0.9998640891909599,25,0.9999999976158143,25,1.0,25,1.0,25,1.0,25,147456.0,25,14745600.0,0.8241953372955322,25,6078.57,25,null permutations then draws averaged within patient; pooled counts are replicated draw-pixels
60,Drishti_GS,SUP_G1,22,posterior_mean_clean,student,25,25,25,0.0480283364743405,25,0.3083450025320053,25,0.9252490234375,25,-23.98729431152344,25,23.789513626098632,25,-18.462166175842285,25,-10.787036323547364,25,10.794954071044922,25,16.05442085266113,25,20.69789329452515,25,2.8381527137756346,25,42.965435638427735,25,29.212867488861082,25,36.45818641662598,25,38.615490417480466,25,40.094830932617185,25,41.44750687408448,25,0.0005040088295936584,25,38.793316955566404,25,18.16761227607727,25,29.640376014709474,25,31.65436424255371,25,33.610525894165036,25,36.12220464324952,25,0.0986637179797798,25,136433.52,25,0.45227399945259095,25,1.0,25,0.9999993753433227,25,1.0,25,1.0,25,1.0,25,1.0,25,147456.0,25,3686400.0,0.9066516804695129,25,6594.08,25,null permutations then draws averaged within patient; pooled counts are replicated draw-pixels
60,Drishti_GS,SUP_G1,22,posterior_mean_clean,teacher,25,25,25,0.04570003501949637,25,0.2660385435819626,25,0.9188557942708333,25,-23.279827499389647,25,22.606376571655275,25,-18.112551937103273,25,-11.073598937988281,25,10.193928651809692,25,15.44691117477417,25,19.99202353820801,25,2.9360567998886107,25,41.98897476196289,25,27.813706645965578,25,34.88934597015381,25,37.37526481628418,25,39.128257522583006,25,40.41253791046143,25,0.0003967262804508209,25,37.2421076965332,25,17.83316065788269,25,29.122597541809082,25,31.10911289215088,25,32.87822105407715,25,34.85305376815796,25,0.09401373496490771,25,135490.8,25,0.45638770222663877,25,1.0,25,0.9999990367889404,25,1.0,25,1.0,25,1.0,25,1.0,25,147456.0,25,3686400.0,0.8956674361228942,25,6649.36,25,null permutations then draws averaged within patient; pooled counts are replicated draw-pixels
60,Drishti_GS,SUP_G1,22,training_like,student,25,100,100,0.04589008095582459,25,0.2106421871483326,25,0.8582528347439237,25,-17.351487007141113,25,21.802954139709474,25,-9.83781354367733,25,-5.151590227335691,25,9.774187970161439,25,14.976125581741332,25,19.33095934972763,25,1.3254868602752685,25,35.226522006988525,25,20.074919068813323,25,27.182009172439574,25,28.966410932540892,25,30.87638731956482,25,32.7998013124466,25,0.00031597692519426347,25,28.891365623474123,25,13.383493449687958,25,20.41830310344696,25,22.07835915565491,25,24.19710793018341,25,26.360177517890932,25,0.09513652155664307,25,126554.53,25,0.42897481203079224,25,1.0,25,0.9999732503294945,25,0.9999999821186065,25,0.9999999952316284,25,0.9999999988079071,25,1.0,25,147456.0,25,14745600.0,0.8255151689052582,25,7038.82,25,null permutations then draws averaged within patient; pooled counts are replicated draw-pixels
60,Drishti_GS,SUP_G1,22,training_like,teacher,25,100,100,0.042709221370362996,25,0.1783537607640028,25,0.8425909423828125,25,-17.171946964263917,25,20.777980079650877,25,-9.906209100484848,25,-5.046899989247322,25,9.009652166962624,25,14.660377108573915,25,18.696437757682805,25,1.2668449576199055,25,34.06070823669434,25,18.93657925605774,25,27.168151607513426,25,28.96613805770874,25,30.470725173950196,25,32.12882923126221,25,0.00024884946644306184,25,27.3381750869751,25,12.39690831065178,25,19.940778288841248,25,21.673603029251097,25,23.47819880962372,25,25.263430628299716,25,0.08936262690190876,25,124245.09,25,0.427902058660984,25,1.0,25,0.9998866115510464,25,0.9999999594688416,25,0.9999999916553497,25,0.9999999952316284,25,0.9999999988079071,25,147456.0,25,14745600.0,0.8106923747062683,25,7194.54,25,null permutations then draws averaged within patient; pooled counts are replicated draw-pixels
80,Drishti_GS,SUP_G1,22,posterior_mean_clean,student,25,25,25,0.04934437755935102,25,0.31278468787670133,25,0.9309705946180555,25,-26.669428787231446,25,22.835961380004882,25,-21.086874961853027,25,-11.9806422996521,25,12.67906039237976,25,17.471082107543943,25,20.6481578956604,25,3.7673973417282105,25,47.20530487060547,25,33.271634902954105,25,39.616229934692385,25,41.916811294555664,25,43.94458427429199,25,45.446204444885254,25,0.000490407943725586,25,38.633321380615236,25,21.389812307357786,25,32.959414596557615,25,34.612894744873046,25,35.209108200073246,25,35.84194718933106,25,0.10054998444434998,25,137277.2,25,0.4760489332675934,25,1.0,25,0.9999996471405029,25,1.0,25,1.0,25,1.0,25,1.0,25,147456.0,25,3686400.0,0.9102310085296631,25,7011.56,25,null permutations then draws averaged within patient; pooled counts are replicated draw-pixels
80,Drishti_GS,SUP_G1,22,posterior_mean_clean,teacher,25,25,25,0.04524778721612368,25,0.269031677544117,25,0.9265947808159722,25,-26.004991836547852,25,23.076306838989257,25,-20.592569675445556,25,-11.958775844573974,25,12.201731729507447,25,16.843452751159667,25,20.868874702453613,25,4.058352379798889,25,46.66794448852539,25,32.313980674743654,25,38.19593994140625,25,40.81138740539551,25,43.264746017456055,25,44.89159508514405,25,0.0003200459480285644,25,37.83358932495117,25,20.848179416656492,25,32.50721343994141,25,33.8514542388916,25,34.457674179077145,25,35.202478271484374,25,0.0928536296527123,25,136631.96,25,0.4730236554145813,25,1.0,25,0.9999993944168091,25,1.0,25,1.0,25,1.0,25,1.0,25,147456.0,25,3686400.0,0.9007951641082763,25,6460.4,25,null permutations then draws averaged within patient; pooled counts are replicated draw-pixels
80,Drishti_GS,SUP_G1,22,training_like,student,25,100,100,0.04448113075582821,25,0.18323936082422734,25,0.8430951605902777,25,-18.14582878112793,25,11.243662452697754,25,-12.387543462514877,25,-6.259093618392944,25,4.2607459663413465,25,6.588607862949371,25,8.74439581000805,25,1.7759269471466541,25,26.53511905670166,25,16.778423097133636,25,20.461834301948546,25,21.71979397058487,25,22.627531976699828,25,23.955576465129855,25,0.00024186767637729645,25,20.49545253753662,25,9.4285455930233,25,14.215784127712249,25,15.497609961032868,25,16.392312707901002,25,17.63715453577042,25,0.09163127912367805,25,124319.44,25,0.446367572247982,25,0.9999998927116394,25,0.9988376212120056,25,0.9998776358366013,25,0.9999859422445297,25,0.9999970841407776,25,0.9999989891052246,25,147456.0,25,14745600.0,0.842249967455864,25,7288.38,25,null permutations then draws averaged within patient; pooled counts are replicated draw-pixels
80,Drishti_GS,SUP_G1,22,training_like,teacher,25,100,100,0.04012994354795915,25,0.1681457355618477,25,0.8332100423177085,25,-18.38120001792908,25,10.408424305915833,25,-12.653425928354263,25,-6.669625878334045,25,3.3606915677525104,25,5.592819826841354,25,8.148679673409463,25,2.0431818632036447,25,25.804151096343993,25,15.854033880233764,25,19.550985708236695,25,20.841900997161865,25,22.0149328994751,25,23.600129911422737,25,0.0002265804633498192,25,19.70869164466858,25,8.64321193099022,25,13.749832813739777,25,14.905266587734223,25,15.863339257240295,25,17.247453057289125,25,0.08548677136903805,25,122861.82,25,0.45656185448169706,25,0.999999588727951,25,0.9988118547201157,25,0.9999448132514953,25,0.9999771335721016,25,0.9999884980916977,25,0.9999961888790131,25,147456.0,25,14745600.0,0.8349894136190414,25,6840.96,25,null permutations then draws averaged within patient; pooled counts are replicated draw-pixels
100,Drishti_GS,SUP_G1,22,posterior_mean_clean,student,25,25,25,0.04766225096809244,25,0.3310530424118042,25,0.9405764431423611,25,-26.940051193237306,25,24.92506088256836,25,-21.747610530853272,25,-13.421479969024658,25,14.151131868362427,25,18.609656677246093,25,22.55479561004639,25,3.638241715431213,25,48.569584655761716,25,35.85085289001465,25,41.35908416748047,25,43.496505889892575,25,45.242783813476564,25,46.740705528259284,25,0.0005404800176620483,25,40.721883850097655,25,25.124978742599488,25,35.41043342590332,25,36.86828453063965,25,37.568754806518555,25,38.48921224975586,25,0.09653761152277504,25,138693.64,25,0.457914822101593,25,1.0,25,0.9999999809265137,25,1.0,25,1.0,25,1.0,25,1.0,25,147456.0,25,3686400.0,0.920472240447998,25,6413.76,25,null permutations then draws averaged within patient; pooled counts are replicated draw-pixels
100,Drishti_GS,SUP_G1,22,posterior_mean_clean,teacher,25,25,25,0.04735551723717233,25,0.3194976341724396,25,0.9402058919270833,25,-26.84864646911621,25,24.867734680175783,25,-21.699813766479494,25,-13.314509658813476,25,14.195186882019042,25,18.46300047302246,25,22.513616518402106,25,3.7252093505859376,25,48.53776931762695,25,35.89051519393921,25,41.03327644348145,25,43.276048278808595,25,45.16996246337891,25,46.71769592285156,25,0.0005588012933731079,25,40.33518569946289,25,25.28224935531616,25,35.20289268493652,25,36.5832511138916,25,37.251764144897464,25,38.1105181427002,25,0.0957480981816302,25,138639.0,25,0.4593683636188507,25,1.0,25,0.9999999713897705,25,1.0,25,1.0,25,1.0,25,1.0,25,147456.0,25,3686400.0,0.9180214095115662,25,6429.72,25,null permutations then draws averaged within patient; pooled counts are replicated draw-pixels
100,Drishti_GS,SUP_G1,22,training_like,student,25,100,100,0.0489390398206706,25,0.23897429525852204,25,0.8795305718315973,25,-17.35103831291199,25,18.152764654159547,25,-10.99077308177948,25,-7.151162366867066,25,9.368934334516526,25,12.900575570583346,25,15.635481863689424,25,0.881011487916112,25,31.927710857391357,25,19.627447566986085,25,25.54674286842346,25,26.818300642967223,25,27.759338712692262,25,29.254594207763674,25,0.00029206328094005584,25,27.38403805732727,25,16.11116216182709,25,20.90634690284729,25,22.091662620306014,25,23.18537488937378,25,24.722330583572393,25,0.09901354421533519,25,129692.06,25,0.405366832613945,25,0.9999999761581421,25,0.9999140276014805,25,0.9999842596054077,25,0.9999944627285003,25,0.9999975496530533,25,0.9999996059536934,25,147456.0,25,14745600.0,0.850819879770279,25,7236.29,25,null permutations then draws averaged within patient; pooled counts are replicated draw-pixels
100,Drishti_GS,SUP_G1,22,training_like,teacher,25,100,100,0.04652469950142,25,0.22717588797211646,25,0.8778529866536458,25,-17.46191593170166,25,17.801231422424316,25,-11.605944412946702,25,-7.563433229029179,25,9.630928584337234,25,13.150965349674227,25,15.637593260002138,25,0.9167885557562113,25,32.20278650283814,25,20.51597016096115,25,26.50645202636719,25,27.53553071975708,25,28.35916507720947,25,29.679039103508,25,0.00033957071602344516,25,27.422679786682128,25,16.555410592556,25,21.906753845214844,25,23.01899746656418,25,23.875268182754517,25,25.188872156143194,25,0.09499582343998243,25,129444.69,25,0.4010142156481743,25,1.0,25,0.9999918001890182,25,0.9999996304512024,25,0.9999999022483825,25,0.9999999773502349,25,0.9999999952316284,25,147456.0,25,14745600.0,0.8455700755119324,25,7013.27,25,null permutations then draws averaged within patient; pooled counts are replicated draw-pixels
20,RIM_ONE_r3,LIN_SUP,22,posterior_mean_clean,student,40,40,40,0.02963999057945633,40,0.13263693433254958,40,0.8686024983723957,40,-6.049389111995697,40,7.174857866764069,40,-3.7641227409243583,40,-3.000554272532463,40,5.591137710213661,40,6.061624904870986,40,6.518352331876756,40,3.737853875756264,40,11.972228837013244,40,9.514916235208512,40,9.910840511322021,40,10.120263761281967,40,10.416764712333679,40,11.049777487516405,40,0.0002459615468978882,40,10.716373562812805,40,8.200041595101357,40,8.996280741691589,40,9.217763566970826,40,9.510448563098908,40,10.179457203149799,40,0.06403453818376173,40,128080.65,40,0.4971766799688339,40,0.9999616920948029,40,0.9995511285960674,40,0.9998214647173882,40,0.9998561821877956,40,0.9998887270689011,40,0.999937233030796,40,147456.0,40,5898240.0,0.785849504172802,40,4463.35,40,null permutations then draws averaged within patient; pooled counts are replicated draw-pixels
20,RIM_ONE_r3,LIN_SUP,22,posterior_mean_clean,teacher,40,40,40,0.03017448849173484,40,0.13281489964574575,40,0.8624160766601563,40,-5.958609712123871,40,6.910170173645019,40,-3.6142058193683626,40,-2.9469481289386747,40,5.414932590723038,40,5.919469512701035,40,6.300789911746979,40,3.901737612485886,40,11.63358027935028,40,9.139956557750702,40,9.634374368190766,40,9.8556118786335,40,10.105143189430237,40,10.556991415023806,40,0.00025016963481903074,40,10.264182233810425,40,7.989989644289016,40,8.822634565830231,40,9.010001063346863,40,9.244362199306488,40,9.809065707921985,40,0.0656591190005425,40,127168.425,40,0.49692615792155265,40,0.9999334067106247,40,0.9993793126195669,40,0.9997838795185089,40,0.9998207077383995,40,0.9998526155948639,40,0.9999027901887894,40,147456.0,40,5898240.0,0.7808024093508721,40,4187.825,40,null permutations then draws averaged within patient; pooled counts are replicated draw-pixels
20,RIM_ONE_r3,LIN_SUP,22,training_like,student,40,160,160,0.03175465406176272,40,0.14858114037197084,40,0.8722888098822701,40,-6.59925964474678,40,7.165703219175339,40,-3.7448209919035436,40,-2.9731070771813393,40,5.545862480252981,40,6.032806688547135,40,6.485709571331741,40,3.9439259096980095,40,12.339107060432434,40,9.440316379070282,40,9.847358214855195,40,10.065374845266343,40,10.363451746106147,40,11.019153065085414,40,0.0003078557550907135,40,10.756118220090865,40,8.139254149794578,40,8.921894976496697,40,9.188719537854194,40,9.494351238012314,40,10.1370696374774,40,0.0686759078093683,40,128624.21875,40,0.49767414908856156,40,0.9999633371829987,40,0.999514040350914,40,0.9998067572712899,40,0.9998507922515273,40,0.9998858060687781,40,0.9999344300478696,40,147456.0,40,23592960.0,0.7990166418254375,40,4254.85,40,null permutations then draws averaged within patient; pooled counts are replicated draw-pixels
20,RIM_ONE_r3,LIN_SUP,22,training_like,teacher,40,160,160,0.03017448849173484,40,0.13281489964574575,40,0.8624160766601563,40,-5.958609712123871,40,6.910170173645019,40,-3.6142058193683626,40,-2.9469481289386747,40,5.414932590723038,40,5.919469512701035,40,6.300789911746979,40,3.901737612485886,40,11.63358027935028,40,9.139956557750702,40,9.634374368190766,40,9.8556118786335,40,10.105143189430237,40,10.556991415023806,40,0.00025016963481903074,40,10.264182233810425,40,7.989989644289016,40,8.822634565830231,40,9.010001063346863,40,9.244362199306488,40,9.809065707921985,40,0.0656591190005425,40,127168.425,40,0.49692615792155265,40,0.9999334067106247,40,0.9993793126195669,40,0.9997838795185089,40,0.9998207077383995,40,0.9998526155948639,40,0.9999027901887894,40,147456.0,40,23592960.0,0.7808024093508721,40,4187.825,40,null permutations then draws averaged within patient; pooled counts are replicated draw-pixels
40,RIM_ONE_r3,LIN_SUP,22,posterior_mean_clean,student,40,40,40,0.03185571931841069,40,0.1533872161526233,40,0.9011588202582466,40,-10.061828768253326,40,8.585530769824981,40,-4.382728317379952,40,-3.351195812225342,40,6.179024156928063,40,6.789567173719407,40,7.448929438591004,40,3.8613661140203477,40,17.829508543014526,40,10.634323859214783,40,11.260322284698486,40,11.667228871583939,40,12.135313093662262,40,13.3001776778698,40,0.0004560232162475586,40,12.485410976409913,40,8.902060768008232,40,10.058764672279358,40,10.442570149898529,40,10.82199456691742,40,11.620439503192904,40,0.06735100601557276,40,132881.275,40,0.49515095353126526,40,0.9999942570924759,40,0.9997261822223663,40,0.9999414294958114,40,0.9999611526727676,40,0.9999726802110672,40,0.9999871283769608,40,147456.0,40,5898240.0,0.8384144157171249,40,4608.95,40,null permutations then draws averaged within patient; pooled counts are replicated draw-pixels
40,RIM_ONE_r3,LIN_SUP,22,posterior_mean_clean,teacher,40,40,40,0.03071784482516604,40,0.14327260791324078,40,0.8895156860351563,40,-9.322986543178558,40,8.23463715314865,40,-4.331941783428192,40,-3.317798230051994,40,6.055220204591751,40,6.701258897781372,40,7.375248332262041,40,4.236034461855889,40,16.399857354164123,40,10.477495503425597,40,11.081330299377441,40,11.491947627067566,40,11.985406816005707,40,13.095203436613087,40,0.00039386749267578125,40,12.268687653541566,40,8.730355268716812,40,9.922144913673401,40,10.292636013031006,40,10.70337255001068,40,11.531932393312456,40,0.06568914606347265,40,131164.425,40,0.4981133952736855,40,0.9999928444623947,40,0.9995453223586083,40,0.9999317094683647,40,0.9999545224010944,40,0.9999689310789108,40,0.9999854981899261,40,147456.0,40,5898240.0,0.8151347935199738,40,4202.125,40,null permutations then draws averaged within patient; pooled counts are replicated draw-pixels
40,RIM_ONE_r3,LIN_SUP,22,training_like,student,40,160,160,0.03335146173352036,40,0.16864106887951494,40,0.9035094790988498,40,-10.283513867855072,40,8.748743772506714,40,-4.377041879296303,40,-3.325231693685055,40,6.151310522854328,40,6.7675962269306185,40,7.430430847465994,40,4.070163644105196,40,18.217715483903884,40,10.588954104483127,40,11.221469447016716,40,11.626407513022423,40,12.086455357074737,40,13.270835085511212,40,0.00045471861958503725,40,12.556158006191254,40,8.889752849936485,40,9.989343014359473,40,10.409173302352428,40,10.80082126557827,40,11.637012813687326,40,0.07125284939604501,40,133227.89375,40,0.49665239825844765,40,0.9999947220087051,40,0.9996996534988284,40,0.9999367043375968,40,0.9999596508219838,40,0.9999718926846981,40,0.9999871986731886,40,147456.0,40,23592960.0,0.8429037868976593,40,4448.7875,40,null permutations then draws averaged within patient; pooled counts are replicated draw-pixels
40,RIM_ONE_r3,LIN_SUP,22,training_like,teacher,40,160,160,0.03071784482516604,40,0.14327260791324078,40,0.8895156860351563,40,-9.322986543178558,40,8.23463715314865,40,-4.331941783428192,40,-3.317798230051994,40,6.055220204591751,40,6.701258897781372,40,7.375248332262041,40,4.236034461855889,40,16.399857354164123,40,10.477495503425597,40,11.081330299377441,40,11.491947627067566,40,11.985406816005707,40,13.095203436613087,40,0.00039386749267578125,40,12.268687653541566,40,8.730355268716812,40,9.922144913673401,40,10.292636013031006,40,10.70337255001068,40,11.531932393312456,40,0.06568914606347265,40,131164.425,40,0.4981133952736855,40,0.9999928444623947,40,0.9995453223586083,40,0.9999317094683647,40,0.9999545224010944,40,0.9999689310789108,40,0.9999854981899261,40,147456.0,40,23592960.0,0.8151347935199738,40,4202.125,40,null permutations then draws averaged within patient; pooled counts are replicated draw-pixels
60,RIM_ONE_r3,LIN_SUP,22,posterior_mean_clean,student,40,40,40,0.03144839910372765,40,0.16479738536290825,40,0.9202121310763889,40,-11.311792397499085,40,9.477453112602234,40,-4.733966508507729,40,-3.628222572803497,40,6.4952953338623045,40,7.1763341021537785,40,8.069510295629502,40,4.487854781746864,40,19.5282310962677,40,11.295766133069993,40,11.856809008121491,40,12.371536177396774,40,13.00100234746933,40,14.386292814016349,40,0.0005530029535293579,40,13.179444003105164,40,9.366774478554726,40,10.619325459003448,40,11.131694304943085,40,11.647176861763,40,12.520229903459551,40,0.06539258316237814,40,135690.8,40,0.4952597633004189,40,0.9999972641468048,40,0.9998363062739373,40,0.9999668687582016,40,0.9999804265797139,40,0.9999880656599999,40,0.9999949693679809,40,147456.0,40,5898240.0,0.8469736590981484,40,3878.8,40,null permutations then draws averaged within patient; pooled counts are replicated draw-pixels
60,RIM_ONE_r3,LIN_SUP,22,posterior_mean_clean,teacher,40,40,40,0.032089897251898945,40,0.16920839394442738,40,0.9204979790581598,40,-11.544931650161743,40,9.528175914287567,40,-4.691226091980934,40,-3.573379969596863,40,6.452878877520561,40,7.119004021883012,40,8.023339130163194,40,4.533603596687317,40,19.86704812049866,40,11.212014353275299,40,11.787907755374908,40,12.273548066616058,40,12.878813791275025,40,14.269182838201527,40,0.000382009893655777,40,13.205735754966735,40,9.283038952946663,40,10.533855426311494,40,11.022905397415162,40,11.517336678504943,40,12.445985707044603,40,0.06684880683543441,40,135732.95,40,0.4970248267054558,40,0.9999972701072692,40,0.9998143561184406,40,0.9999639362096786,40,0.9999783486127853,40,0.9999866217374802,40,0.9999945326149463,40,147456.0,40,5898240.0,0.8526453584432602,40,4171.9,40,null permutations then draws averaged within patient; pooled counts are replicated draw-pixels
60,RIM_ONE_r3,LIN_SUP,22,training_like,student,40,160,160,0.033568541120041574,40,0.18277024178532883,40,0.9241701338026258,40,-11.79663373529911,40,9.549792116880417,40,-4.716721557825804,40,-3.6110162608325482,40,6.47277979850769,40,7.144690663516522,40,8.033076124429703,40,4.685541281104088,40,20.030976343154908,40,11.256827321648597,40,11.809648817777633,40,12.319759187102317,40,12.925406989455222,40,14.389837872684009,40,0.0004900671541690826,40,13.305465370416641,40,9.356178651750088,40,10.56619561612606,40,11.09042477607727,40,11.587798336148262,40,12.510616165697577,40,0.06963022628693594,40,136274.43125,40,0.4984616471454501,40,0.99999765381217,40,0.9998318014666439,40,0.9999645218253136,40,0.9999795714393258,40,0.9999875597655773,40,0.9999949264153838,40,147456.0,40,23592960.0,0.8496336180716753,40,3763.28125,40,null permutations then draws averaged within patient; pooled counts are replicated draw-pixels
60,RIM_ONE_r3,LIN_SUP,22,training_like,teacher,40,160,160,0.032089897251898945,40,0.16920839394442738,40,0.9204979790581598,40,-11.544931650161743,40,9.528175914287567,40,-4.691226091980934,40,-3.573379969596863,40,6.452878877520561,40,7.119004021883012,40,8.023339130163194,40,4.533603596687317,40,19.86704812049866,40,11.212014353275299,40,11.787907755374908,40,12.273548066616058,40,12.878813791275025,40,14.269182838201527,40,0.000382009893655777,40,13.205735754966735,40,9.283038952946663,40,10.533855426311494,40,11.022905397415162,40,11.517336678504943,40,12.445985707044603,40,0.06684880683543441,40,135732.95,40,0.4970248267054558,40,0.9999972701072692,40,0.9998143561184406,40,0.9999639362096786,40,0.9999783486127853,40,0.9999866217374802,40,0.9999945326149463,40,147456.0,40,23592960.0,0.8526453584432602,40,4171.9,40,null permutations then draws averaged within patient; pooled counts are replicated draw-pixels
80,RIM_ONE_r3,LIN_SUP,22,posterior_mean_clean,student,40,40,40,0.03347295638636751,40,0.1988589558750391,40,0.9388966878255209,40,-11.658902633190156,40,10.035294079780579,40,-4.8781817823648455,40,-3.9516161561012266,40,6.802008867263794,40,7.473737741708755,40,8.088333274126054,40,4.980592453479767,40,20.836122155189514,40,11.758383560180665,40,12.302302432060241,40,12.768258053064347,40,13.196419763565064,40,14.114111969470983,40,0.000666828453540802,40,13.529014539718627,40,9.98889306485653,40,11.279263734817505,40,11.757325464487076,40,12.095908558368683,40,12.644352996349335,40,0.06839609160089907,40,138445.95,40,0.4976681411266327,40,0.9999978870153428,40,0.9999179929494858,40,0.9999819606542587,40,0.9999890148639679,40,0.9999922722578048,40,0.9999955382943153,40,147456.0,40,5898240.0,0.8799442067742348,40,4147.975,40,null permutations then draws averaged within patient; pooled counts are replicated draw-pixels
80,RIM_ONE_r3,LIN_SUP,22,posterior_mean_clean,teacher,40,40,40,0.034912217360831874,40,0.214913397654891,40,0.9420564439561632,40,-11.734126019477845,40,10.235726571083068,40,-4.844131663441658,40,-3.8821576446294785,40,6.794685864448548,40,7.440411912202835,40,8.116985288739205,40,4.604267987236381,40,21.08106472492218,40,11.69096081852913,40,12.262207973003388,40,12.747013187408447,40,13.211227691173553,40,14.306092624664325,40,0.000544874370098114,40,13.494501662254333,40,9.987988322973251,40,11.171123266220093,40,11.697371107339858,40,12.08231179714203,40,12.666838487386704,40,0.07144272445306638,40,138911.875,40,0.4868923932313919,40,0.9999977141618729,40,0.9999134883284568,40,0.9999802112579346,40,0.9999882400035858,40,0.999992024898529,40,0.9999955803155899,40,147456.0,40,5898240.0,0.8862427964806556,40,4279.275,40,null permutations then draws averaged within patient; pooled counts are replicated draw-pixels
80,RIM_ONE_r3,LIN_SUP,22,training_like,student,40,160,160,0.03580434243087641,40,0.22259652245556935,40,0.9400135464138455,40,-12.08793130517006,40,10.006163078546525,40,-4.854071237891913,40,-3.9109975464642046,40,6.777660436928272,40,7.423264127671717,40,8.028023380547763,40,4.814628888200969,40,21.32514487504959,40,11.705370004475117,40,12.243788462877273,40,12.673991885781287,40,13.076280242204666,40,14.150498828589926,40,0.0005811505019664764,40,13.551220679283142,40,9.959552764892578,40,11.21099066734314,40,11.707827135920525,40,12.035669520497322,40,12.605465087592602,40,0.07321158586393509,40,138610.6375,40,0.49527612440288066,40,0.9999979369342327,40,0.999908313434571,40,0.9999805524945259,40,0.9999882787466049,40,0.999991649389267,40,0.9999952486902476,40,147456.0,40,23592960.0,0.8850142940878868,40,4071.70625,40,null permutations then draws averaged within patient; pooled counts are replicated draw-pixels
80,RIM_ONE_r3,LIN_SUP,22,training_like,teacher,40,160,160,0.034912217360831874,40,0.214913397654891,40,0.9420564439561632,40,-11.734126019477845,40,10.235726571083068,40,-4.844131663441658,40,-3.8821576446294785,40,6.794685864448548,40,7.440411912202835,40,8.116985288739205,40,4.604267987236381,40,21.08106472492218,40,11.69096081852913,40,12.262207973003388,40,12.747013187408447,40,13.211227691173553,40,14.306092624664325,40,0.000544874370098114,40,13.494501662254333,40,9.987988322973251,40,11.171123266220093,40,11.697371107339858,40,12.08231179714203,40,12.666838487386704,40,0.07144272445306638,40,138911.875,40,0.4868923932313919,40,0.9999977141618729,40,0.9999134883284568,40,0.9999802112579346,40,0.9999882400035858,40,0.999992024898529,40,0.9999955803155899,40,147456.0,40,23592960.0,0.8862427964806556,40,4279.275,40,null permutations then draws averaged within patient; pooled counts are replicated draw-pixels
100,RIM_ONE_r3,LIN_SUP,22,posterior_mean_clean,student,40,40,40,0.03434564066942079,40,0.23509621685370802,40,0.9580980088975697,40,-11.672579360008239,40,11.52973964214325,40,-4.82117472589016,40,-4.073291951417923,40,6.85233103632927,40,7.486542716026307,40,8.288542790770531,40,4.585784048587084,40,22.304433751106263,40,11.698230707645417,40,12.209651637077332,40,12.71450686454773,40,13.225448489189148,40,14.341025986671458,40,0.0011077456176280976,40,14.838864278793334,40,10.319672027230263,40,11.40773502588272,40,11.968559074401856,40,12.397460377216339,40,13.026620024442675,40,0.06979699590475859,40,141277.3,40,0.4948581963777542,40,0.999998927116394,40,0.999936281144619,40,0.9999823927879333,40,0.9999901831150055,40,0.9999936848878861,40,0.9999966651201249,40,147456.0,40,5898240.0,0.9169080168008804,40,3998.025,40,null permutations then draws averaged within patient; pooled counts are replicated draw-pixels
100,RIM_ONE_r3,LIN_SUP,22,posterior_mean_clean,teacher,40,40,40,0.034162792198892726,40,0.23163152998313308,40,0.9571473863389756,40,-11.737888467311858,40,11.459738183021546,40,-4.825627651810646,40,-4.062121021747589,40,6.84518121778965,40,7.485791363716125,40,8.289048651576044,40,4.617606082558632,40,22.36653516292572,40,11.696796715259552,40,12.212586665153504,40,12.721281254291535,40,13.23724181652069,40,14.346516176462183,40,0.0010453760623931885,40,14.734771776199342,40,10.290466454625129,40,11.392231106758118,40,11.956385374069214,40,12.390662753582001,40,13.020877788066866,40,0.06948249260012627,40,141137.125,40,0.49546345993876456,40,0.9999988704919816,40,0.9999339923262596,40,0.999982225894928,40,0.9999901324510574,40,0.9999936878681183,40,0.9999966621398926,40,147456.0,40,5898240.0,0.9148718938231468,40,3988.125,40,null permutations then draws averaged within patient; pooled counts are replicated draw-pixels
100,RIM_ONE_r3,LIN_SUP,22,training_like,student,40,160,160,0.037162321834032105,40,0.2685147005831823,40,0.9608371734619141,40,-12.657060861587524,40,12.202864891290664,40,-4.7820892192423345,40,-4.071469560265541,40,6.829408244788647,40,7.414629683792592,40,8.258165965139867,40,4.791220147162676,40,24.222013109922408,40,11.655498918890952,40,12.114748540520669,40,12.577783660590649,40,13.0667200922966,40,14.433345118165027,40,0.0009651370346546173,40,15.175113105773926,40,10.32550964653492,40,11.343985152244567,40,11.865829679369927,40,12.297845911979675,40,12.96661593466997,40,0.07539662589609841,40,141681.20625,40,0.4979789048433304,40,0.9999990671873092,40,0.9999345811083913,40,0.9999811306595803,40,0.9999889809638262,40,0.9999928805977106,40,0.9999963827431202,40,147456.0,40,23592960.0,0.9226835183799267,40,3951.68125,40,null permutations then draws averaged within patient; pooled counts are replicated draw-pixels
100,RIM_ONE_r3,LIN_SUP,22,training_like,teacher,40,160,160,0.034162792198892726,40,0.23163152998313308,40,0.9571473863389756,40,-11.737888467311858,40,11.459738183021546,40,-4.825627651810646,40,-4.062121021747589,40,6.84518121778965,40,7.485791363716125,40,8.289048651576044,40,4.617606082558632,40,22.36653516292572,40,11.696796715259552,40,12.212586665153504,40,12.721281254291535,40,13.23724181652069,40,14.346516176462183,40,0.0010453760623931885,40,14.734771776199342,40,10.290466454625129,40,11.392231106758118,40,11.956385374069214,40,12.390662753582001,40,13.020877788066866,40,0.06948249260012627,40,141137.125,40,0.49546345993876456,40,0.9999988704919816,40,0.9999339923262596,40,0.999982225894928,40,0.9999901324510574,40,0.9999936878681183,40,0.9999966621398926,40,147456.0,40,23592960.0,0.9148718938231468,40,3988.125,40,null permutations then draws averaged within patient; pooled counts are replicated draw-pixels
20,RIM_ONE_r3,SUP_G1,22,posterior_mean_clean,student,40,40,40,0.03838543198419554,40,0.16788842733949422,40,0.876551988389757,40,-20.350418519973754,40,21.129878282546997,40,-11.786748802661895,40,-2.9514229491353037,40,12.490205144882202,40,17.168231694698335,40,17.8422392373085,40,3.2165650010108946,40,40.58672742843628,40,24.328503036499022,40,31.778226351737977,40,34.187647986412045,40,34.79073543548584,40,35.31127694129945,40,0.00026613473892211914,40,30.36253957748413,40,13.327605983614921,40,19.972366595268248,40,22.492042064666748,40,23.266044163703917,40,23.883466467857364,40,0.07884387921394602,40,129252.85,40,0.4948302395641804,40,1.0,40,0.9999334521591663,40,0.9999999850988388,40,1.0,40,1.0,40,1.0,40,147456.0,40,5898240.0,0.798625411093235,40,5510.475,40,null permutations then draws averaged within patient; pooled counts are replicated draw-pixels
20,RIM_ONE_r3,SUP_G1,22,posterior_mean_clean,teacher,40,40,40,0.03387154371855306,40,0.15560513101518153,40,0.8744998508029515,40,-19.357416677474976,40,20.849367666244508,40,-11.493887141346931,40,-3.5108805760741233,40,13.291588598489762,40,16.772039427757264,40,17.43202871322632,40,2.700402411818504,40,38.94066305160523,40,24.78901451230049,40,31.246023344993592,40,32.771996474266054,40,33.152316784858705,40,33.694690413475044,40,0.00026195049285888673,40,31.26832013130188,40,14.829766148328781,40,21.052059864997865,40,22.795773482322694,40,23.303756713867188,40,23.858727772235873,40,0.07195363694452452,40,128950.25,40,0.49126480147242546,40,1.0,40,0.9999778777360916,40,0.9999999970197677,40,1.0,40,1.0,40,1.0,40,147456.0,40,5898240.0,0.7397461235523224,40,4501.8,40,null permutations then draws averaged within patient; pooled counts are replicated draw-pixels
20,RIM_ONE_r3,SUP_G1,22,training_like,student,40,160,160,0.039663094881321595,40,0.18227452230639757,40,0.8769979265001085,40,-14.43081338405609,40,18.027113753557206,40,-7.66128401234746,40,-3.4882862981408835,40,11.103736811876297,40,14.175073678493499,40,14.87699151313305,40,1.1430236000567675,40,31.267241835594177,40,18.267630034685133,40,23.011792930960656,40,24.677682349085806,40,25.288965183496476,40,26.036542220711716,40,0.0002347901463508606,40,26.52186714410782,40,13.217075022310018,40,18.087600901722908,40,20.0028556227684,40,20.781363904476166,40,21.60407268673182,40,0.0835199998906762,40,129318.60625,40,0.44065050706267356,40,1.0,40,0.99993985760957,40,0.999999389052391,40,0.9999999798834324,40,0.9999999947845936,40,0.9999999977648258,40,147456.0,40,23592960.0,0.7446571961045265,40,4553.7,40,null permutations then draws averaged within patient; pooled counts are replicated draw-pixels
20,RIM_ONE_r3,SUP_G1,22,training_like,teacher,40,160,160,0.04186777178825752,40,0.18264728058129548,40,0.8838639153374566,40,-14.217094492912292,40,17.578950816392897,40,-8.137494649365545,40,-3.8833976815454663,40,11.72678563296795,40,13.930567912757397,40,14.499697006464004,40,0.6287464983761311,40,30.6434934258461,40,19.07049060612917,40,23.2059737354517,40,24.313717862963678,40,24.734809601306914,40,25.37426716089249,40,0.00014885663986206055,40,26.502057373523712,40,14.417722030729056,40,18.902472710609437,40,20.234158985316753,40,20.75118533372879,40,21.44404594630003,40,0.08354930395383049,40,130331.0375,40,0.39819018077105284,40,0.999999999254942,40,0.999978138320148,40,0.9999998956918716,40,0.9999999836087227,40,0.9999999910593033,40,0.9999999962747097,40,147456.0,40,23592960.0,0.6752375576645135,40,3951.275,40,null permutations then draws averaged within patient; pooled counts are replicated draw-pixels
40,RIM_ONE_r3,SUP_G1,22,posterior_mean_clean,student,40,40,40,0.033125549360349595,40,0.199827079474926,40,0.8979636298285592,40,-21.7872275352478,40,23.622015237808228,40,-14.504670161008836,40,-7.276997667551041,40,15.297280204296111,40,19.635080919265747,40,20.665365781307223,40,3.315912054479122,40,43.54354343414307,40,29.658743214607238,40,35.45528607368469,40,38.09719591140747,40,39.26088495254517,40,40.34625117301941,40,0.0003074347972869873,40,37.31284914016724,40,20.426903384923936,40,27.09638376235962,40,30.382550978660582,40,31.498055458068848,40,32.260092136859896,40,0.06963092400123941,40,132410.125,40,0.48409459218382833,40,1.0,40,0.9999997109174729,40,1.0,40,1.0,40,1.0,40,1.0,40,147456.0,40,5898240.0,0.7739158853888511,40,3528.15,40,null permutations then draws averaged within patient; pooled counts are replicated draw-pixels
40,RIM_ONE_r3,SUP_G1,22,posterior_mean_clean,teacher,40,40,40,0.03373851148626272,40,0.19813192817382513,40,0.8979432847764756,40,-21.142252349853514,40,23.69627227783203,40,-14.625198256969451,40,-7.751570844650269,40,16.152113050222397,40,20.168368458747864,40,20.958307863235476,40,4.181352433562279,40,43.09989986419678,40,30.60970607995987,40,36.02737534046173,40,37.97544243335724,40,38.911714458465575,40,39.860226635932925,40,0.0002359449863433838,40,37.182149505615236,40,21.482629001140594,40,28.502695512771606,40,31.289414381980897,40,32.15506770610809,40,32.70519682884217,40,0.07097613521454668,40,132407.125,40,0.4992069214582443,40,1.0,40,0.9999997586011886,40,1.0,40,1.0,40,1.0,40,1.0,40,147456.0,40,5898240.0,0.7980984076857567,40,4062.175,40,null permutations then draws averaged within patient; pooled counts are replicated draw-pixels
40,RIM_ONE_r3,SUP_G1,22,training_like,student,40,160,160,0.03573868557431044,40,0.20426210982259363,40,0.8952082739935981,40,-15.043119025230407,40,21.45429011583328,40,-9.371225173771382,40,-5.62779569234699,40,13.623075847327708,40,17.318091348409656,40,18.336912387251854,40,2.31219175811857,40,35.11407212018967,40,22.38156035542488,40,26.757373332977295,40,29.075827595591544,40,30.047447866201402,40,30.911072861552242,40,0.0002833019942045212,40,30.696657359600067,40,17.825016970932484,40,23.128273248672485,40,25.604903581738473,40,26.639917939901352,40,27.557689308524136,40,0.07499412170838667,40,132003.83125,40,0.46764466986060144,40,1.0,40,0.9999989967793226,40,1.0,40,1.0,40,1.0,40,1.0,40,147456.0,40,23592960.0,0.7857355438172817,40,3712.58125,40,null permutations then draws averaged within patient; pooled counts are replicated draw-pixels
40,RIM_ONE_r3,SUP_G1,22,training_like,teacher,40,160,160,0.03547153013599629,40,0.19042846682714298,40,0.8923179626464843,40,-14.618861478567123,40,21.495709705352784,40,-9.44583994038403,40,-5.974785898765549,40,14.458128824830055,40,17.79138575196266,40,18.456440595746038,40,3.0643325850367544,40,34.99260604381561,40,23.319294753670693,40,27.784835708141326,40,29.754323881864547,40,30.49847610592842,40,31.126603181362157,40,0.00034517236053943634,40,30.45701732635498,40,18.95431494563818,40,24.10142492055893,40,25.978707113862036,40,26.791736647486687,40,27.516664035320286,40,0.07431292362536776,40,131577.6375,40,0.4878420000895858,40,1.0,40,0.9999991990625858,40,0.9999999940395355,40,0.9999999977648258,40,0.999999999254942,40,1.0,40,147456.0,40,23592960.0,0.8097432292997837,40,4258.4,40,null permutations then draws averaged within patient; pooled counts are replicated draw-pixels
60,RIM_ONE_r3,SUP_G1,22,posterior_mean_clean,student,40,40,40,0.03596867633029129,40,0.2517818409949541,40,0.934958055284288,40,-26.234542417526246,40,30.014549350738527,40,-17.656704223155977,40,-10.057888340950011,40,18.794708627462388,40,27.399967842102047,40,28.318053127765655,40,7.256781613826751,40,55.17927808761597,40,36.456847202777865,40,45.47364139556885,40,49.27003893852234,40,50.70693464279175,40,51.93355912685395,40,0.00055922269821167,40,44.80118026733398,40,26.26921750307083,40,36.39329636096954,40,39.80438489913941,40,40.85386438369751,40,41.80627109527588,40,0.0736384983591563,40,137865.175,40,0.5001368910074234,40,1.0,40,0.9999999940395355,40,1.0,40,1.0,40,1.0,40,1.0,40,147456.0,40,5898240.0,0.8662690877914428,40,4371.375,40,null permutations then draws averaged within patient; pooled counts are replicated draw-pixels
60,RIM_ONE_r3,SUP_G1,22,posterior_mean_clean,teacher,40,40,40,0.033439453126907714,40,0.2366376706864685,40,0.932989501953125,40,-25.994797277450562,40,29.669176483154295,40,-18.2039257645607,40,-10.299596655368806,40,20.334391367435455,40,27.330537695884704,40,27.95710420274735,40,6.277880692481995,40,54.61423873901367,40,38.58978799581528,40,46.63853478431702,40,49.13969144821167,40,50.22869658470154,40,51.48679274559022,40,0.00046233534812927245,40,43.89682159423828,40,28.31040313243866,40,37.32742447853089,40,39.36551232337952,40,40.03528094291687,40,40.844686317443845,40,0.0690186977520777,40,137574.9,40,0.4956609092652798,40,1.0,40,0.9999999970197677,40,1.0,40,1.0,40,1.0,40,1.0,40,147456.0,40,5898240.0,0.8449365854263305,40,4239.025,40,null permutations then draws averaged within patient; pooled counts are replicated draw-pixels
60,RIM_ONE_r3,SUP_G1,22,training_like,student,40,160,160,0.03339254959283835,40,0.1892658131546341,40,0.9086174011230469,40,-22.177367693185808,40,18.683052241802216,40,-13.305489102005959,40,-6.985026601701975,40,11.096768869459629,40,15.459478435516354,40,16.95494078916311,40,4.146490235254168,40,38.999297416210176,40,23.871149563789366,40,30.023930752277373,40,32.423787993192676,40,33.935695487260816,40,36.24117329776287,40,0.00038636773824691774,40,30.075164592266084,40,16.515845604240894,40,22.693881526589394,40,24.540320122241972,40,25.647575557231903,40,27.403929241299636,40,0.06998232142125967,40,133981.0875,40,0.4879844568669796,40,1.0,40,0.9999942628666758,40,0.9999999880790711,40,0.9999999977648258,40,0.999999999254942,40,1.0,40,147456.0,40,23592960.0,0.8327382069081068,40,4614.09375,40,null permutations then draws averaged within patient; pooled counts are replicated draw-pixels
60,RIM_ONE_r3,SUP_G1,22,training_like,teacher,40,160,160,0.03128045028433664,40,0.17538956993957983,40,0.9050423516167534,40,-21.28805941939354,40,17.94534025788307,40,-13.79786167666316,40,-7.429380403645337,40,11.749710173904896,40,15.342956935167312,40,16.43085068243742,40,3.5330232813954354,40,37.61236851215362,40,25.22151965200901,40,30.492963939905167,40,32.046580308675765,40,33.07314778566361,40,34.93197771549225,40,0.00032362453639507295,40,29.185460531711577,40,17.81010746434331,40,23.224236658215524,40,24.56584652811289,40,25.343731516599654,40,26.772843195796014,40,0.06635996587033453,40,133453.925,40,0.4791266605257988,40,1.0,40,0.9999933544546366,40,0.9999999843537808,40,0.9999999918043614,40,0.9999999940395355,40,0.9999999977648258,40,147456.0,40,23592960.0,0.8163779221475125,40,4530.11875,40,null permutations then draws averaged within patient; pooled counts are replicated draw-pixels
80,RIM_ONE_r3,SUP_G1,22,posterior_mean_clean,student,40,40,40,0.03316671860395925,40,0.31613503000698984,40,0.9546329074435764,40,-26.783071517944336,40,31.458366012573244,40,-21.886384272575377,40,-13.545666754245758,40,24.903100466728212,40,28.666362791061395,40,29.69546211719513,40,6.967549741268158,40,57.091404342651366,40,46.96763961315155,40,50.82726263999939,40,52.133765029907224,40,52.74318299293518,40,53.4264134645462,40,0.0006313115358352661,40,51.08942728042602,40,37.53487048149109,40,41.41359028816223,40,43.987156653404234,40,45.42540273666382,40,46.57945285797119,40,0.06804625244142577,40,140766.35,40,0.49517828673124314,40,1.0,40,1.0,40,1.0,40,1.0,40,1.0,40,1.0,40,147456.0,40,5898240.0,0.8863863229751587,40,3944.55,40,null permutations then draws averaged within patient; pooled counts are replicated draw-pixels
80,RIM_ONE_r3,SUP_G1,22,posterior_mean_clean,teacher,40,40,40,0.03314909226991303,40,0.293468347704038,40,0.9494754367404514,40,-26.51114058494568,40,31.09563217163086,40,-21.482141518592833,40,-13.464601957798005,40,24.70352509021759,40,28.764997668266297,40,29.703521912097933,40,7.1107650101184845,40,56.361456108093265,40,46.42991139888763,40,50.63059515953064,40,51.70075798034668,40,52.425931453704834,40,53.095634608268746,40,0.0006499737501144409,40,50.24140043258667,40,36.94134758710861,40,41.909904909133914,40,44.26822731494904,40,45.13815851211548,40,45.96435744285584,40,0.06820363503939063,40,140005.85,40,0.49719282388687136,40,1.0,40,1.0,40,1.0,40,1.0,40,1.0,40,1.0,40,147456.0,40,5898240.0,0.8686959490180015,40,4056.575,40,null permutations then draws averaged within patient; pooled counts are replicated draw-pixels
80,RIM_ONE_r3,SUP_G1,22,training_like,student,40,160,160,0.03316859359644518,40,0.22246494634309782,40,0.9324701521131729,40,-20.186133497953413,40,13.66561593413353,40,-14.830014806985854,40,-10.608199363201857,40,9.423583230376243,40,11.020397578477859,40,11.974288356363775,40,3.402335175825283,40,32.08006494045257,40,24.248967783153056,40,26.40319731235504,40,27.652907812595366,40,28.55531249046326,40,29.55094834327698,40,0.0005100306123495101,40,27.352741634845735,40,19.7054431065917,40,21.648873034119607,40,22.805801779031754,40,23.773730766773223,40,24.953658798038962,40,0.06906788722765952,40,137498.31875,40,0.46842393539845945,40,0.9999999940395355,40,0.9999975636601448,40,0.9999995581805706,40,0.9999997787177562,40,0.9999998822808266,40,0.9999999560415744,40,147456.0,40,23592960.0,0.8534853838384151,40,4088.29375,40,null permutations then draws averaged within patient; pooled counts are replicated draw-pixels
80,RIM_ONE_r3,SUP_G1,22,training_like,teacher,40,160,160,0.03354286282700767,40,0.2036925533087924,40,0.9244107140435112,40,-20.007190918922426,40,13.131489211320877,40,-15.053666850924492,40,-10.589771778136491,40,9.204335622489452,40,11.040591752529144,40,11.783506144940855,40,3.2541580089367925,40,31.71200485229492,40,24.114640513062476,40,26.57161772251129,40,27.84129460155964,40,28.668371778726577,40,29.424334888458247,40,0.000523969647474587,40,27.121256190538407,40,19.324816262722017,40,21.697536066174507,40,23.121384608745576,40,24.019352388381957,40,24.904992255568505,40,0.06965453705932456,40,136309.90625,40,0.4655331952497363,40,0.9999999985098839,40,0.9999992808327078,40,0.9999999426305294,40,0.9999999880790711,40,0.9999999925494194,40,0.9999999962747097,40,147456.0,40,23592960.0,0.8444608796387911,40,4375.71875,40,null permutations then draws averaged within patient; pooled counts are replicated draw-pixels
100,RIM_ONE_r3,SUP_G1,22,posterior_mean_clean,student,40,40,40,0.03474430472127905,40,0.3815354905091226,40,0.9635250515407986,40,-28.927997875213624,40,32.30812311172485,40,-24.99050701856613,40,-16.729455614089964,40,28.451683664321898,40,30.05204675674438,40,30.525793439388273,40,7.929414224624634,40,60.474840831756595,40,53.5542197227478,40,55.31340379714966,40,55.95362043380737,40,56.354213857650755,40,56.76321618080139,40,0.0009436905384063721,40,53.78503532409668,40,44.8615779876709,40,47.23190417289734,40,48.453700518608095,40,49.512803077697754,40,50.47206148624421,40,0.07078181881587386,40,142077.55,40,0.4974630199372768,40,1.0,40,1.0,40,1.0,40,1.0,40,1.0,40,1.0,40,147456.0,40,5898240.0,0.9004009157419205,40,3973.8,40,null permutations then draws averaged within patient; pooled counts are replicated draw-pixels
100,RIM_ONE_r3,SUP_G1,22,posterior_mean_clean,teacher,40,40,40,0.03450291642955361,40,0.3653450750745833,40,0.9625422159830729,40,-28.723163318634032,40,32.23803601264954,40,-24.62840141057968,40,-16.707515490055084,40,27.857299435138703,40,29.74415310382843,40,30.227978056430818,40,8.021786627173423,40,60.268532371521,40,52.545075106620786,40,54.856421852111815,40,55.48634481430054,40,55.851960802078246,40,56.29990457534791,40,0.0009405866265296936,40,53.837674903869626,40,44.079958248138425,40,46.780074214935304,40,48.22731711864471,40,49.44430432319641,40,50.44822877883911,40,0.070307662646599,40,141932.625,40,0.49893976747989655,40,1.0,40,1.0,40,1.0,40,1.0,40,1.0,40,1.0,40,147456.0,40,5898240.0,0.8985679119825363,40,3998.45,40,null permutations then draws averaged within patient; pooled counts are replicated draw-pixels
100,RIM_ONE_r3,SUP_G1,22,training_like,student,40,160,160,0.054824860715331804,40,0.2745873591164127,40,0.8685828314887154,40,-17.000090962648393,40,12.868104159832,40,-12.735807709395885,40,-5.834387623914518,40,8.888854076713324,40,9.90243457853794,40,10.949671625405552,40,2.0868644693866374,40,28.303739607334137,40,21.846697507798673,40,22.999629300832748,40,23.863308604061604,40,24.726369178295137,40,25.94223404616118,40,0.00044135196658317,40,20.499229544401167,40,14.647172641381621,40,15.628319996595383,40,16.295696879178287,40,16.998204262554644,40,18.155019018799074,40,0.10179610249653952,40,128077.75,40,0.4471448319032788,40,0.9999528452754021,40,0.988741310313344,40,0.9928846808150411,40,0.9947354236617685,40,0.9970330631360411,40,0.9997515434399247,40,147456.0,40,23592960.0,0.8370251521468163,40,6810.66875,40,null permutations then draws averaged within patient; pooled counts are replicated draw-pixels
100,RIM_ONE_r3,SUP_G1,22,training_like,teacher,40,160,160,0.04774001971158112,40,0.23730994324432686,40,0.8829855177137589,40,-16.588470566272736,40,12.810791131854057,40,-12.363744422793388,40,-6.07019705013372,40,8.76008273884654,40,9.908323092460632,40,10.997267091602088,40,2.2383174067363143,40,27.77222058773041,40,21.360294234752654,40,22.627731060981752,40,23.52170202434063,40,24.450601816177368,40,25.591908833086496,40,0.00039577800780534746,40,20.631234315037727,40,14.732698886469006,40,15.913796223700047,40,16.637266229093076,40,17.388731571286918,40,18.428859550505877,40,0.09024660791909336,40,130201.5125,40,0.45117976404726506,40,0.9999593496322632,40,0.9914361552335322,40,0.9939156152307987,40,0.9960039462894201,40,0.9983578756451607,40,0.9998350098170341,40,147456.0,40,23592960.0,0.8336971703916788,40,6287.64375,40,null permutations then draws averaged within patient; pooled counts are replicated draw-pixels
