variant,site,site_index,epoch,class_id,target_coverage,realized_coverage,valid_pseudo_count,admitted_pixel_count,deferred_pixel_count,posthoc_final_pseudo_label_accuracy,posthoc_final_boundary_interior_admitted_ratio,hidden_gt_scope
R1,Drishti_GS,2,0,0,0.40083478334088035,0.40085076451575086,298555,119676,178879,0.9644048145908782,0.00803433638187837,post_hoc_final_checkpoint_only
R1,Drishti_GS,2,0,1,0.40070317270423217,0.4008500510030602,29410,11789,17621,0.6393942439776192,0.19480974048702435,post_hoc_final_checkpoint_only
R1,Drishti_GS,2,0,2,0.40089785226257735,0.40127697966548687,14409,5782,8627,0.9429130133097836,0.04830319544216002,post_hoc_final_checkpoint_only
R1,Drishti_GS,2,1,0,0.4028409290680755,0.40285859258136575,303506,122270,181236,0.9644048145908782,0.00803433638187837,post_hoc_final_checkpoint_only
R1,Drishti_GS,2,1,1,0.4029008348017712,0.4032480995162405,14470,5835,8635,0.6393942439776192,0.19480974048702435,post_hoc_final_checkpoint_only
R1,Drishti_GS,2,1,2,0.4028654228602056,0.40321004166881014,19439,7838,11601,0.9429130133097836,0.04830319544216002,post_hoc_final_checkpoint_only
R1,Drishti_GS,2,2,0,0.40485123774871795,0.40487052858142636,302924,122645,180279,0.9644048145908782,0.00803433638187837,post_hoc_final_checkpoint_only
R1,Drishti_GS,2,2,1,0.4048950146722961,0.40542935395521185,12414,5033,7381,0.6393942439776192,0.19480974048702435,post_hoc_final_checkpoint_only
R1,Drishti_GS,2,2,2,0.40480297835357876,0.4050740592473979,19984,8095,11889,0.9429130133097836,0.04830319544216002,post_hoc_final_checkpoint_only
R1,Drishti_GS,2,3,0,0.4068427019873536,0.4068577797446362,305055,124114,180941,0.9644048145908782,0.00803433638187837,post_hoc_final_checkpoint_only
R1,Drishti_GS,2,3,1,0.40683923068934896,0.4073192746369082,12187,4964,7223,0.6393942439776192,0.19480974048702435,post_hoc_final_checkpoint_only
R1,Drishti_GS,2,3,2,0.4068322834174897,0.40717131474103585,18825,7665,11160,0.9429130133097836,0.04830319544216002,post_hoc_final_checkpoint_only
R1,Drishti_GS,2,4,0,0.40884614692392074,0.40886309941578275,303483,124083,179400,0.9644048145908782,0.00803433638187837,post_hoc_final_checkpoint_only
R1,Drishti_GS,2,4,1,0.4089102810770432,0.409305406076662,12079,4944,7135,0.6393942439776192,0.19480974048702435,post_hoc_final_checkpoint_only
R1,Drishti_GS,2,4,2,0.4088503024479693,0.4090328078397955,23470,9600,13870,0.9429130133097836,0.04830319544216002,post_hoc_final_checkpoint_only
R1,Drishti_GS,2,5,0,0.41084774086101433,0.41086431500037995,302679,124360,178319,0.9644048145908782,0.00803433638187837,post_hoc_final_checkpoint_only
R1,Drishti_GS,2,5,1,0.41079985274231157,0.41115839872323445,15038,6183,8855,0.6393942439776192,0.19480974048702435,post_hoc_final_checkpoint_only
R1,Drishti_GS,2,5,2,0.41085541719890056,0.41105732484076435,19625,8067,11558,0.9429130133097836,0.04830319544216002,post_hoc_final_checkpoint_only
R1,Drishti_GS,2,6,0,0.4128435846486577,0.4128583332786552,304814,125845,178969,0.9644048145908782,0.00803433638187837,post_hoc_final_checkpoint_only
R1,Drishti_GS,2,6,1,0.412782366777602,0.41334991708126034,12060,4985,7075,0.6393942439776192,0.19480974048702435,post_hoc_final_checkpoint_only
R1,Drishti_GS,2,6,2,0.4129311017410493,0.41325129665412386,19666,8127,11539,0.9429130133097836,0.04830319544216002,post_hoc_final_checkpoint_only
R1,Drishti_GS,2,7,0,0.41484488262430247,0.4148682701075606,305967,126936,179031,0.9644048145908782,0.00803433638187837,post_hoc_final_checkpoint_only
R1,Drishti_GS,2,7,1,0.4148634061960348,0.41519292604501606,12440,5165,7275,0.6393942439776192,0.19480974048702435,post_hoc_final_checkpoint_only
R1,Drishti_GS,2,7,2,0.4148219465869138,0.41512621745179884,20124,8354,11770,0.9429130133097836,0.04830319544216002,post_hoc_final_checkpoint_only
R1,Drishti_GS,2,8,0,0.4168474901359006,0.4168672878533588,304471,126924,177547,0.9644048145908782,0.00803433638187837,post_hoc_final_checkpoint_only
R1,Drishti_GS,2,8,1,0.4167910793588875,0.4171329345938646,15549,6486,9063,0.6393942439776192,0.19480974048702435,post_hoc_final_checkpoint_only
R1,Drishti_GS,2,8,2,0.41694456412189235,0.4171779141104294,20538,8568,11970,0.9429130133097836,0.04830319544216002,post_hoc_final_checkpoint_only
R1,Drishti_GS,2,9,0,0.418851120992391,0.4188684937076603,304974,127744,177230,0.9644048145908782,0.00803433638187837,post_hoc_final_checkpoint_only
R1,Drishti_GS,2,9,1,0.4187758208544996,0.41929299900314393,13041,5468,7573,0.6393942439776192,0.19480974048702435,post_hoc_final_checkpoint_only
R1,Drishti_GS,2,9,2,0.41886467249884324,0.41917660864463135,20452,8573,11879,0.9429130133097836,0.04830319544216002,post_hoc_final_checkpoint_only
R1,Drishti_GS,2,10,0,0.42084612270728305,0.42086348451941524,308031,129639,178392,0.9644048145908782,0.00803433638187837,post_hoc_final_checkpoint_only
R1,Drishti_GS,2,10,1,0.42090697312987063,0.4212085308056872,15192,6399,8793,0.6393942439776192,0.19480974048702435,post_hoc_final_checkpoint_only
R1,Drishti_GS,2,10,2,0.4208336336573256,0.421228872116509,18814,7925,10889,0.9429130133097836,0.04830319544216002,post_hoc_final_checkpoint_only
R1,Drishti_GS,2,11,0,0.4228530855023582,0.42287671986257275,309109,130715,178394,0.9644048145908782,0.00803433638187837,post_hoc_final_checkpoint_only
R1,Drishti_GS,2,11,1,0.4228163886138545,0.4232972189634946,14491,6134,8357,0.6393942439776192,0.19480974048702435,post_hoc_final_checkpoint_only
R1,Drishti_GS,2,11,2,0.42288359861592933,0.4231911313471246,20206,8551,11655,0.9429130133097836,0.04830319544216002,post_hoc_final_checkpoint_only
R1,Drishti_GS,2,12,0,0.42485441607417856,0.4248706842171664,309127,131339,177788,0.9644048145908782,0.00803433638187837,post_hoc_final_checkpoint_only
R1,Drishti_GS,2,12,1,0.4249468202266314,0.42522452167122216,17927,7623,10304,0.6393942439776192,0.19480974048702435,post_hoc_final_checkpoint_only
R1,Drishti_GS,2,12,2,0.4248517336290722,0.42515993553743225,20477,8706,11771,0.9429130133097836,0.04830319544216002,post_hoc_final_checkpoint_only
R1,Drishti_GS,2,13,0,0.42685403427543217,0.42687572984010386,306574,130869,175705,0.9644048145908782,0.00803433638187837,post_hoc_final_checkpoint_only
R1,Drishti_GS,2,13,1,0.4269095061259119,0.4272005294506949,15110,6455,8655,0.6393942439776192,0.19480974048702435,post_hoc_final_checkpoint_only
R1,Drishti_GS,2,13,2,0.42686828832554163,0.42714149187666617,19881,8492,11389,0.9429130133097836,0.04830319544216002,post_hoc_final_checkpoint_only
R1,Drishti_GS,2,14,0,0.42885670166622103,0.42887238378929216,306168,131307,174861,0.9644048145908782,0.00803433638187837,post_hoc_final_checkpoint_only
R1,Drishti_GS,2,14,1,0.4288045251317639,0.429039642076787,19222,8247,10975,0.6393942439776192,0.19480974048702435,post_hoc_final_checkpoint_only
R1,Drishti_GS,2,14,2,0.428754680673524,0.42911454500858476,16308,6998,9310,0.9429130133097836,0.04830319544216002,post_hoc_final_checkpoint_only
R1,Drishti_GS,2,15,0,0.43085675826295033,0.4308724219748129,306824,132202,174622,0.9644048145908782,0.00803433638187837,post_hoc_final_checkpoint_only
R1,Drishti_GS,2,15,1,0.4307159723124658,0.4311908386840537,15107,6514,8593,0.6393942439776192,0.19480974048702435,post_hoc_final_checkpoint_only
R1,Drishti_GS,2,15,2,0.43095084895198416,0.43123659400409037,20047,8645,11402,0.9429130133097836,0.04830319544216002,post_hoc_final_checkpoint_only
R1,Drishti_GS,2,16,0,0.43285000152440983,0.4328652746479791,307084,132926,174158,0.9644048145908782,0.00803433638187837,post_hoc_final_checkpoint_only
R1,Drishti_GS,2,16,1,0.433018260240223,0.4334236299229006,14397,6240,8157,0.6393942439776192,0.19480974048702435,post_hoc_final_checkpoint_only
R1,Drishti_GS,2,16,2,0.4328501001556228,0.43314384577360354,16184,7010,9174,0.9429130133097836,0.04830319544216002,post_hoc_final_checkpoint_only
R1,Drishti_GS,2,17,0,0.4348588249955149,0.43486915570228674,308955,134355,174600,0.9644048145908782,0.00803433638187837,post_hoc_final_checkpoint_only
R1,Drishti_GS,2,17,1,0.4346835529238519,0.4351139390352175,13516,5881,7635,0.6393942439776192,0.19480974048702435,post_hoc_final_checkpoint_only
R1,Drishti_GS,2,17,2,0.43496009432992583,0.4351990582191781,18688,8133,10555,0.9429130133097836,0.04830319544216002,post_hoc_final_checkpoint_only
R1,Drishti_GS,2,18,0,0.43686438448428844,0.43687842963465023,306884,134071,172813,0.9644048145908782,0.00803433638187837,post_hoc_final_checkpoint_only
R1,Drishti_GS,2,18,1,0.436874924679769,0.4372575298017916,14177,6199,7978,0.6393942439776192,0.19480974048702435,post_hoc_final_checkpoint_only
R1,Drishti_GS,2,18,2,0.43677177511192333,0.43707168497770044,18386,8036,10350,0.9429130133097836,0.04830319544216002,post_hoc_final_checkpoint_only
R1,Drishti_GS,2,19,0,0.438859486562174,0.438875881262198,307939,135147,172792,0.9644048145908782,0.00803433638187837,post_hoc_final_checkpoint_only
R1,Drishti_GS,2,19,1,0.4388960461189927,0.43913703656839176,15806,6941,8865,0.6393942439776192,0.19480974048702435,post_hoc_final_checkpoint_only
R1,Drishti_GS,2,19,2,0.43884384232884355,0.43914439610524136,19308,8479,10829,0.9429130133097836,0.04830319544216002,post_hoc_final_checkpoint_only
R1,Drishti_GS,2,20,0,0.440857584567014,0.4408733033859827,310545,136911,173634,0.9644048145908782,0.00803433638187837,post_hoc_final_checkpoint_only
R1,Drishti_GS,2,20,1,0.4408862778800041,0.44124485780719014,16773,7401,9372,0.6393942439776192,0.19480974048702435,post_hoc_final_checkpoint_only
R1,Drishti_GS,2,20,2,0.4408555022492803,0.4411276030128489,18056,7965,10091,0.9429130133097836,0.04830319544216002,post_hoc_final_checkpoint_only
R1,Drishti_GS,2,21,0,0.4428600769775849,0.4428745874266761,308733,136730,172003,0.9644048145908782,0.00803433638187837,post_hoc_final_checkpoint_only
R1,Drishti_GS,2,21,1,0.44290965540418553,0.4432642828869244,15158,6719,8439,0.6393942439776192,0.19480974048702435,post_hoc_final_checkpoint_only
R1,Drishti_GS,2,21,2,0.44283052118364996,0.443138969342587,18299,8109,10190,0.9429130133097836,0.04830319544216002,post_hoc_final_checkpoint_only
R1,Drishti_GS,2,22,0,0.4448652896375036,0.44488039325589335,310434,138106,172328,0.9644048145908782,0.00803433638187837,post_hoc_final_checkpoint_only
R1,Drishti_GS,2,22,1,0.44480965243850273,0.4451377442900871,16988,7562,9426,0.6393942439776192,0.19480974048702435,post_hoc_final_checkpoint_only
R1,Drishti_GS,2,22,2,0.4448873610862991,0.4451555456619734,17969,7999,9970,0.9429130133097836,0.04830319544216002,post_hoc_final_checkpoint_only
R1,Drishti_GS,2,23,0,0.44686353633264025,0.44687733750400715,308823,138006,170817,0.9644048145908782,0.00803433638187837,post_hoc_final_checkpoint_only
R1,Drishti_GS,2,23,1,0.44692587707269377,0.4472036618088073,19007,8500,10507,0.6393942439776192,0.19480974048702435,post_hoc_final_checkpoint_only
R1,Drishti_GS,2,23,2,0.44681189668821897,0.44719021028870143,16834,7528,9306,0.9429130133097836,0.04830319544216002,post_hoc_final_checkpoint_only
R1,Drishti_GS,2,24,0,0.44886839469766804,0.4488845679875402,307549,138054,169495,0.9644048145908782,0.00803433638187837,post_hoc_final_checkpoint_only
R1,Drishti_GS,2,24,1,0.4488845968029519,0.4492043418695331,18978,8525,10453,0.6393942439776192,0.19480974048702435,post_hoc_final_checkpoint_only
R1,Drishti_GS,2,24,2,0.4488185401631602,0.44925474673758425,16169,7264,8905,0.9429130133097836,0.04830319544216002,post_hoc_final_checkpoint_only
R1,Drishti_GS,2,25,0,0.4508625139033593,0.4508795825579834,312762,141018,171744,0.9644048145908782,0.00803433638187837,post_hoc_final_checkpoint_only
R1,Drishti_GS,2,25,1,0.450884392020951,0.4511930585683297,18901,8528,10373,0.6393942439776192,0.19480974048702435,post_hoc_final_checkpoint_only
R1,Drishti_GS,2,25,2,0.4508788859049138,0.45121022094590635,17063,7699,9364,0.9429130133097836,0.04830319544216002,post_hoc_final_checkpoint_only
R1,Drishti_GS,2,26,0,0.45286172946835135,0.45288344345371734,311780,141200,170580,0.9644048145908782,0.00803433638187837,post_hoc_final_checkpoint_only
R1,Drishti_GS,2,26,1,0.4528863646657913,0.45320038597619816,18654,8454,10200,0.6393942439776192,0.19480974048702435,post_hoc_final_checkpoint_only
R1,Drishti_GS,2,26,2,0.4528862825892169,0.4531609374028719,16087,7290,8797,0.9429130133097836,0.04830319544216002,post_hoc_final_checkpoint_only
R1,Drishti_GS,2,27,0,0.4548669288428156,0.45488795126676507,307634,139939,167695,0.9644048145908782,0.00803433638187837,post_hoc_final_checkpoint_only
R1,Drishti_GS,2,27,1,0.45479433059589275,0.4550438082743757,21343,9712,11631,0.6393942439776192,0.19480974048702435,post_hoc_final_checkpoint_only
R1,Drishti_GS,2,27,2,0.4550129863546121,0.45542200501915203,15142,6896,8246,0.9429130133097836,0.04830319544216002,post_hoc_final_checkpoint_only
R1,Drishti_GS,2,28,0,0.4568656299876955,0.4568819467618143,311656,142390,169266,0.9644048145908782,0.00803433638187837,post_hoc_final_checkpoint_only
R1,Drishti_GS,2,28,1,0.45685455224303123,0.4571919647652809,18618,8512,10106,0.6393942439776192,0.19480974048702435,post_hoc_final_checkpoint_only
R1,Drishti_GS,2,28,2,0.4568887541886255,0.4573085138846506,16385,7493,8892,0.9429130133097836,0.04830319544216002,post_hoc_final_checkpoint_only
R1,Drishti_GS,2,29,0,0.4588674755651802,0.45888463923919787,309568,142056,167512,0.9644048145908782,0.00803433638187837,post_hoc_final_checkpoint_only
R1,Drishti_GS,2,29,1,0.4587572510760657,0.4590148655575749,21459,9850,11609,0.6393942439776192,0.19480974048702435,post_hoc_final_checkpoint_only
R1,Drishti_GS,2,29,2,0.45891865895327183,0.4591187344687557,16499,7575,8924,0.9429130133097836,0.04830319544216002,post_hoc_final_checkpoint_only
R1,Drishti_GS,2,30,0,0.4608687057694479,0.46088422715077687,308993,142410,166583,0.9644048145908782,0.00803433638187837,post_hoc_final_checkpoint_only
R1,Drishti_GS,2,30,1,0.46084985569454856,0.46114267338407117,18658,8604,10054,0.6393942439776192,0.19480974048702435,post_hoc_final_checkpoint_only
R1,Drishti_GS,2,30,2,0.4609103010955071,0.46132381570408826,15410,7109,8301,0.9429130133097836,0.04830319544216002,post_hoc_final_checkpoint_only
R1,Drishti_GS,2,31,0,0.4628617565346841,0.4628757813918502,308424,142762,165662,0.9644048145908782,0.00803433638187837,post_hoc_final_checkpoint_only
R1,Drishti_GS,2,31,1,0.46289435871398665,0.463191264529764,19873,9205,10668,0.6393942439776192,0.19480974048702435,post_hoc_final_checkpoint_only
R1,Drishti_GS,2,31,2,0.4628889653564552,0.46319018404907975,17278,8003,9275,0.9429130133097836,0.04830319544216002,post_hoc_final_checkpoint_only
R1,Drishti_GS,2,32,0,0.46486932136637993,0.4648906111245661,309675,143965,165710,0.9644048145908782,0.00803433638187837,post_hoc_final_checkpoint_only
R1,Drishti_GS,2,32,1,0.4647940227716081,0.4651090342679128,19260,8958,10302,0.6393942439776192,0.19480974048702435,post_hoc_final_checkpoint_only
R1,Drishti_GS,2,32,2,0.464947250183981,0.46536277602523657,15850,7376,8474,0.9429130133097836,0.04830319544216002,post_hoc_final_checkpoint_only
R1,Drishti_GS,2,33,0,0.46686710241664514,0.4668782152366673,309464,144482,164982,0.9644048145908782,0.00803433638187837,post_hoc_final_checkpoint_only
R1,Drishti_GS,2,33,1,0.4668205238176051,0.46704739096393866,21713,10141,11572,0.6393942439776192,0.19480974048702435,post_hoc_final_checkpoint_only
R1,Drishti_GS,2,33,2,0.4670421867346497,0.46743095362167797,15352,7176,8176,0.9429130133097836,0.04830319544216002,post_hoc_final_checkpoint_only
R1,Drishti_GS,2,34,0,0.46887436059281845,0.4688903101601514,309582,145160,164422,0.9644048145908782,0.00803433638187837,post_hoc_final_checkpoint_only
R1,Drishti_GS,2,34,1,0.46889811187745706,0.4694708276797829,21373,10034,11339,0.6393942439776192,0.19480974048702435,post_hoc_final_checkpoint_only
R1,Drishti_GS,2,34,2,0.46887242641004645,0.4691913896256091,16213,7607,8606,0.9429130133097836,0.04830319544216002,post_hoc_final_checkpoint_only
R1,Drishti_GS,2,35,0,0.47087358126976425,0.47089313682697,311576,146719,164857,0.9644048145908782,0.00803433638187837,post_hoc_final_checkpoint_only
R1,Drishti_GS,2,35,1,0.470986739105452,0.47117316191241465,19912,9382,10530,0.6393942439776192,0.19480974048702435,post_hoc_final_checkpoint_only
R1,Drishti_GS,2,35,2,0.4707972574058116,0.4711218627154521,16535,7790,8745,0.9429130133097836,0.04830319544216002,post_hoc_final_checkpoint_only
R1,Drishti_GS,2,36,0,0.47287636350965556,0.47289875334588277,309709,146461,163248,0.9644048145908782,0.00803433638187837,post_hoc_final_checkpoint_only
R1,Drishti_GS,2,36,1,0.4728379547620997,0.47304254905770354,20588,9739,10849,0.6393942439776192,0.19480974048702435,post_hoc_final_checkpoint_only
R1,Drishti_GS,2,36,2,0.47285695182329057,0.47325025176233637,15888,7519,8369,0.9429130133097836,0.04830319544216002,post_hoc_final_checkpoint_only
R1,Drishti_GS,2,37,0,0.474875668727718,0.4748914625819667,310492,147450,163042,0.9644048145908782,0.00803433638187837,post_hoc_final_checkpoint_only
R1,Drishti_GS,2,37,1,0.47483948726961533,0.4751099071894844,22519,10699,11820,0.6393942439776192,0.19480974048702435,post_hoc_final_checkpoint_only
R1,Drishti_GS,2,37,2,0.47487629853240776,0.4752055498458376,15568,7398,8170,0.9429130133097836,0.04830319544216002,post_hoc_final_checkpoint_only
R1,Drishti_GS,2,38,0,0.4768747417444401,0.4768945976821781,308997,147359,161638,0.9644048145908782,0.00803433638187837,post_hoc_final_checkpoint_only
R1,Drishti_GS,2,38,1,0.47694300006606755,0.47718687661814013,23561,11243,12318,0.6393942439776192,0.19480974048702435,post_hoc_final_checkpoint_only
R1,Drishti_GS,2,38,2,0.4768643266565561,0.47730237411948867,15332,7318,8014,0.9429130133097836,0.04830319544216002,post_hoc_final_checkpoint_only
R1,Drishti_GS,2,39,0,0.47887774919300274,0.47890098959396044,313664,150214,163450,0.9644048145908782,0.00803433638187837,post_hoc_final_checkpoint_only
R1,Drishti_GS,2,39,1,0.4789515738733343,0.47926654475362035,20233,9697,10536,0.6393942439776192,0.19480974048702435,post_hoc_final_checkpoint_only
R1,Drishti_GS,2,39,2,0.4787625949652633,0.47915706289101084,15185,7276,7909,0.9429130133097836,0.04830319544216002,post_hoc_final_checkpoint_only
R1,Drishti_GS,2,40,0,0.48088464322937646,0.48090109640954215,308735,148471,160264,0.9644048145908782,0.00803433638187837,post_hoc_final_checkpoint_only
R1,Drishti_GS,2,40,1,0.48091339568632496,0.48117067468269875,23952,11525,12427,0.6393942439776192,0.19480974048702435,post_hoc_final_checkpoint_only
R1,Drishti_GS,2,40,2,0.48074338470682004,0.4811262376237624,16160,7775,8385,0.9429130133097836,0.04830319544216002,post_hoc_final_checkpoint_only
R1,Drishti_GS,2,41,0,0.48287134357299905,0.4828881536345156,310399,149888,160511,0.9644048145908782,0.00803433638187837,post_hoc_final_checkpoint_only
R1,Drishti_GS,2,41,1,0.48287575345757366,0.48304506601388497,24919,12037,12882,0.6393942439776192,0.19480974048702435,post_hoc_final_checkpoint_only
R1,Drishti_GS,2,41,2,0.48295446217040977,0.4834295349892989,15419,7454,7965,0.9429130133097836,0.04830319544216002,post_hoc_final_checkpoint_only
R1,Drishti_GS,2,42,0,0.48488510545447255,0.4849077579956497,310325,150479,159846,0.9644048145908782,0.00803433638187837,post_hoc_final_checkpoint_only
R1,Drishti_GS,2,42,1,0.4848703674170479,0.48512160876851307,22079,10711,11368,0.6393942439776192,0.19480974048702435,post_hoc_final_checkpoint_only
R1,Drishti_GS,2,42,2,0.48478831376918696,0.48512757538545503,14658,7111,7547,0.9429130133097836,0.04830319544216002,post_hoc_final_checkpoint_only
R1,Drishti_GS,2,43,0,0.48687678712462357,0.4868960616158803,312387,152100,160287,0.9644048145908782,0.00803433638187837,post_hoc_final_checkpoint_only
R1,Drishti_GS,2,43,1,0.4869270503106695,0.48710097221159,26126,12726,13400,0.6393942439776192,0.19480974048702435,post_hoc_final_checkpoint_only
R1,Drishti_GS,2,43,2,0.4868157354422281,0.4871887405268856,13855,6750,7105,0.9429130133097836,0.04830319544216002,post_hoc_final_checkpoint_only
R1,Drishti_GS,2,44,0,0.48888267557034365,0.4888961326073836,309847,151483,158364,0.9644048145908782,0.00803433638187837,post_hoc_final_checkpoint_only
R1,Drishti_GS,2,44,1,0.4889049638259074,0.4891051060872409,24461,11964,12497,0.6393942439776192,0.19480974048702435,post_hoc_final_checkpoint_only
R1,Drishti_GS,2,44,2,0.48883817257591433,0.4892209856915739,15725,7693,8032,0.9429130133097836,0.04830319544216002,post_hoc_final_checkpoint_only
R1,Drishti_GS,2,45,0,0.49088831006697475,0.49090207040923134,313368,153833,159535,0.9644048145908782,0.00803433638187837,post_hoc_final_checkpoint_only
R1,Drishti_GS,2,45,1,0.49083492631231007,0.49107142857142855,21616,10615,11001,0.6393942439776192,0.19480974048702435,post_hoc_final_checkpoint_only
R1,Drishti_GS,2,45,2,0.49083437767169913,0.4912501657165584,15086,7411,7675,0.9429130133097836,0.04830319544216002,post_hoc_final_checkpoint_only
R1,Drishti_GS,2,46,0,0.49288590117812303,0.49290584594624404,308282,151954,156328,0.9644048145908782,0.00803433638187837,post_hoc_final_checkpoint_only
R1,Drishti_GS,2,46,1,0.4928638206011717,0.49308300395256915,25300,12475,12825,0.6393942439776192,0.19480974048702435,post_hoc_final_checkpoint_only
R1,Drishti_GS,2,46,2,0.4927974190168594,0.49299080654626065,15337,7561,7776,0.9429130133097836,0.04830319544216002,post_hoc_final_checkpoint_only
R1,Drishti_GS,2,47,0,0.49489087958456485,0.4949094129962155,310475,153657,156818,0.9644048145908782,0.00803433638187837,post_hoc_final_checkpoint_only
R1,Drishti_GS,2,47,1,0.49485902630294504,0.4951055439573185,21555,10672,10883,0.6393942439776192,0.19480974048702435,post_hoc_final_checkpoint_only
R1,Drishti_GS,2,47,2,0.4949147072447872,0.4952203450970961,16633,8237,8396,0.9429130133097836,0.04830319544216002,post_hoc_final_checkpoint_only
R1,Drishti_GS,2,48,0,0.4968847308909535,0.4968982348784899,308534,153310,155224,0.9644048145908782,0.00803433638187837,post_hoc_final_checkpoint_only
R1,Drishti_GS,2,48,1,0.49685500715136827,0.4970836033700583,23145,11505,11640,0.6393942439776192,0.19480974048702435,post_hoc_final_checkpoint_only
R1,Drishti_GS,2,48,2,0.497031285490244,0.4975273490184325,13346,6640,6706,0.9429130133097836,0.04830319544216002,post_hoc_final_checkpoint_only
R1,Drishti_GS,2,49,0,0.4988872004435919,0.49890636966652385,308148,153737,154411,0.9644048145908782,0.00803433638187837,post_hoc_final_checkpoint_only
R1,Drishti_GS,2,49,1,0.49883712438273664,0.49901342701766205,20779,10369,10410,0.6393942439776192,0.19480974048702435,post_hoc_final_checkpoint_only
R1,Drishti_GS,2,49,2,0.4989627872176886,0.4992260541142963,16151,8063,8088,0.9429130133097836,0.04830319544216002,post_hoc_final_checkpoint_only
R1,Drishti_GS,2,50,0,0.5008898884339333,0.5009074934869273,311297,155931,155366,0.9644048145908782,0.00803433638187837,post_hoc_final_checkpoint_only
R1,Drishti_GS,2,50,1,0.500868351869517,0.5010991510006064,26384,13221,13163,0.6393942439776192,0.19480974048702435,post_hoc_final_checkpoint_only
R1,Drishti_GS,2,50,2,0.5008292567730851,0.5011351596791283,13214,6622,6592,0.9429130133097836,0.04830319544216002,post_hoc_final_checkpoint_only
R1,Drishti_GS,2,51,0,0.5028851049967998,0.5028968488883282,309129,155460,153669,0.9644048145908782,0.00803433638187837,post_hoc_final_checkpoint_only
R1,Drishti_GS,2,51,1,0.5028977349462429,0.5031764062434263,23769,11960,11809,0.6393942439776192,0.19480974048702435,post_hoc_final_checkpoint_only
R1,Drishti_GS,2,51,2,0.5029241380497254,0.5032503057218253,15537,7819,7718,0.9429130133097836,0.04830319544216002,post_hoc_final_checkpoint_only
R1,Drishti_GS,2,52,0,0.5048866478208194,0.5049053262410892,311702,157380,154322,0.9644048145908782,0.00803433638187837,post_hoc_final_checkpoint_only
R1,Drishti_GS,2,52,1,0.5049674484419797,0.5051985682631669,23468,11856,11612,0.6393942439776192,0.19480974048702435,post_hoc_final_checkpoint_only
R1,Drishti_GS,2,52,2,0.5047974871239035,0.5052005012531329,15960,8063,7897,0.9429130133097836,0.04830319544216002,post_hoc_final_checkpoint_only
R1,Drishti_GS,2,53,0,0.5068931522049314,0.5069103351240727,312720,158521,154199,0.9644048145908782,0.00803433638187837,post_hoc_final_checkpoint_only
R1,Drishti_GS,2,53,1,0.5068430097238196,0.5070145315968005,23879,12107,11772,0.6393942439776192,0.19480974048702435,post_hoc_final_checkpoint_only
R1,Drishti_GS,2,53,2,0.5068899809202231,0.5072853303154619,14138,7172,6966,0.9429130133097836,0.04830319544216002,post_hoc_final_checkpoint_only
R1,Drishti_GS,2,54,0,0.5088920568529347,0.5089158597942395,310458,157997,152461,0.9644048145908782,0.00803433638187837,post_hoc_final_checkpoint_only
R1,Drishti_GS,2,54,1,0.5089177010128499,0.509098821109265,25278,12869,12409,0.6393942439776192,0.19480974048702435,post_hoc_final_checkpoint_only
R1,Drishti_GS,2,54,2,0.5088119920970755,0.5092514124293785,14160,7211,6949,0.9429130133097836,0.04830319544216002,post_hoc_final_checkpoint_only
R1,Drishti_GS,2,55,0,0.5108922433984388,0.5109104373751109,313278,160057,153221,0.9644048145908782,0.00803433638187837,post_hoc_final_checkpoint_only
R1,Drishti_GS,2,55,1,0.5108995507924138,0.5111083733727567,24351,12446,11905,0.6393942439776192,0.19480974048702435,post_hoc_final_checkpoint_only
R1,Drishti_GS,2,55,2,0.5108662492256395,0.5112621618019458,15006,7672,7334,0.9429130133097836,0.04830319544216002,post_hoc_final_checkpoint_only
R1,Drishti_GS,2,56,0,0.5129029583391835,0.5129255949314927,310624,159327,151297,0.9644048145908782,0.00803433638187837,post_hoc_final_checkpoint_only
R1,Drishti_GS,2,56,1,0.5128415929279249,0.5128664041681581,25143,12895,12248,0.6393942439776192,0.19480974048702435,post_hoc_final_checkpoint_only
R1,Drishti_GS,2,56,2,0.5128624405507356,0.5132533213529299,15581,7997,7584,0.9429130133097836,0.04830319544216002,post_hoc_final_checkpoint_only
R1,Drishti_GS,2,57,0,0.514896716699061,0.5149177136789949,310805,160039,150766,0.9644048145908782,0.00803433638187837,post_hoc_final_checkpoint_only
R1,Drishti_GS,2,57,1,0.5148998119088801,0.5151180393600916,24441,12590,11851,0.6393942439776192,0.19480974048702435,post_hoc_final_checkpoint_only
R1,Drishti_GS,2,57,2,0.5149818811150689,0.5153247789375707,15041,7751,7290,0.9429130133097836,0.04830319544216002,post_hoc_final_checkpoint_only
R1,Drishti_GS,2,58,0,0.5168907743285466,0.5169081054368865,315677,163176,152501,0.9644048145908782,0.00803433638187837,post_hoc_final_checkpoint_only
R1,Drishti_GS,2,58,1,0.5169732297550729,0.5171900826446281,24200,12516,11684,0.6393942439776192,0.19480974048702435,post_hoc_final_checkpoint_only
R1,Drishti_GS,2,58,2,0.516866161251599,0.5173386541901748,14534,7519,7015,0.9429130133097836,0.04830319544216002,post_hoc_final_checkpoint_only
R1,Drishti_GS,2,59,0,0.5188977397418625,0.5189155868502832,314714,163310,151404,0.9644048145908782,0.00803433638187837,post_hoc_final_checkpoint_only
R1,Drishti_GS,2,59,1,0.5188961992416178,0.5191006249768869,27041,14037,13004,0.6393942439776192,0.19480974048702435,post_hoc_final_checkpoint_only
R1,Drishti_GS,2,59,2,0.5188816964861999,0.5192972936308756,14743,7656,7087,0.9429130133097836,0.04830319544216002,post_hoc_final_checkpoint_only
R1,Drishti_GS,2,60,0,0.5208974876458384,0.5209120842831539,311901,162473,149428,0.9644048145908782,0.00803433638187837,post_hoc_final_checkpoint_only
R1,Drishti_GS,2,60,1,0.5209479079597112,0.5211452892242213,25845,13469,12376,0.6393942439776192,0.19480974048702435,post_hoc_final_checkpoint_only
R1,Drishti_GS,2,60,2,0.5208212838398836,0.5212187908384346,14539,7578,6961,0.9429130133097836,0.04830319544216002,post_hoc_final_checkpoint_only
R1,Drishti_GS,2,61,0,0.5228984158130235,0.5229198613187523,312371,163345,149026,0.9644048145908782,0.00803433638187837,post_hoc_final_checkpoint_only
R1,Drishti_GS,2,61,1,0.5229323530658029,0.5231605543220275,26122,13666,12456,0.6393942439776192,0.19480974048702435,post_hoc_final_checkpoint_only
R1,Drishti_GS,2,61,2,0.5229443048275532,0.523317384370016,15675,8203,7472,0.9429130133097836,0.04830319544216002,post_hoc_final_checkpoint_only
R1,Drishti_GS,2,62,0,0.5248954839626844,0.5249104757116012,310251,162854,147397,0.9644048145908782,0.00803433638187837,post_hoc_final_checkpoint_only
R1,Drishti_GS,2,62,1,0.5248578097269887,0.525079128653882,26855,14101,12754,0.6393942439776192,0.19480974048702435,post_hoc_final_checkpoint_only
R1,Drishti_GS,2,62,2,0.5250112587249812,0.5252783733314891,14459,7595,6864,0.9429130133097836,0.04830319544216002,post_hoc_final_checkpoint_only
R1,Drishti_GS,2,63,0,0.5268983165183365,0.526915466354864,311308,164033,147275,0.9644048145908782,0.00803433638187837,post_hoc_final_checkpoint_only
R1,Drishti_GS,2,63,1,0.526860989353958,0.5271102661596958,26300,13863,12437,0.6393942439776192,0.19480974048702435,post_hoc_final_checkpoint_only
R1,Drishti_GS,2,63,2,0.5270314811973446,0.5273887116904729,14422,7606,6816,0.9429130133097836,0.04830319544216002,post_hoc_final_checkpoint_only
R1,Drishti_GS,2,64,0,0.5288999709386645,0.5289187084253667,313292,165706,147586,0.9644048145908782,0.00803433638187837,post_hoc_final_checkpoint_only
R1,Drishti_GS,2,64,1,0.5289052856699057,0.5290877124438367,25595,13542,12053,0.6393942439776192,0.19480974048702435,post_hoc_final_checkpoint_only
R1,Drishti_GS,2,64,2,0.5288922008937644,0.5292575213911124,14492,7670,6822,0.9429130133097836,0.04830319544216002,post_hoc_final_checkpoint_only
R1,Drishti_GS,2,65,0,0.5309076220887995,0.5309226272998754,313767,166586,147181,0.9644048145908782,0.00803433638187837,post_hoc_final_checkpoint_only
R1,Drishti_GS,2,65,1,0.530940226684644,0.5311769005847953,27360,14533,12827,0.6393942439776192,0.19480974048702435,post_hoc_final_checkpoint_only
R1,Drishti_GS,2,65,2,0.5308464150328855,0.5312806845279843,14258,7575,6683,0.9429130133097836,0.04830319544216002,post_hoc_final_checkpoint_only
R1,Drishti_GS,2,66,0,0.5329005185228102,0.5329183197050682,313564,167104,146460,0.9644048145908782,0.00803433638187837,post_hoc_final_checkpoint_only
R1,Drishti_GS,2,66,1,0.5329266037777113,0.5331148540507583,26242,13990,12252,0.6393942439776192,0.19480974048702435,post_hoc_final_checkpoint_only
R1,Drishti_GS,2,66,2,0.5329026182125493,0.5332951863242973,13981,7456,6525,0.9429130133097836,0.04830319544216002,post_hoc_final_checkpoint_only
R1,Drishti_GS,2,67,0,0.5349040553978694,0.534918181060086,311786,166780,145006,0.9644048145908782,0.00803433638187837,post_hoc_final_checkpoint_only
R1,Drishti_GS,2,67,1,0.5349395601520897,0.5351725192006419,26171,14006,12165,0.6393942439776192,0.19480974048702435,post_hoc_final_checkpoint_only
R1,Drishti_GS,2,67,2,0.534817137461055,0.5353072098199231,14827,7937,6890,0.9429130133097836,0.04830319544216002,post_hoc_final_checkpoint_only
R1,Drishti_GS,2,68,0,0.5369084912632702,0.5369221321699749,312658,167873,144785,0.9644048145908782,0.00803433638187837,post_hoc_final_checkpoint_only
R1,Drishti_GS,2,68,1,0.5368867912544362,0.5371132389016381,25274,13575,11699,0.6393942439776192,0.19480974048702435,post_hoc_final_checkpoint_only
R1,Drishti_GS,2,68,2,0.536938019402183,0.5373302371402435,14211,7636,6575,0.9429130133097836,0.04830319544216002,post_hoc_final_checkpoint_only
R1,Drishti_GS,2,69,0,0.5389071040118363,0.5389223484421726,310657,167420,143237,0.9644048145908782,0.00803433638187837,post_hoc_final_checkpoint_only
R1,Drishti_GS,2,69,1,0.5388673361169973,0.5390459807189191,27903,15041,12862,0.6393942439776192,0.19480974048702435,post_hoc_final_checkpoint_only
R1,Drishti_GS,2,69,2,0.5389701575501383,0.5393506821627084,15832,8539,7293,0.9429130133097836,0.04830319544216002,post_hoc_final_checkpoint_only
R1,Drishti_GS,2,70,0,0.540904375324105,0.5409200736058885,312475,169024,143451,0.9644048145908782,0.00803433638187837,post_hoc_final_checkpoint_only
R1,Drishti_GS,2,70,1,0.5409199669471164,0.5411751530536061,26788,14497,12291,0.6393942439776192,0.19480974048702435,post_hoc_final_checkpoint_only
R1,Drishti_GS,2,70,2,0.5408856883621647,0.5413048009449037,14393,7791,6602,0.9429130133097836,0.04830319544216002,post_hoc_final_checkpoint_only
R1,Drishti_GS,2,71,0,0.5429039817197584,0.5429225694767843,311363,169046,142317,0.9644048145908782,0.00803433638187837,post_hoc_final_checkpoint_only
R1,Drishti_GS,2,71,1,0.542906274835913,0.5431176493123395,26103,14177,11926,0.6393942439776192,0.19480974048702435,post_hoc_final_checkpoint_only
R1,Drishti_GS,2,71,2,0.5429913458108091,0.5433825433825434,15444,8392,7052,0.9429130133097836,0.04830319544216002,post_hoc_final_checkpoint_only
R1,Drishti_GS,2,72,0,0.5449081460223774,0.5449284558520258,315190,171756,143434,0.9644048145908782,0.00803433638187837,post_hoc_final_checkpoint_only
R1,Drishti_GS,2,72,1,0.5448457672165761,0.5450034093491931,26398,14387,12011,0.6393942439776192,0.19480974048702435,post_hoc_final_checkpoint_only
R1,Drishti_GS,2,72,2,0.545024943198003,0.5454172085700596,14609,7968,6641,0.9429130133097836,0.04830319544216002,post_hoc_final_checkpoint_only
R1,Drishti_GS,2,73,0,0.5469088491050857,0.5469273850044383,313186,171290,141896,0.9644048145908782,0.00803433638187837,post_hoc_final_checkpoint_only
R1,Drishti_GS,2,73,1,0.5468486865566314,0.547047793976964,26133,14296,11837,0.6393942439776192,0.19480974048702435,post_hoc_final_checkpoint_only
R1,Drishti_GS,2,73,2,0.5470157959239925,0.5474799913476098,13869,7593,6276,0.9429130133097836,0.04830319544216002,post_hoc_final_checkpoint_only
R1,Drishti_GS,2,74,0,0.5489118869217624,0.5489336167659319,313302,171982,141320,0.9644048145908782,0.00803433638187837,post_hoc_final_checkpoint_only
R1,Drishti_GS,2,74,1,0.5488817529980752,0.5491352201257862,25440,13970,11470,0.6393942439776192,0.19480974048702435,post_hoc_final_checkpoint_only
R1,Drishti_GS,2,74,2,0.5489907553099216,0.5494446980069984,13146,7223,5923,0.9429130133097836,0.04830319544216002,post_hoc_final_checkpoint_only
R1,Drishti_GS,2,75,0,0.550903585939008,0.5509193099752469,313496,172711,140785,0.9644048145908782,0.00803433638187837,post_hoc_final_checkpoint_only
R1,Drishti_GS,2,75,1,0.5509982588218028,0.5512683374083129,26176,14430,11746,0.6393942439776192,0.19480974048702435,post_hoc_final_checkpoint_only
R1,Drishti_GS,2,75,2,0.5508869864928589,0.5511016346837242,14070,7754,6316,0.9429130133097836,0.04830319544216002,post_hoc_final_checkpoint_only
R1,Drishti_GS,2,76,0,0.5529110465130612,0.5529279895899429,310469,171667,138802,0.9644048145908782,0.00803433638187837,post_hoc_final_checkpoint_only
R1,Drishti_GS,2,76,1,0.5529265516100388,0.5530416377768858,27403,15155,12248,0.6393942439776192,0.19480974048702435,post_hoc_final_checkpoint_only
R1,Drishti_GS,2,76,2,0.5528875158326855,0.5532905410171405,14177,7844,6333,0.9429130133097836,0.04830319544216002,post_hoc_final_checkpoint_only
R1,Drishti_GS,2,77,0,0.5549118006239762,0.5549346081458467,311889,173078,138811,0.9644048145908782,0.00803433638187837,post_hoc_final_checkpoint_only
R1,Drishti_GS,2,77,1,0.5549473674182936,0.5551256497440107,25587,14204,11383,0.6393942439776192,0.19480974048702435,post_hoc_final_checkpoint_only
R1,Drishti_GS,2,77,2,0.5548055739175415,0.5551890034364261,14550,8078,6472,0.9429130133097836,0.04830319544216002,post_hoc_final_checkpoint_only
R1,Drishti_GS,2,78,0,0.5569200954366682,0.5569382773752953,308088,171586,136502,0.9644048145908782,0.00803433638187837,post_hoc_final_checkpoint_only
R1,Drishti_GS,2,78,1,0.5568444372129118,0.5570365241474814,23108,12872,10236,0.6393942439776192,0.19480974048702435,post_hoc_final_checkpoint_only
R1,Drishti_GS,2,78,2,0.5569721745403133,0.5573196357693205,17132,9548,7584,0.9429130133097836,0.04830319544216002,post_hoc_final_checkpoint_only
R1,Drishti_GS,2,79,0,0.5589110533927558,0.558928508661211,312947,174915,138032,0.9644048145908782,0.00803433638187837,post_hoc_final_checkpoint_only
R1,Drishti_GS,2,79,1,0.5588784313811632,0.5591288504724377,23601,13196,10405,0.6393942439776192,0.19480974048702435,post_hoc_final_checkpoint_only
R1,Drishti_GS,2,79,2,0.5591995343473682,0.5597920277296361,7501,4199,3302,0.9429130133097836,0.04830319544216002,post_hoc_final_checkpoint_only
R1,Drishti_GS,2,80,0,0.5609200419915074,0.5609359484013613,311171,174547,136624,0.9644048145908782,0.00803433638187837,post_hoc_final_checkpoint_only
R1,Drishti_GS,2,80,1,0.5609125034605662,0.5611722264285396,22453,12600,9853,0.6393942439776192,0.19480974048702435,post_hoc_final_checkpoint_only
R1,Drishti_GS,2,80,2,0.5608490454984316,0.5612012012012012,16650,9344,7306,0.9429130133097836,0.04830319544216002,post_hoc_final_checkpoint_only
R1,Drishti_GS,2,81,0,0.5629150132815982,0.5629314634986665,313468,176461,137007,0.9644048145908782,0.00803433638187837,post_hoc_final_checkpoint_only
R1,Drishti_GS,2,81,1,0.5629319078014605,0.5631958713623548,20927,11786,9141,0.6393942439776192,0.19480974048702435,post_hoc_final_checkpoint_only
R1,Drishti_GS,2,81,2,0.563029128326228,0.5634894349870835,15097,8507,6590,0.9429130133097836,0.04830319544216002,post_hoc_final_checkpoint_only
R1,Drishti_GS,2,82,0,0.5649137147957771,0.564932400843439,314427,177630,136797,0.9644048145908782,0.00803433638187837,post_hoc_final_checkpoint_only
R1,Drishti_GS,2,82,1,0.5649104468712262,0.5651658767772512,25320,14310,11010,0.6393942439776192,0.19480974048702435,post_hoc_final_checkpoint_only
R1,Drishti_GS,2,82,2,0.564949432032445,0.5654046028210838,13470,7616,5854,0.9429130133097836,0.04830319544216002,post_hoc_final_checkpoint_only
R1,Drishti_GS,2,83,0,0.5669194751472101,0.5669366089898812,311795,176768,135027,0.9644048145908782,0.00803433638187837,post_hoc_final_checkpoint_only
R1,Drishti_GS,2,83,1,0.5669172413411597,0.5670206603591427,25895,14683,11212,0.6393942439776192,0.19480974048702435,post_hoc_final_checkpoint_only
R1,Drishti_GS,2,83,2,0.566940708803064,0.5673076923076923,14664,8319,6345,0.9429130133097836,0.04830319544216002,post_hoc_final_checkpoint_only
R1,Drishti_GS,2,84,0,0.5689203249164104,0.5689369461595061,312590,177844,134746,0.9644048145908782,0.00803433638187837,post_hoc_final_checkpoint_only
R1,Drishti_GS,2,84,1,0.5689178634285535,0.5690932787190467,26855,15283,11572,0.6393942439776192,0.19480974048702435,post_hoc_final_checkpoint_only
R1,Drishti_GS,2,84,2,0.5688970034707616,0.5692704231402592,13967,7951,6016,0.9429130133097836,0.04830319544216002,post_hoc_final_checkpoint_only
R1,Drishti_GS,2,85,0,0.5709175893176538,0.5709383364233134,311221,177688,133533,0.9644048145908782,0.00803433638187837,post_hoc_final_checkpoint_only
R1,Drishti_GS,2,85,1,0.5709098651265,0.5711452095808384,26720,15261,11459,0.6393942439776192,0.19480974048702435,post_hoc_final_checkpoint_only
R1,Drishti_GS,2,85,2,0.570930094440935,0.5712394262596543,13595,7766,5829,0.9429130133097836,0.04830319544216002,post_hoc_final_checkpoint_only
R1,Drishti_GS,2,86,0,0.572919120360845,0.5729330111760346,311649,178554,133095,0.9644048145908782,0.00803433638187837,post_hoc_final_checkpoint_only
R1,Drishti_GS,2,86,1,0.5729925771535594,0.5731363231363231,26936,15438,11498,0.6393942439776192,0.19480974048702435,post_hoc_final_checkpoint_only
R1,Drishti_GS,2,86,2,0.5728165870007327,0.5730568525130458,14564,8346,6218,0.9429130133097836,0.04830319544216002,post_hoc_final_checkpoint_only
R1,Drishti_GS,2,87,0,0.5749227255749085,0.5749371035407533,307251,176650,130601,0.9644048145908782,0.00803433638187837,post_hoc_final_checkpoint_only
R1,Drishti_GS,2,87,1,0.5749273654992902,0.5751029912233566,27915,16054,11861,0.6393942439776192,0.19480974048702435,post_hoc_final_checkpoint_only
R1,Drishti_GS,2,87,2,0.5749418597743091,0.575283716020058,15156,8719,6437,0.9429130133097836,0.04830319544216002,post_hoc_final_checkpoint_only
R1,Drishti_GS,2,88,0,0.5769187645122408,0.5769376978587333,313039,180604,132435,0.9644048145908782,0.00803433638187837,post_hoc_final_checkpoint_only
R1,Drishti_GS,2,88,1,0.5769140699007849,0.5770514848005623,28455,16420,12035,0.6393942439776192,0.19480974048702435,post_hoc_final_checkpoint_only
R1,Drishti_GS,2,88,2,0.5769189058795874,0.5774136088350552,14035,8104,5931,0.9429130133097836,0.04830319544216002,post_hoc_final_checkpoint_only
R1,Drishti_GS,2,89,0,0.5789273250392403,0.5789411011235231,310719,179888,130831,0.9644048145908782,0.00803433638187837,post_hoc_final_checkpoint_only
R1,Drishti_GS,2,89,1,0.5788851647934256,0.5790529836296426,28405,16448,11957,0.6393942439776192,0.19480974048702435,post_hoc_final_checkpoint_only
R1,Drishti_GS,2,89,2,0.5789070170420885,0.579370395177495,14930,8650,6280,0.9429130133097836,0.04830319544216002,post_hoc_final_checkpoint_only
R1,Drishti_GS,2,90,0,0.5809237089034833,0.5809414907417194,312207,181374,130833,0.9644048145908782,0.00803433638187837,post_hoc_final_checkpoint_only
R1,Drishti_GS,2,90,1,0.5809945889602527,0.5811610486891385,26700,15517,11183,0.6393942439776192,0.19480974048702435,post_hoc_final_checkpoint_only
R1,Drishti_GS,2,90,2,0.58090933481439,0.5812463599301106,13736,7984,5752,0.9429130133097836,0.04830319544216002,post_hoc_final_checkpoint_only
R1,Drishti_GS,2,91,0,0.5829276441757886,0.5829456172056241,312084,181928,130156,0.9644048145908782,0.00803433638187837,post_hoc_final_checkpoint_only
R1,Drishti_GS,2,91,1,0.5828967347774058,0.5830485304169515,27797,16207,11590,0.6393942439776192,0.19480974048702435,post_hoc_final_checkpoint_only
R1,Drishti_GS,2,91,2,0.5829573684991064,0.5832917883341643,14041,8190,5851,0.9429130133097836,0.04830319544216002,post_hoc_final_checkpoint_only
R1,Drishti_GS,2,92,0,0.5849279013593496,0.5849498157146319,313644,183466,130178,0.9644048145908782,0.00803433638187837,post_hoc_final_checkpoint_only
R1,Drishti_GS,2,92,1,0.5849490564913571,0.5851635471888637,27729,16226,11503,0.6393942439776192,0.19480974048702435,post_hoc_final_checkpoint_only
R1,Drishti_GS,2,92,2,0.5848631869728255,0.5851846756998418,14539,8508,6031,0.9429130133097836,0.04830319544216002,post_hoc_final_checkpoint_only
R1,Drishti_GS,2,93,0,0.5869318654428272,0.5869503744396115,314737,184735,130002,0.9644048145908782,0.00803433638187837,post_hoc_final_checkpoint_only
R1,Drishti_GS,2,93,1,0.5869073437431338,0.5871082672871374,27506,16149,11357,0.6393942439776192,0.19480974048702435,post_hoc_final_checkpoint_only
R1,Drishti_GS,2,93,2,0.5869700563100445,0.5874371194069368,15108,8875,6233,0.9429130133097836,0.04830319544216002,post_hoc_final_checkpoint_only
R1,Drishti_GS,2,94,0,0.5889275282029194,0.5889397866120925,313701,184751,128950,0.9644048145908782,0.00803433638187837,post_hoc_final_checkpoint_only
R1,Drishti_GS,2,94,1,0.5889284593097331,0.5891235364919576,27417,16152,11265,0.6393942439776192,0.19480974048702435,post_hoc_final_checkpoint_only
R1,Drishti_GS,2,94,2,0.5889875367791693,0.5892893643115078,14677,8649,6028,0.9429130133097836,0.04830319544216002,post_hoc_final_checkpoint_only
R1,Drishti_GS,2,95,0,0.5909275701881604,0.5909401856253321,314289,185726,128563,0.9644048145908782,0.00803433638187837,post_hoc_final_checkpoint_only
R1,Drishti_GS,2,95,1,0.5908993526596511,0.5911703139866794,26275,15533,10742,0.6393942439776192,0.19480974048702435,post_hoc_final_checkpoint_only
R1,Drishti_GS,2,95,2,0.5909610094417049,0.5913978494623656,14136,8360,5776,0.9429130133097836,0.04830319544216002,post_hoc_final_checkpoint_only
R1,Drishti_GS,2,96,0,0.592932540901443,0.5929502316735381,313372,185814,127558,0.9644048145908782,0.00803433638187837,post_hoc_final_checkpoint_only
R1,Drishti_GS,2,96,1,0.5928897077680865,0.5931385289421899,26933,15975,10958,0.6393942439776192,0.19480974048702435,post_hoc_final_checkpoint_only
R1,Drishti_GS,2,96,2,0.5928975339070837,0.5932085932085932,14430,8560,5870,0.9429130133097836,0.04830319544216002,post_hoc_final_checkpoint_only
R1,Drishti_GS,2,97,0,0.59492752399989,0.5949439531418852,312774,186083,126691,0.9644048145908782,0.00803433638187837,post_hoc_final_checkpoint_only
R1,Drishti_GS,2,97,1,0.5949199717832767,0.5950721576909539,28410,16906,11504,0.6393942439776192,0.19480974048702435,post_hoc_final_checkpoint_only
R1,Drishti_GS,2,97,2,0.5949589085296813,0.5953725382178763,14522,8646,5876,0.9429130133097836,0.04830319544216002,post_hoc_final_checkpoint_only
R1,Drishti_GS,2,98,0,0.5969322691913429,0.5969462629046871,313452,187114,126338,0.9644048145908782,0.00803433638187837,post_hoc_final_checkpoint_only
R1,Drishti_GS,2,98,1,0.5968953214204552,0.5970952124798279,26026,15540,10486,0.6393942439776192,0.19480974048702435,post_hoc_final_checkpoint_only
R1,Drishti_GS,2,98,2,0.5970333541603275,0.5974390010830095,15697,9378,6319,0.9429130133097836,0.04830319544216002,post_hoc_final_checkpoint_only
R1,Drishti_GS,2,99,0,0.5989332958206858,0.5989445237609626,313792,187944,125848,0.9644048145908782,0.00803433638187837,post_hoc_final_checkpoint_only
R1,Drishti_GS,2,99,1,0.5989420014262321,0.5991634715928895,28690,17190,11500,0.6393942439776192,0.19480974048702435,post_hoc_final_checkpoint_only
R1,Drishti_GS,2,99,2,0.598994201059425,0.5993609725685786,12832,7691,5141,0.9429130133097836,0.04830319544216002,post_hoc_final_checkpoint_only
R1,Drishti_GS,2,100,0,0.600930120985236,0.6009451408752632,312546,187823,124723,0.9644048145908782,0.00803433638187837,post_hoc_final_checkpoint_only
R1,Drishti_GS,2,100,1,0.6008982989487098,0.6010147431890879,27199,16347,10852,0.6393942439776192,0.19480974048702435,post_hoc_final_checkpoint_only
R1,Drishti_GS,2,100,2,0.6009814658404339,0.6015082064172704,13526,8136,5390,0.9429130133097836,0.04830319544216002,post_hoc_final_checkpoint_only
R1,Drishti_GS,2,101,0,0.6029320367398163,0.6029450307799505,312866,188641,124225,0.9644048145908782,0.00803433638187837,post_hoc_final_checkpoint_only
R1,Drishti_GS,2,101,1,0.6029408456348933,0.6031689584321164,25308,15265,10043,0.6393942439776192,0.19480974048702435,post_hoc_final_checkpoint_only
R1,Drishti_GS,2,101,2,0.6030216735762506,0.6032935971488264,16274,9818,6456,0.9429130133097836,0.04830319544216002,post_hoc_final_checkpoint_only
R1,Drishti_GS,2,102,0,0.604936364930332,0.6049556255550799,313018,189362,123656,0.9644048145908782,0.00803433638187837,post_hoc_final_checkpoint_only
R1,Drishti_GS,2,102,1,0.6048931203735564,0.6051291121330031,28270,17107,11163,0.6393942439776192,0.19480974048702435,post_hoc_final_checkpoint_only
R1,Drishti_GS,2,102,2,0.604990796195027,0.6053038829487901,14216,8605,5611,0.9429130133097836,0.04830319544216002,post_hoc_final_checkpoint_only
R1,Drishti_GS,2,103,0,0.6069367223936962,0.6069555678150423,315402,191435,123967,0.9644048145908782,0.00803433638187837,post_hoc_final_checkpoint_only
R1,Drishti_GS,2,103,1,0.6069375018234007,0.6070763500931099,27387,16626,10761,0.6393942439776192,0.19480974048702435,post_hoc_final_checkpoint_only
R1,Drishti_GS,2,103,2,0.6069431659158054,0.6074120168706354,14463,8785,5678,0.9429130133097836,0.04830319544216002,post_hoc_final_checkpoint_only
R1,Drishti_GS,2,104,0,0.608941309160893,0.6089631799936874,313661,191008,122653,0.9644048145908782,0.00803433638187837,post_hoc_final_checkpoint_only
R1,Drishti_GS,2,104,1,0.6089434828255388,0.6091093045546523,28169,17158,11011,0.6393942439776192,0.19480974048702435,post_hoc_final_checkpoint_only
R1,Drishti_GS,2,104,2,0.6089086871788688,0.6091784384004498,14229,8668,5561,0.9429130133097836,0.04830319544216002,post_hoc_final_checkpoint_only
R1,Drishti_GS,2,105,0,0.6109372107640803,0.6109527947453165,313016,191238,121778,0.9644048145908782,0.00803433638187837,post_hoc_final_checkpoint_only
R1,Drishti_GS,2,105,1,0.6110127061101455,0.6112050663883991,27791,16986,10805,0.6393942439776192,0.19480974048702435,post_hoc_final_checkpoint_only
R1,Drishti_GS,2,105,2,0.6108643548701512,0.6113024103706705,14811,9054,5757,0.9429130133097836,0.04830319544216002,post_hoc_final_checkpoint_only
R1,Drishti_GS,2,106,0,0.6129424716619607,0.6129616288769243,316488,193995,122493,0.9644048145908782,0.00803433638187837,post_hoc_final_checkpoint_only
R1,Drishti_GS,2,106,1,0.6129070685231487,0.6131556605514746,27091,16611,10480,0.6393942439776192,0.19480974048702435,post_hoc_final_checkpoint_only
R1,Drishti_GS,2,106,2,0.6129338015753252,0.613378763646478,14381,8821,5560,0.9429130133097836,0.04830319544216002,post_hoc_final_checkpoint_only
R1,Drishti_GS,2,107,0,0.6149426190998525,0.614955620641028,313434,192748,120686,0.9644048145908782,0.00803433638187837,post_hoc_final_checkpoint_only
R1,Drishti_GS,2,107,1,0.6149621923554836,0.6151487381925842,28372,17453,10919,0.6393942439776192,0.19480974048702435,post_hoc_final_checkpoint_only
R1,Drishti_GS,2,107,2,0.61492041094509,0.6153518426471632,14083,8666,5417,0.9429130133097836,0.04830319544216002,post_hoc_final_checkpoint_only
R1,Drishti_GS,2,108,0,0.6169398865515026,0.6169584178466487,312081,192541,119540,0.9644048145908782,0.00803433638187837,post_hoc_final_checkpoint_only
R1,Drishti_GS,2,108,1,0.6169924943234318,0.617160004445597,26993,16659,10334,0.6393942439776192,0.19480974048702435,post_hoc_final_checkpoint_only
R1,Drishti_GS,2,108,2,0.6169063950541666,0.6173563296748245,14669,9056,5613,0.9429130133097836,0.04830319544216002,post_hoc_final_checkpoint_only
R1,Drishti_GS,2,109,0,0.6189357903499412,0.6189514330499942,313876,194274,119602,0.9644048145908782,0.00803433638187837,post_hoc_final_checkpoint_only
R1,Drishti_GS,2,109,1,0.6189694951421532,0.6192285768573057,26315,16295,10020,0.6393942439776192,0.19480974048702435,post_hoc_final_checkpoint_only
R1,Drishti_GS,2,109,2,0.6189841158406129,0.6194215153345413,14901,9230,5671,0.9429130133097836,0.04830319544216002,post_hoc_final_checkpoint_only
R1,Drishti_GS,2,110,0,0.620941202941289,0.6209622987175779,311130,193200,117930,0.9644048145908782,0.00803433638187837,post_hoc_final_checkpoint_only
R1,Drishti_GS,2,110,1,0.6208875065613785,0.6210729312762974,28520,17713,10807,0.6393942439776192,0.19480974048702435,post_hoc_final_checkpoint_only
R1,Drishti_GS,2,110,2,0.6210291943077768,0.6214784008585994,14908,9265,5643,0.9429130133097836,0.04830319544216002,post_hoc_final_checkpoint_only
R1,Drishti_GS,2,111,0,0.6229387869265951,0.6229542593369702,314556,195954,118602,0.9644048145908782,0.00803433638187837,post_hoc_final_checkpoint_only
R1,Drishti_GS,2,111,1,0.6228963447176222,0.6230798571379035,28839,17969,10870,0.6393942439776192,0.19480974048702435,post_hoc_final_checkpoint_only
R1,Drishti_GS,2,111,2,0.622966136065266,0.6232851854540176,13777,8587,5190,0.9429130133097836,0.04830319544216002,post_hoc_final_checkpoint_only
R1,Drishti_GS,2,112,0,0.6249471950148457,0.624962684051886,311529,194694,116835,0.9644048145908782,0.00803433638187837,post_hoc_final_checkpoint_only
R1,Drishti_GS,2,112,1,0.6249018618704544,0.625120343627342,27006,16882,10124,0.6393942439776192,0.19480974048702435,post_hoc_final_checkpoint_only
R1,Drishti_GS,2,112,2,0.6249813128130713,0.6254022460103763,15227,9523,5704,0.9429130133097836,0.04830319544216002,post_hoc_final_checkpoint_only
R1,Drishti_GS,2,113,0,0.6269440079798657,0.6269593683805122,311580,195348,116232,0.9644048145908782,0.00803433638187837,post_hoc_final_checkpoint_only
R1,Drishti_GS,2,113,1,0.6269741857038893,0.6271821330129338,28298,17748,10550,0.6393942439776192,0.19480974048702435,post_hoc_final_checkpoint_only
R1,Drishti_GS,2,113,2,0.626932832890555,0.6273335190860964,14356,9006,5350,0.9429130133097836,0.04830319544216002,post_hoc_final_checkpoint_only
R1,Drishti_GS,2,114,0,0.6289466625238623,0.6289654333320526,312324,196441,115883,0.9644048145908782,0.00803433638187837,post_hoc_final_checkpoint_only
R1,Drishti_GS,2,114,1,0.6289663313287502,0.6292585882269353,28149,17713,10436,0.6393942439776192,0.19480974048702435,post_hoc_final_checkpoint_only
R1,Drishti_GS,2,114,2,0.6287981155307426,0.6292524076768516,14433,9082,5351,0.9429130133097836,0.04830319544216002,post_hoc_final_checkpoint_only
R1,Drishti_GS,2,115,0,0.6309448482163161,0.6309633930486162,312427,197130,115297,0.9644048145908782,0.00803433638187837,post_hoc_final_checkpoint_only
R1,Drishti_GS,2,115,1,0.6308921325812791,0.6310950125383115,25123,15855,9268,0.6393942439776192,0.19480974048702435,post_hoc_final_checkpoint_only
R1,Drishti_GS,2,115,2,0.631021729440304,0.631395201218738,15754,9947,5807,0.9429130133097836,0.04830319544216002,post_hoc_final_checkpoint_only
R1,Drishti_GS,2,116,0,0.6329444336210266,0.632965972217783,312862,198031,114831,0.9644048145908782,0.00803433638187837,post_hoc_final_checkpoint_only
R1,Drishti_GS,2,116,1,0.6328728492881881,0.633092183770883,26816,16977,9839,0.6393942439776192,0.19480974048702435,post_hoc_final_checkpoint_only
R1,Drishti_GS,2,116,2,0.6330463533863716,0.6335089421877166,14426,9139,5287,0.9429130133097836,0.04830319544216002,post_hoc_final_checkpoint_only
R1,Drishti_GS,2,117,0,0.6349541644136998,0.634971046656973,313608,199132,114476,0.9644048145908782,0.00803433638187837,post_hoc_final_checkpoint_only
R1,Drishti_GS,2,117,1,0.634997764214328,0.635107863604732,28740,18253,10487,0.6393942439776192,0.19480974048702435,post_hoc_final_checkpoint_only
R1,Drishti_GS,2,117,2,0.6348062295391818,0.6351687388987567,14075,8940,5135,0.9429130133097836,0.04830319544216002,post_hoc_final_checkpoint_only
R1,Drishti_GS,2,118,0,0.6369489319346112,0.6369662745798272,313621,199766,113855,0.9644048145908782,0.00803433638187837,post_hoc_final_checkpoint_only
R1,Drishti_GS,2,118,1,0.6369927849607098,0.6371835903404132,27496,17520,9976,0.6393942439776192,0.19480974048702435,post_hoc_final_checkpoint_only
R1,Drishti_GS,2,118,2,0.6369527698067246,0.6372814744545331,14758,9405,5353,0.9429130133097836,0.04830319544216002,post_hoc_final_checkpoint_only
R1,Drishti_GS,2,119,0,0.638953425771725,0.6389735553878151,313977,200623,113354,0.9644048145908782,0.00803433638187837,post_hoc_final_checkpoint_only
R1,Drishti_GS,2,119,1,0.6389460894087312,0.6391484202268026,28042,17923,10119,0.6393942439776192,0.19480974048702435,post_hoc_final_checkpoint_only
R1,Drishti_GS,2,119,2,0.6390178588914118,0.6393832359733732,14722,9413,5309,0.9429130133097836,0.04830319544216002,post_hoc_final_checkpoint_only
R1,Drishti_GS,2,120,0,0.6409475139236025,0.6409635414183599,314631,201667,112964,0.9644048145908782,0.00803433638187837,post_hoc_final_checkpoint_only
R1,Drishti_GS,2,120,1,0.640969628042662,0.6411700182815356,27350,17536,9814,0.6393942439776192,0.19480974048702435,post_hoc_final_checkpoint_only
R1,Drishti_GS,2,120,2,0.6409891305010512,0.641320041251289,14545,9328,5217,0.9429130133097836,0.04830319544216002,post_hoc_final_checkpoint_only
R1,Drishti_GS,2,121,0,0.6429495526543062,0.6429611588747012,314512,202219,112293,0.9644048145908782,0.00803433638187837,post_hoc_final_checkpoint_only
R1,Drishti_GS,2,121,1,0.642946686765724,0.6431435719916373,29177,18765,10412,0.6393942439776192,0.19480974048702435,post_hoc_final_checkpoint_only
R1,Drishti_GS,2,121,2,0.6429625465698777,0.6433886272100484,14649,9425,5224,0.9429130133097836,0.04830319544216002,post_hoc_final_checkpoint_only
R1,Drishti_GS,2,122,0,0.6449587246188514,0.6449798913200474,311557,200948,110609,0.9644048145908782,0.00803433638187837,post_hoc_final_checkpoint_only
R1,Drishti_GS,2,122,1,0.6449724211370249,0.6451882553725053,28711,18524,10187,0.6393942439776192,0.19480974048702435,post_hoc_final_checkpoint_only
R1,Drishti_GS,2,122,2,0.6449708054851432,0.6452996845425868,15850,10228,5622,0.9429130133097836,0.04830319544216002,post_hoc_final_checkpoint_only
R1,Drishti_GS,2,123,0,0.6469646785945781,0.6469850400210321,315709,204259,111450,0.9644048145908782,0.00803433638187837,post_hoc_final_checkpoint_only
R1,Drishti_GS,2,123,1,0.6469022472007523,0.6470609474292317,27696,17921,9775,0.6393942439776192,0.19480974048702435,post_hoc_final_checkpoint_only
R1,Drishti_GS,2,123,2,0.6469887414553246,0.6474520873570049,13462,8716,4746,0.9429130133097836,0.04830319544216002,post_hoc_final_checkpoint_only
R1,Drishti_GS,2,124,0,0.6489520533038557,0.6489707889186842,314367,204015,110352,0.9644048145908782,0.00803433638187837,post_hoc_final_checkpoint_only
R1,Drishti_GS,2,124,1,0.6490411126285824,0.6492065626681012,29744,19310,10434,0.6393942439776192,0.19480974048702435,post_hoc_final_checkpoint_only
R1,Drishti_GS,2,124,2,0.6488373317477127,0.6493181185638742,14372,9332,5040,0.9429130133097836,0.04830319544216002,post_hoc_final_checkpoint_only
R1,Drishti_GS,2,125,0,0.6509551251402862,0.6509729569812089,314351,204634,109717,0.9644048145908782,0.00803433638187837,post_hoc_final_checkpoint_only
R1,Drishti_GS,2,125,1,0.6509112538716723,0.6510948378485625,27721,18049,9672,0.6393942439776192,0.19480974048702435,post_hoc_final_checkpoint_only
R1,Drishti_GS,2,125,2,0.6510425071187533,0.6515040352164343,14993,9768,5225,0.9429130133097836,0.04830319544216002,post_hoc_final_checkpoint_only
R1,Drishti_GS,2,126,0,0.6529559421586237,0.6529723673908477,314194,205160,109034,0.9644048145908782,0.00803433638187837,post_hoc_final_checkpoint_only
R1,Drishti_GS,2,126,1,0.652965004194982,0.6531282518210197,30752,20085,10667,0.6393942439776192,0.19480974048702435,post_hoc_final_checkpoint_only
R1,Drishti_GS,2,126,2,0.6529262612482257,0.653355989804588,14124,9228,4896,0.9429130133097836,0.04830319544216002,post_hoc_final_checkpoint_only
R1,Drishti_GS,2,127,0,0.6549522733349351,0.6549723375493284,311433,203980,107453,0.9644048145908782,0.00803433638187837,post_hoc_final_checkpoint_only
R1,Drishti_GS,2,127,1,0.6549681519472066,0.6551515151515152,28050,18377,9673,0.6393942439776192,0.19480974048702435,post_hoc_final_checkpoint_only
R1,Drishti_GS,2,127,2,0.654996369266554,0.6553789885231429,15858,10393,5465,0.9429130133097836,0.04830319544216002,post_hoc_final_checkpoint_only
R1,Drishti_GS,2,128,0,0.6569622313009886,0.6569803301215985,312915,205579,107336,0.9644048145908782,0.00803433638187837,post_hoc_final_checkpoint_only
R1,Drishti_GS,2,128,1,0.6569067821673551,0.6570979020979021,28600,18793,9807,0.6393942439776192,0.19480974048702435,post_hoc_final_checkpoint_only
R1,Drishti_GS,2,128,2,0.6569364515988853,0.6572678331090175,14860,9767,5093,0.9429130133097836,0.04830319544216002,post_hoc_final_checkpoint_only
R1,Drishti_GS,2,129,0,0.6589614967562667,0.6589749521275912,311244,205102,106142,0.9644048145908782,0.00803433638187837,post_hoc_final_checkpoint_only
R1,Drishti_GS,2,129,1,0.6589005616956405,0.6591133700409431,28332,18674,9658,0.6393942439776192,0.19480974048702435,post_hoc_final_checkpoint_only
R1,Drishti_GS,2,129,2,0.659024751105374,0.6594141715918685,15397,10153,5244,0.9429130133097836,0.04830319544216002,post_hoc_final_checkpoint_only
R1,Drishti_GS,2,130,0,0.6609619086093294,0.6609806073447224,315274,208390,106884,0.9644048145908782,0.00803433638187837,post_hoc_final_checkpoint_only
R1,Drishti_GS,2,130,1,0.6609023906331627,0.6611339653013772,27955,18482,9473,0.6393942439776192,0.19480974048702435,post_hoc_final_checkpoint_only
R1,Drishti_GS,2,130,2,0.6609866919593562,0.6613003955311915,14411,9530,4881,0.9429130133097836,0.04830319544216002,post_hoc_final_checkpoint_only
R1,Drishti_GS,2,131,0,0.662961696565596,0.6629776154623404,315709,209308,106401,0.9644048145908782,0.00803433638187837,post_hoc_final_checkpoint_only
R1,Drishti_GS,2,131,1,0.6629869320062167,0.6632010648631147,27797,18435,9362,0.6393942439776192,0.19480974048702435,post_hoc_final_checkpoint_only
R1,Drishti_GS,2,131,2,0.6629428549296624,0.6632858678130038,14888,9875,5013,0.9429130133097836,0.04830319544216002,post_hoc_final_checkpoint_only
R1,Drishti_GS,2,132,0,0.6649640685701101,0.6649797990427265,313599,208537,105062,0.9644048145908782,0.00803433638187837,post_hoc_final_checkpoint_only
R1,Drishti_GS,2,132,1,0.6649746308284801,0.6651571196460054,28927,19241,9686,0.6393942439776192,0.19480974048702435,post_hoc_final_checkpoint_only
R1,Drishti_GS,2,132,2,0.6649032806046327,0.6653223140495867,15125,10063,5062,0.9429130133097836,0.04830319544216002,post_hoc_final_checkpoint_only
R1,Drishti_GS,2,133,0,0.6669656404156538,0.6669835447454253,312423,208381,104042,0.9644048145908782,0.00803433638187837,post_hoc_final_checkpoint_only
R1,Drishti_GS,2,133,1,0.6670086669478323,0.6672365666434055,28660,19123,9537,0.6393942439776192,0.19480974048702435,post_hoc_final_checkpoint_only
R1,Drishti_GS,2,133,2,0.6669634145121828,0.6673997412677879,15460,10318,5142,0.9429130133097836,0.04830319544216002,post_hoc_final_checkpoint_only
R1,Drishti_GS,2,134,0,0.6689648354523045,0.6689799190678544,315573,211112,104461,0.9644048145908782,0.00803433638187837,post_hoc_final_checkpoint_only
R1,Drishti_GS,2,134,1,0.6689335922766859,0.669168457596297,30245,20239,10006,0.6393942439776192,0.19480974048702435,post_hoc_final_checkpoint_only
R1,Drishti_GS,2,134,2,0.6690090946823131,0.6693600750306615,13861,9278,4583,0.9429130133097836,0.04830319544216002,post_hoc_final_checkpoint_only
R1,Drishti_GS,2,135,0,0.6709632799353031,0.6709839341379586,312775,209867,102908,0.9644048145908782,0.00803433638187837,post_hoc_final_checkpoint_only
R1,Drishti_GS,2,135,1,0.6709852680187395,0.6711803516529068,28949,19430,9519,0.6393942439776192,0.19480974048702435,post_hoc_final_checkpoint_only
R1,Drishti_GS,2,135,2,0.6709519305153184,0.6713644694432156,15823,10623,5200,0.9429130133097836,0.04830319544216002,post_hoc_final_checkpoint_only
R1,Drishti_GS,2,136,0,0.6729635546986478,0.6729856141740141,310653,209065,101588,0.9644048145908782,0.00803433638187837,post_hoc_final_checkpoint_only
R1,Drishti_GS,2,136,1,0.6729960150628277,0.6731445180478572,29588,19917,9671,0.6393942439776192,0.19480974048702435,post_hoc_final_checkpoint_only
R1,Drishti_GS,2,136,2,0.6730004957675682,0.6734582993751698,14724,9916,4808,0.9429130133097836,0.04830319544216002,post_hoc_final_checkpoint_only
R1,Drishti_GS,2,137,0,0.6749622712131662,0.6749817423389579,313567,211652,101915,0.9644048145908782,0.00803433638187837,post_hoc_final_checkpoint_only
R1,Drishti_GS,2,137,1,0.6750318358312901,0.6752097902097902,28600,19311,9289,0.6393942439776192,0.19480974048702435,post_hoc_final_checkpoint_only
R1,Drishti_GS,2,137,2,0.6748972585097598,0.6752871586766628,14539,9818,4721,0.9429130133097836,0.04830319544216002,post_hoc_final_checkpoint_only
R1,Drishti_GS,2,138,0,0.6769692064555506,0.6769868619427094,315724,213741,101983,0.9644048145908782,0.00803433638187837,post_hoc_final_checkpoint_only
R1,Drishti_GS,2,138,1,0.6769491105414843,0.6771403547186337,27402,18555,8847,0.6393942439776192,0.19480974048702435,post_hoc_final_checkpoint_only
R1,Drishti_GS,2,138,2,0.6769787870833648,0.6773378264532435,15431,10452,4979,0.9429130133097836,0.04830319544216002,post_hoc_final_checkpoint_only
R1,Drishti_GS,2,139,0,0.6789703115592115,0.6789859898101918,313843,213095,100748,0.9644048145908782,0.00803433638187837,post_hoc_final_checkpoint_only
R1,Drishti_GS,2,139,1,0.6789352370394849,0.6790704108452068,28916,19636,9280,0.6393942439776192,0.19480974048702435,post_hoc_final_checkpoint_only
R1,Drishti_GS,2,139,2,0.6789942398059724,0.6793650793650794,15120,10272,4848,0.9429130133097836,0.04830319544216002,post_hoc_final_checkpoint_only
R1,Drishti_GS,2,140,0,0.6809659808148778,0.6809855627484672,315434,214806,100628,0.9644048145908782,0.00803433638187837,post_hoc_final_checkpoint_only
R1,Drishti_GS,2,140,1,0.6809934505812132,0.6812074360390208,27165,18505,8660,0.6393942439776192,0.19480974048702435,post_hoc_final_checkpoint_only
R1,Drishti_GS,2,140,2,0.6809605680296443,0.681240749876665,16216,11047,5169,0.9429130133097836,0.04830319544216002,post_hoc_final_checkpoint_only
R1,Drishti_GS,2,141,0,0.6829704866549972,0.6829870278957639,313596,214182,99414,0.9644048145908782,0.00803433638187837,post_hoc_final_checkpoint_only
R1,Drishti_GS,2,141,1,0.6830192353048364,0.6831806968334967,29591,20216,9375,0.6393942439776192,0.19480974048702435,post_hoc_final_checkpoint_only
R1,Drishti_GS,2,141,2,0.6829206341845869,0.6832110209862238,15534,10613,4921,0.9429130133097836,0.04830319544216002,post_hoc_final_checkpoint_only
R1,Drishti_GS,2,142,0,0.6849751131610571,0.684986710931578,312663,214170,98493,0.9644048145908782,0.00803433638187837,post_hoc_final_checkpoint_only
R1,Drishti_GS,2,142,1,0.6849456452359591,0.6851531531531532,27750,19013,8737,0.6393942439776192,0.19480974048702435,post_hoc_final_checkpoint_only
R1,Drishti_GS,2,142,2,0.6849994227706494,0.6854103343465046,15134,10373,4761,0.9429130133097836,0.04830319544216002,post_hoc_final_checkpoint_only
R1,Drishti_GS,2,143,0,0.6869664131850107,0.6869804239198717,313597,215435,98162,0.9644048145908782,0.00803433638187837,post_hoc_final_checkpoint_only
R1,Drishti_GS,2,143,1,0.6870448447914287,0.6872401200419423,27657,19007,8650,0.6393942439776192,0.19480974048702435,post_hoc_final_checkpoint_only
R1,Drishti_GS,2,143,2,0.6869311897083298,0.6873687368736874,13332,9164,4168,0.9429130133097836,0.04830319544216002,post_hoc_final_checkpoint_only
R1,Drishti_GS,2,144,0,0.6889715393997741,0.6889927873875024,313340,215889,97451,0.9644048145908782,0.00803433638187837,post_hoc_final_checkpoint_only
R1,Drishti_GS,2,144,1,0.6889276599133559,0.6891034578918015,28688,19769,8919,0.6393942439776192,0.19480974048702435,post_hoc_final_checkpoint_only
R1,Drishti_GS,2,144,2,0.6890604849882741,0.6895391455867331,16643,11476,5167,0.9429130133097836,0.04830319544216002,post_hoc_final_checkpoint_only
R1,Drishti_GS,2,145,0,0.6909743510422627,0.6909891517299536,315442,217967,97475,0.9644048145908782,0.00803433638187837,post_hoc_final_checkpoint_only
R1,Drishti_GS,2,145,1,0.6909654669266404,0.6911415901825306,29091,20106,8985,0.6393942439776192,0.19480974048702435,post_hoc_final_checkpoint_only
R1,Drishti_GS,2,145,2,0.6909521126780497,0.6913051935421124,15423,10662,4761,0.9429130133097836,0.04830319544216002,post_hoc_final_checkpoint_only
R1,Drishti_GS,2,146,0,0.6929767188998226,0.6929939256993063,315098,218361,96737,0.9644048145908782,0.00803433638187837,post_hoc_final_checkpoint_only
R1,Drishti_GS,2,146,1,0.6929829514686634,0.6932179133652134,28649,19860,8789,0.6393942439776192,0.19480974048702435,post_hoc_final_checkpoint_only
R1,Drishti_GS,2,146,2,0.692926191522252,0.6933471261395229,15467,10724,4743,0.9429130133097836,0.04830319544216002,post_hoc_final_checkpoint_only
R1,Drishti_GS,2,147,0,0.6949787010156058,0.6949960285941224,316009,219625,96384,0.9644048145908782,0.00803433638187837,post_hoc_final_checkpoint_only
R1,Drishti_GS,2,147,1,0.6949703127290208,0.6951496165064276,27771,19305,8466,0.6393942439776192,0.19480974048702435,post_hoc_final_checkpoint_only
R1,Drishti_GS,2,147,2,0.6949989085595227,0.6953822273961972,15462,10752,4710,0.9429130133097836,0.04830319544216002,post_hoc_final_checkpoint_only
R1,Drishti_GS,2,148,0,0.6969815232607078,0.6970016412069183,316840,220838,96002,0.9644048145908782,0.00803433638187837,post_hoc_final_checkpoint_only
R1,Drishti_GS,2,148,1,0.6969241797799364,0.6971380223660977,27184,18951,8233,0.6393942439776192,0.19480974048702435,post_hoc_final_checkpoint_only
R1,Drishti_GS,2,148,2,0.6969758573814966,0.697366606921274,14506,10116,4390,0.9429130133097836,0.04830319544216002,post_hoc_final_checkpoint_only
R1,Drishti_GS,2,149,0,0.6989748746944887,0.6989897767830138,314089,219545,94544,0.9644048145908782,0.00803433638187837,post_hoc_final_checkpoint_only
R1,Drishti_GS,2,149,1,0.6989713067621214,0.6991893045086047,28124,19664,8460,0.6393942439776192,0.19480974048702435,post_hoc_final_checkpoint_only
R1,Drishti_GS,2,149,2,0.6990390188767404,0.6994804669050672,14821,10367,4454,0.9429130133097836,0.04830319544216002,post_hoc_final_checkpoint_only
R1,Drishti_GS,2,150,0,0.7009807347970509,0.7009949820239701,313473,219743,93730,0.9644048145908782,0.00803433638187837,post_hoc_final_checkpoint_only
R1,Drishti_GS,2,150,1,0.7010234509862303,0.701186434746089,28573,20035,8538,0.6393942439776192,0.19480974048702435,post_hoc_final_checkpoint_only
R1,Drishti_GS,2,150,2,0.70100593365916,0.7012978790756569,15795,11077,4718,0.9429130133097836,0.04830319544216002,post_hoc_final_checkpoint_only
R1,Drishti_GS,2,151,0,0.7029795979252177,0.702999031546192,314935,221399,93536,0.9644048145908782,0.00803433638187837,post_hoc_final_checkpoint_only
R1,Drishti_GS,2,151,1,0.7030013798890742,0.7031969749054658,29090,20456,8634,0.6393942439776192,0.19480974048702435,post_hoc_final_checkpoint_only
R1,Drishti_GS,2,151,2,0.7029180257666698,0.7034287257019438,14816,10422,4394,0.9429130133097836,0.04830319544216002,post_hoc_final_checkpoint_only
R1,Drishti_GS,2,152,0,0.7049768546261984,0.704992329551797,313541,221044,92497,0.9644048145908782,0.00803433638187837,post_hoc_final_checkpoint_only
R1,Drishti_GS,2,152,1,0.7050408549340609,0.7052333333333334,30000,21157,8843,0.6393942439776192,0.19480974048702435,post_hoc_final_checkpoint_only
R1,Drishti_GS,2,152,2,0.7048914635155603,0.7053024247268852,15012,10588,4424,0.9429130133097836,0.04830319544216002,post_hoc_final_checkpoint_only
R1,Drishti_GS,2,153,0,0.7069804844980667,0.7069979858242823,313776,221839,91937,0.9644048145908782,0.00803433638187837,post_hoc_final_checkpoint_only
R1,Drishti_GS,2,153,1,0.7069956543395237,0.7071857743201473,28793,20362,8431,0.6393942439776192,0.19480974048702435,post_hoc_final_checkpoint_only
R1,Drishti_GS,2,153,2,0.7069618338426091,0.7073139074566812,15409,10899,4510,0.9429130133097836,0.04830319544216002,post_hoc_final_checkpoint_only
R1,Drishti_GS,2,154,0,0.7089803844519305,0.7090037941898879,313901,222557,91344,0.9644048145908782,0.00803433638187837,post_hoc_final_checkpoint_only
R1,Drishti_GS,2,154,1,0.7090241569859578,0.7091582491582492,29700,21062,8638,0.6393942439776192,0.19480974048702435,post_hoc_final_checkpoint_only
R1,Drishti_GS,2,154,2,0.7089399945129078,0.7096859504132231,15125,10734,4391,0.9429130133097836,0.04830319544216002,post_hoc_final_checkpoint_only
R1,Drishti_GS,2,155,0,0.7109784501016105,0.7109955352447968,313791,223104,90687,0.9644048145908782,0.00803433638187837,post_hoc_final_checkpoint_only
R1,Drishti_GS,2,155,1,0.7110186786605628,0.7111899932386748,29580,21037,8543,0.6393942439776192,0.19480974048702435,post_hoc_final_checkpoint_only
R1,Drishti_GS,2,155,2,0.710946186716609,0.711318795430945,15408,10960,4448,0.9429130133097836,0.04830319544216002,post_hoc_final_checkpoint_only
R1,Drishti_GS,2,156,0,0.712981636868829,0.7130003537814777,313753,223706,90047,0.9644048145908782,0.00803433638187837,post_hoc_final_checkpoint_only
R1,Drishti_GS,2,156,1,0.7130047406080778,0.7131593444429142,29044,20713,8331,0.6393942439776192,0.19480974048702435,post_hoc_final_checkpoint_only
R1,Drishti_GS,2,156,2,0.7130062152238504,0.7133324610754939,15286,10904,4382,0.9429130133097836,0.04830319544216002,post_hoc_final_checkpoint_only
R1,Drishti_GS,2,157,0,0.7149839796856938,0.7149986623692626,313988,224501,89487,0.9644048145908782,0.00803433638187837,post_hoc_final_checkpoint_only
R1,Drishti_GS,2,157,1,0.7150110302096021,0.7151862269969838,29507,21103,8404,0.6393942439776192,0.19480974048702435,post_hoc_final_checkpoint_only
R1,Drishti_GS,2,157,2,0.7149784687638637,0.715226840532464,14724,10531,4193,0.9429130133097836,0.04830319544216002,post_hoc_final_checkpoint_only
R1,Drishti_GS,2,158,0,0.7169847505144208,0.7170033642934179,310615,222712,87903,0.9644048145908782,0.00803433638187837,post_hoc_final_checkpoint_only
R1,Drishti_GS,2,158,1,0.7170031432098792,0.717175887696119,29064,20844,8220,0.6393942439776192,0.19480974048702435,post_hoc_final_checkpoint_only
R1,Drishti_GS,2,158,2,0.7169779146401752,0.7173704721139718,15653,11229,4424,0.9429130133097836,0.04830319544216002,post_hoc_final_checkpoint_only
R1,Drishti_GS,2,159,0,0.7189898686295148,0.719010433335467,312460,224662,87798,0.9644048145908782,0.00803433638187837,post_hoc_final_checkpoint_only
R1,Drishti_GS,2,159,1,0.7190143364425298,0.7191677001515778,29028,20876,8152,0.6393942439776192,0.19480974048702435,post_hoc_final_checkpoint_only
R1,Drishti_GS,2,159,2,0.7189313585494269,0.7192274783033858,16362,11768,4594,0.9429130133097836,0.04830319544216002,post_hoc_final_checkpoint_only
R1,Drishti_GS,2,160,0,0.7209817512232294,0.7210041776759838,312614,225396,87218,0.9644048145908782,0.00803433638187837,post_hoc_final_checkpoint_only
R1,Drishti_GS,2,160,1,0.7210003737093645,0.7212189232391253,29403,21206,8197,0.6393942439776192,0.19480974048702435,post_hoc_final_checkpoint_only
R1,Drishti_GS,2,160,2,0.7210221571960301,0.7214320745463463,14273,10297,3976,0.9429130133097836,0.04830319544216002,post_hoc_final_checkpoint_only
R1,Drishti_GS,2,161,0,0.7229859329098997,0.7230039782104731,314463,227358,87105,0.9644048145908782,0.00803433638187837,post_hoc_final_checkpoint_only
R1,Drishti_GS,2,161,1,0.722994459227143,0.7232068679036278,28888,20892,7996,0.6393942439776192,0.19480974048702435,post_hoc_final_checkpoint_only
R1,Drishti_GS,2,161,2,0.7230276794446865,0.7233711507293354,15425,11158,4267,0.9429130133097836,0.04830319544216002,post_hoc_final_checkpoint_only
R1,Drishti_GS,2,162,0,0.7249918264553092,0.7250060610700659,313476,227272,86204,0.9644048145908782,0.00803433638187837,post_hoc_final_checkpoint_only
R1,Drishti_GS,2,162,1,0.7249743040719013,0.7252000283225943,28246,20484,7762,0.6393942439776192,0.19480974048702435,post_hoc_final_checkpoint_only
R1,Drishti_GS,2,162,2,0.7249828610053052,0.7253012048192771,15770,11438,4332,0.9429130133097836,0.04830319544216002,post_hoc_final_checkpoint_only
R1,Drishti_GS,2,163,0,0.7269902397738225,0.7270078564839848,314390,228564,85826,0.9644048145908782,0.00803433638187837,post_hoc_final_checkpoint_only
R1,Drishti_GS,2,163,1,0.7269912412615868,0.7272215577288398,28426,20672,7754,0.6393942439776192,0.19480974048702435,post_hoc_final_checkpoint_only
R1,Drishti_GS,2,163,2,0.7269936369003067,0.727316769326597,14449,10509,3940,0.9429130133097836,0.04830319544216002,post_hoc_final_checkpoint_only
R1,Drishti_GS,2,164,0,0.7289945426642965,0.7290113514098541,314146,229016,85130,0.9644048145908782,0.00803433638187837,post_hoc_final_checkpoint_only
R1,Drishti_GS,2,164,1,0.7290027502268241,0.7291557511614097,28629,20875,7754,0.6393942439776192,0.19480974048702435,post_hoc_final_checkpoint_only
R1,Drishti_GS,2,164,2,0.7289805747750849,0.7293447293447294,16497,12032,4465,0.9429130133097836,0.04830319544216002,post_hoc_final_checkpoint_only
R1,Drishti_GS,2,165,0,0.7309939254063242,0.7310087252879601,312196,228218,83978,0.9644048145908782,0.00803433638187837,post_hoc_final_checkpoint_only
R1,Drishti_GS,2,165,1,0.7310380120096885,0.731309667876832,29748,21755,7993,0.6393942439776192,0.19480974048702435,post_hoc_final_checkpoint_only
R1,Drishti_GS,2,165,2,0.730941718882062,0.7314167831237106,15027,10991,4036,0.9429130133097836,0.04830319544216002,post_hoc_final_checkpoint_only
R1,Drishti_GS,2,166,0,0.7329948353320939,0.7330121760589718,312827,229306,83521,0.9644048145908782,0.00803433638187837,post_hoc_final_checkpoint_only
R1,Drishti_GS,2,166,1,0.7329499654077938,0.7331698468153722,29768,21825,7943,0.6393942439776192,0.19480974048702435,post_hoc_final_checkpoint_only
R1,Drishti_GS,2,166,2,0.7330744925857208,0.7334069359657098,15398,11293,4105,0.9429130133097836,0.04830319544216002,post_hoc_final_checkpoint_only
R1,Drishti_GS,2,167,0,0.7349963970642229,0.7350135761060533,313050,230096,82954,0.9644048145908782,0.00803433638187837,post_hoc_final_checkpoint_only
R1,Drishti_GS,2,167,1,0.7349399819320769,0.7351265494976003,28961,21290,7671,0.6393942439776192,0.19480974048702435,post_hoc_final_checkpoint_only
R1,Drishti_GS,2,167,2,0.7350221255405003,0.7354603693003392,15922,11710,4212,0.9429130133097836,0.04830319544216002,post_hoc_final_checkpoint_only
R1,Drishti_GS,2,168,0,0.7369923657662385,0.7370123429931599,312566,230365,82201,0.9644048145908782,0.00803433638187837,post_hoc_final_checkpoint_only
R1,Drishti_GS,2,168,1,0.737030153763055,0.7372094599173273,29514,21758,7756,0.6393942439776192,0.19480974048702435,post_hoc_final_checkpoint_only
R1,Drishti_GS,2,168,2,0.7369618827707664,0.7372983999490024,15687,11566,4121,0.9429130133097836,0.04830319544216002,post_hoc_final_checkpoint_only
R1,Drishti_GS,2,169,0,0.7389952802224734,0.7390091297963353,313260,231502,81758,0.9644048145908782,0.00803433638187837,post_hoc_final_checkpoint_only
R1,Drishti_GS,2,169,1,0.7390015329800692,0.7391881316138691,29389,21724,7665,0.6393942439776192,0.19480974048702435,post_hoc_final_checkpoint_only
R1,Drishti_GS,2,169,2,0.7389904826334814,0.7393033461327482,14584,10782,3802,0.9429130133097836,0.04830319544216002,post_hoc_final_checkpoint_only
R1,Drishti_GS,2,170,0,0.7409961179117408,0.7410106759740905,312009,231202,80807,0.9644048145908782,0.00803433638187837,post_hoc_final_checkpoint_only
R1,Drishti_GS,2,170,1,0.7409262639453917,0.7410942330958462,29756,22052,7704,0.6393942439776192,0.19480974048702435,post_hoc_final_checkpoint_only
R1,Drishti_GS,2,170,2,0.7410765269602327,0.7415554832411324,15365,11394,3971,0.9429130133097836,0.04830319544216002,post_hoc_final_checkpoint_only
R1,Drishti_GS,2,171,0,0.7430022444181968,0.7430190297027169,312564,232241,80323,0.9644048145908782,0.00803433638187837,post_hoc_final_checkpoint_only
R1,Drishti_GS,2,171,1,0.7429735003767216,0.7431857624119509,29387,21840,7547,0.6393942439776192,0.19480974048702435,post_hoc_final_checkpoint_only
R1,Drishti_GS,2,171,2,0.7429694566939884,0.7433277997701443,15662,11642,4020,0.9429130133097836,0.04830319544216002,post_hoc_final_checkpoint_only
R1,Drishti_GS,2,172,0,0.7449949013388599,0.7450083207911593,314273,234136,80137,0.9644048145908782,0.00803433638187837,post_hoc_final_checkpoint_only
R1,Drishti_GS,2,172,1,0.7450160862642689,0.7451800469244109,29409,21915,7494,0.6393942439776192,0.19480974048702435,post_hoc_final_checkpoint_only
R1,Drishti_GS,2,172,2,0.7449916428855308,0.745377427264895,15089,11247,3842,0.9429130133097836,0.04830319544216002,post_hoc_final_checkpoint_only
R1,Drishti_GS,2,173,0,0.7469984876556048,0.7470147852840766,314299,234786,79513,0.9644048145908782,0.00803433638187837,post_hoc_final_checkpoint_only
R1,Drishti_GS,2,173,1,0.7469618440130013,0.747163070888204,28552,21333,7219,0.6393942439776192,0.19480974048702435,post_hoc_final_checkpoint_only
R1,Drishti_GS,2,173,2,0.7470679806306412,0.7474841101694916,15104,11290,3814,0.9429130133097836,0.04830319544216002,post_hoc_final_checkpoint_only
R1,Drishti_GS,2,174,0,0.749003170122003,0.7490195322663018,311331,233193,78138,0.9644048145908782,0.00803433638187837,post_hoc_final_checkpoint_only
R1,Drishti_GS,2,174,1,0.7490379717344613,0.7492463878590485,28861,21624,7237,0.6393942439776192,0.19480974048702435,post_hoc_final_checkpoint_only
R1,Drishti_GS,2,174,2,0.7489309130676745,0.7492100341781132,15507,11618,3889,0.9429130133097836,0.04830319544216002,post_hoc_final_checkpoint_only
R1,Drishti_GS,2,175,0,0.7510025810460523,0.7510153572788425,315160,236690,78470,0.9644048145908782,0.00803433638187837,post_hoc_final_checkpoint_only
R1,Drishti_GS,2,175,1,0.7510380347854694,0.7512316096383927,29839,22416,7423,0.6393942439776192,0.19480974048702435,post_hoc_final_checkpoint_only
R1,Drishti_GS,2,175,2,0.7508819044731734,0.7511111111111111,15750,11830,3920,0.9429130133097836,0.04830319544216002,post_hoc_final_checkpoint_only
R1,Drishti_GS,2,176,0,0.7530028225939039,0.7530248096135274,315805,237809,77996,0.9644048145908782,0.00803433638187837,post_hoc_final_checkpoint_only
R1,Drishti_GS,2,176,1,0.7529988302318588,0.7531719360812016,29162,21964,7198,0.6393942439776192,0.19480974048702435,post_hoc_final_checkpoint_only
R1,Drishti_GS,2,176,2,0.752987590019516,0.7534201089122061,15058,11345,3713,0.9429130133097836,0.04830319544216002,post_hoc_final_checkpoint_only
R1,Drishti_GS,2,177,0,0.7550014071470587,0.7550205557244093,312565,235993,76572,0.9644048145908782,0.00803433638187837,post_hoc_final_checkpoint_only
R1,Drishti_GS,2,177,1,0.7549599146461358,0.7551187551187551,29304,22128,7176,0.6393942439776192,0.19480974048702435,post_hoc_final_checkpoint_only
R1,Drishti_GS,2,177,2,0.7550745959006121,0.7554311608689858,15006,11336,3670,0.9429130133097836,0.04830319544216002,post_hoc_final_checkpoint_only
R1,Drishti_GS,2,178,0,0.7570088340170636,0.7570244991129961,314542,238116,76426,0.9644048145908782,0.00803433638187837,post_hoc_final_checkpoint_only
R1,Drishti_GS,2,178,1,0.7569834726117782,0.7572019250321969,29506,22342,7164,0.6393942439776192,0.19480974048702435,post_hoc_final_checkpoint_only
R1,Drishti_GS,2,178,2,0.7569564059494653,0.7571582928146947,14808,11212,3596,0.9429130133097836,0.04830319544216002,post_hoc_final_checkpoint_only
R1,Drishti_GS,2,179,0,0.7590050055910031,0.7590258117172953,313656,238073,75583,0.9644048145908782,0.00803433638187837,post_hoc_final_checkpoint_only
R1,Drishti_GS,2,179,1,0.7590560190779285,0.7591930369070913,29642,22504,7138,0.6393942439776192,0.19480974048702435,post_hoc_final_checkpoint_only
R1,Drishti_GS,2,179,2,0.7590115265865865,0.7592508586611366,15431,11716,3715,0.9429130133097836,0.04830319544216002,post_hoc_final_checkpoint_only
R1,Drishti_GS,2,180,0,0.7610018816405941,0.7610125345405747,315209,239878,75331,0.9644048145908782,0.00803433638187837,post_hoc_final_checkpoint_only
R1,Drishti_GS,2,180,1,0.7609889120165255,0.7611961057023644,28760,21892,6868,0.6393942439776192,0.19480974048702435,post_hoc_final_checkpoint_only
R1,Drishti_GS,2,180,2,0.7610429404355957,0.7614035087719299,15105,11501,3604,0.9429130133097836,0.04830319544216002,post_hoc_final_checkpoint_only
R1,Drishti_GS,2,181,0,0.7630059920942719,0.7630227860864793,313393,239126,74267,0.9644048145908782,0.00803433638187837,post_hoc_final_checkpoint_only
R1,Drishti_GS,2,181,1,0.763051796889471,0.7632568436588537,28457,21720,6737,0.6393942439776192,0.19480974048702435,post_hoc_final_checkpoint_only
R1,Drishti_GS,2,181,2,0.7629985508116013,0.7633733984942543,15142,11559,3583,0.9429130133097836,0.04830319544216002,post_hoc_final_checkpoint_only
R1,Drishti_GS,2,182,0,0.7650081849718497,0.7650207341178561,315181,241120,74061,0.9644048145908782,0.00803433638187837,post_hoc_final_checkpoint_only
R1,Drishti_GS,2,182,1,0.7650265154777176,0.7652627578343641,28943,22149,6794,0.6393942439776192,0.19480974048702435,post_hoc_final_checkpoint_only
R1,Drishti_GS,2,182,2,0.7649505986702111,0.7652915148360229,15368,11761,3607,0.9429130133097836,0.04830319544216002,post_hoc_final_checkpoint_only
R1,Drishti_GS,2,183,0,0.7670106278139973,0.7670264128604756,314203,241002,73201,0.9644048145908782,0.00803433638187837,post_hoc_final_checkpoint_only
R1,Drishti_GS,2,183,1,0.7670560909730892,0.7672445716209393,29705,22791,6914,0.6393942439776192,0.19480974048702435,post_hoc_final_checkpoint_only
R1,Drishti_GS,2,183,2,0.7669917792728548,0.7674020414883108,15185,11653,3532,0.9429130133097836,0.04830319544216002,post_hoc_final_checkpoint_only
R1,Drishti_GS,2,184,0,0.7690119835556147,0.7690251456970331,313493,241084,72409,0.9644048145908782,0.00803433638187837,post_hoc_final_checkpoint_only
R1,Drishti_GS,2,184,1,0.768948602769388,0.7691523003162297,29409,22620,6789,0.6393942439776192,0.19480974048702435,post_hoc_final_checkpoint_only
R1,Drishti_GS,2,184,2,0.769087707102349,0.7693361649654038,14597,11230,3367,0.9429130133097836,0.04830319544216002,post_hoc_final_checkpoint_only
R1,Drishti_GS,2,185,0,0.7710108908103049,0.771028352077581,311829,240429,71400,0.9644048145908782,0.00803433638187837,post_hoc_final_checkpoint_only
R1,Drishti_GS,2,185,1,0.7709630476603956,0.7710843373493976,29714,22912,6802,0.6393942439776192,0.19480974048702435,post_hoc_final_checkpoint_only
R1,Drishti_GS,2,185,2,0.7710512887288157,0.7713500425364832,15281,11787,3494,0.9429130133097836,0.04830319544216002,post_hoc_final_checkpoint_only
R1,Drishti_GS,2,186,0,0.7730173251837973,0.7730377002257365,314083,242798,71285,0.9644048145908782,0.00803433638187837,post_hoc_final_checkpoint_only
R1,Drishti_GS,2,186,1,0.7730183674862642,0.7732582250483826,28936,22375,6561,0.6393942439776192,0.19480974048702435,post_hoc_final_checkpoint_only
R1,Drishti_GS,2,186,2,0.7729751576048494,0.7732898589299974,15028,11621,3407,0.9429130133097836,0.04830319544216002,post_hoc_final_checkpoint_only
R1,Drishti_GS,2,187,0,0.7750177997906936,0.7750399349607955,314887,244050,70837,0.9644048145908782,0.00803433638187837,post_hoc_final_checkpoint_only
R1,Drishti_GS,2,187,1,0.7750169483407077,0.7751554502044041,29109,22564,6545,0.6393942439776192,0.19480974048702435,post_hoc_final_checkpoint_only
R1,Drishti_GS,2,187,2,0.7749834631393269,0.7754082872182481,14818,11490,3328,0.9429130133097836,0.04830319544216002,post_hoc_final_checkpoint_only
R1,Drishti_GS,2,188,0,0.7770125277290467,0.7770343019279001,315784,245375,70409,0.9644048145908782,0.00803433638187837,post_hoc_final_checkpoint_only
R1,Drishti_GS,2,188,1,0.7770289783385472,0.7772654302011818,29277,22756,6521,0.6393942439776192,0.19480974048702435,post_hoc_final_checkpoint_only
R1,Drishti_GS,2,188,2,0.7769879167986835,0.7774058028095051,15234,11843,3391,0.9429130133097836,0.04830319544216002,post_hoc_final_checkpoint_only
R1,Drishti_GS,2,189,0,0.7790158816720907,0.779040339810764,314528,245030,69498,0.9644048145908782,0.00803433638187837,post_hoc_final_checkpoint_only
R1,Drishti_GS,2,189,1,0.779026862863154,0.7792135028189235,28557,22252,6305,0.6393942439776192,0.19480974048702435,post_hoc_final_checkpoint_only
R1,Drishti_GS,2,189,2,0.7789632987039357,0.7794175009751658,15382,11989,3393,0.9429130133097836,0.04830319544216002,post_hoc_final_checkpoint_only
R1,Drishti_GS,2,190,0,0.7810120607205018,0.7810312225292968,316246,246998,69248,0.9644048145908782,0.00803433638187837,post_hoc_final_checkpoint_only
R1,Drishti_GS,2,190,1,0.781082575588188,0.7812445710711928,28781,22485,6296,0.6393942439776192,0.19480974048702435,post_hoc_final_checkpoint_only
R1,Drishti_GS,2,190,2,0.7809524345417868,0.7812721531223819,15517,12123,3394,0.9429130133097836,0.04830319544216002,post_hoc_final_checkpoint_only
R1,Drishti_GS,2,191,0,0.7830163793948115,0.783030634712553,314284,246094,68190,0.9644048145908782,0.00803433638187837,post_hoc_final_checkpoint_only
R1,Drishti_GS,2,191,1,0.783048490322714,0.7832488534878108,29001,22715,6286,0.6393942439776192,0.19480974048702435,post_hoc_final_checkpoint_only
R1,Drishti_GS,2,191,2,0.7829293215830267,0.783104712752954,14726,11532,3194,0.9429130133097836,0.04830319544216002,post_hoc_final_checkpoint_only
R1,Drishti_GS,2,192,0,0.7850208166458456,0.7850431748020222,312914,245651,67263,0.9644048145908782,0.00803433638187837,post_hoc_final_checkpoint_only
R1,Drishti_GS,2,192,1,0.7850151915892353,0.785183887915937,28550,22417,6133,0.6393942439776192,0.19480974048702435,post_hoc_final_checkpoint_only
R1,Drishti_GS,2,192,2,0.784966047477395,0.7853709921653829,15189,11929,3260,0.9429130133097836,0.04830319544216002,post_hoc_final_checkpoint_only
R1,Drishti_GS,2,193,0,0.7870236157291669,0.7870450647715119,316034,248733,67301,0.9644048145908782,0.00803433638187837,post_hoc_final_checkpoint_only
R1,Drishti_GS,2,193,1,0.7869895000712399,0.7871386350511261,29437,23171,6266,0.6393942439776192,0.19480974048702435,post_hoc_final_checkpoint_only
R1,Drishti_GS,2,193,2,0.7870500282980765,0.7872808436307175,15457,12169,3288,0.9429130133097836,0.04830319544216002,post_hoc_final_checkpoint_only
R1,Drishti_GS,2,194,0,0.7890202419465927,0.7890399239543726,315600,249021,66579,0.9644048145908782,0.00803433638187837,post_hoc_final_checkpoint_only
R1,Drishti_GS,2,194,1,0.7889942509662287,0.789136187826559,29474,23259,6215,0.6393942439776192,0.19480974048702435,post_hoc_final_checkpoint_only
R1,Drishti_GS,2,194,2,0.7890779780218269,0.7894274912233324,14812,11693,3119,0.9429130133097836,0.04830319544216002,post_hoc_final_checkpoint_only
R1,Drishti_GS,2,195,0,0.7910159968396436,0.7910311165344722,317966,251521,66445,0.9644048145908782,0.00803433638187837,post_hoc_final_checkpoint_only
R1,Drishti_GS,2,195,1,0.7910214073220692,0.7911919445315494,28701,22708,5993,0.6393942439776192,0.19480974048702435,post_hoc_final_checkpoint_only
R1,Drishti_GS,2,195,2,0.7910164716679632,0.7914041254891556,15077,11932,3145,0.9429130133097836,0.04830319544216002,post_hoc_final_checkpoint_only
R1,Drishti_GS,2,196,0,0.7930240456184405,0.79304112209117,313700,248777,64923,0.9644048145908782,0.00803433638187837,post_hoc_final_checkpoint_only
R1,Drishti_GS,2,196,1,0.7929920578683302,0.7931714879673021,28381,22511,5870,0.6393942439776192,0.19480974048702435,post_hoc_final_checkpoint_only
R1,Drishti_GS,2,196,2,0.7930106584331346,0.7934153165462945,15369,12194,3175,0.9429130133097836,0.04830319544216002,post_hoc_final_checkpoint_only
R1,Drishti_GS,2,197,0,0.7950277523193217,0.7950517668170567,314294,249880,64414,0.9644048145908782,0.00803433638187837,post_hoc_final_checkpoint_only
R1,Drishti_GS,2,197,1,0.7949749428692049,0.7951160606467195,29812,23704,6108,0.6393942439776192,0.19480974048702435,post_hoc_final_checkpoint_only
R1,Drishti_GS,2,197,2,0.7950181518731756,0.7953409902018039,15411,12257,3154,0.9429130133097836,0.04830319544216002,post_hoc_final_checkpoint_only
R1,Drishti_GS,2,198,0,0.7970238377657327,0.7970357338362376,316031,251888,64143,0.9644048145908782,0.00803433638187837,post_hoc_final_checkpoint_only
R1,Drishti_GS,2,198,1,0.797065784960428,0.7972295199426798,29309,23366,5943,0.6393942439776192,0.19480974048702435,post_hoc_final_checkpoint_only
R1,Drishti_GS,2,198,2,0.7969152268691267,0.7973233995584988,14496,11558,2938,0.9429130133097836,0.04830319544216002,post_hoc_final_checkpoint_only
R1,Drishti_GS,2,199,0,0.7990189270764307,0.7990346810353856,315129,251799,63330,0.9644048145908782,0.00803433638187837,post_hoc_final_checkpoint_only
R1,Drishti_GS,2,199,1,0.7990455121647192,0.799186454820429,28763,22987,5776,0.6393942439776192,0.19480974048702435,post_hoc_final_checkpoint_only
R1,Drishti_GS,2,199,2,0.7989829688831303,0.7993304577351446,15533,12416,3117,0.9429130133097836,0.04830319544216002,post_hoc_final_checkpoint_only
R1,REFUGE,0,0,0,,,0,0,0,0.9906463816245491,0.004521670852145425,post_hoc_final_checkpoint_only
R1,REFUGE,0,0,1,,,0,0,0,0.8338594683700804,0.16018826002819123,post_hoc_final_checkpoint_only
R1,REFUGE,0,0,2,,,0,0,0,0.852765058119056,0.13556664290805417,post_hoc_final_checkpoint_only
R1,REFUGE,0,1,0,,,0,0,0,0.9906463816245491,0.004521670852145425,post_hoc_final_checkpoint_only
R1,REFUGE,0,1,1,,,0,0,0,0.8338594683700804,0.16018826002819123,post_hoc_final_checkpoint_only
R1,REFUGE,0,1,2,,,0,0,0,0.852765058119056,0.13556664290805417,post_hoc_final_checkpoint_only
R1,REFUGE,0,2,0,,,0,0,0,0.9906463816245491,0.004521670852145425,post_hoc_final_checkpoint_only
R1,REFUGE,0,2,1,,,0,0,0,0.8338594683700804,0.16018826002819123,post_hoc_final_checkpoint_only
R1,REFUGE,0,2,2,,,0,0,0,0.852765058119056,0.13556664290805417,post_hoc_final_checkpoint_only
R1,REFUGE,0,3,0,,,0,0,0,0.9906463816245491,0.004521670852145425,post_hoc_final_checkpoint_only
R1,REFUGE,0,3,1,,,0,0,0,0.8338594683700804,0.16018826002819123,post_hoc_final_checkpoint_only
R1,REFUGE,0,3,2,,,0,0,0,0.852765058119056,0.13556664290805417,post_hoc_final_checkpoint_only
R1,REFUGE,0,4,0,,,0,0,0,0.9906463816245491,0.004521670852145425,post_hoc_final_checkpoint_only
R1,REFUGE,0,4,1,,,0,0,0,0.8338594683700804,0.16018826002819123,post_hoc_final_checkpoint_only
R1,REFUGE,0,4,2,,,0,0,0,0.852765058119056,0.13556664290805417,post_hoc_final_checkpoint_only
R1,REFUGE,0,5,0,,,0,0,0,0.9906463816245491,0.004521670852145425,post_hoc_final_checkpoint_only
R1,REFUGE,0,5,1,,,0,0,0,0.8338594683700804,0.16018826002819123,post_hoc_final_checkpoint_only
R1,REFUGE,0,5,2,,,0,0,0,0.852765058119056,0.13556664290805417,post_hoc_final_checkpoint_only
R1,REFUGE,0,6,0,,,0,0,0,0.9906463816245491,0.004521670852145425,post_hoc_final_checkpoint_only
R1,REFUGE,0,6,1,,,0,0,0,0.8338594683700804,0.16018826002819123,post_hoc_final_checkpoint_only
R1,REFUGE,0,6,2,,,0,0,0,0.852765058119056,0.13556664290805417,post_hoc_final_checkpoint_only
R1,REFUGE,0,7,0,,,0,0,0,0.9906463816245491,0.004521670852145425,post_hoc_final_checkpoint_only
R1,REFUGE,0,7,1,,,0,0,0,0.8338594683700804,0.16018826002819123,post_hoc_final_checkpoint_only
R1,REFUGE,0,7,2,,,0,0,0,0.852765058119056,0.13556664290805417,post_hoc_final_checkpoint_only
R1,REFUGE,0,8,0,,,0,0,0,0.9906463816245491,0.004521670852145425,post_hoc_final_checkpoint_only
R1,REFUGE,0,8,1,,,0,0,0,0.8338594683700804,0.16018826002819123,post_hoc_final_checkpoint_only
R1,REFUGE,0,8,2,,,0,0,0,0.852765058119056,0.13556664290805417,post_hoc_final_checkpoint_only
R1,REFUGE,0,9,0,,,0,0,0,0.9906463816245491,0.004521670852145425,post_hoc_final_checkpoint_only
R1,REFUGE,0,9,1,,,0,0,0,0.8338594683700804,0.16018826002819123,post_hoc_final_checkpoint_only
R1,REFUGE,0,9,2,,,0,0,0,0.852765058119056,0.13556664290805417,post_hoc_final_checkpoint_only
R1,REFUGE,0,10,0,,,0,0,0,0.9906463816245491,0.004521670852145425,post_hoc_final_checkpoint_only
R1,REFUGE,0,10,1,,,0,0,0,0.8338594683700804,0.16018826002819123,post_hoc_final_checkpoint_only
R1,REFUGE,0,10,2,,,0,0,0,0.852765058119056,0.13556664290805417,post_hoc_final_checkpoint_only
R1,REFUGE,0,11,0,,,0,0,0,0.9906463816245491,0.004521670852145425,post_hoc_final_checkpoint_only
R1,REFUGE,0,11,1,,,0,0,0,0.8338594683700804,0.16018826002819123,post_hoc_final_checkpoint_only
R1,REFUGE,0,11,2,,,0,0,0,0.852765058119056,0.13556664290805417,post_hoc_final_checkpoint_only
R1,REFUGE,0,12,0,0.4255053533158387,0.42552036992100084,593424,252514,340910,0.9906463816245491,0.004521670852145425,post_hoc_final_checkpoint_only
R1,REFUGE,0,12,1,0.42545868909433415,0.42591566110945295,23453,9989,13464,0.8338594683700804,0.16018826002819123,post_hoc_final_checkpoint_only
R1,REFUGE,0,12,2,0.4254184345354939,0.42768823139765955,4529,1937,2592,0.852765058119056,0.13556664290805417,post_hoc_final_checkpoint_only
R1,REFUGE,0,13,0,0.4269801323764365,0.42699797402551587,1247301,532595,714706,0.9906463816245491,0.004521670852145425,post_hoc_final_checkpoint_only
R1,REFUGE,0,13,1,0.42712603940526506,0.4274498764505333,63942,27332,36610,0.8338594683700804,0.16018826002819123,post_hoc_final_checkpoint_only
R1,REFUGE,0,13,2,0.4271249467837869,0.42799364437382637,20769,8889,11880,0.852765058119056,0.13556664290805417,post_hoc_final_checkpoint_only
R1,REFUGE,0,14,0,0.4289796521824295,0.42899485276743576,1252712,537407,715305,0.9906463816245491,0.004521670852145425,post_hoc_final_checkpoint_only
R1,REFUGE,0,14,1,0.4289579807600677,0.4292014709413266,79133,33964,45169,0.8338594683700804,0.16018826002819123,post_hoc_final_checkpoint_only
R1,REFUGE,0,14,2,0.42889861635605325,0.42956559958977364,27302,11728,15574,0.852765058119056,0.13556664290805417,post_hoc_final_checkpoint_only
R1,REFUGE,0,15,0,0.4309768991268949,0.4309932758310471,1256066,541356,714710,0.9906463816245491,0.004521670852145425,post_hoc_final_checkpoint_only
R1,REFUGE,0,15,1,0.43093350102512834,0.431194594096184,75917,32735,43182,0.8338594683700804,0.16018826002819123,post_hoc_final_checkpoint_only
R1,REFUGE,0,15,2,0.430897558954233,0.4314688781719025,22187,9573,12614,0.852765058119056,0.13556664290805417,post_hoc_final_checkpoint_only
R1,REFUGE,0,16,0,0.4329776870390497,0.4329923770939882,1254902,543363,711539,0.9906463816245491,0.004521670852145425,post_hoc_final_checkpoint_only
R1,REFUGE,0,16,1,0.43300018089723047,0.43319928771065014,84797,36734,48063,0.8338594683700804,0.16018826002819123,post_hoc_final_checkpoint_only
R1,REFUGE,0,16,2,0.43301182103383806,0.43374944117748204,29079,12613,16466,0.852765058119056,0.13556664290805417,post_hoc_final_checkpoint_only
R1,REFUGE,0,17,0,0.4349813568614964,0.43499777686029156,1259480,547871,711609,0.9906463816245491,0.004521670852145425,post_hoc_final_checkpoint_only
R1,REFUGE,0,17,1,0.43497258382025555,0.4351921416476973,89179,38810,50369,0.8338594683700804,0.16018826002819123,post_hoc_final_checkpoint_only
R1,REFUGE,0,17,2,0.43501366567275557,0.4356565292827446,30547,13308,17239,0.852765058119056,0.13556664290805417,post_hoc_final_checkpoint_only
R1,REFUGE,0,18,0,0.4369799559371814,0.43699903968505494,1255838,548800,707038,0.9906463816245491,0.004521670852145425,post_hoc_final_checkpoint_only
R1,REFUGE,0,18,1,0.4369802149785985,0.4372102444074357,88868,38854,50014,0.8338594683700804,0.16018826002819123,post_hoc_final_checkpoint_only
R1,REFUGE,0,18,2,0.43702609607735426,0.4377438231469441,30760,13465,17295,0.852765058119056,0.13556664290805417,post_hoc_final_checkpoint_only
R1,REFUGE,0,19,0,0.4389779348590387,0.4389948818590337,1255534,551173,704361,0.9906463816245491,0.004521670852145425,post_hoc_final_checkpoint_only
R1,REFUGE,0,19,1,0.43898745513430953,0.4392195099029674,85126,37389,47737,0.8338594683700804,0.16018826002819123,post_hoc_final_checkpoint_only
R1,REFUGE,0,19,2,0.4390116549085225,0.43977880841955047,28030,12327,15703,0.852765058119056,0.13556664290805417,post_hoc_final_checkpoint_only
R1,REFUGE,0,20,0,0.4409806547406216,0.44099728704922975,1260620,555930,704690,0.9906463816245491,0.004521670852145425,post_hoc_final_checkpoint_only
R1,REFUGE,0,20,1,0.44097786755915325,0.44119019456772973,92153,40657,51496,0.8338594683700804,0.16018826002819123,post_hoc_final_checkpoint_only
R1,REFUGE,0,20,2,0.44096449364989887,0.4414785716585633,31057,13711,17346,0.852765058119056,0.13556664290805417,post_hoc_final_checkpoint_only
R1,REFUGE,0,21,0,0.44298146167884433,0.44299627727550545,1259830,558100,701730,0.9906463816245491,0.004521670852145425,post_hoc_final_checkpoint_only
R1,REFUGE,0,21,1,0.4429737171963913,0.443207179828102,84236,37334,46902,0.8338594683700804,0.16018826002819123,post_hoc_final_checkpoint_only
R1,REFUGE,0,21,2,0.44299074938966865,0.4436598903083845,30449,13509,16940,0.852765058119056,0.13556664290805417,post_hoc_final_checkpoint_only
R1,REFUGE,0,22,0,0.4449813727761314,0.4449965738124802,1257958,559787,698171,0.9906463816245491,0.004521670852145425,post_hoc_final_checkpoint_only
R1,REFUGE,0,22,1,0.4449724621411891,0.44516287357425605,93723,41722,52001,0.8338594683700804,0.16018826002819123,post_hoc_final_checkpoint_only
R1,REFUGE,0,22,2,0.444963214677929,0.4455892255892256,29700,13234,16466,0.852765058119056,0.13556664290805417,post_hoc_final_checkpoint_only
R1,REFUGE,0,23,0,0.4469817721350795,0.44699641586179917,1257764,562216,695548,0.9906463816245491,0.004521670852145425,post_hoc_final_checkpoint_only
R1,REFUGE,0,23,1,0.44699537192534,0.4472075771007325,85732,38340,47392,0.8338594683700804,0.16018826002819123,post_hoc_final_checkpoint_only
R1,REFUGE,0,23,2,0.44697832167423013,0.44769957393400933,30277,13555,16722,0.852765058119056,0.13556664290805417,post_hoc_final_checkpoint_only
R1,REFUGE,0,24,0,0.4489814927243193,0.4489987074201393,1258723,565165,693558,0.9906463816245491,0.004521670852145425,post_hoc_final_checkpoint_only
R1,REFUGE,0,24,1,0.44896321610977824,0.44916859147683114,91351,41032,50319,0.8338594683700804,0.16018826002819123,post_hoc_final_checkpoint_only
R1,REFUGE,0,24,2,0.44898183231877375,0.4496807636386624,31638,14227,17411,0.852765058119056,0.13556664290805417,post_hoc_final_checkpoint_only
R1,REFUGE,0,25,0,0.4509771177812515,0.45099151802943765,1261853,569085,692768,0.9906463816245491,0.004521670852145425,post_hoc_final_checkpoint_only
R1,REFUGE,0,25,1,0.4510199587335616,0.4512369591055157,90868,41003,49865,0.8338594683700804,0.16018826002819123,post_hoc_final_checkpoint_only
R1,REFUGE,0,25,2,0.45101717217925524,0.4516771276236755,29634,13385,16249,0.852765058119056,0.13556664290805417,post_hoc_final_checkpoint_only
R1,REFUGE,0,26,0,0.45298111183833584,0.4529981132000839,1264045,572610,691435,0.9906463816245491,0.004521670852145425,post_hoc_final_checkpoint_only
R1,REFUGE,0,26,1,0.45298468970697625,0.4532175954668081,88591,40151,48440,0.8338594683700804,0.16018826002819123,post_hoc_final_checkpoint_only
R1,REFUGE,0,26,2,0.4529618851462297,0.45369476173032736,30029,13624,16405,0.852765058119056,0.13556664290805417,post_hoc_final_checkpoint_only
R1,REFUGE,0,27,0,0.45498287871459037,0.4549974424066399,1262906,574619,688287,0.9906463816245491,0.004521670852145425,post_hoc_final_checkpoint_only
R1,REFUGE,0,27,1,0.45497632435201363,0.45519744139215834,92863,42271,50592,0.8338594683700804,0.16018826002819123,post_hoc_final_checkpoint_only
R1,REFUGE,0,27,2,0.45499905167561777,0.45552803422652555,31087,14161,16926,0.852765058119056,0.13556664290805417,post_hoc_final_checkpoint_only
R1,REFUGE,0,28,0,0.4569825267886545,0.4569988234071368,1260419,576010,684409,0.9906463816245491,0.004521670852145425,post_hoc_final_checkpoint_only
R1,REFUGE,0,28,1,0.4569684542528545,0.4571964196701415,92282,42191,50091,0.8338594683700804,0.16018826002819123,post_hoc_final_checkpoint_only
R1,REFUGE,0,28,2,0.4569879750866643,0.4575904582393474,32363,14809,17554,0.852765058119056,0.13556664290805417,post_hoc_final_checkpoint_only
R1,REFUGE,0,29,0,0.45898304924247324,0.45900066935414074,1259423,578076,681347,0.9906463816245491,0.004521670852145425,post_hoc_final_checkpoint_only
R1,REFUGE,0,29,1,0.4589890714457819,0.45919182239258904,93915,43125,50790,0.8338594683700804,0.16018826002819123,post_hoc_final_checkpoint_only
R1,REFUGE,0,29,2,0.4590047534710852,0.45965368769940834,32283,14839,17444,0.852765058119056,0.13556664290805417,post_hoc_final_checkpoint_only
R1,REFUGE,0,30,0,0.4609796165184217,0.460996301557522,1264316,582845,681471,0.9906463816245491,0.004521670852145425,post_hoc_final_checkpoint_only
R1,REFUGE,0,30,1,0.46099913504403256,0.46123202386042483,95891,44228,51663,0.8338594683700804,0.16018826002819123,post_hoc_final_checkpoint_only
R1,REFUGE,0,30,2,0.46099303108365425,0.461477888370921,31748,14651,17097,0.852765058119056,0.13556664290805417,post_hoc_final_checkpoint_only
R1,REFUGE,0,31,0,0.462981648789185,0.4629975114545817,1264996,585690,679306,0.9906463816245491,0.004521670852145425,post_hoc_final_checkpoint_only
R1,REFUGE,0,31,1,0.46300733165827485,0.4632253675337238,94073,43577,50496,0.8338594683700804,0.16018826002819123,post_hoc_final_checkpoint_only
R1,REFUGE,0,31,2,0.46298548596288236,0.46363578110982956,31212,14471,16741,0.852765058119056,0.13556664290805417,post_hoc_final_checkpoint_only
R1,REFUGE,0,32,0,0.464980856812171,0.4649928975921569,1261544,586609,674935,0.9906463816245491,0.004521670852145425,post_hoc_final_checkpoint_only
R1,REFUGE,0,32,1,0.46498842398994,0.46519885608581485,94063,43758,50305,0.8338594683700804,0.16018826002819123,post_hoc_final_checkpoint_only
R1,REFUGE,0,32,2,0.46495720846807553,0.4655740763776589,32156,14971,17185,0.852765058119056,0.13556664290805417,post_hoc_final_checkpoint_only
R1,REFUGE,0,33,0,0.46698328692472324,0.46699853048354467,1260959,588866,672093,0.9906463816245491,0.004521670852145425,post_hoc_final_checkpoint_only
R1,REFUGE,0,33,1,0.46698986928447495,0.46722173075922363,96085,44893,51192,0.8338594683700804,0.16018826002819123,post_hoc_final_checkpoint_only
R1,REFUGE,0,33,2,0.4669824930911853,0.46766184404119665,32624,15257,17367,0.852765058119056,0.13556664290805417,post_hoc_final_checkpoint_only
R1,REFUGE,0,34,0,0.468983637512312,0.46899900674965966,1260508,591177,669331,0.9906463816245491,0.004521670852145425,post_hoc_final_checkpoint_only
R1,REFUGE,0,34,1,0.4689587727597737,0.4691877335448719,95806,44951,50855,0.8338594683700804,0.16018826002819123,post_hoc_final_checkpoint_only
R1,REFUGE,0,34,2,0.4689809342059727,0.4695878153886641,30399,14275,16124,0.852765058119056,0.13556664290805417,post_hoc_final_checkpoint_only
R1,REFUGE,0,35,0,0.47098384768438,0.4710017128719152,1261040,593952,667088,0.9906463816245491,0.004521670852145425,post_hoc_final_checkpoint_only
R1,REFUGE,0,35,1,0.47098298726774074,0.4711746155175393,92592,43627,48965,0.8338594683700804,0.16018826002819123,post_hoc_final_checkpoint_only
R1,REFUGE,0,35,2,0.47097385902251737,0.4716244975171435,33832,15956,17876,0.852765058119056,0.13556664290805417,post_hoc_final_checkpoint_only
R1,REFUGE,0,36,0,0.47298467632132485,0.47299992156322124,1262163,597003,665160,0.9906463816245491,0.004521670852145425,post_hoc_final_checkpoint_only
R1,REFUGE,0,36,1,0.47298033251278165,0.4731598333433971,99366,47016,52350,0.8338594683700804,0.16018826002819123,post_hoc_final_checkpoint_only
R1,REFUGE,0,36,2,0.47302677964428563,0.4735728738733215,32618,15447,17171,0.852765058119056,0.13556664290805417,post_hoc_final_checkpoint_only
R1,REFUGE,0,37,0,0.47498317979115245,0.4749969227467405,1267364,601994,665370,0.9906463816245491,0.004521670852145425,post_hoc_final_checkpoint_only
R1,REFUGE,0,37,1,0.4750092339213905,0.4752020118733509,97024,46106,50918,0.8338594683700804,0.16018826002819123,post_hoc_final_checkpoint_only
R1,REFUGE,0,37,2,0.4749813454066334,0.4756200220164476,30886,14690,16196,0.852765058119056,0.13556664290805417,post_hoc_final_checkpoint_only
R1,REFUGE,0,38,0,0.4769863607928995,0.4770051161397006,1261498,601741,659757,0.9906463816245491,0.004521670852145425,post_hoc_final_checkpoint_only
R1,REFUGE,0,38,1,0.4770000915152353,0.4772149087384914,99056,47271,51785,0.8338594683700804,0.16018826002819123,post_hoc_final_checkpoint_only
R1,REFUGE,0,38,2,0.4769796254409303,0.4775619958171497,33470,15984,17486,0.852765058119056,0.13556664290805417,post_hoc_final_checkpoint_only
R1,REFUGE,0,39,0,0.47898252136267244,0.47899885152437627,1266026,606425,659601,0.9906463816245491,0.004521670852145425,post_hoc_final_checkpoint_only
R1,REFUGE,0,39,1,0.47898071106682705,0.47918856314860353,97999,46960,51039,0.8338594683700804,0.16018826002819123,post_hoc_final_checkpoint_only
R1,REFUGE,0,39,2,0.4789667786422955,0.47955717318774643,32970,15811,17159,0.852765058119056,0.13556664290805417,post_hoc_final_checkpoint_only
R1,REFUGE,0,40,0,0.48098351257447036,0.48100091507633663,1266561,609217,657344,0.9906463816245491,0.004521670852145425,post_hoc_final_checkpoint_only
R1,REFUGE,0,40,1,0.48098403117630806,0.4811883809989408,98184,47245,50939,0.8338594683700804,0.16018826002819123,post_hoc_final_checkpoint_only
R1,REFUGE,0,40,2,0.4810386482295204,0.4816015084111599,33943,16347,17596,0.852765058119056,0.13556664290805417,post_hoc_final_checkpoint_only
R1,REFUGE,0,41,0,0.48298457857757365,0.48300285860834696,1265301,611144,654157,0.9906463816245491,0.004521670852145425,post_hoc_final_checkpoint_only
R1,REFUGE,0,41,1,0.48297659918990477,0.4831455990997093,95969,46367,49602,0.8338594683700804,0.16018826002819123,post_hoc_final_checkpoint_only
R1,REFUGE,0,41,2,0.48299703243888614,0.4836464857341684,31614,15290,16324,0.852765058119056,0.13556664290805417,post_hoc_final_checkpoint_only
R1,REFUGE,0,42,0,0.48498455126495843,0.4849990911892776,1265390,613713,651677,0.9906463816245491,0.004521670852145425,post_hoc_final_checkpoint_only
R1,REFUGE,0,42,1,0.4849649132902403,0.48519974330178084,99728,48388,51340,0.8338594683700804,0.16018826002819123,post_hoc_final_checkpoint_only
R1,REFUGE,0,42,2,0.4850016363376825,0.48555741955162424,32785,15919,16866,0.852765058119056,0.13556664290805417,post_hoc_final_checkpoint_only
R1,REFUGE,0,43,0,0.4869869284235296,0.487000932909571,1264860,615988,648872,0.9906463816245491,0.004521670852145425,post_hoc_final_checkpoint_only
R1,REFUGE,0,43,1,0.4869834084874334,0.48718573080903393,98562,48018,50544,0.8338594683700804,0.16018826002819123,post_hoc_final_checkpoint_only
R1,REFUGE,0,43,2,0.48698036042384085,0.48754545454545456,33000,16089,16911,0.852765058119056,0.13556664290805417,post_hoc_final_checkpoint_only
R1,REFUGE,0,44,0,0.4889873143797873,0.4890042531800049,1265171,618674,646497,0.9906463816245491,0.004521670852145425,post_hoc_final_checkpoint_only
R1,REFUGE,0,44,1,0.488975171684772,0.4891769051967458,96368,47141,49227,0.8338594683700804,0.16018826002819123,post_hoc_final_checkpoint_only
R1,REFUGE,0,44,2,0.4889915344061256,0.4896274155840313,33791,16545,17246,0.852765058119056,0.13556664290805417,post_hoc_final_checkpoint_only
R1,REFUGE,0,45,0,0.4909879982867294,0.49100357104723036,1264335,620793,643542,0.9906463816245491,0.004521670852145425,post_hoc_final_checkpoint_only
R1,REFUGE,0,45,1,0.49095688610276067,0.4911243805345682,98472,48362,50110,0.8338594683700804,0.16018826002819123,post_hoc_final_checkpoint_only
R1,REFUGE,0,45,2,0.49097374435268754,0.4914786511402232,32976,16207,16769,0.852765058119056,0.13556664290805417,post_hoc_final_checkpoint_only
R1,REFUGE,0,46,0,0.49298803998322277,0.49300325823618496,1263874,623094,640780,0.9906463816245491,0.004521670852145425,post_hoc_final_checkpoint_only
R1,REFUGE,0,46,1,0.49295693533223034,0.4931626270920131,98649,48650,49999,0.8338594683700804,0.16018826002819123,post_hoc_final_checkpoint_only
R1,REFUGE,0,46,2,0.49299726473952477,0.49359319801209506,33402,16487,16915,0.852765058119056,0.13556664290805417,post_hoc_final_checkpoint_only
R1,REFUGE,0,47,0,0.4949836138111441,0.49499811256996745,1263623,625491,638132,0.9906463816245491,0.004521670852145425,post_hoc_final_checkpoint_only
R1,REFUGE,0,47,1,0.49501681230154587,0.49522284875243444,98071,48567,49504,0.8338594683700804,0.16018826002819123,post_hoc_final_checkpoint_only
R1,REFUGE,0,47,2,0.4950208112024072,0.4956253370887517,33374,16541,16833,0.852765058119056,0.13556664290805417,post_hoc_final_checkpoint_only
R1,REFUGE,0,48,0,0.4969845006761365,0.496998265454141,1267767,630078,637689,0.9906463816245491,0.004521670852145425,post_hoc_final_checkpoint_only
R1,REFUGE,0,48,1,0.49698149070182973,0.4971759390002824,99148,49294,49854,0.8338594683700804,0.16018826002819123,post_hoc_final_checkpoint_only
R1,REFUGE,0,48,2,0.4969763154794546,0.4975873442462741,32744,16293,16451,0.852765058119056,0.13556664290805417,post_hoc_final_checkpoint_only
R1,REFUGE,0,49,0,0.4989882942034696,0.4990022953521487,1266908,632190,634718,0.9906463816245491,0.004521670852145425,post_hoc_final_checkpoint_only
R1,REFUGE,0,49,1,0.49898465868364034,0.49918441994958235,101155,50495,50660,0.8338594683700804,0.16018826002819123,post_hoc_final_checkpoint_only
R1,REFUGE,0,49,2,0.49898403095868843,0.4995493871665465,33288,16629,16659,0.852765058119056,0.13556664290805417,post_hoc_final_checkpoint_only
R1,REFUGE,0,50,0,0.50098644611924,0.5010001065202211,1267365,634950,632415,0.9906463816245491,0.004521670852145425,post_hoc_final_checkpoint_only
R1,REFUGE,0,50,1,0.5009978365900171,0.5012211725334913,96219,48227,47992,0.8338594683700804,0.16018826002819123,post_hoc_final_checkpoint_only
R1,REFUGE,0,50,2,0.5009897436615283,0.5016714202471861,32607,16358,16249,0.852765058119056,0.13556664290805417,post_hoc_final_checkpoint_only
R1,REFUGE,0,51,0,0.5029905904741319,0.5030059787422497,1264480,636041,628439,0.9906463816245491,0.004521670852145425,post_hoc_final_checkpoint_only
R1,REFUGE,0,51,1,0.5029863254597933,0.5031805444764885,97782,49202,48580,0.8338594683700804,0.16018826002819123,post_hoc_final_checkpoint_only
R1,REFUGE,0,51,2,0.5029912047378166,0.5035386015916365,34053,17147,16906,0.852765058119056,0.13556664290805417,post_hoc_final_checkpoint_only
R1,REFUGE,0,52,0,0.5049880035399839,0.505005348655899,1268543,640621,627922,0.9906463816245491,0.004521670852145425,post_hoc_final_checkpoint_only
R1,REFUGE,0,52,1,0.5050012752248559,0.5052163909714784,100836,50944,49892,0.8338594683700804,0.16018826002819123,post_hoc_final_checkpoint_only
R1,REFUGE,0,52,2,0.5050218465609299,0.5056222325798182,34328,17357,16971,0.852765058119056,0.13556664290805417,post_hoc_final_checkpoint_only
R1,REFUGE,0,53,0,0.5069860914880854,0.5070030671060003,1263732,640716,623016,0.9906463816245491,0.004521670852145425,post_hoc_final_checkpoint_only
R1,REFUGE,0,53,1,0.5069835315647302,0.5072182505891439,100994,51226,49768,0.8338594683700804,0.16018826002819123,post_hoc_final_checkpoint_only
R1,REFUGE,0,53,2,0.507001318782057,0.5075628273792008,33982,17248,16734,0.852765058119056,0.13556664290805417,post_hoc_final_checkpoint_only
R1,REFUGE,0,54,0,0.5089895783518924,0.5090055342066452,1265222,644005,621217,0.9906463816245491,0.004521670852145425,post_hoc_final_checkpoint_only
R1,REFUGE,0,54,1,0.508984808754133,0.5091792170932312,100063,50950,49113,0.8338594683700804,0.16018826002819123,post_hoc_final_checkpoint_only
R1,REFUGE,0,54,2,0.5089853381431134,0.5095410628019323,33120,16876,16244,0.852765058119056,0.13556664290805417,post_hoc_final_checkpoint_only
R1,REFUGE,0,55,0,0.5109919058262468,0.5110070467769969,1270368,649167,621201,0.9906463816245491,0.004521670852145425,post_hoc_final_checkpoint_only
R1,REFUGE,0,55,1,0.510976718412502,0.511193070579627,101134,51699,49435,0.8338594683700804,0.16018826002819123,post_hoc_final_checkpoint_only
R1,REFUGE,0,55,2,0.5110207140503823,0.5116128121913363,35435,18129,17306,0.852765058119056,0.13556664290805417,post_hoc_final_checkpoint_only
R1,REFUGE,0,56,0,0.5129888291134103,0.5130053699999368,1267784,650380,617404,0.9906463816245491,0.004521670852145425,post_hoc_final_checkpoint_only
R1,REFUGE,0,56,1,0.5129937595900431,0.5132141082960755,100650,51655,48995,0.8338594683700804,0.16018826002819123,post_hoc_final_checkpoint_only
R1,REFUGE,0,56,2,0.5129894008678738,0.5135654112983151,32288,16582,15706,0.852765058119056,0.13556664290805417,post_hoc_final_checkpoint_only
R1,REFUGE,0,57,0,0.5149890379968006,0.5150037672481063,1264849,651402,613447,0.9906463816245491,0.004521670852145425,post_hoc_final_checkpoint_only
R1,REFUGE,0,57,1,0.5149930049894741,0.515204807653656,99508,51267,48241,0.8338594683700804,0.16018826002819123,post_hoc_final_checkpoint_only
R1,REFUGE,0,57,2,0.5149619289197588,0.515502752825268,34510,17790,16720,0.852765058119056,0.13556664290805417,post_hoc_final_checkpoint_only
R1,REFUGE,0,58,0,0.5169878869856819,0.5170029109122172,1269018,656086,612932,0.9906463816245491,0.004521670852145425,post_hoc_final_checkpoint_only
R1,REFUGE,0,58,1,0.5170082569113784,0.5172365970598725,100948,52214,48734,0.8338594683700804,0.16018826002819123,post_hoc_final_checkpoint_only
R1,REFUGE,0,58,2,0.5170086712645416,0.5177368124202214,33687,17441,16246,0.852765058119056,0.13556664290805417,post_hoc_final_checkpoint_only
R1,REFUGE,0,59,0,0.518989323197415,0.5190043270225002,1266922,657538,609384,0.9906463816245491,0.004521670852145425,post_hoc_final_checkpoint_only
R1,REFUGE,0,59,1,0.51898225227268,0.5191397892664503,99557,51684,47873,0.8338594683700804,0.16018826002819123,post_hoc_final_checkpoint_only
R1,REFUGE,0,59,2,0.5190082626415208,0.5196110115462584,34037,17686,16351,0.852765058119056,0.13556664290805417,post_hoc_final_checkpoint_only
R1,REFUGE,0,60,0,0.5209887980729828,0.5210037951324814,1263724,658405,605319,0.9906463816245491,0.004521670852145425,post_hoc_final_checkpoint_only
R1,REFUGE,0,60,1,0.5209919754191239,0.5212021286048555,101287,52791,48496,0.8338594683700804,0.16018826002819123,post_hoc_final_checkpoint_only
R1,REFUGE,0,60,2,0.5210152449005515,0.5215091979187398,35171,18342,16829,0.852765058119056,0.13556664290805417,post_hoc_final_checkpoint_only
R1,REFUGE,0,61,0,0.5229893430992754,0.5230045489287892,1267771,663050,604721,0.9906463816245491,0.004521670852145425,post_hoc_final_checkpoint_only
R1,REFUGE,0,61,1,0.5229857652864294,0.523178540408427,99014,51802,47212,0.8338594683700804,0.16018826002819123,post_hoc_final_checkpoint_only
R1,REFUGE,0,61,2,0.5230119692013174,0.5236170212765957,32900,17227,15673,0.852765058119056,0.13556664290805417,post_hoc_final_checkpoint_only
R1,REFUGE,0,62,0,0.5249917156629633,0.5250095771652062,1271253,667420,603833,0.9906463816245491,0.004521670852145425,post_hoc_final_checkpoint_only
R1,REFUGE,0,62,1,0.5249841045215641,0.5251666283612962,100073,52555,47518,0.8338594683700804,0.16018826002819123,post_hoc_final_checkpoint_only
R1,REFUGE,0,62,2,0.5249769843807675,0.5256362113290389,34619,18197,16422,0.852765058119056,0.13556664290805417,post_hoc_final_checkpoint_only
R1,REFUGE,0,63,0,0.5269916043564504,0.5270065783225594,1263544,665896,597648,0.9906463816245491,0.004521670852145425,post_hoc_final_checkpoint_only
R1,REFUGE,0,63,1,0.5269967610796246,0.5271855891588167,102867,54230,48637,0.8338594683700804,0.16018826002819123,post_hoc_final_checkpoint_only
R1,REFUGE,0,63,2,0.5269931191037689,0.527603218417807,34054,17967,16087,0.852765058119056,0.13556664290805417,post_hoc_final_checkpoint_only
R1,REFUGE,0,64,0,0.5289914152615063,0.5290105105862474,1268816,671217,597599,0.9906463816245491,0.004521670852145425,post_hoc_final_checkpoint_only
R1,REFUGE,0,64,1,0.52898359322559,0.5292121903488155,101687,53814,47873,0.8338594683700804,0.16018826002819123,post_hoc_final_checkpoint_only
R1,REFUGE,0,64,2,0.5290046201948893,0.5295459864263983,34184,18102,16082,0.852765058119056,0.13556664290805417,post_hoc_final_checkpoint_only
R1,REFUGE,0,65,0,0.5309932205719866,0.5310087620829925,1273898,676451,597447,0.9906463816245491,0.004521670852145425,post_hoc_final_checkpoint_only
R1,REFUGE,0,65,1,0.5309761182807037,0.5311519411429619,103573,55013,48560,0.8338594683700804,0.16018826002819123,post_hoc_final_checkpoint_only
R1,REFUGE,0,65,2,0.5310096039777971,0.5315951008232224,34863,18533,16330,0.852765058119056,0.13556664290805417,post_hoc_final_checkpoint_only
R1,REFUGE,0,66,0,0.5329892022816115,0.533007555899196,1272648,678331,594317,0.9906463816245491,0.004521670852145425,post_hoc_final_checkpoint_only
R1,REFUGE,0,66,1,0.5330094430122009,0.5332199557257276,105253,56123,49130,0.8338594683700804,0.16018826002819123,post_hoc_final_checkpoint_only
R1,REFUGE,0,66,2,0.5330081105035736,0.5335983179239033,34719,18526,16193,0.852765058119056,0.13556664290805417,post_hoc_final_checkpoint_only
R1,REFUGE,0,67,0,0.5349926830414459,0.5350068381347333,1269352,679112,590240,0.9906463816245491,0.004521670852145425,post_hoc_final_checkpoint_only
R1,REFUGE,0,67,1,0.5349744133177009,0.5351460552516094,103454,55363,48091,0.8338594683700804,0.16018826002819123,post_hoc_final_checkpoint_only
R1,REFUGE,0,67,2,0.5350053703939128,0.5355612435650399,34771,18622,16149,0.852765058119056,0.13556664290805417,post_hoc_final_checkpoint_only
R1,REFUGE,0,68,0,0.5369891057308604,0.5370053393564166,1272438,683306,589132,0.9906463816245491,0.004521670852145425,post_hoc_final_checkpoint_only
R1,REFUGE,0,68,1,0.5370141153028437,0.5371843686399003,102691,55164,47527,0.8338594683700804,0.16018826002819123,post_hoc_final_checkpoint_only
R1,REFUGE,0,68,2,0.5370156426144675,0.5375965040058267,34325,18453,15872,0.852765058119056,0.13556664290805417,post_hoc_final_checkpoint_only
R1,REFUGE,0,69,0,0.5389902036159232,0.5390051601667252,1270114,684598,585516,0.9906463816245491,0.004521670852145425,post_hoc_final_checkpoint_only
R1,REFUGE,0,69,1,0.5390378831893599,0.5392254408657172,105531,56905,48626,0.8338594683700804,0.16018826002819123,post_hoc_final_checkpoint_only
R1,REFUGE,0,69,2,0.5390181192885093,0.5395792852918814,35511,19161,16350,0.852765058119056,0.13556664290805417,post_hoc_final_checkpoint_only
R1,REFUGE,0,70,0,0.5409907580407078,0.5410080644843327,1268153,686081,582072,0.9906463816245491,0.004521670852145425,post_hoc_final_checkpoint_only
R1,REFUGE,0,70,1,0.5410065051580455,0.5411727652751532,104778,56703,48075,0.8338594683700804,0.16018826002819123,post_hoc_final_checkpoint_only
R1,REFUGE,0,70,2,0.5409907359830787,0.541544200768709,35384,19162,16222,0.852765058119056,0.13556664290805417,post_hoc_final_checkpoint_only
R1,REFUGE,0,71,0,0.542993580139055,0.5430100112210932,1276168,692972,583196,0.9906463816245491,0.004521670852145425,post_hoc_final_checkpoint_only
R1,REFUGE,0,71,1,0.5429896855587447,0.5431738566173242,102481,55665,46816,0.8338594683700804,0.16018826002819123,post_hoc_final_checkpoint_only
R1,REFUGE,0,71,2,0.5430180085621154,0.5435982177107616,33889,18422,15467,0.852765058119056,0.13556664290805417,post_hoc_final_checkpoint_only
R1,REFUGE,0,72,0,0.5449926540505483,0.5450096330928403,1271139,692783,578356,0.9906463816245491,0.004521670852145425,post_hoc_final_checkpoint_only
R1,REFUGE,0,72,1,0.5449939625794151,0.5451813360995046,103151,56236,46915,0.8338594683700804,0.16018826002819123,post_hoc_final_checkpoint_only
R1,REFUGE,0,72,2,0.5449969598109915,0.5456762812331604,35259,19240,16019,0.852765058119056,0.13556664290805417,post_hoc_final_checkpoint_only
R1,REFUGE,0,73,0,0.546993733351412,0.5470098573367108,1271946,695767,576179,0.9906463816245491,0.004521670852145425,post_hoc_final_checkpoint_only
R1,REFUGE,0,73,1,0.54698997120309,0.5471868717475159,103959,56885,47074,0.8338594683700804,0.16018826002819123,post_hoc_final_checkpoint_only
R1,REFUGE,0,73,2,0.546980465797898,0.5475204130643612,33312,18239,15073,0.852765058119056,0.13556664290805417,post_hoc_final_checkpoint_only
R1,REFUGE,0,74,0,0.5489946677260829,0.5490116600176832,1265607,694833,570774,0.9906463816245491,0.004521670852145425,post_hoc_final_checkpoint_only
R1,REFUGE,0,74,1,0.5489711360118845,0.5491803278688525,104310,57285,47025,0.8338594683700804,0.16018826002819123,post_hoc_final_checkpoint_only
R1,REFUGE,0,74,2,0.5490093053357656,0.5496189598861067,35823,19689,16134,0.852765058119056,0.13556664290805417,post_hoc_final_checkpoint_only
R1,REFUGE,0,75,0,0.550995096578197,0.5510108401148288,1264839,696940,567899,0.9906463816245491,0.004521670852145425,post_hoc_final_checkpoint_only
R1,REFUGE,0,75,1,0.5509953478587398,0.5511898066442992,103126,56842,46284,0.8338594683700804,0.16018826002819123,post_hoc_final_checkpoint_only
R1,REFUGE,0,75,2,0.5509742658029633,0.5515687140963323,33945,18723,15222,0.852765058119056,0.13556664290805417,post_hoc_final_checkpoint_only
R1,REFUGE,0,76,0,0.5529916837377098,0.5530071003163383,1272056,703456,568600,0.9906463816245491,0.004521670852145425,post_hoc_final_checkpoint_only
R1,REFUGE,0,76,1,0.5530034287112462,0.5532003486007553,103270,57129,46141,0.8338594683700804,0.16018826002819123,post_hoc_final_checkpoint_only
R1,REFUGE,0,76,2,0.5529794661770215,0.5534760122296197,34997,19370,15627,0.852765058119056,0.13556664290805417,post_hoc_final_checkpoint_only
R1,REFUGE,0,77,0,0.5549930741512342,0.5550092519164684,1267305,703366,563939,0.9906463816245491,0.004521670852145425,post_hoc_final_checkpoint_only
R1,REFUGE,0,77,1,0.5549930713058989,0.5551878807586003,104561,58051,46510,0.8338594683700804,0.16018826002819123,post_hoc_final_checkpoint_only
R1,REFUGE,0,77,2,0.5550102076746828,0.5556297156123041,34460,19147,15313,0.852765058119056,0.13556664290805417,post_hoc_final_checkpoint_only
R1,REFUGE,0,78,0,0.5569941374800352,0.5570099393078167,1272322,708696,563626,0.9906463816245491,0.004521670852145425,post_hoc_final_checkpoint_only
R1,REFUGE,0,78,1,0.5570044402076126,0.5572039345261334,105019,58517,46502,0.8338594683700804,0.16018826002819123,post_hoc_final_checkpoint_only
R1,REFUGE,0,78,2,0.5569930144232378,0.5576432579493283,35286,19677,15609,0.852765058119056,0.13556664290805417,post_hoc_final_checkpoint_only
R1,REFUGE,0,79,0,0.5589933765784112,0.5590100531663117,1273927,712138,561789,0.9906463816245491,0.004521670852145425,post_hoc_final_checkpoint_only
R1,REFUGE,0,79,1,0.5590170971167125,0.5591945917027382,102805,57488,45317,0.8338594683700804,0.16018826002819123,post_hoc_final_checkpoint_only
R1,REFUGE,0,79,2,0.5589846092190621,0.559540970632296,35379,19796,15583,0.852765058119056,0.13556664290805417,post_hoc_final_checkpoint_only
R1,REFUGE,0,80,0,0.560996986795858,0.5610115000353726,1272170,713702,558468,0.9906463816245491,0.004521670852145425,post_hoc_final_checkpoint_only
R1,REFUGE,0,80,1,0.5609832220870344,0.5611602724853236,104079,58405,45674,0.8338594683700804,0.16018826002819123,post_hoc_final_checkpoint_only
R1,REFUGE,0,80,2,0.5609974006393027,0.5615564291004387,35106,19714,15392,0.852765058119056,0.13556664290805417,post_hoc_final_checkpoint_only
R1,REFUGE,0,81,0,0.5629969510592808,0.5630144279317976,1273502,717000,556502,0.9906463816245491,0.004521670852145425,post_hoc_final_checkpoint_only
R1,REFUGE,0,81,1,0.563000762857855,0.5632188292738751,104858,59058,45800,0.8338594683700804,0.16018826002819123,post_hoc_final_checkpoint_only
R1,REFUGE,0,81,2,0.5630138642284571,0.5635918642923453,35547,20034,15513,0.852765058119056,0.13556664290805417,post_hoc_final_checkpoint_only
R1,REFUGE,0,82,0,0.56499480870969,0.5650117124397362,1270871,718057,552814,0.9906463816245491,0.004521670852145425,post_hoc_final_checkpoint_only
R1,REFUGE,0,82,1,0.5649896291249259,0.5652052067529305,103481,58488,44993,0.8338594683700804,0.16018826002819123,post_hoc_final_checkpoint_only
R1,REFUGE,0,82,2,0.564997661661354,0.5655624665784807,35531,20095,15436,0.852765058119056,0.13556664290805417,post_hoc_final_checkpoint_only
R1,REFUGE,0,83,0,0.5669947235866636,0.5670091032755825,1265149,717351,547798,0.9906463816245491,0.004521670852145425,post_hoc_final_checkpoint_only
R1,REFUGE,0,83,1,0.5669873021707137,0.5671608591793116,103401,58645,44756,0.8338594683700804,0.16018826002819123,post_hoc_final_checkpoint_only
R1,REFUGE,0,83,2,0.567004369272384,0.5675069550899904,35226,19991,15235,0.852765058119056,0.13556664290805417,post_hoc_final_checkpoint_only
R1,REFUGE,0,84,0,0.5689957854861274,0.5690119642491211,1268780,721951,546829,0.9906463816245491,0.004521670852145425,post_hoc_final_checkpoint_only
R1,REFUGE,0,84,1,0.5690221174451844,0.5692144745024875,102912,58579,44333,0.8338594683700804,0.16018826002819123,post_hoc_final_checkpoint_only
R1,REFUGE,0,84,2,0.5689696445818605,0.5696409608816692,34843,19848,14995,0.852765058119056,0.13556664290805417,post_hoc_final_checkpoint_only
R1,REFUGE,0,85,0,0.5709960969090443,0.5710132394100443,1271960,726306,545654,0.9906463816245491,0.004521670852145425,post_hoc_final_checkpoint_only
R1,REFUGE,0,85,1,0.5709781600732501,0.5711669383449995,104290,59567,44723,0.8338594683700804,0.16018826002819123,post_hoc_final_checkpoint_only
R1,REFUGE,0,85,2,0.571001534961756,0.5715831743229004,35113,20070,15043,0.852765058119056,0.13556664290805417,post_hoc_final_checkpoint_only
R1,REFUGE,0,86,0,0.5730010230809256,0.5730180653437373,1270665,728114,542551,0.9906463816245491,0.004521670852145425,post_hoc_final_checkpoint_only
R1,REFUGE,0,86,1,0.5729852377183462,0.5731945034160651,103628,59399,44229,0.8338594683700804,0.16018826002819123,post_hoc_final_checkpoint_only
R1,REFUGE,0,86,2,0.5729432821248425,0.5736192847442282,35344,20274,15070,0.852765058119056,0.13556664290805417,post_hoc_final_checkpoint_only
R1,REFUGE,0,87,0,0.5749979240284768,0.5750145367847627,1269194,729805,539389,0.9906463816245491,0.004521670852145425,post_hoc_final_checkpoint_only
R1,REFUGE,0,87,1,0.5749952577307824,0.575211121465697,104087,59872,44215,0.8338594683700804,0.16018826002819123,post_hoc_final_checkpoint_only
R1,REFUGE,0,87,2,0.574999792319373,0.5755183170913508,36223,20847,15376,0.852765058119056,0.13556664290805417,post_hoc_final_checkpoint_only
R1,REFUGE,0,88,0,0.5769934574615532,0.577010701158919,1272479,734234,538245,0.9906463816245491,0.004521670852145425,post_hoc_final_checkpoint_only
R1,REFUGE,0,88,1,0.5770241850532273,0.577230982174588,106926,61721,45205,0.8338594683700804,0.16018826002819123,post_hoc_final_checkpoint_only
R1,REFUGE,0,88,2,0.5770060124345538,0.5775675142913463,35511,20510,15001,0.852765058119056,0.13556664290805417,post_hoc_final_checkpoint_only
R1,REFUGE,0,89,0,0.5789969939235717,0.5790137919849342,1270158,735439,534719,0.9906463816245491,0.004521670852145425,post_hoc_final_checkpoint_only
R1,REFUGE,0,89,1,0.5790036765170984,0.5791791986028912,103070,59696,43374,0.8338594683700804,0.16018826002819123,post_hoc_final_checkpoint_only
R1,REFUGE,0,89,2,0.5790009064510051,0.5795277376194121,35277,20444,14833,0.852765058119056,0.13556664290805417,post_hoc_final_checkpoint_only
R1,REFUGE,0,90,0,0.5809967868643695,0.5810120957168003,1273674,740020,533654,0.9906463816245491,0.004521670852145425,post_hoc_final_checkpoint_only
R1,REFUGE,0,90,1,0.5810004456976614,0.5812128237775793,105242,61168,44074,0.8338594683700804,0.16018826002819123,post_hoc_final_checkpoint_only
R1,REFUGE,0,90,2,0.5810033169699319,0.5815126050420169,36295,21106,15189,0.852765058119056,0.13556664290805417,post_hoc_final_checkpoint_only
R1,REFUGE,0,91,0,0.5829957720708377,0.5830103318426381,1268312,739439,528873,0.9906463816245491,0.004521670852145425,post_hoc_final_checkpoint_only
R1,REFUGE,0,91,1,0.5829962353604903,0.5831814292623042,107524,62706,44818,0.8338594683700804,0.16018826002819123,post_hoc_final_checkpoint_only
R1,REFUGE,0,91,2,0.583014270113801,0.5835668369869788,36402,21243,15159,0.852765058119056,0.13556664290805417,post_hoc_final_checkpoint_only
R1,REFUGE,0,92,0,0.584996750813787,0.5850118369370579,1272711,744551,528160,0.9906463816245491,0.004521670852145425,post_hoc_final_checkpoint_only
R1,REFUGE,0,92,1,0.5850262963545895,0.5852169468423444,105648,61827,43821,0.8338594683700804,0.16018826002819123,post_hoc_final_checkpoint_only
R1,REFUGE,0,92,2,0.584990236858324,0.5856278450094371,36028,21099,14929,0.852765058119056,0.13556664290805417,post_hoc_final_checkpoint_only
R1,REFUGE,0,93,0,0.5869978295691215,0.5870131014536539,1271004,746096,524908,0.9906463816245491,0.004521670852145425,post_hoc_final_checkpoint_only
R1,REFUGE,0,93,1,0.587003496813074,0.5871988051461899,105787,62118,43669,0.8338594683700804,0.16018826002819123,post_hoc_final_checkpoint_only
R1,REFUGE,0,93,2,0.5869967153280998,0.5875590113857262,36010,21158,14852,0.852765058119056,0.13556664290805417,post_hoc_final_checkpoint_only
R1,REFUGE,0,94,0,0.5889989717270165,0.5890180794358293,1273657,750207,523450,0.9906463816245491,0.004521670852145425,post_hoc_final_checkpoint_only
R1,REFUGE,0,94,1,0.5889863524709008,0.5891911184581282,106468,62730,43738,0.8338594683700804,0.16018826002819123,post_hoc_final_checkpoint_only
R1,REFUGE,0,94,2,0.5889854624831659,0.5895599890680514,36590,21572,15018,0.852765058119056,0.13556664290805417,post_hoc_final_checkpoint_only
R1,REFUGE,0,95,0,0.5909976188760984,0.5910137380412456,1273544,752682,520862,0.9906463816245491,0.004521670852145425,post_hoc_final_checkpoint_only
R1,REFUGE,0,95,1,0.5909986326001923,0.5911704273407604,106098,62722,43376,0.8338594683700804,0.16018826002819123,post_hoc_final_checkpoint_only
R1,REFUGE,0,95,2,0.5910092318725327,0.5915720779764063,35857,21212,14645,0.852765058119056,0.13556664290805417,post_hoc_final_checkpoint_only
R1,REFUGE,0,96,0,0.5929999959253247,0.5930148633615705,1274678,755903,518775,0.9906463816245491,0.004521670852145425,post_hoc_final_checkpoint_only
R1,REFUGE,0,96,1,0.5929971957104391,0.5931846192926832,106289,63049,43240,0.8338594683700804,0.16018826002819123,post_hoc_final_checkpoint_only
R1,REFUGE,0,96,2,0.5929887729985781,0.5935476791396905,36452,21636,14816,0.852765058119056,0.13556664290805417,post_hoc_final_checkpoint_only
R1,REFUGE,0,97,0,0.5950013920889696,0.5950159360890944,1272897,757394,515503,0.9906463816245491,0.004521670852145425,post_hoc_final_checkpoint_only
R1,REFUGE,0,97,1,0.5949783426236035,0.5951631527974373,107384,63911,43473,0.8338594683700804,0.16018826002819123,post_hoc_final_checkpoint_only
R1,REFUGE,0,97,2,0.5949986123668386,0.5955588616139075,36297,21617,14680,0.852765058119056,0.13556664290805417,post_hoc_final_checkpoint_only
R1,REFUGE,0,98,0,0.5970007369837569,0.5970150307463129,1274787,761067,513720,0.9906463816245491,0.004521670852145425,post_hoc_final_checkpoint_only
R1,REFUGE,0,98,1,0.5969912913655436,0.597206735584828,105826,63200,42626,0.8338594683700804,0.16018826002819123,post_hoc_final_checkpoint_only
R1,REFUGE,0,98,2,0.5969984866956768,0.5975448640317076,36332,21710,14622,0.852765058119056,0.13556664290805417,post_hoc_final_checkpoint_only
R1,REFUGE,0,99,0,0.599001518752855,0.5990183040963692,1273103,762612,510491,0.9906463816245491,0.004521670852145425,post_hoc_final_checkpoint_only
R1,REFUGE,0,99,1,0.5989814428587793,0.5991524722623107,108787,65180,43607,0.8338594683700804,0.16018826002819123,post_hoc_final_checkpoint_only
R1,REFUGE,0,99,2,0.599013479917766,0.59962256926401,36563,21924,14639,0.852765058119056,0.13556664290805417,post_hoc_final_checkpoint_only
R1,REFUGE,0,100,0,0.6009991840011889,0.6010134575804916,1274449,765961,508488,0.9906463816245491,0.004521670852145425,post_hoc_final_checkpoint_only
R1,REFUGE,0,100,1,0.6010115897735382,0.6011965920766692,109979,66119,43860,0.8338594683700804,0.16018826002819123,post_hoc_final_checkpoint_only
R1,REFUGE,0,100,2,0.6010103900174524,0.6014651038891848,37540,22579,14961,0.852765058119056,0.13556664290805417,post_hoc_final_checkpoint_only
R1,REFUGE,0,101,0,0.602998379666514,0.6030128265733825,1269240,765368,503872,0.9906463816245491,0.004521670852145425,post_hoc_final_checkpoint_only
R1,REFUGE,0,101,1,0.6029953656697663,0.603181991677295,107417,64792,42625,0.8338594683700804,0.16018826002819123,post_hoc_final_checkpoint_only
R1,REFUGE,0,101,2,0.6029933333063904,0.6034830825549783,37151,22420,14731,0.852765058119056,0.13556664290805417,post_hoc_final_checkpoint_only
R1,REFUGE,0,102,0,0.6050008965699755,0.605015271843537,1270639,768756,501883,0.9906463816245491,0.004521670852145425,post_hoc_final_checkpoint_only
R1,REFUGE,0,102,1,0.6050010073075555,0.6051818985092778,105251,63696,41555,0.8338594683700804,0.16018826002819123,post_hoc_final_checkpoint_only
R1,REFUGE,0,102,2,0.6049734961473305,0.6055297243440717,36132,21879,14253,0.852765058119056,0.13556664290805417,post_hoc_final_checkpoint_only
R1,REFUGE,0,103,0,0.6070019160316807,0.6070163236371333,1270979,771505,499474,0.9906463816245491,0.004521670852145425,post_hoc_final_checkpoint_only
R1,REFUGE,0,103,1,0.6069905403808653,0.607180310228796,109661,66584,43077,0.8338594683700804,0.16018826002819123,post_hoc_final_checkpoint_only
R1,REFUGE,0,103,2,0.6070029297894676,0.6075184301821336,36896,22415,14481,0.852765058119056,0.13556664290805417,post_hoc_final_checkpoint_only
R1,REFUGE,0,104,0,0.6089999146305162,0.6090152212145679,1278216,778453,499763,0.9906463816245491,0.004521670852145425,post_hoc_final_checkpoint_only
R1,REFUGE,0,104,1,0.6090098146877627,0.6091818496579733,106863,65099,41764,0.8338594683700804,0.16018826002819123,post_hoc_final_checkpoint_only
R1,REFUGE,0,104,2,0.6089865644342733,0.609558352890975,37496,22856,14640,0.852765058119056,0.13556664290805417,post_hoc_final_checkpoint_only
R1,REFUGE,0,105,0,0.6110017974882901,0.6110158857797622,1275921,779608,496313,0.9906463816245491,0.004521670852145425,post_hoc_final_checkpoint_only
R1,REFUGE,0,105,1,0.6110022666459017,0.6111669084551575,107532,65720,41812,0.8338594683700804,0.16018826002819123,post_hoc_final_checkpoint_only
R1,REFUGE,0,105,2,0.610994378779231,0.611534100113397,37038,22650,14388,0.852765058119056,0.13556664290805417,post_hoc_final_checkpoint_only
R1,REFUGE,0,106,0,0.6130015946366696,0.6130157178269456,1270341,778739,491602,0.9906463816245491,0.004521670852145425,post_hoc_final_checkpoint_only
R1,REFUGE,0,106,1,0.6129873862280274,0.6131542832932682,108573,66572,42001,0.8338594683700804,0.16018826002819123,post_hoc_final_checkpoint_only
R1,REFUGE,0,106,2,0.6130004051399575,0.6134680318048142,36724,22529,14195,0.852765058119056,0.13556664290805417,post_hoc_final_checkpoint_only
R1,REFUGE,0,107,0,0.61500429193697,0.6150210720701006,1270402,781324,489078,0.9906463816245491,0.004521670852145425,post_hoc_final_checkpoint_only
R1,REFUGE,0,107,1,0.6149952635861756,0.6151726045075356,108485,66737,41748,0.8338594683700804,0.16018826002819123,post_hoc_final_checkpoint_only
R1,REFUGE,0,107,2,0.6149860155002063,0.615423548215237,37540,23103,14437,0.852765058119056,0.13556664290805417,post_hoc_final_checkpoint_only
R1,REFUGE,0,108,0,0.6170051984511323,0.6170219108426155,1274757,786553,488204,0.9906463816245491,0.004521670852145425,post_hoc_final_checkpoint_only
R1,REFUGE,0,108,1,0.6169792759916133,0.617146056278566,108958,67243,41715,0.8338594683700804,0.16018826002819123,post_hoc_final_checkpoint_only
R1,REFUGE,0,108,2,0.6169802504881208,0.6175766683363945,35934,22192,13742,0.852765058119056,0.13556664290805417,post_hoc_final_checkpoint_only
R1,REFUGE,0,109,0,0.6190014222523939,0.6190156285642839,1275677,789664,486013,0.9906463816245491,0.004521670852145425,post_hoc_final_checkpoint_only
R1,REFUGE,0,109,1,0.6189989291426863,0.6191648911148621,108417,67128,41289,0.8338594683700804,0.16018826002819123,post_hoc_final_checkpoint_only
R1,REFUGE,0,109,2,0.619007417624936,0.6196117416397426,36213,22438,13775,0.852765058119056,0.13556664290805417,post_hoc_final_checkpoint_only
R1,REFUGE,0,110,0,0.6210016590571351,0.6210180796470306,1275578,792157,483421,0.9906463816245491,0.004521670852145425,post_hoc_final_checkpoint_only
R1,REFUGE,0,110,1,0.6209922000918018,0.6211873840445269,107800,66964,40836,0.8338594683700804,0.16018826002819123,post_hoc_final_checkpoint_only
R1,REFUGE,0,110,2,0.621008880306359,0.6215120182623876,37235,23142,14093,0.852765058119056,0.13556664290805417,post_hoc_final_checkpoint_only
R1,REFUGE,0,111,0,0.6230032115877725,0.6230188985063894,1270947,791824,479123,0.9906463816245491,0.004521670852145425,post_hoc_final_checkpoint_only
R1,REFUGE,0,111,1,0.6230106174580028,0.6231707317073171,108240,67452,40788,0.8338594683700804,0.16018826002819123,post_hoc_final_checkpoint_only
R1,REFUGE,0,111,2,0.6229832457716079,0.6234833029099108,37252,23226,14026,0.852765058119056,0.13556664290805417,post_hoc_final_checkpoint_only
R1,REFUGE,0,112,0,0.6250037077906498,0.6250201911058767,1275314,797097,478217,0.9906463816245491,0.004521670852145425,post_hoc_final_checkpoint_only
R1,REFUGE,0,112,1,0.6249915970922861,0.6252115787359784,104571,65379,39192,0.8338594683700804,0.16018826002819123,post_hoc_final_checkpoint_only
R1,REFUGE,0,112,2,0.6249924971089064,0.6255003015516202,36478,22817,13661,0.852765058119056,0.13556664290805417,post_hoc_final_checkpoint_only
R1,REFUGE,0,113,0,0.6270032624275838,0.6270172515200797,1273453,798477,474976,0.9906463816245491,0.004521670852145425,post_hoc_final_checkpoint_only
R1,REFUGE,0,113,1,0.6269997387438989,0.6271884468150728,110238,69140,41098,0.8338594683700804,0.16018826002819123,post_hoc_final_checkpoint_only
R1,REFUGE,0,113,2,0.6270005596861954,0.6275902083218213,36194,22715,13479,0.852765058119056,0.13556664290805417,post_hoc_final_checkpoint_only
R1,REFUGE,0,114,0,0.6290024261956447,0.6290165484819112,1274135,801452,472683,0.9906463816245491,0.004521670852145425,post_hoc_final_checkpoint_only
R1,REFUGE,0,114,1,0.6290073598707505,0.6292231146227382,107326,67532,39794,0.8338594683700804,0.16018826002819123,post_hoc_final_checkpoint_only
R1,REFUGE,0,114,2,0.628993629986583,0.6295220420129644,37179,23405,13774,0.852765058119056,0.13556664290805417,post_hoc_final_checkpoint_only
R1,REFUGE,0,115,0,0.6310056692537037,0.6310214624678979,1276787,805680,471107,0.9906463816245491,0.004521670852145425,post_hoc_final_checkpoint_only
R1,REFUGE,0,115,1,0.6309951321942142,0.6311761815501647,109898,69365,40533,0.8338594683700804,0.16018826002819123,post_hoc_final_checkpoint_only
R1,REFUGE,0,115,2,0.6310096002498642,0.6315484499697105,37967,23978,13989,0.852765058119056,0.13556664290805417,post_hoc_final_checkpoint_only
R1,REFUGE,0,116,0,0.6330026218886762,0.6330181189325158,1272150,805294,466856,0.9906463816245491,0.004521670852145425,post_hoc_final_checkpoint_only
R1,REFUGE,0,116,1,0.6330213096123992,0.6331858286461978,110053,69684,40369,0.8338594683700804,0.16018826002819123,post_hoc_final_checkpoint_only
R1,REFUGE,0,116,2,0.6330052001180999,0.6336170212765957,37600,23824,13776,0.852765058119056,0.13556664290805417,post_hoc_final_checkpoint_only
R1,REFUGE,0,117,0,0.6350040094442235,0.6350201996225644,1276509,810609,465900,0.9906463816245491,0.004521670852145425,post_hoc_final_checkpoint_only
R1,REFUGE,0,117,1,0.6349899738507166,0.6351579389041421,109631,69633,39998,0.8338594683700804,0.16018826002819123,post_hoc_final_checkpoint_only
R1,REFUGE,0,117,2,0.6350068521930128,0.6355152646313825,37505,23835,13670,0.852765058119056,0.13556664290805417,post_hoc_final_checkpoint_only
R1,REFUGE,0,118,0,0.6370054528626896,0.6370208146386461,1274872,812120,462752,0.9906463816245491,0.004521670852145425,post_hoc_final_checkpoint_only
R1,REFUGE,0,118,1,0.6370064065194605,0.6371984449934602,110096,70153,39943,0.8338594683700804,0.16018826002819123,post_hoc_final_checkpoint_only
R1,REFUGE,0,118,2,0.6370330978523449,0.6375790760725107,37622,23987,13635,0.852765058119056,0.13556664290805417,post_hoc_final_checkpoint_only
R1,REFUGE,0,119,0,0.6390057631671325,0.6390212896188585,1274330,814324,460006,0.9906463816245491,0.004521670852145425,post_hoc_final_checkpoint_only
R1,REFUGE,0,119,1,0.638995513177772,0.6391909250447777,110546,70660,39886,0.8338594683700804,0.16018826002819123,post_hoc_final_checkpoint_only
R1,REFUGE,0,119,2,0.6389989640790672,0.6395299820845189,37956,24274,13682,0.852765058119056,0.13556664290805417,post_hoc_final_checkpoint_only
R1,REFUGE,0,120,0,0.6410038722196938,0.6410188259957742,1271699,815183,456516,0.9906463816245491,0.004521670852145425,post_hoc_final_checkpoint_only
R1,REFUGE,0,120,1,0.6410083623651117,0.6411838813927587,109538,70234,39304,0.8338594683700804,0.16018826002819123,post_hoc_final_checkpoint_only
R1,REFUGE,0,120,2,0.6410046470163042,0.64159645942199,37508,24065,13443,0.852765058119056,0.13556664290805417,post_hoc_final_checkpoint_only
R1,REFUGE,0,121,0,0.6430055447504226,0.6430206165177016,1274124,819288,454836,0.9906463816245491,0.004521670852145425,post_hoc_final_checkpoint_only
R1,REFUGE,0,121,1,0.6430093671672298,0.6431960319171879,111288,71580,39708,0.8338594683700804,0.16018826002819123,post_hoc_final_checkpoint_only
R1,REFUGE,0,121,2,0.6430290453673253,0.6436145084247546,38102,24523,13579,0.852765058119056,0.13556664290805417,post_hoc_final_checkpoint_only
R1,REFUGE,0,122,0,0.6450064510004531,0.6450224506815301,1273458,821409,452049,0.9906463816245491,0.004521670852145425,post_hoc_final_checkpoint_only
R1,REFUGE,0,122,1,0.6450039052256726,0.6452071928361672,110332,71187,39145,0.8338594683700804,0.16018826002819123,post_hoc_final_checkpoint_only
R1,REFUGE,0,122,2,0.6449968704452727,0.6454013108413023,37228,24027,13201,0.852765058119056,0.13556664290805417,post_hoc_final_checkpoint_only
R1,REFUGE,0,123,0,0.6470069739329499,0.647024703286629,1274041,824336,449705,0.9906463816245491,0.004521670852145425,post_hoc_final_checkpoint_only
R1,REFUGE,0,123,1,0.6469911733204358,0.6471897607122983,111414,72106,39308,0.8338594683700804,0.16018826002819123,post_hoc_final_checkpoint_only
R1,REFUGE,0,123,2,0.6470146901702998,0.6475448290241869,38368,24845,13523,0.852765058119056,0.13556664290805417,post_hoc_final_checkpoint_only
R1,REFUGE,0,124,0,0.649004245761828,0.6490197261076598,1276633,828560,448073,0.9906463816245491,0.004521670852145425,post_hoc_final_checkpoint_only
R1,REFUGE,0,124,1,0.649019148413872,0.6492245278954548,111416,72334,39082,0.8338594683700804,0.16018826002819123,post_hoc_final_checkpoint_only
R1,REFUGE,0,124,2,0.649013674043285,0.6495541094239575,37341,24255,13086,0.852765058119056,0.13556664290805417,post_hoc_final_checkpoint_only
R1,REFUGE,0,125,0,0.6510048997934476,0.6510202238011634,1273005,828752,444253,0.9906463816245491,0.004521670852145425,post_hoc_final_checkpoint_only
R1,REFUGE,0,125,1,0.6510112952750852,0.651193429098409,110061,71671,38390,0.8338594683700804,0.16018826002819123,post_hoc_final_checkpoint_only
R1,REFUGE,0,125,2,0.6510132723974792,0.6514461306234669,37099,24168,12931,0.852765058119056,0.13556664290805417,post_hoc_final_checkpoint_only
R1,REFUGE,0,126,0,0.6530050064390601,0.6530210951518985,1273942,831911,442031,0.9906463816245491,0.004521670852145425,post_hoc_final_checkpoint_only
R1,REFUGE,0,126,1,0.6530083012033361,0.6531767343875734,110601,72242,38359,0.8338594683700804,0.16018826002819123,post_hoc_final_checkpoint_only
R1,REFUGE,0,126,2,0.6530249223897475,0.6536069306380852,36014,23539,12475,0.852765058119056,0.13556664290805417,post_hoc_final_checkpoint_only
R1,REFUGE,0,127,0,0.655007001345288,0.655023993408888,1272016,833201,438815,0.9906463816245491,0.004521670852145425,post_hoc_final_checkpoint_only
R1,REFUGE,0,127,1,0.6550021032076011,0.6551895621038545,110597,72462,38135,0.8338594683700804,0.16018826002819123,post_hoc_final_checkpoint_only
R1,REFUGE,0,127,2,0.6550016790835834,0.655517578125,36864,24165,12699,0.852765058119056,0.13556664290805417,post_hoc_final_checkpoint_only
R1,REFUGE,0,128,0,0.6570067139294888,0.6570205839561005,1279103,840397,438706,0.9906463816245491,0.004521670852145425,post_hoc_final_checkpoint_only
R1,REFUGE,0,128,1,0.657004327586938,0.657179842145952,111242,73106,38136,0.8338594683700804,0.16018826002819123,post_hoc_final_checkpoint_only
R1,REFUGE,0,128,2,0.6570134015914801,0.6575506298835911,37626,24741,12885,0.852765058119056,0.13556664290805417,post_hoc_final_checkpoint_only
R1,REFUGE,0,129,0,0.6590086472726763,0.6590241829105128,1272841,838833,434008,0.9906463816245491,0.004521670852145425,post_hoc_final_checkpoint_only
R1,REFUGE,0,129,1,0.6590163673857325,0.6592049609290989,111592,73562,38030,0.8338594683700804,0.16018826002819123,post_hoc_final_checkpoint_only
R1,REFUGE,0,129,2,0.6589869595142048,0.6594966268811624,38540,25417,13123,0.852765058119056,0.13556664290805417,post_hoc_final_checkpoint_only
R1,REFUGE,0,130,0,0.6610067884991271,0.6610227116052292,1276528,843814,432714,0.9906463816245491,0.004521670852145425,post_hoc_final_checkpoint_only
R1,REFUGE,0,130,1,0.6610243127944092,0.6612101750861079,111488,73717,37771,0.8338594683700804,0.16018826002819123,post_hoc_final_checkpoint_only
R1,REFUGE,0,130,2,0.6609762722527122,0.6614076041750516,37269,24650,12619,0.852765058119056,0.13556664290805417,post_hoc_final_checkpoint_only
R1,REFUGE,0,131,0,0.6630094272224181,0.6630236251347907,1275125,845438,429687,0.9906463816245491,0.004521670852145425,post_hoc_final_checkpoint_only
R1,REFUGE,0,131,1,0.6630042207475688,0.663160469667319,110376,73197,37179,0.8338594683700804,0.16018826002819123,post_hoc_final_checkpoint_only
R1,REFUGE,0,131,2,0.6630078611105389,0.6635390189822076,36982,24539,12443,0.852765058119056,0.13556664290805417,post_hoc_final_checkpoint_only
R1,REFUGE,0,132,0,0.6650070123277378,0.6650253975506933,1278076,849953,428123,0.9906463816245491,0.004521670852145425,post_hoc_final_checkpoint_only
R1,REFUGE,0,132,1,0.6650122361797421,0.6652077601915038,111956,74474,37482,0.8338594683700804,0.16018826002819123,post_hoc_final_checkpoint_only
R1,REFUGE,0,132,2,0.6650123897203374,0.6655190401669275,38340,25516,12824,0.852765058119056,0.13556664290805417,post_hoc_final_checkpoint_only
R1,REFUGE,0,133,0,0.6670072393799787,0.6670203663575912,1275093,850513,424580,0.9906463816245491,0.004521670852145425,post_hoc_final_checkpoint_only
R1,REFUGE,0,133,1,0.6670003217014647,0.6671757477312052,113276,75575,37701,0.8338594683700804,0.16018826002819123,post_hoc_final_checkpoint_only
R1,REFUGE,0,133,2,0.667035653845701,0.6675370795905577,38296,25564,12732,0.852765058119056,0.13556664290805417,post_hoc_final_checkpoint_only
R1,REFUGE,0,134,0,0.6690068869960962,0.6690211748666066,1273302,851866,421436,0.9906463816245491,0.004521670852145425,post_hoc_final_checkpoint_only
R1,REFUGE,0,134,1,0.6690106319180799,0.6691974066621954,111825,74833,36992,0.8338594683700804,0.16018826002819123,post_hoc_final_checkpoint_only
R1,REFUGE,0,134,2,0.6690182536257895,0.6694354838709677,37200,24903,12297,0.852765058119056,0.13556664290805417,post_hoc_final_checkpoint_only
R1,REFUGE,0,135,0,0.6710069024309405,0.671022133185031,1274873,855468,419405,0.9906463816245491,0.004521670852145425,post_hoc_final_checkpoint_only
R1,REFUGE,0,135,1,0.6710268357488473,0.6712170993893075,112004,75179,36825,0.8338594683700804,0.16018826002819123,post_hoc_final_checkpoint_only
R1,REFUGE,0,135,2,0.6709834940215109,0.6714688461836898,38663,25961,12702,0.852765058119056,0.13556664290805417,post_hoc_final_checkpoint_only
R1,REFUGE,0,136,0,0.6730064999932202,0.6730231205696053,1272460,856395,416065,0.9906463816245491,0.004521670852145425,post_hoc_final_checkpoint_only
R1,REFUGE,0,136,1,0.6730221068856332,0.6731943283072137,111219,74872,36347,0.8338594683700804,0.16018826002819123,post_hoc_final_checkpoint_only
R1,REFUGE,0,136,2,0.6730154668578006,0.6735792942689495,37323,25140,12183,0.852765058119056,0.13556664290805417,post_hoc_final_checkpoint_only
R1,REFUGE,0,137,0,0.6750093699496383,0.675024945300902,1273787,859838,413949,0.9906463816245491,0.004521670852145425,post_hoc_final_checkpoint_only
R1,REFUGE,0,137,1,0.67502221794228,0.6752354471253027,111490,75282,36208,0.8338594683700804,0.16018826002819123,post_hoc_final_checkpoint_only
R1,REFUGE,0,137,2,0.6750200471110411,0.6755964949324325,37888,25597,12291,0.852765058119056,0.13556664290805417,post_hoc_final_checkpoint_only
R1,REFUGE,0,138,0,0.6770094222229832,0.6770235311695494,1278347,865471,412876,0.9906463816245491,0.004521670852145425,post_hoc_final_checkpoint_only
R1,REFUGE,0,138,1,0.6770020058337585,0.6771729091381892,111521,75519,36002,0.8338594683700804,0.16018826002819123,post_hoc_final_checkpoint_only
R1,REFUGE,0,138,2,0.6770171833344321,0.6775707163614066,37509,25415,12094,0.852765058119056,0.13556664290805417,post_hoc_final_checkpoint_only
R1,REFUGE,0,139,0,0.6790095645207112,0.6790226266241699,1272881,864315,408566,0.9906463816245491,0.004521670852145425,post_hoc_final_checkpoint_only
R1,REFUGE,0,139,1,0.6790118069138809,0.6792112257022866,110247,74881,35366,0.8338594683700804,0.16018826002819123,post_hoc_final_checkpoint_only
R1,REFUGE,0,139,2,0.6790154410581791,0.6795428392091223,38236,25983,12253,0.852765058119056,0.13556664290805417,post_hoc_final_checkpoint_only
R1,REFUGE,0,140,0,0.6810107181519436,0.6810254995949336,1276334,869216,407118,0.9906463816245491,0.004521670852145425,post_hoc_final_checkpoint_only
R1,REFUGE,0,140,1,0.6810131207327063,0.6811897365916723,111386,75875,35511,0.8338594683700804,0.16018826002819123,post_hoc_final_checkpoint_only
R1,REFUGE,0,140,2,0.6810003451841674,0.6814683244523386,37158,25322,11836,0.852765058119056,0.13556664290805417,post_hoc_final_checkpoint_only
R1,REFUGE,0,141,0,0.683011183365805,0.6830285694560381,1274648,870621,404027,0.9906463816245491,0.004521670852145425,post_hoc_final_checkpoint_only
R1,REFUGE,0,141,1,0.6829829114527343,0.6831406093246739,113634,77628,36006,0.8338594683700804,0.16018826002819123,post_hoc_final_checkpoint_only
R1,REFUGE,0,141,2,0.6830113271574203,0.6835540254237288,37760,25811,11949,0.852765058119056,0.13556664290805417,post_hoc_final_checkpoint_only
R1,REFUGE,0,142,0,0.6850095470886526,0.6850245374366909,1271934,871306,400628,0.9906463816245491,0.004521670852145425,post_hoc_final_checkpoint_only
R1,REFUGE,0,142,1,0.6850180236947863,0.6851973508993093,112642,77182,35460,0.8338594683700804,0.16018826002819123,post_hoc_final_checkpoint_only
R1,REFUGE,0,142,2,0.68500794243706,0.6855494709979265,37618,25789,11829,0.852765058119056,0.13556664290805417,post_hoc_final_checkpoint_only
R1,REFUGE,0,143,0,0.687008381285759,0.6870251993300253,1275272,876144,399128,0.9906463816245491,0.004521670852145425,post_hoc_final_checkpoint_only
R1,REFUGE,0,143,1,0.6870114811549084,0.6871571346805794,113565,78037,35528,0.8338594683700804,0.16018826002819123,post_hoc_final_checkpoint_only
R1,REFUGE,0,143,2,0.6870176117370753,0.6875049291516602,38039,26152,11887,0.852765058119056,0.13556664290805417,post_hoc_final_checkpoint_only
R1,REFUGE,0,144,0,0.6890097738461677,0.6890269040792685,1275866,879106,396760,0.9906463816245491,0.004521670852145425,post_hoc_final_checkpoint_only
R1,REFUGE,0,144,1,0.6890300277735651,0.6891891891891891,113072,77928,35144,0.8338594683700804,0.16018826002819123,post_hoc_final_checkpoint_only
R1,REFUGE,0,144,2,0.6890121799187849,0.6894816044834207,38542,26574,11968,0.852765058119056,0.13556664290805417,post_hoc_final_checkpoint_only
R1,REFUGE,0,145,0,0.6910117253211211,0.6910276377473961,1274525,880732,393793,0.9906463816245491,0.004521670852145425,post_hoc_final_checkpoint_only
R1,REFUGE,0,145,1,0.6910136215138344,0.6911855935057338,112838,77992,34846,0.8338594683700804,0.16018826002819123,post_hoc_final_checkpoint_only
R1,REFUGE,0,145,2,0.6909927293704797,0.6916246637591079,38291,26483,11808,0.852765058119056,0.13556664290805417,post_hoc_final_checkpoint_only
R1,REFUGE,0,146,0,0.6930112245134309,0.6930275081976508,1269876,880059,389817,0.9906463816245491,0.004521670852145425,post_hoc_final_checkpoint_only
R1,REFUGE,0,146,1,0.6930126442648105,0.6931901412800805,113321,78553,34768,0.8338594683700804,0.16018826002819123,post_hoc_final_checkpoint_only
R1,REFUGE,0,146,2,0.6930386026180579,0.6935993835853017,37637,26105,11532,0.852765058119056,0.13556664290805417,post_hoc_final_checkpoint_only
R1,REFUGE,0,147,0,0.6950120691959619,0.695028321577207,1272528,884443,388085,0.9906463816245491,0.004521670852145425,post_hoc_final_checkpoint_only
R1,REFUGE,0,147,1,0.6950061448843501,0.6951770711475062,112836,78441,34395,0.8338594683700804,0.16018826002819123,post_hoc_final_checkpoint_only
R1,REFUGE,0,147,2,0.6949798805654491,0.6955770559778853,37622,26169,11453,0.852765058119056,0.13556664290805417,post_hoc_final_checkpoint_only
R1,REFUGE,0,148,0,0.697014193359568,0.6970286730928533,1274784,888561,386223,0.9906463816245491,0.004521670852145425,post_hoc_final_checkpoint_only
R1,REFUGE,0,148,1,0.697006540044913,0.6971814949112758,114174,79600,34574,0.8338594683700804,0.16018826002819123,post_hoc_final_checkpoint_only
R1,REFUGE,0,148,2,0.6970238001690308,0.6976111514146544,38596,26925,11671,0.852765058119056,0.13556664290805417,post_hoc_final_checkpoint_only
R1,REFUGE,0,149,0,0.6990113538463203,0.6990273378497966,1275777,891803,383974,0.9906463816245491,0.004521670852145425,post_hoc_final_checkpoint_only
R1,REFUGE,0,149,1,0.6990085450359954,0.6991871356926153,113057,79048,34009,0.8338594683700804,0.16018826002819123,post_hoc_final_checkpoint_only
R1,REFUGE,0,149,2,0.6989826408159491,0.6995151356309789,38155,26690,11465,0.852765058119056,0.13556664290805417,post_hoc_final_checkpoint_only
R1,REFUGE,0,150,0,0.701010501822871,0.7010282222896215,1272682,892186,380496,0.9906463816245491,0.004521670852145425,post_hoc_final_checkpoint_only
R1,REFUGE,0,150,1,0.701033396739286,0.7011757733171798,114733,80448,34285,0.8338594683700804,0.16018826002819123,post_hoc_final_checkpoint_only
R1,REFUGE,0,150,2,0.7010260770614893,0.7015983937837345,38351,26907,11444,0.852765058119056,0.13556664290805417,post_hoc_final_checkpoint_only
R1,REFUGE,0,151,0,0.7030114420797491,0.7030261141894654,1274671,896127,378544,0.9906463816245491,0.004521670852145425,post_hoc_final_checkpoint_only
R1,REFUGE,0,151,1,0.7030216616330488,0.703211613838136,114553,80555,33998,0.8338594683700804,0.16018826002819123,post_hoc_final_checkpoint_only
R1,REFUGE,0,151,2,0.7030121450784964,0.7034732085216269,38725,27242,11483,0.852765058119056,0.13556664290805417,post_hoc_final_checkpoint_only
R1,REFUGE,0,152,0,0.7050120711605887,0.7050274410962,1274366,898463,375903,0.9906463816245491,0.004521670852145425,post_hoc_final_checkpoint_only
R1,REFUGE,0,152,1,0.7050176946221263,0.7052013554361176,114797,80955,33842,0.8338594683700804,0.16018826002819123,post_hoc_final_checkpoint_only
R1,REFUGE,0,152,2,0.7050075561949077,0.7055186509964231,39140,27614,11526,0.852765058119056,0.13556664290805417,post_hoc_final_checkpoint_only
R1,REFUGE,0,153,0,0.7070144696552594,0.7070317943193899,1277398,903161,374237,0.9906463816245491,0.004521670852145425,post_hoc_final_checkpoint_only
R1,REFUGE,0,153,1,0.7070160481168928,0.7072059093171281,114531,80997,33534,0.8338594683700804,0.16018826002819123,post_hoc_final_checkpoint_only
R1,REFUGE,0,153,2,0.7070101415025589,0.7075486669487939,37808,26751,11057,0.852765058119056,0.13556664290805417,post_hoc_final_checkpoint_only
R1,REFUGE,0,154,0,0.7090167109950736,0.709030940616339,1277641,905887,371754,0.9906463816245491,0.004521670852145425,post_hoc_final_checkpoint_only
R1,REFUGE,0,154,1,0.7090083713859271,0.7091623743910198,114741,81370,33371,0.8338594683700804,0.16018826002819123,post_hoc_final_checkpoint_only
R1,REFUGE,0,154,2,0.7090014208821133,0.7095351732724632,38552,27354,11198,0.852765058119056,0.13556664290805417,post_hoc_final_checkpoint_only
R1,REFUGE,0,155,0,0.7110157595532656,0.7110301279418684,1271046,903752,367294,0.9906463816245491,0.004521670852145425,post_hoc_final_checkpoint_only
R1,REFUGE,0,155,1,0.7110093267467315,0.7112217841816977,114652,81543,33109,0.8338594683700804,0.16018826002819123,post_hoc_final_checkpoint_only
R1,REFUGE,0,155,2,0.7109822758876829,0.7116005414974487,38412,27334,11078,0.852765058119056,0.13556664290805417,post_hoc_final_checkpoint_only
R1,REFUGE,0,156,0,0.7130127823350467,0.7130270378404245,1274695,908892,365803,0.9906463816245491,0.004521670852145425,post_hoc_final_checkpoint_only
R1,REFUGE,0,156,1,0.7130314764013946,0.7131867939091994,114008,81309,32699,0.8338594683700804,0.16018826002819123,post_hoc_final_checkpoint_only
R1,REFUGE,0,156,2,0.7129997937969932,0.7135058214747736,38650,27577,11073,0.852765058119056,0.13556664290805417,post_hoc_final_checkpoint_only
R1,REFUGE,0,157,0,0.7150167742541448,0.7150330314172122,1271214,908960,362254,0.9906463816245491,0.004521670852145425,post_hoc_final_checkpoint_only
R1,REFUGE,0,157,1,0.715006306747114,0.7151657198619873,114772,82081,32691,0.8338594683700804,0.16018826002819123,post_hoc_final_checkpoint_only
R1,REFUGE,0,157,2,0.7150115092957676,0.7155147691425294,38357,27445,10912,0.852765058119056,0.13556664290805417,post_hoc_final_checkpoint_only
R1,REFUGE,0,158,0,0.7170152235451431,0.7170297515594659,1275597,914641,360956,0.9906463816245491,0.004521670852145425,post_hoc_final_checkpoint_only
R1,REFUGE,0,158,1,0.7170299258385204,0.7172043385156427,114878,82391,32487,0.8338594683700804,0.16018826002819123,post_hoc_final_checkpoint_only
R1,REFUGE,0,158,2,0.7170326234341997,0.717548554622294,37741,27081,10660,0.852765058119056,0.13556664290805417,post_hoc_final_checkpoint_only
R1,REFUGE,0,159,0,0.7190148282880672,0.7190318391121256,1270450,913494,356956,0.9906463816245491,0.004521670852145425,post_hoc_final_checkpoint_only
R1,REFUGE,0,159,1,0.7190246543438713,0.7191908231281972,116118,83511,32607,0.8338594683700804,0.16018826002819123,post_hoc_final_checkpoint_only
R1,REFUGE,0,159,2,0.718997264398631,0.719536770145142,39203,28208,10995,0.852765058119056,0.13556664290805417,post_hoc_final_checkpoint_only
R1,REFUGE,0,160,0,0.7210152710840225,0.7210321617546843,1278133,921575,356558,0.9906463816245491,0.004521670852145425,post_hoc_final_checkpoint_only
R1,REFUGE,0,160,1,0.7210164592532615,0.721161443816371,115167,83054,32113,0.8338594683700804,0.16018826002819123,post_hoc_final_checkpoint_only
R1,REFUGE,0,160,2,0.7210282716872156,0.7215910581691286,38113,27502,10611,0.852765058119056,0.13556664290805417,post_hoc_final_checkpoint_only
R1,REFUGE,0,161,0,0.7230116646047452,0.7230285160441038,1273178,920544,352634,0.9906463816245491,0.004521670852145425,post_hoc_final_checkpoint_only
R1,REFUGE,0,161,1,0.7230211059867221,0.723200259545113,117128,84707,32421,0.8338594683700804,0.16018826002819123,post_hoc_final_checkpoint_only
R1,REFUGE,0,161,2,0.7230299086420169,0.7235489564946527,38524,27874,10650,0.852765058119056,0.13556664290805417,post_hoc_final_checkpoint_only
R1,REFUGE,0,162,0,0.7250133070393472,0.7250295441027146,1274366,923953,350413,0.9906463816245491,0.004521670852145425,post_hoc_final_checkpoint_only
R1,REFUGE,0,162,1,0.7250271711877229,0.7252140652844786,115035,83425,31610,0.8338594683700804,0.16018826002819123,post_hoc_final_checkpoint_only
R1,REFUGE,0,162,2,0.7250260100894215,0.7256102346754572,38223,27735,10488,0.852765058119056,0.13556664290805417,post_hoc_final_checkpoint_only
R1,REFUGE,0,163,0,0.7270159278359607,0.7270309908899305,1272987,925501,347486,0.9906463816245491,0.004521670852145425,post_hoc_final_checkpoint_only
R1,REFUGE,0,163,1,0.7270157859836108,0.7272135020803836,115123,83719,31404,0.8338594683700804,0.16018826002819123,post_hoc_final_checkpoint_only
R1,REFUGE,0,163,2,0.727012092896438,0.7275743980461388,37669,27407,10262,0.852765058119056,0.13556664290805417,post_hoc_final_checkpoint_only
R1,REFUGE,0,164,0,0.7290146184683921,0.7290311675753443,1271995,927324,344671,0.9906463816245491,0.004521670852145425,post_hoc_final_checkpoint_only
R1,REFUGE,0,164,1,0.7290101261709594,0.7292081469414492,116019,84602,31417,0.8338594683700804,0.16018826002819123,post_hoc_final_checkpoint_only
R1,REFUGE,0,164,2,0.7290209758982147,0.7296245300005296,37766,27555,10211,0.852765058119056,0.13556664290805417,post_hoc_final_checkpoint_only
R1,REFUGE,0,165,0,0.7310148313148233,0.7310320113356654,1275267,932261,343006,0.9906463816245491,0.004521670852145425,post_hoc_final_checkpoint_only
R1,REFUGE,0,165,1,0.7310177977921564,0.7311805169231856,113247,82804,30443,0.8338594683700804,0.16018826002819123,post_hoc_final_checkpoint_only
R1,REFUGE,0,165,2,0.7310129750717435,0.7315124489037532,37674,27559,10115,0.852765058119056,0.13556664290805417,post_hoc_final_checkpoint_only
R1,REFUGE,0,166,0,0.7330154628303138,0.7330316990754698,1273728,933683,340045,0.9906463816245491,0.004521670852145425,post_hoc_final_checkpoint_only
R1,REFUGE,0,166,1,0.7330273246965068,0.7332013397062415,114652,84063,30589,0.8338594683700804,0.16018826002819123,post_hoc_final_checkpoint_only
R1,REFUGE,0,166,2,0.7329893147040782,0.7335101862106266,38827,28480,10347,0.852765058119056,0.13556664290805417,post_hoc_final_checkpoint_only
R1,REFUGE,0,167,0,0.73501600272139,0.7350309720288899,1272277,935163,337114,0.9906463816245491,0.004521670852145425,post_hoc_final_checkpoint_only
R1,REFUGE,0,167,1,0.7350188191020571,0.7352171321452328,115759,85108,30651,0.8338594683700804,0.16018826002819123,post_hoc_final_checkpoint_only
R1,REFUGE,0,167,2,0.7350161075036443,0.7355425432687325,38596,28389,10207,0.852765058119056,0.13556664290805417,post_hoc_final_checkpoint_only
R1,REFUGE,0,168,0,0.737018247895134,0.7370322509691788,1272985,938231,334754,0.9906463816245491,0.004521670852145425,post_hoc_final_checkpoint_only
R1,REFUGE,0,168,1,0.7370066580679413,0.7371768131241327,117463,86591,30872,0.8338594683700804,0.16018826002819123,post_hoc_final_checkpoint_only
R1,REFUGE,0,168,2,0.7370091826657246,0.7374889366544443,39545,29164,10381,0.852765058119056,0.13556664290805417,post_hoc_final_checkpoint_only
R1,REFUGE,0,169,0,0.7390181716371503,0.7390336240236359,1275011,942276,332735,0.9906463816245491,0.004521670852145425,post_hoc_final_checkpoint_only
R1,REFUGE,0,169,1,0.7390158182669313,0.7392079394599042,116683,86253,30430,0.8338594683700804,0.16018826002819123,post_hoc_final_checkpoint_only
R1,REFUGE,0,169,2,0.7390205182747136,0.7395564855691938,39187,28981,10206,0.852765058119056,0.13556664290805417,post_hoc_final_checkpoint_only
R1,REFUGE,0,170,0,0.7410182212754532,0.7410350332984478,1272732,943139,329593,0.9906463816245491,0.004521670852145425,post_hoc_final_checkpoint_only
R1,REFUGE,0,170,1,0.7410084735321704,0.7411474462377186,115927,85919,30008,0.8338594683700804,0.16018826002819123,post_hoc_final_checkpoint_only
R1,REFUGE,0,170,2,0.7409978188167462,0.74158158578515,38101,28255,9846,0.852765058119056,0.13556664290805417,post_hoc_final_checkpoint_only
R1,REFUGE,0,171,0,0.7430170212181555,0.7430327376300114,1273061,945926,327135,0.9906463816245491,0.004521670852145425,post_hoc_final_checkpoint_only
R1,REFUGE,0,171,1,0.7430296382429329,0.74318827032267,115536,85865,29671,0.8338594683700804,0.16018826002819123,post_hoc_final_checkpoint_only
R1,REFUGE,0,171,2,0.7430354534798262,0.7435199619520702,37847,28140,9707,0.852765058119056,0.13556664290805417,post_hoc_final_checkpoint_only
R1,REFUGE,0,172,0,0.7450208999636745,0.7450364275145027,1274586,949613,324973,0.9906463816245491,0.004521670852145425,post_hoc_final_checkpoint_only
R1,REFUGE,0,172,1,0.7450046092495554,0.7451914805766783,116252,86630,29622,0.8338594683700804,0.16018826002819123,post_hoc_final_checkpoint_only
R1,REFUGE,0,172,2,0.7449929488880446,0.7454808959156786,37950,28291,9659,0.852765058119056,0.13556664290805417,post_hoc_final_checkpoint_only
R1,REFUGE,0,173,0,0.7470197242797596,0.7470357808882497,1274619,952186,322433,0.9906463816245491,0.004521670852145425,post_hoc_final_checkpoint_only
R1,REFUGE,0,173,1,0.7470291383586993,0.7471932294170157,116504,87051,29453,0.8338594683700804,0.16018826002819123,post_hoc_final_checkpoint_only
R1,REFUGE,0,173,2,0.7470194492012311,0.7476094347641309,37648,28146,9502,0.852765058119056,0.13556664290805417,post_hoc_final_checkpoint_only
R1,REFUGE,0,174,0,0.749019294419318,0.7490354817259074,1275248,955206,320042,0.9906463816245491,0.004521670852145425,post_hoc_final_checkpoint_only
R1,REFUGE,0,174,1,0.7490097651114463,0.749162580288694,115832,86777,29055,0.8338594683700804,0.16018826002819123,post_hoc_final_checkpoint_only
R1,REFUGE,0,174,2,0.7490130730581589,0.749580045813184,39290,29451,9839,0.852765058119056,0.13556664290805417,post_hoc_final_checkpoint_only
R1,REFUGE,0,175,0,0.7510181101062743,0.7510338726482788,1271675,955071,316604,0.9906463816245491,0.004521670852145425,post_hoc_final_checkpoint_only
R1,REFUGE,0,175,1,0.7510179283752096,0.7512073343950415,116165,87264,28901,0.8338594683700804,0.16018826002819123,post_hoc_final_checkpoint_only
R1,REFUGE,0,175,2,0.7509998997188135,0.751452516838912,38898,29230,9668,0.852765058119056,0.13556664290805417,post_hoc_final_checkpoint_only
R1,REFUGE,0,176,0,0.7530189322921838,0.7530341407615049,1272848,958498,314350,0.9906463816245491,0.004521670852145425,post_hoc_final_checkpoint_only
R1,REFUGE,0,176,1,0.7530109562817353,0.7532054313895792,116287,87588,28699,0.8338594683700804,0.16018826002819123,post_hoc_final_checkpoint_only
R1,REFUGE,0,176,2,0.7530027416603821,0.7534572451833843,38253,28822,9431,0.852765058119056,0.13556664290805417,post_hoc_final_checkpoint_only
R1,REFUGE,0,177,0,0.7550217447427525,0.7550373670482152,1273582,961602,311980,0.9906463816245491,0.004521670852145425,post_hoc_final_checkpoint_only
R1,REFUGE,0,177,1,0.7550144556173989,0.7551945181255526,117624,88829,28795,0.8338594683700804,0.16018826002819123,post_hoc_final_checkpoint_only
R1,REFUGE,0,177,2,0.7550096391587651,0.7554981263729164,38695,29234,9461,0.852765058119056,0.13556664290805417,post_hoc_final_checkpoint_only
R1,REFUGE,0,178,0,0.7570211332610269,0.75703518690988,1275588,965665,309923,0.9906463816245491,0.004521670852145425,post_hoc_final_checkpoint_only
R1,REFUGE,0,178,1,0.7570181985869248,0.7571638217347648,116523,88227,28296,0.8338594683700804,0.16018826002819123,post_hoc_final_checkpoint_only
R1,REFUGE,0,178,2,0.7570160120480426,0.7574433074510207,38894,29460,9434,0.852765058119056,0.13556664290805417,post_hoc_final_checkpoint_only
R1,REFUGE,0,179,0,0.759019512393951,0.7590341503670455,1274774,967597,307177,0.9906463816245491,0.004521670852145425,post_hoc_final_checkpoint_only
R1,REFUGE,0,179,1,0.7590303081125572,0.7592046564982793,117685,89347,28338,0.8338594683700804,0.16018826002819123,post_hoc_final_checkpoint_only
R1,REFUGE,0,179,2,0.7589971179729942,0.7595322301675401,38737,29422,9315,0.852765058119056,0.13556664290805417,post_hoc_final_checkpoint_only
R1,REFUGE,0,180,0,0.7610211772313593,0.7610360648833158,1272623,968512,304111,0.9906463816245491,0.004521670852145425,post_hoc_final_checkpoint_only
R1,REFUGE,0,180,1,0.7610292729241175,0.7612180314053283,116286,88519,27767,0.8338594683700804,0.16018826002819123,post_hoc_final_checkpoint_only
R1,REFUGE,0,180,2,0.7609917550966788,0.7615654661292419,38455,29286,9169,0.852765058119056,0.13556664290805417,post_hoc_final_checkpoint_only
R1,REFUGE,0,181,0,0.7630189498187391,0.7630330454504162,1276908,974323,302585,0.9906463816245491,0.004521670852145425,post_hoc_final_checkpoint_only
R1,REFUGE,0,181,1,0.7630224719670597,0.7631947767826622,117016,89306,27710,0.8338594683700804,0.16018826002819123,post_hoc_final_checkpoint_only
R1,REFUGE,0,181,2,0.762996464118025,0.7634990887789638,38410,29326,9084,0.852765058119056,0.13556664290805417,post_hoc_final_checkpoint_only
R1,REFUGE,0,182,0,0.7650235728351358,0.7650411458963271,1273274,974107,299167,0.9906463816245491,0.004521670852145425,post_hoc_final_checkpoint_only
R1,REFUGE,0,182,1,0.7650027155208249,0.7651877714383036,117430,89856,27574,0.8338594683700804,0.16018826002819123,post_hoc_final_checkpoint_only
R1,REFUGE,0,182,2,0.7650016620801449,0.7655596234309623,38240,29275,8965,0.852765058119056,0.13556664290805417,post_hoc_final_checkpoint_only
R1,REFUGE,0,183,0,0.7670223198564998,0.767039132102247,1269827,974007,295820,0.9906463816245491,0.004521670852145425,post_hoc_final_checkpoint_only
R1,REFUGE,0,183,1,0.7670090879252761,0.7671719299452321,116309,89229,27080,0.8338594683700804,0.16018826002819123,post_hoc_final_checkpoint_only
R1,REFUGE,0,183,2,0.7669883794113826,0.7675267135783164,38370,29450,8920,0.852765058119056,0.13556664290805417,post_hoc_final_checkpoint_only
R1,REFUGE,0,184,0,0.7690226920925674,0.7690373073384213,1275942,981247,294695,0.9906463816245491,0.004521670852145425,post_hoc_final_checkpoint_only
R1,REFUGE,0,184,1,0.7690071678371019,0.7691731459716374,116139,89331,26808,0.8338594683700804,0.16018826002819123,post_hoc_final_checkpoint_only
R1,REFUGE,0,184,2,0.7690046809371193,0.7695629416383146,38210,29405,8805,0.852765058119056,0.13556664290805417,post_hoc_final_checkpoint_only
R1,REFUGE,0,185,0,0.7710203003715673,0.7710362472411029,1274966,983045,291921,0.9906463816245491,0.004521670852145425,post_hoc_final_checkpoint_only
R1,REFUGE,0,185,1,0.7710203946153218,0.7712138598655772,115903,89386,26517,0.8338594683700804,0.16018826002819123,post_hoc_final_checkpoint_only
R1,REFUGE,0,185,2,0.7710085129989949,0.7715231788079471,38354,29591,8763,0.852765058119056,0.13556664290805417,post_hoc_final_checkpoint_only
R1,REFUGE,0,186,0,0.7730225902889779,0.7730393588065212,1274124,984948,289176,0.9906463816245491,0.004521670852145425,post_hoc_final_checkpoint_only
R1,REFUGE,0,186,1,0.7730128306006085,0.7731876743032149,116894,90381,26513,0.8338594683700804,0.16018826002819123,post_hoc_final_checkpoint_only
R1,REFUGE,0,186,2,0.7729933238311358,0.7734823947340925,38284,29612,8672,0.852765058119056,0.13556664290805417,post_hoc_final_checkpoint_only
R1,REFUGE,0,187,0,0.7750230852051466,0.7750386139647885,1273503,987014,286489,0.9906463816245491,0.004521670852145425,post_hoc_final_checkpoint_only
R1,REFUGE,0,187,1,0.7750178849315219,0.7752200348654279,117595,91162,26433,0.8338594683700804,0.16018826002819123,post_hoc_final_checkpoint_only
R1,REFUGE,0,187,2,0.7750002086163343,0.7754997173834849,38922,30184,8738,0.852765058119056,0.13556664290805417,post_hoc_final_checkpoint_only
R1,REFUGE,0,188,0,0.7770237003172121,0.7770416135854455,1274776,990554,284222,0.9906463816245491,0.004521670852145425,post_hoc_final_checkpoint_only
R1,REFUGE,0,188,1,0.7770301287747252,0.7772102534015513,115903,90081,25822,0.8338594683700804,0.16018826002819123,post_hoc_final_checkpoint_only
R1,REFUGE,0,188,2,0.7770129918353267,0.7775575348813263,38846,30205,8641,0.852765058119056,0.13556664290805417,post_hoc_final_checkpoint_only
R1,REFUGE,0,189,0,0.7790234939143736,0.7790405518017045,1273211,991883,281328,0.9906463816245491,0.004521670852145425,post_hoc_final_checkpoint_only
R1,REFUGE,0,189,1,0.7790122653516838,0.7791862097298777,116836,91037,25799,0.8338594683700804,0.16018826002819123,post_hoc_final_checkpoint_only
R1,REFUGE,0,189,2,0.7790195270395622,0.7794975032026981,38249,29815,8434,0.852765058119056,0.13556664290805417,post_hoc_final_checkpoint_only
R1,REFUGE,0,190,0,0.7810245202111997,0.7810418800473882,1271202,992862,278340,0.9906463816245491,0.004521670852145425,post_hoc_final_checkpoint_only
R1,REFUGE,0,190,1,0.78101898819198,0.7811917747891188,118076,92240,25836,0.8338594683700804,0.16018826002819123,post_hoc_final_checkpoint_only
R1,REFUGE,0,190,2,0.7810046522485393,0.7814893562517612,39037,30507,8530,0.852765058119056,0.13556664290805417,post_hoc_final_checkpoint_only
R1,REFUGE,0,191,0,0.7830246221279112,0.7830417856663814,1274863,998271,276592,0.9906463816245491,0.004521670852145425,post_hoc_final_checkpoint_only
R1,REFUGE,0,191,1,0.783015978839712,0.7831726825266612,117024,91650,25374,0.8338594683700804,0.16018826002819123,post_hoc_final_checkpoint_only
R1,REFUGE,0,191,2,0.7830338451162713,0.7835466556564823,38752,30364,8388,0.852765058119056,0.13556664290805417,post_hoc_final_checkpoint_only
R1,REFUGE,0,192,0,0.7850213335732305,0.7850349685526682,1272286,998789,273497,0.9906463816245491,0.004521670852145425,post_hoc_final_checkpoint_only
R1,REFUGE,0,192,1,0.7850326420320408,0.7852020749983047,117976,92635,25341,0.8338594683700804,0.16018826002819123,post_hoc_final_checkpoint_only
R1,REFUGE,0,192,2,0.7850281881325438,0.7855376526017128,38417,30178,8239,0.852765058119056,0.13556664290805417,post_hoc_final_checkpoint_only
R1,REFUGE,0,193,0,0.7870231179322719,0.7870373063634255,1272035,1001139,270896,0.9906463816245491,0.004521670852145425,post_hoc_final_checkpoint_only
R1,REFUGE,0,193,1,0.7870398316592181,0.7872209864232569,117333,92367,24966,0.8338594683700804,0.16018826002819123,post_hoc_final_checkpoint_only
R1,REFUGE,0,193,2,0.7870087055861066,0.7875261506276151,38240,30115,8125,0.852765058119056,0.13556664290805417,post_hoc_final_checkpoint_only
R1,REFUGE,0,194,0,0.7890261298861454,0.789041391046147,1271676,1003405,268271,0.9906463816245491,0.004521670852145425,post_hoc_final_checkpoint_only
R1,REFUGE,0,194,1,0.7890080427193722,0.7891627482388605,116118,91636,24482,0.8338594683700804,0.16018826002819123,post_hoc_final_checkpoint_only
R1,REFUGE,0,194,2,0.7890144166855565,0.7895979860372168,38531,30424,8107,0.852765058119056,0.13556664290805417,post_hoc_final_checkpoint_only
R1,REFUGE,0,195,0,0.7910264020712959,0.791042088926557,1271926,1006147,265779,0.9906463816245491,0.004521670852145425,post_hoc_final_checkpoint_only
R1,REFUGE,0,195,1,0.7910150014073295,0.7912129976182375,117560,93015,24545,0.8338594683700804,0.16018826002819123,post_hoc_final_checkpoint_only
R1,REFUGE,0,195,2,0.7910262100399869,0.7915189775167525,38651,30593,8058,0.852765058119056,0.13556664290805417,post_hoc_final_checkpoint_only
R1,REFUGE,0,196,0,0.7930231611208994,0.793038015942144,1273229,1009719,263510,0.9906463816245491,0.004521670852145425,post_hoc_final_checkpoint_only
R1,REFUGE,0,196,1,0.7930215021716444,0.7931901142959727,116977,92785,24192,0.8338594683700804,0.16018826002819123,post_hoc_final_checkpoint_only
R1,REFUGE,0,196,2,0.79303156964712,0.7935532585205822,38407,30478,7929,0.852765058119056,0.13556664290805417,post_hoc_final_checkpoint_only
R1,REFUGE,0,197,0,0.7950237723024581,0.7950398695621069,1272023,1011309,260714,0.9906463816245491,0.004521670852145425,post_hoc_final_checkpoint_only
R1,REFUGE,0,197,1,0.7950348299810411,0.795212085004694,117170,93175,23995,0.8338594683700804,0.16018826002819123,post_hoc_final_checkpoint_only
R1,REFUGE,0,197,2,0.7949941650956076,0.795516747035058,38365,30520,7845,0.852765058119056,0.13556664290805417,post_hoc_final_checkpoint_only
R1,REFUGE,0,198,0,0.7970270740691732,0.7970436087786125,1269859,1012133,257726,0.9906463816245491,0.004521670852145425,post_hoc_final_checkpoint_only
R1,REFUGE,0,198,1,0.7970189688756367,0.7971657758540366,118057,94111,23946,0.8338594683700804,0.16018826002819123,post_hoc_final_checkpoint_only
R1,REFUGE,0,198,2,0.7970326208647561,0.797643724908819,38111,30399,7712,0.852765058119056,0.13556664290805417,post_hoc_final_checkpoint_only
R1,REFUGE,0,199,0,0.7990261522842198,0.7990436507811342,1268156,1013312,254844,0.9906463816245491,0.004521670852145425,post_hoc_final_checkpoint_only
R1,REFUGE,0,199,1,0.7990184497247881,0.7992094658761325,116883,93414,23469,0.8338594683700804,0.16018826002819123,post_hoc_final_checkpoint_only
R1,REFUGE,0,199,2,0.7990071209986641,0.799535017371542,38281,30607,7674,0.852765058119056,0.13556664290805417,post_hoc_final_checkpoint_only
R1,RIM_ONE_r3,1,0,0,0.40092164065026364,0.40093561574644065,506832,203207,303625,0.987105609263352,0.006560253442183502,post_hoc_final_checkpoint_only
R1,RIM_ONE_r3,1,0,1,0.40093593879136763,0.401099578412761,40561,16269,24292,0.7092338427211167,0.1791227265780223,post_hoc_final_checkpoint_only
R1,RIM_ONE_r3,1,0,2,0.4006811119370099,0.4016691957511381,6590,2647,3943,0.7860293527949315,0.152559963099631,post_hoc_final_checkpoint_only
R1,RIM_ONE_r3,1,1,0,0.4029199948387749,0.40293300865948917,511693,206178,305515,0.987105609263352,0.006560253442183502,post_hoc_final_checkpoint_only
R1,RIM_ONE_r3,1,1,1,0.402942026682815,0.40320413071155753,28276,11401,16875,0.7092338427211167,0.1791227265780223,post_hoc_final_checkpoint_only
R1,RIM_ONE_r3,1,1,2,0.4030097538115914,0.40453752181500874,5730,2318,3412,0.7860293527949315,0.152559963099631,post_hoc_final_checkpoint_only
R1,RIM_ONE_r3,1,2,0,0.4049242108529356,0.40493880214236855,507289,205421,301868,0.987105609263352,0.006560253442183502,post_hoc_final_checkpoint_only
R1,RIM_ONE_r3,1,2,1,0.4048705273164789,0.4051698226630598,29943,12132,17811,0.7092338427211167,0.1791227265780223,post_hoc_final_checkpoint_only
R1,RIM_ONE_r3,1,2,2,0.40523987510052234,0.4274322169059011,627,268,359,0.7860293527949315,0.152559963099631,post_hoc_final_checkpoint_only
R1,RIM_ONE_r3,1,3,0,0.40692214744895283,0.40694018110470326,507883,206678,301205,0.987105609263352,0.006560253442183502,post_hoc_final_checkpoint_only
R1,RIM_ONE_r3,1,3,1,0.40691751370227175,0.4072167071713968,24277,9886,14391,0.7092338427211167,0.1791227265780223,post_hoc_final_checkpoint_only
R1,RIM_ONE_r3,1,3,2,0.40692127813250906,0.4107025607353907,3046,1251,1795,0.7860293527949315,0.152559963099631,post_hoc_final_checkpoint_only
R1,RIM_ONE_r3,1,4,0,0.40892774475979143,0.4089404794244844,504313,206234,298079,0.987105609263352,0.006560253442183502,post_hoc_final_checkpoint_only
R1,RIM_ONE_r3,1,4,1,0.4089049038520061,0.40927624872579,25506,10439,15067,0.7092338427211167,0.1791227265780223,post_hoc_final_checkpoint_only
R1,RIM_ONE_r3,1,4,2,0.40904838559438034,0.41630391768895925,2527,1052,1475,0.7860293527949315,0.152559963099631,post_hoc_final_checkpoint_only
R1,RIM_ONE_r3,1,5,0,0.4109270489648413,0.41093929375254756,507839,208691,299148,0.987105609263352,0.006560253442183502,post_hoc_final_checkpoint_only
R1,RIM_ONE_r3,1,5,1,0.4108879279470923,0.41116397342301697,24382,10025,14357,0.7092338427211167,0.1791227265780223,post_hoc_final_checkpoint_only
R1,RIM_ONE_r3,1,5,2,0.4108724260548314,0.4124168514412417,4961,2046,2915,0.7860293527949315,0.152559963099631,post_hoc_final_checkpoint_only
R1,RIM_ONE_r3,1,6,0,0.4129270876013066,0.4129407379501562,501687,207167,294520,0.987105609263352,0.006560253442183502,post_hoc_final_checkpoint_only
R1,RIM_ONE_r3,1,6,1,0.41290471984543753,0.41319111537232345,25032,10343,14689,0.7092338427211167,0.1791227265780223,post_hoc_final_checkpoint_only
R1,RIM_ONE_r3,1,6,2,0.4128034996461622,0.4148056244830438,4836,2006,2830,0.7860293527949315,0.152559963099631,post_hoc_final_checkpoint_only
R1,RIM_ONE_r3,1,7,0,0.4149282271270053,0.414945584349211,504818,209472,295346,0.987105609263352,0.006560253442183502,post_hoc_final_checkpoint_only
R1,RIM_ONE_r3,1,7,1,0.41493497157269216,0.4153506259716881,24442,10152,14290,0.7092338427211167,0.1791227265780223,post_hoc_final_checkpoint_only
R1,RIM_ONE_r3,1,7,2,0.41493062751763066,0.41624198586223904,6083,2532,3551,0.7860293527949315,0.152559963099631,post_hoc_final_checkpoint_only
R1,RIM_ONE_r3,1,8,0,0.41692971351926733,0.4169442007613498,503842,210074,293768,0.987105609263352,0.006560253442183502,post_hoc_final_checkpoint_only
R1,RIM_ONE_r3,1,8,1,0.4168908264045061,0.4172019985724483,25218,10521,14697,0.7092338427211167,0.1791227265780223,post_hoc_final_checkpoint_only
R1,RIM_ONE_r3,1,8,2,0.4170344583692505,0.41805555555555557,7920,3311,4609,0.7860293527949315,0.152559963099631,post_hoc_final_checkpoint_only
R1,RIM_ONE_r3,1,9,0,0.4189236021360773,0.4189385352661616,502890,210680,292210,0.987105609263352,0.006560253442183502,post_hoc_final_checkpoint_only
R1,RIM_ONE_r3,1,9,1,0.41900275383985186,0.4193024300874555,28929,12130,16799,0.7092338427211167,0.1791227265780223,post_hoc_final_checkpoint_only
R1,RIM_ONE_r3,1,9,2,0.41897638718300256,0.41966043307086615,8128,3411,4717,0.7860293527949315,0.152559963099631,post_hoc_final_checkpoint_only
R1,RIM_ONE_r3,1,10,0,0.42093376327490667,0.4209505758567322,503337,211880,291457,0.987105609263352,0.006560253442183502,post_hoc_final_checkpoint_only
R1,RIM_ONE_r3,1,10,1,0.42092815963626556,0.42118796605811265,27223,11466,15757,0.7092338427211167,0.1791227265780223,post_hoc_final_checkpoint_only
R1,RIM_ONE_r3,1,10,2,0.4209380090626077,0.42202131094607687,9291,3921,5370,0.7860293527949315,0.152559963099631,post_hoc_final_checkpoint_only
R1,RIM_ONE_r3,1,11,0,0.42293040829129985,0.4229483935647109,502728,212628,290100,0.987105609263352,0.006560253442183502,post_hoc_final_checkpoint_only
R1,RIM_ONE_r3,1,11,1,0.4229108186332604,0.42318186779204714,27487,11632,15855,0.7092338427211167,0.1791227265780223,post_hoc_final_checkpoint_only
R1,RIM_ONE_r3,1,11,2,0.42295042514593334,0.4239478218065469,8126,3445,4681,0.7860293527949315,0.152559963099631,post_hoc_final_checkpoint_only
R1,RIM_ONE_r3,1,12,0,0.42493102425958,0.4249455853504224,502622,213587,289035,0.987105609263352,0.006560253442183502,post_hoc_final_checkpoint_only
R1,RIM_ONE_r3,1,12,1,0.42492962213584373,0.4252008765522279,27380,11642,15738,0.7092338427211167,0.1791227265780223,post_hoc_final_checkpoint_only
R1,RIM_ONE_r3,1,12,2,0.4249804325753455,0.42598147906612754,7667,3266,4401,0.7860293527949315,0.152559963099631,post_hoc_final_checkpoint_only
R1,RIM_ONE_r3,1,13,0,0.42693533091615005,0.4269509647534895,502149,214393,287756,0.987105609263352,0.006560253442183502,post_hoc_final_checkpoint_only
R1,RIM_ONE_r3,1,13,1,0.42694143122245265,0.4272952853598015,26195,11193,15002,0.7092338427211167,0.1791227265780223,post_hoc_final_checkpoint_only
R1,RIM_ONE_r3,1,13,2,0.42684004860772057,0.4277591973244147,8970,3837,5133,0.7860293527949315,0.152559963099631,post_hoc_final_checkpoint_only
R1,RIM_ONE_r3,1,14,0,0.4289341757573383,0.4289530789796546,500458,214673,285785,0.987105609263352,0.006560253442183502,post_hoc_final_checkpoint_only
R1,RIM_ONE_r3,1,14,1,0.4289173600812777,0.4292469857772002,27702,11891,15811,0.7092338427211167,0.1791227265780223,post_hoc_final_checkpoint_only
R1,RIM_ONE_r3,1,14,2,0.42903217974826685,0.42980238970588236,8704,3741,4963,0.7860293527949315,0.152559963099631,post_hoc_final_checkpoint_only
R1,RIM_ONE_r3,1,15,0,0.43093238540183376,0.43094398449850385,501629,216174,285455,0.987105609263352,0.006560253442183502,post_hoc_final_checkpoint_only
R1,RIM_ONE_r3,1,15,1,0.43094021203836663,0.4311964206427815,29279,12625,16654,0.7092338427211167,0.1791227265780223,post_hoc_final_checkpoint_only
R1,RIM_ONE_r3,1,15,2,0.4308889942344821,0.4317050878440134,9847,4251,5596,0.7860293527949315,0.152559963099631,post_hoc_final_checkpoint_only
R1,RIM_ONE_r3,1,16,0,0.43292998018405965,0.43294649255513973,502360,217495,284865,0.987105609263352,0.006560253442183502,post_hoc_final_checkpoint_only
R1,RIM_ONE_r3,1,16,1,0.43293021451376423,0.43314822725331054,28092,12168,15924,0.7092338427211167,0.1791227265780223,post_hoc_final_checkpoint_only
R1,RIM_ONE_r3,1,16,2,0.4328619911216813,0.4337027508410845,10106,4383,5723,0.7860293527949315,0.152559963099631,post_hoc_final_checkpoint_only
R1,RIM_ONE_r3,1,17,0,0.4349330151048316,0.43495049308490585,503970,219202,284768,0.987105609263352,0.006560253442183502,post_hoc_final_checkpoint_only
R1,RIM_ONE_r3,1,17,1,0.4349358532198044,0.4352175402535115,29190,12704,16486,0.7092338427211167,0.1791227265780223,post_hoc_final_checkpoint_only
R1,RIM_ONE_r3,1,17,2,0.43495028165179767,0.4359163074334981,9511,4146,5365,0.7860293527949315,0.152559963099631,post_hoc_final_checkpoint_only
R1,RIM_ONE_r3,1,18,0,0.43693539353443434,0.4369547787523918,500141,218539,281602,0.987105609263352,0.006560253442183502,post_hoc_final_checkpoint_only
R1,RIM_ONE_r3,1,18,1,0.436917996558818,0.43725671918443004,26975,11795,15180,0.7092338427211167,0.1791227265780223,post_hoc_final_checkpoint_only
R1,RIM_ONE_r3,1,18,2,0.4369579813753348,0.4376803231390652,10398,4551,5847,0.7860293527949315,0.152559963099631,post_hoc_final_checkpoint_only
R1,RIM_ONE_r3,1,19,0,0.4389374711840332,0.43895230574101995,501444,220110,281334,0.987105609263352,0.006560253442183502,post_hoc_final_checkpoint_only
R1,RIM_ONE_r3,1,19,1,0.43894605314849133,0.4392482071848554,29423,12924,16499,0.7092338427211167,0.1791227265780223,post_hoc_final_checkpoint_only
R1,RIM_ONE_r3,1,19,2,0.4388916476842681,0.4398426401486176,9151,4025,5126,0.7860293527949315,0.152559963099631,post_hoc_final_checkpoint_only
R1,RIM_ONE_r3,1,20,0,0.4409326482164355,0.4409501392834924,504726,222559,282167,0.987105609263352,0.006560253442183502,post_hoc_final_checkpoint_only
R1,RIM_ONE_r3,1,20,1,0.44095032463539535,0.4412523971087181,27116,11965,15151,0.7092338427211167,0.1791227265780223,post_hoc_final_checkpoint_only
R1,RIM_ONE_r3,1,20,2,0.44088172876186194,0.4415519648912827,10026,4427,5599,0.7860293527949315,0.152559963099631,post_hoc_final_checkpoint_only
R1,RIM_ONE_r3,1,21,0,0.44293378430569635,0.44294837300582424,505472,223898,281574,0.987105609263352,0.006560253442183502,post_hoc_final_checkpoint_only
R1,RIM_ONE_r3,1,21,1,0.44291225460557654,0.4431626652683621,26699,11832,14867,0.7092338427211167,0.1791227265780223,post_hoc_final_checkpoint_only
R1,RIM_ONE_r3,1,21,2,0.44300928728299127,0.44391383865068074,9842,4369,5473,0.7860293527949315,0.152559963099631,post_hoc_final_checkpoint_only
R1,RIM_ONE_r3,1,22,0,0.444934281548421,0.44494923944146386,500093,222516,277577,0.987105609263352,0.006560253442183502,post_hoc_final_checkpoint_only
R1,RIM_ONE_r3,1,22,1,0.4449907494718141,0.4452908094255001,28094,12510,15584,0.7092338427211167,0.1791227265780223,post_hoc_final_checkpoint_only
R1,RIM_ONE_r3,1,22,2,0.4449901667398292,0.4456995640110979,10092,4498,5594,0.7860293527949315,0.152559963099631,post_hoc_final_checkpoint_only
R1,RIM_ONE_r3,1,23,0,0.4469391726009943,0.4469521532332671,504799,225621,279178,0.987105609263352,0.006560253442183502,post_hoc_final_checkpoint_only
R1,RIM_ONE_r3,1,23,1,0.4469564423786355,0.4471824976961671,29299,13102,16197,0.7092338427211167,0.1791227265780223,post_hoc_final_checkpoint_only
R1,RIM_ONE_r3,1,23,2,0.4469173609767229,0.44760632833367575,9734,4357,5377,0.7860293527949315,0.152559963099631,post_hoc_final_checkpoint_only
R1,RIM_ONE_r3,1,24,0,0.4489382710571941,0.44895677356395863,506218,227270,278948,0.987105609263352,0.006560253442183502,post_hoc_final_checkpoint_only
R1,RIM_ONE_r3,1,24,1,0.4489178328580933,0.44919203307027433,26610,11953,14657,0.7092338427211167,0.1791227265780223,post_hoc_final_checkpoint_only
R1,RIM_ONE_r3,1,24,2,0.4489555544846098,0.4499517219182491,9321,4194,5127,0.7860293527949315,0.152559963099631,post_hoc_final_checkpoint_only
R1,RIM_ONE_r3,1,25,0,0.4509391251002867,0.45095393949070006,501080,225964,275116,0.987105609263352,0.006560253442183502,post_hoc_final_checkpoint_only
R1,RIM_ONE_r3,1,25,1,0.45091207182355025,0.45119180822568067,29493,13307,16186,0.7092338427211167,0.1791227265780223,post_hoc_final_checkpoint_only
R1,RIM_ONE_r3,1,25,2,0.4510290323571996,0.45185102337546135,8941,4040,4901,0.7860293527949315,0.152559963099631,post_hoc_final_checkpoint_only
R1,RIM_ONE_r3,1,26,0,0.45293942414933774,0.45295791540983477,503581,228101,275480,0.987105609263352,0.006560253442183502,post_hoc_final_checkpoint_only
R1,RIM_ONE_r3,1,26,1,0.45300409748514026,0.45327467537075145,28186,12776,15410,0.7092338427211167,0.1791227265780223,post_hoc_final_checkpoint_only
R1,RIM_ONE_r3,1,26,2,0.4530002754573675,0.453960396039604,10100,4585,5515,0.7860293527949315,0.152559963099631,post_hoc_final_checkpoint_only
R1,RIM_ONE_r3,1,27,0,0.4549401817694501,0.45495995779603265,504218,229399,274819,0.987105609263352,0.006560253442183502,post_hoc_final_checkpoint_only
R1,RIM_ONE_r3,1,27,1,0.4549676255632686,0.4552719680334065,27779,12647,15132,0.7092338427211167,0.1791227265780223,post_hoc_final_checkpoint_only
R1,RIM_ONE_r3,1,27,2,0.45489971263845647,0.4554870970622377,11199,5101,6098,0.7860293527949315,0.152559963099631,post_hoc_final_checkpoint_only
R1,RIM_ONE_r3,1,28,0,0.4569401998086589,0.4569578952406784,501416,229126,272290,0.987105609263352,0.006560253442183502,post_hoc_final_checkpoint_only
R1,RIM_ONE_r3,1,28,1,0.4568902354095645,0.45717592592592593,28512,13035,15477,0.7092338427211167,0.1791227265780223,post_hoc_final_checkpoint_only
R1,RIM_ONE_r3,1,28,2,0.45700107136262846,0.4576301615798923,11140,5098,6042,0.7860293527949315,0.152559963099631,post_hoc_final_checkpoint_only
R1,RIM_ONE_r3,1,29,0,0.4589416178945659,0.45895550445826094,505354,231935,273419,0.987105609263352,0.006560253442183502,post_hoc_final_checkpoint_only
R1,RIM_ONE_r3,1,29,1,0.4589339840720807,0.45925462383534976,28764,13210,15554,0.7092338427211167,0.1791227265780223,post_hoc_final_checkpoint_only
R1,RIM_ONE_r3,1,29,2,0.4589839281772301,0.4597861459786146,8604,3956,4648,0.7860293527949315,0.152559963099631,post_hoc_final_checkpoint_only
R1,RIM_ONE_r3,1,30,0,0.4609395236655813,0.46095927052642505,500964,230924,270040,0.987105609263352,0.006560253442183502,post_hoc_final_checkpoint_only
R1,RIM_ONE_r3,1,30,1,0.46092634234936775,0.4612186379928315,27900,12868,15032,0.7092338427211167,0.1791227265780223,post_hoc_final_checkpoint_only
R1,RIM_ONE_r3,1,30,2,0.46094895359984156,0.46168615814278235,11458,5290,6168,0.7860293527949315,0.152559963099631,post_hoc_final_checkpoint_only
R1,RIM_ONE_r3,1,31,0,0.46294719268518525,0.4629652328289398,505822,234178,271644,0.987105609263352,0.006560253442183502,post_hoc_final_checkpoint_only
R1,RIM_ONE_r3,1,31,1,0.4629144854322711,0.4632313472893183,27945,12945,15000,0.7092338427211167,0.1791227265780223,post_hoc_final_checkpoint_only
R1,RIM_ONE_r3,1,31,2,0.46305360275976104,0.4637806637806638,10395,4821,5574,0.7860293527949315,0.152559963099631,post_hoc_final_checkpoint_only
R1,RIM_ONE_r3,1,32,0,0.4649428491359311,0.4649597152884188,505775,235165,270610,0.987105609263352,0.006560253442183502,post_hoc_final_checkpoint_only
R1,RIM_ONE_r3,1,32,1,0.4649002715518036,0.4652272415213511,29132,13553,15579,0.7092338427211167,0.1791227265780223,post_hoc_final_checkpoint_only
R1,RIM_ONE_r3,1,32,2,0.46501119371006594,0.4659528505682352,10647,4961,5686,0.7860293527949315,0.152559963099631,post_hoc_final_checkpoint_only
R1,RIM_ONE_r3,1,33,0,0.46694303367936607,0.46695774912206095,500889,233894,266995,0.987105609263352,0.006560253442183502,post_hoc_final_checkpoint_only
R1,RIM_ONE_r3,1,33,1,0.4668922928729768,0.46722633624165993,27278,12745,14533,0.7092338427211167,0.1791227265780223,post_hoc_final_checkpoint_only
R1,RIM_ONE_r3,1,33,2,0.46699986325536924,0.46781708369283864,11590,5422,6168,0.7860293527949315,0.152559963099631,post_hoc_final_checkpoint_only
R1,RIM_ONE_r3,1,34,0,0.46894647312673604,0.46896138521913666,500715,234816,265899,0.987105609263352,0.006560253442183502,post_hoc_final_checkpoint_only
R1,RIM_ONE_r3,1,34,1,0.4689338637971088,0.46917545207009703,28646,13440,15206,0.7092338427211167,0.1791227265780223,post_hoc_final_checkpoint_only
R1,RIM_ONE_r3,1,34,2,0.46900767072576016,0.46962061424360557,10517,4939,5578,0.7860293527949315,0.152559963099631,post_hoc_final_checkpoint_only
R1,RIM_ONE_r3,1,35,0,0.47094359131033403,0.47095914266843064,504169,237443,266726,0.987105609263352,0.006560253442183502,post_hoc_final_checkpoint_only
R1,RIM_ONE_r3,1,35,1,0.47092593350303863,0.4712905477388781,27221,12829,14392,0.7092338427211167,0.1791227265780223,post_hoc_final_checkpoint_only
R1,RIM_ONE_r3,1,35,2,0.4709588030770611,0.4715956948993917,10685,5039,5646,0.7860293527949315,0.152559963099631,post_hoc_final_checkpoint_only
R1,RIM_ONE_r3,1,36,0,0.47294232063520775,0.4729625644670131,503746,238253,265493,0.987105609263352,0.006560253442183502,post_hoc_final_checkpoint_only
R1,RIM_ONE_r3,1,36,1,0.472916875494797,0.47316186748672073,28616,13540,15076,0.7092338427211167,0.1791227265780223,post_hoc_final_checkpoint_only
R1,RIM_ONE_r3,1,36,2,0.473058949100842,0.4739421355197437,10611,5029,5582,0.7860293527949315,0.152559963099631,post_hoc_final_checkpoint_only
R1,RIM_ONE_r3,1,37,0,0.47494783412957353,0.4749631343182731,503178,238991,264187,0.987105609263352,0.006560253442183502,post_hoc_final_checkpoint_only
R1,RIM_ONE_r3,1,37,1,0.47493752752083157,0.475248564626803,28564,13575,14989,0.7092338427211167,0.1791227265780223,post_hoc_final_checkpoint_only
R1,RIM_ONE_r3,1,37,2,0.4749571385978676,0.4757823784304285,10385,4941,5444,0.7860293527949315,0.152559963099631,post_hoc_final_checkpoint_only
R1,RIM_ONE_r3,1,38,0,0.47694726831691603,0.4769600279947192,502952,239888,263064,0.987105609263352,0.006560253442183502,post_hoc_final_checkpoint_only
R1,RIM_ONE_r3,1,38,1,0.4769751416882993,0.4771668548842462,28336,13521,14815,0.7092338427211167,0.1791227265780223,post_hoc_final_checkpoint_only
R1,RIM_ONE_r3,1,38,2,0.47692113741226305,0.47752453308008863,12636,6034,6602,0.7860293527949315,0.152559963099631,post_hoc_final_checkpoint_only
R1,RIM_ONE_r3,1,39,0,0.4789464613805221,0.47896333552881065,501030,239975,261055,0.987105609263352,0.006560253442183502,post_hoc_final_checkpoint_only
R1,RIM_ONE_r3,1,39,1,0.4789195297557752,0.47923175234308435,28168,13499,14669,0.7092338427211167,0.1791227265780223,post_hoc_final_checkpoint_only
R1,RIM_ONE_r3,1,39,2,0.47903718456315736,0.47962017378840816,11163,5354,5809,0.7860293527949315,0.152559963099631,post_hoc_final_checkpoint_only
R1,RIM_ONE_r3,1,40,0,0.48094670625866104,0.4809636287206998,499570,240275,259295,0.987105609263352,0.006560253442183502,post_hoc_final_checkpoint_only
R1,RIM_ONE_r3,1,40,1,0.48097697108407694,0.48119794435583907,28215,13577,14638,0.7092338427211167,0.1791227265780223,post_hoc_final_checkpoint_only
R1,RIM_ONE_r3,1,40,2,0.48092313528458513,0.48157228725087,12644,6089,6555,0.7860293527949315,0.152559963099631,post_hoc_final_checkpoint_only
R1,RIM_ONE_r3,1,41,0,0.4829467648509956,0.48296176985743783,504131,243476,260655,0.987105609263352,0.006560253442183502,post_hoc_final_checkpoint_only
R1,RIM_ONE_r3,1,41,1,0.482931678579346,0.48314957353858956,28842,13935,14907,0.7092338427211167,0.1791227265780223,post_hoc_final_checkpoint_only
R1,RIM_ONE_r3,1,41,2,0.4829242709714635,0.48363512709342854,11763,5689,6074,0.7860293527949315,0.152559963099631,post_hoc_final_checkpoint_only
R1,RIM_ONE_r3,1,42,0,0.48494369258308856,0.4849624510665495,500680,242811,257869,0.987105609263352,0.006560253442183502,post_hoc_final_checkpoint_only
R1,RIM_ONE_r3,1,42,1,0.48497616330728005,0.4852355400467459,30377,14740,15637,0.7092338427211167,0.1791227265780223,post_hoc_final_checkpoint_only
R1,RIM_ONE_r3,1,42,2,0.4850145908089506,0.4856420444283908,11074,5378,5696,0.7860293527949315,0.152559963099631,post_hoc_final_checkpoint_only
R1,RIM_ONE_r3,1,43,0,0.4869467197853662,0.486964953815337,502223,244565,257658,0.987105609263352,0.006560253442183502,post_hoc_final_checkpoint_only
R1,RIM_ONE_r3,1,43,1,0.48702664976361554,0.4873625087760356,25638,12495,13143,0.7092338427211167,0.1791227265780223,post_hoc_final_checkpoint_only
R1,RIM_ONE_r3,1,43,2,0.4869364496106348,0.48778558006131933,10111,4932,5179,0.7860293527949315,0.152559963099631,post_hoc_final_checkpoint_only
R1,RIM_ONE_r3,1,44,0,0.4889528020609284,0.488966674485322,498807,243900,254907,0.987105609263352,0.006560253442183502,post_hoc_final_checkpoint_only
R1,RIM_ONE_r3,1,44,1,0.4889468423159017,0.4892598019943529,27979,13689,14290,0.7092338427211167,0.1791227265780223,post_hoc_final_checkpoint_only
R1,RIM_ONE_r3,1,44,2,0.4889407499821046,0.4894443096335841,12363,6051,6312,0.7860293527949315,0.152559963099631,post_hoc_final_checkpoint_only
R1,RIM_ONE_r3,1,45,0,0.4909473477302561,0.4909615815201346,504679,247778,256901,0.987105609263352,0.006560253442183502,post_hoc_final_checkpoint_only
R1,RIM_ONE_r3,1,45,1,0.4909569374540226,0.4912819031803906,27701,13609,14092,0.7092338427211167,0.1791227265780223,post_hoc_final_checkpoint_only
R1,RIM_ONE_r3,1,45,2,0.4909057958460229,0.4916052766832277,11674,5739,5935,0.7860293527949315,0.152559963099631,post_hoc_final_checkpoint_only
R1,RIM_ONE_r3,1,46,0,0.4929518999376951,0.4929704826143457,500959,246958,254001,0.987105609263352,0.006560253442183502,post_hoc_final_checkpoint_only
R1,RIM_ONE_r3,1,46,1,0.4928972512672008,0.4932032680659248,28396,14005,14391,0.7092338427211167,0.1791227265780223,post_hoc_final_checkpoint_only
R1,RIM_ONE_r3,1,46,2,0.49293827268889606,0.49341189950077746,12219,6029,6190,0.7860293527949315,0.152559963099631,post_hoc_final_checkpoint_only
R1,RIM_ONE_r3,1,47,0,0.49495029425667336,0.4949700758928839,501101,248030,253071,0.987105609263352,0.006560253442183502,post_hoc_final_checkpoint_only
R1,RIM_ONE_r3,1,47,1,0.4949324179340392,0.49521095815167016,29129,14425,14704,0.7092338427211167,0.1791227265780223,post_hoc_final_checkpoint_only
R1,RIM_ONE_r3,1,47,2,0.49496708131075245,0.495802870295153,11079,5493,5586,0.7860293527949315,0.152559963099631,post_hoc_final_checkpoint_only
R1,RIM_ONE_r3,1,48,0,0.4969508499131284,0.4969672333676064,501852,249404,252448,0.987105609263352,0.006560253442183502,post_hoc_final_checkpoint_only
R1,RIM_ONE_r3,1,48,1,0.49701832030455234,0.49731859472474554,27411,13632,13779,0.7092338427211167,0.1791227265780223,post_hoc_final_checkpoint_only
R1,RIM_ONE_r3,1,48,2,0.49693714239573655,0.4975100008163932,12249,6094,6155,0.7860293527949315,0.152559963099631,post_hoc_final_checkpoint_only
R1,RIM_ONE_r3,1,49,0,0.49895309635086516,0.498969165904001,505901,252429,253472,0.987105609263352,0.006560253442183502,post_hoc_final_checkpoint_only
R1,RIM_ONE_r3,1,49,1,0.4989775830827796,0.49928109273903665,27820,13890,13930,0.7092338427211167,0.1791227265780223,post_hoc_final_checkpoint_only
R1,RIM_ONE_r3,1,49,2,0.4989355656054577,0.49958123953098826,11940,5965,5975,0.7860293527949315,0.152559963099631,post_hoc_final_checkpoint_only
R1,RIM_ONE_r3,1,50,0,0.5009573565861576,0.5009744030290014,502872,251926,250946,0.987105609263352,0.006560253442183502,post_hoc_final_checkpoint_only
R1,RIM_ONE_r3,1,50,1,0.5009642676654187,0.5012492522081853,28417,14244,14173,0.7092338427211167,0.1791227265780223,post_hoc_final_checkpoint_only
R1,RIM_ONE_r3,1,50,2,0.5009438947860806,0.5014812376563529,12152,6094,6058,0.7860293527949315,0.152559963099631,post_hoc_final_checkpoint_only
R1,RIM_ONE_r3,1,51,0,0.5029497951766321,0.5029641822204528,504861,253927,250934,0.987105609263352,0.006560253442183502,post_hoc_final_checkpoint_only
R1,RIM_ONE_r3,1,51,1,0.503007345349406,0.5033231987555681,28286,14237,14049,0.7092338427211167,0.1791227265780223,post_hoc_final_checkpoint_only
R1,RIM_ONE_r3,1,51,2,0.5030073257974722,0.5037402244134648,11764,5926,5838,0.7860293527949315,0.152559963099631,post_hoc_final_checkpoint_only
R1,RIM_ONE_r3,1,52,0,0.5049587135977267,0.5049777075682004,498824,251895,246929,0.987105609263352,0.006560253442183502,post_hoc_final_checkpoint_only
R1,RIM_ONE_r3,1,52,1,0.5049660076030751,0.5052596537949401,30040,15178,14862,0.7092338427211167,0.1791227265780223,post_hoc_final_checkpoint_only
R1,RIM_ONE_r3,1,52,2,0.5049113982468897,0.505590988155388,12073,6104,5969,0.7860293527949315,0.152559963099631,post_hoc_final_checkpoint_only
R1,RIM_ONE_r3,1,53,0,0.5069495489022938,0.5069658642838972,503168,255089,248079,0.987105609263352,0.006560253442183502,post_hoc_final_checkpoint_only
R1,RIM_ONE_r3,1,53,1,0.5069568649014765,0.507290077689879,28189,14300,13889,0.7092338427211167,0.1791227265780223,post_hoc_final_checkpoint_only
R1,RIM_ONE_r3,1,53,2,0.5070119556852788,0.5076760987357014,13288,6746,6542,0.7860293527949315,0.152559963099631,post_hoc_final_checkpoint_only
R1,RIM_ONE_r3,1,54,0,0.5089585302070204,0.508973989826279,500112,254544,245568,0.987105609263352,0.006560253442183502,post_hoc_final_checkpoint_only
R1,RIM_ONE_r3,1,54,1,0.5089236233723443,0.5092505064145847,29620,15084,14536,0.7092338427211167,0.1791227265780223,post_hoc_final_checkpoint_only
R1,RIM_ONE_r3,1,54,2,0.508877266420366,0.5093978974195603,12556,6396,6160,0.7860293527949315,0.152559963099631,post_hoc_final_checkpoint_only
R1,RIM_ONE_r3,1,55,0,0.5109577482647262,0.5109765344400989,501160,256081,245079,0.987105609263352,0.006560253442183502,post_hoc_final_checkpoint_only
R1,RIM_ONE_r3,1,55,1,0.5109579765159635,0.5112612612612613,28860,14755,14105,0.7092338427211167,0.1791227265780223,post_hoc_final_checkpoint_only
R1,RIM_ONE_r3,1,55,2,0.5108850016804055,0.5116975633449364,12353,6321,6032,0.7860293527949315,0.152559963099631,post_hoc_final_checkpoint_only
R1,RIM_ONE_r3,1,56,0,0.5129553675397017,0.5129670015656843,503933,258501,245432,0.987105609263352,0.006560253442183502,post_hoc_final_checkpoint_only
R1,RIM_ONE_r3,1,56,1,0.5129814282716774,0.5133219178082192,29200,14989,14211,0.7092338427211167,0.1791227265780223,post_hoc_final_checkpoint_only
R1,RIM_ONE_r3,1,56,2,0.5129819419169784,0.5136447733580018,12972,6663,6309,0.7860293527949315,0.152559963099631,post_hoc_final_checkpoint_only
R1,RIM_ONE_r3,1,57,0,0.51496178325678,0.5149723031923952,499155,257051,242104,0.987105609263352,0.006560253442183502,post_hoc_final_checkpoint_only
R1,RIM_ONE_r3,1,57,1,0.5149449154775974,0.5152047753274747,30155,15536,14619,0.7092338427211167,0.1791227265780223,post_hoc_final_checkpoint_only
R1,RIM_ONE_r3,1,57,2,0.514955002788862,0.515625,13056,6732,6324,0.7860293527949315,0.152559963099631,post_hoc_final_checkpoint_only
R1,RIM_ONE_r3,1,58,0,0.5169621482210828,0.5169808554229759,504686,260913,243773,0.987105609263352,0.006560253442183502,post_hoc_final_checkpoint_only
R1,RIM_ONE_r3,1,58,1,0.5169253032609046,0.5171681292659145,28716,14851,13865,0.7092338427211167,0.1791227265780223,post_hoc_final_checkpoint_only
R1,RIM_ONE_r3,1,58,2,0.5170361553340277,0.5175569111739324,13442,6957,6485,0.7860293527949315,0.152559963099631,post_hoc_final_checkpoint_only
R1,RIM_ONE_r3,1,59,0,0.5189610309735547,0.5189763245099214,500940,259976,240964,0.987105609263352,0.006560253442183502,post_hoc_final_checkpoint_only
R1,RIM_ONE_r3,1,59,1,0.5189038708195176,0.5191385944778235,29626,15380,14246,0.7092338427211167,0.1791227265780223,post_hoc_final_checkpoint_only
R1,RIM_ONE_r3,1,59,2,0.5190655978298303,0.5196362133112856,12095,6285,5810,0.7860293527949315,0.152559963099631,post_hoc_final_checkpoint_only
R1,RIM_ONE_r3,1,60,0,0.5209580198352135,0.5209721083427595,501261,261143,240118,0.987105609263352,0.006560253442183502,post_hoc_final_checkpoint_only
R1,RIM_ONE_r3,1,60,1,0.520990402560628,0.5212387239484326,28933,15081,13852,0.7092338427211167,0.1791227265780223,post_hoc_final_checkpoint_only
R1,RIM_ONE_r3,1,60,2,0.5209536147137626,0.5215989200539973,13334,6955,6379,0.7860293527949315,0.152559963099631,post_hoc_final_checkpoint_only
R1,RIM_ONE_r3,1,61,0,0.5229604449349622,0.5229719599336481,501568,262306,239262,0.987105609263352,0.006560253442183502,post_hoc_final_checkpoint_only
R1,RIM_ONE_r3,1,61,1,0.522996912962348,0.5233062149906642,29992,15695,14297,0.7092338427211167,0.1791227265780223,post_hoc_final_checkpoint_only
R1,RIM_ONE_r3,1,61,2,0.5229846336342729,0.5235866042491898,13885,7270,6615,0.7860293527949315,0.152559963099631,post_hoc_final_checkpoint_only
R1,RIM_ONE_r3,1,62,0,0.5249647749390582,0.5249810274459655,502041,263562,238479,0.987105609263352,0.006560253442183502,post_hoc_final_checkpoint_only
R1,RIM_ONE_r3,1,62,1,0.5249081795730558,0.5252528751558819,28868,15163,13705,0.7092338427211167,0.1791227265780223,post_hoc_final_checkpoint_only
R1,RIM_ONE_r3,1,62,2,0.5250528070412772,0.5254864886157725,12693,6670,6023,0.7860293527949315,0.152559963099631,post_hoc_final_checkpoint_only
R1,RIM_ONE_r3,1,63,0,0.5269630704690653,0.526977287723287,503164,265156,238008,0.987105609263352,0.006560253442183502,post_hoc_final_checkpoint_only
R1,RIM_ONE_r3,1,63,1,0.5269225308383124,0.527269647696477,29520,15565,13955,0.7092338427211167,0.1791227265780223,post_hoc_final_checkpoint_only
R1,RIM_ONE_r3,1,63,2,0.5269916754142281,0.5276161632262693,12547,6620,5927,0.7860293527949315,0.152559963099631,post_hoc_final_checkpoint_only
R1,RIM_ONE_r3,1,64,0,0.5289591273943566,0.5289734555225141,502063,265578,236485,0.987105609263352,0.006560253442183502,post_hoc_final_checkpoint_only
R1,RIM_ONE_r3,1,64,1,0.5289410852492884,0.529168868921776,30272,16019,14253,0.7092338427211167,0.1791227265780223,post_hoc_final_checkpoint_only
R1,RIM_ONE_r3,1,64,2,0.529036561942996,0.5295385301330163,13457,7126,6331,0.7860293527949315,0.152559963099631,post_hoc_final_checkpoint_only
R1,RIM_ONE_r3,1,65,0,0.5309585639310085,0.5309750594061383,500790,265907,234883,0.987105609263352,0.006560253442183502,post_hoc_final_checkpoint_only
R1,RIM_ONE_r3,1,65,1,0.5309793658055865,0.5312220195655778,30155,16019,14136,0.7092338427211167,0.1791227265780223,post_hoc_final_checkpoint_only
R1,RIM_ONE_r3,1,65,2,0.5311178974198668,0.531859040649113,12571,6686,5885,0.7860293527949315,0.152559963099631,post_hoc_final_checkpoint_only
R1,RIM_ONE_r3,1,66,0,0.5329629033186325,0.532979410858262,502935,268054,234881,0.987105609263352,0.006560253442183502,post_hoc_final_checkpoint_only
R1,RIM_ONE_r3,1,66,1,0.5329535887091015,0.533202070564324,31489,16790,14699,0.7092338427211167,0.1791227265780223,post_hoc_final_checkpoint_only
R1,RIM_ONE_r3,1,66,2,0.5329178792375128,0.5335894018969978,12757,6807,5950,0.7860293527949315,0.152559963099631,post_hoc_final_checkpoint_only
R1,RIM_ONE_r3,1,67,0,0.5349685511227582,0.5349847736723676,503076,269138,233938,0.987105609263352,0.006560253442183502,post_hoc_final_checkpoint_only
R1,RIM_ONE_r3,1,67,1,0.5349891228595325,0.5351674878476241,30241,16184,14057,0.7092338427211167,0.1791227265780223,post_hoc_final_checkpoint_only
R1,RIM_ONE_r3,1,67,2,0.5349299500358092,0.5353909141012518,12701,6800,5901,0.7860293527949315,0.152559963099631,post_hoc_final_checkpoint_only
R1,RIM_ONE_r3,1,68,0,0.5369611720108568,0.5369792248854255,500984,269018,231966,0.987105609263352,0.006560253442183502,post_hoc_final_checkpoint_only
R1,RIM_ONE_r3,1,68,1,0.5369912317328399,0.5372736401094145,28881,15517,13364,0.7092338427211167,0.1791227265780223,post_hoc_final_checkpoint_only
R1,RIM_ONE_r3,1,68,2,0.5369465850217777,0.5374691575608037,14185,7624,6561,0.7860293527949315,0.152559963099631,post_hoc_final_checkpoint_only
R1,RIM_ONE_r3,1,69,0,0.5389671751196036,0.5389835704630649,502327,270746,231581,0.987105609263352,0.006560253442183502,post_hoc_final_checkpoint_only
R1,RIM_ONE_r3,1,69,1,0.5389309297238789,0.539181165423916,28968,15619,13349,0.7092338427211167,0.1791227265780223,post_hoc_final_checkpoint_only
R1,RIM_ONE_r3,1,69,2,0.5389601697980513,0.539677366791592,12274,6624,5650,0.7860293527949315,0.152559963099631,post_hoc_final_checkpoint_only
R1,RIM_ONE_r3,1,70,0,0.5409660396396392,0.5409820083840174,502623,271910,230713,0.987105609263352,0.006560253442183502,post_hoc_final_checkpoint_only
R1,RIM_ONE_r3,1,70,1,0.5409325707602936,0.5412072065958674,29473,15951,13522,0.7092338427211167,0.1791227265780223,post_hoc_final_checkpoint_only
R1,RIM_ONE_r3,1,70,2,0.5410028503866053,0.5416347186014415,13042,7064,5978,0.7860293527949315,0.152559963099631,post_hoc_final_checkpoint_only
R1,RIM_ONE_r3,1,71,0,0.5429706689618468,0.5429919709527444,501803,272475,229328,0.987105609263352,0.006560253442183502,post_hoc_final_checkpoint_only
R1,RIM_ONE_r3,1,71,1,0.5429313883384478,0.5432102749451401,30988,16833,14155,0.7092338427211167,0.1791227265780223,post_hoc_final_checkpoint_only
R1,RIM_ONE_r3,1,71,2,0.5430767915793422,0.543706155907622,12687,6898,5789,0.7860293527949315,0.152559963099631,post_hoc_final_checkpoint_only
R1,RIM_ONE_r3,1,72,0,0.5449702409154066,0.5449831905867286,499720,272339,227381,0.987105609263352,0.006560253442183502,post_hoc_final_checkpoint_only
R1,RIM_ONE_r3,1,72,1,0.5449336744324916,0.5452835259338887,29768,16232,13536,0.7092338427211167,0.1791227265780223,post_hoc_final_checkpoint_only
R1,RIM_ONE_r3,1,72,2,0.5450365932946516,0.5455511691466748,13172,7186,5986,0.7860293527949315,0.152559963099631,post_hoc_final_checkpoint_only
R1,RIM_ONE_r3,1,73,0,0.5469653172350375,0.5469808866206345,499650,273299,226351,0.987105609263352,0.006560253442183502,post_hoc_final_checkpoint_only
R1,RIM_ONE_r3,1,73,1,0.5469790452781828,0.5472788889627218,30098,16472,13626,0.7092338427211167,0.1791227265780223,post_hoc_final_checkpoint_only
R1,RIM_ONE_r3,1,73,2,0.5469866019946497,0.5474877219493767,13235,7246,5989,0.7860293527949315,0.152559963099631,post_hoc_final_checkpoint_only
R1,RIM_ONE_r3,1,74,0,0.5489732684264351,0.5489858002120555,504585,277010,227575,0.987105609263352,0.006560253442183502,post_hoc_final_checkpoint_only
R1,RIM_ONE_r3,1,74,1,0.5489505528899732,0.5492319810949192,30468,16734,13734,0.7092338427211167,0.1791227265780223,post_hoc_final_checkpoint_only
R1,RIM_ONE_r3,1,74,2,0.5489500945103472,0.5495116334471531,12593,6920,5673,0.7860293527949315,0.152559963099631,post_hoc_final_checkpoint_only
R1,RIM_ONE_r3,1,75,0,0.5509710500761289,0.5509839710352048,502403,276816,225587,0.987105609263352,0.006560253442183502,post_hoc_final_checkpoint_only
R1,RIM_ONE_r3,1,75,1,0.5509665857204105,0.5511994772706058,32139,17715,14424,0.7092338427211167,0.1791227265780223,post_hoc_final_checkpoint_only
R1,RIM_ONE_r3,1,75,2,0.5510030973402439,0.5516550452833213,12477,6883,5594,0.7860293527949315,0.152559963099631,post_hoc_final_checkpoint_only
R1,RIM_ONE_r3,1,76,0,0.552969724474394,0.5529831182558119,502377,277806,224571,0.987105609263352,0.006560253442183502,post_hoc_final_checkpoint_only
R1,RIM_ONE_r3,1,76,1,0.5530004752975504,0.5532858221944892,30449,16847,13602,0.7092338427211167,0.1791227265780223,post_hoc_final_checkpoint_only
R1,RIM_ONE_r3,1,76,2,0.5529928295946824,0.5537095388140933,13964,7732,6232,0.7860293527949315,0.152559963099631,post_hoc_final_checkpoint_only
R1,RIM_ONE_r3,1,77,0,0.5549721445369526,0.5549930823796614,500172,277592,222580,0.987105609263352,0.006560253442183502,post_hoc_final_checkpoint_only
R1,RIM_ONE_r3,1,77,1,0.5549181242990491,0.5551327210969933,31796,17651,14145,0.7092338427211167,0.1791227265780223,post_hoc_final_checkpoint_only
R1,RIM_ONE_r3,1,77,2,0.5550081999339931,0.5556251958633657,12764,7092,5672,0.7860293527949315,0.152559963099631,post_hoc_final_checkpoint_only
R1,RIM_ONE_r3,1,78,0,0.556970246060029,0.5569860457730403,503790,280604,223186,0.987105609263352,0.006560253442183502,post_hoc_final_checkpoint_only
R1,RIM_ONE_r3,1,78,1,0.5570028623055531,0.5571845583653121,30489,16988,13501,0.7092338427211167,0.1791227265780223,post_hoc_final_checkpoint_only
R1,RIM_ONE_r3,1,78,2,0.5569562990953467,0.5576222583895218,12903,7195,5708,0.7860293527949315,0.152559963099631,post_hoc_final_checkpoint_only
R1,RIM_ONE_r3,1,79,0,0.5589768588259643,0.5589902349136812,500354,279693,220661,0.987105609263352,0.006560253442183502,post_hoc_final_checkpoint_only
R1,RIM_ONE_r3,1,79,1,0.5589594352151228,0.559223634489866,29110,16279,12831,0.7092338427211167,0.1791227265780223,post_hoc_final_checkpoint_only
R1,RIM_ONE_r3,1,79,2,0.5589778568966783,0.5596330275229358,12971,7259,5712,0.7860293527949315,0.152559963099631,post_hoc_final_checkpoint_only
R1,RIM_ONE_r3,1,80,0,0.5609710136337436,0.5609850777169066,502336,281803,220533,0.987105609263352,0.006560253442183502,post_hoc_final_checkpoint_only
R1,RIM_ONE_r3,1,80,1,0.560946160876785,0.5611712921050167,32033,17976,14057,0.7092338427211167,0.1791227265780223,post_hoc_final_checkpoint_only
R1,RIM_ONE_r3,1,80,2,0.5609418242428559,0.5617760617760618,11396,6402,4994,0.7860293527949315,0.152559963099631,post_hoc_final_checkpoint_only
R1,RIM_ONE_r3,1,81,0,0.5629743458713596,0.5629866074526404,504385,283962,220423,0.987105609263352,0.006560253442183502,post_hoc_final_checkpoint_only
R1,RIM_ONE_r3,1,81,1,0.5630463240240852,0.5633914160545472,30359,17104,13255,0.7092338427211167,0.1791227265780223,post_hoc_final_checkpoint_only
R1,RIM_ONE_r3,1,81,2,0.5628348347944467,0.5634292945270484,12644,7124,5520,0.7860293527949315,0.152559963099631,post_hoc_final_checkpoint_only
R1,RIM_ONE_r3,1,82,0,0.5649697997708829,0.5649841545951674,500145,282574,217571,0.987105609263352,0.006560253442183502,post_hoc_final_checkpoint_only
R1,RIM_ONE_r3,1,82,1,0.5649992236731894,0.5652793984182549,30852,17440,13412,0.7092338427211167,0.1791227265780223,post_hoc_final_checkpoint_only
R1,RIM_ONE_r3,1,82,2,0.5650234497148481,0.5655670563705414,13429,7595,5834,0.7860293527949315,0.152559963099631,post_hoc_final_checkpoint_only
R1,RIM_ONE_r3,1,83,0,0.5669701392758945,0.5669848310824191,504980,286316,218664,0.987105609263352,0.006560253442183502,post_hoc_final_checkpoint_only
R1,RIM_ONE_r3,1,83,1,0.5669808330207519,0.5672376206789163,32110,18214,13896,0.7092338427211167,0.1791227265780223,post_hoc_final_checkpoint_only
R1,RIM_ONE_r3,1,83,2,0.5669666283646632,0.5674633187112389,13222,7503,5719,0.7860293527949315,0.152559963099631,post_hoc_final_checkpoint_only
R1,RIM_ONE_r3,1,84,0,0.5689774569867754,0.568989790220946,501480,285337,216143,0.987105609263352,0.006560253442183502,post_hoc_final_checkpoint_only
R1,RIM_ONE_r3,1,84,1,0.5689374982274185,0.5691986540378864,32096,18269,13827,0.7092338427211167,0.1791227265780223,post_hoc_final_checkpoint_only
R1,RIM_ONE_r3,1,84,2,0.5689951900677775,0.5696040868454662,12528,7136,5392,0.7860293527949315,0.152559963099631,post_hoc_final_checkpoint_only
R1,RIM_ONE_r3,1,85,0,0.5709756178793903,0.5709896249002394,501200,286180,215020,0.987105609263352,0.006560253442183502,post_hoc_final_checkpoint_only
R1,RIM_ONE_r3,1,85,1,0.5709731521639434,0.571245264572895,32732,18698,14034,0.7092338427211167,0.1791227265780223,post_hoc_final_checkpoint_only
R1,RIM_ONE_r3,1,85,2,0.5709967735370162,0.5715664439495175,13470,7699,5771,0.7860293527949315,0.152559963099631,post_hoc_final_checkpoint_only
R1,RIM_ONE_r3,1,86,0,0.5729843235693318,0.5730018142768102,503782,288668,215114,0.987105609263352,0.006560253442183502,post_hoc_final_checkpoint_only
R1,RIM_ONE_r3,1,86,1,0.5729517216482721,0.5731315042573321,31710,18174,13536,0.7092338427211167,0.1791227265780223,post_hoc_final_checkpoint_only
R1,RIM_ONE_r3,1,86,2,0.5729097302672184,0.5735259106420125,12601,7227,5374,0.7860293527949315,0.152559963099631,post_hoc_final_checkpoint_only
R1,RIM_ONE_r3,1,87,0,0.5749802139384951,0.5749936063425082,500496,287782,212714,0.987105609263352,0.006560253442183502,post_hoc_final_checkpoint_only
R1,RIM_ONE_r3,1,87,1,0.5749655592186207,0.5752113027477155,32063,18443,13620,0.7092338427211167,0.1791227265780223,post_hoc_final_checkpoint_only
R1,RIM_ONE_r3,1,87,2,0.574989087537102,0.5754365020146247,13402,7712,5690,0.7860293527949315,0.152559963099631,post_hoc_final_checkpoint_only
R1,RIM_ONE_r3,1,88,0,0.5769798570669883,0.5769931599569669,503798,290688,213110,0.987105609263352,0.006560253442183502,post_hoc_final_checkpoint_only
R1,RIM_ONE_r3,1,88,1,0.5770058483020143,0.5772636389602971,31509,18189,13320,0.7092338427211167,0.1791227265780223,post_hoc_final_checkpoint_only
R1,RIM_ONE_r3,1,88,2,0.5770040857860234,0.5776699029126213,12154,7021,5133,0.7860293527949315,0.152559963099631,post_hoc_final_checkpoint_only
R1,RIM_ONE_r3,1,89,0,0.5789749617751843,0.5789923702980495,502903,291177,211726,0.987105609263352,0.006560253442183502,post_hoc_final_checkpoint_only
R1,RIM_ONE_r3,1,89,1,0.5789822379779146,0.5792850882684362,31948,18507,13441,0.7092338427211167,0.1791227265780223,post_hoc_final_checkpoint_only
R1,RIM_ONE_r3,1,89,2,0.5790195343332842,0.579573624194348,12102,7014,5088,0.7860293527949315,0.152559963099631,post_hoc_final_checkpoint_only
R1,RIM_ONE_r3,1,90,0,0.5809815637065364,0.5809995918814266,502305,291839,210466,0.987105609263352,0.006560253442183502,post_hoc_final_checkpoint_only
R1,RIM_ONE_r3,1,90,1,0.5809558495188216,0.5811244087489286,31501,18306,13195,0.7092338427211167,0.1791227265780223,post_hoc_final_checkpoint_only
R1,RIM_ONE_r3,1,90,2,0.5809746105645253,0.5816049776643267,12536,7291,5245,0.7860293527949315,0.152559963099631,post_hoc_final_checkpoint_only
R1,RIM_ONE_r3,1,91,0,0.582976243078071,0.5829927795962794,501634,292449,209185,0.987105609263352,0.006560253442183502,post_hoc_final_checkpoint_only
R1,RIM_ONE_r3,1,91,1,0.5830179939147796,0.5832364675944833,31831,18565,13266,0.7092338427211167,0.1791227265780223,post_hoc_final_checkpoint_only
R1,RIM_ONE_r3,1,91,2,0.5830416654112914,0.5837339427850895,12689,7407,5282,0.7860293527949315,0.152559963099631,post_hoc_final_checkpoint_only
R1,RIM_ONE_r3,1,92,0,0.5849781384593451,0.5849922942443779,502222,293796,208426,0.987105609263352,0.006560253442183502,post_hoc_final_checkpoint_only
R1,RIM_ONE_r3,1,92,1,0.5850043456499232,0.5852449041679343,32870,19237,13633,0.7092338427211167,0.1791227265780223,post_hoc_final_checkpoint_only
R1,RIM_ONE_r3,1,92,2,0.5849935696488562,0.5858310626702997,13212,7740,5472,0.7860293527949315,0.152559963099631,post_hoc_final_checkpoint_only
R1,RIM_ONE_r3,1,93,0,0.5869780787145468,0.5869945613620241,507480,297888,209592,0.987105609263352,0.006560253442183502,post_hoc_final_checkpoint_only
R1,RIM_ONE_r3,1,93,1,0.5869948274095584,0.5871974113983943,32759,19236,13523,0.7092338427211167,0.1791227265780223,post_hoc_final_checkpoint_only
R1,RIM_ONE_r3,1,93,2,0.5869511782044701,0.5874714724167781,12707,7465,5242,0.7860293527949315,0.152559963099631,post_hoc_final_checkpoint_only
R1,RIM_ONE_r3,1,94,0,0.5889808669719593,0.5889990835231844,500831,294989,205842,0.987105609263352,0.006560253442183502,post_hoc_final_checkpoint_only
R1,RIM_ONE_r3,1,94,1,0.5889727895232004,0.5891931009528404,33164,19540,13624,0.7092338427211167,0.1791227265780223,post_hoc_final_checkpoint_only
R1,RIM_ONE_r3,1,94,2,0.5890750264346023,0.5897163410447152,12233,7214,5019,0.7860293527949315,0.152559963099631,post_hoc_final_checkpoint_only
R1,RIM_ONE_r3,1,95,0,0.5909815522450896,0.5910007035345178,504595,298216,206379,0.987105609263352,0.006560253442183502,post_hoc_final_checkpoint_only
R1,RIM_ONE_r3,1,95,1,0.5909881384749932,0.5912425054216099,31356,18539,12817,0.7092338427211167,0.1791227265780223,post_hoc_final_checkpoint_only
R1,RIM_ONE_r3,1,95,2,0.5910470985043356,0.59170288423548,12655,7488,5167,0.7860293527949315,0.152559963099631,post_hoc_final_checkpoint_only
R1,RIM_ONE_r3,1,96,0,0.5929874281401841,0.5930022223370717,503074,298324,204750,0.987105609263352,0.006560253442183502,post_hoc_final_checkpoint_only
R1,RIM_ONE_r3,1,96,1,0.592883318701765,0.5931437125748503,33400,19811,13589,0.7092338427211167,0.1791227265780223,post_hoc_final_checkpoint_only
R1,RIM_ONE_r3,1,96,2,0.5931313933936917,0.5938706191137872,12954,7693,5261,0.7860293527949315,0.152559963099631,post_hoc_final_checkpoint_only
R1,RIM_ONE_r3,1,97,0,0.5949855571455288,0.5950008560851913,508127,302336,205791,0.987105609263352,0.006560253442183502,post_hoc_final_checkpoint_only
R1,RIM_ONE_r3,1,97,1,0.5949412756360654,0.5951856609775494,32694,19459,13235,0.7092338427211167,0.1791227265780223,post_hoc_final_checkpoint_only
R1,RIM_ONE_r3,1,97,2,0.5950397780425498,0.5956609147260847,11938,7111,4827,0.7860293527949315,0.152559963099631,post_hoc_final_checkpoint_only
R1,RIM_ONE_r3,1,98,0,0.5969804189414422,0.5969967841280902,499398,298139,201259,0.987105609263352,0.006560253442183502,post_hoc_final_checkpoint_only
R1,RIM_ONE_r3,1,98,1,0.5969898880853178,0.5971892205157925,34510,20609,13901,0.7092338427211167,0.1791227265780223,post_hoc_final_checkpoint_only
R1,RIM_ONE_r3,1,98,2,0.596961324318155,0.597588312591791,12937,7731,5206,0.7860293527949315,0.152559963099631,post_hoc_final_checkpoint_only
R1,RIM_ONE_r3,1,99,0,0.5989866408732831,0.5990011995106946,505206,302619,202587,0.987105609263352,0.006560253442183502,post_hoc_final_checkpoint_only
R1,RIM_ONE_r3,1,99,1,0.5989955136045375,0.5992278227032286,32894,19711,13183,0.7092338427211167,0.1791227265780223,post_hoc_final_checkpoint_only
R1,RIM_ONE_r3,1,99,2,0.5989386009488469,0.5995030856776469,12477,7480,4997,0.7860293527949315,0.152559963099631,post_hoc_final_checkpoint_only
R1,RIM_ONE_r3,1,100,0,0.6009841798020481,0.6010051729243219,503197,302424,200773,0.987105609263352,0.006560253442183502,post_hoc_final_checkpoint_only
R1,RIM_ONE_r3,1,100,1,0.6010137864844264,0.6012616720277318,32021,19253,12768,0.7092338427211167,0.1791227265780223,post_hoc_final_checkpoint_only
R1,RIM_ONE_r3,1,100,2,0.6009443622530312,0.601647903410018,12258,7375,4883,0.7860293527949315,0.152559963099631,post_hoc_final_checkpoint_only
R1,RIM_ONE_r3,1,101,0,0.6029858079722161,0.6030053224212453,503906,303858,200048,0.987105609263352,0.006560253442183502,post_hoc_final_checkpoint_only
R1,RIM_ONE_r3,1,101,1,0.6030081123499742,0.6032813340505648,33462,20187,13275,0.7092338427211167,0.1791227265780223,post_hoc_final_checkpoint_only
R1,RIM_ONE_r3,1,101,2,0.6028957050709669,0.6035073409461664,12260,7399,4861,0.7860293527949315,0.152559963099631,post_hoc_final_checkpoint_only
R1,RIM_ONE_r3,1,102,0,0.6049800425732603,0.6049964680482733,502555,304044,198511,0.987105609263352,0.006560253442183502,post_hoc_final_checkpoint_only
R1,RIM_ONE_r3,1,102,1,0.6050376085248297,0.6052881161086363,34795,21061,13734,0.7092338427211167,0.1791227265780223,post_hoc_final_checkpoint_only
R1,RIM_ONE_r3,1,102,2,0.6049413930735286,0.605543376135296,12772,7734,5038,0.7860293527949315,0.152559963099631,post_hoc_final_checkpoint_only
R1,RIM_ONE_r3,1,103,0,0.6069868579865991,0.6070030006606228,502556,305053,197503,0.987105609263352,0.006560253442183502,post_hoc_final_checkpoint_only
R1,RIM_ONE_r3,1,103,1,0.6069967913367239,0.6072695828487938,33537,20366,13171,0.7092338427211167,0.1791227265780223,post_hoc_final_checkpoint_only
R1,RIM_ONE_r3,1,103,2,0.606970335540961,0.6076781890486387,13076,7946,5130,0.7860293527949315,0.152559963099631,post_hoc_final_checkpoint_only
R1,RIM_ONE_r3,1,104,0,0.6089889509851869,0.6090017951108575,503033,306348,196685,0.987105609263352,0.006560253442183502,post_hoc_final_checkpoint_only
R1,RIM_ONE_r3,1,104,1,0.6089926179768728,0.6092667994174815,33647,20500,13147,0.7092338427211167,0.1791227265780223,post_hoc_final_checkpoint_only
R1,RIM_ONE_r3,1,104,2,0.6090346084269006,0.6097005482918599,11855,7228,4627,0.7860293527949315,0.152559963099631,post_hoc_final_checkpoint_only
R1,RIM_ONE_r3,1,105,0,0.6109890884923047,0.6110055264451445,502493,307026,195467,0.987105609263352,0.006560253442183502,post_hoc_final_checkpoint_only
R1,RIM_ONE_r3,1,105,1,0.6109939627090283,0.6111711290840608,34249,20932,13317,0.7092338427211167,0.1791227265780223,post_hoc_final_checkpoint_only
R1,RIM_ONE_r3,1,105,2,0.6109362130534026,0.6115669875335332,12674,7751,4923,0.7860293527949315,0.152559963099631,post_hoc_final_checkpoint_only
R1,RIM_ONE_r3,1,106,0,0.6129916299693404,0.6130079300677934,504031,308975,195056,0.987105609263352,0.006560253442183502,post_hoc_final_checkpoint_only
R1,RIM_ONE_r3,1,106,1,0.6129450987470253,0.6132072603447751,32891,20169,12722,0.7092338427211167,0.1791227265780223,post_hoc_final_checkpoint_only
R1,RIM_ONE_r3,1,106,2,0.6130687080494959,0.6137383776851555,12476,7657,4819,0.7860293527949315,0.152559963099631,post_hoc_final_checkpoint_only
R1,RIM_ONE_r3,1,107,0,0.6149924764240369,0.615010230636286,503390,309590,193800,0.987105609263352,0.006560253442183502,post_hoc_final_checkpoint_only
R1,RIM_ONE_r3,1,107,1,0.614980725207168,0.6151995471270875,35330,21735,13595,0.7092338427211167,0.1791227265780223,post_hoc_final_checkpoint_only
R1,RIM_ONE_r3,1,107,2,0.6150692259398289,0.6156302521008403,11900,7326,4574,0.7860293527949315,0.152559963099631,post_hoc_final_checkpoint_only
R1,RIM_ONE_r3,1,108,0,0.6169914578927546,0.617006434685073,504609,311347,193262,0.987105609263352,0.006560253442183502,post_hoc_final_checkpoint_only
R1,RIM_ONE_r3,1,108,1,0.6170225637197102,0.6172761474793077,33225,20509,12716,0.7092338427211167,0.1791227265780223,post_hoc_final_checkpoint_only
R1,RIM_ONE_r3,1,108,2,0.616959342408604,0.6176181907410436,12226,7551,4675,0.7860293527949315,0.152559963099631,post_hoc_final_checkpoint_only
R1,RIM_ONE_r3,1,109,0,0.6189897423670682,0.6190040844634733,507533,314165,193368,0.987105609263352,0.006560253442183502,post_hoc_final_checkpoint_only
R1,RIM_ONE_r3,1,109,1,0.61898826541977,0.6192215568862276,33400,20682,12718,0.7092338427211167,0.1791227265780223,post_hoc_final_checkpoint_only
R1,RIM_ONE_r3,1,109,2,0.6190093274346793,0.6197866990375445,11533,7148,4385,0.7860293527949315,0.152559963099631,post_hoc_final_checkpoint_only
R1,RIM_ONE_r3,1,110,0,0.6209924011521382,0.6210074585504125,505192,313728,191464,0.987105609263352,0.006560253442183502,post_hoc_final_checkpoint_only
R1,RIM_ONE_r3,1,110,1,0.6209800077073208,0.6212042639008931,34710,21562,13148,0.7092338427211167,0.1791227265780223,post_hoc_final_checkpoint_only
R1,RIM_ONE_r3,1,110,2,0.620966873591825,0.6217001281503631,11705,7277,4428,0.7860293527949315,0.152559963099631,post_hoc_final_checkpoint_only
R1,RIM_ONE_r3,1,111,0,0.622998632028086,0.623014987890069,506609,315625,190984,0.987105609263352,0.006560253442183502,post_hoc_final_checkpoint_only
R1,RIM_ONE_r3,1,111,1,0.623006995518456,0.6232415005861665,34120,21265,12855,0.7092338427211167,0.1791227265780223,post_hoc_final_checkpoint_only
R1,RIM_ONE_r3,1,111,2,0.6229606035480832,0.6237388724035609,11795,7357,4438,0.7860293527949315,0.152559963099631,post_hoc_final_checkpoint_only
R1,RIM_ONE_r3,1,112,0,0.6249924967352444,0.6250069432872299,504084,315056,189028,0.987105609263352,0.006560253442183502,post_hoc_final_checkpoint_only
R1,RIM_ONE_r3,1,112,1,0.624979095611485,0.6251698516869525,34589,21624,12965,0.7092338427211167,0.1791227265780223,post_hoc_final_checkpoint_only
R1,RIM_ONE_r3,1,112,2,0.624968731785345,0.6256754670372086,12954,8105,4849,0.7860293527949315,0.152559963099631,post_hoc_final_checkpoint_only
R1,RIM_ONE_r3,1,113,0,0.6269949436354444,0.62701041998091,502880,315311,187569,0.987105609263352,0.006560253442183502,post_hoc_final_checkpoint_only
R1,RIM_ONE_r3,1,113,1,0.6269993018827478,0.6271627534532559,34967,21930,13037,0.7092338427211167,0.1791227265780223,post_hoc_final_checkpoint_only
R1,RIM_ONE_r3,1,113,2,0.626963489381571,0.6277637130801688,11850,7439,4411,0.7860293527949315,0.152559963099631,post_hoc_final_checkpoint_only
R1,RIM_ONE_r3,1,114,0,0.6289983995168332,0.629019428934136,504145,317117,187028,0.987105609263352,0.006560253442183502,post_hoc_final_checkpoint_only
R1,RIM_ONE_r3,1,114,1,0.6289841909329406,0.6292650918635171,35052,22057,12995,0.7092338427211167,0.1791227265780223,post_hoc_final_checkpoint_only
R1,RIM_ONE_r3,1,114,2,0.6290001382238047,0.6295737756964839,12599,7932,4667,0.7860293527949315,0.152559963099631,post_hoc_final_checkpoint_only
R1,RIM_ONE_r3,1,115,0,0.630998048150597,0.6310132767385618,506525,319624,186901,0.987105609263352,0.006560253442183502,post_hoc_final_checkpoint_only
R1,RIM_ONE_r3,1,115,1,0.630957099879592,0.6311586432642926,35438,22367,13071,0.7092338427211167,0.1791227265780223,post_hoc_final_checkpoint_only
R1,RIM_ONE_r3,1,115,2,0.6310226448425796,0.631600491199345,12215,7715,4500,0.7860293527949315,0.152559963099631,post_hoc_final_checkpoint_only
R1,RIM_ONE_r3,1,116,0,0.6329970386326839,0.6330128902802459,505342,319888,185454,0.987105609263352,0.006560253442183502,post_hoc_final_checkpoint_only
R1,RIM_ONE_r3,1,116,1,0.6329590903403711,0.6331969574737812,34708,21977,12731,0.7092338427211167,0.1791227265780223,post_hoc_final_checkpoint_only
R1,RIM_ONE_r3,1,116,2,0.6330681478900614,0.6338830329819789,11764,7457,4307,0.7860293527949315,0.152559963099631,post_hoc_final_checkpoint_only
R1,RIM_ONE_r3,1,117,0,0.6349935167735203,0.6350111275891145,506399,321569,184830,0.987105609263352,0.006560253442183502,post_hoc_final_checkpoint_only
R1,RIM_ONE_r3,1,117,1,0.6350062014942776,0.6352715178622628,34878,22157,12721,0.7092338427211167,0.1791227265780223,post_hoc_final_checkpoint_only
R1,RIM_ONE_r3,1,117,2,0.6350359894633197,0.6355220298302761,11666,7414,4252,0.7860293527949315,0.152559963099631,post_hoc_final_checkpoint_only
R1,RIM_ONE_r3,1,118,0,0.6369999928044289,0.6370190594588603,505156,321794,183362,0.987105609263352,0.006560253442183502,post_hoc_final_checkpoint_only
R1,RIM_ONE_r3,1,118,1,0.636976145434497,0.637220024475624,35137,22390,12747,0.7092338427211167,0.1791227265780223,post_hoc_final_checkpoint_only
R1,RIM_ONE_r3,1,118,2,0.637046306424893,0.6378547253319448,11523,7350,4173,0.7860293527949315,0.152559963099631,post_hoc_final_checkpoint_only
R1,RIM_ONE_r3,1,119,0,0.6389947181152043,0.6390092352046636,505024,322715,182309,0.987105609263352,0.006560253442183502,post_hoc_final_checkpoint_only
R1,RIM_ONE_r3,1,119,1,0.6390159660327756,0.6392360499911988,34086,21789,12297,0.7092338427211167,0.1791227265780223,post_hoc_final_checkpoint_only
R1,RIM_ONE_r3,1,119,2,0.6389784075234296,0.6396169763856204,12323,7882,4441,0.7860293527949315,0.152559963099631,post_hoc_final_checkpoint_only
R1,RIM_ONE_r3,1,120,0,0.6409966912642119,0.6410103082168725,505034,323732,181302,0.987105609263352,0.006560253442183502,post_hoc_final_checkpoint_only
R1,RIM_ONE_r3,1,120,1,0.6410075563116975,0.6412031314379892,36405,23343,13062,0.7092338427211167,0.1791227265780223,post_hoc_final_checkpoint_only
R1,RIM_ONE_r3,1,120,2,0.640959647336141,0.641823323906172,12022,7716,4306,0.7860293527949315,0.152559963099631,post_hoc_final_checkpoint_only
R1,RIM_ONE_r3,1,121,0,0.6429945410565594,0.6430120283538237,504059,324116,179943,0.987105609263352,0.006560253442183502,post_hoc_final_checkpoint_only
R1,RIM_ONE_r3,1,121,1,0.6429993334070516,0.6432018834608594,33980,21856,12124,0.7092338427211167,0.1791227265780223,post_hoc_final_checkpoint_only
R1,RIM_ONE_r3,1,121,2,0.6430523239123898,0.6437427673995701,12098,7788,4310,0.7860293527949315,0.152559963099631,post_hoc_final_checkpoint_only
R1,RIM_ONE_r3,1,122,0,0.6449994372494168,0.6450155781739292,505194,325858,179336,0.987105609263352,0.006560253442183502,post_hoc_final_checkpoint_only
R1,RIM_ONE_r3,1,122,1,0.6449996647558386,0.6452991452991453,34398,22197,12201,0.7092338427211167,0.1791227265780223,post_hoc_final_checkpoint_only
R1,RIM_ONE_r3,1,122,2,0.6450926978224722,0.6456811886174767,11913,7692,4221,0.7860293527949315,0.152559963099631,post_hoc_final_checkpoint_only
R1,RIM_ONE_r3,1,123,0,0.6470013418248604,0.6470149283352584,503874,326014,177860,0.987105609263352,0.006560253442183502,post_hoc_final_checkpoint_only
R1,RIM_ONE_r3,1,123,1,0.6469713889140151,0.6471720545773652,35326,22862,12464,0.7092338427211167,0.1791227265780223,post_hoc_final_checkpoint_only
R1,RIM_ONE_r3,1,123,2,0.6470186196832235,0.6476273469064406,12623,8175,4448,0.7860293527949315,0.152559963099631,post_hoc_final_checkpoint_only
R1,RIM_ONE_r3,1,124,0,0.6489980051872393,0.6490150694865249,503335,326672,176663,0.987105609263352,0.006560253442183502,post_hoc_final_checkpoint_only
R1,RIM_ONE_r3,1,124,1,0.6489968716939214,0.6492056797413187,35565,23089,12476,0.7092338427211167,0.1791227265780223,post_hoc_final_checkpoint_only
R1,RIM_ONE_r3,1,124,2,0.6490033479133648,0.6497066219614417,11930,7751,4179,0.7860293527949315,0.152559963099631,post_hoc_final_checkpoint_only
R1,RIM_ONE_r3,1,125,0,0.6509984509547155,0.6510157808097755,505424,329039,176385,0.987105609263352,0.006560253442183502,post_hoc_final_checkpoint_only
R1,RIM_ONE_r3,1,125,1,0.6510352894053469,0.6512560812540897,35149,22891,12258,0.7092338427211167,0.1791227265780223,post_hoc_final_checkpoint_only
R1,RIM_ONE_r3,1,125,2,0.6508988013388455,0.6516013932546088,11771,7670,4101,0.7860293527949315,0.152559963099631,post_hoc_final_checkpoint_only
R1,RIM_ONE_r3,1,126,0,0.652999109751047,0.6530117671709175,505899,330358,175541,0.987105609263352,0.006560253442183502,post_hoc_final_checkpoint_only
R1,RIM_ONE_r3,1,126,1,0.6530237774781911,0.6532965729870746,33732,22037,11695,0.7092338427211167,0.1791227265780223,post_hoc_final_checkpoint_only
R1,RIM_ONE_r3,1,126,2,0.6530383787968269,0.6537676475591087,11758,7687,4071,0.7860293527949315,0.152559963099631,post_hoc_final_checkpoint_only
R1,RIM_ONE_r3,1,127,0,0.6550020161632552,0.6550178785211965,504516,330467,174049,0.987105609263352,0.006560253442183502,post_hoc_final_checkpoint_only
R1,RIM_ONE_r3,1,127,1,0.6549992643002943,0.6552345584621266,36622,23996,12626,0.7092338427211167,0.1791227265780223,post_hoc_final_checkpoint_only
R1,RIM_ONE_r3,1,127,2,0.6550425516279212,0.6557564847393831,12221,8014,4207,0.7860293527949315,0.152559963099631,post_hoc_final_checkpoint_only
R1,RIM_ONE_r3,1,128,0,0.6570049039075333,0.6570192619034456,506492,332775,173717,0.987105609263352,0.006560253442183502,post_hoc_final_checkpoint_only
R1,RIM_ONE_r3,1,128,1,0.6570080786051714,0.6572429906542057,34240,22504,11736,0.7092338427211167,0.1791227265780223,post_hoc_final_checkpoint_only
R1,RIM_ONE_r3,1,128,2,0.6569191766022274,0.65765842087428,11804,7763,4041,0.7860293527949315,0.152559963099631,post_hoc_final_checkpoint_only
R1,RIM_ONE_r3,1,129,0,0.6590036199556966,0.6590194659612578,505806,333336,172470,0.987105609263352,0.006560253442183502,post_hoc_final_checkpoint_only
R1,RIM_ONE_r3,1,129,1,0.65904123529705,0.6592661294997392,34502,22746,11756,0.7092338427211167,0.1791227265780223,post_hoc_final_checkpoint_only
R1,RIM_ONE_r3,1,129,2,0.6589567493770255,0.6595620193915078,11964,7891,4073,0.7860293527949315,0.152559963099631,post_hoc_final_checkpoint_only
R1,RIM_ONE_r3,1,130,0,0.6610043388403859,0.6610226572606447,504783,333673,171110,0.987105609263352,0.006560253442183502,post_hoc_final_checkpoint_only
R1,RIM_ONE_r3,1,130,1,0.6609947657254002,0.6611944444444444,36000,23803,12197,0.7092338427211167,0.1791227265780223,post_hoc_final_checkpoint_only
R1,RIM_ONE_r3,1,130,2,0.6610192293843434,0.6615990990990991,12432,8225,4207,0.7860293527949315,0.152559963099631,post_hoc_final_checkpoint_only
R1,RIM_ONE_r3,1,131,0,0.6630014174247904,0.6630146941209693,506393,335746,170647,0.987105609263352,0.006560253442183502,post_hoc_final_checkpoint_only
R1,RIM_ONE_r3,1,131,1,0.6630058595290786,0.6632465799132465,35964,23853,12111,0.7092338427211167,0.1791227265780223,post_hoc_final_checkpoint_only
R1,RIM_ONE_r3,1,131,2,0.6630414042604875,0.6637791932059448,11775,7816,3959,0.7860293527949315,0.152559963099631,post_hoc_final_checkpoint_only
R1,RIM_ONE_r3,1,132,0,0.6650028031752997,0.6650179500561434,505848,336398,169450,0.987105609263352,0.006560253442183502,post_hoc_final_checkpoint_only
R1,RIM_ONE_r3,1,132,1,0.6649340789083737,0.6651468805909851,34654,23050,11604,0.7092338427211167,0.1791227265780223,post_hoc_final_checkpoint_only
R1,RIM_ONE_r3,1,132,2,0.6651688931338038,0.6658250529402183,12278,8175,4103,0.7860293527949315,0.152559963099631,post_hoc_final_checkpoint_only
R1,RIM_ONE_r3,1,133,0,0.6670037903540779,0.6670164296562198,507010,338184,168826,0.987105609263352,0.006560253442183502,post_hoc_final_checkpoint_only
R1,RIM_ONE_r3,1,133,1,0.6670440217024293,0.6673192077383694,34736,23180,11556,0.7092338427211167,0.1791227265780223,post_hoc_final_checkpoint_only
R1,RIM_ONE_r3,1,133,2,0.6669823285702208,0.6677094783123362,11827,7897,3930,0.7860293527949315,0.152559963099631,post_hoc_final_checkpoint_only
R1,RIM_ONE_r3,1,134,0,0.6690058229210387,0.6690231718612697,505268,338036,167232,0.987105609263352,0.006560253442183502,post_hoc_final_checkpoint_only
R1,RIM_ONE_r3,1,134,1,0.6690344826091867,0.6692529309410389,35057,23462,11595,0.7092338427211167,0.1791227265780223,post_hoc_final_checkpoint_only
R1,RIM_ONE_r3,1,134,2,0.6690024902675442,0.6696472518457752,12190,8163,4027,0.7860293527949315,0.152559963099631,post_hoc_final_checkpoint_only
R1,RIM_ONE_r3,1,135,0,0.6710140619819909,0.6710279486144421,505356,339108,166248,0.987105609263352,0.006560253442183502,post_hoc_final_checkpoint_only
R1,RIM_ONE_r3,1,135,1,0.6709887939754416,0.6712301587301587,35280,23681,11599,0.7092338427211167,0.1791227265780223,post_hoc_final_checkpoint_only
R1,RIM_ONE_r3,1,135,2,0.6709720781539301,0.6715579406339091,11926,8009,3917,0.7860293527949315,0.152559963099631,post_hoc_final_checkpoint_only
R1,RIM_ONE_r3,1,136,0,0.6730107148672587,0.6730266209987069,506555,340925,165630,0.987105609263352,0.006560253442183502,post_hoc_final_checkpoint_only
R1,RIM_ONE_r3,1,136,1,0.6730095281034144,0.6732223059112339,35847,24133,11714,0.7092338427211167,0.1791227265780223,post_hoc_final_checkpoint_only
R1,RIM_ONE_r3,1,136,2,0.6729820940614386,0.6736239690287831,11882,8004,3878,0.7860293527949315,0.152559963099631,post_hoc_final_checkpoint_only
R1,RIM_ONE_r3,1,137,0,0.6750117141763055,0.6750282021546249,506167,341677,164490,0.987105609263352,0.006560253442183502,post_hoc_final_checkpoint_only
R1,RIM_ONE_r3,1,137,1,0.6750055905672959,0.6752335815842925,36925,24933,11992,0.7092338427211167,0.1791227265780223,post_hoc_final_checkpoint_only
R1,RIM_ONE_r3,1,137,2,0.6750188986123318,0.6755588797473614,12033,8129,3904,0.7860293527949315,0.152559963099631,post_hoc_final_checkpoint_only
R1,RIM_ONE_r3,1,138,0,0.677008653864933,0.6770219582483177,506279,342762,163517,0.987105609263352,0.006560253442183502,post_hoc_final_checkpoint_only
R1,RIM_ONE_r3,1,138,1,0.6770428489082415,0.6772775287635253,35027,23723,11304,0.7092338427211167,0.1791227265780223,post_hoc_final_checkpoint_only
R1,RIM_ONE_r3,1,138,2,0.6769814327006365,0.6776075857038658,12339,8361,3978,0.7860293527949315,0.152559963099631,post_hoc_final_checkpoint_only
R1,RIM_ONE_r3,1,139,0,0.6790085551182233,0.6790263596850943,504786,342763,162023,0.987105609263352,0.006560253442183502,post_hoc_final_checkpoint_only
R1,RIM_ONE_r3,1,139,1,0.6790131717028353,0.679262385632949,35303,23980,11323,0.7092338427211167,0.1791227265780223,post_hoc_final_checkpoint_only
R1,RIM_ONE_r3,1,139,2,0.6790136772142911,0.6795993940414071,11882,8075,3807,0.7860293527949315,0.152559963099631,post_hoc_final_checkpoint_only
R1,RIM_ONE_r3,1,140,0,0.6810095635985705,0.6810236402371724,506467,344916,161551,0.987105609263352,0.006560253442183502,post_hoc_final_checkpoint_only
R1,RIM_ONE_r3,1,140,1,0.6810279278545297,0.6812255365096505,37045,25236,11809,0.7092338427211167,0.1791227265780223,post_hoc_final_checkpoint_only
R1,RIM_ONE_r3,1,140,2,0.6810962158234544,0.681711211968398,11898,8111,3787,0.7860293527949315,0.152559963099631,post_hoc_final_checkpoint_only
R1,RIM_ONE_r3,1,141,0,0.6830119266858307,0.6830274793568358,505252,345101,160151,0.987105609263352,0.006560253442183502,post_hoc_final_checkpoint_only
R1,RIM_ONE_r3,1,141,1,0.682985369550735,0.6832285656878785,34839,23803,11036,0.7092338427211167,0.1791227265780223,post_hoc_final_checkpoint_only
R1,RIM_ONE_r3,1,141,2,0.6830501621726658,0.6836848902281533,11615,7941,3674,0.7860293527949315,0.152559963099631,post_hoc_final_checkpoint_only
R1,RIM_ONE_r3,1,142,0,0.6850176826440944,0.6850345235746695,506900,347244,159656,0.987105609263352,0.006560253442183502,post_hoc_final_checkpoint_only
R1,RIM_ONE_r3,1,142,1,0.6849820951633855,0.6851751142049163,36776,25198,11578,0.7092338427211167,0.1791227265780223,post_hoc_final_checkpoint_only
R1,RIM_ONE_r3,1,142,2,0.6849377836222196,0.6855228564159105,11791,8083,3708,0.7860293527949315,0.152559963099631,post_hoc_final_checkpoint_only
R1,RIM_ONE_r3,1,143,0,0.687012308713797,0.6870277078085643,506572,348029,158543,0.987105609263352,0.006560253442183502,post_hoc_final_checkpoint_only
R1,RIM_ONE_r3,1,143,1,0.6870054048992016,0.6871537779747396,36104,24809,11295,0.7092338427211167,0.1791227265780223,post_hoc_final_checkpoint_only
R1,RIM_ONE_r3,1,143,2,0.6869938005354751,0.6876274643099932,11768,8092,3676,0.7860293527949315,0.152559963099631,post_hoc_final_checkpoint_only
R1,RIM_ONE_r3,1,144,0,0.6890163675646825,0.6890335275265407,505167,348077,157090,0.987105609263352,0.006560253442183502,post_hoc_final_checkpoint_only
R1,RIM_ONE_r3,1,144,1,0.6889731317852112,0.6891644086816104,36537,25180,11357,0.7092338427211167,0.1791227265780223,post_hoc_final_checkpoint_only
R1,RIM_ONE_r3,1,144,2,0.6889988333332633,0.6895188425302826,11888,8197,3691,0.7860293527949315,0.152559963099631,post_hoc_final_checkpoint_only
R1,RIM_ONE_r3,1,145,0,0.6910128094409433,0.691028029972644,504460,348596,155864,0.987105609263352,0.006560253442183502,post_hoc_final_checkpoint_only
R1,RIM_ONE_r3,1,145,1,0.691043163533572,0.691244488923751,36971,25556,11415,0.7092338427211167,0.1791227265780223,post_hoc_final_checkpoint_only
R1,RIM_ONE_r3,1,145,2,0.6910321003008749,0.691746543387904,11789,8155,3634,0.7860293527949315,0.152559963099631,post_hoc_final_checkpoint_only
R1,RIM_ONE_r3,1,146,0,0.6930171521725215,0.6930290393990155,505038,350006,155032,0.987105609263352,0.006560253442183502,post_hoc_final_checkpoint_only
R1,RIM_ONE_r3,1,146,1,0.6929904123453667,0.6932114882506527,36002,24957,11045,0.7092338427211167,0.1791227265780223,post_hoc_final_checkpoint_only
R1,RIM_ONE_r3,1,146,2,0.6930606392951575,0.6936716841358657,12689,8802,3887,0.7860293527949315,0.152559963099631,post_hoc_final_checkpoint_only
R1,RIM_ONE_r3,1,147,0,0.6950108327154259,0.6950288848205425,505802,351547,154255,0.987105609263352,0.006560253442183502,post_hoc_final_checkpoint_only
R1,RIM_ONE_r3,1,147,1,0.6950344596581033,0.6952440212098258,36964,25699,11265,0.7092338427211167,0.1791227265780223,post_hoc_final_checkpoint_only
R1,RIM_ONE_r3,1,147,2,0.6950281764234365,0.6956128820243181,12172,8467,3705,0.7860293527949315,0.152559963099631,post_hoc_final_checkpoint_only
R1,RIM_ONE_r3,1,148,0,0.6970126895027369,0.6970288457754515,508220,354244,153976,0.987105609263352,0.006560253442183502,post_hoc_final_checkpoint_only
R1,RIM_ONE_r3,1,148,1,0.6970453638440268,0.6972436725384045,36389,25372,11017,0.7092338427211167,0.1791227265780223,post_hoc_final_checkpoint_only
R1,RIM_ONE_r3,1,148,2,0.697035209226633,0.6976647896654521,12076,8425,3651,0.7860293527949315,0.152559963099631,post_hoc_final_checkpoint_only
R1,RIM_ONE_r3,1,149,0,0.6990155420744846,0.6990304520005463,505287,353211,152076,0.987105609263352,0.006560253442183502,post_hoc_final_checkpoint_only
R1,RIM_ONE_r3,1,149,1,0.6989879869155317,0.6992332907383744,35998,25171,10827,0.7092338427211167,0.1791227265780223,post_hoc_final_checkpoint_only
R1,RIM_ONE_r3,1,149,2,0.699034249224105,0.6996968246369873,12534,8770,3764,0.7860293527949315,0.152559963099631,post_hoc_final_checkpoint_only
R1,RIM_ONE_r3,1,150,0,0.7010148745848997,0.7010273331691702,507625,355859,151766,0.987105609263352,0.006560253442183502,post_hoc_final_checkpoint_only
R1,RIM_ONE_r3,1,150,1,0.701056449860823,0.7012342292923752,36460,25567,10893,0.7092338427211167,0.1791227265780223,post_hoc_final_checkpoint_only
R1,RIM_ONE_r3,1,150,2,0.7010133682296783,0.7016407982261641,11275,7911,3364,0.7860293527949315,0.152559963099631,post_hoc_final_checkpoint_only
R1,RIM_ONE_r3,1,151,0,0.703019851685432,0.7030376709084594,506704,356232,150472,0.987105609263352,0.006560253442183502,post_hoc_final_checkpoint_only
R1,RIM_ONE_r3,1,151,1,0.7029830809099572,0.7032063432736204,37457,26340,11117,0.7092338427211167,0.1791227265780223,post_hoc_final_checkpoint_only
R1,RIM_ONE_r3,1,151,2,0.7030430707465992,0.7037460213825185,12253,8623,3630,0.7860293527949315,0.152559963099631,post_hoc_final_checkpoint_only
R1,RIM_ONE_r3,1,152,0,0.7050172539859331,0.7050303110774652,504601,355759,148842,0.987105609263352,0.006560253442183502,post_hoc_final_checkpoint_only
R1,RIM_ONE_r3,1,152,1,0.705006148144562,0.705210426357656,36331,25621,10710,0.7092338427211167,0.1791227265780223,post_hoc_final_checkpoint_only
R1,RIM_ONE_r3,1,152,2,0.7050262927201196,0.7056241199370497,12073,8519,3554,0.7860293527949315,0.152559963099631,post_hoc_final_checkpoint_only
R1,RIM_ONE_r3,1,153,0,0.707017945980219,0.7070359572782478,508687,359660,149027,0.987105609263352,0.006560253442183502,post_hoc_final_checkpoint_only
R1,RIM_ONE_r3,1,153,1,0.7070305733530791,0.7072080717242892,36473,25794,10679,0.7092338427211167,0.1791227265780223,post_hoc_final_checkpoint_only
R1,RIM_ONE_r3,1,153,2,0.7069666763470994,0.7077752652635241,11498,8138,3360,0.7860293527949315,0.152559963099631,post_hoc_final_checkpoint_only
R1,RIM_ONE_r3,1,154,0,0.7090123893983445,0.7090229409522756,506387,359040,147347,0.987105609263352,0.006560253442183502,post_hoc_final_checkpoint_only
R1,RIM_ONE_r3,1,154,1,0.7090525442721661,0.7092039661643605,35702,25320,10382,0.7092338427211167,0.1791227265780223,post_hoc_final_checkpoint_only
R1,RIM_ONE_r3,1,154,2,0.7090067967822059,0.7097162510748065,11630,8254,3376,0.7860293527949315,0.152559963099631,post_hoc_final_checkpoint_only
R1,RIM_ONE_r3,1,155,0,0.7110188727370508,0.7110377726203407,505419,359372,146047,0.987105609263352,0.006560253442183502,post_hoc_final_checkpoint_only
R1,RIM_ONE_r3,1,155,1,0.710993518609556,0.7112487490871717,36973,26297,10676,0.7092338427211167,0.1791227265780223,post_hoc_final_checkpoint_only
R1,RIM_ONE_r3,1,155,2,0.7111076638402692,0.7118107612860236,12006,8546,3460,0.7860293527949315,0.152559963099631,post_hoc_final_checkpoint_only
R1,RIM_ONE_r3,1,156,0,0.713016588283707,0.7130333828550064,508195,362360,145835,0.987105609263352,0.006560253442183502,post_hoc_final_checkpoint_only
R1,RIM_ONE_r3,1,156,1,0.7130682853571851,0.7132707998001887,36034,25702,10332,0.7092338427211167,0.1791227265780223,post_hoc_final_checkpoint_only
R1,RIM_ONE_r3,1,156,2,0.7129410546831773,0.7134584013050571,12260,8747,3513,0.7860293527949315,0.152559963099631,post_hoc_final_checkpoint_only
R1,RIM_ONE_r3,1,157,0,0.7150207393360704,0.7150327620967742,507904,363168,144736,0.987105609263352,0.006560253442183502,post_hoc_final_checkpoint_only
R1,RIM_ONE_r3,1,157,1,0.7150302975736446,0.7152355316285329,37150,26571,10579,0.7092338427211167,0.1791227265780223,post_hoc_final_checkpoint_only
R1,RIM_ONE_r3,1,157,2,0.7150715223507347,0.7155833333333333,12000,8587,3413,0.7860293527949315,0.152559963099631,post_hoc_final_checkpoint_only
R1,RIM_ONE_r3,1,158,0,0.7170184038585024,0.7170319837856542,505725,362621,143104,0.987105609263352,0.006560253442183502,post_hoc_final_checkpoint_only
R1,RIM_ONE_r3,1,158,1,0.7170263984544029,0.7173039642626359,35593,25531,10062,0.7092338427211167,0.1791227265780223,post_hoc_final_checkpoint_only
R1,RIM_ONE_r3,1,158,2,0.7170573516284807,0.7177766732935719,12072,8665,3407,0.7860293527949315,0.152559963099631,post_hoc_final_checkpoint_only
R1,RIM_ONE_r3,1,159,0,0.719021015357716,0.7190355949829825,507712,365063,142649,0.987105609263352,0.006560253442183502,post_hoc_final_checkpoint_only
R1,RIM_ONE_r3,1,159,1,0.7190060246890752,0.7192356550177031,36999,26611,10388,0.7092338427211167,0.1791227265780223,post_hoc_final_checkpoint_only
R1,RIM_ONE_r3,1,159,2,0.719070797920038,0.7196714579055441,12175,8762,3413,0.7860293527949315,0.152559963099631,post_hoc_final_checkpoint_only
R1,RIM_ONE_r3,1,160,0,0.7210247662180246,0.7210384622998198,505170,364247,140923,0.987105609263352,0.006560253442183502,post_hoc_final_checkpoint_only
R1,RIM_ONE_r3,1,160,1,0.7210070193837248,0.7212723873519928,36907,26620,10287,0.7092338427211167,0.1791227265780223,post_hoc_final_checkpoint_only
R1,RIM_ONE_r3,1,160,2,0.7210081204675103,0.7218032512150159,11934,8614,3320,0.7860293527949315,0.152559963099631,post_hoc_final_checkpoint_only
R1,RIM_ONE_r3,1,161,0,0.7230191510959885,0.7230350789613395,504804,364991,139813,0.987105609263352,0.006560253442183502,post_hoc_final_checkpoint_only
R1,RIM_ONE_r3,1,161,1,0.7230513252664746,0.7232369694862675,37393,27044,10349,0.7092338427211167,0.1791227265780223,post_hoc_final_checkpoint_only
R1,RIM_ONE_r3,1,161,2,0.723067402467686,0.7236938031591738,12345,8934,3411,0.7860293527949315,0.152559963099631,post_hoc_final_checkpoint_only
R1,RIM_ONE_r3,1,162,0,0.7250273445538868,0.7250408040208901,509141,369148,139993,0.987105609263352,0.006560253442183502,post_hoc_final_checkpoint_only
R1,RIM_ONE_r3,1,162,1,0.7249782606378448,0.7252275506045375,36805,26692,10113,0.7092338427211167,0.1791227265780223,post_hoc_final_checkpoint_only
R1,RIM_ONE_r3,1,162,2,0.7250588539604427,0.7256799599532788,11986,8698,3288,0.7860293527949315,0.152559963099631,post_hoc_final_checkpoint_only
R1,RIM_ONE_r3,1,163,0,0.7270251791436363,0.7270408213362031,509219,370223,138996,0.987105609263352,0.006560253442183502,post_hoc_final_checkpoint_only
R1,RIM_ONE_r3,1,163,1,0.7270425613211501,0.7272381366527151,36794,26758,10036,0.7092338427211167,0.1791227265780223,post_hoc_final_checkpoint_only
R1,RIM_ONE_r3,1,163,2,0.727042168315139,0.7275080906148867,12360,8992,3368,0.7860293527949315,0.152559963099631,post_hoc_final_checkpoint_only
R1,RIM_ONE_r3,1,164,0,0.729025583474893,0.7290453060108322,508299,370573,137726,0.987105609263352,0.006560253442183502,post_hoc_final_checkpoint_only
R1,RIM_ONE_r3,1,164,1,0.7290486918951996,0.7292047968967684,36607,26694,9913,0.7092338427211167,0.1791227265780223,post_hoc_final_checkpoint_only
R1,RIM_ONE_r3,1,164,2,0.7289202618175502,0.7297133454576946,11547,8426,3121,0.7860293527949315,0.152559963099631,post_hoc_final_checkpoint_only
R1,RIM_ONE_r3,1,165,0,0.7310288716116636,0.731045166783611,507364,370906,136458,0.987105609263352,0.006560253442183502,post_hoc_final_checkpoint_only
R1,RIM_ONE_r3,1,165,1,0.7310249914512208,0.7311926605504587,37060,27098,9962,0.7092338427211167,0.1791227265780223,post_hoc_final_checkpoint_only
R1,RIM_ONE_r3,1,165,2,0.73099670848463,0.7317073170731707,12095,8850,3245,0.7860293527949315,0.152559963099631,post_hoc_final_checkpoint_only
R1,RIM_ONE_r3,1,166,0,0.7330253071944675,0.7330420759188212,507226,371818,135408,0.987105609263352,0.006560253442183502,post_hoc_final_checkpoint_only
R1,RIM_ONE_r3,1,166,1,0.7330641182290213,0.7333098991428494,36983,27120,9863,0.7092338427211167,0.1791227265780223,post_hoc_final_checkpoint_only
R1,RIM_ONE_r3,1,166,2,0.7330069745432042,0.7337148628177075,11882,8718,3164,0.7860293527949315,0.152559963099631,post_hoc_final_checkpoint_only
R1,RIM_ONE_r3,1,167,0,0.7350254054514077,0.7350432099377896,503935,370414,133521,0.987105609263352,0.006560253442183502,post_hoc_final_checkpoint_only
R1,RIM_ONE_r3,1,167,1,0.7350302828537035,0.7352554293844461,37251,27389,9862,0.7092338427211167,0.1791227265780223,post_hoc_final_checkpoint_only
R1,RIM_ONE_r3,1,167,2,0.7349994128034739,0.7356784745623408,12167,8951,3216,0.7860293527949315,0.152559963099631,post_hoc_final_checkpoint_only
R1,RIM_ONE_r3,1,168,0,0.7370325819626344,0.737049251336372,507905,374351,133554,0.987105609263352,0.006560253442183502,post_hoc_final_checkpoint_only
R1,RIM_ONE_r3,1,168,1,0.7369971636274047,0.7372260779277556,36598,26981,9617,0.7092338427211167,0.1791227265780223,post_hoc_final_checkpoint_only
R1,RIM_ONE_r3,1,168,2,0.7370595511232031,0.7377863881401617,11872,8759,3113,0.7860293527949315,0.152559963099631,post_hoc_final_checkpoint_only
R1,RIM_ONE_r3,1,169,0,0.7390284900738544,0.7390428738244019,506976,374677,132299,0.987105609263352,0.006560253442183502,post_hoc_final_checkpoint_only
R1,RIM_ONE_r3,1,169,1,0.739027338616262,0.7392307692307692,37700,27869,9831,0.7092338427211167,0.1791227265780223,post_hoc_final_checkpoint_only
R1,RIM_ONE_r3,1,169,2,0.7390201138749795,0.7397116855923331,12417,9185,3232,0.7860293527949315,0.152559963099631,post_hoc_final_checkpoint_only
R1,RIM_ONE_r3,1,170,0,0.7410275895215819,0.7410473976979446,506417,375279,131138,0.987105609263352,0.006560253442183502,post_hoc_final_checkpoint_only
R1,RIM_ONE_r3,1,170,1,0.7409893180503717,0.7412103583632205,35411,26247,9164,0.7092338427211167,0.1791227265780223,post_hoc_final_checkpoint_only
R1,RIM_ONE_r3,1,170,2,0.741064790188232,0.7416263812154696,11584,8591,2993,0.7860293527949315,0.152559963099631,post_hoc_final_checkpoint_only
R1,RIM_ONE_r3,1,171,0,0.743032720045697,0.7430436788558065,502852,373641,129211,0.987105609263352,0.006560253442183502,post_hoc_final_checkpoint_only
R1,RIM_ONE_r3,1,171,1,0.7430122466119239,0.7432801456414649,37352,27763,9589,0.7092338427211167,0.1791227265780223,post_hoc_final_checkpoint_only
R1,RIM_ONE_r3,1,171,2,0.7430982175536504,0.7436266283065611,12513,9305,3208,0.7860293527949315,0.152559963099631,post_hoc_final_checkpoint_only
R1,RIM_ONE_r3,1,172,0,0.7450299356061618,0.745044577593027,506869,377640,129229,0.987105609263352,0.006560253442183502,post_hoc_final_checkpoint_only
R1,RIM_ONE_r3,1,172,1,0.7450455723209182,0.7452521283562541,36648,27312,9336,0.7092338427211167,0.1791227265780223,post_hoc_final_checkpoint_only
R1,RIM_ONE_r3,1,172,2,0.7450526144082725,0.7457837301587301,12096,9021,3075,0.7860293527949315,0.152559963099631,post_hoc_final_checkpoint_only
R1,RIM_ONE_r3,1,173,0,0.7470282812600462,0.7470439272606598,506246,378188,128058,0.987105609263352,0.006560253442183502,post_hoc_final_checkpoint_only
R1,RIM_ONE_r3,1,173,1,0.7470313506208324,0.7472393992932862,36224,27068,9156,0.7092338427211167,0.1791227265780223,post_hoc_final_checkpoint_only
R1,RIM_ONE_r3,1,173,2,0.7470704169360862,0.7478464497783724,11957,8942,3015,0.7860293527949315,0.152559963099631,post_hoc_final_checkpoint_only
R1,RIM_ONE_r3,1,174,0,0.7490307684522836,0.7490487819853866,504879,378179,126700,0.987105609263352,0.006560253442183502,post_hoc_final_checkpoint_only
R1,RIM_ONE_r3,1,174,1,0.7490392085800919,0.7492202287329051,37511,28104,9407,0.7092338427211167,0.1791227265780223,post_hoc_final_checkpoint_only
R1,RIM_ONE_r3,1,174,2,0.7490451846850024,0.7498734604352961,11854,8889,2965,0.7860293527949315,0.152559963099631,post_hoc_final_checkpoint_only
R1,RIM_ONE_r3,1,175,0,0.7510313941328135,0.7510448667043692,507481,381141,126340,0.987105609263352,0.006560253442183502,post_hoc_final_checkpoint_only
R1,RIM_ONE_r3,1,175,1,0.7510551601556666,0.7512959052137901,36461,27393,9068,0.7092338427211167,0.1791227265780223,post_hoc_final_checkpoint_only
R1,RIM_ONE_r3,1,175,2,0.7510002042427266,0.7515700187586657,12261,9215,3046,0.7860293527949315,0.152559963099631,post_hoc_final_checkpoint_only
R1,RIM_ONE_r3,1,176,0,0.7530291066844432,0.7530474415733938,505506,380670,124836,0.987105609263352,0.006560253442183502,post_hoc_final_checkpoint_only
R1,RIM_ONE_r3,1,176,1,0.7530477538836168,0.7533178273361609,36545,27530,9015,0.7092338427211167,0.1791227265780223,post_hoc_final_checkpoint_only
R1,RIM_ONE_r3,1,176,2,0.7530635497541733,0.7536957950065704,12176,9177,2999,0.7860293527949315,0.152559963099631,post_hoc_final_checkpoint_only
R1,RIM_ONE_r3,1,177,0,0.755032661865407,0.7550484763997511,507876,383471,124405,0.987105609263352,0.006560253442183502,post_hoc_final_checkpoint_only
R1,RIM_ONE_r3,1,177,1,0.7550463188458711,0.755275624461671,37152,28060,9092,0.7092338427211167,0.1791227265780223,post_hoc_final_checkpoint_only
R1,RIM_ONE_r3,1,177,2,0.7550018598335406,0.7557187473622013,11847,8953,2894,0.7860293527949315,0.152559963099631,post_hoc_final_checkpoint_only
R1,RIM_ONE_r3,1,178,0,0.7570315902481495,0.7570480321336023,505141,382416,122725,0.987105609263352,0.006560253442183502,post_hoc_final_checkpoint_only
R1,RIM_ONE_r3,1,178,1,0.757062263873268,0.7572487113402062,37248,28206,9042,0.7092338427211167,0.1791227265780223,post_hoc_final_checkpoint_only
R1,RIM_ONE_r3,1,178,2,0.7570587287085275,0.75758808690699,12289,9310,2979,0.7860293527949315,0.152559963099631,post_hoc_final_checkpoint_only
R1,RIM_ONE_r3,1,179,0,0.7590381605275115,0.7590573851311379,507100,384918,122182,0.987105609263352,0.006560253442183502,post_hoc_final_checkpoint_only
R1,RIM_ONE_r3,1,179,1,0.758985313555735,0.7592081778354698,36978,28074,8904,0.7092338427211167,0.1791227265780223,post_hoc_final_checkpoint_only
R1,RIM_ONE_r3,1,179,2,0.7590538198382085,0.759754493643139,11405,8665,2740,0.7860293527949315,0.152559963099631,post_hoc_final_checkpoint_only
R1,RIM_ONE_r3,1,180,0,0.7610325800806392,0.7610486091332004,505584,384774,120810,0.987105609263352,0.006560253442183502,post_hoc_final_checkpoint_only
R1,RIM_ONE_r3,1,180,1,0.7610094937274259,0.7612806188225183,37232,28344,8888,0.7092338427211167,0.1791227265780223,post_hoc_final_checkpoint_only
R1,RIM_ONE_r3,1,180,2,0.7610684041680797,0.7618358652841412,12441,9478,2963,0.7860293527949315,0.152559963099631,post_hoc_final_checkpoint_only
R1,RIM_ONE_r3,1,181,0,0.7630375488481779,0.7630519780348264,504617,385049,119568,0.987105609263352,0.006560253442183502,post_hoc_final_checkpoint_only
R1,RIM_ONE_r3,1,181,1,0.7630297606767735,0.7632517492036699,36731,28035,8696,0.7092338427211167,0.1791227265780223,post_hoc_final_checkpoint_only
R1,RIM_ONE_r3,1,181,2,0.7630249880186232,0.7637047946326296,12222,9334,2888,0.7860293527949315,0.152559963099631,post_hoc_final_checkpoint_only
R1,RIM_ONE_r3,1,182,0,0.7650415113149669,0.7650553930902483,505749,386926,118823,0.987105609263352,0.006560253442183502,post_hoc_final_checkpoint_only
R1,RIM_ONE_r3,1,182,1,0.7650067733448094,0.7652552926525529,36938,28267,8671,0.7092338427211167,0.1791227265780223,post_hoc_final_checkpoint_only
R1,RIM_ONE_r3,1,182,2,0.7650635174354765,0.7655710764174198,12170,9317,2853,0.7860293527949315,0.152559963099631,post_hoc_final_checkpoint_only
R1,RIM_ONE_r3,1,183,0,0.7670343474115535,0.7670520538976827,507109,388979,118130,0.987105609263352,0.006560253442183502,post_hoc_final_checkpoint_only
R1,RIM_ONE_r3,1,183,1,0.7670537603023123,0.767285833102301,36070,27676,8394,0.7092338427211167,0.1791227265780223,post_hoc_final_checkpoint_only
R1,RIM_ONE_r3,1,183,2,0.7670202931779933,0.7678141849854832,12055,9256,2799,0.7860293527949315,0.152559963099631,post_hoc_final_checkpoint_only
R1,RIM_ONE_r3,1,184,0,0.7690422515276645,0.7690591775484519,506121,389237,116884,0.987105609263352,0.006560253442183502,post_hoc_final_checkpoint_only
R1,RIM_ONE_r3,1,184,1,0.7690134817383438,0.769220305783775,36758,28275,8483,0.7092338427211167,0.1791227265780223,post_hoc_final_checkpoint_only
R1,RIM_ONE_r3,1,184,2,0.769055769002898,0.7698969429288993,11547,8890,2657,0.7860293527949315,0.152559963099631,post_hoc_final_checkpoint_only
R1,RIM_ONE_r3,1,185,0,0.7710405169970291,0.7710555543499918,506909,390855,116054,0.987105609263352,0.006560253442183502,post_hoc_final_checkpoint_only
R1,RIM_ONE_r3,1,185,1,0.7710181790571554,0.7712226733711581,37189,28681,8508,0.7092338427211167,0.1791227265780223,post_hoc_final_checkpoint_only
R1,RIM_ONE_r3,1,185,2,0.7710657502907332,0.7716779988248132,11913,9193,2720,0.7860293527949315,0.152559963099631,post_hoc_final_checkpoint_only
R1,RIM_ONE_r3,1,186,0,0.7730414696943458,0.7730592382938577,503475,389216,114259,0.987105609263352,0.006560253442183502,post_hoc_final_checkpoint_only
R1,RIM_ONE_r3,1,186,1,0.773013514889506,0.7732466771435421,37543,29030,8513,0.7092338427211167,0.1791227265780223,post_hoc_final_checkpoint_only
R1,RIM_ONE_r3,1,186,2,0.7730641249949722,0.7737589810581319,12248,9477,2771,0.7860293527949315,0.152559963099631,post_hoc_final_checkpoint_only
R1,RIM_ONE_r3,1,187,0,0.7750428032946252,0.7750626951479407,504425,390961,113464,0.987105609263352,0.006560253442183502,post_hoc_final_checkpoint_only
R1,RIM_ONE_r3,1,187,1,0.7750371384963953,0.7752790499958863,36463,28269,8194,0.7092338427211167,0.1791227265780223,post_hoc_final_checkpoint_only
R1,RIM_ONE_r3,1,187,2,0.7749985263563216,0.7757929592192402,11476,8903,2573,0.7860293527949315,0.152559963099631,post_hoc_final_checkpoint_only
R1,RIM_ONE_r3,1,188,0,0.7770396495662891,0.7770545866507969,505783,393021,112762,0.987105609263352,0.006560253442183502,post_hoc_final_checkpoint_only
R1,RIM_ONE_r3,1,188,1,0.7770522837758141,0.7772599176241057,36904,28684,8220,0.7092338427211167,0.1791227265780223,post_hoc_final_checkpoint_only
R1,RIM_ONE_r3,1,188,2,0.7770641918460358,0.7778065183652354,11598,9021,2577,0.7860293527949315,0.152559963099631,post_hoc_final_checkpoint_only
R1,RIM_ONE_r3,1,189,0,0.7790387505526178,0.7790569298375549,506325,394456,111869,0.987105609263352,0.006560253442183502,post_hoc_final_checkpoint_only
R1,RIM_ONE_r3,1,189,1,0.7790776852686929,0.7792768337043271,36838,28707,8131,0.7092338427211167,0.1791227265780223,post_hoc_final_checkpoint_only
R1,RIM_ONE_r3,1,189,2,0.779058420708756,0.7799172367198717,11841,9235,2606,0.7860293527949315,0.152559963099631,post_hoc_final_checkpoint_only
R1,RIM_ONE_r3,1,190,0,0.7810428109403369,0.7810564447856988,507930,396722,111208,0.987105609263352,0.006560253442183502,post_hoc_final_checkpoint_only
R1,RIM_ONE_r3,1,190,1,0.7810162882854308,0.7812834959461317,36385,28427,7958,0.7092338427211167,0.1791227265780223,post_hoc_final_checkpoint_only
R1,RIM_ONE_r3,1,190,2,0.7811065052559635,0.7817364521768084,12013,9391,2622,0.7860293527949315,0.152559963099631,post_hoc_final_checkpoint_only
R1,RIM_ONE_r3,1,191,0,0.7830410929677905,0.7830604689590832,505929,396173,109756,0.987105609263352,0.006560253442183502,post_hoc_final_checkpoint_only
R1,RIM_ONE_r3,1,191,1,0.7830557252072502,0.78324475224137,37254,29179,8075,0.7092338427211167,0.1791227265780223,post_hoc_final_checkpoint_only
R1,RIM_ONE_r3,1,191,2,0.783067704801815,0.7835753548281237,12189,9551,2638,0.7860293527949315,0.152559963099631,post_hoc_final_checkpoint_only
R1,RIM_ONE_r3,1,192,0,0.7850398107518983,0.7850545576964968,504970,396429,108541,0.987105609263352,0.006560253442183502,post_hoc_final_checkpoint_only
R1,RIM_ONE_r3,1,192,1,0.7850512139440394,0.7852684489615555,36208,28433,7775,0.7092338427211167,0.1791227265780223,post_hoc_final_checkpoint_only
R1,RIM_ONE_r3,1,192,2,0.7850235899505317,0.7855969568600328,11567,9087,2480,0.7860293527949315,0.152559963099631,post_hoc_final_checkpoint_only
R1,RIM_ONE_r3,1,193,0,0.7870446792117801,0.7870591757231035,507742,399623,108119,0.987105609263352,0.006560253442183502,post_hoc_final_checkpoint_only
R1,RIM_ONE_r3,1,193,1,0.7870137192476084,0.7872554621391451,36753,28934,7819,0.7092338427211167,0.1791227265780223,post_hoc_final_checkpoint_only
R1,RIM_ONE_r3,1,193,2,0.7870638488932801,0.7876409185803758,11975,9432,2543,0.7860293527949315,0.152559963099631,post_hoc_final_checkpoint_only
R1,RIM_ONE_r3,1,194,0,0.7890469729952111,0.7890614388554353,508001,400844,107157,0.987105609263352,0.006560253442183502,post_hoc_final_checkpoint_only
R1,RIM_ONE_r3,1,194,1,0.789048576899704,0.7892441860465116,37152,29322,7830,0.7092338427211167,0.1791227265780223,post_hoc_final_checkpoint_only
R1,RIM_ONE_r3,1,194,2,0.7890765127952094,0.7898852104475129,12022,9496,2526,0.7860293527949315,0.152559963099631,post_hoc_final_checkpoint_only
R1,RIM_ONE_r3,1,195,0,0.791045636288666,0.7910595784445239,506173,400413,105760,0.987105609263352,0.006560253442183502,post_hoc_final_checkpoint_only
R1,RIM_ONE_r3,1,195,1,0.7910214864070905,0.7912102699356783,37157,29399,7758,0.7092338427211167,0.1791227265780223,post_hoc_final_checkpoint_only
R1,RIM_ONE_r3,1,195,2,0.7910294888903231,0.7918496827720839,12294,9735,2559,0.7860293527949315,0.152559963099631,post_hoc_final_checkpoint_only
R1,RIM_ONE_r3,1,196,0,0.7930469413294202,0.7930624056910937,508303,403116,105187,0.987105609263352,0.006560253442183502,post_hoc_final_checkpoint_only
R1,RIM_ONE_r3,1,196,1,0.7930573788812517,0.7933438640448827,36718,29130,7588,0.7092338427211167,0.1791227265780223,post_hoc_final_checkpoint_only
R1,RIM_ONE_r3,1,196,2,0.7930032594279974,0.793628695438539,12211,9691,2520,0.7860293527949315,0.152559963099631,post_hoc_final_checkpoint_only
R1,RIM_ONE_r3,1,197,0,0.7950452863053712,0.795059279557295,506161,402428,103733,0.987105609263352,0.006560253442183502,post_hoc_final_checkpoint_only
R1,RIM_ONE_r3,1,197,1,0.7950398506130137,0.7952810363631527,37593,29897,7696,0.7092338427211167,0.1791227265780223,post_hoc_final_checkpoint_only
R1,RIM_ONE_r3,1,197,2,0.7950507925539597,0.795906432748538,11970,9527,2443,0.7860293527949315,0.152559963099631,post_hoc_final_checkpoint_only
R1,RIM_ONE_r3,1,198,0,0.7970454533663106,0.7970603154427192,506653,403833,102820,0.987105609263352,0.006560253442183502,post_hoc_final_checkpoint_only
R1,RIM_ONE_r3,1,198,1,0.797055574982085,0.7972478326682262,36335,28968,7367,0.7092338427211167,0.1791227265780223,post_hoc_final_checkpoint_only
R1,RIM_ONE_r3,1,198,2,0.7970442923907549,0.7976954732510289,12150,9692,2458,0.7860293527949315,0.152559963099631,post_hoc_final_checkpoint_only
R1,RIM_ONE_r3,1,199,0,0.7990460245249225,0.7990618945250325,508898,406641,102257,0.987105609263352,0.006560253442183502,post_hoc_final_checkpoint_only
R1,RIM_ONE_r3,1,199,1,0.7990598266679321,0.7992766235178941,36772,29391,7381,0.7092338427211167,0.1791227265780223,post_hoc_final_checkpoint_only
R1,RIM_ONE_r3,1,199,2,0.7991017283687973,0.7998486886348353,11896,9515,2381,0.7860293527949315,0.152559963099631,post_hoc_final_checkpoint_only
R3,Drishti_GS,2,0,0,0.40083329233352044,0.4008505087746152,300526,120466,180060,0.946779901352582,0.013848548923019727,post_hoc_final_checkpoint_only
R3,Drishti_GS,2,0,1,0.40079721962195497,0.40096664440840724,31449,12610,18839,0.5136108422071636,0.20350427847953897,post_hoc_final_checkpoint_only
R3,Drishti_GS,2,0,2,0.4009353668595443,0.4012137931034483,18125,7272,10853,0.9479047702714575,0.03955317451270945,post_hoc_final_checkpoint_only
R3,Drishti_GS,2,1,0,0.40284526286381483,0.4028680838272484,306058,123301,182757,0.946779901352582,0.013848548923019727,post_hoc_final_checkpoint_only
R3,Drishti_GS,2,1,1,0.4029183965600581,0.4031737346101231,18275,7368,10907,0.5136108422071636,0.20350427847953897,post_hoc_final_checkpoint_only
R3,Drishti_GS,2,1,2,0.40283980869335423,0.40309267579145336,19142,7716,11426,0.9479047702714575,0.03955317451270945,post_hoc_final_checkpoint_only
R3,Drishti_GS,2,2,0,0.40484896947186527,0.40487365760163696,301047,121886,179161,0.946779901352582,0.013848548923019727,post_hoc_final_checkpoint_only
R3,Drishti_GS,2,2,1,0.40481690223835587,0.40512752916364597,15173,6147,9026,0.5136108422071636,0.20350427847953897,post_hoc_final_checkpoint_only
R3,Drishti_GS,2,2,2,0.404767089017604,0.40503813265541944,21635,8763,12872,0.9479047702714575,0.03955317451270945,post_hoc_final_checkpoint_only
R3,Drishti_GS,2,3,0,0.4068423600314752,0.4068682478538771,305551,124319,181232,0.946779901352582,0.013848548923019727,post_hoc_final_checkpoint_only
R3,Drishti_GS,2,3,1,0.40685850853540717,0.40751262626262624,9504,3873,5631,0.5136108422071636,0.20350427847953897,post_hoc_final_checkpoint_only
R3,Drishti_GS,2,3,2,0.40684196984327764,0.4072156050405662,17379,7077,10302,0.9479047702714575,0.03955317451270945,post_hoc_final_checkpoint_only
R3,Drishti_GS,2,4,0,0.4088522411341694,0.4088763607317089,302962,123874,179088,0.946779901352582,0.013848548923019727,post_hoc_final_checkpoint_only
R3,Drishti_GS,2,4,1,0.4089945769372152,0.4094561448025036,11823,4841,6982,0.5136108422071636,0.20350427847953897,post_hoc_final_checkpoint_only
R3,Drishti_GS,2,4,2,0.4087843641668033,0.40905484247374563,21425,8764,12661,0.9479047702714575,0.03955317451270945,post_hoc_final_checkpoint_only
R3,Drishti_GS,2,5,0,0.41084613700588,0.4108632979356494,302468,124273,178195,0.946779901352582,0.013848548923019727,post_hoc_final_checkpoint_only
R3,Drishti_GS,2,5,1,0.41075544019065974,0.4111884900895385,13067,5373,7694,0.5136108422071636,0.20350427847953897,post_hoc_final_checkpoint_only
R3,Drishti_GS,2,5,2,0.41090551230608374,0.4111393069653483,22856,9397,13459,0.9479047702714575,0.03955317451270945,post_hoc_final_checkpoint_only
R3,Drishti_GS,2,6,0,0.4128432243596638,0.4128632148761152,301853,124624,177229,0.946779901352582,0.013848548923019727,post_hoc_final_checkpoint_only
R3,Drishti_GS,2,6,1,0.412775727598457,0.4131540925937559,15919,6577,9342,0.5136108422071636,0.20350427847953897,post_hoc_final_checkpoint_only
R3,Drishti_GS,2,6,2,0.41292010972779614,0.4132176551462571,21093,8716,12377,0.9479047702714575,0.03955317451270945,post_hoc_final_checkpoint_only
R3,Drishti_GS,2,7,0,0.41485042979314474,0.4148669817071172,305146,126595,178551,0.946779901352582,0.013848548923019727,post_hoc_final_checkpoint_only
R3,Drishti_GS,2,7,1,0.4147591274660372,0.41503598030551697,15842,6575,9267,0.5136108422071636,0.20350427847953897,post_hoc_final_checkpoint_only
R3,Drishti_GS,2,7,2,0.4149134202463517,0.4152016051977833,20932,8691,12241,0.9479047702714575,0.03955317451270945,post_hoc_final_checkpoint_only
R3,Drishti_GS,2,8,0,0.41684735591539135,0.41686322505302953,303133,126365,176768,0.946779901352582,0.013848548923019727,post_hoc_final_checkpoint_only
R3,Drishti_GS,2,8,1,0.4168299310138537,0.41714690122333437,19782,8252,11530,0.5136108422071636,0.20350427847953897,post_hoc_final_checkpoint_only
R3,Drishti_GS,2,8,2,0.4169139234923894,0.41718865143699335,21712,9058,12654,0.9479047702714575,0.03955317451270945,post_hoc_final_checkpoint_only
R3,Drishti_GS,2,9,0,0.4188513414413769,0.41887176078435207,306903,128553,178350,0.946779901352582,0.013848548923019727,post_hoc_final_checkpoint_only
R3,Drishti_GS,2,9,1,0.418782442264674,0.41919061734759633,15518,6505,9013,0.5136108422071636,0.20350427847953897,post_hoc_final_checkpoint_only
R3,Drishti_GS,2,9,2,0.418845390590825,0.41906112737920936,21856,9159,12697,0.9479047702714575,0.03955317451270945,post_hoc_final_checkpoint_only
R3,Drishti_GS,2,10,0,0.4208431690581984,0.42086084874634955,304072,127972,176100,0.946779901352582,0.013848548923019727,post_hoc_final_checkpoint_only
R3,Drishti_GS,2,10,1,0.42093394655957916,0.42124986222859034,18146,7644,10502,0.5136108422071636,0.20350427847953897,post_hoc_final_checkpoint_only
R3,Drishti_GS,2,10,2,0.42085564481146026,0.42114833840978316,21997,9264,12733,0.9479047702714575,0.03955317451270945,post_hoc_final_checkpoint_only
R3,Drishti_GS,2,11,0,0.4228530343974483,0.42286736495850547,305221,129068,176153,0.946779901352582,0.013848548923019727,post_hoc_final_checkpoint_only
R3,Drishti_GS,2,11,1,0.42280776376412954,0.42313213906747393,16021,6779,9242,0.5136108422071636,0.20350427847953897,post_hoc_final_checkpoint_only
R3,Drishti_GS,2,11,2,0.4229007081462633,0.4231229179123601,23414,9907,13507,0.9479047702714575,0.03955317451270945,post_hoc_final_checkpoint_only
R3,Drishti_GS,2,12,0,0.4248506494617011,0.4248703480217881,306590,130261,176329,0.946779901352582,0.013848548923019727,post_hoc_final_checkpoint_only
R3,Drishti_GS,2,12,1,0.4248276784717601,0.42535915053091816,19212,8172,11040,0.5136108422071636,0.20350427847953897,post_hoc_final_checkpoint_only
R3,Drishti_GS,2,12,2,0.42491540105043596,0.4251686630868787,21789,9264,12525,0.9479047702714575,0.03955317451270945,post_hoc_final_checkpoint_only
R3,Drishti_GS,2,13,0,0.4268541907948483,0.4268769384774439,304685,130063,174622,0.946779901352582,0.013848548923019727,post_hoc_final_checkpoint_only
R3,Drishti_GS,2,13,1,0.4268977622063157,0.4271636675235647,18672,7976,10696,0.5136108422071636,0.20350427847953897,post_hoc_final_checkpoint_only
R3,Drishti_GS,2,13,2,0.4268433970115663,0.42716636367873956,21453,9164,12289,0.9479047702714575,0.03955317451270945,post_hoc_final_checkpoint_only
R3,Drishti_GS,2,14,0,0.4288586684119344,0.42887694598265597,306272,131353,174919,0.946779901352582,0.013848548923019727,post_hoc_final_checkpoint_only
R3,Drishti_GS,2,14,1,0.4288361336272761,0.4291314467720201,16326,7006,9320,0.5136108422071636,0.20350427847953897,post_hoc_final_checkpoint_only
R3,Drishti_GS,2,14,2,0.42887950078364645,0.429054826466688,21869,9383,12486,0.9479047702714575,0.03955317451270945,post_hoc_final_checkpoint_only
R3,Drishti_GS,2,15,0,0.4308534995389705,0.4308733388907959,305895,131802,174093,0.946779901352582,0.013848548923019727,post_hoc_final_checkpoint_only
R3,Drishti_GS,2,15,1,0.4308193703797465,0.4310504396112911,17288,7452,9836,0.5136108422071636,0.20350427847953897,post_hoc_final_checkpoint_only
R3,Drishti_GS,2,15,2,0.43088061816366463,0.43109344671411404,21638,9328,12310,0.9479047702714575,0.03955317451270945,post_hoc_final_checkpoint_only
R3,Drishti_GS,2,16,0,0.43285835480194135,0.43287085960286004,307549,133129,174420,0.946779901352582,0.013848548923019727,post_hoc_final_checkpoint_only
R3,Drishti_GS,2,16,1,0.4328760683016175,0.4332372153239569,16993,7362,9631,0.5136108422071636,0.20350427847953897,post_hoc_final_checkpoint_only
R3,Drishti_GS,2,16,2,0.43287620622634154,0.4330636263332107,21752,9420,12332,0.9479047702714575,0.03955317451270945,post_hoc_final_checkpoint_only
R3,Drishti_GS,2,17,0,0.4348571934197988,0.434874160883291,308211,134033,174178,0.946779901352582,0.013848548923019727,post_hoc_final_checkpoint_only
R3,Drishti_GS,2,17,1,0.4347141940692141,0.43504455245038476,19752,8593,11159,0.5136108422071636,0.20350427847953897,post_hoc_final_checkpoint_only
R3,Drishti_GS,2,17,2,0.43496064942109064,0.43527052194260063,20941,9115,11826,0.9479047702714575,0.03955317451270945,post_hoc_final_checkpoint_only
R3,Drishti_GS,2,18,0,0.43686201745574144,0.4368775017421038,308535,134792,173743,0.946779901352582,0.013848548923019727,post_hoc_final_checkpoint_only
R3,Drishti_GS,2,18,1,0.4368805095649371,0.43735825716445603,14551,6364,8187,0.5136108422071636,0.20350427847953897,post_hoc_final_checkpoint_only
R3,Drishti_GS,2,18,2,0.43681015184896566,0.4369532849432347,21492,9391,12101,0.9479047702714575,0.03955317451270945,post_hoc_final_checkpoint_only
R3,Drishti_GS,2,19,0,0.4388615814163425,0.43887787295974684,307131,134793,172338,0.946779901352582,0.013848548923019727,post_hoc_final_checkpoint_only
R3,Drishti_GS,2,19,1,0.4389146469391049,0.43919266810833074,19422,8530,10892,0.5136108422071636,0.20350427847953897,post_hoc_final_checkpoint_only
R3,Drishti_GS,2,19,2,0.43882911995041685,0.4390360524050875,20914,9182,11732,0.9479047702714575,0.03955317451270945,post_hoc_final_checkpoint_only
R3,Drishti_GS,2,20,0,0.44086406661900407,0.4408827371414966,310806,137029,173777,0.946779901352582,0.013848548923019727,post_hoc_final_checkpoint_only
R3,Drishti_GS,2,20,1,0.440833814250326,0.4410453808752026,19744,8708,11036,0.5136108422071636,0.20350427847953897,post_hoc_final_checkpoint_only
R3,Drishti_GS,2,20,2,0.44085568016311183,0.44114382366932714,18919,8346,10573,0.9479047702714575,0.03955317451270945,post_hoc_final_checkpoint_only
R3,Drishti_GS,2,21,0,0.4428624842299063,0.4428769089521938,309332,136996,172336,0.946779901352582,0.013848548923019727,post_hoc_final_checkpoint_only
R3,Drishti_GS,2,21,1,0.44293084605173366,0.44321533923303835,18984,8414,10570,0.5136108422071636,0.20350427847953897,post_hoc_final_checkpoint_only
R3,Drishti_GS,2,21,2,0.4428266688662892,0.4431250309237544,20211,8956,11255,0.9479047702714575,0.03955317451270945,post_hoc_final_checkpoint_only
R3,Drishti_GS,2,22,0,0.4448644292235933,0.4448818518696761,311685,138663,173022,0.946779901352582,0.013848548923019727,post_hoc_final_checkpoint_only
R3,Drishti_GS,2,22,1,0.4447572408701594,0.4450242065626681,18590,8273,10317,0.5136108422071636,0.20350427847953897,post_hoc_final_checkpoint_only
R3,Drishti_GS,2,22,2,0.44491273180257596,0.4452011735121542,19088,8498,10590,0.9479047702714575,0.03955317451270945,post_hoc_final_checkpoint_only
R3,Drishti_GS,2,23,0,0.4468587554281243,0.4468769141520043,308557,137887,170670,0.946779901352582,0.013848548923019727,post_hoc_final_checkpoint_only
R3,Drishti_GS,2,23,1,0.44696387448925223,0.4472272748472553,21441,9589,11852,0.5136108422071636,0.20350427847953897,post_hoc_final_checkpoint_only
R3,Drishti_GS,2,23,2,0.44680265472443076,0.4471485448326137,17833,7974,9859,0.9479047702714575,0.03955317451270945,post_hoc_final_checkpoint_only
R3,Drishti_GS,2,24,0,0.4488625361731347,0.44888070925610263,309169,138780,170389,0.946779901352582,0.013848548923019727,post_hoc_final_checkpoint_only
R3,Drishti_GS,2,24,1,0.44892991268295956,0.44931768971247293,19859,8923,10936,0.5136108422071636,0.20350427847953897,post_hoc_final_checkpoint_only
R3,Drishti_GS,2,24,2,0.4488523075976552,0.4491878772792333,16069,7218,8851,0.9479047702714575,0.03955317451270945,post_hoc_final_checkpoint_only
R3,Drishti_GS,2,25,0,0.4508660990601345,0.45088408644400785,313544,141372,172172,0.946779901352582,0.013848548923019727,post_hoc_final_checkpoint_only
R3,Drishti_GS,2,25,1,0.4507942407974266,0.45104752171691365,19570,8827,10743,0.5136108422071636,0.20350427847953897,post_hoc_final_checkpoint_only
R3,Drishti_GS,2,25,2,0.45097407944342704,0.45130227971460063,17239,7780,9459,0.9479047702714575,0.03955317451270945,post_hoc_final_checkpoint_only
R3,Drishti_GS,2,26,0,0.4528635069726167,0.4528868925041186,310784,140750,170034,0.946779901352582,0.013848548923019727,post_hoc_final_checkpoint_only
R3,Drishti_GS,2,26,1,0.4528431307796967,0.453186219319973,22205,10063,12142,0.5136108422071636,0.20350427847953897,post_hoc_final_checkpoint_only
R3,Drishti_GS,2,26,2,0.45292659787643813,0.45328180514866295,16043,7272,8771,0.9479047702714575,0.03955317451270945,post_hoc_final_checkpoint_only
R3,Drishti_GS,2,27,0,0.454866978046743,0.4548848384638239,309652,140856,168796,0.946779901352582,0.013848548923019727,post_hoc_final_checkpoint_only
R3,Drishti_GS,2,27,1,0.45481119497566136,0.45528994082840235,21125,9618,11507,0.5136108422071636,0.20350427847953897,post_hoc_final_checkpoint_only
R3,Drishti_GS,2,27,2,0.4549696113745211,0.4552815377959083,16179,7366,8813,0.9479047702714575,0.03955317451270945,post_hoc_final_checkpoint_only
R3,Drishti_GS,2,28,0,0.45686246090050747,0.4568843607379315,311140,142155,168985,0.946779901352582,0.013848548923019727,post_hoc_final_checkpoint_only
R3,Drishti_GS,2,28,1,0.4569272266307073,0.45713245002959524,21963,10040,11923,0.5136108422071636,0.20350427847953897,post_hoc_final_checkpoint_only
R3,Drishti_GS,2,28,2,0.45691548067697657,0.4571479479717289,16837,7697,9140,0.9479047702714575,0.03955317451270945,post_hoc_final_checkpoint_only
R3,Drishti_GS,2,29,0,0.45886315138590456,0.45887712465502567,310168,142329,167839,0.946779901352582,0.013848548923019727,post_hoc_final_checkpoint_only
R3,Drishti_GS,2,29,1,0.4589030119304941,0.4591397849462366,21390,9821,11569,0.5136108422071636,0.20350427847953897,post_hoc_final_checkpoint_only
R3,Drishti_GS,2,29,2,0.4589788855996679,0.45927075252133437,15468,7104,8364,0.9479047702714575,0.03955317451270945,post_hoc_final_checkpoint_only
R3,Drishti_GS,2,30,0,0.4608685881375665,0.46088427744701577,312074,143830,168244,0.946779901352582,0.013848548923019727,post_hoc_final_checkpoint_only
R3,Drishti_GS,2,30,1,0.4608540949850728,0.4611760969671307,18893,8713,10180,0.5136108422071636,0.20350427847953897,post_hoc_final_checkpoint_only
R3,Drishti_GS,2,30,2,0.46091683245582593,0.4612079701120797,16060,7407,8653,0.9479047702714575,0.03955317451270945,post_hoc_final_checkpoint_only
R3,Drishti_GS,2,31,0,0.46286204911267326,0.46287881243315077,308530,142812,165718,0.946779901352582,0.013848548923019727,post_hoc_final_checkpoint_only
R3,Drishti_GS,2,31,1,0.46289308995179423,0.4631634772616785,22627,10480,12147,0.5136108422071636,0.20350427847953897,post_hoc_final_checkpoint_only
R3,Drishti_GS,2,31,2,0.4628823485970795,0.46324531239862454,15413,7140,8273,0.9479047702714575,0.03955317451270945,post_hoc_final_checkpoint_only
R3,Drishti_GS,2,32,0,0.4648658691759386,0.4648836423873012,310895,144530,166365,0.946779901352582,0.013848548923019727,post_hoc_final_checkpoint_only
R3,Drishti_GS,2,32,1,0.4648668929302096,0.4651990935577857,21623,10059,11564,0.5136108422071636,0.20350427847953897,post_hoc_final_checkpoint_only
R3,Drishti_GS,2,32,2,0.4648890680195629,0.4653418015433996,14643,6814,7829,0.9479047702714575,0.03955317451270945,post_hoc_final_checkpoint_only
R3,Drishti_GS,2,33,0,0.4668686107316402,0.4668846966088748,311578,145471,166107,0.946779901352582,0.013848548923019727,post_hoc_final_checkpoint_only
R3,Drishti_GS,2,33,1,0.4668742749174026,0.4671363482956463,23704,11073,12631,0.5136108422071636,0.20350427847953897,post_hoc_final_checkpoint_only
R3,Drishti_GS,2,33,2,0.46690275149200466,0.46720799500312304,16010,7480,8530,0.9479047702714575,0.03955317451270945,post_hoc_final_checkpoint_only
R3,Drishti_GS,2,34,0,0.4688769275587269,0.46889174538961853,311959,146275,165684,0.946779901352582,0.013848548923019727,post_hoc_final_checkpoint_only
R3,Drishti_GS,2,34,1,0.4688330677622076,0.46908296553876333,22431,10522,11909,0.5136108422071636,0.20350427847953897,post_hoc_final_checkpoint_only
R3,Drishti_GS,2,34,2,0.4688200644539917,0.46913835956917976,14484,6795,7689,0.9479047702714575,0.03955317451270945,post_hoc_final_checkpoint_only
R3,Drishti_GS,2,35,0,0.4708785144759498,0.4708973874494686,314903,148287,166616,0.946779901352582,0.013848548923019727,post_hoc_final_checkpoint_only
R3,Drishti_GS,2,35,1,0.4708935159101096,0.47123719464145,16497,7774,8723,0.5136108422071636,0.20350427847953897,post_hoc_final_checkpoint_only
R3,Drishti_GS,2,35,2,0.47072896502832784,0.47113101295881676,14739,6944,7795,0.9479047702714575,0.03955317451270945,post_hoc_final_checkpoint_only
R3,Drishti_GS,2,36,0,0.4728781420953223,0.4728938521506331,309653,146433,163220,0.946779901352582,0.013848548923019727,post_hoc_final_checkpoint_only
R3,Drishti_GS,2,36,1,0.4728584387887911,0.4731034482758621,23200,10976,12224,0.5136108422071636,0.20350427847953897,post_hoc_final_checkpoint_only
R3,Drishti_GS,2,36,2,0.47282703438836754,0.47313599717530747,16993,8040,8953,0.9479047702714575,0.03955317451270945,post_hoc_final_checkpoint_only
R3,Drishti_GS,2,37,0,0.4748765730133551,0.4748946617988376,312802,148548,164254,0.946779901352582,0.013848548923019727,post_hoc_final_checkpoint_only
R3,Drishti_GS,2,37,1,0.4748569823563806,0.4751769128704113,18088,8595,9493,0.5136108422071636,0.20350427847953897,post_hoc_final_checkpoint_only
R3,Drishti_GS,2,37,2,0.4748608823787149,0.47511258592083433,16876,8018,8858,0.9479047702714575,0.03955317451270945,post_hoc_final_checkpoint_only
R3,Drishti_GS,2,38,0,0.476882515166058,0.47690076252408015,310941,148288,162653,0.946779901352582,0.013848548923019727,post_hoc_final_checkpoint_only
R3,Drishti_GS,2,38,1,0.47687937136802777,0.4771280198690449,22145,10566,11579,0.5136108422071636,0.20350427847953897,post_hoc_final_checkpoint_only
R3,Drishti_GS,2,38,2,0.47684430844041054,0.4771900181959969,15388,7343,8045,0.9479047702714575,0.03955317451270945,post_hoc_final_checkpoint_only
R3,Drishti_GS,2,39,0,0.47887777582614754,0.47890106000366606,316414,151531,164883,0.946779901352582,0.013848548923019727,post_hoc_final_checkpoint_only
R3,Drishti_GS,2,39,1,0.47886698613768924,0.4790792785234899,19072,9137,9935,0.5136108422071636,0.20350427847953897,post_hoc_final_checkpoint_only
R3,Drishti_GS,2,39,2,0.4787129683542193,0.47897148327976474,14623,7004,7619,0.9479047702714575,0.03955317451270945,post_hoc_final_checkpoint_only
R3,Drishti_GS,2,40,0,0.4808811657415795,0.4808967023423331,313192,150613,162579,0.946779901352582,0.013848548923019727,post_hoc_final_checkpoint_only
R3,Drishti_GS,2,40,1,0.48098872788819647,0.4812485332081671,21305,10253,11052,0.5136108422071636,0.20350427847953897,post_hoc_final_checkpoint_only
R3,Drishti_GS,2,40,2,0.4807034586115938,0.4810436443966804,16749,8057,8692,0.9479047702714575,0.03955317451270945,post_hoc_final_checkpoint_only
R3,Drishti_GS,2,41,0,0.48287679205432393,0.482890698241874,311468,150405,161063,0.946779901352582,0.013848548923019727,post_hoc_final_checkpoint_only
R3,Drishti_GS,2,41,1,0.4827002885651367,0.4833652356211831,21942,10606,11336,0.5136108422071636,0.20350427847953897,post_hoc_final_checkpoint_only
R3,Drishti_GS,2,41,2,0.4830013593986657,0.4833756175724396,14978,7240,7738,0.9479047702714575,0.03955317451270945,post_hoc_final_checkpoint_only
R3,Drishti_GS,2,42,0,0.4848797903746444,0.48489301481628194,313034,151788,161246,0.946779901352582,0.013848548923019727,post_hoc_final_checkpoint_only
R3,Drishti_GS,2,42,1,0.4849439519186479,0.48520990312163614,23225,11269,11956,0.5136108422071636,0.20350427847953897,post_hoc_final_checkpoint_only
R3,Drishti_GS,2,42,2,0.4848068310092812,0.485182871816226,14409,6991,7418,0.9479047702714575,0.03955317451270945,post_hoc_final_checkpoint_only
R3,Drishti_GS,2,43,0,0.4868758098524213,0.4868913268500486,317843,154755,163088,0.946779901352582,0.013848548923019727,post_hoc_final_checkpoint_only
R3,Drishti_GS,2,43,1,0.4868697348588553,0.4871633098762436,20605,10038,10567,0.5136108422071636,0.20350427847953897,post_hoc_final_checkpoint_only
R3,Drishti_GS,2,43,2,0.4869234149604885,0.4872352770525094,13788,6718,7070,0.9479047702714575,0.03955317451270945,post_hoc_final_checkpoint_only
R3,Drishti_GS,2,44,0,0.48888828812810925,0.488904014589166,311464,152276,159188,0.946779901352582,0.013848548923019727,post_hoc_final_checkpoint_only
R3,Drishti_GS,2,44,1,0.4888457694781697,0.4890945674044266,24850,12154,12696,0.5136108422071636,0.20350427847953897,post_hoc_final_checkpoint_only
R3,Drishti_GS,2,44,2,0.48885401273122103,0.4893094481363768,13844,6774,7070,0.9479047702714575,0.03955317451270945,post_hoc_final_checkpoint_only
R3,Drishti_GS,2,45,0,0.4908885903832096,0.49090707719570276,316015,155134,160881,0.946779901352582,0.013848548923019727,post_hoc_final_checkpoint_only
R3,Drishti_GS,2,45,1,0.490863680608286,0.4911247653183137,23436,11510,11926,0.5136108422071636,0.20350427847953897,post_hoc_final_checkpoint_only
R3,Drishti_GS,2,45,2,0.49088359967662354,0.4912555097397981,14066,6910,7156,0.9479047702714575,0.03955317451270945,post_hoc_final_checkpoint_only
R3,Drishti_GS,2,46,0,0.4928885772828485,0.4929032671569806,312045,153808,158237,0.946779901352582,0.013848548923019727,post_hoc_final_checkpoint_only
R3,Drishti_GS,2,46,1,0.4928338983950039,0.49305363878921704,21738,10718,11020,0.5136108422071636,0.20350427847953897,post_hoc_final_checkpoint_only
R3,Drishti_GS,2,46,2,0.49285092565728145,0.49321266968325794,14586,7194,7392,0.9479047702714575,0.03955317451270945,post_hoc_final_checkpoint_only
R3,Drishti_GS,2,47,0,0.49489286104238517,0.4949087373351872,315737,156261,159476,0.946779901352582,0.013848548923019727,post_hoc_final_checkpoint_only
R3,Drishti_GS,2,47,1,0.4948690801131052,0.4951122375090514,22096,10940,11156,0.5136108422071636,0.20350427847953897,post_hoc_final_checkpoint_only
R3,Drishti_GS,2,47,2,0.4948741421738114,0.49515812284147087,14767,7312,7455,0.9479047702714575,0.03955317451270945,post_hoc_final_checkpoint_only
R3,Drishti_GS,2,48,0,0.49688651092540675,0.4969046135161481,312885,155474,157411,0.946779901352582,0.013848548923019727,post_hoc_final_checkpoint_only
R3,Drishti_GS,2,48,1,0.49683965087047993,0.49712643678160917,21924,10899,11025,0.5136108422071636,0.20350427847953897,post_hoc_final_checkpoint_only
R3,Drishti_GS,2,48,2,0.4969972873504871,0.49745639534883723,13760,6845,6915,0.9479047702714575,0.03955317451270945,post_hoc_final_checkpoint_only
R3,Drishti_GS,2,49,0,0.49889018466146057,0.49890745274452364,311657,155488,156169,0.946779901352582,0.013848548923019727,post_hoc_final_checkpoint_only
R3,Drishti_GS,2,49,1,0.4987845953110222,0.49898356767745217,23612,11782,11830,0.5136108422071636,0.20350427847953897,post_hoc_final_checkpoint_only
R3,Drishti_GS,2,49,2,0.49898443053566355,0.4992793905703109,14571,7275,7296,0.9479047702714575,0.03955317451270945,post_hoc_final_checkpoint_only
R3,Drishti_GS,2,50,0,0.500885719528851,0.5009015139710816,314471,157519,156952,0.946779901352582,0.013848548923019727,post_hoc_final_checkpoint_only
R3,Drishti_GS,2,50,1,0.500889425727456,0.5011622501162251,23661,11858,11803,0.5136108422071636,0.20350427847953897,post_hoc_final_checkpoint_only
R3,Drishti_GS,2,50,2,0.500923347857633,0.5015225084355197,12151,6094,6057,0.9479047702714575,0.03955317451270945,post_hoc_final_checkpoint_only
R3,Drishti_GS,2,51,0,0.5028907431037613,0.5029055859970529,313534,157678,155856,0.946779901352582,0.013848548923019727,post_hoc_final_checkpoint_only
R3,Drishti_GS,2,51,1,0.5028570028449895,0.5031050350712595,22383,11261,11122,0.5136108422071636,0.20350427847953897,post_hoc_final_checkpoint_only
R3,Drishti_GS,2,51,2,0.5028162781138384,0.5031574363068883,13777,6932,6845,0.9479047702714575,0.03955317451270945,post_hoc_final_checkpoint_only
R3,Drishti_GS,2,52,0,0.5048866045413901,0.504905198074291,313443,158259,155184,0.946779901352582,0.013848548923019727,post_hoc_final_checkpoint_only
R3,Drishti_GS,2,52,1,0.5049874663232943,0.505183585313175,23150,11695,11455,0.5136108422071636,0.20350427847953897,post_hoc_final_checkpoint_only
R3,Drishti_GS,2,52,2,0.5047246350860445,0.5050454447863737,13973,7057,6916,0.9479047702714575,0.03955317451270945,post_hoc_final_checkpoint_only
R3,Drishti_GS,2,53,0,0.5068907078410447,0.5069032643542284,311302,157800,153502,0.946779901352582,0.013848548923019727,post_hoc_final_checkpoint_only
R3,Drishti_GS,2,53,1,0.5067511309231971,0.5072638012223224,19962,10126,9836,0.5136108422071636,0.20350427847953897,post_hoc_final_checkpoint_only
R3,Drishti_GS,2,53,2,0.5068874217603555,0.5073291050035236,14190,7199,6991,0.9479047702714575,0.03955317451270945,post_hoc_final_checkpoint_only
R3,Drishti_GS,2,54,0,0.5088761062085895,0.5088917767349053,314729,160163,154566,0.946779901352582,0.013848548923019727,post_hoc_final_checkpoint_only
R3,Drishti_GS,2,54,1,0.5090576988448607,0.5092524056254626,24318,12384,11934,0.5136108422071636,0.20350427847953897,post_hoc_final_checkpoint_only
R3,Drishti_GS,2,54,2,0.5089331979696531,0.509296445039417,13446,6848,6598,0.9479047702714575,0.03955317451270945,post_hoc_final_checkpoint_only
R3,Drishti_GS,2,55,0,0.5109017233999296,0.5109219867174908,314549,160710,153839,0.946779901352582,0.013848548923019727,post_hoc_final_checkpoint_only
R3,Drishti_GS,2,55,1,0.5106272798591608,0.5109422655037723,18689,9549,9140,0.5136108422071636,0.20350427847953897,post_hoc_final_checkpoint_only
R3,Drishti_GS,2,55,2,0.5110507014082829,0.5114409847936278,13810,7063,6747,0.9479047702714575,0.03955317451270945,post_hoc_final_checkpoint_only
R3,Drishti_GS,2,56,0,0.51290074067753,0.5129219778680487,314116,161117,152999,0.946779901352582,0.013848548923019727,post_hoc_final_checkpoint_only
R3,Drishti_GS,2,56,1,0.5129744663309975,0.513282377465391,18709,9603,9106,0.5136108422071636,0.20350427847953897,post_hoc_final_checkpoint_only
R3,Drishti_GS,2,56,2,0.5129026808642079,0.5132103027084439,15064,7731,7333,0.9479047702714575,0.03955317451270945,post_hoc_final_checkpoint_only
R3,Drishti_GS,2,57,0,0.5148951383935031,0.5149104925923809,314946,162169,152777,0.946779901352582,0.013848548923019727,post_hoc_final_checkpoint_only
R3,Drishti_GS,2,57,1,0.5147731277474522,0.5149730898385391,21739,11195,10544,0.5136108422071636,0.20350427847953897,post_hoc_final_checkpoint_only
R3,Drishti_GS,2,57,2,0.5150454359463313,0.5153935422213121,14649,7550,7099,0.9479047702714575,0.03955317451270945,post_hoc_final_checkpoint_only
R3,Drishti_GS,2,58,0,0.5168886456218752,0.5169052168356506,317683,164212,153471,0.946779901352582,0.013848548923019727,post_hoc_final_checkpoint_only
R3,Drishti_GS,2,58,1,0.5170607831168864,0.5173601543124827,21774,11265,10509,0.5136108422071636,0.20350427847953897,post_hoc_final_checkpoint_only
R3,Drishti_GS,2,58,2,0.5168215872029771,0.5172617042775345,11876,6143,5733,0.9479047702714575,0.03955317451270945,post_hoc_final_checkpoint_only
R3,Drishti_GS,2,59,0,0.5188950118305273,0.5189054336058243,318665,165357,153308,0.946779901352582,0.013848548923019727,post_hoc_final_checkpoint_only
R3,Drishti_GS,2,59,1,0.5189730376565626,0.5192307692307693,21944,11394,10550,0.5136108422071636,0.20350427847953897,post_hoc_final_checkpoint_only
R3,Drishti_GS,2,59,2,0.5187747706995982,0.5192104068975949,13222,6865,6357,0.9479047702714575,0.03955317451270945,post_hoc_final_checkpoint_only
R3,Drishti_GS,2,60,0,0.5209060399059722,0.5209180513073982,311573,162304,149269,0.946779901352582,0.013848548923019727,post_hoc_final_checkpoint_only
R3,Drishti_GS,2,60,1,0.5209163929462342,0.5211374567547042,23702,12352,11350,0.5136108422071636,0.20350427847953897,post_hoc_final_checkpoint_only
R3,Drishti_GS,2,60,2,0.5207580743750281,0.521180251241601,13692,7136,6556,0.9479047702714575,0.03955317451270945,post_hoc_final_checkpoint_only
R3,Drishti_GS,2,61,0,0.5229010231461448,0.5229205728961508,317335,165941,151394,0.946779901352582,0.013848548923019727,post_hoc_final_checkpoint_only
R3,Drishti_GS,2,61,1,0.5228707496036281,0.5230810810810811,18500,9677,8823,0.5136108422071636,0.20350427847953897,post_hoc_final_checkpoint_only
R3,Drishti_GS,2,61,2,0.5229268981702481,0.5234096863034863,14887,7792,7095,0.9479047702714575,0.03955317451270945,post_hoc_final_checkpoint_only
R3,Drishti_GS,2,62,0,0.5248970077799412,0.5249181370211413,314550,165113,149437,0.946779901352582,0.013848548923019727,post_hoc_final_checkpoint_only
R3,Drishti_GS,2,62,1,0.5248513955750906,0.5251069578923666,22205,11660,10545,0.5136108422071636,0.20350427847953897,post_hoc_final_checkpoint_only
R3,Drishti_GS,2,62,2,0.5250293585121865,0.5255410411386235,10258,5391,4867,0.9479047702714575,0.03955317451270945,post_hoc_final_checkpoint_only
R3,Drishti_GS,2,63,0,0.5268999320309501,0.5269134602028059,316756,166903,149853,0.946779901352582,0.013848548923019727,post_hoc_final_checkpoint_only
R3,Drishti_GS,2,63,1,0.5268817701935284,0.527227852754293,19043,10040,9003,0.5136108422071636,0.20350427847953897,post_hoc_final_checkpoint_only
R3,Drishti_GS,2,63,2,0.5269083344229801,0.5271904566022213,12155,6408,5747,0.9479047702714575,0.03955317451270945,post_hoc_final_checkpoint_only
R3,Drishti_GS,2,64,0,0.5289009981437053,0.5289193785855714,315152,166690,148462,0.946779901352582,0.013848548923019727,post_hoc_final_checkpoint_only
R3,Drishti_GS,2,64,1,0.5289681322756224,0.5292518127883982,24272,12846,11426,0.5136108422071636,0.20350427847953897,post_hoc_final_checkpoint_only
R3,Drishti_GS,2,64,2,0.52876334609772,0.529110822885142,13878,7343,6535,0.9479047702714575,0.03955317451270945,post_hoc_final_checkpoint_only
R3,Drishti_GS,2,65,0,0.5309095975249528,0.53092240227354,318798,169257,149541,0.946779901352582,0.013848548923019727,post_hoc_final_checkpoint_only
R3,Drishti_GS,2,65,1,0.530918797799863,0.5311379821249342,20923,11113,9810,0.5136108422071636,0.20350427847953897,post_hoc_final_checkpoint_only
R3,Drishti_GS,2,65,2,0.5308836334598227,0.5312454479242534,13730,7294,6436,0.9479047702714575,0.03955317451270945,post_hoc_final_checkpoint_only
R3,Drishti_GS,2,66,0,0.5329046231274671,0.5329183332394419,319518,170277,149241,0.946779901352582,0.013848548923019727,post_hoc_final_checkpoint_only
R3,Drishti_GS,2,66,1,0.5328753363051866,0.5331445067814151,18359,9788,8571,0.5136108422071636,0.20350427847953897,post_hoc_final_checkpoint_only
R3,Drishti_GS,2,66,2,0.5329646278536966,0.5334316617502458,12204,6510,5694,0.9479047702714575,0.03955317451270945,post_hoc_final_checkpoint_only
R3,Drishti_GS,2,67,0,0.5349033075295493,0.5349202670569448,314989,168494,146495,0.946779901352582,0.013848548923019727,post_hoc_final_checkpoint_only
R3,Drishti_GS,2,67,1,0.5349470673953637,0.5351102204408817,24950,13351,11599,0.5136108422071636,0.20350427847953897,post_hoc_final_checkpoint_only
R3,Drishti_GS,2,67,2,0.5348477757200332,0.5353543497540918,12403,6640,5763,0.9479047702714575,0.03955317451270945,post_hoc_final_checkpoint_only
R3,Drishti_GS,2,68,0,0.5369075633983295,0.5369256456131635,318031,170759,147272,0.946779901352582,0.013848548923019727,post_hoc_final_checkpoint_only
R3,Drishti_GS,2,68,1,0.5368178812988499,0.537133815985041,20857,11203,9654,0.5136108422071636,0.20350427847953897,post_hoc_final_checkpoint_only
R3,Drishti_GS,2,68,2,0.5369633688539596,0.5374477152553074,12671,6810,5861,0.9479047702714575,0.03955317451270945,post_hoc_final_checkpoint_only
R3,Drishti_GS,2,69,0,0.5389051283235999,0.5389232551807976,315878,170234,145644,0.946779901352582,0.013848548923019727,post_hoc_final_checkpoint_only
R3,Drishti_GS,2,69,1,0.5389224272460468,0.5391394504924831,25077,13520,11557,0.5136108422071636,0.20350427847953897,post_hoc_final_checkpoint_only
R3,Drishti_GS,2,69,2,0.5388545122564363,0.5393368808841589,12215,6588,5627,0.9479047702714575,0.03955317451270945,post_hoc_final_checkpoint_only
R3,Drishti_GS,2,70,0,0.5409069001211294,0.5409239608446124,316074,170972,145102,0.946779901352582,0.013848548923019727,post_hoc_final_checkpoint_only
R3,Drishti_GS,2,70,1,0.5409326049794976,0.5411793254064547,20605,11151,9454,0.5136108422071636,0.20350427847953897,post_hoc_final_checkpoint_only
R3,Drishti_GS,2,70,2,0.5407810047599294,0.5411255411255411,13398,7250,6148,0.9479047702714575,0.03955317451270945,post_hoc_final_checkpoint_only
R3,Drishti_GS,2,71,0,0.5429123582111993,0.5429310263764163,319035,173214,145821,0.946779901352582,0.013848548923019727,post_hoc_final_checkpoint_only
R3,Drishti_GS,2,71,1,0.5427547793929616,0.5430022052412944,19499,10588,8911,0.5136108422071636,0.20350427847953897,post_hoc_final_checkpoint_only
R3,Drishti_GS,2,71,2,0.542997035274363,0.5435854575846218,11965,6504,5461,0.9479047702714575,0.03955317451270945,post_hoc_final_checkpoint_only
R3,Drishti_GS,2,72,0,0.5449117356833567,0.544925177679173,314612,171440,143172,0.946779901352582,0.013848548923019727,post_hoc_final_checkpoint_only
R3,Drishti_GS,2,72,1,0.5448642986501769,0.5450473231702911,27682,15088,12594,0.5136108422071636,0.20350427847953897,post_hoc_final_checkpoint_only
R3,Drishti_GS,2,72,2,0.5449845148295525,0.5454035874439462,12488,6811,5677,0.9479047702714575,0.03955317451270945,post_hoc_final_checkpoint_only
R3,Drishti_GS,2,73,0,0.5469078957069821,0.5469242336322059,320538,175310,145228,0.946779901352582,0.013848548923019727,post_hoc_final_checkpoint_only
R3,Drishti_GS,2,73,1,0.5468180245879855,0.5471119883648452,19252,10533,8719,0.5136108422071636,0.20350427847953897,post_hoc_final_checkpoint_only
R3,Drishti_GS,2,73,2,0.5469456906207028,0.5474418961417504,13037,7137,5900,0.9479047702714575,0.03955317451270945,post_hoc_final_checkpoint_only
R3,Drishti_GS,2,74,0,0.548906251843564,0.5489185658295834,316894,173949,142945,0.946779901352582,0.013848548923019727,post_hoc_final_checkpoint_only
R3,Drishti_GS,2,74,1,0.548983037460132,0.5491787364578884,25753,14143,11610,0.5136108422071636,0.20350427847953897,post_hoc_final_checkpoint_only
R3,Drishti_GS,2,74,2,0.5489314811635613,0.5495782406610432,11618,6385,5233,0.9479047702714575,0.03955317451270945,post_hoc_final_checkpoint_only
R3,Drishti_GS,2,75,0,0.5509064574662205,0.550927164196012,317797,175083,142714,0.946779901352582,0.013848548923019727,post_hoc_final_checkpoint_only
R3,Drishti_GS,2,75,1,0.5508401045273348,0.5510921880784895,21608,11908,9700,0.5136108422071636,0.20350427847953897,post_hoc_final_checkpoint_only
R3,Drishti_GS,2,75,2,0.5509254391853332,0.5513037862274965,12387,6829,5558,0.9479047702714575,0.03955317451270945,post_hoc_final_checkpoint_only
R3,Drishti_GS,2,76,0,0.5528991128670668,0.5529203696055838,317203,175388,141815,0.946779901352582,0.013848548923019727,post_hoc_final_checkpoint_only
R3,Drishti_GS,2,76,1,0.5530265934796805,0.55331877314595,21062,11654,9408,0.5136108422071636,0.20350427847953897,post_hoc_final_checkpoint_only
R3,Drishti_GS,2,76,2,0.5529954367231534,0.5533722390485336,13537,7491,6046,0.9479047702714575,0.03955317451270945,post_hoc_final_checkpoint_only
R3,Drishti_GS,2,77,0,0.5549141529956252,0.5549258081014401,310883,172517,138366,0.946779901352582,0.013848548923019727,post_hoc_final_checkpoint_only
R3,Drishti_GS,2,77,1,0.5548525010367148,0.5550660792951542,29056,16128,12928,0.5136108422071636,0.20350427847953897,post_hoc_final_checkpoint_only
R3,Drishti_GS,2,77,2,0.5549679148813333,0.5561154765971985,11708,6511,5197,0.9479047702714575,0.03955317451270945,post_hoc_final_checkpoint_only
R3,Drishti_GS,2,78,0,0.5569127261537091,0.5569295708590636,319825,178120,141705,0.946779901352582,0.013848548923019727,post_hoc_final_checkpoint_only
R3,Drishti_GS,2,78,1,0.556986943708816,0.5573529411764706,16320,9096,7224,0.5136108422071636,0.20350427847953897,post_hoc_final_checkpoint_only
R3,Drishti_GS,2,78,2,0.556836038559853,0.5572222645244803,13133,7318,5815,0.9479047702714575,0.03955317451270945,post_hoc_final_checkpoint_only
R3,Drishti_GS,2,79,0,0.5589099770572092,0.5589275284039166,318442,177986,140456,0.946779901352582,0.013848548923019727,post_hoc_final_checkpoint_only
R3,Drishti_GS,2,79,1,0.5589019380182481,0.5591063829787234,23500,13139,10361,0.5136108422071636,0.20350427847953897,post_hoc_final_checkpoint_only
R3,Drishti_GS,2,79,2,0.5590857542574936,0.5595333869670153,12430,6955,5475,0.9479047702714575,0.03955317451270945,post_hoc_final_checkpoint_only
R3,Drishti_GS,2,80,0,0.5609177557874852,0.5609329409037944,314961,176672,138289,0.946779901352582,0.013848548923019727,post_hoc_final_checkpoint_only
R3,Drishti_GS,2,80,1,0.5609006452482141,0.561131259589901,28676,16091,12585,0.5136108422071636,0.20350427847953897,post_hoc_final_checkpoint_only
R3,Drishti_GS,2,80,2,0.560869780139718,0.5613219726310353,11619,6522,5097,0.9479047702714575,0.03955317451270945,post_hoc_final_checkpoint_only
R3,Drishti_GS,2,81,0,0.5629203216311974,0.5629403827894658,320176,180240,139936,0.946779901352582,0.013848548923019727,post_hoc_final_checkpoint_only
R3,Drishti_GS,2,81,1,0.5629352041243435,0.5632390025217148,17845,10051,7794,0.5136108422071636,0.20350427847953897,post_hoc_final_checkpoint_only
R3,Drishti_GS,2,81,2,0.5630111641981322,0.5635046411591578,13251,7467,5784,0.9479047702714575,0.03955317451270945,post_hoc_final_checkpoint_only
R3,Drishti_GS,2,82,0,0.5649146228225513,0.5649260300423091,316953,179055,137898,0.946779901352582,0.013848548923019727,post_hoc_final_checkpoint_only
R3,Drishti_GS,2,82,1,0.5649061507651598,0.5651727946978066,25348,14326,11022,0.5136108422071636,0.20350427847953897,post_hoc_final_checkpoint_only
R3,Drishti_GS,2,82,2,0.5649565110188226,0.5653892036981807,13412,7583,5829,0.9479047702714575,0.03955317451270945,post_hoc_final_checkpoint_only
R3,Drishti_GS,2,83,0,0.5669259182119119,0.5669414102235024,315567,178908,136659,0.946779901352582,0.013848548923019727,post_hoc_final_checkpoint_only
R3,Drishti_GS,2,83,1,0.5668188360445868,0.5670379537953796,24240,13745,10495,0.5136108422071636,0.20350427847953897,post_hoc_final_checkpoint_only
R3,Drishti_GS,2,83,2,0.5670066714383404,0.5674375422012155,11848,6723,5125,0.9479047702714575,0.03955317451270945,post_hoc_final_checkpoint_only
R3,Drishti_GS,2,84,0,0.5689164724363378,0.5689291550027233,315788,179661,136127,0.946779901352582,0.013848548923019727,post_hoc_final_checkpoint_only
R3,Drishti_GS,2,84,1,0.5689672288726657,0.5692327845945592,22901,13036,9865,0.5136108422071636,0.20350427847953897,post_hoc_final_checkpoint_only
R3,Drishti_GS,2,84,2,0.5689125846744304,0.5693424768051634,12395,7057,5338,0.9479047702714575,0.03955317451270945,post_hoc_final_checkpoint_only
R3,Drishti_GS,2,85,0,0.5709215635773467,0.5709399927998939,316662,180795,135867,0.946779901352582,0.013848548923019727,post_hoc_final_checkpoint_only
R3,Drishti_GS,2,85,1,0.570885210101485,0.5711170341652532,24762,14142,10620,0.5136108422071636,0.20350427847953897,post_hoc_final_checkpoint_only
R3,Drishti_GS,2,85,2,0.5709555410174837,0.5713536201469045,11436,6534,4902,0.9479047702714575,0.03955317451270945,post_hoc_final_checkpoint_only
R3,Drishti_GS,2,86,0,0.5729147885541048,0.5729287620768528,314341,180095,134246,0.946779901352582,0.013848548923019727,post_hoc_final_checkpoint_only
R3,Drishti_GS,2,86,1,0.573033202094775,0.5732481654689936,26301,15077,11224,0.5136108422071636,0.20350427847953897,post_hoc_final_checkpoint_only
R3,Drishti_GS,2,86,2,0.5727346074173812,0.5732082052985632,12041,6902,5139,0.9479047702714575,0.03955317451270945,post_hoc_final_checkpoint_only
R3,Drishti_GS,2,87,0,0.5749221589408888,0.5749419686534809,312762,179820,132942,0.946779901352582,0.013848548923019727,post_hoc_final_checkpoint_only
R3,Drishti_GS,2,87,1,0.5749031090901785,0.5751448754282814,23641,13597,10044,0.5136108422071636,0.20350427847953897,post_hoc_final_checkpoint_only
R3,Drishti_GS,2,87,2,0.5749096223367435,0.5753403584339666,13001,7480,5521,0.9479047702714575,0.03955317451270945,post_hoc_final_checkpoint_only
R3,Drishti_GS,2,88,0,0.5769151262162746,0.5769352976521922,317871,183391,134480,0.946779901352582,0.013848548923019727,post_hoc_final_checkpoint_only
R3,Drishti_GS,2,88,1,0.5769239167982618,0.5771633549635242,24811,14320,10491,0.5136108422071636,0.20350427847953897,post_hoc_final_checkpoint_only
R3,Drishti_GS,2,88,2,0.5769882436959182,0.5774647887323944,11360,6560,4800,0.9479047702714575,0.03955317451270945,post_hoc_final_checkpoint_only
R3,Drishti_GS,2,89,0,0.5789234156353499,0.5789394082616505,317370,183738,133632,0.946779901352582,0.013848548923019727,post_hoc_final_checkpoint_only
R3,Drishti_GS,2,89,1,0.5789336071028756,0.5791535417171473,24762,14341,10421,0.5136108422071636,0.20350427847953897,post_hoc_final_checkpoint_only
R3,Drishti_GS,2,89,2,0.5788781701885927,0.5792920500704634,12063,6988,5075,0.9479047702714575,0.03955317451270945,post_hoc_final_checkpoint_only
R3,Drishti_GS,2,90,0,0.5809191161575835,0.5809302849843136,319386,185541,133845,0.946779901352582,0.013848548923019727,post_hoc_final_checkpoint_only
R3,Drishti_GS,2,90,1,0.5810110289962415,0.5812530269008938,22713,13202,9511,0.5136108422071636,0.20350427847953897,post_hoc_final_checkpoint_only
R3,Drishti_GS,2,90,2,0.5809582099244023,0.5813810651925946,11397,6626,4771,0.9479047702714575,0.03955317451270945,post_hoc_final_checkpoint_only
R3,Drishti_GS,2,91,0,0.5829278284884055,0.5829421635388824,317637,185164,132473,0.946779901352582,0.013848548923019727,post_hoc_final_checkpoint_only
R3,Drishti_GS,2,91,1,0.5828933494831142,0.58310327875052,26443,15419,11024,0.5136108422071636,0.20350427847953897,post_hoc_final_checkpoint_only
R3,Drishti_GS,2,91,2,0.5829591835055444,0.5833189729450284,11606,6770,4836,0.9479047702714575,0.03955317451270945,post_hoc_final_checkpoint_only
R3,Drishti_GS,2,92,0,0.5849277862816236,0.5849384531047543,321056,187798,133258,0.946779901352582,0.013848548923019727,post_hoc_final_checkpoint_only
R3,Drishti_GS,2,92,1,0.5849499740977979,0.5852035490605428,22992,13455,9537,0.5136108422071636,0.20350427847953897,post_hoc_final_checkpoint_only
R3,Drishti_GS,2,92,2,0.5848140765574277,0.5853179474588756,12219,7152,5067,0.9479047702714575,0.03955317451270945,post_hoc_final_checkpoint_only
R3,Drishti_GS,2,93,0,0.5869306189809368,0.5869476384165163,318134,186728,131406,0.946779901352582,0.013848548923019727,post_hoc_final_checkpoint_only
R3,Drishti_GS,2,93,1,0.586914079639395,0.5872015281757402,26175,15370,10805,0.5136108422071636,0.20350427847953897,post_hoc_final_checkpoint_only
R3,Drishti_GS,2,93,2,0.5869591140888498,0.5874250526656943,12342,7250,5092,0.9479047702714575,0.03955317451270945,post_hoc_final_checkpoint_only
R3,Drishti_GS,2,94,0,0.588922155286458,0.5889412826618111,321285,189218,132067,0.946779901352582,0.013848548923019727,post_hoc_final_checkpoint_only
R3,Drishti_GS,2,94,1,0.5889888632747583,0.5892504281385852,22773,13419,9354,0.5136108422071636,0.20350427847953897,post_hoc_final_checkpoint_only
R3,Drishti_GS,2,94,2,0.5889600459242872,0.5892750913571854,11767,6934,4833,0.9479047702714575,0.03955317451270945,post_hoc_final_checkpoint_only
R3,Drishti_GS,2,95,0,0.5909328441565278,0.5909545117459998,318236,188063,130173,0.946779901352582,0.013848548923019727,post_hoc_final_checkpoint_only
R3,Drishti_GS,2,95,1,0.5908630519808461,0.5910911712866528,24964,14756,10208,0.5136108422071636,0.20350427847953897,post_hoc_final_checkpoint_only
R3,Drishti_GS,2,95,2,0.590857595215201,0.5912408759124088,11234,6642,4592,0.9479047702714575,0.03955317451270945,post_hoc_final_checkpoint_only
R3,Drishti_GS,2,96,0,0.5929311747188727,0.5929438375465177,316546,187694,128852,0.946779901352582,0.013848548923019727,post_hoc_final_checkpoint_only
R3,Drishti_GS,2,96,1,0.5929528023324406,0.5931575420755981,25371,15049,10322,0.5136108422071636,0.20350427847953897,post_hoc_final_checkpoint_only
R3,Drishti_GS,2,96,2,0.5928374140580667,0.5934715697391868,12346,7327,5019,0.9479047702714575,0.03955317451270945,post_hoc_final_checkpoint_only
R3,Drishti_GS,2,97,0,0.5949298740905428,0.5949453701302556,320063,190420,129643,0.946779901352582,0.013848548923019727,post_hoc_final_checkpoint_only
R3,Drishti_GS,2,97,1,0.5948710549928069,0.5950794733252899,19063,11344,7719,0.5136108422071636,0.20350427847953897,post_hoc_final_checkpoint_only
R3,Drishti_GS,2,97,2,0.5949066438439772,0.595418098510882,13095,7797,5298,0.9479047702714575,0.03955317451270945,post_hoc_final_checkpoint_only
R3,Drishti_GS,2,98,0,0.5969316370790146,0.596946018226295,315588,188389,127199,0.946779901352582,0.013848548923019727,post_hoc_final_checkpoint_only
R3,Drishti_GS,2,98,1,0.5969491385740622,0.5971630106193319,25802,15408,10394,0.5136108422071636,0.20350427847953897,post_hoc_final_checkpoint_only
R3,Drishti_GS,2,98,2,0.5969531640307262,0.5974116015715276,12981,7755,5226,0.9479047702714575,0.03955317451270945,post_hoc_final_checkpoint_only
R3,Drishti_GS,2,99,0,0.5989358383958809,0.5989585605574288,320902,192207,128695,0.946779901352582,0.013848548923019727,post_hoc_final_checkpoint_only
R3,Drishti_GS,2,99,1,0.5989427551373424,0.599176881095106,22354,13394,8960,0.5136108422071636,0.20350427847953897,post_hoc_final_checkpoint_only
R3,Drishti_GS,2,99,2,0.5989201007424293,0.5995284302167407,11027,6611,4416,0.9479047702714575,0.03955317451270945,post_hoc_final_checkpoint_only
R3,Drishti_GS,2,100,0,0.6009311020002174,0.6009469163504476,315973,189883,126090,0.946779901352582,0.013848548923019727,post_hoc_final_checkpoint_only
R3,Drishti_GS,2,100,1,0.6008996000794027,0.6010966944701884,25896,15566,10330,0.5136108422071636,0.20350427847953897,post_hoc_final_checkpoint_only
R3,Drishti_GS,2,100,2,0.6010282050761493,0.6014585591800532,10147,6103,4044,0.9479047702714575,0.03955317451270945,post_hoc_final_checkpoint_only
R3,Drishti_GS,2,101,0,0.602933018421822,0.6029469847519352,321549,193877,127672,0.946779901352582,0.013848548923019727,post_hoc_final_checkpoint_only
R3,Drishti_GS,2,101,1,0.6029272217812885,0.6032697802969972,21347,12878,8469,0.5136108422071636,0.20350427847953897,post_hoc_final_checkpoint_only
R3,Drishti_GS,2,101,2,0.6029837628555863,0.6034314522686616,12298,7421,4877,0.9479047702714575,0.03955317451270945,post_hoc_final_checkpoint_only
R3,Drishti_GS,2,102,0,0.6049393663186123,0.6049561896915057,315565,190903,124662,0.946779901352582,0.013848548923019727,post_hoc_final_checkpoint_only
R3,Drishti_GS,2,102,1,0.6049141974919043,0.6050889679715302,28100,17003,11097,0.5136108422071636,0.20350427847953897,post_hoc_final_checkpoint_only
R3,Drishti_GS,2,102,2,0.6049906853678234,0.6053400422009414,12322,7459,4863,0.9479047702714575,0.03955317451270945,post_hoc_final_checkpoint_only
R3,Drishti_GS,2,103,0,0.60693620038047,0.6069554480913675,320727,194667,126060,0.946779901352582,0.013848548923019727,post_hoc_final_checkpoint_only
R3,Drishti_GS,2,103,1,0.6069049691360345,0.6071216617210683,23590,14322,9268,0.5136108422071636,0.20350427847953897,post_hoc_final_checkpoint_only
R3,Drishti_GS,2,103,2,0.6070559736196554,0.6076723498888065,10792,6558,4234,0.9479047702714575,0.03955317451270945,post_hoc_final_checkpoint_only
R3,Drishti_GS,2,104,0,0.608943276207835,0.6089619833773727,317519,193357,124162,0.946779901352582,0.013848548923019727,post_hoc_final_checkpoint_only
R3,Drishti_GS,2,104,1,0.6089515785282128,0.6091503765117517,26294,16017,10277,0.5136108422071636,0.20350427847953897,post_hoc_final_checkpoint_only
R3,Drishti_GS,2,104,2,0.6088456532621657,0.6092264759745356,11467,6986,4481,0.9479047702714575,0.03955317451270945,post_hoc_final_checkpoint_only
R3,Drishti_GS,2,105,0,0.6109381753752002,0.6109548802485218,319328,195095,124233,0.946779901352582,0.013848548923019727,post_hoc_final_checkpoint_only
R3,Drishti_GS,2,105,1,0.6109941715467114,0.6112093424894116,24319,14864,9455,0.5136108422071636,0.20350427847953897,post_hoc_final_checkpoint_only
R3,Drishti_GS,2,105,2,0.6108033610154401,0.6113054539672444,12578,7689,4889,0.9479047702714575,0.03955317451270945,post_hoc_final_checkpoint_only
R3,Drishti_GS,2,106,0,0.6129432267051195,0.6129611079384992,320451,196424,124027,0.946779901352582,0.013848548923019727,post_hoc_final_checkpoint_only
R3,Drishti_GS,2,106,1,0.6128793037500953,0.613126079447323,25476,15620,9856,0.5136108422071636,0.20350427847953897,post_hoc_final_checkpoint_only
R3,Drishti_GS,2,106,2,0.6130452594872543,0.6135857461024499,10776,6612,4164,0.9479047702714575,0.03955317451270945,post_hoc_final_checkpoint_only
R3,Drishti_GS,2,107,0,0.6149398241425643,0.614956113886176,321514,197717,123797,0.946779901352582,0.013848548923019727,post_hoc_final_checkpoint_only
R3,Drishti_GS,2,107,1,0.6149877730656508,0.6152010639962447,25564,15727,9837,0.5136108422071636,0.20350427847953897,post_hoc_final_checkpoint_only
R3,Drishti_GS,2,107,2,0.6148961674878136,0.6153846153846154,10049,6184,3865,0.9479047702714575,0.03955317451270945,post_hoc_final_checkpoint_only
R3,Drishti_GS,2,108,0,0.616943178925613,0.6169575263464392,319398,197055,122343,0.946779901352582,0.013848548923019727,post_hoc_final_checkpoint_only
R3,Drishti_GS,2,108,1,0.6169894354546799,0.617261930656458,22987,14189,8798,0.5136108422071636,0.20350427847953897,post_hoc_final_checkpoint_only
R3,Drishti_GS,2,108,2,0.6168790967927386,0.6173791170287316,11416,7048,4368,0.9479047702714575,0.03955317451270945,post_hoc_final_checkpoint_only
R3,Drishti_GS,2,109,0,0.6189392215784543,0.6189534639597154,319129,197526,121603,0.946779901352582,0.013848548923019727,post_hoc_final_checkpoint_only
R3,Drishti_GS,2,109,1,0.6189232845037058,0.6191490216561534,24889,15410,9479,0.5136108422071636,0.20350427847953897,post_hoc_final_checkpoint_only
R3,Drishti_GS,2,109,2,0.6189876360249785,0.6194666427224567,11137,6899,4238,0.9479047702714575,0.03955317451270945,post_hoc_final_checkpoint_only
R3,Drishti_GS,2,110,0,0.6209415802104103,0.6209567860279668,316518,196544,119974,0.946779901352582,0.013848548923019727,post_hoc_final_checkpoint_only
R3,Drishti_GS,2,110,1,0.6209158685865301,0.621110765401369,25712,15970,9742,0.5136108422071636,0.20350427847953897,post_hoc_final_checkpoint_only
R3,Drishti_GS,2,110,2,0.6209731336263425,0.6214544854881267,12128,7537,4591,0.9479047702714575,0.03955317451270945,post_hoc_final_checkpoint_only
R3,Drishti_GS,2,111,0,0.6229429143702206,0.6229643906995342,320113,199419,120694,0.946779901352582,0.013848548923019727,post_hoc_final_checkpoint_only
R3,Drishti_GS,2,111,1,0.6228907855818668,0.6231433918687532,25113,15649,9464,0.5136108422071636,0.20350427847953897,post_hoc_final_checkpoint_only
R3,Drishti_GS,2,111,2,0.6228798275310327,0.6232407407407408,10800,6731,4069,0.9479047702714575,0.03955317451270945,post_hoc_final_checkpoint_only
R3,Drishti_GS,2,112,0,0.6249511886946724,0.6249685336689742,317800,198615,119185,0.946779901352582,0.013848548923019727,post_hoc_final_checkpoint_only
R3,Drishti_GS,2,112,1,0.6248684196533777,0.6251479410684406,24503,15318,9185,0.5136108422071636,0.20350427847953897,post_hoc_final_checkpoint_only
R3,Drishti_GS,2,112,2,0.6248888103299379,0.6253579098067287,11176,6989,4187,0.9479047702714575,0.03955317451270945,post_hoc_final_checkpoint_only
R3,Drishti_GS,2,113,0,0.6269398950277144,0.6269573585322374,316945,198711,118234,0.946779901352582,0.013848548923019727,post_hoc_final_checkpoint_only
R3,Drishti_GS,2,113,1,0.62702933084821,0.6273192453419788,25601,16060,9541,0.5136108422071636,0.20350427847953897,post_hoc_final_checkpoint_only
R3,Drishti_GS,2,113,2,0.6268879985967428,0.6272919307139839,11835,7424,4411,0.9479047702714575,0.03955317451270945,post_hoc_final_checkpoint_only
R3,Drishti_GS,2,114,0,0.6289472857897641,0.6289617845766423,319269,200808,118461,0.946779901352582,0.013848548923019727,post_hoc_final_checkpoint_only
R3,Drishti_GS,2,114,1,0.6289463323482571,0.6291949015811552,24792,15599,9193,0.5136108422071636,0.20350427847953897,post_hoc_final_checkpoint_only
R3,Drishti_GS,2,114,2,0.6288401327320718,0.6293254590753898,10837,6820,4017,0.9479047702714575,0.03955317451270945,post_hoc_final_checkpoint_only
R3,Drishti_GS,2,115,0,0.6309493871640628,0.6309648211698073,316753,199860,116893,0.946779901352582,0.013848548923019727,post_hoc_final_checkpoint_only
R3,Drishti_GS,2,115,1,0.6308644659499456,0.6310823663686513,26285,16588,9697,0.5136108422071636,0.20350427847953897,post_hoc_final_checkpoint_only
R3,Drishti_GS,2,115,2,0.6310245579140824,0.6315977175463623,11216,7084,4132,0.9479047702714575,0.03955317451270945,post_hoc_final_checkpoint_only
R3,Drishti_GS,2,116,0,0.6329441482381165,0.6329620562273013,321054,203215,117839,0.946779901352582,0.013848548923019727,post_hoc_final_checkpoint_only
R3,Drishti_GS,2,116,1,0.6328744358782291,0.6331107911157656,22917,14509,8408,0.5136108422071636,0.20350427847953897,post_hoc_final_checkpoint_only
R3,Drishti_GS,2,116,2,0.6330307104929973,0.6334988347350289,9869,6252,3617,0.9479047702714575,0.03955317451270945,post_hoc_final_checkpoint_only
R3,Drishti_GS,2,117,0,0.6349461557179314,0.6349657425161295,320222,203330,116892,0.946779901352582,0.013848548923019727,post_hoc_final_checkpoint_only
R3,Drishti_GS,2,117,1,0.6350692115979122,0.6352640673127489,26622,16912,9710,0.5136108422071636,0.20350427847953897,post_hoc_final_checkpoint_only
R3,Drishti_GS,2,117,2,0.634831585634019,0.6353020246996556,11903,7562,4341,0.9479047702714575,0.03955317451270945,post_hoc_final_checkpoint_only
R3,Drishti_GS,2,118,0,0.6369544904656371,0.6369745680401581,318143,202649,115494,0.946779901352582,0.013848548923019727,post_hoc_final_checkpoint_only
R3,Drishti_GS,2,118,1,0.636926755381277,0.637117090802877,27389,17450,9939,0.5136108422071636,0.20350427847953897,post_hoc_final_checkpoint_only
R3,Drishti_GS,2,118,2,0.6369019922063074,0.6371728680790457,11234,7158,4076,0.9479047702714575,0.03955317451270945,post_hoc_final_checkpoint_only
R3,Drishti_GS,2,119,0,0.6389566743428922,0.6389750990147364,317377,202796,114581,0.946779901352582,0.013848548923019727,post_hoc_final_checkpoint_only
R3,Drishti_GS,2,119,1,0.6389003304674362,0.6390710382513661,25620,16373,9247,0.5136108422071636,0.20350427847953897,post_hoc_final_checkpoint_only
R3,Drishti_GS,2,119,2,0.6389745816758097,0.6398970398970399,11655,7458,4197,0.9479047702714575,0.03955317451270945,post_hoc_final_checkpoint_only
R3,Drishti_GS,2,120,0,0.6409500742212042,0.6409633828597043,321243,205905,115338,0.946779901352582,0.013848548923019727,post_hoc_final_checkpoint_only
R3,Drishti_GS,2,120,1,0.6409349840855696,0.641200166689818,21597,13848,7749,0.5136108422071636,0.20350427847953897,post_hoc_final_checkpoint_only
R3,Drishti_GS,2,120,2,0.6410005364082121,0.6401725200246458,11361,7273,4088,0.9479047702714575,0.03955317451270945,post_hoc_final_checkpoint_only
R3,Drishti_GS,2,121,0,0.6429484280865799,0.642964169583626,321682,206830,114852,0.946779901352582,0.013848548923019727,post_hoc_final_checkpoint_only
R3,Drishti_GS,2,121,1,0.6429493063230279,0.6432089019209805,26601,17110,9491,0.5136108422071636,0.20350427847953897,post_hoc_final_checkpoint_only
R3,Drishti_GS,2,121,2,0.6429993191385369,0.6434377568727737,10949,7045,3904,0.9479047702714575,0.03955317451270945,post_hoc_final_checkpoint_only
R3,Drishti_GS,2,122,0,0.6449581077218314,0.6449748012726061,319659,206172,113487,0.946779901352582,0.013848548923019727,post_hoc_final_checkpoint_only
R3,Drishti_GS,2,122,1,0.6449686659695637,0.6451727122511606,25418,16399,9019,0.5136108422071636,0.20350427847953897,post_hoc_final_checkpoint_only
R3,Drishti_GS,2,122,2,0.644955324449755,0.6454176072234763,11075,7148,3927,0.9479047702714575,0.03955317451270945,post_hoc_final_checkpoint_only
R3,Drishti_GS,2,123,0,0.6469628551017353,0.6469764350753406,322004,208329,113675,0.946779901352582,0.013848548923019727,post_hoc_final_checkpoint_only
R3,Drishti_GS,2,123,1,0.6469293084851495,0.6471402401791166,24565,15897,8668,0.5136108422071636,0.20350427847953897,post_hoc_final_checkpoint_only
R3,Drishti_GS,2,123,2,0.6469729888871568,0.6476070284438404,10301,6671,3630,0.9479047702714575,0.03955317451270945,post_hoc_final_checkpoint_only
R3,Drishti_GS,2,124,0,0.6489508657093731,0.6489632401770032,322254,209131,113123,0.946779901352582,0.013848548923019727,post_hoc_final_checkpoint_only
R3,Drishti_GS,2,124,1,0.649006351792734,0.649155797391374,24994,16225,8769,0.5136108422071636,0.20350427847953897,post_hoc_final_checkpoint_only
R3,Drishti_GS,2,124,2,0.6489078863710038,0.6492771841609051,11137,7231,3906,0.9479047702714575,0.03955317451270945,post_hoc_final_checkpoint_only
R3,Drishti_GS,2,125,0,0.6509551289178925,0.6509710803268637,319644,208079,111565,0.946779901352582,0.013848548923019727,post_hoc_final_checkpoint_only
R3,Drishti_GS,2,125,1,0.6509497244383977,0.6511601455868972,26376,17175,9201,0.5136108422071636,0.20350427847953897,post_hoc_final_checkpoint_only
R3,Drishti_GS,2,125,2,0.6510134517161372,0.651307596513076,11242,7322,3920,0.9479047702714575,0.03955317451270945,post_hoc_final_checkpoint_only
R3,Drishti_GS,2,126,0,0.6529562092685205,0.6529745086616969,321011,209612,111399,0.946779901352582,0.013848548923019727,post_hoc_final_checkpoint_only
R3,Drishti_GS,2,126,1,0.6529693075159542,0.6531522941378389,26219,17125,9094,0.5136108422071636,0.20350427847953897,post_hoc_final_checkpoint_only
R3,Drishti_GS,2,126,2,0.6529092417025253,0.6534509333790033,11678,7631,4047,0.9479047702714575,0.03955317451270945,post_hoc_final_checkpoint_only
R3,Drishti_GS,2,127,0,0.654957132674911,0.6549723193701676,318815,208815,110000,0.946779901352582,0.013848548923019727,post_hoc_final_checkpoint_only
R3,Drishti_GS,2,127,1,0.6549429385005536,0.655134999791345,23963,15699,8264,0.5136108422071636,0.20350427847953897,post_hoc_final_checkpoint_only
R3,Drishti_GS,2,127,2,0.6549584092419324,0.6553875900861311,11378,7457,3921,0.9479047702714575,0.03955317451270945,post_hoc_final_checkpoint_only
R3,Drishti_GS,2,128,0,0.6569608550672145,0.6569785280875658,319394,209835,109559,0.946779901352582,0.013848548923019727,post_hoc_final_checkpoint_only
R3,Drishti_GS,2,128,1,0.6569060236423809,0.6571162357325879,25758,16926,8832,0.5136108422071636,0.20350427847953897,post_hoc_final_checkpoint_only
R3,Drishti_GS,2,128,2,0.6570167408905824,0.657507183908046,11136,7322,3814,0.9479047702714575,0.03955317451270945,post_hoc_final_checkpoint_only
R3,Drishti_GS,2,129,0,0.6589623808485942,0.6589812804228481,318223,209703,108520,0.946779901352582,0.013848548923019727,post_hoc_final_checkpoint_only
R3,Drishti_GS,2,129,1,0.6588814563978657,0.6590360969438185,25293,16669,8624,0.5136108422071636,0.20350427847953897,post_hoc_final_checkpoint_only
R3,Drishti_GS,2,129,2,0.6590787530538158,0.6596031247194037,11137,7346,3791,0.9479047702714575,0.03955317451270945,post_hoc_final_checkpoint_only
R3,Drishti_GS,2,130,0,0.6609635868916333,0.6609847310254152,322484,213157,109327,0.946779901352582,0.013848548923019727,post_hoc_final_checkpoint_only
R3,Drishti_GS,2,130,1,0.660878396512152,0.6611313346149127,24449,16164,8285,0.5136108422071636,0.20350427847953897,post_hoc_final_checkpoint_only
R3,Drishti_GS,2,130,2,0.6610029856581284,0.661661191928672,10655,7050,3605,0.9479047702714575,0.03955317451270945,post_hoc_final_checkpoint_only
R3,Drishti_GS,2,131,0,0.6629583305599045,0.6629747619992067,322688,213934,108754,0.946779901352582,0.013848548923019727,post_hoc_final_checkpoint_only
R3,Drishti_GS,2,131,1,0.6629785632551695,0.6631319750585806,25179,16697,8482,0.5136108422071636,0.20350427847953897,post_hoc_final_checkpoint_only
R3,Drishti_GS,2,131,2,0.6629989828556759,0.6635169611641312,10583,7022,3561,0.9479047702714575,0.03955317451270945,post_hoc_final_checkpoint_only
R3,Drishti_GS,2,132,0,0.664959480974764,0.6649751259298535,320615,213201,107414,0.946779901352582,0.013848548923019727,post_hoc_final_checkpoint_only
R3,Drishti_GS,2,132,1,0.6649972879661078,0.6651888974556669,25940,17255,8685,0.5136108422071636,0.20350427847953897,post_hoc_final_checkpoint_only
R3,Drishti_GS,2,132,2,0.664938879657835,0.665492003252914,11067,7365,3702,0.9479047702714575,0.03955317451270945,post_hoc_final_checkpoint_only
R3,Drishti_GS,2,133,0,0.6669626513496768,0.6669791686198039,319998,213432,106566,0.946779901352582,0.013848548923019727,post_hoc_final_checkpoint_only
R3,Drishti_GS,2,133,1,0.6670148454517744,0.6671973254795829,25126,16764,8362,0.5136108422071636,0.20350427847953897,post_hoc_final_checkpoint_only
R3,Drishti_GS,2,133,2,0.6669354759049757,0.6673634463328183,11003,7343,3660,0.9479047702714575,0.03955317451270945,post_hoc_final_checkpoint_only
R3,Drishti_GS,2,134,0,0.6689663599507041,0.6689855593876386,322424,215697,106727,0.946779901352582,0.013848548923019727,post_hoc_final_checkpoint_only
R3,Drishti_GS,2,134,1,0.6689501175261735,0.6691482795864836,25924,17347,8577,0.5136108422071636,0.20350427847953897,post_hoc_final_checkpoint_only
R3,Drishti_GS,2,134,2,0.669009535211473,0.669551749271137,10976,7349,3627,0.9479047702714575,0.03955317451270945,post_hoc_final_checkpoint_only
R3,Drishti_GS,2,135,0,0.6709637859464185,0.6709815666470345,319204,214180,105024,0.946779901352582,0.013848548923019727,post_hoc_final_checkpoint_only
R3,Drishti_GS,2,135,1,0.6709436608149881,0.6711741045776671,26105,17521,8584,0.5136108422071636,0.20350427847953897,post_hoc_final_checkpoint_only
R3,Drishti_GS,2,135,2,0.6710380694478302,0.6715069948645298,11294,7584,3710,0.9479047702714575,0.03955317451270945,post_hoc_final_checkpoint_only
R3,Drishti_GS,2,136,0,0.6729646868281289,0.6729843751973626,316676,213118,103558,0.946779901352582,0.013848548923019727,post_hoc_final_checkpoint_only
R3,Drishti_GS,2,136,1,0.6729897167599517,0.6732247851650837,26532,17862,8670,0.5136108422071636,0.20350427847953897,post_hoc_final_checkpoint_only
R3,Drishti_GS,2,136,2,0.6729403521662667,0.6733212341197822,11571,7791,3780,0.9479047702714575,0.03955317451270945,post_hoc_final_checkpoint_only
R3,Drishti_GS,2,137,0,0.6749614399438266,0.6749811224203242,320486,216322,104164,0.946779901352582,0.013848548923019727,post_hoc_final_checkpoint_only
R3,Drishti_GS,2,137,1,0.6750356753031864,0.675277823851385,24116,16285,7831,0.5136108422071636,0.20350427847953897,post_hoc_final_checkpoint_only
R3,Drishti_GS,2,137,2,0.6748183125840262,0.6752323155698843,10546,7121,3425,0.9479047702714575,0.03955317451270945,post_hoc_final_checkpoint_only
R3,Drishti_GS,2,138,0,0.6769685496019868,0.6769807273876901,322634,218417,104217,0.946779901352582,0.013848548923019727,post_hoc_final_checkpoint_only
R3,Drishti_GS,2,138,1,0.6769946027570831,0.6772541836649738,24022,16269,7753,0.5136108422071636,0.20350427847953897,post_hoc_final_checkpoint_only
R3,Drishti_GS,2,138,2,0.6769002076392286,0.6773785881928146,11078,7504,3574,0.9479047702714575,0.03955317451270945,post_hoc_final_checkpoint_only
R3,Drishti_GS,2,139,0,0.6789742083272352,0.6789908005285333,320888,217880,103008,0.946779901352582,0.013848548923019727,post_hoc_final_checkpoint_only
R3,Drishti_GS,2,139,1,0.6788879717391338,0.6790630860699892,25061,17018,8043,0.5136108422071636,0.20350427847953897,post_hoc_final_checkpoint_only
R3,Drishti_GS,2,139,2,0.6790449966354749,0.6795555154033788,11069,7522,3547,0.9479047702714575,0.03955317451270945,post_hoc_final_checkpoint_only
R3,Drishti_GS,2,140,0,0.680967061870519,0.6809867127450396,318877,217151,101726,0.946779901352582,0.013848548923019727,post_hoc_final_checkpoint_only
R3,Drishti_GS,2,140,1,0.6810069654319223,0.6812222180717941,26771,18237,8534,0.5136108422071636,0.20350427847953897,post_hoc_final_checkpoint_only
R3,Drishti_GS,2,140,2,0.6808553306582085,0.6814255765199161,11925,8126,3799,0.9479047702714575,0.03955317451270945,post_hoc_final_checkpoint_only
R3,Drishti_GS,2,141,0,0.6829709959106681,0.6829877022168496,320139,218651,101488,0.946779901352582,0.013848548923019727,post_hoc_final_checkpoint_only
R3,Drishti_GS,2,141,1,0.6829667803378713,0.6831768052686957,25661,17531,8130,0.5136108422071636,0.20350427847953897,post_hoc_final_checkpoint_only
R3,Drishti_GS,2,141,2,0.68296173650225,0.6834799963712238,11023,7534,3489,0.9479047702714575,0.03955317451270945,post_hoc_final_checkpoint_only
R3,Drishti_GS,2,142,0,0.6849744690203102,0.6849916951330346,319090,218574,100516,0.946779901352582,0.013848548923019727,post_hoc_final_checkpoint_only
R3,Drishti_GS,2,142,1,0.6849390431548139,0.6852102564102565,24375,16702,7673,0.5136108422071636,0.20350427847953897,post_hoc_final_checkpoint_only
R3,Drishti_GS,2,142,2,0.6850455617799569,0.6856546093230799,10533,7222,3311,0.9479047702714575,0.03955317451270945,post_hoc_final_checkpoint_only
R3,Drishti_GS,2,143,0,0.686966254774413,0.6869865961343339,318341,218696,99645,0.946779901352582,0.013848548923019727,post_hoc_final_checkpoint_only
R3,Drishti_GS,2,143,1,0.6870399264577655,0.6872121584280012,26056,17906,8150,0.5136108422071636,0.20350427847953897,post_hoc_final_checkpoint_only
R3,Drishti_GS,2,143,2,0.6869584168005021,0.6875988924050633,10112,6953,3159,0.9479047702714575,0.03955317451270945,post_hoc_final_checkpoint_only
R3,Drishti_GS,2,144,0,0.6889735061753841,0.6889861720869541,319571,220180,99391,0.946779901352582,0.013848548923019727,post_hoc_final_checkpoint_only
R3,Drishti_GS,2,144,1,0.688926887447063,0.6891160553217077,26608,18336,8272,0.5136108422071636,0.20350427847953897,post_hoc_final_checkpoint_only
R3,Drishti_GS,2,144,2,0.6890465133529068,0.6894356503785272,11624,8014,3610,0.9479047702714575,0.03955317451270945,post_hoc_final_checkpoint_only
R3,Drishti_GS,2,145,0,0.6909768510453006,0.6909921886431776,321199,221946,99253,0.946779901352582,0.013848548923019727,post_hoc_final_checkpoint_only
R3,Drishti_GS,2,145,1,0.690911699911371,0.6910522051163329,25917,17910,8007,0.5136108422071636,0.20350427847953897,post_hoc_final_checkpoint_only
R3,Drishti_GS,2,145,2,0.6910037635405534,0.6915061866220114,10749,7433,3316,0.9479047702714575,0.03955317451270945,post_hoc_final_checkpoint_only
R3,Drishti_GS,2,146,0,0.6929784113387313,0.6929952827982703,320741,222272,98469,0.946779901352582,0.013848548923019727,post_hoc_final_checkpoint_only
R3,Drishti_GS,2,146,1,0.6929776562385483,0.6932073053508491,24968,17308,7660,0.5136108422071636,0.20350427847953897,post_hoc_final_checkpoint_only
R3,Drishti_GS,2,146,2,0.6929038855609152,0.693214542836573,11112,7703,3409,0.9479047702714575,0.03955317451270945,post_hoc_final_checkpoint_only
R3,Drishti_GS,2,147,0,0.6949811173329123,0.6950012457954404,321080,223151,97929,0.946779901352582,0.013848548923019727,post_hoc_final_checkpoint_only
R3,Drishti_GS,2,147,1,0.6949300224595304,0.6951460831102316,25773,17916,7857,0.5136108422071636,0.20350427847953897,post_hoc_final_checkpoint_only
R3,Drishti_GS,2,147,2,0.6950901957097235,0.6954113924050633,11376,7911,3465,0.9479047702714575,0.03955317451270945,post_hoc_final_checkpoint_only
R3,Drishti_GS,2,148,0,0.6969795517688993,0.6969967439068764,321551,224120,97431,0.946779901352582,0.013848548923019727,post_hoc_final_checkpoint_only
R3,Drishti_GS,2,148,1,0.6969318805159823,0.6971478164819125,25349,17672,7677,0.5136108422071636,0.20350427847953897,post_hoc_final_checkpoint_only
R3,Drishti_GS,2,148,2,0.6970712223423254,0.6974654813693967,10574,7375,3199,0.9479047702714575,0.03955317451270945,post_hoc_final_checkpoint_only
R3,Drishti_GS,2,149,0,0.6989789440034936,0.6989936614758588,319475,223311,96164,0.946779901352582,0.013848548923019727,post_hoc_final_checkpoint_only
R3,Drishti_GS,2,149,1,0.6989531292148244,0.6992261528742894,25328,17710,7618,0.5136108422071636,0.20350427847953897,post_hoc_final_checkpoint_only
R3,Drishti_GS,2,149,2,0.6989565757399373,0.6994601638123604,10744,7515,3229,0.9479047702714575,0.03955317451270945,post_hoc_final_checkpoint_only
R3,Drishti_GS,2,150,0,0.7009812487291678,0.7009986102464454,318042,222947,95095,0.946779901352582,0.013848548923019727,post_hoc_final_checkpoint_only
R3,Drishti_GS,2,150,1,0.7010133872789661,0.7012331625877443,26355,18481,7874,0.5136108422071636,0.20350427847953897,post_hoc_final_checkpoint_only
R3,Drishti_GS,2,150,2,0.7010081540172822,0.7015841040197784,10921,7662,3259,0.9479047702714575,0.03955317451270945,post_hoc_final_checkpoint_only
R3,Drishti_GS,2,151,0,0.7029801339474133,0.702999457704031,320858,225563,95295,0.946779901352582,0.013848548923019727,post_hoc_final_checkpoint_only
R3,Drishti_GS,2,151,1,0.7029986336840505,0.7032482236277036,25614,18013,7601,0.5136108422071636,0.20350427847953897,post_hoc_final_checkpoint_only
R3,Drishti_GS,2,151,2,0.7028516162916562,0.7032258064516129,11005,7739,3266,0.9479047702714575,0.03955317451270945,post_hoc_final_checkpoint_only
R3,Drishti_GS,2,152,0,0.7049731657518175,0.7049903587541888,320498,225948,94550,0.946779901352582,0.013848548923019727,post_hoc_final_checkpoint_only
R3,Drishti_GS,2,152,1,0.7050504999621026,0.7052284244019327,25457,17953,7504,0.5136108422071636,0.20350427847953897,post_hoc_final_checkpoint_only
R3,Drishti_GS,2,152,2,0.7049608155504562,0.7056466641818859,10732,7573,3159,0.9479047702714575,0.03955317451270945,post_hoc_final_checkpoint_only
R3,Drishti_GS,2,153,0,0.7069788666773086,0.706999414968668,319641,225986,93655,0.946779901352582,0.013848548923019727,post_hoc_final_checkpoint_only
R3,Drishti_GS,2,153,1,0.7069946139635435,0.7072276329797721,25361,17936,7425,0.5136108422071636,0.20350427847953897,post_hoc_final_checkpoint_only
R3,Drishti_GS,2,153,2,0.7070236786568119,0.7076302962129734,10668,7549,3119,0.9479047702714575,0.03955317451270945,post_hoc_final_checkpoint_only
R3,Drishti_GS,2,154,0,0.7089821177340412,0.7089994051678766,321099,227659,93440,0.946779901352582,0.013848548923019727,post_hoc_final_checkpoint_only
R3,Drishti_GS,2,154,1,0.7090099917810041,0.7091803807679897,24792,17582,7210,0.5136108422071636,0.20350427847953897,post_hoc_final_checkpoint_only
R3,Drishti_GS,2,154,2,0.7089133882801673,0.7094600585158258,11279,8002,3277,0.9479047702714575,0.03955317451270945,post_hoc_final_checkpoint_only
R3,Drishti_GS,2,155,0,0.7109761834689815,0.71099497011067,320683,228004,92679,0.946779901352582,0.013848548923019727,post_hoc_final_checkpoint_only
R3,Drishti_GS,2,155,1,0.711061760057583,0.7112041719342604,25312,18002,7310,0.5136108422071636,0.20350427847953897,post_hoc_final_checkpoint_only
R3,Drishti_GS,2,155,2,0.7109577380784093,0.7113628380751669,11388,8101,3287,0.9479047702714575,0.03955317451270945,post_hoc_final_checkpoint_only
R3,Drishti_GS,2,156,0,0.712985451497768,0.7129996962760944,319369,227710,91659,0.946779901352582,0.013848548923019727,post_hoc_final_checkpoint_only
R3,Drishti_GS,2,156,1,0.7129952491271586,0.7131560852624341,26178,18669,7509,0.5136108422071636,0.20350427847953897,post_hoc_final_checkpoint_only
R3,Drishti_GS,2,156,2,0.7129743360720425,0.7134529147982063,11150,7955,3195,0.9479047702714575,0.03955317451270945,post_hoc_final_checkpoint_only
R3,Drishti_GS,2,157,0,0.7149815141156362,0.7150042644389529,320089,228865,91224,0.946779901352582,0.013848548923019727,post_hoc_final_checkpoint_only
R3,Drishti_GS,2,157,1,0.7150380716159087,0.7153094975586707,25396,18166,7230,0.5136108422071636,0.20350427847953897,post_hoc_final_checkpoint_only
R3,Drishti_GS,2,157,2,0.7149573916997846,0.7155522022069226,10603,7587,3016,0.9479047702714575,0.03955317451270945,post_hoc_final_checkpoint_only
R3,Drishti_GS,2,158,0,0.7169837249650044,0.7170093611016618,317484,227639,89845,0.946779901352582,0.013848548923019727,post_hoc_final_checkpoint_only
R3,Drishti_GS,2,158,1,0.7169802824447986,0.71720151968313,24742,17745,6997,0.5136108422071636,0.20350427847953897,post_hoc_final_checkpoint_only
R3,Drishti_GS,2,158,2,0.7170797943186857,0.7175106772422208,11473,8232,3241,0.9479047702714575,0.03955317451270945,post_hoc_final_checkpoint_only
R3,Drishti_GS,2,159,0,0.7189848672842533,0.7190015598669415,319258,229547,89711,0.946779901352582,0.013848548923019727,post_hoc_final_checkpoint_only
R3,Drishti_GS,2,159,1,0.7190672237566522,0.7192634119753951,25686,18475,7211,0.5136108422071636,0.20350427847953897,post_hoc_final_checkpoint_only
R3,Drishti_GS,2,159,2,0.7189085883978713,0.7186204463261886,11337,8147,3190,0.9479047702714575,0.03955317451270945,post_hoc_final_checkpoint_only
R3,Drishti_GS,2,160,0,0.720984352952589,0.7210037634863483,319119,230086,89033,0.946779901352582,0.013848548923019727,post_hoc_final_checkpoint_only
R3,Drishti_GS,2,160,1,0.7209834252709344,0.7211561525545694,25014,18039,6975,0.5136108422071636,0.20350427847953897,post_hoc_final_checkpoint_only
R3,Drishti_GS,2,160,2,0.7210230271874317,0.7215996908809892,10352,7470,2882,0.9479047702714575,0.03955317451270945,post_hoc_final_checkpoint_only
R3,Drishti_GS,2,161,0,0.7229877543501712,0.7230020033711471,320959,232054,88905,0.946779901352582,0.013848548923019727,post_hoc_final_checkpoint_only
R3,Drishti_GS,2,161,1,0.7229713526984508,0.7231486603967439,25306,18300,7006,0.5136108422071636,0.20350427847953897,post_hoc_final_checkpoint_only
R3,Drishti_GS,2,161,2,0.7230794793120228,0.72361282954221,10507,7603,2904,0.9479047702714575,0.03955317451270945,post_hoc_final_checkpoint_only
R3,Drishti_GS,2,162,0,0.724988604754605,0.7250009378165131,319892,231922,87970,0.946779901352582,0.013848548923019727,post_hoc_final_checkpoint_only
R3,Drishti_GS,2,162,1,0.7249791974777291,0.7252128140806843,24317,17635,6682,0.5136108422071636,0.20350427847953897,post_hoc_final_checkpoint_only
R3,Drishti_GS,2,162,2,0.7250560011059034,0.7255792400370714,10790,7829,2961,0.9479047702714575,0.03955317451270945,post_hoc_final_checkpoint_only
R3,Drishti_GS,2,163,0,0.726990436494646,0.7270038200724034,320151,232751,87400,0.946779901352582,0.013848548923019727,post_hoc_final_checkpoint_only
R3,Drishti_GS,2,163,1,0.7270154762867147,0.7271882699842469,24757,18003,6754,0.5136108422071636,0.20350427847953897,post_hoc_final_checkpoint_only
R3,Drishti_GS,2,163,2,0.726955173983086,0.7274097804579289,10613,7720,2893,0.9479047702714575,0.03955317451270945,post_hoc_final_checkpoint_only
R3,Drishti_GS,2,164,0,0.7289933005888816,0.7290108140713517,321618,234463,87155,0.946779901352582,0.013848548923019727,post_hoc_final_checkpoint_only
R3,Drishti_GS,2,164,1,0.7290255147742816,0.7292499600191907,25012,18240,6772,0.5136108422071636,0.20350427847953897,post_hoc_final_checkpoint_only
R3,Drishti_GS,2,164,2,0.7289552122242896,0.7295248170677952,11343,8275,3068,0.9479047702714575,0.03955317451270945,post_hoc_final_checkpoint_only
R3,Drishti_GS,2,165,0,0.7309916502783461,0.7310046575609205,318407,232757,85650,0.946779901352582,0.013848548923019727,post_hoc_final_checkpoint_only
R3,Drishti_GS,2,165,1,0.7310428162131961,0.7311951565314021,26097,19082,7015,0.5136108422071636,0.20350427847953897,post_hoc_final_checkpoint_only
R3,Drishti_GS,2,165,2,0.7309598236532596,0.7312807433047914,10978,8028,2950,0.9479047702714575,0.03955317451270945,post_hoc_final_checkpoint_only
R3,Drishti_GS,2,166,0,0.7329985898205635,0.7330190364837204,319019,233847,85172,0.946779901352582,0.013848548923019727,post_hoc_final_checkpoint_only
R3,Drishti_GS,2,166,1,0.7329612640084352,0.7331445828614571,26490,19421,7069,0.5136108422071636,0.20350427847953897,post_hoc_final_checkpoint_only
R3,Drishti_GS,2,166,2,0.7329734760094708,0.7334892927838762,11114,8152,2962,0.9479047702714575,0.03955317451270945,post_hoc_final_checkpoint_only
R3,Drishti_GS,2,167,0,0.7349954458565754,0.7350108389300584,319681,234969,84712,0.946779901352582,0.013848548923019727,post_hoc_final_checkpoint_only
R3,Drishti_GS,2,167,1,0.7349462027101225,0.7351663693477081,25786,18957,6829,0.5136108422071636,0.20350427847953897,post_hoc_final_checkpoint_only
R3,Drishti_GS,2,167,2,0.7350266035272296,0.7355452766411671,11242,8269,2973,0.9479047702714575,0.03955317451270945,post_hoc_final_checkpoint_only
R3,Drishti_GS,2,168,0,0.736991063419177,0.7370082929119074,319550,235511,84039,0.946779901352582,0.013848548923019727,post_hoc_final_checkpoint_only
R3,Drishti_GS,2,168,1,0.7370425528445561,0.737211155378486,25100,18504,6596,0.5136108422071636,0.20350427847953897,post_hoc_final_checkpoint_only
R3,Drishti_GS,2,168,2,0.7369628245061575,0.7375849451123889,11478,8466,3012,0.9479047702714575,0.03955317451270945,post_hoc_final_checkpoint_only
R3,Drishti_GS,2,169,0,0.7389938536799602,0.7390118759187461,319049,235781,83268,0.946779901352582,0.013848548923019727,post_hoc_final_checkpoint_only
R3,Drishti_GS,2,169,1,0.7390416831468053,0.7392376330619912,25552,18889,6663,0.5136108422071636,0.20350427847953897,post_hoc_final_checkpoint_only
R3,Drishti_GS,2,169,2,0.7389820818358118,0.7393287121488508,10964,8106,2858,0.9479047702714575,0.03955317451270945,post_hoc_final_checkpoint_only
R3,Drishti_GS,2,170,0,0.7409969495162441,0.7410137292866303,318152,235755,82397,0.946779901352582,0.013848548923019727,post_hoc_final_checkpoint_only
R3,Drishti_GS,2,170,1,0.7409449288237572,0.7411018260600434,25848,19156,6692,0.5136108422071636,0.20350427847953897,post_hoc_final_checkpoint_only
R3,Drishti_GS,2,170,2,0.7410400385012955,0.741374699117411,11217,8316,2901,0.9479047702714575,0.03955317451270945,post_hoc_final_checkpoint_only
R3,Drishti_GS,2,171,0,0.7429996557077533,0.7430155536712735,319603,237470,82133,0.946779901352582,0.013848548923019727,post_hoc_final_checkpoint_only
R3,Drishti_GS,2,171,1,0.7429991361943927,0.743357174251808,25027,18604,6423,0.5136108422071636,0.20350427847953897,post_hoc_final_checkpoint_only
R3,Drishti_GS,2,171,2,0.7429896645295451,0.7434091729866378,11076,8234,2842,0.9479047702714575,0.03955317451270945,post_hoc_final_checkpoint_only
R3,Drishti_GS,2,172,0,0.7449937422941869,0.7450042858256058,320825,239016,81809,0.946779901352582,0.013848548923019727,post_hoc_final_checkpoint_only
R3,Drishti_GS,2,172,1,0.7450066271886046,0.7452676045112183,25093,18701,6392,0.5136108422071636,0.20350427847953897,post_hoc_final_checkpoint_only
R3,Drishti_GS,2,172,2,0.7450650590888009,0.745557726300121,10749,8014,2735,0.9479047702714575,0.03955317451270945,post_hoc_final_checkpoint_only
R3,Drishti_GS,2,173,0,0.7469997298787211,0.7470186277262941,320490,239412,81078,0.946779901352582,0.013848548923019727,post_hoc_final_checkpoint_only
R3,Drishti_GS,2,173,1,0.7469643094275401,0.7471189477542045,24557,18347,6210,0.5136108422071636,0.20350427847953897,post_hoc_final_checkpoint_only
R3,Drishti_GS,2,173,2,0.7470528318632649,0.747506177358836,10927,8168,2759,0.9479047702714575,0.03955317451270945,post_hoc_final_checkpoint_only
R3,Drishti_GS,2,174,0,0.7490032703696747,0.7490215202617669,317840,238069,79771,0.946779901352582,0.013848548923019727,post_hoc_final_checkpoint_only
R3,Drishti_GS,2,174,1,0.7490035822291508,0.7492141253317004,24495,18352,6143,0.5136108422071636,0.20350427847953897,post_hoc_final_checkpoint_only
R3,Drishti_GS,2,174,2,0.7489441679088887,0.749376336421953,11224,8411,2813,0.9479047702714575,0.03955317451270945,post_hoc_final_checkpoint_only
R3,Drishti_GS,2,175,0,0.7509990425414753,0.7510208767748983,322272,242033,80239,0.946779901352582,0.013848548923019727,post_hoc_final_checkpoint_only
R3,Drishti_GS,2,175,1,0.7510484737809123,0.7513020323452245,25537,19186,6351,0.5136108422071636,0.20350427847953897,post_hoc_final_checkpoint_only
R3,Drishti_GS,2,175,2,0.7509135591902023,0.7514008716534732,11243,8448,2795,0.9479047702714575,0.03955317451270945,post_hoc_final_checkpoint_only
R3,Drishti_GS,2,176,0,0.753002204380282,0.7530189746362626,321798,242320,79478,0.946779901352582,0.013848548923019727,post_hoc_final_checkpoint_only
R3,Drishti_GS,2,176,1,0.7529849021676354,0.7532263758678853,25493,19202,6291,0.5136108422071636,0.20350427847953897,post_hoc_final_checkpoint_only
R3,Drishti_GS,2,176,2,0.7530852111475753,0.7536578632557284,10867,8190,2677,0.9479047702714575,0.03955317451270945,post_hoc_final_checkpoint_only
R3,Drishti_GS,2,177,0,0.7549976595144714,0.7550100027323005,318413,240405,78008,0.946779901352582,0.013848548923019727,post_hoc_final_checkpoint_only
R3,Drishti_GS,2,177,1,0.7549627112581787,0.7551709418293299,25769,19460,6309,0.5136108422071636,0.20350427847953897,post_hoc_final_checkpoint_only
R3,Drishti_GS,2,177,2,0.7552089176357715,0.7559011893870082,10930,8262,2668,0.9479047702714575,0.03955317451270945,post_hoc_final_checkpoint_only
R3,Drishti_GS,2,178,0,0.7570115567386434,0.7570284938519166,321157,243125,78032,0.946779901352582,0.013848548923019727,post_hoc_final_checkpoint_only
R3,Drishti_GS,2,178,1,0.7569304426367883,0.7571147024044147,25370,19208,6162,0.5136108422071636,0.20350427847953897,post_hoc_final_checkpoint_only
R3,Drishti_GS,2,178,2,0.7570083514862289,0.7575672118819327,10638,8059,2579,0.9479047702714575,0.03955317451270945,post_hoc_final_checkpoint_only
R3,Drishti_GS,2,179,0,0.7590057932653088,0.7590208845439363,319758,242703,77055,0.946779901352582,0.013848548923019727,post_hoc_final_checkpoint_only
R3,Drishti_GS,2,179,1,0.7590655449764615,0.7593304594353179,25749,19552,6197,0.5136108422071636,0.20350427847953897,post_hoc_final_checkpoint_only
R3,Drishti_GS,2,179,2,0.7589382270533527,0.7594086021505376,11160,8475,2685,0.9479047702714575,0.03955317451270945,post_hoc_final_checkpoint_only
R3,Drishti_GS,2,180,0,0.7610021632355555,0.7610134252664325,320813,244143,76670,0.946779901352582,0.013848548923019727,post_hoc_final_checkpoint_only
R3,Drishti_GS,2,180,1,0.7609915781558865,0.7611934431384881,25439,19364,6075,0.5136108422071636,0.20350427847953897,post_hoc_final_checkpoint_only
R3,Drishti_GS,2,180,2,0.7609780909013389,0.7615196539401918,10634,8098,2536,0.9479047702714575,0.03955317451270945,post_hoc_final_checkpoint_only
R3,Drishti_GS,2,181,0,0.7630042639437176,0.7630169843933966,319352,243671,75681,0.946779901352582,0.013848548923019727,post_hoc_final_checkpoint_only
R3,Drishti_GS,2,181,1,0.7630633579307069,0.7632818580264613,24413,18634,5779,0.5136108422071636,0.20350427847953897,post_hoc_final_checkpoint_only
R3,Drishti_GS,2,181,2,0.7630473594017954,0.7635190402617468,11003,8401,2602,0.9479047702714575,0.03955317451270945,post_hoc_final_checkpoint_only
R3,Drishti_GS,2,182,0,0.7650051847412941,0.76502492211838,321000,245573,75427,0.946779901352582,0.013848548923019727,post_hoc_final_checkpoint_only
R3,Drishti_GS,2,182,1,0.7650298522788953,0.7652329749103942,25110,19215,5895,0.5136108422071636,0.20350427847953897,post_hoc_final_checkpoint_only
R3,Drishti_GS,2,182,2,0.7649993335846578,0.7654743670600955,11099,8496,2603,0.9479047702714575,0.03955317451270945,post_hoc_final_checkpoint_only
R3,Drishti_GS,2,183,0,0.7670110113335994,0.767024832334152,320429,245777,74652,0.946779901352582,0.013848548923019727,post_hoc_final_checkpoint_only
R3,Drishti_GS,2,183,1,0.7670656605367885,0.7673090372212293,25738,19749,5989,0.5136108422071636,0.20350427847953897,post_hoc_final_checkpoint_only
R3,Drishti_GS,2,183,2,0.7669013903997678,0.7672950134645743,10769,8263,2506,0.9479047702714575,0.03955317451270945,post_hoc_final_checkpoint_only
R3,Drishti_GS,2,184,0,0.7690132778772303,0.7690227597085555,319512,245712,73800,0.946779901352582,0.013848548923019727,post_hoc_final_checkpoint_only
R3,Drishti_GS,2,184,1,0.7689419433677905,0.7691604751877309,25169,19359,5810,0.5136108422071636,0.20350427847953897,post_hoc_final_checkpoint_only
R3,Drishti_GS,2,184,2,0.7690183934062031,0.7694089308875302,10794,8305,2489,0.9479047702714575,0.03955317451270945,post_hoc_final_checkpoint_only
R3,Drishti_GS,2,185,0,0.7710141564966075,0.7710371942870781,318436,245526,72910,0.946779901352582,0.013848548923019727,post_hoc_final_checkpoint_only
R3,Drishti_GS,2,185,1,0.770929729204665,0.7711936709842551,25786,19886,5900,0.5136108422071636,0.20350427847953897,post_hoc_final_checkpoint_only
R3,Drishti_GS,2,185,2,0.7710400523007839,0.7713908782510366,10612,8186,2426,0.9479047702714575,0.03955317451270945,post_hoc_final_checkpoint_only
R3,Drishti_GS,2,186,0,0.7730135132657622,0.7730360330227164,319901,247295,72606,0.946779901352582,0.013848548923019727,post_hoc_final_checkpoint_only
R3,Drishti_GS,2,186,1,0.7730295930211187,0.7732562742459029,25262,19534,5728,0.5136108422071636,0.20350427847953897,post_hoc_final_checkpoint_only
R3,Drishti_GS,2,186,2,0.7730160889775584,0.7733433031124404,10699,8274,2425,0.9479047702714575,0.03955317451270945,post_hoc_final_checkpoint_only
R3,Drishti_GS,2,187,0,0.7750175946256738,0.7750309100478677,321093,248857,72236,0.946779901352582,0.013848548923019727,post_hoc_final_checkpoint_only
R3,Drishti_GS,2,187,1,0.7750359924808723,0.775235423762773,24955,19346,5609,0.5136108422071636,0.20350427847953897,post_hoc_final_checkpoint_only
R3,Drishti_GS,2,187,2,0.774926702679275,0.7755219306646236,10442,8098,2344,0.9479047702714575,0.03955317451270945,post_hoc_final_checkpoint_only
R3,Drishti_GS,2,188,0,0.7770105269580092,0.7770309097742726,321937,250155,71782,0.946779901352582,0.013848548923019727,post_hoc_final_checkpoint_only
R3,Drishti_GS,2,188,1,0.777051855782477,0.777275251924145,25206,19592,5614,0.5136108422071636,0.20350427847953897,post_hoc_final_checkpoint_only
R3,Drishti_GS,2,188,2,0.7769912284054958,0.7775097420671738,10778,8380,2398,0.9479047702714575,0.03955317451270945,post_hoc_final_checkpoint_only
R3,Drishti_GS,2,189,0,0.7790137924108842,0.7790319357538061,320268,249499,70769,0.946779901352582,0.013848548923019727,post_hoc_final_checkpoint_only
R3,Drishti_GS,2,189,1,0.7790556822114554,0.7792504204372548,24974,19461,5513,0.5136108422071636,0.20350427847953897,post_hoc_final_checkpoint_only
R3,Drishti_GS,2,189,2,0.7789397345989167,0.7792685168167616,10882,8480,2402,0.9479047702714575,0.03955317451270945,post_hoc_final_checkpoint_only
R3,Drishti_GS,2,190,0,0.7810113035019669,0.7810286552178344,321896,251410,70486,0.946779901352582,0.013848548923019727,post_hoc_final_checkpoint_only
R3,Drishti_GS,2,190,1,0.7810609422683914,0.7812698161065313,25232,19713,5519,0.5136108422071636,0.20350427847953897,post_hoc_final_checkpoint_only
R3,Drishti_GS,2,190,2,0.7810028208755132,0.7815490160678823,11078,8658,2420,0.9479047702714575,0.03955317451270945,post_hoc_final_checkpoint_only
R3,Drishti_GS,2,191,0,0.7830103979531915,0.7830312114540884,320235,250754,69481,0.946779901352582,0.013848548923019727,post_hoc_final_checkpoint_only
R3,Drishti_GS,2,191,1,0.7831006051548904,0.7833326709851767,25163,19711,5452,0.5136108422071636,0.20350427847953897,post_hoc_final_checkpoint_only
R3,Drishti_GS,2,191,2,0.7829055768723748,0.7833035630346903,10637,8332,2305,0.9479047702714575,0.03955317451270945,post_hoc_final_checkpoint_only
R3,Drishti_GS,2,192,0,0.785018714683055,0.7850344488034646,318879,250331,68548,0.946779901352582,0.013848548923019727,post_hoc_final_checkpoint_only
R3,Drishti_GS,2,192,1,0.7850144510986652,0.7852649407210259,24798,19473,5325,0.5136108422071636,0.20350427847953897,post_hoc_final_checkpoint_only
R3,Drishti_GS,2,192,2,0.7850464418030764,0.7857209519365376,10715,8419,2296,0.9479047702714575,0.03955317451270945,post_hoc_final_checkpoint_only
R3,Drishti_GS,2,193,0,0.7870241478210542,0.7870404562931149,322249,253623,68626,0.946779901352582,0.013848548923019727,post_hoc_final_checkpoint_only
R3,Drishti_GS,2,193,1,0.7869879031630242,0.7872491145218418,25410,20004,5406,0.5136108422071636,0.20350427847953897,post_hoc_final_checkpoint_only
R3,Drishti_GS,2,193,2,0.7870796136551143,0.7875494071146245,11132,8767,2365,0.9479047702714575,0.03955317451270945,post_hoc_final_checkpoint_only
R3,Drishti_GS,2,194,0,0.7890171248607137,0.789037615475868,321171,253416,67755,0.946779901352582,0.013848548923019727,post_hoc_final_checkpoint_only
R3,Drishti_GS,2,194,1,0.7890287637763168,0.7891734529289114,25419,20060,5359,0.5136108422071636,0.20350427847953897,post_hoc_final_checkpoint_only
R3,Drishti_GS,2,194,2,0.7890895460134301,0.789604415823367,10870,8583,2287,0.9479047702714575,0.03955317451270945,post_hoc_final_checkpoint_only
R3,Drishti_GS,2,195,0,0.7910138464649494,0.7910342633125218,323699,256057,67642,0.946779901352582,0.013848548923019727,post_hoc_final_checkpoint_only
R3,Drishti_GS,2,195,1,0.7910396318016057,0.7912677287354495,25171,19917,5254,0.5136108422071636,0.20350427847953897,post_hoc_final_checkpoint_only
R3,Drishti_GS,2,195,2,0.7909982139752553,0.7914833879270005,10685,8457,2228,0.9479047702714575,0.03955317451270945,post_hoc_final_checkpoint_only
R3,Drishti_GS,2,196,0,0.7930233398651949,0.7930392500438058,319592,253449,66143,0.946779901352582,0.013848548923019727,post_hoc_final_checkpoint_only
R3,Drishti_GS,2,196,1,0.7929668131877209,0.7931786074672048,24775,19651,5124,0.5136108422071636,0.20350427847953897,post_hoc_final_checkpoint_only
R3,Drishti_GS,2,196,2,0.793101143922095,0.7934772788869816,11069,8783,2286,0.9479047702714575,0.03955317451270945,post_hoc_final_checkpoint_only
R3,Drishti_GS,2,197,0,0.7950256624496482,0.7950416982090175,320997,255206,65791,0.946779901352582,0.013848548923019727,post_hoc_final_checkpoint_only
R3,Drishti_GS,2,197,1,0.794961039256121,0.7952104383801416,25138,19990,5148,0.5136108422071636,0.20350427847953897,post_hoc_final_checkpoint_only
R3,Drishti_GS,2,197,2,0.7951180171353819,0.7955775759243967,10899,8671,2228,0.9479047702714575,0.03955317451270945,post_hoc_final_checkpoint_only
R3,Drishti_GS,2,198,0,0.7970238138284984,0.7970398810998266,322960,257412,65548,0.946779901352582,0.013848548923019727,post_hoc_final_checkpoint_only
R3,Drishti_GS,2,198,1,0.797077567551321,0.7973257397548594,24231,19320,4911,0.5136108422071636,0.20350427847953897,post_hoc_final_checkpoint_only
R3,Drishti_GS,2,198,2,0.7968251769540668,0.7974995264254594,10558,8420,2138,0.9479047702714575,0.03955317451270945,post_hoc_final_checkpoint_only
R3,Drishti_GS,2,199,0,0.7990179658070179,0.7990310626262124,321383,256795,64588,0.946779901352582,0.013848548923019727,post_hoc_final_checkpoint_only
R3,Drishti_GS,2,199,1,0.7990305975332692,0.7992697768762678,24650,19702,4948,0.5136108422071636,0.20350427847953897,post_hoc_final_checkpoint_only
R3,Drishti_GS,2,199,2,0.7990618533363019,0.7996598334974487,11171,8933,2238,0.9479047702714575,0.03955317451270945,post_hoc_final_checkpoint_only
R3,REFUGE,0,0,0,,,0,0,0,0.9906463816245491,0.004521670852145425,post_hoc_final_checkpoint_only
R3,REFUGE,0,0,1,,,0,0,0,0.8338594683700804,0.16018826002819123,post_hoc_final_checkpoint_only
R3,REFUGE,0,0,2,,,0,0,0,0.852765058119056,0.13556664290805417,post_hoc_final_checkpoint_only
R3,REFUGE,0,1,0,,,0,0,0,0.9906463816245491,0.004521670852145425,post_hoc_final_checkpoint_only
R3,REFUGE,0,1,1,,,0,0,0,0.8338594683700804,0.16018826002819123,post_hoc_final_checkpoint_only
R3,REFUGE,0,1,2,,,0,0,0,0.852765058119056,0.13556664290805417,post_hoc_final_checkpoint_only
R3,REFUGE,0,2,0,,,0,0,0,0.9906463816245491,0.004521670852145425,post_hoc_final_checkpoint_only
R3,REFUGE,0,2,1,,,0,0,0,0.8338594683700804,0.16018826002819123,post_hoc_final_checkpoint_only
R3,REFUGE,0,2,2,,,0,0,0,0.852765058119056,0.13556664290805417,post_hoc_final_checkpoint_only
R3,REFUGE,0,3,0,,,0,0,0,0.9906463816245491,0.004521670852145425,post_hoc_final_checkpoint_only
R3,REFUGE,0,3,1,,,0,0,0,0.8338594683700804,0.16018826002819123,post_hoc_final_checkpoint_only
R3,REFUGE,0,3,2,,,0,0,0,0.852765058119056,0.13556664290805417,post_hoc_final_checkpoint_only
R3,REFUGE,0,4,0,,,0,0,0,0.9906463816245491,0.004521670852145425,post_hoc_final_checkpoint_only
R3,REFUGE,0,4,1,,,0,0,0,0.8338594683700804,0.16018826002819123,post_hoc_final_checkpoint_only
R3,REFUGE,0,4,2,,,0,0,0,0.852765058119056,0.13556664290805417,post_hoc_final_checkpoint_only
R3,REFUGE,0,5,0,,,0,0,0,0.9906463816245491,0.004521670852145425,post_hoc_final_checkpoint_only
R3,REFUGE,0,5,1,,,0,0,0,0.8338594683700804,0.16018826002819123,post_hoc_final_checkpoint_only
R3,REFUGE,0,5,2,,,0,0,0,0.852765058119056,0.13556664290805417,post_hoc_final_checkpoint_only
R3,REFUGE,0,6,0,,,0,0,0,0.9906463816245491,0.004521670852145425,post_hoc_final_checkpoint_only
R3,REFUGE,0,6,1,,,0,0,0,0.8338594683700804,0.16018826002819123,post_hoc_final_checkpoint_only
R3,REFUGE,0,6,2,,,0,0,0,0.852765058119056,0.13556664290805417,post_hoc_final_checkpoint_only
R3,REFUGE,0,7,0,,,0,0,0,0.9906463816245491,0.004521670852145425,post_hoc_final_checkpoint_only
R3,REFUGE,0,7,1,,,0,0,0,0.8338594683700804,0.16018826002819123,post_hoc_final_checkpoint_only
R3,REFUGE,0,7,2,,,0,0,0,0.852765058119056,0.13556664290805417,post_hoc_final_checkpoint_only
R3,REFUGE,0,8,0,,,0,0,0,0.9906463816245491,0.004521670852145425,post_hoc_final_checkpoint_only
R3,REFUGE,0,8,1,,,0,0,0,0.8338594683700804,0.16018826002819123,post_hoc_final_checkpoint_only
R3,REFUGE,0,8,2,,,0,0,0,0.852765058119056,0.13556664290805417,post_hoc_final_checkpoint_only
R3,REFUGE,0,9,0,,,0,0,0,0.9906463816245491,0.004521670852145425,post_hoc_final_checkpoint_only
R3,REFUGE,0,9,1,,,0,0,0,0.8338594683700804,0.16018826002819123,post_hoc_final_checkpoint_only
R3,REFUGE,0,9,2,,,0,0,0,0.852765058119056,0.13556664290805417,post_hoc_final_checkpoint_only
R3,REFUGE,0,10,0,,,0,0,0,0.9906463816245491,0.004521670852145425,post_hoc_final_checkpoint_only
R3,REFUGE,0,10,1,,,0,0,0,0.8338594683700804,0.16018826002819123,post_hoc_final_checkpoint_only
R3,REFUGE,0,10,2,,,0,0,0,0.852765058119056,0.13556664290805417,post_hoc_final_checkpoint_only
R3,REFUGE,0,11,0,,,0,0,0,0.9906463816245491,0.004521670852145425,post_hoc_final_checkpoint_only
R3,REFUGE,0,11,1,,,0,0,0,0.8338594683700804,0.16018826002819123,post_hoc_final_checkpoint_only
R3,REFUGE,0,11,2,,,0,0,0,0.852765058119056,0.13556664290805417,post_hoc_final_checkpoint_only
R3,REFUGE,0,12,0,0.4255053533158387,0.42552036992100084,593424,252514,340910,0.9906463816245491,0.004521670852145425,post_hoc_final_checkpoint_only
R3,REFUGE,0,12,1,0.42545868909433415,0.42591566110945295,23453,9989,13464,0.8338594683700804,0.16018826002819123,post_hoc_final_checkpoint_only
R3,REFUGE,0,12,2,0.4254184345354939,0.42768823139765955,4529,1937,2592,0.852765058119056,0.13556664290805417,post_hoc_final_checkpoint_only
R3,REFUGE,0,13,0,0.4269801323764365,0.42699797402551587,1247301,532595,714706,0.9906463816245491,0.004521670852145425,post_hoc_final_checkpoint_only
R3,REFUGE,0,13,1,0.42712603940526506,0.4274498764505333,63942,27332,36610,0.8338594683700804,0.16018826002819123,post_hoc_final_checkpoint_only
R3,REFUGE,0,13,2,0.4271249467837869,0.42799364437382637,20769,8889,11880,0.852765058119056,0.13556664290805417,post_hoc_final_checkpoint_only
R3,REFUGE,0,14,0,0.4289796521824295,0.42899485276743576,1252712,537407,715305,0.9906463816245491,0.004521670852145425,post_hoc_final_checkpoint_only
R3,REFUGE,0,14,1,0.4289579807600677,0.4292014709413266,79133,33964,45169,0.8338594683700804,0.16018826002819123,post_hoc_final_checkpoint_only
R3,REFUGE,0,14,2,0.42889861635605325,0.42956559958977364,27302,11728,15574,0.852765058119056,0.13556664290805417,post_hoc_final_checkpoint_only
R3,REFUGE,0,15,0,0.4309768991268949,0.4309932758310471,1256066,541356,714710,0.9906463816245491,0.004521670852145425,post_hoc_final_checkpoint_only
R3,REFUGE,0,15,1,0.43093350102512834,0.431194594096184,75917,32735,43182,0.8338594683700804,0.16018826002819123,post_hoc_final_checkpoint_only
R3,REFUGE,0,15,2,0.430897558954233,0.4314688781719025,22187,9573,12614,0.852765058119056,0.13556664290805417,post_hoc_final_checkpoint_only
R3,REFUGE,0,16,0,0.4329776870390497,0.4329923770939882,1254902,543363,711539,0.9906463816245491,0.004521670852145425,post_hoc_final_checkpoint_only
R3,REFUGE,0,16,1,0.43300018089723047,0.43319928771065014,84797,36734,48063,0.8338594683700804,0.16018826002819123,post_hoc_final_checkpoint_only
R3,REFUGE,0,16,2,0.43301182103383806,0.43374944117748204,29079,12613,16466,0.852765058119056,0.13556664290805417,post_hoc_final_checkpoint_only
R3,REFUGE,0,17,0,0.4349813568614964,0.43499777686029156,1259480,547871,711609,0.9906463816245491,0.004521670852145425,post_hoc_final_checkpoint_only
R3,REFUGE,0,17,1,0.43497258382025555,0.4351921416476973,89179,38810,50369,0.8338594683700804,0.16018826002819123,post_hoc_final_checkpoint_only
R3,REFUGE,0,17,2,0.43501366567275557,0.4356565292827446,30547,13308,17239,0.852765058119056,0.13556664290805417,post_hoc_final_checkpoint_only
R3,REFUGE,0,18,0,0.4369799559371814,0.43699903968505494,1255838,548800,707038,0.9906463816245491,0.004521670852145425,post_hoc_final_checkpoint_only
R3,REFUGE,0,18,1,0.4369802149785985,0.4372102444074357,88868,38854,50014,0.8338594683700804,0.16018826002819123,post_hoc_final_checkpoint_only
R3,REFUGE,0,18,2,0.43702609607735426,0.4377438231469441,30760,13465,17295,0.852765058119056,0.13556664290805417,post_hoc_final_checkpoint_only
R3,REFUGE,0,19,0,0.4389779348590387,0.4389948818590337,1255534,551173,704361,0.9906463816245491,0.004521670852145425,post_hoc_final_checkpoint_only
R3,REFUGE,0,19,1,0.43898745513430953,0.4392195099029674,85126,37389,47737,0.8338594683700804,0.16018826002819123,post_hoc_final_checkpoint_only
R3,REFUGE,0,19,2,0.4390116549085225,0.43977880841955047,28030,12327,15703,0.852765058119056,0.13556664290805417,post_hoc_final_checkpoint_only
R3,REFUGE,0,20,0,0.4409806547406216,0.44099728704922975,1260620,555930,704690,0.9906463816245491,0.004521670852145425,post_hoc_final_checkpoint_only
R3,REFUGE,0,20,1,0.44097786755915325,0.44119019456772973,92153,40657,51496,0.8338594683700804,0.16018826002819123,post_hoc_final_checkpoint_only
R3,REFUGE,0,20,2,0.44096449364989887,0.4414785716585633,31057,13711,17346,0.852765058119056,0.13556664290805417,post_hoc_final_checkpoint_only
R3,REFUGE,0,21,0,0.44298146167884433,0.44299627727550545,1259830,558100,701730,0.9906463816245491,0.004521670852145425,post_hoc_final_checkpoint_only
R3,REFUGE,0,21,1,0.4429737171963913,0.443207179828102,84236,37334,46902,0.8338594683700804,0.16018826002819123,post_hoc_final_checkpoint_only
R3,REFUGE,0,21,2,0.44299074938966865,0.4436598903083845,30449,13509,16940,0.852765058119056,0.13556664290805417,post_hoc_final_checkpoint_only
R3,REFUGE,0,22,0,0.4449813727761314,0.4449965738124802,1257958,559787,698171,0.9906463816245491,0.004521670852145425,post_hoc_final_checkpoint_only
R3,REFUGE,0,22,1,0.4449724621411891,0.44516287357425605,93723,41722,52001,0.8338594683700804,0.16018826002819123,post_hoc_final_checkpoint_only
R3,REFUGE,0,22,2,0.444963214677929,0.4455892255892256,29700,13234,16466,0.852765058119056,0.13556664290805417,post_hoc_final_checkpoint_only
R3,REFUGE,0,23,0,0.4469817721350795,0.44699641586179917,1257764,562216,695548,0.9906463816245491,0.004521670852145425,post_hoc_final_checkpoint_only
R3,REFUGE,0,23,1,0.44699537192534,0.4472075771007325,85732,38340,47392,0.8338594683700804,0.16018826002819123,post_hoc_final_checkpoint_only
R3,REFUGE,0,23,2,0.44697832167423013,0.44769957393400933,30277,13555,16722,0.852765058119056,0.13556664290805417,post_hoc_final_checkpoint_only
R3,REFUGE,0,24,0,0.4489814927243193,0.4489987074201393,1258723,565165,693558,0.9906463816245491,0.004521670852145425,post_hoc_final_checkpoint_only
R3,REFUGE,0,24,1,0.44896321610977824,0.44916859147683114,91351,41032,50319,0.8338594683700804,0.16018826002819123,post_hoc_final_checkpoint_only
R3,REFUGE,0,24,2,0.44898183231877375,0.4496807636386624,31638,14227,17411,0.852765058119056,0.13556664290805417,post_hoc_final_checkpoint_only
R3,REFUGE,0,25,0,0.4509771177812515,0.45099151802943765,1261853,569085,692768,0.9906463816245491,0.004521670852145425,post_hoc_final_checkpoint_only
R3,REFUGE,0,25,1,0.4510199587335616,0.4512369591055157,90868,41003,49865,0.8338594683700804,0.16018826002819123,post_hoc_final_checkpoint_only
R3,REFUGE,0,25,2,0.45101717217925524,0.4516771276236755,29634,13385,16249,0.852765058119056,0.13556664290805417,post_hoc_final_checkpoint_only
R3,REFUGE,0,26,0,0.45298111183833584,0.4529981132000839,1264045,572610,691435,0.9906463816245491,0.004521670852145425,post_hoc_final_checkpoint_only
R3,REFUGE,0,26,1,0.45298468970697625,0.4532175954668081,88591,40151,48440,0.8338594683700804,0.16018826002819123,post_hoc_final_checkpoint_only
R3,REFUGE,0,26,2,0.4529618851462297,0.45369476173032736,30029,13624,16405,0.852765058119056,0.13556664290805417,post_hoc_final_checkpoint_only
R3,REFUGE,0,27,0,0.45498287871459037,0.4549974424066399,1262906,574619,688287,0.9906463816245491,0.004521670852145425,post_hoc_final_checkpoint_only
R3,REFUGE,0,27,1,0.45497632435201363,0.45519744139215834,92863,42271,50592,0.8338594683700804,0.16018826002819123,post_hoc_final_checkpoint_only
R3,REFUGE,0,27,2,0.45499905167561777,0.45552803422652555,31087,14161,16926,0.852765058119056,0.13556664290805417,post_hoc_final_checkpoint_only
R3,REFUGE,0,28,0,0.4569825267886545,0.4569988234071368,1260419,576010,684409,0.9906463816245491,0.004521670852145425,post_hoc_final_checkpoint_only
R3,REFUGE,0,28,1,0.4569684542528545,0.4571964196701415,92282,42191,50091,0.8338594683700804,0.16018826002819123,post_hoc_final_checkpoint_only
R3,REFUGE,0,28,2,0.4569879750866643,0.4575904582393474,32363,14809,17554,0.852765058119056,0.13556664290805417,post_hoc_final_checkpoint_only
R3,REFUGE,0,29,0,0.45898304924247324,0.45900066935414074,1259423,578076,681347,0.9906463816245491,0.004521670852145425,post_hoc_final_checkpoint_only
R3,REFUGE,0,29,1,0.4589890714457819,0.45919182239258904,93915,43125,50790,0.8338594683700804,0.16018826002819123,post_hoc_final_checkpoint_only
R3,REFUGE,0,29,2,0.4590047534710852,0.45965368769940834,32283,14839,17444,0.852765058119056,0.13556664290805417,post_hoc_final_checkpoint_only
R3,REFUGE,0,30,0,0.4609796165184217,0.460996301557522,1264316,582845,681471,0.9906463816245491,0.004521670852145425,post_hoc_final_checkpoint_only
R3,REFUGE,0,30,1,0.46099913504403256,0.46123202386042483,95891,44228,51663,0.8338594683700804,0.16018826002819123,post_hoc_final_checkpoint_only
R3,REFUGE,0,30,2,0.46099303108365425,0.461477888370921,31748,14651,17097,0.852765058119056,0.13556664290805417,post_hoc_final_checkpoint_only
R3,REFUGE,0,31,0,0.462981648789185,0.4629975114545817,1264996,585690,679306,0.9906463816245491,0.004521670852145425,post_hoc_final_checkpoint_only
R3,REFUGE,0,31,1,0.46300733165827485,0.4632253675337238,94073,43577,50496,0.8338594683700804,0.16018826002819123,post_hoc_final_checkpoint_only
R3,REFUGE,0,31,2,0.46298548596288236,0.46363578110982956,31212,14471,16741,0.852765058119056,0.13556664290805417,post_hoc_final_checkpoint_only
R3,REFUGE,0,32,0,0.464980856812171,0.4649928975921569,1261544,586609,674935,0.9906463816245491,0.004521670852145425,post_hoc_final_checkpoint_only
R3,REFUGE,0,32,1,0.46498842398994,0.46519885608581485,94063,43758,50305,0.8338594683700804,0.16018826002819123,post_hoc_final_checkpoint_only
R3,REFUGE,0,32,2,0.46495720846807553,0.4655740763776589,32156,14971,17185,0.852765058119056,0.13556664290805417,post_hoc_final_checkpoint_only
R3,REFUGE,0,33,0,0.46698328692472324,0.46699853048354467,1260959,588866,672093,0.9906463816245491,0.004521670852145425,post_hoc_final_checkpoint_only
R3,REFUGE,0,33,1,0.46698986928447495,0.46722173075922363,96085,44893,51192,0.8338594683700804,0.16018826002819123,post_hoc_final_checkpoint_only
R3,REFUGE,0,33,2,0.4669824930911853,0.46766184404119665,32624,15257,17367,0.852765058119056,0.13556664290805417,post_hoc_final_checkpoint_only
R3,REFUGE,0,34,0,0.468983637512312,0.46899900674965966,1260508,591177,669331,0.9906463816245491,0.004521670852145425,post_hoc_final_checkpoint_only
R3,REFUGE,0,34,1,0.4689587727597737,0.4691877335448719,95806,44951,50855,0.8338594683700804,0.16018826002819123,post_hoc_final_checkpoint_only
R3,REFUGE,0,34,2,0.4689809342059727,0.4695878153886641,30399,14275,16124,0.852765058119056,0.13556664290805417,post_hoc_final_checkpoint_only
R3,REFUGE,0,35,0,0.47098384768438,0.4710017128719152,1261040,593952,667088,0.9906463816245491,0.004521670852145425,post_hoc_final_checkpoint_only
R3,REFUGE,0,35,1,0.47098298726774074,0.4711746155175393,92592,43627,48965,0.8338594683700804,0.16018826002819123,post_hoc_final_checkpoint_only
R3,REFUGE,0,35,2,0.47097385902251737,0.4716244975171435,33832,15956,17876,0.852765058119056,0.13556664290805417,post_hoc_final_checkpoint_only
R3,REFUGE,0,36,0,0.47298467632132485,0.47299992156322124,1262163,597003,665160,0.9906463816245491,0.004521670852145425,post_hoc_final_checkpoint_only
R3,REFUGE,0,36,1,0.47298033251278165,0.4731598333433971,99366,47016,52350,0.8338594683700804,0.16018826002819123,post_hoc_final_checkpoint_only
R3,REFUGE,0,36,2,0.47302677964428563,0.4735728738733215,32618,15447,17171,0.852765058119056,0.13556664290805417,post_hoc_final_checkpoint_only
R3,REFUGE,0,37,0,0.47498317979115245,0.4749969227467405,1267364,601994,665370,0.9906463816245491,0.004521670852145425,post_hoc_final_checkpoint_only
R3,REFUGE,0,37,1,0.4750092339213905,0.4752020118733509,97024,46106,50918,0.8338594683700804,0.16018826002819123,post_hoc_final_checkpoint_only
R3,REFUGE,0,37,2,0.4749813454066334,0.4756200220164476,30886,14690,16196,0.852765058119056,0.13556664290805417,post_hoc_final_checkpoint_only
R3,REFUGE,0,38,0,0.4769863607928995,0.4770051161397006,1261498,601741,659757,0.9906463816245491,0.004521670852145425,post_hoc_final_checkpoint_only
R3,REFUGE,0,38,1,0.4770000915152353,0.4772149087384914,99056,47271,51785,0.8338594683700804,0.16018826002819123,post_hoc_final_checkpoint_only
R3,REFUGE,0,38,2,0.4769796254409303,0.4775619958171497,33470,15984,17486,0.852765058119056,0.13556664290805417,post_hoc_final_checkpoint_only
R3,REFUGE,0,39,0,0.47898252136267244,0.47899885152437627,1266026,606425,659601,0.9906463816245491,0.004521670852145425,post_hoc_final_checkpoint_only
R3,REFUGE,0,39,1,0.47898071106682705,0.47918856314860353,97999,46960,51039,0.8338594683700804,0.16018826002819123,post_hoc_final_checkpoint_only
R3,REFUGE,0,39,2,0.4789667786422955,0.47955717318774643,32970,15811,17159,0.852765058119056,0.13556664290805417,post_hoc_final_checkpoint_only
R3,REFUGE,0,40,0,0.48098351257447036,0.48100091507633663,1266561,609217,657344,0.9906463816245491,0.004521670852145425,post_hoc_final_checkpoint_only
R3,REFUGE,0,40,1,0.48098403117630806,0.4811883809989408,98184,47245,50939,0.8338594683700804,0.16018826002819123,post_hoc_final_checkpoint_only
R3,REFUGE,0,40,2,0.4810386482295204,0.4816015084111599,33943,16347,17596,0.852765058119056,0.13556664290805417,post_hoc_final_checkpoint_only
R3,REFUGE,0,41,0,0.48298457857757365,0.48300285860834696,1265301,611144,654157,0.9906463816245491,0.004521670852145425,post_hoc_final_checkpoint_only
R3,REFUGE,0,41,1,0.48297659918990477,0.4831455990997093,95969,46367,49602,0.8338594683700804,0.16018826002819123,post_hoc_final_checkpoint_only
R3,REFUGE,0,41,2,0.48299703243888614,0.4836464857341684,31614,15290,16324,0.852765058119056,0.13556664290805417,post_hoc_final_checkpoint_only
R3,REFUGE,0,42,0,0.48498455126495843,0.4849990911892776,1265390,613713,651677,0.9906463816245491,0.004521670852145425,post_hoc_final_checkpoint_only
R3,REFUGE,0,42,1,0.4849649132902403,0.48519974330178084,99728,48388,51340,0.8338594683700804,0.16018826002819123,post_hoc_final_checkpoint_only
R3,REFUGE,0,42,2,0.4850016363376825,0.48555741955162424,32785,15919,16866,0.852765058119056,0.13556664290805417,post_hoc_final_checkpoint_only
R3,REFUGE,0,43,0,0.4869869284235296,0.487000932909571,1264860,615988,648872,0.9906463816245491,0.004521670852145425,post_hoc_final_checkpoint_only
R3,REFUGE,0,43,1,0.4869834084874334,0.48718573080903393,98562,48018,50544,0.8338594683700804,0.16018826002819123,post_hoc_final_checkpoint_only
R3,REFUGE,0,43,2,0.48698036042384085,0.48754545454545456,33000,16089,16911,0.852765058119056,0.13556664290805417,post_hoc_final_checkpoint_only
R3,REFUGE,0,44,0,0.4889873143797873,0.4890042531800049,1265171,618674,646497,0.9906463816245491,0.004521670852145425,post_hoc_final_checkpoint_only
R3,REFUGE,0,44,1,0.488975171684772,0.4891769051967458,96368,47141,49227,0.8338594683700804,0.16018826002819123,post_hoc_final_checkpoint_only
R3,REFUGE,0,44,2,0.4889915344061256,0.4896274155840313,33791,16545,17246,0.852765058119056,0.13556664290805417,post_hoc_final_checkpoint_only
R3,REFUGE,0,45,0,0.4909879982867294,0.49100357104723036,1264335,620793,643542,0.9906463816245491,0.004521670852145425,post_hoc_final_checkpoint_only
R3,REFUGE,0,45,1,0.49095688610276067,0.4911243805345682,98472,48362,50110,0.8338594683700804,0.16018826002819123,post_hoc_final_checkpoint_only
R3,REFUGE,0,45,2,0.49097374435268754,0.4914786511402232,32976,16207,16769,0.852765058119056,0.13556664290805417,post_hoc_final_checkpoint_only
R3,REFUGE,0,46,0,0.49298803998322277,0.49300325823618496,1263874,623094,640780,0.9906463816245491,0.004521670852145425,post_hoc_final_checkpoint_only
R3,REFUGE,0,46,1,0.49295693533223034,0.4931626270920131,98649,48650,49999,0.8338594683700804,0.16018826002819123,post_hoc_final_checkpoint_only
R3,REFUGE,0,46,2,0.49299726473952477,0.49359319801209506,33402,16487,16915,0.852765058119056,0.13556664290805417,post_hoc_final_checkpoint_only
R3,REFUGE,0,47,0,0.4949836138111441,0.49499811256996745,1263623,625491,638132,0.9906463816245491,0.004521670852145425,post_hoc_final_checkpoint_only
R3,REFUGE,0,47,1,0.49501681230154587,0.49522284875243444,98071,48567,49504,0.8338594683700804,0.16018826002819123,post_hoc_final_checkpoint_only
R3,REFUGE,0,47,2,0.4950208112024072,0.4956253370887517,33374,16541,16833,0.852765058119056,0.13556664290805417,post_hoc_final_checkpoint_only
R3,REFUGE,0,48,0,0.4969845006761365,0.496998265454141,1267767,630078,637689,0.9906463816245491,0.004521670852145425,post_hoc_final_checkpoint_only
R3,REFUGE,0,48,1,0.49698149070182973,0.4971759390002824,99148,49294,49854,0.8338594683700804,0.16018826002819123,post_hoc_final_checkpoint_only
R3,REFUGE,0,48,2,0.4969763154794546,0.4975873442462741,32744,16293,16451,0.852765058119056,0.13556664290805417,post_hoc_final_checkpoint_only
R3,REFUGE,0,49,0,0.4989882942034696,0.4990022953521487,1266908,632190,634718,0.9906463816245491,0.004521670852145425,post_hoc_final_checkpoint_only
R3,REFUGE,0,49,1,0.49898465868364034,0.49918441994958235,101155,50495,50660,0.8338594683700804,0.16018826002819123,post_hoc_final_checkpoint_only
R3,REFUGE,0,49,2,0.49898403095868843,0.4995493871665465,33288,16629,16659,0.852765058119056,0.13556664290805417,post_hoc_final_checkpoint_only
R3,REFUGE,0,50,0,0.50098644611924,0.5010001065202211,1267365,634950,632415,0.9906463816245491,0.004521670852145425,post_hoc_final_checkpoint_only
R3,REFUGE,0,50,1,0.5009978365900171,0.5012211725334913,96219,48227,47992,0.8338594683700804,0.16018826002819123,post_hoc_final_checkpoint_only
R3,REFUGE,0,50,2,0.5009897436615283,0.5016714202471861,32607,16358,16249,0.852765058119056,0.13556664290805417,post_hoc_final_checkpoint_only
R3,REFUGE,0,51,0,0.5029905904741319,0.5030059787422497,1264480,636041,628439,0.9906463816245491,0.004521670852145425,post_hoc_final_checkpoint_only
R3,REFUGE,0,51,1,0.5029863254597933,0.5031805444764885,97782,49202,48580,0.8338594683700804,0.16018826002819123,post_hoc_final_checkpoint_only
R3,REFUGE,0,51,2,0.5029912047378166,0.5035386015916365,34053,17147,16906,0.852765058119056,0.13556664290805417,post_hoc_final_checkpoint_only
R3,REFUGE,0,52,0,0.5049880035399839,0.505005348655899,1268543,640621,627922,0.9906463816245491,0.004521670852145425,post_hoc_final_checkpoint_only
R3,REFUGE,0,52,1,0.5050012752248559,0.5052163909714784,100836,50944,49892,0.8338594683700804,0.16018826002819123,post_hoc_final_checkpoint_only
R3,REFUGE,0,52,2,0.5050218465609299,0.5056222325798182,34328,17357,16971,0.852765058119056,0.13556664290805417,post_hoc_final_checkpoint_only
R3,REFUGE,0,53,0,0.5069860914880854,0.5070030671060003,1263732,640716,623016,0.9906463816245491,0.004521670852145425,post_hoc_final_checkpoint_only
R3,REFUGE,0,53,1,0.5069835315647302,0.5072182505891439,100994,51226,49768,0.8338594683700804,0.16018826002819123,post_hoc_final_checkpoint_only
R3,REFUGE,0,53,2,0.507001318782057,0.5075628273792008,33982,17248,16734,0.852765058119056,0.13556664290805417,post_hoc_final_checkpoint_only
R3,REFUGE,0,54,0,0.5089895783518924,0.5090055342066452,1265222,644005,621217,0.9906463816245491,0.004521670852145425,post_hoc_final_checkpoint_only
R3,REFUGE,0,54,1,0.508984808754133,0.5091792170932312,100063,50950,49113,0.8338594683700804,0.16018826002819123,post_hoc_final_checkpoint_only
R3,REFUGE,0,54,2,0.5089853381431134,0.5095410628019323,33120,16876,16244,0.852765058119056,0.13556664290805417,post_hoc_final_checkpoint_only
R3,REFUGE,0,55,0,0.5109919058262468,0.5110070467769969,1270368,649167,621201,0.9906463816245491,0.004521670852145425,post_hoc_final_checkpoint_only
R3,REFUGE,0,55,1,0.510976718412502,0.511193070579627,101134,51699,49435,0.8338594683700804,0.16018826002819123,post_hoc_final_checkpoint_only
R3,REFUGE,0,55,2,0.5110207140503823,0.5116128121913363,35435,18129,17306,0.852765058119056,0.13556664290805417,post_hoc_final_checkpoint_only
R3,REFUGE,0,56,0,0.5129888291134103,0.5130053699999368,1267784,650380,617404,0.9906463816245491,0.004521670852145425,post_hoc_final_checkpoint_only
R3,REFUGE,0,56,1,0.5129937595900431,0.5132141082960755,100650,51655,48995,0.8338594683700804,0.16018826002819123,post_hoc_final_checkpoint_only
R3,REFUGE,0,56,2,0.5129894008678738,0.5135654112983151,32288,16582,15706,0.852765058119056,0.13556664290805417,post_hoc_final_checkpoint_only
R3,REFUGE,0,57,0,0.5149890379968006,0.5150037672481063,1264849,651402,613447,0.9906463816245491,0.004521670852145425,post_hoc_final_checkpoint_only
R3,REFUGE,0,57,1,0.5149930049894741,0.515204807653656,99508,51267,48241,0.8338594683700804,0.16018826002819123,post_hoc_final_checkpoint_only
R3,REFUGE,0,57,2,0.5149619289197588,0.515502752825268,34510,17790,16720,0.852765058119056,0.13556664290805417,post_hoc_final_checkpoint_only
R3,REFUGE,0,58,0,0.5169878869856819,0.5170029109122172,1269018,656086,612932,0.9906463816245491,0.004521670852145425,post_hoc_final_checkpoint_only
R3,REFUGE,0,58,1,0.5170082569113784,0.5172365970598725,100948,52214,48734,0.8338594683700804,0.16018826002819123,post_hoc_final_checkpoint_only
R3,REFUGE,0,58,2,0.5170086712645416,0.5177368124202214,33687,17441,16246,0.852765058119056,0.13556664290805417,post_hoc_final_checkpoint_only
R3,REFUGE,0,59,0,0.518989323197415,0.5190043270225002,1266922,657538,609384,0.9906463816245491,0.004521670852145425,post_hoc_final_checkpoint_only
R3,REFUGE,0,59,1,0.51898225227268,0.5191397892664503,99557,51684,47873,0.8338594683700804,0.16018826002819123,post_hoc_final_checkpoint_only
R3,REFUGE,0,59,2,0.5190082626415208,0.5196110115462584,34037,17686,16351,0.852765058119056,0.13556664290805417,post_hoc_final_checkpoint_only
R3,REFUGE,0,60,0,0.5209887980729828,0.5210037951324814,1263724,658405,605319,0.9906463816245491,0.004521670852145425,post_hoc_final_checkpoint_only
R3,REFUGE,0,60,1,0.5209919754191239,0.5212021286048555,101287,52791,48496,0.8338594683700804,0.16018826002819123,post_hoc_final_checkpoint_only
R3,REFUGE,0,60,2,0.5210152449005515,0.5215091979187398,35171,18342,16829,0.852765058119056,0.13556664290805417,post_hoc_final_checkpoint_only
R3,REFUGE,0,61,0,0.5229893430992754,0.5230045489287892,1267771,663050,604721,0.9906463816245491,0.004521670852145425,post_hoc_final_checkpoint_only
R3,REFUGE,0,61,1,0.5229857652864294,0.523178540408427,99014,51802,47212,0.8338594683700804,0.16018826002819123,post_hoc_final_checkpoint_only
R3,REFUGE,0,61,2,0.5230119692013174,0.5236170212765957,32900,17227,15673,0.852765058119056,0.13556664290805417,post_hoc_final_checkpoint_only
R3,REFUGE,0,62,0,0.5249917156629633,0.5250095771652062,1271253,667420,603833,0.9906463816245491,0.004521670852145425,post_hoc_final_checkpoint_only
R3,REFUGE,0,62,1,0.5249841045215641,0.5251666283612962,100073,52555,47518,0.8338594683700804,0.16018826002819123,post_hoc_final_checkpoint_only
R3,REFUGE,0,62,2,0.5249769843807675,0.5256362113290389,34619,18197,16422,0.852765058119056,0.13556664290805417,post_hoc_final_checkpoint_only
R3,REFUGE,0,63,0,0.5269916043564504,0.5270065783225594,1263544,665896,597648,0.9906463816245491,0.004521670852145425,post_hoc_final_checkpoint_only
R3,REFUGE,0,63,1,0.5269967610796246,0.5271855891588167,102867,54230,48637,0.8338594683700804,0.16018826002819123,post_hoc_final_checkpoint_only
R3,REFUGE,0,63,2,0.5269931191037689,0.527603218417807,34054,17967,16087,0.852765058119056,0.13556664290805417,post_hoc_final_checkpoint_only
R3,REFUGE,0,64,0,0.5289914152615063,0.5290105105862474,1268816,671217,597599,0.9906463816245491,0.004521670852145425,post_hoc_final_checkpoint_only
R3,REFUGE,0,64,1,0.52898359322559,0.5292121903488155,101687,53814,47873,0.8338594683700804,0.16018826002819123,post_hoc_final_checkpoint_only
R3,REFUGE,0,64,2,0.5290046201948893,0.5295459864263983,34184,18102,16082,0.852765058119056,0.13556664290805417,post_hoc_final_checkpoint_only
R3,REFUGE,0,65,0,0.5309932205719866,0.5310087620829925,1273898,676451,597447,0.9906463816245491,0.004521670852145425,post_hoc_final_checkpoint_only
R3,REFUGE,0,65,1,0.5309761182807037,0.5311519411429619,103573,55013,48560,0.8338594683700804,0.16018826002819123,post_hoc_final_checkpoint_only
R3,REFUGE,0,65,2,0.5310096039777971,0.5315951008232224,34863,18533,16330,0.852765058119056,0.13556664290805417,post_hoc_final_checkpoint_only
R3,REFUGE,0,66,0,0.5329892022816115,0.533007555899196,1272648,678331,594317,0.9906463816245491,0.004521670852145425,post_hoc_final_checkpoint_only
R3,REFUGE,0,66,1,0.5330094430122009,0.5332199557257276,105253,56123,49130,0.8338594683700804,0.16018826002819123,post_hoc_final_checkpoint_only
R3,REFUGE,0,66,2,0.5330081105035736,0.5335983179239033,34719,18526,16193,0.852765058119056,0.13556664290805417,post_hoc_final_checkpoint_only
R3,REFUGE,0,67,0,0.5349926830414459,0.5350068381347333,1269352,679112,590240,0.9906463816245491,0.004521670852145425,post_hoc_final_checkpoint_only
R3,REFUGE,0,67,1,0.5349744133177009,0.5351460552516094,103454,55363,48091,0.8338594683700804,0.16018826002819123,post_hoc_final_checkpoint_only
R3,REFUGE,0,67,2,0.5350053703939128,0.5355612435650399,34771,18622,16149,0.852765058119056,0.13556664290805417,post_hoc_final_checkpoint_only
R3,REFUGE,0,68,0,0.5369891057308604,0.5370053393564166,1272438,683306,589132,0.9906463816245491,0.004521670852145425,post_hoc_final_checkpoint_only
R3,REFUGE,0,68,1,0.5370141153028437,0.5371843686399003,102691,55164,47527,0.8338594683700804,0.16018826002819123,post_hoc_final_checkpoint_only
R3,REFUGE,0,68,2,0.5370156426144675,0.5375965040058267,34325,18453,15872,0.852765058119056,0.13556664290805417,post_hoc_final_checkpoint_only
R3,REFUGE,0,69,0,0.5389902036159232,0.5390051601667252,1270114,684598,585516,0.9906463816245491,0.004521670852145425,post_hoc_final_checkpoint_only
R3,REFUGE,0,69,1,0.5390378831893599,0.5392254408657172,105531,56905,48626,0.8338594683700804,0.16018826002819123,post_hoc_final_checkpoint_only
R3,REFUGE,0,69,2,0.5390181192885093,0.5395792852918814,35511,19161,16350,0.852765058119056,0.13556664290805417,post_hoc_final_checkpoint_only
R3,REFUGE,0,70,0,0.5409907580407078,0.5410080644843327,1268153,686081,582072,0.9906463816245491,0.004521670852145425,post_hoc_final_checkpoint_only
R3,REFUGE,0,70,1,0.5410065051580455,0.5411727652751532,104778,56703,48075,0.8338594683700804,0.16018826002819123,post_hoc_final_checkpoint_only
R3,REFUGE,0,70,2,0.5409907359830787,0.541544200768709,35384,19162,16222,0.852765058119056,0.13556664290805417,post_hoc_final_checkpoint_only
R3,REFUGE,0,71,0,0.542993580139055,0.5430100112210932,1276168,692972,583196,0.9906463816245491,0.004521670852145425,post_hoc_final_checkpoint_only
R3,REFUGE,0,71,1,0.5429896855587447,0.5431738566173242,102481,55665,46816,0.8338594683700804,0.16018826002819123,post_hoc_final_checkpoint_only
R3,REFUGE,0,71,2,0.5430180085621154,0.5435982177107616,33889,18422,15467,0.852765058119056,0.13556664290805417,post_hoc_final_checkpoint_only
R3,REFUGE,0,72,0,0.5449926540505483,0.5450096330928403,1271139,692783,578356,0.9906463816245491,0.004521670852145425,post_hoc_final_checkpoint_only
R3,REFUGE,0,72,1,0.5449939625794151,0.5451813360995046,103151,56236,46915,0.8338594683700804,0.16018826002819123,post_hoc_final_checkpoint_only
R3,REFUGE,0,72,2,0.5449969598109915,0.5456762812331604,35259,19240,16019,0.852765058119056,0.13556664290805417,post_hoc_final_checkpoint_only
R3,REFUGE,0,73,0,0.546993733351412,0.5470098573367108,1271946,695767,576179,0.9906463816245491,0.004521670852145425,post_hoc_final_checkpoint_only
R3,REFUGE,0,73,1,0.54698997120309,0.5471868717475159,103959,56885,47074,0.8338594683700804,0.16018826002819123,post_hoc_final_checkpoint_only
R3,REFUGE,0,73,2,0.546980465797898,0.5475204130643612,33312,18239,15073,0.852765058119056,0.13556664290805417,post_hoc_final_checkpoint_only
R3,REFUGE,0,74,0,0.5489946677260829,0.5490116600176832,1265607,694833,570774,0.9906463816245491,0.004521670852145425,post_hoc_final_checkpoint_only
R3,REFUGE,0,74,1,0.5489711360118845,0.5491803278688525,104310,57285,47025,0.8338594683700804,0.16018826002819123,post_hoc_final_checkpoint_only
R3,REFUGE,0,74,2,0.5490093053357656,0.5496189598861067,35823,19689,16134,0.852765058119056,0.13556664290805417,post_hoc_final_checkpoint_only
R3,REFUGE,0,75,0,0.550995096578197,0.5510108401148288,1264839,696940,567899,0.9906463816245491,0.004521670852145425,post_hoc_final_checkpoint_only
R3,REFUGE,0,75,1,0.5509953478587398,0.5511898066442992,103126,56842,46284,0.8338594683700804,0.16018826002819123,post_hoc_final_checkpoint_only
R3,REFUGE,0,75,2,0.5509742658029633,0.5515687140963323,33945,18723,15222,0.852765058119056,0.13556664290805417,post_hoc_final_checkpoint_only
R3,REFUGE,0,76,0,0.5529916837377098,0.5530071003163383,1272056,703456,568600,0.9906463816245491,0.004521670852145425,post_hoc_final_checkpoint_only
R3,REFUGE,0,76,1,0.5530034287112462,0.5532003486007553,103270,57129,46141,0.8338594683700804,0.16018826002819123,post_hoc_final_checkpoint_only
R3,REFUGE,0,76,2,0.5529794661770215,0.5534760122296197,34997,19370,15627,0.852765058119056,0.13556664290805417,post_hoc_final_checkpoint_only
R3,REFUGE,0,77,0,0.5549930741512342,0.5550092519164684,1267305,703366,563939,0.9906463816245491,0.004521670852145425,post_hoc_final_checkpoint_only
R3,REFUGE,0,77,1,0.5549930713058989,0.5551878807586003,104561,58051,46510,0.8338594683700804,0.16018826002819123,post_hoc_final_checkpoint_only
R3,REFUGE,0,77,2,0.5550102076746828,0.5556297156123041,34460,19147,15313,0.852765058119056,0.13556664290805417,post_hoc_final_checkpoint_only
R3,REFUGE,0,78,0,0.5569941374800352,0.5570099393078167,1272322,708696,563626,0.9906463816245491,0.004521670852145425,post_hoc_final_checkpoint_only
R3,REFUGE,0,78,1,0.5570044402076126,0.5572039345261334,105019,58517,46502,0.8338594683700804,0.16018826002819123,post_hoc_final_checkpoint_only
R3,REFUGE,0,78,2,0.5569930144232378,0.5576432579493283,35286,19677,15609,0.852765058119056,0.13556664290805417,post_hoc_final_checkpoint_only
R3,REFUGE,0,79,0,0.5589933765784112,0.5590100531663117,1273927,712138,561789,0.9906463816245491,0.004521670852145425,post_hoc_final_checkpoint_only
R3,REFUGE,0,79,1,0.5590170971167125,0.5591945917027382,102805,57488,45317,0.8338594683700804,0.16018826002819123,post_hoc_final_checkpoint_only
R3,REFUGE,0,79,2,0.5589846092190621,0.559540970632296,35379,19796,15583,0.852765058119056,0.13556664290805417,post_hoc_final_checkpoint_only
R3,REFUGE,0,80,0,0.560996986795858,0.5610115000353726,1272170,713702,558468,0.9906463816245491,0.004521670852145425,post_hoc_final_checkpoint_only
R3,REFUGE,0,80,1,0.5609832220870344,0.5611602724853236,104079,58405,45674,0.8338594683700804,0.16018826002819123,post_hoc_final_checkpoint_only
R3,REFUGE,0,80,2,0.5609974006393027,0.5615564291004387,35106,19714,15392,0.852765058119056,0.13556664290805417,post_hoc_final_checkpoint_only
R3,REFUGE,0,81,0,0.5629969510592808,0.5630144279317976,1273502,717000,556502,0.9906463816245491,0.004521670852145425,post_hoc_final_checkpoint_only
R3,REFUGE,0,81,1,0.563000762857855,0.5632188292738751,104858,59058,45800,0.8338594683700804,0.16018826002819123,post_hoc_final_checkpoint_only
R3,REFUGE,0,81,2,0.5630138642284571,0.5635918642923453,35547,20034,15513,0.852765058119056,0.13556664290805417,post_hoc_final_checkpoint_only
R3,REFUGE,0,82,0,0.56499480870969,0.5650117124397362,1270871,718057,552814,0.9906463816245491,0.004521670852145425,post_hoc_final_checkpoint_only
R3,REFUGE,0,82,1,0.5649896291249259,0.5652052067529305,103481,58488,44993,0.8338594683700804,0.16018826002819123,post_hoc_final_checkpoint_only
R3,REFUGE,0,82,2,0.564997661661354,0.5655624665784807,35531,20095,15436,0.852765058119056,0.13556664290805417,post_hoc_final_checkpoint_only
R3,REFUGE,0,83,0,0.5669947235866636,0.5670091032755825,1265149,717351,547798,0.9906463816245491,0.004521670852145425,post_hoc_final_checkpoint_only
R3,REFUGE,0,83,1,0.5669873021707137,0.5671608591793116,103401,58645,44756,0.8338594683700804,0.16018826002819123,post_hoc_final_checkpoint_only
R3,REFUGE,0,83,2,0.567004369272384,0.5675069550899904,35226,19991,15235,0.852765058119056,0.13556664290805417,post_hoc_final_checkpoint_only
R3,REFUGE,0,84,0,0.5689957854861274,0.5690119642491211,1268780,721951,546829,0.9906463816245491,0.004521670852145425,post_hoc_final_checkpoint_only
R3,REFUGE,0,84,1,0.5690221174451844,0.5692144745024875,102912,58579,44333,0.8338594683700804,0.16018826002819123,post_hoc_final_checkpoint_only
R3,REFUGE,0,84,2,0.5689696445818605,0.5696409608816692,34843,19848,14995,0.852765058119056,0.13556664290805417,post_hoc_final_checkpoint_only
R3,REFUGE,0,85,0,0.5709960969090443,0.5710132394100443,1271960,726306,545654,0.9906463816245491,0.004521670852145425,post_hoc_final_checkpoint_only
R3,REFUGE,0,85,1,0.5709781600732501,0.5711669383449995,104290,59567,44723,0.8338594683700804,0.16018826002819123,post_hoc_final_checkpoint_only
R3,REFUGE,0,85,2,0.571001534961756,0.5715831743229004,35113,20070,15043,0.852765058119056,0.13556664290805417,post_hoc_final_checkpoint_only
R3,REFUGE,0,86,0,0.5730010230809256,0.5730180653437373,1270665,728114,542551,0.9906463816245491,0.004521670852145425,post_hoc_final_checkpoint_only
R3,REFUGE,0,86,1,0.5729852377183462,0.5731945034160651,103628,59399,44229,0.8338594683700804,0.16018826002819123,post_hoc_final_checkpoint_only
R3,REFUGE,0,86,2,0.5729432821248425,0.5736192847442282,35344,20274,15070,0.852765058119056,0.13556664290805417,post_hoc_final_checkpoint_only
R3,REFUGE,0,87,0,0.5749979240284768,0.5750145367847627,1269194,729805,539389,0.9906463816245491,0.004521670852145425,post_hoc_final_checkpoint_only
R3,REFUGE,0,87,1,0.5749952577307824,0.575211121465697,104087,59872,44215,0.8338594683700804,0.16018826002819123,post_hoc_final_checkpoint_only
R3,REFUGE,0,87,2,0.574999792319373,0.5755183170913508,36223,20847,15376,0.852765058119056,0.13556664290805417,post_hoc_final_checkpoint_only
R3,REFUGE,0,88,0,0.5769934574615532,0.577010701158919,1272479,734234,538245,0.9906463816245491,0.004521670852145425,post_hoc_final_checkpoint_only
R3,REFUGE,0,88,1,0.5770241850532273,0.577230982174588,106926,61721,45205,0.8338594683700804,0.16018826002819123,post_hoc_final_checkpoint_only
R3,REFUGE,0,88,2,0.5770060124345538,0.5775675142913463,35511,20510,15001,0.852765058119056,0.13556664290805417,post_hoc_final_checkpoint_only
R3,REFUGE,0,89,0,0.5789969939235717,0.5790137919849342,1270158,735439,534719,0.9906463816245491,0.004521670852145425,post_hoc_final_checkpoint_only
R3,REFUGE,0,89,1,0.5790036765170984,0.5791791986028912,103070,59696,43374,0.8338594683700804,0.16018826002819123,post_hoc_final_checkpoint_only
R3,REFUGE,0,89,2,0.5790009064510051,0.5795277376194121,35277,20444,14833,0.852765058119056,0.13556664290805417,post_hoc_final_checkpoint_only
R3,REFUGE,0,90,0,0.5809967868643695,0.5810120957168003,1273674,740020,533654,0.9906463816245491,0.004521670852145425,post_hoc_final_checkpoint_only
R3,REFUGE,0,90,1,0.5810004456976614,0.5812128237775793,105242,61168,44074,0.8338594683700804,0.16018826002819123,post_hoc_final_checkpoint_only
R3,REFUGE,0,90,2,0.5810033169699319,0.5815126050420169,36295,21106,15189,0.852765058119056,0.13556664290805417,post_hoc_final_checkpoint_only
R3,REFUGE,0,91,0,0.5829957720708377,0.5830103318426381,1268312,739439,528873,0.9906463816245491,0.004521670852145425,post_hoc_final_checkpoint_only
R3,REFUGE,0,91,1,0.5829962353604903,0.5831814292623042,107524,62706,44818,0.8338594683700804,0.16018826002819123,post_hoc_final_checkpoint_only
R3,REFUGE,0,91,2,0.583014270113801,0.5835668369869788,36402,21243,15159,0.852765058119056,0.13556664290805417,post_hoc_final_checkpoint_only
R3,REFUGE,0,92,0,0.584996750813787,0.5850118369370579,1272711,744551,528160,0.9906463816245491,0.004521670852145425,post_hoc_final_checkpoint_only
R3,REFUGE,0,92,1,0.5850262963545895,0.5852169468423444,105648,61827,43821,0.8338594683700804,0.16018826002819123,post_hoc_final_checkpoint_only
R3,REFUGE,0,92,2,0.584990236858324,0.5856278450094371,36028,21099,14929,0.852765058119056,0.13556664290805417,post_hoc_final_checkpoint_only
R3,REFUGE,0,93,0,0.5869978295691215,0.5870131014536539,1271004,746096,524908,0.9906463816245491,0.004521670852145425,post_hoc_final_checkpoint_only
R3,REFUGE,0,93,1,0.587003496813074,0.5871988051461899,105787,62118,43669,0.8338594683700804,0.16018826002819123,post_hoc_final_checkpoint_only
R3,REFUGE,0,93,2,0.5869967153280998,0.5875590113857262,36010,21158,14852,0.852765058119056,0.13556664290805417,post_hoc_final_checkpoint_only
R3,REFUGE,0,94,0,0.5889989717270165,0.5890180794358293,1273657,750207,523450,0.9906463816245491,0.004521670852145425,post_hoc_final_checkpoint_only
R3,REFUGE,0,94,1,0.5889863524709008,0.5891911184581282,106468,62730,43738,0.8338594683700804,0.16018826002819123,post_hoc_final_checkpoint_only
R3,REFUGE,0,94,2,0.5889854624831659,0.5895599890680514,36590,21572,15018,0.852765058119056,0.13556664290805417,post_hoc_final_checkpoint_only
R3,REFUGE,0,95,0,0.5909976188760984,0.5910137380412456,1273544,752682,520862,0.9906463816245491,0.004521670852145425,post_hoc_final_checkpoint_only
R3,REFUGE,0,95,1,0.5909986326001923,0.5911704273407604,106098,62722,43376,0.8338594683700804,0.16018826002819123,post_hoc_final_checkpoint_only
R3,REFUGE,0,95,2,0.5910092318725327,0.5915720779764063,35857,21212,14645,0.852765058119056,0.13556664290805417,post_hoc_final_checkpoint_only
R3,REFUGE,0,96,0,0.5929999959253247,0.5930148633615705,1274678,755903,518775,0.9906463816245491,0.004521670852145425,post_hoc_final_checkpoint_only
R3,REFUGE,0,96,1,0.5929971957104391,0.5931846192926832,106289,63049,43240,0.8338594683700804,0.16018826002819123,post_hoc_final_checkpoint_only
R3,REFUGE,0,96,2,0.5929887729985781,0.5935476791396905,36452,21636,14816,0.852765058119056,0.13556664290805417,post_hoc_final_checkpoint_only
R3,REFUGE,0,97,0,0.5950013920889696,0.5950159360890944,1272897,757394,515503,0.9906463816245491,0.004521670852145425,post_hoc_final_checkpoint_only
R3,REFUGE,0,97,1,0.5949783426236035,0.5951631527974373,107384,63911,43473,0.8338594683700804,0.16018826002819123,post_hoc_final_checkpoint_only
R3,REFUGE,0,97,2,0.5949986123668386,0.5955588616139075,36297,21617,14680,0.852765058119056,0.13556664290805417,post_hoc_final_checkpoint_only
R3,REFUGE,0,98,0,0.5970007369837569,0.5970150307463129,1274787,761067,513720,0.9906463816245491,0.004521670852145425,post_hoc_final_checkpoint_only
R3,REFUGE,0,98,1,0.5969912913655436,0.597206735584828,105826,63200,42626,0.8338594683700804,0.16018826002819123,post_hoc_final_checkpoint_only
R3,REFUGE,0,98,2,0.5969984866956768,0.5975448640317076,36332,21710,14622,0.852765058119056,0.13556664290805417,post_hoc_final_checkpoint_only
R3,REFUGE,0,99,0,0.599001518752855,0.5990183040963692,1273103,762612,510491,0.9906463816245491,0.004521670852145425,post_hoc_final_checkpoint_only
R3,REFUGE,0,99,1,0.5989814428587793,0.5991524722623107,108787,65180,43607,0.8338594683700804,0.16018826002819123,post_hoc_final_checkpoint_only
R3,REFUGE,0,99,2,0.599013479917766,0.59962256926401,36563,21924,14639,0.852765058119056,0.13556664290805417,post_hoc_final_checkpoint_only
R3,REFUGE,0,100,0,0.6009991840011889,0.6010134575804916,1274449,765961,508488,0.9906463816245491,0.004521670852145425,post_hoc_final_checkpoint_only
R3,REFUGE,0,100,1,0.6010115897735382,0.6011965920766692,109979,66119,43860,0.8338594683700804,0.16018826002819123,post_hoc_final_checkpoint_only
R3,REFUGE,0,100,2,0.6010103900174524,0.6014651038891848,37540,22579,14961,0.852765058119056,0.13556664290805417,post_hoc_final_checkpoint_only
R3,REFUGE,0,101,0,0.602998379666514,0.6030128265733825,1269240,765368,503872,0.9906463816245491,0.004521670852145425,post_hoc_final_checkpoint_only
R3,REFUGE,0,101,1,0.6029953656697663,0.603181991677295,107417,64792,42625,0.8338594683700804,0.16018826002819123,post_hoc_final_checkpoint_only
R3,REFUGE,0,101,2,0.6029933333063904,0.6034830825549783,37151,22420,14731,0.852765058119056,0.13556664290805417,post_hoc_final_checkpoint_only
R3,REFUGE,0,102,0,0.6050008965699755,0.605015271843537,1270639,768756,501883,0.9906463816245491,0.004521670852145425,post_hoc_final_checkpoint_only
R3,REFUGE,0,102,1,0.6050010073075555,0.6051818985092778,105251,63696,41555,0.8338594683700804,0.16018826002819123,post_hoc_final_checkpoint_only
R3,REFUGE,0,102,2,0.6049734961473305,0.6055297243440717,36132,21879,14253,0.852765058119056,0.13556664290805417,post_hoc_final_checkpoint_only
R3,REFUGE,0,103,0,0.6070019160316807,0.6070163236371333,1270979,771505,499474,0.9906463816245491,0.004521670852145425,post_hoc_final_checkpoint_only
R3,REFUGE,0,103,1,0.6069905403808653,0.607180310228796,109661,66584,43077,0.8338594683700804,0.16018826002819123,post_hoc_final_checkpoint_only
R3,REFUGE,0,103,2,0.6070029297894676,0.6075184301821336,36896,22415,14481,0.852765058119056,0.13556664290805417,post_hoc_final_checkpoint_only
R3,REFUGE,0,104,0,0.6089999146305162,0.6090152212145679,1278216,778453,499763,0.9906463816245491,0.004521670852145425,post_hoc_final_checkpoint_only
R3,REFUGE,0,104,1,0.6090098146877627,0.6091818496579733,106863,65099,41764,0.8338594683700804,0.16018826002819123,post_hoc_final_checkpoint_only
R3,REFUGE,0,104,2,0.6089865644342733,0.609558352890975,37496,22856,14640,0.852765058119056,0.13556664290805417,post_hoc_final_checkpoint_only
R3,REFUGE,0,105,0,0.6110017974882901,0.6110158857797622,1275921,779608,496313,0.9906463816245491,0.004521670852145425,post_hoc_final_checkpoint_only
R3,REFUGE,0,105,1,0.6110022666459017,0.6111669084551575,107532,65720,41812,0.8338594683700804,0.16018826002819123,post_hoc_final_checkpoint_only
R3,REFUGE,0,105,2,0.610994378779231,0.611534100113397,37038,22650,14388,0.852765058119056,0.13556664290805417,post_hoc_final_checkpoint_only
R3,REFUGE,0,106,0,0.6130015946366696,0.6130157178269456,1270341,778739,491602,0.9906463816245491,0.004521670852145425,post_hoc_final_checkpoint_only
R3,REFUGE,0,106,1,0.6129873862280274,0.6131542832932682,108573,66572,42001,0.8338594683700804,0.16018826002819123,post_hoc_final_checkpoint_only
R3,REFUGE,0,106,2,0.6130004051399575,0.6134680318048142,36724,22529,14195,0.852765058119056,0.13556664290805417,post_hoc_final_checkpoint_only
R3,REFUGE,0,107,0,0.61500429193697,0.6150210720701006,1270402,781324,489078,0.9906463816245491,0.004521670852145425,post_hoc_final_checkpoint_only
R3,REFUGE,0,107,1,0.6149952635861756,0.6151726045075356,108485,66737,41748,0.8338594683700804,0.16018826002819123,post_hoc_final_checkpoint_only
R3,REFUGE,0,107,2,0.6149860155002063,0.615423548215237,37540,23103,14437,0.852765058119056,0.13556664290805417,post_hoc_final_checkpoint_only
R3,REFUGE,0,108,0,0.6170051984511323,0.6170219108426155,1274757,786553,488204,0.9906463816245491,0.004521670852145425,post_hoc_final_checkpoint_only
R3,REFUGE,0,108,1,0.6169792759916133,0.617146056278566,108958,67243,41715,0.8338594683700804,0.16018826002819123,post_hoc_final_checkpoint_only
R3,REFUGE,0,108,2,0.6169802504881208,0.6175766683363945,35934,22192,13742,0.852765058119056,0.13556664290805417,post_hoc_final_checkpoint_only
R3,REFUGE,0,109,0,0.6190014222523939,0.6190156285642839,1275677,789664,486013,0.9906463816245491,0.004521670852145425,post_hoc_final_checkpoint_only
R3,REFUGE,0,109,1,0.6189989291426863,0.6191648911148621,108417,67128,41289,0.8338594683700804,0.16018826002819123,post_hoc_final_checkpoint_only
R3,REFUGE,0,109,2,0.619007417624936,0.6196117416397426,36213,22438,13775,0.852765058119056,0.13556664290805417,post_hoc_final_checkpoint_only
R3,REFUGE,0,110,0,0.6210016590571351,0.6210180796470306,1275578,792157,483421,0.9906463816245491,0.004521670852145425,post_hoc_final_checkpoint_only
R3,REFUGE,0,110,1,0.6209922000918018,0.6211873840445269,107800,66964,40836,0.8338594683700804,0.16018826002819123,post_hoc_final_checkpoint_only
R3,REFUGE,0,110,2,0.621008880306359,0.6215120182623876,37235,23142,14093,0.852765058119056,0.13556664290805417,post_hoc_final_checkpoint_only
R3,REFUGE,0,111,0,0.6230032115877725,0.6230188985063894,1270947,791824,479123,0.9906463816245491,0.004521670852145425,post_hoc_final_checkpoint_only
R3,REFUGE,0,111,1,0.6230106174580028,0.6231707317073171,108240,67452,40788,0.8338594683700804,0.16018826002819123,post_hoc_final_checkpoint_only
R3,REFUGE,0,111,2,0.6229832457716079,0.6234833029099108,37252,23226,14026,0.852765058119056,0.13556664290805417,post_hoc_final_checkpoint_only
R3,REFUGE,0,112,0,0.6250037077906498,0.6250201911058767,1275314,797097,478217,0.9906463816245491,0.004521670852145425,post_hoc_final_checkpoint_only
R3,REFUGE,0,112,1,0.6249915970922861,0.6252115787359784,104571,65379,39192,0.8338594683700804,0.16018826002819123,post_hoc_final_checkpoint_only
R3,REFUGE,0,112,2,0.6249924971089064,0.6255003015516202,36478,22817,13661,0.852765058119056,0.13556664290805417,post_hoc_final_checkpoint_only
R3,REFUGE,0,113,0,0.6270032624275838,0.6270172515200797,1273453,798477,474976,0.9906463816245491,0.004521670852145425,post_hoc_final_checkpoint_only
R3,REFUGE,0,113,1,0.6269997387438989,0.6271884468150728,110238,69140,41098,0.8338594683700804,0.16018826002819123,post_hoc_final_checkpoint_only
R3,REFUGE,0,113,2,0.6270005596861954,0.6275902083218213,36194,22715,13479,0.852765058119056,0.13556664290805417,post_hoc_final_checkpoint_only
R3,REFUGE,0,114,0,0.6290024261956447,0.6290165484819112,1274135,801452,472683,0.9906463816245491,0.004521670852145425,post_hoc_final_checkpoint_only
R3,REFUGE,0,114,1,0.6290073598707505,0.6292231146227382,107326,67532,39794,0.8338594683700804,0.16018826002819123,post_hoc_final_checkpoint_only
R3,REFUGE,0,114,2,0.628993629986583,0.6295220420129644,37179,23405,13774,0.852765058119056,0.13556664290805417,post_hoc_final_checkpoint_only
R3,REFUGE,0,115,0,0.6310056692537037,0.6310214624678979,1276787,805680,471107,0.9906463816245491,0.004521670852145425,post_hoc_final_checkpoint_only
R3,REFUGE,0,115,1,0.6309951321942142,0.6311761815501647,109898,69365,40533,0.8338594683700804,0.16018826002819123,post_hoc_final_checkpoint_only
R3,REFUGE,0,115,2,0.6310096002498642,0.6315484499697105,37967,23978,13989,0.852765058119056,0.13556664290805417,post_hoc_final_checkpoint_only
R3,REFUGE,0,116,0,0.6330026218886762,0.6330181189325158,1272150,805294,466856,0.9906463816245491,0.004521670852145425,post_hoc_final_checkpoint_only
R3,REFUGE,0,116,1,0.6330213096123992,0.6331858286461978,110053,69684,40369,0.8338594683700804,0.16018826002819123,post_hoc_final_checkpoint_only
R3,REFUGE,0,116,2,0.6330052001180999,0.6336170212765957,37600,23824,13776,0.852765058119056,0.13556664290805417,post_hoc_final_checkpoint_only
R3,REFUGE,0,117,0,0.6350040094442235,0.6350201996225644,1276509,810609,465900,0.9906463816245491,0.004521670852145425,post_hoc_final_checkpoint_only
R3,REFUGE,0,117,1,0.6349899738507166,0.6351579389041421,109631,69633,39998,0.8338594683700804,0.16018826002819123,post_hoc_final_checkpoint_only
R3,REFUGE,0,117,2,0.6350068521930128,0.6355152646313825,37505,23835,13670,0.852765058119056,0.13556664290805417,post_hoc_final_checkpoint_only
R3,REFUGE,0,118,0,0.6370054528626896,0.6370208146386461,1274872,812120,462752,0.9906463816245491,0.004521670852145425,post_hoc_final_checkpoint_only
R3,REFUGE,0,118,1,0.6370064065194605,0.6371984449934602,110096,70153,39943,0.8338594683700804,0.16018826002819123,post_hoc_final_checkpoint_only
R3,REFUGE,0,118,2,0.6370330978523449,0.6375790760725107,37622,23987,13635,0.852765058119056,0.13556664290805417,post_hoc_final_checkpoint_only
R3,REFUGE,0,119,0,0.6390057631671325,0.6390212896188585,1274330,814324,460006,0.9906463816245491,0.004521670852145425,post_hoc_final_checkpoint_only
R3,REFUGE,0,119,1,0.638995513177772,0.6391909250447777,110546,70660,39886,0.8338594683700804,0.16018826002819123,post_hoc_final_checkpoint_only
R3,REFUGE,0,119,2,0.6389989640790672,0.6395299820845189,37956,24274,13682,0.852765058119056,0.13556664290805417,post_hoc_final_checkpoint_only
R3,REFUGE,0,120,0,0.6410038722196938,0.6410188259957742,1271699,815183,456516,0.9906463816245491,0.004521670852145425,post_hoc_final_checkpoint_only
R3,REFUGE,0,120,1,0.6410083623651117,0.6411838813927587,109538,70234,39304,0.8338594683700804,0.16018826002819123,post_hoc_final_checkpoint_only
R3,REFUGE,0,120,2,0.6410046470163042,0.64159645942199,37508,24065,13443,0.852765058119056,0.13556664290805417,post_hoc_final_checkpoint_only
R3,REFUGE,0,121,0,0.6430055447504226,0.6430206165177016,1274124,819288,454836,0.9906463816245491,0.004521670852145425,post_hoc_final_checkpoint_only
R3,REFUGE,0,121,1,0.6430093671672298,0.6431960319171879,111288,71580,39708,0.8338594683700804,0.16018826002819123,post_hoc_final_checkpoint_only
R3,REFUGE,0,121,2,0.6430290453673253,0.6436145084247546,38102,24523,13579,0.852765058119056,0.13556664290805417,post_hoc_final_checkpoint_only
R3,REFUGE,0,122,0,0.6450064510004531,0.6450224506815301,1273458,821409,452049,0.9906463816245491,0.004521670852145425,post_hoc_final_checkpoint_only
R3,REFUGE,0,122,1,0.6450039052256726,0.6452071928361672,110332,71187,39145,0.8338594683700804,0.16018826002819123,post_hoc_final_checkpoint_only
R3,REFUGE,0,122,2,0.6449968704452727,0.6454013108413023,37228,24027,13201,0.852765058119056,0.13556664290805417,post_hoc_final_checkpoint_only
R3,REFUGE,0,123,0,0.6470069739329499,0.647024703286629,1274041,824336,449705,0.9906463816245491,0.004521670852145425,post_hoc_final_checkpoint_only
R3,REFUGE,0,123,1,0.6469911733204358,0.6471897607122983,111414,72106,39308,0.8338594683700804,0.16018826002819123,post_hoc_final_checkpoint_only
R3,REFUGE,0,123,2,0.6470146901702998,0.6475448290241869,38368,24845,13523,0.852765058119056,0.13556664290805417,post_hoc_final_checkpoint_only
R3,REFUGE,0,124,0,0.649004245761828,0.6490197261076598,1276633,828560,448073,0.9906463816245491,0.004521670852145425,post_hoc_final_checkpoint_only
R3,REFUGE,0,124,1,0.649019148413872,0.6492245278954548,111416,72334,39082,0.8338594683700804,0.16018826002819123,post_hoc_final_checkpoint_only
R3,REFUGE,0,124,2,0.649013674043285,0.6495541094239575,37341,24255,13086,0.852765058119056,0.13556664290805417,post_hoc_final_checkpoint_only
R3,REFUGE,0,125,0,0.6510048997934476,0.6510202238011634,1273005,828752,444253,0.9906463816245491,0.004521670852145425,post_hoc_final_checkpoint_only
R3,REFUGE,0,125,1,0.6510112952750852,0.651193429098409,110061,71671,38390,0.8338594683700804,0.16018826002819123,post_hoc_final_checkpoint_only
R3,REFUGE,0,125,2,0.6510132723974792,0.6514461306234669,37099,24168,12931,0.852765058119056,0.13556664290805417,post_hoc_final_checkpoint_only
R3,REFUGE,0,126,0,0.6530050064390601,0.6530210951518985,1273942,831911,442031,0.9906463816245491,0.004521670852145425,post_hoc_final_checkpoint_only
R3,REFUGE,0,126,1,0.6530083012033361,0.6531767343875734,110601,72242,38359,0.8338594683700804,0.16018826002819123,post_hoc_final_checkpoint_only
R3,REFUGE,0,126,2,0.6530249223897475,0.6536069306380852,36014,23539,12475,0.852765058119056,0.13556664290805417,post_hoc_final_checkpoint_only
R3,REFUGE,0,127,0,0.655007001345288,0.655023993408888,1272016,833201,438815,0.9906463816245491,0.004521670852145425,post_hoc_final_checkpoint_only
R3,REFUGE,0,127,1,0.6550021032076011,0.6551895621038545,110597,72462,38135,0.8338594683700804,0.16018826002819123,post_hoc_final_checkpoint_only
R3,REFUGE,0,127,2,0.6550016790835834,0.655517578125,36864,24165,12699,0.852765058119056,0.13556664290805417,post_hoc_final_checkpoint_only
R3,REFUGE,0,128,0,0.6570067139294888,0.6570205839561005,1279103,840397,438706,0.9906463816245491,0.004521670852145425,post_hoc_final_checkpoint_only
R3,REFUGE,0,128,1,0.657004327586938,0.657179842145952,111242,73106,38136,0.8338594683700804,0.16018826002819123,post_hoc_final_checkpoint_only
R3,REFUGE,0,128,2,0.6570134015914801,0.6575506298835911,37626,24741,12885,0.852765058119056,0.13556664290805417,post_hoc_final_checkpoint_only
R3,REFUGE,0,129,0,0.6590086472726763,0.6590241829105128,1272841,838833,434008,0.9906463816245491,0.004521670852145425,post_hoc_final_checkpoint_only
R3,REFUGE,0,129,1,0.6590163673857325,0.6592049609290989,111592,73562,38030,0.8338594683700804,0.16018826002819123,post_hoc_final_checkpoint_only
R3,REFUGE,0,129,2,0.6589869595142048,0.6594966268811624,38540,25417,13123,0.852765058119056,0.13556664290805417,post_hoc_final_checkpoint_only
R3,REFUGE,0,130,0,0.6610067884991271,0.6610227116052292,1276528,843814,432714,0.9906463816245491,0.004521670852145425,post_hoc_final_checkpoint_only
R3,REFUGE,0,130,1,0.6610243127944092,0.6612101750861079,111488,73717,37771,0.8338594683700804,0.16018826002819123,post_hoc_final_checkpoint_only
R3,REFUGE,0,130,2,0.6609762722527122,0.6614076041750516,37269,24650,12619,0.852765058119056,0.13556664290805417,post_hoc_final_checkpoint_only
R3,REFUGE,0,131,0,0.6630094272224181,0.6630236251347907,1275125,845438,429687,0.9906463816245491,0.004521670852145425,post_hoc_final_checkpoint_only
R3,REFUGE,0,131,1,0.6630042207475688,0.663160469667319,110376,73197,37179,0.8338594683700804,0.16018826002819123,post_hoc_final_checkpoint_only
R3,REFUGE,0,131,2,0.6630078611105389,0.6635390189822076,36982,24539,12443,0.852765058119056,0.13556664290805417,post_hoc_final_checkpoint_only
R3,REFUGE,0,132,0,0.6650070123277378,0.6650253975506933,1278076,849953,428123,0.9906463816245491,0.004521670852145425,post_hoc_final_checkpoint_only
R3,REFUGE,0,132,1,0.6650122361797421,0.6652077601915038,111956,74474,37482,0.8338594683700804,0.16018826002819123,post_hoc_final_checkpoint_only
R3,REFUGE,0,132,2,0.6650123897203374,0.6655190401669275,38340,25516,12824,0.852765058119056,0.13556664290805417,post_hoc_final_checkpoint_only
R3,REFUGE,0,133,0,0.6670072393799787,0.6670203663575912,1275093,850513,424580,0.9906463816245491,0.004521670852145425,post_hoc_final_checkpoint_only
R3,REFUGE,0,133,1,0.6670003217014647,0.6671757477312052,113276,75575,37701,0.8338594683700804,0.16018826002819123,post_hoc_final_checkpoint_only
R3,REFUGE,0,133,2,0.667035653845701,0.6675370795905577,38296,25564,12732,0.852765058119056,0.13556664290805417,post_hoc_final_checkpoint_only
R3,REFUGE,0,134,0,0.6690068869960962,0.6690211748666066,1273302,851866,421436,0.9906463816245491,0.004521670852145425,post_hoc_final_checkpoint_only
R3,REFUGE,0,134,1,0.6690106319180799,0.6691974066621954,111825,74833,36992,0.8338594683700804,0.16018826002819123,post_hoc_final_checkpoint_only
R3,REFUGE,0,134,2,0.6690182536257895,0.6694354838709677,37200,24903,12297,0.852765058119056,0.13556664290805417,post_hoc_final_checkpoint_only
R3,REFUGE,0,135,0,0.6710069024309405,0.671022133185031,1274873,855468,419405,0.9906463816245491,0.004521670852145425,post_hoc_final_checkpoint_only
R3,REFUGE,0,135,1,0.6710268357488473,0.6712170993893075,112004,75179,36825,0.8338594683700804,0.16018826002819123,post_hoc_final_checkpoint_only
R3,REFUGE,0,135,2,0.6709834940215109,0.6714688461836898,38663,25961,12702,0.852765058119056,0.13556664290805417,post_hoc_final_checkpoint_only
R3,REFUGE,0,136,0,0.6730064999932202,0.6730231205696053,1272460,856395,416065,0.9906463816245491,0.004521670852145425,post_hoc_final_checkpoint_only
R3,REFUGE,0,136,1,0.6730221068856332,0.6731943283072137,111219,74872,36347,0.8338594683700804,0.16018826002819123,post_hoc_final_checkpoint_only
R3,REFUGE,0,136,2,0.6730154668578006,0.6735792942689495,37323,25140,12183,0.852765058119056,0.13556664290805417,post_hoc_final_checkpoint_only
R3,REFUGE,0,137,0,0.6750093699496383,0.675024945300902,1273787,859838,413949,0.9906463816245491,0.004521670852145425,post_hoc_final_checkpoint_only
R3,REFUGE,0,137,1,0.67502221794228,0.6752354471253027,111490,75282,36208,0.8338594683700804,0.16018826002819123,post_hoc_final_checkpoint_only
R3,REFUGE,0,137,2,0.6750200471110411,0.6755964949324325,37888,25597,12291,0.852765058119056,0.13556664290805417,post_hoc_final_checkpoint_only
R3,REFUGE,0,138,0,0.6770094222229832,0.6770235311695494,1278347,865471,412876,0.9906463816245491,0.004521670852145425,post_hoc_final_checkpoint_only
R3,REFUGE,0,138,1,0.6770020058337585,0.6771729091381892,111521,75519,36002,0.8338594683700804,0.16018826002819123,post_hoc_final_checkpoint_only
R3,REFUGE,0,138,2,0.6770171833344321,0.6775707163614066,37509,25415,12094,0.852765058119056,0.13556664290805417,post_hoc_final_checkpoint_only
R3,REFUGE,0,139,0,0.6790095645207112,0.6790226266241699,1272881,864315,408566,0.9906463816245491,0.004521670852145425,post_hoc_final_checkpoint_only
R3,REFUGE,0,139,1,0.6790118069138809,0.6792112257022866,110247,74881,35366,0.8338594683700804,0.16018826002819123,post_hoc_final_checkpoint_only
R3,REFUGE,0,139,2,0.6790154410581791,0.6795428392091223,38236,25983,12253,0.852765058119056,0.13556664290805417,post_hoc_final_checkpoint_only
R3,REFUGE,0,140,0,0.6810107181519436,0.6810254995949336,1276334,869216,407118,0.9906463816245491,0.004521670852145425,post_hoc_final_checkpoint_only
R3,REFUGE,0,140,1,0.6810131207327063,0.6811897365916723,111386,75875,35511,0.8338594683700804,0.16018826002819123,post_hoc_final_checkpoint_only
R3,REFUGE,0,140,2,0.6810003451841674,0.6814683244523386,37158,25322,11836,0.852765058119056,0.13556664290805417,post_hoc_final_checkpoint_only
R3,REFUGE,0,141,0,0.683011183365805,0.6830285694560381,1274648,870621,404027,0.9906463816245491,0.004521670852145425,post_hoc_final_checkpoint_only
R3,REFUGE,0,141,1,0.6829829114527343,0.6831406093246739,113634,77628,36006,0.8338594683700804,0.16018826002819123,post_hoc_final_checkpoint_only
R3,REFUGE,0,141,2,0.6830113271574203,0.6835540254237288,37760,25811,11949,0.852765058119056,0.13556664290805417,post_hoc_final_checkpoint_only
R3,REFUGE,0,142,0,0.6850095470886526,0.6850245374366909,1271934,871306,400628,0.9906463816245491,0.004521670852145425,post_hoc_final_checkpoint_only
R3,REFUGE,0,142,1,0.6850180236947863,0.6851973508993093,112642,77182,35460,0.8338594683700804,0.16018826002819123,post_hoc_final_checkpoint_only
R3,REFUGE,0,142,2,0.68500794243706,0.6855494709979265,37618,25789,11829,0.852765058119056,0.13556664290805417,post_hoc_final_checkpoint_only
R3,REFUGE,0,143,0,0.687008381285759,0.6870251993300253,1275272,876144,399128,0.9906463816245491,0.004521670852145425,post_hoc_final_checkpoint_only
R3,REFUGE,0,143,1,0.6870114811549084,0.6871571346805794,113565,78037,35528,0.8338594683700804,0.16018826002819123,post_hoc_final_checkpoint_only
R3,REFUGE,0,143,2,0.6870176117370753,0.6875049291516602,38039,26152,11887,0.852765058119056,0.13556664290805417,post_hoc_final_checkpoint_only
R3,REFUGE,0,144,0,0.6890097738461677,0.6890269040792685,1275866,879106,396760,0.9906463816245491,0.004521670852145425,post_hoc_final_checkpoint_only
R3,REFUGE,0,144,1,0.6890300277735651,0.6891891891891891,113072,77928,35144,0.8338594683700804,0.16018826002819123,post_hoc_final_checkpoint_only
R3,REFUGE,0,144,2,0.6890121799187849,0.6894816044834207,38542,26574,11968,0.852765058119056,0.13556664290805417,post_hoc_final_checkpoint_only
R3,REFUGE,0,145,0,0.6910117253211211,0.6910276377473961,1274525,880732,393793,0.9906463816245491,0.004521670852145425,post_hoc_final_checkpoint_only
R3,REFUGE,0,145,1,0.6910136215138344,0.6911855935057338,112838,77992,34846,0.8338594683700804,0.16018826002819123,post_hoc_final_checkpoint_only
R3,REFUGE,0,145,2,0.6909927293704797,0.6916246637591079,38291,26483,11808,0.852765058119056,0.13556664290805417,post_hoc_final_checkpoint_only
R3,REFUGE,0,146,0,0.6930112245134309,0.6930275081976508,1269876,880059,389817,0.9906463816245491,0.004521670852145425,post_hoc_final_checkpoint_only
R3,REFUGE,0,146,1,0.6930126442648105,0.6931901412800805,113321,78553,34768,0.8338594683700804,0.16018826002819123,post_hoc_final_checkpoint_only
R3,REFUGE,0,146,2,0.6930386026180579,0.6935993835853017,37637,26105,11532,0.852765058119056,0.13556664290805417,post_hoc_final_checkpoint_only
R3,REFUGE,0,147,0,0.6950120691959619,0.695028321577207,1272528,884443,388085,0.9906463816245491,0.004521670852145425,post_hoc_final_checkpoint_only
R3,REFUGE,0,147,1,0.6950061448843501,0.6951770711475062,112836,78441,34395,0.8338594683700804,0.16018826002819123,post_hoc_final_checkpoint_only
R3,REFUGE,0,147,2,0.6949798805654491,0.6955770559778853,37622,26169,11453,0.852765058119056,0.13556664290805417,post_hoc_final_checkpoint_only
R3,REFUGE,0,148,0,0.697014193359568,0.6970286730928533,1274784,888561,386223,0.9906463816245491,0.004521670852145425,post_hoc_final_checkpoint_only
R3,REFUGE,0,148,1,0.697006540044913,0.6971814949112758,114174,79600,34574,0.8338594683700804,0.16018826002819123,post_hoc_final_checkpoint_only
R3,REFUGE,0,148,2,0.6970238001690308,0.6976111514146544,38596,26925,11671,0.852765058119056,0.13556664290805417,post_hoc_final_checkpoint_only
R3,REFUGE,0,149,0,0.6990113538463203,0.6990273378497966,1275777,891803,383974,0.9906463816245491,0.004521670852145425,post_hoc_final_checkpoint_only
R3,REFUGE,0,149,1,0.6990085450359954,0.6991871356926153,113057,79048,34009,0.8338594683700804,0.16018826002819123,post_hoc_final_checkpoint_only
R3,REFUGE,0,149,2,0.6989826408159491,0.6995151356309789,38155,26690,11465,0.852765058119056,0.13556664290805417,post_hoc_final_checkpoint_only
R3,REFUGE,0,150,0,0.701010501822871,0.7010282222896215,1272682,892186,380496,0.9906463816245491,0.004521670852145425,post_hoc_final_checkpoint_only
R3,REFUGE,0,150,1,0.701033396739286,0.7011757733171798,114733,80448,34285,0.8338594683700804,0.16018826002819123,post_hoc_final_checkpoint_only
R3,REFUGE,0,150,2,0.7010260770614893,0.7015983937837345,38351,26907,11444,0.852765058119056,0.13556664290805417,post_hoc_final_checkpoint_only
R3,REFUGE,0,151,0,0.7030114420797491,0.7030261141894654,1274671,896127,378544,0.9906463816245491,0.004521670852145425,post_hoc_final_checkpoint_only
R3,REFUGE,0,151,1,0.7030216616330488,0.703211613838136,114553,80555,33998,0.8338594683700804,0.16018826002819123,post_hoc_final_checkpoint_only
R3,REFUGE,0,151,2,0.7030121450784964,0.7034732085216269,38725,27242,11483,0.852765058119056,0.13556664290805417,post_hoc_final_checkpoint_only
R3,REFUGE,0,152,0,0.7050120711605887,0.7050274410962,1274366,898463,375903,0.9906463816245491,0.004521670852145425,post_hoc_final_checkpoint_only
R3,REFUGE,0,152,1,0.7050176946221263,0.7052013554361176,114797,80955,33842,0.8338594683700804,0.16018826002819123,post_hoc_final_checkpoint_only
R3,REFUGE,0,152,2,0.7050075561949077,0.7055186509964231,39140,27614,11526,0.852765058119056,0.13556664290805417,post_hoc_final_checkpoint_only
R3,REFUGE,0,153,0,0.7070144696552594,0.7070317943193899,1277398,903161,374237,0.9906463816245491,0.004521670852145425,post_hoc_final_checkpoint_only
R3,REFUGE,0,153,1,0.7070160481168928,0.7072059093171281,114531,80997,33534,0.8338594683700804,0.16018826002819123,post_hoc_final_checkpoint_only
R3,REFUGE,0,153,2,0.7070101415025589,0.7075486669487939,37808,26751,11057,0.852765058119056,0.13556664290805417,post_hoc_final_checkpoint_only
R3,REFUGE,0,154,0,0.7090167109950736,0.709030940616339,1277641,905887,371754,0.9906463816245491,0.004521670852145425,post_hoc_final_checkpoint_only
R3,REFUGE,0,154,1,0.7090083713859271,0.7091623743910198,114741,81370,33371,0.8338594683700804,0.16018826002819123,post_hoc_final_checkpoint_only
R3,REFUGE,0,154,2,0.7090014208821133,0.7095351732724632,38552,27354,11198,0.852765058119056,0.13556664290805417,post_hoc_final_checkpoint_only
R3,REFUGE,0,155,0,0.7110157595532656,0.7110301279418684,1271046,903752,367294,0.9906463816245491,0.004521670852145425,post_hoc_final_checkpoint_only
R3,REFUGE,0,155,1,0.7110093267467315,0.7112217841816977,114652,81543,33109,0.8338594683700804,0.16018826002819123,post_hoc_final_checkpoint_only
R3,REFUGE,0,155,2,0.7109822758876829,0.7116005414974487,38412,27334,11078,0.852765058119056,0.13556664290805417,post_hoc_final_checkpoint_only
R3,REFUGE,0,156,0,0.7130127823350467,0.7130270378404245,1274695,908892,365803,0.9906463816245491,0.004521670852145425,post_hoc_final_checkpoint_only
R3,REFUGE,0,156,1,0.7130314764013946,0.7131867939091994,114008,81309,32699,0.8338594683700804,0.16018826002819123,post_hoc_final_checkpoint_only
R3,REFUGE,0,156,2,0.7129997937969932,0.7135058214747736,38650,27577,11073,0.852765058119056,0.13556664290805417,post_hoc_final_checkpoint_only
R3,REFUGE,0,157,0,0.7150167742541448,0.7150330314172122,1271214,908960,362254,0.9906463816245491,0.004521670852145425,post_hoc_final_checkpoint_only
R3,REFUGE,0,157,1,0.715006306747114,0.7151657198619873,114772,82081,32691,0.8338594683700804,0.16018826002819123,post_hoc_final_checkpoint_only
R3,REFUGE,0,157,2,0.7150115092957676,0.7155147691425294,38357,27445,10912,0.852765058119056,0.13556664290805417,post_hoc_final_checkpoint_only
R3,REFUGE,0,158,0,0.7170152235451431,0.7170297515594659,1275597,914641,360956,0.9906463816245491,0.004521670852145425,post_hoc_final_checkpoint_only
R3,REFUGE,0,158,1,0.7170299258385204,0.7172043385156427,114878,82391,32487,0.8338594683700804,0.16018826002819123,post_hoc_final_checkpoint_only
R3,REFUGE,0,158,2,0.7170326234341997,0.717548554622294,37741,27081,10660,0.852765058119056,0.13556664290805417,post_hoc_final_checkpoint_only
R3,REFUGE,0,159,0,0.7190148282880672,0.7190318391121256,1270450,913494,356956,0.9906463816245491,0.004521670852145425,post_hoc_final_checkpoint_only
R3,REFUGE,0,159,1,0.7190246543438713,0.7191908231281972,116118,83511,32607,0.8338594683700804,0.16018826002819123,post_hoc_final_checkpoint_only
R3,REFUGE,0,159,2,0.718997264398631,0.719536770145142,39203,28208,10995,0.852765058119056,0.13556664290805417,post_hoc_final_checkpoint_only
R3,REFUGE,0,160,0,0.7210152710840225,0.7210321617546843,1278133,921575,356558,0.9906463816245491,0.004521670852145425,post_hoc_final_checkpoint_only
R3,REFUGE,0,160,1,0.7210164592532615,0.721161443816371,115167,83054,32113,0.8338594683700804,0.16018826002819123,post_hoc_final_checkpoint_only
R3,REFUGE,0,160,2,0.7210282716872156,0.7215910581691286,38113,27502,10611,0.852765058119056,0.13556664290805417,post_hoc_final_checkpoint_only
R3,REFUGE,0,161,0,0.7230116646047452,0.7230285160441038,1273178,920544,352634,0.9906463816245491,0.004521670852145425,post_hoc_final_checkpoint_only
R3,REFUGE,0,161,1,0.7230211059867221,0.723200259545113,117128,84707,32421,0.8338594683700804,0.16018826002819123,post_hoc_final_checkpoint_only
R3,REFUGE,0,161,2,0.7230299086420169,0.7235489564946527,38524,27874,10650,0.852765058119056,0.13556664290805417,post_hoc_final_checkpoint_only
R3,REFUGE,0,162,0,0.7250133070393472,0.7250295441027146,1274366,923953,350413,0.9906463816245491,0.004521670852145425,post_hoc_final_checkpoint_only
R3,REFUGE,0,162,1,0.7250271711877229,0.7252140652844786,115035,83425,31610,0.8338594683700804,0.16018826002819123,post_hoc_final_checkpoint_only
R3,REFUGE,0,162,2,0.7250260100894215,0.7256102346754572,38223,27735,10488,0.852765058119056,0.13556664290805417,post_hoc_final_checkpoint_only
R3,REFUGE,0,163,0,0.7270159278359607,0.7270309908899305,1272987,925501,347486,0.9906463816245491,0.004521670852145425,post_hoc_final_checkpoint_only
R3,REFUGE,0,163,1,0.7270157859836108,0.7272135020803836,115123,83719,31404,0.8338594683700804,0.16018826002819123,post_hoc_final_checkpoint_only
R3,REFUGE,0,163,2,0.727012092896438,0.7275743980461388,37669,27407,10262,0.852765058119056,0.13556664290805417,post_hoc_final_checkpoint_only
R3,REFUGE,0,164,0,0.7290146184683921,0.7290311675753443,1271995,927324,344671,0.9906463816245491,0.004521670852145425,post_hoc_final_checkpoint_only
R3,REFUGE,0,164,1,0.7290101261709594,0.7292081469414492,116019,84602,31417,0.8338594683700804,0.16018826002819123,post_hoc_final_checkpoint_only
R3,REFUGE,0,164,2,0.7290209758982147,0.7296245300005296,37766,27555,10211,0.852765058119056,0.13556664290805417,post_hoc_final_checkpoint_only
R3,REFUGE,0,165,0,0.7310148313148233,0.7310320113356654,1275267,932261,343006,0.9906463816245491,0.004521670852145425,post_hoc_final_checkpoint_only
R3,REFUGE,0,165,1,0.7310177977921564,0.7311805169231856,113247,82804,30443,0.8338594683700804,0.16018826002819123,post_hoc_final_checkpoint_only
R3,REFUGE,0,165,2,0.7310129750717435,0.7315124489037532,37674,27559,10115,0.852765058119056,0.13556664290805417,post_hoc_final_checkpoint_only
R3,REFUGE,0,166,0,0.7330154628303138,0.7330316990754698,1273728,933683,340045,0.9906463816245491,0.004521670852145425,post_hoc_final_checkpoint_only
R3,REFUGE,0,166,1,0.7330273246965068,0.7332013397062415,114652,84063,30589,0.8338594683700804,0.16018826002819123,post_hoc_final_checkpoint_only
R3,REFUGE,0,166,2,0.7329893147040782,0.7335101862106266,38827,28480,10347,0.852765058119056,0.13556664290805417,post_hoc_final_checkpoint_only
R3,REFUGE,0,167,0,0.73501600272139,0.7350309720288899,1272277,935163,337114,0.9906463816245491,0.004521670852145425,post_hoc_final_checkpoint_only
R3,REFUGE,0,167,1,0.7350188191020571,0.7352171321452328,115759,85108,30651,0.8338594683700804,0.16018826002819123,post_hoc_final_checkpoint_only
R3,REFUGE,0,167,2,0.7350161075036443,0.7355425432687325,38596,28389,10207,0.852765058119056,0.13556664290805417,post_hoc_final_checkpoint_only
R3,REFUGE,0,168,0,0.737018247895134,0.7370322509691788,1272985,938231,334754,0.9906463816245491,0.004521670852145425,post_hoc_final_checkpoint_only
R3,REFUGE,0,168,1,0.7370066580679413,0.7371768131241327,117463,86591,30872,0.8338594683700804,0.16018826002819123,post_hoc_final_checkpoint_only
R3,REFUGE,0,168,2,0.7370091826657246,0.7374889366544443,39545,29164,10381,0.852765058119056,0.13556664290805417,post_hoc_final_checkpoint_only
R3,REFUGE,0,169,0,0.7390181716371503,0.7390336240236359,1275011,942276,332735,0.9906463816245491,0.004521670852145425,post_hoc_final_checkpoint_only
R3,REFUGE,0,169,1,0.7390158182669313,0.7392079394599042,116683,86253,30430,0.8338594683700804,0.16018826002819123,post_hoc_final_checkpoint_only
R3,REFUGE,0,169,2,0.7390205182747136,0.7395564855691938,39187,28981,10206,0.852765058119056,0.13556664290805417,post_hoc_final_checkpoint_only
R3,REFUGE,0,170,0,0.7410182212754532,0.7410350332984478,1272732,943139,329593,0.9906463816245491,0.004521670852145425,post_hoc_final_checkpoint_only
R3,REFUGE,0,170,1,0.7410084735321704,0.7411474462377186,115927,85919,30008,0.8338594683700804,0.16018826002819123,post_hoc_final_checkpoint_only
R3,REFUGE,0,170,2,0.7409978188167462,0.74158158578515,38101,28255,9846,0.852765058119056,0.13556664290805417,post_hoc_final_checkpoint_only
R3,REFUGE,0,171,0,0.7430170212181555,0.7430327376300114,1273061,945926,327135,0.9906463816245491,0.004521670852145425,post_hoc_final_checkpoint_only
R3,REFUGE,0,171,1,0.7430296382429329,0.74318827032267,115536,85865,29671,0.8338594683700804,0.16018826002819123,post_hoc_final_checkpoint_only
R3,REFUGE,0,171,2,0.7430354534798262,0.7435199619520702,37847,28140,9707,0.852765058119056,0.13556664290805417,post_hoc_final_checkpoint_only
R3,REFUGE,0,172,0,0.7450208999636745,0.7450364275145027,1274586,949613,324973,0.9906463816245491,0.004521670852145425,post_hoc_final_checkpoint_only
R3,REFUGE,0,172,1,0.7450046092495554,0.7451914805766783,116252,86630,29622,0.8338594683700804,0.16018826002819123,post_hoc_final_checkpoint_only
R3,REFUGE,0,172,2,0.7449929488880446,0.7454808959156786,37950,28291,9659,0.852765058119056,0.13556664290805417,post_hoc_final_checkpoint_only
R3,REFUGE,0,173,0,0.7470197242797596,0.7470357808882497,1274619,952186,322433,0.9906463816245491,0.004521670852145425,post_hoc_final_checkpoint_only
R3,REFUGE,0,173,1,0.7470291383586993,0.7471932294170157,116504,87051,29453,0.8338594683700804,0.16018826002819123,post_hoc_final_checkpoint_only
R3,REFUGE,0,173,2,0.7470194492012311,0.7476094347641309,37648,28146,9502,0.852765058119056,0.13556664290805417,post_hoc_final_checkpoint_only
R3,REFUGE,0,174,0,0.749019294419318,0.7490354817259074,1275248,955206,320042,0.9906463816245491,0.004521670852145425,post_hoc_final_checkpoint_only
R3,REFUGE,0,174,1,0.7490097651114463,0.749162580288694,115832,86777,29055,0.8338594683700804,0.16018826002819123,post_hoc_final_checkpoint_only
R3,REFUGE,0,174,2,0.7490130730581589,0.749580045813184,39290,29451,9839,0.852765058119056,0.13556664290805417,post_hoc_final_checkpoint_only
R3,REFUGE,0,175,0,0.7510181101062743,0.7510338726482788,1271675,955071,316604,0.9906463816245491,0.004521670852145425,post_hoc_final_checkpoint_only
R3,REFUGE,0,175,1,0.7510179283752096,0.7512073343950415,116165,87264,28901,0.8338594683700804,0.16018826002819123,post_hoc_final_checkpoint_only
R3,REFUGE,0,175,2,0.7509998997188135,0.751452516838912,38898,29230,9668,0.852765058119056,0.13556664290805417,post_hoc_final_checkpoint_only
R3,REFUGE,0,176,0,0.7530189322921838,0.7530341407615049,1272848,958498,314350,0.9906463816245491,0.004521670852145425,post_hoc_final_checkpoint_only
R3,REFUGE,0,176,1,0.7530109562817353,0.7532054313895792,116287,87588,28699,0.8338594683700804,0.16018826002819123,post_hoc_final_checkpoint_only
R3,REFUGE,0,176,2,0.7530027416603821,0.7534572451833843,38253,28822,9431,0.852765058119056,0.13556664290805417,post_hoc_final_checkpoint_only
R3,REFUGE,0,177,0,0.7550217447427525,0.7550373670482152,1273582,961602,311980,0.9906463816245491,0.004521670852145425,post_hoc_final_checkpoint_only
R3,REFUGE,0,177,1,0.7550144556173989,0.7551945181255526,117624,88829,28795,0.8338594683700804,0.16018826002819123,post_hoc_final_checkpoint_only
R3,REFUGE,0,177,2,0.7550096391587651,0.7554981263729164,38695,29234,9461,0.852765058119056,0.13556664290805417,post_hoc_final_checkpoint_only
R3,REFUGE,0,178,0,0.7570211332610269,0.75703518690988,1275588,965665,309923,0.9906463816245491,0.004521670852145425,post_hoc_final_checkpoint_only
R3,REFUGE,0,178,1,0.7570181985869248,0.7571638217347648,116523,88227,28296,0.8338594683700804,0.16018826002819123,post_hoc_final_checkpoint_only
R3,REFUGE,0,178,2,0.7570160120480426,0.7574433074510207,38894,29460,9434,0.852765058119056,0.13556664290805417,post_hoc_final_checkpoint_only
R3,REFUGE,0,179,0,0.759019512393951,0.7590341503670455,1274774,967597,307177,0.9906463816245491,0.004521670852145425,post_hoc_final_checkpoint_only
R3,REFUGE,0,179,1,0.7590303081125572,0.7592046564982793,117685,89347,28338,0.8338594683700804,0.16018826002819123,post_hoc_final_checkpoint_only
R3,REFUGE,0,179,2,0.7589971179729942,0.7595322301675401,38737,29422,9315,0.852765058119056,0.13556664290805417,post_hoc_final_checkpoint_only
R3,REFUGE,0,180,0,0.7610211772313593,0.7610360648833158,1272623,968512,304111,0.9906463816245491,0.004521670852145425,post_hoc_final_checkpoint_only
R3,REFUGE,0,180,1,0.7610292729241175,0.7612180314053283,116286,88519,27767,0.8338594683700804,0.16018826002819123,post_hoc_final_checkpoint_only
R3,REFUGE,0,180,2,0.7609917550966788,0.7615654661292419,38455,29286,9169,0.852765058119056,0.13556664290805417,post_hoc_final_checkpoint_only
R3,REFUGE,0,181,0,0.7630189498187391,0.7630330454504162,1276908,974323,302585,0.9906463816245491,0.004521670852145425,post_hoc_final_checkpoint_only
R3,REFUGE,0,181,1,0.7630224719670597,0.7631947767826622,117016,89306,27710,0.8338594683700804,0.16018826002819123,post_hoc_final_checkpoint_only
R3,REFUGE,0,181,2,0.762996464118025,0.7634990887789638,38410,29326,9084,0.852765058119056,0.13556664290805417,post_hoc_final_checkpoint_only
R3,REFUGE,0,182,0,0.7650235728351358,0.7650411458963271,1273274,974107,299167,0.9906463816245491,0.004521670852145425,post_hoc_final_checkpoint_only
R3,REFUGE,0,182,1,0.7650027155208249,0.7651877714383036,117430,89856,27574,0.8338594683700804,0.16018826002819123,post_hoc_final_checkpoint_only
R3,REFUGE,0,182,2,0.7650016620801449,0.7655596234309623,38240,29275,8965,0.852765058119056,0.13556664290805417,post_hoc_final_checkpoint_only
R3,REFUGE,0,183,0,0.7670223198564998,0.767039132102247,1269827,974007,295820,0.9906463816245491,0.004521670852145425,post_hoc_final_checkpoint_only
R3,REFUGE,0,183,1,0.7670090879252761,0.7671719299452321,116309,89229,27080,0.8338594683700804,0.16018826002819123,post_hoc_final_checkpoint_only
R3,REFUGE,0,183,2,0.7669883794113826,0.7675267135783164,38370,29450,8920,0.852765058119056,0.13556664290805417,post_hoc_final_checkpoint_only
R3,REFUGE,0,184,0,0.7690226920925674,0.7690373073384213,1275942,981247,294695,0.9906463816245491,0.004521670852145425,post_hoc_final_checkpoint_only
R3,REFUGE,0,184,1,0.7690071678371019,0.7691731459716374,116139,89331,26808,0.8338594683700804,0.16018826002819123,post_hoc_final_checkpoint_only
R3,REFUGE,0,184,2,0.7690046809371193,0.7695629416383146,38210,29405,8805,0.852765058119056,0.13556664290805417,post_hoc_final_checkpoint_only
R3,REFUGE,0,185,0,0.7710203003715673,0.7710362472411029,1274966,983045,291921,0.9906463816245491,0.004521670852145425,post_hoc_final_checkpoint_only
R3,REFUGE,0,185,1,0.7710203946153218,0.7712138598655772,115903,89386,26517,0.8338594683700804,0.16018826002819123,post_hoc_final_checkpoint_only
R3,REFUGE,0,185,2,0.7710085129989949,0.7715231788079471,38354,29591,8763,0.852765058119056,0.13556664290805417,post_hoc_final_checkpoint_only
R3,REFUGE,0,186,0,0.7730225902889779,0.7730393588065212,1274124,984948,289176,0.9906463816245491,0.004521670852145425,post_hoc_final_checkpoint_only
R3,REFUGE,0,186,1,0.7730128306006085,0.7731876743032149,116894,90381,26513,0.8338594683700804,0.16018826002819123,post_hoc_final_checkpoint_only
R3,REFUGE,0,186,2,0.7729933238311358,0.7734823947340925,38284,29612,8672,0.852765058119056,0.13556664290805417,post_hoc_final_checkpoint_only
R3,REFUGE,0,187,0,0.7750230852051466,0.7750386139647885,1273503,987014,286489,0.9906463816245491,0.004521670852145425,post_hoc_final_checkpoint_only
R3,REFUGE,0,187,1,0.7750178849315219,0.7752200348654279,117595,91162,26433,0.8338594683700804,0.16018826002819123,post_hoc_final_checkpoint_only
R3,REFUGE,0,187,2,0.7750002086163343,0.7754997173834849,38922,30184,8738,0.852765058119056,0.13556664290805417,post_hoc_final_checkpoint_only
R3,REFUGE,0,188,0,0.7770237003172121,0.7770416135854455,1274776,990554,284222,0.9906463816245491,0.004521670852145425,post_hoc_final_checkpoint_only
R3,REFUGE,0,188,1,0.7770301287747252,0.7772102534015513,115903,90081,25822,0.8338594683700804,0.16018826002819123,post_hoc_final_checkpoint_only
R3,REFUGE,0,188,2,0.7770129918353267,0.7775575348813263,38846,30205,8641,0.852765058119056,0.13556664290805417,post_hoc_final_checkpoint_only
R3,REFUGE,0,189,0,0.7790234939143736,0.7790405518017045,1273211,991883,281328,0.9906463816245491,0.004521670852145425,post_hoc_final_checkpoint_only
R3,REFUGE,0,189,1,0.7790122653516838,0.7791862097298777,116836,91037,25799,0.8338594683700804,0.16018826002819123,post_hoc_final_checkpoint_only
R3,REFUGE,0,189,2,0.7790195270395622,0.7794975032026981,38249,29815,8434,0.852765058119056,0.13556664290805417,post_hoc_final_checkpoint_only
R3,REFUGE,0,190,0,0.7810245202111997,0.7810418800473882,1271202,992862,278340,0.9906463816245491,0.004521670852145425,post_hoc_final_checkpoint_only
R3,REFUGE,0,190,1,0.78101898819198,0.7811917747891188,118076,92240,25836,0.8338594683700804,0.16018826002819123,post_hoc_final_checkpoint_only
R3,REFUGE,0,190,2,0.7810046522485393,0.7814893562517612,39037,30507,8530,0.852765058119056,0.13556664290805417,post_hoc_final_checkpoint_only
R3,REFUGE,0,191,0,0.7830246221279112,0.7830417856663814,1274863,998271,276592,0.9906463816245491,0.004521670852145425,post_hoc_final_checkpoint_only
R3,REFUGE,0,191,1,0.783015978839712,0.7831726825266612,117024,91650,25374,0.8338594683700804,0.16018826002819123,post_hoc_final_checkpoint_only
R3,REFUGE,0,191,2,0.7830338451162713,0.7835466556564823,38752,30364,8388,0.852765058119056,0.13556664290805417,post_hoc_final_checkpoint_only
R3,REFUGE,0,192,0,0.7850213335732305,0.7850349685526682,1272286,998789,273497,0.9906463816245491,0.004521670852145425,post_hoc_final_checkpoint_only
R3,REFUGE,0,192,1,0.7850326420320408,0.7852020749983047,117976,92635,25341,0.8338594683700804,0.16018826002819123,post_hoc_final_checkpoint_only
R3,REFUGE,0,192,2,0.7850281881325438,0.7855376526017128,38417,30178,8239,0.852765058119056,0.13556664290805417,post_hoc_final_checkpoint_only
R3,REFUGE,0,193,0,0.7870231179322719,0.7870373063634255,1272035,1001139,270896,0.9906463816245491,0.004521670852145425,post_hoc_final_checkpoint_only
R3,REFUGE,0,193,1,0.7870398316592181,0.7872209864232569,117333,92367,24966,0.8338594683700804,0.16018826002819123,post_hoc_final_checkpoint_only
R3,REFUGE,0,193,2,0.7870087055861066,0.7875261506276151,38240,30115,8125,0.852765058119056,0.13556664290805417,post_hoc_final_checkpoint_only
R3,REFUGE,0,194,0,0.7890261298861454,0.789041391046147,1271676,1003405,268271,0.9906463816245491,0.004521670852145425,post_hoc_final_checkpoint_only
R3,REFUGE,0,194,1,0.7890080427193722,0.7891627482388605,116118,91636,24482,0.8338594683700804,0.16018826002819123,post_hoc_final_checkpoint_only
R3,REFUGE,0,194,2,0.7890144166855565,0.7895979860372168,38531,30424,8107,0.852765058119056,0.13556664290805417,post_hoc_final_checkpoint_only
R3,REFUGE,0,195,0,0.7910264020712959,0.791042088926557,1271926,1006147,265779,0.9906463816245491,0.004521670852145425,post_hoc_final_checkpoint_only
R3,REFUGE,0,195,1,0.7910150014073295,0.7912129976182375,117560,93015,24545,0.8338594683700804,0.16018826002819123,post_hoc_final_checkpoint_only
R3,REFUGE,0,195,2,0.7910262100399869,0.7915189775167525,38651,30593,8058,0.852765058119056,0.13556664290805417,post_hoc_final_checkpoint_only
R3,REFUGE,0,196,0,0.7930231611208994,0.793038015942144,1273229,1009719,263510,0.9906463816245491,0.004521670852145425,post_hoc_final_checkpoint_only
R3,REFUGE,0,196,1,0.7930215021716444,0.7931901142959727,116977,92785,24192,0.8338594683700804,0.16018826002819123,post_hoc_final_checkpoint_only
R3,REFUGE,0,196,2,0.79303156964712,0.7935532585205822,38407,30478,7929,0.852765058119056,0.13556664290805417,post_hoc_final_checkpoint_only
R3,REFUGE,0,197,0,0.7950237723024581,0.7950398695621069,1272023,1011309,260714,0.9906463816245491,0.004521670852145425,post_hoc_final_checkpoint_only
R3,REFUGE,0,197,1,0.7950348299810411,0.795212085004694,117170,93175,23995,0.8338594683700804,0.16018826002819123,post_hoc_final_checkpoint_only
R3,REFUGE,0,197,2,0.7949941650956076,0.795516747035058,38365,30520,7845,0.852765058119056,0.13556664290805417,post_hoc_final_checkpoint_only
R3,REFUGE,0,198,0,0.7970270740691732,0.7970436087786125,1269859,1012133,257726,0.9906463816245491,0.004521670852145425,post_hoc_final_checkpoint_only
R3,REFUGE,0,198,1,0.7970189688756367,0.7971657758540366,118057,94111,23946,0.8338594683700804,0.16018826002819123,post_hoc_final_checkpoint_only
R3,REFUGE,0,198,2,0.7970326208647561,0.797643724908819,38111,30399,7712,0.852765058119056,0.13556664290805417,post_hoc_final_checkpoint_only
R3,REFUGE,0,199,0,0.7990261522842198,0.7990436507811342,1268156,1013312,254844,0.9906463816245491,0.004521670852145425,post_hoc_final_checkpoint_only
R3,REFUGE,0,199,1,0.7990184497247881,0.7992094658761325,116883,93414,23469,0.8338594683700804,0.16018826002819123,post_hoc_final_checkpoint_only
R3,REFUGE,0,199,2,0.7990071209986641,0.799535017371542,38281,30607,7674,0.852765058119056,0.13556664290805417,post_hoc_final_checkpoint_only
R3,RIM_ONE_r3,1,0,0,0.40092303752878244,0.4009373233687119,509536,204292,305244,0.9869596833149274,0.008015344779859731,post_hoc_final_checkpoint_only
R3,RIM_ONE_r3,1,0,1,0.4009289215765103,0.40115004770377244,38781,15557,23224,0.6894676588437321,0.18080656920302368,post_hoc_final_checkpoint_only
R3,RIM_ONE_r3,1,0,2,0.40066981172203725,0.4014997656616154,6401,2570,3831,0.7783698589012309,0.16092203979558553,post_hoc_final_checkpoint_only
R3,RIM_ONE_r3,1,1,0,0.40292009673695506,0.4029332989755122,512256,206405,305851,0.9869596833149274,0.008015344779859731,post_hoc_final_checkpoint_only
R3,RIM_ONE_r3,1,1,1,0.402931356808137,0.40319262149698476,28190,11366,16824,0.6894676588437321,0.18080656920302368,post_hoc_final_checkpoint_only
R3,RIM_ONE_r3,1,1,2,0.40308098319460817,0.40468909276248727,4905,1985,2920,0.7783698589012309,0.16092203979558553,post_hoc_final_checkpoint_only
R3,RIM_ONE_r3,1,2,0,0.4049209012124737,0.404936172891974,508248,205808,302440,0.9869596833149274,0.008015344779859731,post_hoc_final_checkpoint_only
R3,RIM_ONE_r3,1,2,1,0.4048896988309407,0.40517724534117977,28548,11567,16981,0.6894676588437321,0.18080656920302368,post_hoc_final_checkpoint_only
R3,RIM_ONE_r3,1,2,2,0.4054967582227746,0.4097165991902834,1235,506,729,0.7783698589012309,0.16092203979558553,post_hoc_final_checkpoint_only
R3,RIM_ONE_r3,1,3,0,0.40692155246160505,0.40693433171332793,508023,206732,301291,0.9869596833149274,0.008015344779859731,post_hoc_final_checkpoint_only
R3,RIM_ONE_r3,1,3,1,0.40694533549101675,0.4072879330943847,25110,10227,14883,0.6894676588437321,0.18080656920302368,post_hoc_final_checkpoint_only
R3,RIM_ONE_r3,1,3,2,0.40690386955268465,0.4092991296381127,4366,1787,2579,0.7783698589012309,0.16092203979558553,post_hoc_final_checkpoint_only
R3,RIM_ONE_r3,1,4,0,0.4089272106210027,0.4089421104184692,507397,207496,299901,0.9869596833149274,0.008015344779859731,post_hoc_final_checkpoint_only
R3,RIM_ONE_r3,1,4,1,0.4089208615079545,0.40931522492760714,24519,10036,14483,0.6894676588437321,0.18080656920302368,post_hoc_final_checkpoint_only
R3,RIM_ONE_r3,1,4,2,0.40906809113141973,0.4103415559772296,4216,1730,2486,0.7783698589012309,0.16092203979558553,post_hoc_final_checkpoint_only
R3,RIM_ONE_r3,1,5,0,0.4109282706656903,0.41094644913930484,507032,208363,298669,0.9869596833149274,0.008015344779859731,post_hoc_final_checkpoint_only
R3,RIM_ONE_r3,1,5,1,0.4108970292058859,0.4111849062989128,23639,9720,13919,0.6894676588437321,0.18080656920302368,post_hoc_final_checkpoint_only
R3,RIM_ONE_r3,1,5,2,0.41092636379744235,0.4125345622119816,5425,2238,3187,0.7783698589012309,0.16092203979558553,post_hoc_final_checkpoint_only
R3,RIM_ONE_r3,1,6,0,0.4129254159896809,0.41293972597291545,502870,207655,295215,0.9869596833149274,0.008015344779859731,post_hoc_final_checkpoint_only
R3,RIM_ONE_r3,1,6,1,0.4129390753203227,0.4132549887443245,26209,10831,15378,0.6894676588437321,0.18080656920302368,post_hoc_final_checkpoint_only
R3,RIM_ONE_r3,1,6,2,0.412883369761878,0.413866930171278,6072,2513,3559,0.7783698589012309,0.16092203979558553,post_hoc_final_checkpoint_only
R3,RIM_ONE_r3,1,7,0,0.41492882504702877,0.41494282589241327,502850,208654,294196,0.9869596833149274,0.008015344779859731,post_hoc_final_checkpoint_only
R3,RIM_ONE_r3,1,7,1,0.4149215500928423,0.41521714307463936,26273,10909,15364,0.6894676588437321,0.18080656920302368,post_hoc_final_checkpoint_only
R3,RIM_ONE_r3,1,7,2,0.4148935633824975,0.4159253317777454,6857,2852,4005,0.7783698589012309,0.16092203979558553,post_hoc_final_checkpoint_only
R3,RIM_ONE_r3,1,8,0,0.4169281190127891,0.4169446482206874,505729,210861,294868,0.9869596833149274,0.008015344779859731,post_hoc_final_checkpoint_only
R3,RIM_ONE_r3,1,8,1,0.41687059139237626,0.41718450326045264,26070,10876,15194,0.6894676588437321,0.18080656920302368,post_hoc_final_checkpoint_only
R3,RIM_ONE_r3,1,8,2,0.4169405247863153,0.41812865497076024,8208,3432,4776,0.7783698589012309,0.16092203979558553,post_hoc_final_checkpoint_only
R3,RIM_ONE_r3,1,9,0,0.4189264414703348,0.41894308490768484,503276,210844,292432,0.9869596833149274,0.008015344779859731,post_hoc_final_checkpoint_only
R3,RIM_ONE_r3,1,9,1,0.41898060123588027,0.41926825822856334,28316,11872,16444,0.6894676588437321,0.18080656920302368,post_hoc_final_checkpoint_only
R3,RIM_ONE_r3,1,9,2,0.41900040385438575,0.4200607133822413,7906,3321,4585,0.7783698589012309,0.16092203979558553,post_hoc_final_checkpoint_only
R3,RIM_ONE_r3,1,10,0,0.42093150529450135,0.4209508081630048,501384,211058,290326,0.9869596833149274,0.008015344779859731,post_hoc_final_checkpoint_only
R3,RIM_ONE_r3,1,10,1,0.42093175299018404,0.42130383306200975,27028,11387,15641,0.6894676588437321,0.18080656920302368,post_hoc_final_checkpoint_only
R3,RIM_ONE_r3,1,10,2,0.4210261161619086,0.42197000405350626,9868,4164,5704,0.7783698589012309,0.16092203979558553,post_hoc_final_checkpoint_only
R3,RIM_ONE_r3,1,11,0,0.42292806526038074,0.4229490486232644,501694,212191,289503,0.9869596833149274,0.008015344779859731,post_hoc_final_checkpoint_only
R3,RIM_ONE_r3,1,11,1,0.42288829033118974,0.42321181847167605,28227,11946,16281,0.6894676588437321,0.18080656920302368,post_hoc_final_checkpoint_only
R3,RIM_ONE_r3,1,11,2,0.4230184295601857,0.42420884127570496,8121,3445,4676,0.7783698589012309,0.16092203979558553,post_hoc_final_checkpoint_only
R3,RIM_ONE_r3,1,12,0,0.4249290135604259,0.4249471038355685,502872,213694,289178,0.9869596833149274,0.008015344779859731,post_hoc_final_checkpoint_only
R3,RIM_ONE_r3,1,12,1,0.42491910972487795,0.4251844926035997,29947,12733,17214,0.6894676588437321,0.18080656920302368,post_hoc_final_checkpoint_only
R3,RIM_ONE_r3,1,12,2,0.42490041557045377,0.42556824245011204,9371,3988,5383,0.7783698589012309,0.16092203979558553,post_hoc_final_checkpoint_only
R3,RIM_ONE_r3,1,13,0,0.4269301106984166,0.4269488345039421,502018,214336,287682,0.9869596833149274,0.008015344779859731,post_hoc_final_checkpoint_only
R3,RIM_ONE_r3,1,13,1,0.4269610851018842,0.4272614622057001,28245,12068,16177,0.6894676588437321,0.18080656920302368,post_hoc_final_checkpoint_only
R3,RIM_ONE_r3,1,13,2,0.42680556775115813,0.42768130745658833,9790,4187,5603,0.7783698589012309,0.16092203979558553,post_hoc_final_checkpoint_only
R3,RIM_ONE_r3,1,14,0,0.42893472409946387,0.42894876495561557,497472,213390,284082,0.9869596833149274,0.008015344779859731,post_hoc_final_checkpoint_only
R3,RIM_ONE_r3,1,14,1,0.42891877234085946,0.4291871268590808,28307,12149,16158,0.6894676588437321,0.18080656920302368,post_hoc_final_checkpoint_only
R3,RIM_ONE_r3,1,14,2,0.42900841884135027,0.42964314679643145,9864,4238,5626,0.7783698589012309,0.16092203979558553,post_hoc_final_checkpoint_only
R3,RIM_ONE_r3,1,15,0,0.43093362508281857,0.43094993705043183,498812,214963,283849,0.9869596833149274,0.008015344779859731,post_hoc_final_checkpoint_only
R3,RIM_ONE_r3,1,15,1,0.4309530660920092,0.4311968581995653,26227,11309,14918,0.6894676588437321,0.18080656920302368,post_hoc_final_checkpoint_only
R3,RIM_ONE_r3,1,15,2,0.4309357744056592,0.4319414658761196,7927,3424,4503,0.7783698589012309,0.16092203979558553,post_hoc_final_checkpoint_only
R3,RIM_ONE_r3,1,16,0,0.4329313657662138,0.4329485792550394,503785,218113,285672,0.9869596833149274,0.008015344779859731,post_hoc_final_checkpoint_only
R3,RIM_ONE_r3,1,16,1,0.4329402147733535,0.43315982263350683,25935,11234,14701,0.6894676588437321,0.18080656920302368,post_hoc_final_checkpoint_only
R3,RIM_ONE_r3,1,16,2,0.4329321379030211,0.43348952854547196,10457,4533,5924,0.7783698589012309,0.16092203979558553,post_hoc_final_checkpoint_only
R3,RIM_ONE_r3,1,17,0,0.43493296406694587,0.43494674316249,503034,218793,284241,0.9869596833149274,0.008015344779859731,post_hoc_final_checkpoint_only
R3,RIM_ONE_r3,1,17,1,0.4349011947538549,0.43510378714443293,29917,13017,16900,0.6894676588437321,0.18080656920302368,post_hoc_final_checkpoint_only
R3,RIM_ONE_r3,1,17,2,0.43490438135812404,0.4357774310972439,9615,4190,5425,0.7783698589012309,0.16092203979558553,post_hoc_final_checkpoint_only
R3,RIM_ONE_r3,1,18,0,0.43693631812137407,0.4369514690399094,503390,219957,283433,0.9869596833149274,0.008015344779859731,post_hoc_final_checkpoint_only
R3,RIM_ONE_r3,1,18,1,0.43693324418992213,0.4371992039080876,27635,12082,15553,0.6894676588437321,0.18080656920302368,post_hoc_final_checkpoint_only
R3,RIM_ONE_r3,1,18,2,0.4368916773906034,0.4379030580403578,9614,4210,5404,0.7783698589012309,0.16092203979558553,post_hoc_final_checkpoint_only
R3,RIM_ONE_r3,1,19,0,0.4389338541585725,0.4389531714298741,504457,221433,283024,0.9869596833149274,0.008015344779859731,post_hoc_final_checkpoint_only
R3,RIM_ONE_r3,1,19,1,0.43892311577262855,0.43915963492336835,29035,12751,16284,0.6894676588437321,0.18080656920302368,post_hoc_final_checkpoint_only
R3,RIM_ONE_r3,1,19,2,0.438852206871884,0.4396369137670197,9915,4359,5556,0.7783698589012309,0.16092203979558553,post_hoc_final_checkpoint_only
R3,RIM_ONE_r3,1,20,0,0.4409367878512254,0.44095046648723063,501943,221332,280611,0.9869596833149274,0.008015344779859731,post_hoc_final_checkpoint_only
R3,RIM_ONE_r3,1,20,1,0.4408968550689129,0.4412455934195065,27232,12016,15216,0.6894676588437321,0.18080656920302368,post_hoc_final_checkpoint_only
R3,RIM_ONE_r3,1,20,2,0.4409582391527232,0.44176060118089105,11178,4938,6240,0.7783698589012309,0.16092203979558553,post_hoc_final_checkpoint_only
R3,RIM_ONE_r3,1,21,0,0.4429344220881589,0.4429473675826998,502238,222465,279773,0.9869596833149274,0.008015344779859731,post_hoc_final_checkpoint_only
R3,RIM_ONE_r3,1,21,1,0.4429297038670681,0.4432046092695912,27423,12154,15269,0.6894676588437321,0.18080656920302368,post_hoc_final_checkpoint_only
R3,RIM_ONE_r3,1,21,2,0.44306163103802776,0.44377423524342957,9284,4120,5164,0.7783698589012309,0.16092203979558553,post_hoc_final_checkpoint_only
R3,RIM_ONE_r3,1,22,0,0.44493589584406035,0.44495176272637665,502205,223457,278748,0.9869596833149274,0.008015344779859731,post_hoc_final_checkpoint_only
R3,RIM_ONE_r3,1,22,1,0.4449531323085338,0.4452457066389116,26902,11978,14924,0.6894676588437321,0.18080656920302368,post_hoc_final_checkpoint_only
R3,RIM_ONE_r3,1,22,2,0.44495251390218754,0.4457157830378199,11449,5103,6346,0.7783698589012309,0.16092203979558553,post_hoc_final_checkpoint_only
R3,RIM_ONE_r3,1,23,0,0.4469389531393656,0.44695208460006913,503262,224934,278328,0.9869596833149274,0.008015344779859731,post_hoc_final_checkpoint_only
R3,RIM_ONE_r3,1,23,1,0.44691151711433014,0.44715708319948605,28017,12528,15489,0.6894676588437321,0.18080656920302368,post_hoc_final_checkpoint_only
R3,RIM_ONE_r3,1,23,2,0.44695010515954625,0.4477444376403348,9798,4387,5411,0.7783698589012309,0.16092203979558553,post_hoc_final_checkpoint_only
R3,RIM_ONE_r3,1,24,0,0.44893980340948736,0.4489552000956156,502010,225380,276630,0.9869596833149274,0.008015344779859731,post_hoc_final_checkpoint_only
R3,RIM_ONE_r3,1,24,1,0.4488663732804991,0.449150069307653,27414,12313,15101,0.6894676588437321,0.18080656920302368,post_hoc_final_checkpoint_only
R3,RIM_ONE_r3,1,24,2,0.44908089893400954,0.44976210467394345,10719,4821,5898,0.7783698589012309,0.16092203979558553,post_hoc_final_checkpoint_only
R3,RIM_ONE_r3,1,25,0,0.45093877304488983,0.45095430254117136,504295,227414,276881,0.9869596833149274,0.008015344779859731,post_hoc_final_checkpoint_only
R3,RIM_ONE_r3,1,25,1,0.4508932375167542,0.45126606661296537,28553,12885,15668,0.6894676588437321,0.18080656920302368,post_hoc_final_checkpoint_only
R3,RIM_ONE_r3,1,25,2,0.4509786875966308,0.4517837837837838,9250,4179,5071,0.7783698589012309,0.16092203979558553,post_hoc_final_checkpoint_only
R3,RIM_ONE_r3,1,26,0,0.45293971852289644,0.45295203501946296,503263,227954,275309,0.9869596833149274,0.008015344779859731,post_hoc_final_checkpoint_only
R3,RIM_ONE_r3,1,26,1,0.45297253918722236,0.4532897395393263,27221,12339,14882,0.6894676588437321,0.18080656920302368,post_hoc_final_checkpoint_only
R3,RIM_ONE_r3,1,26,2,0.4530589663005499,0.4537534101909707,11363,5156,6207,0.7783698589012309,0.16092203979558553,post_hoc_final_checkpoint_only
R3,RIM_ONE_r3,1,27,0,0.4549387426235646,0.4549555316990535,507665,230965,276700,0.9869596833149274,0.008015344779859731,post_hoc_final_checkpoint_only
R3,RIM_ONE_r3,1,27,1,0.4549351767974571,0.45527469785019076,28049,12770,15279,0.6894676588437321,0.18080656920302368,post_hoc_final_checkpoint_only
R3,RIM_ONE_r3,1,27,2,0.4549357613527781,0.45554294362466896,10572,4816,5756,0.7783698589012309,0.16092203979558553,post_hoc_final_checkpoint_only
R3,RIM_ONE_r3,1,28,0,0.4569389671119034,0.4569556281461918,503585,230116,273469,0.9869596833149274,0.008015344779859731,post_hoc_final_checkpoint_only
R3,RIM_ONE_r3,1,28,1,0.456925240541557,0.45716342692584594,27780,12700,15080,0.6894676588437321,0.18080656920302368,post_hoc_final_checkpoint_only
R3,RIM_ONE_r3,1,28,2,0.4569588191300536,0.45772398722474367,11898,5446,6452,0.7783698589012309,0.16092203979558553,post_hoc_final_checkpoint_only
R3,RIM_ONE_r3,1,29,0,0.4589402967544381,0.4589556529151716,504430,231511,272919,0.9869596833149274,0.008015344779859731,post_hoc_final_checkpoint_only
R3,RIM_ONE_r3,1,29,1,0.4589713820696545,0.45931492485145053,28610,13141,15469,0.6894676588437321,0.18080656920302368,post_hoc_final_checkpoint_only
R3,RIM_ONE_r3,1,29,2,0.4589411339081403,0.45982890087409334,10754,4945,5809,0.7783698589012309,0.16092203979558553,post_hoc_final_checkpoint_only
R3,RIM_ONE_r3,1,30,0,0.4609421721653277,0.46095906266137215,505431,232983,272448,0.9869596833149274,0.008015344779859731,post_hoc_final_checkpoint_only
R3,RIM_ONE_r3,1,30,1,0.4609199139338722,0.46116716266240837,27554,12707,14847,0.6894676588437321,0.18080656920302368,post_hoc_final_checkpoint_only
R3,RIM_ONE_r3,1,30,2,0.460880673152005,0.4615578100108996,11927,5505,6422,0.7783698589012309,0.16092203979558553,post_hoc_final_checkpoint_only
R3,RIM_ONE_r3,1,31,0,0.46294329103275267,0.4629608653228964,503211,232967,270244,0.9869596833149274,0.008015344779859731,post_hoc_final_checkpoint_only
R3,RIM_ONE_r3,1,31,1,0.46288393535360123,0.4631856305202999,26946,12481,14465,0.6894676588437321,0.18080656920302368,post_hoc_final_checkpoint_only
R3,RIM_ONE_r3,1,31,2,0.4630585349152039,0.46374027470944196,10411,4828,5583,0.7783698589012309,0.16092203979558553,post_hoc_final_checkpoint_only
R3,RIM_ONE_r3,1,32,0,0.4649465145473557,0.46496203458055074,502826,233795,269031,0.9869596833149274,0.008015344779859731,post_hoc_final_checkpoint_only
R3,RIM_ONE_r3,1,32,1,0.46488941282505347,0.46513906685761663,26534,12342,14192,0.6894676588437321,0.18080656920302368,post_hoc_final_checkpoint_only
R3,RIM_ONE_r3,1,32,2,0.46497568883921414,0.4655781112091792,11330,5275,6055,0.7783698589012309,0.16092203979558553,post_hoc_final_checkpoint_only
R3,RIM_ONE_r3,1,33,0,0.466948085237299,0.4669677084138987,504249,235468,268781,0.9869596833149274,0.008015344779859731,post_hoc_final_checkpoint_only
R3,RIM_ONE_r3,1,33,1,0.46687570077396107,0.46713961611869353,27769,12972,14797,0.6894676588437321,0.18080656920302368,post_hoc_final_checkpoint_only
R3,RIM_ONE_r3,1,33,2,0.4670148302865424,0.4677276746242264,11310,5290,6020,0.7783698589012309,0.16092203979558553,post_hoc_final_checkpoint_only
R3,RIM_ONE_r3,1,34,0,0.46894565591780657,0.46896115324151433,505705,237156,268549,0.9869596833149274,0.008015344779859731,post_hoc_final_checkpoint_only
R3,RIM_ONE_r3,1,34,1,0.4689199814847984,0.46919135973414566,28888,13554,15334,0.6894676588437321,0.18080656920302368,post_hoc_final_checkpoint_only
R3,RIM_ONE_r3,1,34,2,0.4690299237940174,0.46976328718177757,11195,5259,5936,0.7783698589012309,0.16092203979558553,post_hoc_final_checkpoint_only
R3,RIM_ONE_r3,1,35,0,0.47094808286425716,0.4709627181511246,504696,237693,267003,0.9869596833149274,0.008015344779859731,post_hoc_final_checkpoint_only
R3,RIM_ONE_r3,1,35,1,0.47093019131429775,0.47117543435459913,28951,13641,15310,0.6894676588437321,0.18080656920302368,post_hoc_final_checkpoint_only
R3,RIM_ONE_r3,1,35,2,0.47093707638592397,0.4715440238196512,11755,5543,6212,0.7783698589012309,0.16092203979558553,post_hoc_final_checkpoint_only
R3,RIM_ONE_r3,1,36,0,0.4729438465406431,0.4729612168988183,504627,238669,265958,0.9869596833149274,0.008015344779859731,post_hoc_final_checkpoint_only
R3,RIM_ONE_r3,1,36,1,0.4729282856478511,0.4732962294054771,27131,12841,14290,0.6894676588437321,0.18080656920302368,post_hoc_final_checkpoint_only
R3,RIM_ONE_r3,1,36,2,0.4730632271920889,0.4739203096138623,11369,5388,5981,0.7783698589012309,0.16092203979558553,post_hoc_final_checkpoint_only
R3,RIM_ONE_r3,1,37,0,0.4749434008245629,0.4749625389476021,504524,239630,264894,0.9869596833149274,0.008015344779859731,post_hoc_final_checkpoint_only
R3,RIM_ONE_r3,1,37,1,0.4749846181318718,0.47535089538823205,28926,13750,15176,0.6894676588437321,0.18080656920302368,post_hoc_final_checkpoint_only
R3,RIM_ONE_r3,1,37,2,0.4749530681951919,0.47563825961884215,11124,5291,5833,0.7783698589012309,0.16092203979558553,post_hoc_final_checkpoint_only
R3,RIM_ONE_r3,1,38,0,0.47694513560762064,0.4769619300400111,504860,240799,264061,0.9869596833149274,0.008015344779859731,post_hoc_final_checkpoint_only
R3,RIM_ONE_r3,1,38,1,0.4769695404707649,0.47724695208392404,28216,13466,14750,0.6894676588437321,0.18080656920302368,post_hoc_final_checkpoint_only
R3,RIM_ONE_r3,1,38,2,0.4769157494863886,0.4774890043982407,12505,5971,6534,0.7783698589012309,0.16092203979558553,post_hoc_final_checkpoint_only
R3,RIM_ONE_r3,1,39,0,0.478944215433808,0.4789619903772601,500689,239811,260878,0.9869596833149274,0.008015344779859731,post_hoc_final_checkpoint_only
R3,RIM_ONE_r3,1,39,1,0.47894882608885353,0.4791786329695577,27856,13348,14508,0.6894676588437321,0.18080656920302368,post_hoc_final_checkpoint_only
R3,RIM_ONE_r3,1,39,2,0.47901528168195207,0.47967404389295304,10799,5180,5619,0.7783698589012309,0.16092203979558553,post_hoc_final_checkpoint_only
R3,RIM_ONE_r3,1,40,0,0.48094636733565593,0.48096301901295957,499554,240267,259287,0.9869596833149274,0.008015344779859731,post_hoc_final_checkpoint_only
R3,RIM_ONE_r3,1,40,1,0.4809793997219276,0.4813274927611552,26938,12966,13972,0.6894676588437321,0.18080656920302368,post_hoc_final_checkpoint_only
R3,RIM_ONE_r3,1,40,2,0.4808868206225438,0.4817345819623724,11853,5710,6143,0.7783698589012309,0.16092203979558553,post_hoc_final_checkpoint_only
R3,RIM_ONE_r3,1,41,0,0.4829460953259761,0.482963345892692,502945,242904,260041,0.9869596833149274,0.008015344779859731,post_hoc_final_checkpoint_only
R3,RIM_ONE_r3,1,41,1,0.4829893815267692,0.4832911911433062,29266,14144,15122,0.6894676588437321,0.18080656920302368,post_hoc_final_checkpoint_only
R3,RIM_ONE_r3,1,41,2,0.4828156363039617,0.48339211022717954,12193,5894,6299,0.7783698589012309,0.16092203979558553,post_hoc_final_checkpoint_only
R3,RIM_ONE_r3,1,42,0,0.4849473116313843,0.48496018021071097,501635,243273,258362,0.9869596833149274,0.008015344779859731,post_hoc_final_checkpoint_only
R3,RIM_ONE_r3,1,42,1,0.4849517023325434,0.48525536006838094,28078,13625,14453,0.6894676588437321,0.18080656920302368,post_hoc_final_checkpoint_only
R3,RIM_ONE_r3,1,42,2,0.48501034224025197,0.485862239026796,12166,5911,6255,0.7783698589012309,0.16092203979558553,post_hoc_final_checkpoint_only
R3,RIM_ONE_r3,1,43,0,0.48694952346582776,0.48696557465315377,503321,245100,258221,0.9869596833149274,0.008015344779859731,post_hoc_final_checkpoint_only
R3,RIM_ONE_r3,1,43,1,0.4869624886755853,0.48736448165438484,25919,12632,13287,0.6894676588437321,0.18080656920302368,post_hoc_final_checkpoint_only
R3,RIM_ONE_r3,1,43,2,0.48697294844577566,0.4876808417360807,11405,5562,5843,0.7783698589012309,0.16092203979558553,post_hoc_final_checkpoint_only
R3,RIM_ONE_r3,1,44,0,0.48895379303673475,0.48897068373967656,500439,244700,255739,0.9869596833149274,0.008015344779859731,post_hoc_final_checkpoint_only
R3,RIM_ONE_r3,1,44,1,0.4889122944496281,0.48915865789917384,29655,14506,15149,0.6894676588437321,0.18080656920302368,post_hoc_final_checkpoint_only
R3,RIM_ONE_r3,1,44,2,0.4889644560173899,0.48954045198689405,11903,5827,6076,0.7783698589012309,0.16092203979558553,post_hoc_final_checkpoint_only
R3,RIM_ONE_r3,1,45,0,0.49094676340204024,0.49096348494046416,504066,247478,256588,0.9869596833149274,0.008015344779859731,post_hoc_final_checkpoint_only
R3,RIM_ONE_r3,1,45,1,0.49096477219532253,0.4912544077086897,28643,14071,14572,0.6894676588437321,0.18080656920302368,post_hoc_final_checkpoint_only
R3,RIM_ONE_r3,1,45,2,0.4908991650233131,0.49147861764241757,12674,6229,6445,0.7783698589012309,0.16092203979558553,post_hoc_final_checkpoint_only
R3,RIM_ONE_r3,1,46,0,0.49294900185951646,0.4929674633020023,501526,247236,254290,0.9869596833149274,0.008015344779859731,post_hoc_final_checkpoint_only
R3,RIM_ONE_r3,1,46,1,0.49294112968580633,0.49328626799557035,28896,14254,14642,0.6894676588437321,0.18080656920302368,post_hoc_final_checkpoint_only
R3,RIM_ONE_r3,1,46,2,0.49290485485460367,0.4936795353604373,11708,5780,5928,0.7783698589012309,0.16092203979558553,post_hoc_final_checkpoint_only
R3,RIM_ONE_r3,1,47,0,0.4949485664494892,0.49496177694556737,504146,249533,254613,0.9869596833149274,0.008015344779859731,post_hoc_final_checkpoint_only
R3,RIM_ONE_r3,1,47,1,0.4949286988529296,0.4952116156935434,25896,12824,13072,0.6894676588437321,0.18080656920302368,post_hoc_final_checkpoint_only
R3,RIM_ONE_r3,1,47,2,0.4950035575294933,0.4955894906573082,10543,5225,5318,0.7783698589012309,0.16092203979558553,post_hoc_final_checkpoint_only
R3,RIM_ONE_r3,1,48,0,0.49695264503555914,0.496966702461902,501929,249442,252487,0.9869596833149274,0.008015344779859731,post_hoc_final_checkpoint_only
R3,RIM_ONE_r3,1,48,1,0.49696154562711303,0.4972437012098117,27029,13440,13589,0.6894676588437321,0.18080656920302368,post_hoc_final_checkpoint_only
R3,RIM_ONE_r3,1,48,2,0.49688359815155725,0.49752593774940146,12530,6234,6296,0.7783698589012309,0.16092203979558553,post_hoc_final_checkpoint_only
R3,RIM_ONE_r3,1,49,0,0.49895145365937565,0.4989683292840914,507914,253433,254481,0.9869596833149274,0.008015344779859731,post_hoc_final_checkpoint_only
R3,RIM_ONE_r3,1,49,1,0.49901852709435396,0.49934454473950335,26699,13332,13367,0.6894676588437321,0.18080656920302368,post_hoc_final_checkpoint_only
R3,RIM_ONE_r3,1,49,2,0.49893423210376886,0.49952393317752963,11553,5771,5782,0.7783698589012309,0.16092203979558553,post_hoc_final_checkpoint_only
R3,RIM_ONE_r3,1,50,0,0.5009581876905117,0.5009708041128604,501646,251310,250336,0.9869596833149274,0.008015344779859731,post_hoc_final_checkpoint_only
R3,RIM_ONE_r3,1,50,1,0.500932948840347,0.5012959515204615,27393,13732,13661,0.6894676588437321,0.18080656920302368,post_hoc_final_checkpoint_only
R3,RIM_ONE_r3,1,50,2,0.500929936221594,0.5014979501734469,12684,6361,6323,0.7783698589012309,0.16092203979558553,post_hoc_final_checkpoint_only
R3,RIM_ONE_r3,1,51,0,0.5029495923052484,0.5029603749940514,504328,253657,250671,0.9869596833149274,0.008015344779859731,post_hoc_final_checkpoint_only
R3,RIM_ONE_r3,1,51,1,0.5029918240544895,0.5032260351673284,28208,14195,14013,0.6894676588437321,0.18080656920302368,post_hoc_final_checkpoint_only
R3,RIM_ONE_r3,1,51,2,0.5030126816509422,0.503658739397971,12026,6057,5969,0.7783698589012309,0.16092203979558553,post_hoc_final_checkpoint_only
R3,RIM_ONE_r3,1,52,0,0.5049574588275055,0.5049730315208464,500399,252688,247711,0.9869596833149274,0.008015344779859731,post_hoc_final_checkpoint_only
R3,RIM_ONE_r3,1,52,1,0.5049586086520046,0.5051969270344492,28767,14533,14234,0.6894676588437321,0.18080656920302368,post_hoc_final_checkpoint_only
R3,RIM_ONE_r3,1,52,2,0.5049491358750849,0.5056748734066702,11454,5792,5662,0.7783698589012309,0.16092203979558553,post_hoc_final_checkpoint_only
R3,RIM_ONE_r3,1,53,0,0.5069477694526816,0.5069619054265575,501515,254249,247266,0.9869596833149274,0.008015344779859731,post_hoc_final_checkpoint_only
R3,RIM_ONE_r3,1,53,1,0.5069852047979666,0.5072646228180612,29389,14908,14481,0.6894676588437321,0.18080656920302368,post_hoc_final_checkpoint_only
R3,RIM_ONE_r3,1,53,2,0.5069630258182912,0.50759684989261,12571,6381,6190,0.7783698589012309,0.16092203979558553,post_hoc_final_checkpoint_only
R3,RIM_ONE_r3,1,54,0,0.5089549344425286,0.5089706198752122,501972,255489,246483,0.9869596833149274,0.008015344779859731,post_hoc_final_checkpoint_only
R3,RIM_ONE_r3,1,54,1,0.5089654935477642,0.5092641423197272,28443,14485,13958,0.6894676588437321,0.18080656920302368,post_hoc_final_checkpoint_only
R3,RIM_ONE_r3,1,54,2,0.5088820496279252,0.5094769956744003,12715,6478,6237,0.7783698589012309,0.16092203979558553,post_hoc_final_checkpoint_only
R3,RIM_ONE_r3,1,55,0,0.5109574785812416,0.5109766624104504,502794,256916,245878,0.9869596833149274,0.008015344779859731,post_hoc_final_checkpoint_only
R3,RIM_ONE_r3,1,55,1,0.5109353594978326,0.5111482138509166,28749,14695,14054,0.6894676588437321,0.18080656920302368,post_hoc_final_checkpoint_only
R3,RIM_ONE_r3,1,55,2,0.5108823121463868,0.5116721854304636,12080,6181,5899,0.7783698589012309,0.16092203979558553,post_hoc_final_checkpoint_only
R3,RIM_ONE_r3,1,56,0,0.512958581196197,0.5129769622020545,501350,257181,244169,0.9869596833149274,0.008015344779859731,post_hoc_final_checkpoint_only
R3,RIM_ONE_r3,1,56,1,0.5129240929706911,0.5131602004696316,28533,14642,13891,0.6894676588437321,0.18080656920302368,post_hoc_final_checkpoint_only
R3,RIM_ONE_r3,1,56,2,0.5131219265962063,0.5137838497194438,12297,6318,5979,0.7783698589012309,0.16092203979558553,post_hoc_final_checkpoint_only
R3,RIM_ONE_r3,1,57,0,0.5149618301341352,0.5149757640296888,498639,256787,241852,0.9869596833149274,0.008015344779859731,post_hoc_final_checkpoint_only
R3,RIM_ONE_r3,1,57,1,0.5149237399154092,0.5151582915375523,31303,16126,15177,0.6894676588437321,0.18080656920302368,post_hoc_final_checkpoint_only
R3,RIM_ONE_r3,1,57,2,0.5149793852920259,0.515488792029888,12848,6623,6225,0.7783698589012309,0.16092203979558553,post_hoc_final_checkpoint_only
R3,RIM_ONE_r3,1,58,0,0.5169626754418849,0.5169823489611567,505466,261317,244149,0.9869596833149274,0.008015344779859731,post_hoc_final_checkpoint_only
R3,RIM_ONE_r3,1,58,1,0.5169455862196757,0.5172488687782806,27625,14289,13336,0.6894676588437321,0.18080656920302368,post_hoc_final_checkpoint_only
R3,RIM_ONE_r3,1,58,2,0.5170629339940898,0.5178026449643948,12779,6617,6162,0.7783698589012309,0.16092203979558553,post_hoc_final_checkpoint_only
R3,RIM_ONE_r3,1,59,0,0.5189634716798771,0.5189814630257126,501700,260373,241327,0.9869596833149274,0.008015344779859731,post_hoc_final_checkpoint_only
R3,RIM_ONE_r3,1,59,1,0.5188951454390818,0.5191770212479375,29697,15418,14279,0.6894676588437321,0.18080656920302368,post_hoc_final_checkpoint_only
R3,RIM_ONE_r3,1,59,2,0.5190454175592387,0.5196689067366006,12202,6341,5861,0.7783698589012309,0.16092203979558553,post_hoc_final_checkpoint_only
R3,RIM_ONE_r3,1,60,0,0.5209605914254364,0.5209758089210983,499647,260304,239343,0.9869596833149274,0.008015344779859731,post_hoc_final_checkpoint_only
R3,RIM_ONE_r3,1,60,1,0.5209845368930239,0.5212236186862699,29519,15386,14133,0.6894676588437321,0.18080656920302368,post_hoc_final_checkpoint_only
R3,RIM_ONE_r3,1,60,2,0.5209167074594662,0.5215654361174817,13517,7050,6467,0.7783698589012309,0.16092203979558553,post_hoc_final_checkpoint_only
R3,RIM_ONE_r3,1,61,0,0.5229629992331768,0.5229758386514004,503159,263140,240019,0.9869596833149274,0.008015344779859731,post_hoc_final_checkpoint_only
R3,RIM_ONE_r3,1,61,1,0.5229925891475233,0.5233062330623306,29520,15448,14072,0.6894676588437321,0.18080656920302368,post_hoc_final_checkpoint_only
R3,RIM_ONE_r3,1,61,2,0.5229473407366124,0.5236552659334036,13274,6951,6323,0.7783698589012309,0.16092203979558553,post_hoc_final_checkpoint_only
R3,RIM_ONE_r3,1,62,0,0.5249649375599883,0.5249765654199536,500329,262661,237668,0.9869596833149274,0.008015344779859731,post_hoc_final_checkpoint_only
R3,RIM_ONE_r3,1,62,1,0.524923842299216,0.5251763000065907,30346,15937,14409,0.6894676588437321,0.18080656920302368,post_hoc_final_checkpoint_only
R3,RIM_ONE_r3,1,62,2,0.525013988291151,0.5255289788408464,13044,6855,6189,0.7783698589012309,0.16092203979558553,post_hoc_final_checkpoint_only
R3,RIM_ONE_r3,1,63,0,0.5269626372418267,0.5269786386029544,503806,265495,238311,0.9869596833149274,0.008015344779859731,post_hoc_final_checkpoint_only
R3,RIM_ONE_r3,1,63,1,0.5269210183761537,0.5271358914564341,28302,14919,13383,0.6894676588437321,0.18080656920302368,post_hoc_final_checkpoint_only
R3,RIM_ONE_r3,1,63,2,0.5269812795079235,0.527468933943754,12232,6452,5780,0.7783698589012309,0.16092203979558553,post_hoc_final_checkpoint_only
R3,RIM_ONE_r3,1,64,0,0.5289569930172539,0.5289752770128737,500789,264905,235884,0.9869596833149274,0.008015344779859731,post_hoc_final_checkpoint_only
R3,RIM_ONE_r3,1,64,1,0.5289476845515527,0.5291625936787228,30690,16240,14450,0.6894676588437321,0.18080656920302368,post_hoc_final_checkpoint_only
R3,RIM_ONE_r3,1,64,2,0.5290517475417287,0.5295925661186562,13990,7409,6581,0.7783698589012309,0.16092203979558553,post_hoc_final_checkpoint_only
R3,RIM_ONE_r3,1,65,0,0.5309593522688291,0.530975728978582,501215,266133,235082,0.9869596833149274,0.008015344779859731,post_hoc_final_checkpoint_only
R3,RIM_ONE_r3,1,65,1,0.5309358163714343,0.5312024879060124,28940,15373,13567,0.6894676588437321,0.18080656920302368,post_hoc_final_checkpoint_only
R3,RIM_ONE_r3,1,65,2,0.5311287168656958,0.531799379524302,11604,6171,5433,0.7783698589012309,0.16092203979558553,post_hoc_final_checkpoint_only
R3,RIM_ONE_r3,1,66,0,0.5329629327763874,0.5329801001294122,499953,266465,233488,0.9869596833149274,0.008015344779859731,post_hoc_final_checkpoint_only
R3,RIM_ONE_r3,1,66,1,0.5329309193231512,0.5331990644490644,30784,16414,14370,0.6894676588437321,0.18080656920302368,post_hoc_final_checkpoint_only
R3,RIM_ONE_r3,1,66,2,0.5330082534290371,0.5338257512170556,11914,6360,5554,0.7783698589012309,0.16092203979558553,post_hoc_final_checkpoint_only
R3,RIM_ONE_r3,1,67,0,0.5349654779523251,0.5349796037585515,503279,269244,234035,0.9869596833149274,0.008015344779859731,post_hoc_final_checkpoint_only
R3,RIM_ONE_r3,1,67,1,0.5349656207534733,0.5352453917427888,30543,16348,14195,0.6894676588437321,0.18080656920302368,post_hoc_final_checkpoint_only
R3,RIM_ONE_r3,1,67,2,0.5350138115285601,0.535693509515499,12033,6446,5587,0.7783698589012309,0.16092203979558553,post_hoc_final_checkpoint_only
R3,RIM_ONE_r3,1,68,0,0.5369627188315076,0.5369795598803232,500682,268856,231826,0.9869596833149274,0.008015344779859731,post_hoc_final_checkpoint_only
R3,RIM_ONE_r3,1,68,1,0.5369834373862783,0.5372907667386609,29632,15921,13711,0.6894676588437321,0.18080656920302368,post_hoc_final_checkpoint_only
R3,RIM_ONE_r3,1,68,2,0.5369258444151501,0.5376634762913713,13687,7359,6328,0.7783698589012309,0.16092203979558553,post_hoc_final_checkpoint_only
R3,RIM_ONE_r3,1,69,0,0.5389645594497279,0.5389815716958463,501891,270510,231381,0.9869596833149274,0.008015344779859731,post_hoc_final_checkpoint_only
R3,RIM_ONE_r3,1,69,1,0.5389620566646307,0.5391725654594186,29102,15691,13411,0.6894676588437321,0.18080656920302368,post_hoc_final_checkpoint_only
R3,RIM_ONE_r3,1,69,2,0.5390036457854656,0.5395810873248114,12986,7007,5979,0.7783698589012309,0.16092203979558553,post_hoc_final_checkpoint_only
R3,RIM_ONE_r3,1,70,0,0.5409699584774109,0.540983737324386,501455,271279,230176,0.9869596833149274,0.008015344779859731,post_hoc_final_checkpoint_only
R3,RIM_ONE_r3,1,70,1,0.5408892771856741,0.5411784455262716,29785,16119,13666,0.6894676588437321,0.18080656920302368,post_hoc_final_checkpoint_only
R3,RIM_ONE_r3,1,70,2,0.5409528902829573,0.5415559772296015,13175,7135,6040,0.7783698589012309,0.16092203979558553,post_hoc_final_checkpoint_only
R3,RIM_ONE_r3,1,71,0,0.5429722581086587,0.5429844755562826,501274,272184,229090,0.9869596833149274,0.008015344779859731,post_hoc_final_checkpoint_only
R3,RIM_ONE_r3,1,71,1,0.5429011951243806,0.5431749172665552,29311,15921,13390,0.6894676588437321,0.18080656920302368,post_hoc_final_checkpoint_only
R3,RIM_ONE_r3,1,71,2,0.5430471414480059,0.5437091824691164,12709,6910,5799,0.7783698589012309,0.16092203979558553,post_hoc_final_checkpoint_only
R3,RIM_ONE_r3,1,72,0,0.5449703724133761,0.544985305327094,499841,272406,227435,0.9869596833149274,0.008015344779859731,post_hoc_final_checkpoint_only
R3,RIM_ONE_r3,1,72,1,0.5449073043645869,0.545223013126102,30626,16698,13928,0.6894676588437321,0.18080656920302368,post_hoc_final_checkpoint_only
R3,RIM_ONE_r3,1,72,2,0.545083167575577,0.5459668601228026,11889,6491,5398,0.7783698589012309,0.16092203979558553,post_hoc_final_checkpoint_only
R3,RIM_ONE_r3,1,73,0,0.5469622192485072,0.5469760441289202,499627,273284,226343,0.9869596833149274,0.008015344779859731,post_hoc_final_checkpoint_only
R3,RIM_ONE_r3,1,73,1,0.5470313449616097,0.5473108905579399,29824,16323,13501,0.6894676588437321,0.18080656920302368,post_hoc_final_checkpoint_only
R3,RIM_ONE_r3,1,73,2,0.5469540725940333,0.5476778459332431,12553,6875,5678,0.7783698589012309,0.16092203979558553,post_hoc_final_checkpoint_only
R3,RIM_ONE_r3,1,74,0,0.5489691893009846,0.5489858745038259,505115,277301,227814,0.9869596833149274,0.008015344779859731,post_hoc_final_checkpoint_only
R3,RIM_ONE_r3,1,74,1,0.5489835979997927,0.5492115461713216,29932,16439,13493,0.6894676588437321,0.18080656920302368,post_hoc_final_checkpoint_only
R3,RIM_ONE_r3,1,74,2,0.5489359049375067,0.5497080971317371,11819,6497,5322,0.7783698589012309,0.16092203979558553,post_hoc_final_checkpoint_only
R3,RIM_ONE_r3,1,75,0,0.5509698327225003,0.5509856140673101,500906,275992,224914,0.9869596833149274,0.008015344779859731,post_hoc_final_checkpoint_only
R3,RIM_ONE_r3,1,75,1,0.5509798931591721,0.5512482708648969,30362,16737,13625,0.6894676588437321,0.18080656920302368,post_hoc_final_checkpoint_only
R3,RIM_ONE_r3,1,75,2,0.5510008483274554,0.5514950166112956,12341,6806,5535,0.7783698589012309,0.16092203979558553,post_hoc_final_checkpoint_only
R3,RIM_ONE_r3,1,76,0,0.5529696172193718,0.552986427869599,500732,276898,223834,0.9869596833149274,0.008015344779859731,post_hoc_final_checkpoint_only
R3,RIM_ONE_r3,1,76,1,0.5529803399308707,0.5532965731876459,29561,16356,13205,0.6894676588437321,0.18080656920302368,post_hoc_final_checkpoint_only
R3,RIM_ONE_r3,1,76,2,0.5529599474268179,0.5536956355575938,13083,7244,5839,0.7783698589012309,0.16092203979558553,post_hoc_final_checkpoint_only
R3,RIM_ONE_r3,1,77,0,0.554969194447573,0.5549893587118018,498060,276418,221642,0.9869596833149274,0.008015344779859731,post_hoc_final_checkpoint_only
R3,RIM_ONE_r3,1,77,1,0.5549675574617837,0.5552578906851424,32475,18032,14443,0.6894676588437321,0.18080656920302368,post_hoc_final_checkpoint_only
R3,RIM_ONE_r3,1,77,2,0.5550071977602646,0.555787197899776,12951,7198,5753,0.7783698589012309,0.16092203979558553,post_hoc_final_checkpoint_only
R3,RIM_ONE_r3,1,78,0,0.5569709063348549,0.5569896660593332,503293,280329,222964,0.9869596833149274,0.008015344779859731,post_hoc_final_checkpoint_only
R3,RIM_ONE_r3,1,78,1,0.5570127774986672,0.5573014461244523,30357,16918,13439,0.6894676588437321,0.18080656920302368,post_hoc_final_checkpoint_only
R3,RIM_ONE_r3,1,78,2,0.556963913308561,0.5577869182998629,12399,6916,5483,0.7783698589012309,0.16092203979558553,post_hoc_final_checkpoint_only
R3,RIM_ONE_r3,1,79,0,0.5589786816757276,0.5589909876689185,498983,278927,220056,0.9869596833149274,0.008015344779859731,post_hoc_final_checkpoint_only
R3,RIM_ONE_r3,1,79,1,0.5589634552407116,0.5591714042998105,30606,17114,13492,0.6894676588437321,0.18080656920302368,post_hoc_final_checkpoint_only
R3,RIM_ONE_r3,1,79,2,0.5589546156535563,0.559728824125302,12833,7183,5650,0.7783698589012309,0.16092203979558553,post_hoc_final_checkpoint_only
R3,RIM_ONE_r3,1,80,0,0.5609722632600804,0.5609888324832627,501723,281461,220262,0.9869596833149274,0.008015344779859731,post_hoc_final_checkpoint_only
R3,RIM_ONE_r3,1,80,1,0.5609529462287268,0.5612167058673956,31462,17657,13805,0.6894676588437321,0.18080656920302368,post_hoc_final_checkpoint_only
R3,RIM_ONE_r3,1,80,2,0.5609252479640028,0.5616404512888084,12143,6820,5323,0.7783698589012309,0.16092203979558553,post_hoc_final_checkpoint_only
R3,RIM_ONE_r3,1,81,0,0.562977830763404,0.5629957312240402,503423,283425,219998,0.9869596833149274,0.008015344779859731,post_hoc_final_checkpoint_only
R3,RIM_ONE_r3,1,81,1,0.5629830414074715,0.5632034905779689,31628,17813,13815,0.6894676588437321,0.18080656920302368,post_hoc_final_checkpoint_only
R3,RIM_ONE_r3,1,81,2,0.5628914869102176,0.5635443814195922,13046,7352,5694,0.7783698589012309,0.16092203979558553,post_hoc_final_checkpoint_only
R3,RIM_ONE_r3,1,82,0,0.5649725684977229,0.5649899588982907,501439,283308,218131,0.9869596833149274,0.008015344779859731,post_hoc_final_checkpoint_only
R3,RIM_ONE_r3,1,82,1,0.5649568903365788,0.5652333946796052,29885,16892,12993,0.6894676588437321,0.18080656920302368,post_hoc_final_checkpoint_only
R3,RIM_ONE_r3,1,82,2,0.5650415951806093,0.5656565656565656,13464,7616,5848,0.7783698589012309,0.16092203979558553,post_hoc_final_checkpoint_only
R3,RIM_ONE_r3,1,83,0,0.566973036744422,0.5669854603814786,502833,285099,217734,0.9869596833149274,0.008015344779859731,post_hoc_final_checkpoint_only
R3,RIM_ONE_r3,1,83,1,0.5669453266420322,0.567198820688141,31883,18084,13799,0.6894676588437321,0.18080656920302368,post_hoc_final_checkpoint_only
R3,RIM_ONE_r3,1,83,2,0.5670044899383694,0.5676965383371078,12364,7019,5345,0.7783698589012309,0.16092203979558553,post_hoc_final_checkpoint_only
R3,RIM_ONE_r3,1,84,0,0.5689772270822144,0.5689940099154506,499826,284398,215428,0.9869596833149274,0.008015344779859731,post_hoc_final_checkpoint_only
R3,RIM_ONE_r3,1,84,1,0.5689473332949897,0.569127681809799,32534,18516,14018,0.6894676588437321,0.18080656920302368,post_hoc_final_checkpoint_only
R3,RIM_ONE_r3,1,84,2,0.5689827942607182,0.5696133458060493,12828,7307,5521,0.7783698589012309,0.16092203979558553,post_hoc_final_checkpoint_only
R3,RIM_ONE_r3,1,85,0,0.5709751856399016,0.5709916759311282,501918,286591,215327,0.9869596833149274,0.008015344779859731,post_hoc_final_checkpoint_only
R3,RIM_ONE_r3,1,85,1,0.5709560385111655,0.5711460559471787,31351,17906,13445,0.6894676588437321,0.18080656920302368,post_hoc_final_checkpoint_only
R3,RIM_ONE_r3,1,85,2,0.5710182066637971,0.5716169057774331,12895,7371,5524,0.7783698589012309,0.16092203979558553,post_hoc_final_checkpoint_only
R3,RIM_ONE_r3,1,86,0,0.5729825650276241,0.5729982013706314,500937,287036,213901,0.9869596833149274,0.008015344779859731,post_hoc_final_checkpoint_only
R3,RIM_ONE_r3,1,86,1,0.5729444827826864,0.5731545646278999,33190,19023,14167,0.6894676588437321,0.18080656920302368,post_hoc_final_checkpoint_only
R3,RIM_ONE_r3,1,86,2,0.5728987004001023,0.5735644981708287,12574,7212,5362,0.7783698589012309,0.16092203979558553,post_hoc_final_checkpoint_only
R3,RIM_ONE_r3,1,87,0,0.574980029909472,0.5749960477313978,499713,287333,212380,0.9869596833149274,0.008015344779859731,post_hoc_final_checkpoint_only
R3,RIM_ONE_r3,1,87,1,0.5749484231957702,0.5752329367766064,31017,17842,13175,0.6894676588437321,0.18080656920302368,post_hoc_final_checkpoint_only
R3,RIM_ONE_r3,1,87,2,0.575013728504768,0.5757002271006812,13210,7605,5605,0.7783698589012309,0.16092203979558553,post_hoc_final_checkpoint_only
R3,RIM_ONE_r3,1,88,0,0.5769773159269208,0.5769931058688859,501441,289328,212113,0.9869596833149274,0.008015344779859731,post_hoc_final_checkpoint_only
R3,RIM_ONE_r3,1,88,1,0.5770225560490437,0.577225211851302,32334,18664,13670,0.6894676588437321,0.18080656920302368,post_hoc_final_checkpoint_only
R3,RIM_ONE_r3,1,88,2,0.5770149220962656,0.577675585284281,11960,6909,5051,0.7783698589012309,0.16092203979558553,post_hoc_final_checkpoint_only
R3,RIM_ONE_r3,1,89,0,0.5789747275378411,0.5789909032201485,501716,290489,211227,0.9869596833149274,0.008015344779859731,post_hoc_final_checkpoint_only
R3,RIM_ONE_r3,1,89,1,0.5789903460646122,0.5792700921402105,30497,17666,12831,0.6894676588437321,0.18080656920302368,post_hoc_final_checkpoint_only
R3,RIM_ONE_r3,1,89,2,0.5789645923514809,0.5795169249415635,11551,6694,4857,0.7783698589012309,0.16092203979558553,post_hoc_final_checkpoint_only
R3,RIM_ONE_r3,1,90,0,0.5809814212018788,0.5810003852574804,498368,289552,208816,0.9869596833149274,0.008015344779859731,post_hoc_final_checkpoint_only
R3,RIM_ONE_r3,1,90,1,0.5809306829952988,0.5811827956989247,31620,18377,13243,0.6894676588437321,0.18080656920302368,post_hoc_final_checkpoint_only
R3,RIM_ONE_r3,1,90,2,0.5810227284437977,0.5818028125720434,13013,7571,5442,0.7783698589012309,0.16092203979558553,post_hoc_final_checkpoint_only
R3,RIM_ONE_r3,1,91,0,0.5829744218885563,0.5829891740176424,498800,290795,208005,0.9869596833149274,0.008015344779859731,post_hoc_final_checkpoint_only
R3,RIM_ONE_r3,1,91,1,0.583010682276355,0.5832919717086488,32236,18803,13433,0.6894676588437321,0.18080656920302368,post_hoc_final_checkpoint_only
R3,RIM_ONE_r3,1,91,2,0.5830618619641471,0.583520831716968,12889,7521,5368,0.7783698589012309,0.16092203979558553,post_hoc_final_checkpoint_only
R3,RIM_ONE_r3,1,92,0,0.5849764087087959,0.5849934980494148,499850,292409,207441,0.9869596833149274,0.008015344779859731,post_hoc_final_checkpoint_only
R3,RIM_ONE_r3,1,92,1,0.5850126131998081,0.5852547590626375,31834,18631,13203,0.6894676588437321,0.18080656920302368,post_hoc_final_checkpoint_only
R3,RIM_ONE_r3,1,92,2,0.5850064930435441,0.5856307435254804,13167,7711,5456,0.7783698589012309,0.16092203979558553,post_hoc_final_checkpoint_only
R3,RIM_ONE_r3,1,93,0,0.5869770756104032,0.5869922186018899,503637,295631,208006,0.9869596833149274,0.008015344779859731,post_hoc_final_checkpoint_only
R3,RIM_ONE_r3,1,93,1,0.5869927448658688,0.587227750223345,32461,19062,13399,0.6894676588437321,0.18080656920302368,post_hoc_final_checkpoint_only
R3,RIM_ONE_r3,1,93,2,0.5869806190367604,0.5876381009256495,13396,7872,5524,0.7783698589012309,0.16092203979558553,post_hoc_final_checkpoint_only
R3,RIM_ONE_r3,1,94,0,0.5889816926206644,0.5889967053482444,498687,293725,204962,0.9869596833149274,0.008015344779859731,post_hoc_final_checkpoint_only
R3,RIM_ONE_r3,1,94,1,0.5889686026259178,0.589236248516027,32851,19357,13494,0.6894676588437321,0.18080656920302368,post_hoc_final_checkpoint_only
R3,RIM_ONE_r3,1,94,2,0.5890930543306498,0.5898657771424033,12591,7427,5164,0.7783698589012309,0.16092203979558553,post_hoc_final_checkpoint_only
R3,RIM_ONE_r3,1,95,0,0.5909825398590547,0.5909992140967898,501334,296288,205046,0.9869596833149274,0.008015344779859731,post_hoc_final_checkpoint_only
R3,RIM_ONE_r3,1,95,1,0.5909970953816933,0.5912769485903814,30150,17827,12323,0.6894676588437321,0.18080656920302368,post_hoc_final_checkpoint_only
R3,RIM_ONE_r3,1,95,2,0.5910795525757561,0.5916957643843935,13174,7795,5379,0.7783698589012309,0.16092203979558553,post_hoc_final_checkpoint_only
R3,RIM_ONE_r3,1,96,0,0.5929901442916302,0.593005737091544,501125,297170,203955,0.9869596833149274,0.008015344779859731,post_hoc_final_checkpoint_only
R3,RIM_ONE_r3,1,96,1,0.592854148593323,0.593114673545851,32562,19313,13249,0.6894676588437321,0.18080656920302368,post_hoc_final_checkpoint_only
R3,RIM_ONE_r3,1,96,2,0.5931280061896625,0.5938447190487293,12867,7641,5226,0.7783698589012309,0.16092203979558553,post_hoc_final_checkpoint_only
R3,RIM_ONE_r3,1,97,0,0.5949865301332725,0.595005252413137,504530,300198,204332,0.9869596833149274,0.008015344779859731,post_hoc_final_checkpoint_only
R3,RIM_ONE_r3,1,97,1,0.5949350027635928,0.5952046818548267,33491,19934,13557,0.6894676588437321,0.18080656920302368,post_hoc_final_checkpoint_only
R3,RIM_ONE_r3,1,97,2,0.5950559173389166,0.5956562647012702,12754,7597,5157,0.7783698589012309,0.16092203979558553,post_hoc_final_checkpoint_only
R3,RIM_ONE_r3,1,98,0,0.5969786971129569,0.5969958857657136,497784,297175,200609,0.9869596833149274,0.008015344779859731,post_hoc_final_checkpoint_only
R3,RIM_ONE_r3,1,98,1,0.5970168321853054,0.597297053246245,33223,19844,13379,0.6894676588437321,0.18080656920302368,post_hoc_final_checkpoint_only
R3,RIM_ONE_r3,1,98,2,0.5969803077697602,0.5975248652342268,13171,7870,5301,0.7783698589012309,0.16092203979558553,post_hoc_final_checkpoint_only
R3,RIM_ONE_r3,1,99,0,0.5989878573548476,0.5990038250259172,503526,301614,201912,0.9869596833149274,0.008015344779859731,post_hoc_final_checkpoint_only
R3,RIM_ONE_r3,1,99,1,0.5989898849662119,0.5991936516062972,31252,18726,12526,0.6894676588437321,0.18080656920302368,post_hoc_final_checkpoint_only
R3,RIM_ONE_r3,1,99,2,0.5989733050619731,0.5997138542246244,12581,7545,5036,0.7783698589012309,0.16092203979558553,post_hoc_final_checkpoint_only
R3,RIM_ONE_r3,1,100,0,0.6009835094384646,0.6009990758150355,502064,301740,200324,0.9869596833149274,0.008015344779859731,post_hoc_final_checkpoint_only
R3,RIM_ONE_r3,1,100,1,0.6010179812479475,0.6013000062802236,31846,19149,12697,0.6894676588437321,0.18080656920302368,post_hoc_final_checkpoint_only
R3,RIM_ONE_r3,1,100,2,0.6009454852942536,0.6015782269103792,12419,7471,4948,0.7783698589012309,0.16092203979558553,post_hoc_final_checkpoint_only
R3,RIM_ONE_r3,1,101,0,0.6029864411130846,0.6030051656274201,501004,302108,198896,0.9869596833149274,0.008015344779859731,post_hoc_final_checkpoint_only
R3,RIM_ONE_r3,1,101,1,0.6029967878122209,0.6032460032824752,32902,19848,13054,0.6894676588437321,0.18080656920302368,post_hoc_final_checkpoint_only
R3,RIM_ONE_r3,1,101,2,0.6028868744772519,0.6034588777863182,13010,7851,5159,0.7783698589012309,0.16092203979558553,post_hoc_final_checkpoint_only
R3,RIM_ONE_r3,1,102,0,0.6049817857960236,0.6049972632512575,500594,302858,197736,0.9869596833149274,0.008015344779859731,post_hoc_final_checkpoint_only
R3,RIM_ONE_r3,1,102,1,0.6050327823555777,0.6052461520385384,34044,20605,13439,0.6894676588437321,0.18080656920302368,post_hoc_final_checkpoint_only
R3,RIM_ONE_r3,1,102,2,0.6049347117334758,0.6055276381909548,13134,7953,5181,0.7783698589012309,0.16092203979558553,post_hoc_final_checkpoint_only
R3,RIM_ONE_r3,1,103,0,0.6069872279522694,0.6069970973612556,500579,303850,196729,0.9869596833149274,0.008015344779859731,post_hoc_final_checkpoint_only
R3,RIM_ONE_r3,1,103,1,0.6069880161420023,0.607214368966857,33461,20318,13143,0.6894676588437321,0.18080656920302368,post_hoc_final_checkpoint_only
R3,RIM_ONE_r3,1,103,2,0.6069597213132584,0.6074820561154208,13793,8379,5414,0.7783698589012309,0.16092203979558553,post_hoc_final_checkpoint_only
R3,RIM_ONE_r3,1,104,0,0.6089886203374687,0.6090044365288854,500842,305015,195827,0.9869596833149274,0.008015344779859731,post_hoc_final_checkpoint_only
R3,RIM_ONE_r3,1,104,1,0.6089955740475522,0.6092450277753793,34743,21167,13576,0.6894676588437321,0.18080656920302368,post_hoc_final_checkpoint_only
R3,RIM_ONE_r3,1,104,2,0.6090095850915407,0.6095803642121932,12630,7699,4931,0.7783698589012309,0.16092203979558553,post_hoc_final_checkpoint_only
R3,RIM_ONE_r3,1,105,0,0.610988665070434,0.6110050286422666,500135,305585,194550,0.9869596833149274,0.008015344779859731,post_hoc_final_checkpoint_only
R3,RIM_ONE_r3,1,105,1,0.6110027520295164,0.6112624088553106,34149,20874,13275,0.6894676588437321,0.18080656920302368,post_hoc_final_checkpoint_only
R3,RIM_ONE_r3,1,105,2,0.6109139720177794,0.6113751225767519,13257,8105,5152,0.7783698589012309,0.16092203979558553,post_hoc_final_checkpoint_only
R3,RIM_ONE_r3,1,106,0,0.6129904255071856,0.6130093359568908,501609,307491,194118,0.9869596833149274,0.008015344779859731,post_hoc_final_checkpoint_only
R3,RIM_ONE_r3,1,106,1,0.6129676688001917,0.6131586781780292,33590,20596,12994,0.6894676588437321,0.18080656920302368,post_hoc_final_checkpoint_only
R3,RIM_ONE_r3,1,106,2,0.6130356266636355,0.6137121212121213,13200,8101,5099,0.7783698589012309,0.16092203979558553,post_hoc_final_checkpoint_only
R3,RIM_ONE_r3,1,107,0,0.6149919403416969,0.6150105472192426,501554,308461,193093,0.9869596833149274,0.008015344779859731,post_hoc_final_checkpoint_only
R3,RIM_ONE_r3,1,107,1,0.6149971585712464,0.615178672077556,35484,21829,13655,0.6894676588437321,0.18080656920302368,post_hoc_final_checkpoint_only
R3,RIM_ONE_r3,1,107,2,0.6150471733822397,0.6157222990000812,12301,7574,4727,0.7783698589012309,0.16092203979558553,post_hoc_final_checkpoint_only
R3,RIM_ONE_r3,1,108,0,0.6169922689254874,0.6170104603386303,501609,309498,192111,0.9869596833149274,0.008015344779859731,post_hoc_final_checkpoint_only
R3,RIM_ONE_r3,1,108,1,0.6170184443622816,0.6172169219181521,31864,19667,12197,0.6894676588437321,0.18080656920302368,post_hoc_final_checkpoint_only
R3,RIM_ONE_r3,1,108,2,0.6169460662685411,0.6174785100286533,13262,8189,5073,0.7783698589012309,0.16092203979558553,post_hoc_final_checkpoint_only
R3,RIM_ONE_r3,1,109,0,0.6189884563017024,0.6190034794655954,503813,311862,191951,0.9869596833149274,0.008015344779859731,post_hoc_final_checkpoint_only
R3,RIM_ONE_r3,1,109,1,0.618999458785265,0.6193030285070823,33746,20899,12847,0.6894676588437321,0.18080656920302368,post_hoc_final_checkpoint_only
R3,RIM_ONE_r3,1,109,2,0.6190377158349799,0.619589451833628,13007,8059,4948,0.7783698589012309,0.16092203979558553,post_hoc_final_checkpoint_only
R3,RIM_ONE_r3,1,110,0,0.6209921359536479,0.6210100969986994,503615,312750,190865,0.9869596833149274,0.008015344779859731,post_hoc_final_checkpoint_only
R3,RIM_ONE_r3,1,110,1,0.6209850694340333,0.6211800035329447,33966,21099,12867,0.6894676588437321,0.18080656920302368,post_hoc_final_checkpoint_only
R3,RIM_ONE_r3,1,110,2,0.6209804906611642,0.6217257318952234,11682,7263,4419,0.7783698589012309,0.16092203979558553,post_hoc_final_checkpoint_only
R3,RIM_ONE_r3,1,111,0,0.6229984388928831,0.6230145654771593,503794,313871,189923,0.9869596833149274,0.008015344779859731,post_hoc_final_checkpoint_only
R3,RIM_ONE_r3,1,111,1,0.6230189212748289,0.623291109339475,33867,21109,12758,0.6894676588437321,0.18080656920302368,post_hoc_final_checkpoint_only
R3,RIM_ONE_r3,1,111,2,0.6229431566159614,0.6237712243074174,12309,7678,4631,0.7783698589012309,0.16092203979558553,post_hoc_final_checkpoint_only
R3,RIM_ONE_r3,1,112,0,0.6249934833915594,0.6250117107222376,501677,313554,188123,0.9869596833149274,0.008015344779859731,post_hoc_final_checkpoint_only
R3,RIM_ONE_r3,1,112,1,0.6249797547038342,0.6251941278166847,34127,21336,12791,0.6894676588437321,0.18080656920302368,post_hoc_final_checkpoint_only
R3,RIM_ONE_r3,1,112,2,0.6249675043367818,0.6255945303210464,13456,8418,5038,0.7783698589012309,0.16092203979558553,post_hoc_final_checkpoint_only
R3,RIM_ONE_r3,1,113,0,0.6269954228233761,0.6270101021799861,500783,313996,186787,0.9869596833149274,0.008015344779859731,post_hoc_final_checkpoint_only
R3,RIM_ONE_r3,1,113,1,0.626986325647023,0.62721504515834,34988,21945,13043,0.6894676588437321,0.18080656920302368,post_hoc_final_checkpoint_only
R3,RIM_ONE_r3,1,113,2,0.6269788153754462,0.627568493150685,12848,8063,4785,0.7783698589012309,0.16092203979558553,post_hoc_final_checkpoint_only
R3,RIM_ONE_r3,1,114,0,0.6289973356392939,0.6290135843627386,501827,315656,186171,0.9869596833149274,0.008015344779859731,post_hoc_final_checkpoint_only
R3,RIM_ONE_r3,1,114,1,0.6289876110760139,0.6292867132867133,35750,22497,13253,0.6894676588437321,0.18080656920302368,post_hoc_final_checkpoint_only
R3,RIM_ONE_r3,1,114,2,0.6290209966132966,0.6295442718013531,13451,8468,4983,0.7783698589012309,0.16092203979558553,post_hoc_final_checkpoint_only
R3,RIM_ONE_r3,1,115,0,0.6309974243864925,0.6310126306361291,504646,318438,186208,0.9869596833149274,0.008015344779859731,post_hoc_final_checkpoint_only
R3,RIM_ONE_r3,1,115,1,0.6309850511893094,0.631248007881545,34511,21785,12726,0.6894676588437321,0.18080656920302368,post_hoc_final_checkpoint_only
R3,RIM_ONE_r3,1,115,2,0.6309899374977899,0.6315871652744164,12809,8090,4719,0.7783698589012309,0.16092203979558553,post_hoc_final_checkpoint_only
R3,RIM_ONE_r3,1,116,0,0.6329968774484434,0.63301377892133,503305,318599,184706,0.9869596833149274,0.008015344779859731,post_hoc_final_checkpoint_only
R3,RIM_ONE_r3,1,116,1,0.6329615183641993,0.6332019676092397,34763,22012,12751,0.6894676588437321,0.18080656920302368,post_hoc_final_checkpoint_only
R3,RIM_ONE_r3,1,116,2,0.6330436761155193,0.6338157019294743,12024,7621,4403,0.7783698589012309,0.16092203979558553,post_hoc_final_checkpoint_only
R3,RIM_ONE_r3,1,117,0,0.6349925484618476,0.6350071079917686,502955,319380,183575,0.9869596833149274,0.008015344779859731,post_hoc_final_checkpoint_only
R3,RIM_ONE_r3,1,117,1,0.6350134694509936,0.6352729116205712,35506,22556,12950,0.6894676588437321,0.18080656920302368,post_hoc_final_checkpoint_only
R3,RIM_ONE_r3,1,117,2,0.6349800607007322,0.6356645620851546,12354,7853,4501,0.7783698589012309,0.16092203979558553,post_hoc_final_checkpoint_only
R3,RIM_ONE_r3,1,118,0,0.6370014341504172,0.6370197139928548,502435,320061,182374,0.9869596833149274,0.008015344779859731,post_hoc_final_checkpoint_only
R3,RIM_ONE_r3,1,118,1,0.6369768241830143,0.6372222383173509,34517,21995,12522,0.6894676588437321,0.18080656920302368,post_hoc_final_checkpoint_only
R3,RIM_ONE_r3,1,118,2,0.636998577093242,0.6376232781807808,12269,7823,4446,0.7783698589012309,0.16092203979558553,post_hoc_final_checkpoint_only
R3,RIM_ONE_r3,1,119,0,0.6389969821094339,0.6390175035593362,501498,320466,181032,0.9869596833149274,0.008015344779859731,post_hoc_final_checkpoint_only
R3,RIM_ONE_r3,1,119,1,0.6390053395260706,0.6392950660507811,33989,21729,12260,0.6894676588437321,0.18080656920302368,post_hoc_final_checkpoint_only
R3,RIM_ONE_r3,1,119,2,0.6389533607534715,0.6396354649366698,12948,8282,4666,0.7783698589012309,0.16092203979558553,post_hoc_final_checkpoint_only
R3,RIM_ONE_r3,1,120,0,0.640995944389125,0.6410153895728036,502743,322266,180477,0.9869596833149274,0.008015344779859731,post_hoc_final_checkpoint_only
R3,RIM_ONE_r3,1,120,1,0.6410212066325817,0.6411965623622742,36304,23278,13026,0.6894676588437321,0.18080656920302368,post_hoc_final_checkpoint_only
R3,RIM_ONE_r3,1,120,2,0.6409368865811138,0.6415316873722283,12718,8159,4559,0.7783698589012309,0.16092203979558553,post_hoc_final_checkpoint_only
R3,RIM_ONE_r3,1,121,0,0.6429944275263092,0.6430111347548877,500954,322119,178835,0.9869596833149274,0.008015344779859731,post_hoc_final_checkpoint_only
R3,RIM_ONE_r3,1,121,1,0.6430031704516304,0.643264806941937,34342,22091,12251,0.6894676588437321,0.18080656920302368,post_hoc_final_checkpoint_only
R3,RIM_ONE_r3,1,121,2,0.6430191500499657,0.6436522019680594,12398,7980,4418,0.7783698589012309,0.16092203979558553,post_hoc_final_checkpoint_only
R3,RIM_ONE_r3,1,122,0,0.6450016046451211,0.6450205926950229,501877,323721,178156,0.9869596833149274,0.008015344779859731,post_hoc_final_checkpoint_only
R3,RIM_ONE_r3,1,122,1,0.6449768989609904,0.6452175429418432,34407,22200,12207,0.6894676588437321,0.18080656920302368,post_hoc_final_checkpoint_only
R3,RIM_ONE_r3,1,122,2,0.6450702065715836,0.645738424583782,12073,7796,4277,0.7783698589012309,0.16092203979558553,post_hoc_final_checkpoint_only
R3,RIM_ONE_r3,1,123,0,0.6470011554548568,0.6470172044386172,500336,323726,176610,0.9869596833149274,0.008015344779859731,post_hoc_final_checkpoint_only
R3,RIM_ONE_r3,1,123,1,0.6470097336276036,0.6472542132919491,36729,23773,12956,0.6894676588437321,0.18080656920302368,post_hoc_final_checkpoint_only
R3,RIM_ONE_r3,1,123,2,0.6469747824663846,0.6475050836852808,12786,8279,4507,0.7783698589012309,0.16092203979558553,post_hoc_final_checkpoint_only
R3,RIM_ONE_r3,1,124,0,0.648996414844323,0.6490120811996782,502268,325978,176290,0.9869596833149274,0.008015344779859731,post_hoc_final_checkpoint_only
R3,RIM_ONE_r3,1,124,1,0.6490010029509834,0.6491897878293309,34312,22275,12037,0.6894676588437321,0.18080656920302368,post_hoc_final_checkpoint_only
R3,RIM_ONE_r3,1,124,2,0.6490261435865374,0.64975,12000,7797,4203,0.7783698589012309,0.16092203979558553,post_hoc_final_checkpoint_only
R3,RIM_ONE_r3,1,125,0,0.6509977209607625,0.6510119655538291,503278,327640,175638,0.9869596833149274,0.008015344779859731,post_hoc_final_checkpoint_only
R3,RIM_ONE_r3,1,125,1,0.6510275593475073,0.6512152484069249,35466,23096,12370,0.6894676588437321,0.18080656920302368,post_hoc_final_checkpoint_only
R3,RIM_ONE_r3,1,125,2,0.6509173283651543,0.6515018021625951,12485,8134,4351,0.7783698589012309,0.16092203979558553,post_hoc_final_checkpoint_only
R3,RIM_ONE_r3,1,126,0,0.6529986558213335,0.6530150240753919,504457,329418,175039,0.9869596833149274,0.008015344779859731,post_hoc_final_checkpoint_only
R3,RIM_ONE_r3,1,126,1,0.6530326632540477,0.6533427453748639,33999,22213,11786,0.6894676588437321,0.18080656920302368,post_hoc_final_checkpoint_only
R3,RIM_ONE_r3,1,126,2,0.6530128459708073,0.6537482551933657,12179,7962,4217,0.7783698589012309,0.16092203979558553,post_hoc_final_checkpoint_only
R3,RIM_ONE_r3,1,127,0,0.6550013038896899,0.6550219210047425,502258,328990,173268,0.9869596833149274,0.008015344779859731,post_hoc_final_checkpoint_only
R3,RIM_ONE_r3,1,127,1,0.6549968154970408,0.6552198914716125,37041,24270,12771,0.6894676588437321,0.18080656920302368,post_hoc_final_checkpoint_only
R3,RIM_ONE_r3,1,127,2,0.6550629179648505,0.6556452841688253,13126,8606,4520,0.7783698589012309,0.16092203979558553,post_hoc_final_checkpoint_only
R3,RIM_ONE_r3,1,128,0,0.6570049113090676,0.657020929255787,504748,331630,173118,0.9869596833149274,0.008015344779859731,post_hoc_final_checkpoint_only
R3,RIM_ONE_r3,1,128,1,0.6570107357132714,0.6572337042925278,34595,22737,11858,0.6894676588437321,0.18080656920302368,post_hoc_final_checkpoint_only
R3,RIM_ONE_r3,1,128,2,0.6569465897975816,0.6575431736722059,12276,8072,4204,0.7783698589012309,0.16092203979558553,post_hoc_final_checkpoint_only
R3,RIM_ONE_r3,1,129,0,0.6590032898503088,0.6590198805855239,503959,332119,171840,0.9869596833149274,0.008015344779859731,post_hoc_final_checkpoint_only
R3,RIM_ONE_r3,1,129,1,0.6590331990191022,0.6592078701202695,35171,23185,11986,0.6894676588437321,0.18080656920302368,post_hoc_final_checkpoint_only
R3,RIM_ONE_r3,1,129,2,0.6589958988859735,0.659426438146954,11786,7772,4014,0.7783698589012309,0.16092203979558553,post_hoc_final_checkpoint_only
R3,RIM_ONE_r3,1,130,0,0.6610062666708953,0.6610206168170494,503715,332966,170749,0.9869596833149274,0.008015344779859731,post_hoc_final_checkpoint_only
R3,RIM_ONE_r3,1,130,1,0.6609827997828891,0.6612230334303123,36434,24091,12343,0.6894676588437321,0.18080656920302368,post_hoc_final_checkpoint_only
R3,RIM_ONE_r3,1,130,2,0.6610272116776305,0.6616771159874608,12760,8443,4317,0.7783698589012309,0.16092203979558553,post_hoc_final_checkpoint_only
R3,RIM_ONE_r3,1,131,0,0.6630015202108316,0.6630175842267602,504145,334257,169888,0.9869596833149274,0.008015344779859731,post_hoc_final_checkpoint_only
R3,RIM_ONE_r3,1,131,1,0.6630167265843232,0.663281401333813,36137,23969,12168,0.6894676588437321,0.18080656920302368,post_hoc_final_checkpoint_only
R3,RIM_ONE_r3,1,131,2,0.6630624886613422,0.6635641498836556,12463,8270,4193,0.7783698589012309,0.16092203979558553,post_hoc_final_checkpoint_only
R3,RIM_ONE_r3,1,132,0,0.6650031828225337,0.6650189766153993,502724,334321,168403,0.9869596833149274,0.008015344779859731,post_hoc_final_checkpoint_only
R3,RIM_ONE_r3,1,132,1,0.664949124641972,0.6652154117580104,35142,23377,11765,0.6894676588437321,0.18080656920302368,post_hoc_final_checkpoint_only
R3,RIM_ONE_r3,1,132,2,0.6651395943823385,0.6658095742267262,13223,8804,4419,0.7783698589012309,0.16092203979558553,post_hoc_final_checkpoint_only
R3,RIM_ONE_r3,1,133,0,0.6670048382229423,0.6670220017119488,504688,336638,168050,0.9869596833149274,0.008015344779859731,post_hoc_final_checkpoint_only
R3,RIM_ONE_r3,1,133,1,0.6670168806682009,0.6672859266034069,34988,23347,11641,0.6894676588437321,0.18080656920302368,post_hoc_final_checkpoint_only
R3,RIM_ONE_r3,1,133,2,0.6670237900759316,0.6676047012084092,12082,8066,4016,0.7783698589012309,0.16092203979558553,post_hoc_final_checkpoint_only
R3,RIM_ONE_r3,1,134,0,0.6690059451351135,0.6690229599443396,503050,336552,166498,0.9869596833149274,0.008015344779859731,post_hoc_final_checkpoint_only
R3,RIM_ONE_r3,1,134,1,0.6690393833950864,0.6692913385826772,35306,23630,11676,0.6894676588437321,0.18080656920302368,post_hoc_final_checkpoint_only
R3,RIM_ONE_r3,1,134,2,0.6689789850302835,0.6696960200564086,12764,8548,4216,0.7783698589012309,0.16092203979558553,post_hoc_final_checkpoint_only
R3,RIM_ONE_r3,1,135,0,0.6710148990350824,0.6710337394154168,502854,337432,165422,0.9869596833149274,0.008015344779859731,post_hoc_final_checkpoint_only
R3,RIM_ONE_r3,1,135,1,0.6709898722080793,0.6712152203760262,35689,23955,11734,0.6894676588437321,0.18080656920302368,post_hoc_final_checkpoint_only
R3,RIM_ONE_r3,1,135,2,0.6709422002123673,0.6715745434065492,12429,8347,4082,0.7783698589012309,0.16092203979558553,post_hoc_final_checkpoint_only
R3,RIM_ONE_r3,1,136,0,0.6730103572907775,0.6730264264442531,505365,340124,165241,0.9869596833149274,0.008015344779859731,post_hoc_final_checkpoint_only
R3,RIM_ONE_r3,1,136,1,0.6730184793471032,0.6731894918417555,35363,23806,11557,0.6894676588437321,0.18080656920302368,post_hoc_final_checkpoint_only
R3,RIM_ONE_r3,1,136,2,0.6729817997544443,0.6736581864582503,12539,8447,4092,0.7783698589012309,0.16092203979558553,post_hoc_final_checkpoint_only
R3,RIM_ONE_r3,1,137,0,0.6750130638691239,0.675025009527439,503808,340083,163725,0.9869596833149274,0.008015344779859731,post_hoc_final_checkpoint_only
R3,RIM_ONE_r3,1,137,1,0.674983344333877,0.6751727092593585,37346,25215,12131,0.6894676588437321,0.18080656920302368,post_hoc_final_checkpoint_only
R3,RIM_ONE_r3,1,137,2,0.6750374747623631,0.6755276940168228,12602,8513,4089,0.7783698589012309,0.16092203979558553,post_hoc_final_checkpoint_only
R3,RIM_ONE_r3,1,138,0,0.6770081032529421,0.6770247881473496,504596,341624,162972,0.9869596833149274,0.008015344779859731,post_hoc_final_checkpoint_only
R3,RIM_ONE_r3,1,138,1,0.6770449772646152,0.6772765957446808,35250,23874,11376,0.6894676588437321,0.18080656920302368,post_hoc_final_checkpoint_only
R3,RIM_ONE_r3,1,138,2,0.6770114806640839,0.6777199658305506,12877,8727,4150,0.7783698589012309,0.16092203979558553,post_hoc_final_checkpoint_only
R3,RIM_ONE_r3,1,139,0,0.6790086685249314,0.6790265567656333,502998,341549,161449,0.9869596833149274,0.008015344779859731,post_hoc_final_checkpoint_only
R3,RIM_ONE_r3,1,139,1,0.679006565250746,0.6792505592841164,35760,24290,11470,0.6894676588437321,0.18080656920302368,post_hoc_final_checkpoint_only
R3,RIM_ONE_r3,1,139,2,0.6790172023499172,0.6796936680877941,12666,8609,4057,0.7783698589012309,0.16092203979558553,post_hoc_final_checkpoint_only
R3,RIM_ONE_r3,1,140,0,0.6810111166002839,0.6810239917413616,503715,343042,160673,0.9869596833149274,0.008015344779859731,post_hoc_final_checkpoint_only
R3,RIM_ONE_r3,1,140,1,0.6810076610561016,0.6812179504211281,37637,25639,11998,0.6894676588437321,0.18080656920302368,post_hoc_final_checkpoint_only
R3,RIM_ONE_r3,1,140,2,0.6810995176973753,0.681799756789623,12335,8410,3925,0.7783698589012309,0.16092203979558553,post_hoc_final_checkpoint_only
R3,RIM_ONE_r3,1,141,0,0.683012442090462,0.683029994349698,502628,343310,159318,0.9869596833149274,0.008015344779859731,post_hoc_final_checkpoint_only
R3,RIM_ONE_r3,1,141,1,0.6829948022039458,0.683248730964467,35460,24228,11232,0.6894676588437321,0.18080656920302368,post_hoc_final_checkpoint_only
R3,RIM_ONE_r3,1,141,2,0.6830314330692707,0.683837626073185,11997,8204,3793,0.7783698589012309,0.16092203979558553,post_hoc_final_checkpoint_only
R3,RIM_ONE_r3,1,142,0,0.6850163569596744,0.6850310369793047,505526,346301,159225,0.9869596833149274,0.008015344779859731,post_hoc_final_checkpoint_only
R3,RIM_ONE_r3,1,142,1,0.685003290501966,0.6851699561403509,36480,24995,11485,0.6894676588437321,0.18080656920302368,post_hoc_final_checkpoint_only
R3,RIM_ONE_r3,1,142,2,0.68494340472122,0.6855909163601471,12506,8574,3932,0.7783698589012309,0.16092203979558553,post_hoc_final_checkpoint_only
R3,RIM_ONE_r3,1,143,0,0.6870141698657309,0.687032270601906,504298,346469,157829,0.9869596833149274,0.008015344779859731,post_hoc_final_checkpoint_only
R3,RIM_ONE_r3,1,143,1,0.6869741114739972,0.6871565743464506,36034,24761,11273,0.6894676588437321,0.18080656920302368,post_hoc_final_checkpoint_only
R3,RIM_ONE_r3,1,143,2,0.6870106979257058,0.6878083717969123,12566,8643,3923,0.7783698589012309,0.16092203979558553,post_hoc_final_checkpoint_only
R3,RIM_ONE_r3,1,144,0,0.6890174173875954,0.6890324169027732,503657,347036,156621,0.9869596833149274,0.008015344779859731,post_hoc_final_checkpoint_only
R3,RIM_ONE_r3,1,144,1,0.688955964967771,0.6891388843269284,36534,25177,11357,0.6894676588437321,0.18080656920302368,post_hoc_final_checkpoint_only
R3,RIM_ONE_r3,1,144,2,0.6890119632875988,0.6895722811671088,12064,8319,3745,0.7783698589012309,0.16092203979558553,post_hoc_final_checkpoint_only
R3,RIM_ONE_r3,1,145,0,0.6910130194003352,0.6910291610872925,503342,347824,155518,0.9869596833149274,0.008015344779859731,post_hoc_final_checkpoint_only
R3,RIM_ONE_r3,1,145,1,0.6910469101768911,0.6913161279728509,36539,25260,11279,0.6894676588437321,0.18080656920302368,post_hoc_final_checkpoint_only
R3,RIM_ONE_r3,1,145,2,0.6910322741162737,0.6916909620991254,12348,8541,3807,0.7783698589012309,0.16092203979558553,post_hoc_final_checkpoint_only
R3,RIM_ONE_r3,1,146,0,0.69301706361766,0.6930318207434101,503948,349252,154696,0.9869596833149274,0.008015344779859731,post_hoc_final_checkpoint_only
R3,RIM_ONE_r3,1,146,1,0.6929816328523545,0.6932433558277097,36009,24963,11046,0.6894676588437321,0.18080656920302368,post_hoc_final_checkpoint_only
R3,RIM_ONE_r3,1,146,2,0.6930645502444563,0.6936895790515338,13137,9113,4024,0.7783698589012309,0.16092203979558553,post_hoc_final_checkpoint_only
R3,RIM_ONE_r3,1,147,0,0.695011990455033,0.6950266010711814,504303,350504,153799,0.9869596833149274,0.008015344779859731,post_hoc_final_checkpoint_only
R3,RIM_ONE_r3,1,147,1,0.6950192876012887,0.6953112280892169,36854,25625,11229,0.6894676588437321,0.18080656920302368,post_hoc_final_checkpoint_only
R3,RIM_ONE_r3,1,147,2,0.6950222506103938,0.6957013574660633,12376,8610,3766,0.7783698589012309,0.16092203979558553,post_hoc_final_checkpoint_only
R3,RIM_ONE_r3,1,148,0,0.6970127951503741,0.6970286432002022,506368,352953,153415,0.9869596833149274,0.008015344779859731,post_hoc_final_checkpoint_only
R3,RIM_ONE_r3,1,148,1,0.697034797187945,0.6972582498768675,36546,25482,11064,0.6894676588437321,0.18080656920302368,post_hoc_final_checkpoint_only
R3,RIM_ONE_r3,1,148,2,0.6970239326722067,0.6977217249796582,12290,8575,3715,0.7783698589012309,0.16092203979558553,post_hoc_final_checkpoint_only
R3,RIM_ONE_r3,1,149,0,0.6990171418978129,0.6990350094671194,503321,351839,151482,0.9869596833149274,0.008015344779859731,post_hoc_final_checkpoint_only
R3,RIM_ONE_r3,1,149,1,0.6989865636771968,0.6992445963828848,36272,25363,10909,0.6894676588437321,0.18080656920302368,post_hoc_final_checkpoint_only
R3,RIM_ONE_r3,1,149,2,0.6990139192756235,0.6996824905134361,12913,9035,3878,0.7783698589012309,0.16092203979558553,post_hoc_final_checkpoint_only
R3,RIM_ONE_r3,1,150,0,0.7010141397437909,0.7010328823936013,506350,354968,151382,0.9869596833149274,0.008015344779859731,post_hoc_final_checkpoint_only
R3,RIM_ONE_r3,1,150,1,0.7010692112189,0.7012611811767321,35998,25244,10754,0.6894676588437321,0.18080656920302368,post_hoc_final_checkpoint_only
R3,RIM_ONE_r3,1,150,2,0.7009805555003102,0.7016115494376364,11914,8359,3555,0.7783698589012309,0.16092203979558553,post_hoc_final_checkpoint_only
R3,RIM_ONE_r3,1,151,0,0.7030194000221752,0.7030345362517858,505382,355301,150081,0.9869596833149274,0.008015344779859731,post_hoc_final_checkpoint_only
R3,RIM_ONE_r3,1,151,1,0.7029930495271918,0.7032238708269692,36664,25783,10881,0.6894676588437321,0.18080656920302368,post_hoc_final_checkpoint_only
R3,RIM_ONE_r3,1,151,2,0.7030270047501305,0.7036668452882187,13063,9192,3871,0.7783698589012309,0.16092203979558553,post_hoc_final_checkpoint_only
R3,RIM_ONE_r3,1,152,0,0.7050163997749364,0.7050301074884053,503031,354652,148379,0.9869596833149274,0.008015344779859731,post_hoc_final_checkpoint_only
R3,RIM_ONE_r3,1,152,1,0.7050118289237127,0.7052239819619136,36811,25960,10851,0.6894676588437321,0.18080656920302368,post_hoc_final_checkpoint_only
R3,RIM_ONE_r3,1,152,2,0.7050578266560164,0.7056843094268713,12772,9013,3759,0.7783698589012309,0.16092203979558553,post_hoc_final_checkpoint_only
R3,RIM_ONE_r3,1,153,0,0.7070163922822791,0.7070304256674536,507039,358492,148547,0.9869596833149274,0.008015344779859731,post_hoc_final_checkpoint_only
R3,RIM_ONE_r3,1,153,1,0.7070326536560279,0.7072140054331422,36443,25773,10670,0.6894676588437321,0.18080656920302368,post_hoc_final_checkpoint_only
R3,RIM_ONE_r3,1,153,2,0.7069735589143727,0.7075638349124779,12454,8812,3642,0.7783698589012309,0.16092203979558553,post_hoc_final_checkpoint_only
R3,RIM_ONE_r3,1,154,0,0.7090112139189093,0.7090299676722001,504210,357500,146710,0.9869596833149274,0.008015344779859731,post_hoc_final_checkpoint_only
R3,RIM_ONE_r3,1,154,1,0.709041626429018,0.7092633928571429,35840,25420,10420,0.6894676588437321,0.18080656920302368,post_hoc_final_checkpoint_only
R3,RIM_ONE_r3,1,154,2,0.709040968426579,0.709615230138967,12449,8834,3615,0.7783698589012309,0.16092203979558553,post_hoc_final_checkpoint_only
R3,RIM_ONE_r3,1,155,0,0.7110188381134532,0.711030436100834,504631,358808,145823,0.9869596833149274,0.008015344779859731,post_hoc_final_checkpoint_only
R3,RIM_ONE_r3,1,155,1,0.7109918712418074,0.7112312674973925,36434,25913,10521,0.6894676588437321,0.18080656920302368,post_hoc_final_checkpoint_only
R3,RIM_ONE_r3,1,155,2,0.7111177357788634,0.7119186744576963,12493,8894,3599,0.7783698589012309,0.16092203979558553,post_hoc_final_checkpoint_only
R3,RIM_ONE_r3,1,156,0,0.713015885129188,0.7130288651640965,505800,360650,145150,0.9869596833149274,0.008015344779859731,post_hoc_final_checkpoint_only
R3,RIM_ONE_r3,1,156,1,0.7130624848328778,0.7132976533552903,36435,25989,10446,0.6894676588437321,0.18080656920302368,post_hoc_final_checkpoint_only
R3,RIM_ONE_r3,1,156,2,0.7129672984308679,0.7135381625177544,13377,9545,3832,0.7783698589012309,0.16092203979558553,post_hoc_final_checkpoint_only
R3,RIM_ONE_r3,1,157,0,0.7150205077735914,0.7150378063061195,506397,362093,144304,0.9869596833149274,0.008015344779859731,post_hoc_final_checkpoint_only
R3,RIM_ONE_r3,1,157,1,0.7150228887661647,0.7152723234840073,36923,26410,10513,0.6894676588437321,0.18080656920302368,post_hoc_final_checkpoint_only
R3,RIM_ONE_r3,1,157,2,0.7151028406773736,0.7157944144567003,12783,9150,3633,0.7783698589012309,0.16092203979558553,post_hoc_final_checkpoint_only
R3,RIM_ONE_r3,1,158,0,0.7170186470575834,0.71703728393886,504024,361404,142620,0.9869596833149274,0.008015344779859731,post_hoc_final_checkpoint_only
R3,RIM_ONE_r3,1,158,1,0.7170256383085817,0.7172316384180791,35400,25390,10010,0.6894676588437321,0.18080656920302368,post_hoc_final_checkpoint_only
R3,RIM_ONE_r3,1,158,2,0.7170474095974737,0.7176312884403091,12682,9101,3581,0.7783698589012309,0.16092203979558553,post_hoc_final_checkpoint_only
R3,RIM_ONE_r3,1,159,0,0.7190220519359465,0.7190345768610894,505685,363605,142080,0.9869596833149274,0.008015344779859731,post_hoc_final_checkpoint_only
R3,RIM_ONE_r3,1,159,1,0.7190085891121629,0.71923868587773,37409,26906,10503,0.6894676588437321,0.18080656920302368,post_hoc_final_checkpoint_only
R3,RIM_ONE_r3,1,159,2,0.7190353155076803,0.7198131568703776,12845,9246,3599,0.7783698589012309,0.16092203979558553,post_hoc_final_checkpoint_only
R3,RIM_ONE_r3,1,160,0,0.7210243894255415,0.7210421971156804,503897,363331,140566,0.9869596833149274,0.008015344779859731,post_hoc_final_checkpoint_only
R3,RIM_ONE_r3,1,160,1,0.721007878532358,0.7211919263649523,36613,26405,10208,0.6894676588437321,0.18080656920302368,post_hoc_final_checkpoint_only
R3,RIM_ONE_r3,1,160,2,0.7210275942058254,0.7216793057618638,12791,9231,3560,0.7783698589012309,0.16092203979558553,post_hoc_final_checkpoint_only
R3,RIM_ONE_r3,1,161,0,0.7230189447531634,0.7230370101091969,503403,363979,139424,0.9869596833149274,0.008015344779859731,post_hoc_final_checkpoint_only
R3,RIM_ONE_r3,1,161,1,0.7230454485959318,0.723204242326852,37338,27003,10335,0.6894676588437321,0.18080656920302368,post_hoc_final_checkpoint_only
R3,RIM_ONE_r3,1,161,2,0.7230652267605531,0.7236583641078023,12727,9210,3517,0.7783698589012309,0.16092203979558553,post_hoc_final_checkpoint_only
R3,RIM_ONE_r3,1,162,0,0.7250276659678724,0.7250414384761665,507982,368308,139674,0.9869596833149274,0.008015344779859731,post_hoc_final_checkpoint_only
R3,RIM_ONE_r3,1,162,1,0.7249722655797078,0.7251935741643933,36291,26318,9973,0.6894676588437321,0.18080656920302368,post_hoc_final_checkpoint_only
R3,RIM_ONE_r3,1,162,2,0.7250651774110882,0.7256503807106599,12608,9149,3459,0.7783698589012309,0.16092203979558553,post_hoc_final_checkpoint_only
R3,RIM_ONE_r3,1,163,0,0.7270254254052007,0.7270464318119058,506980,368598,138382,0.9869596833149274,0.008015344779859731,post_hoc_final_checkpoint_only
R3,RIM_ONE_r3,1,163,1,0.7270448697780103,0.7273219898125067,36908,26844,10064,0.6894676588437321,0.18080656920302368,post_hoc_final_checkpoint_only
R3,RIM_ONE_r3,1,163,2,0.7270322995956029,0.7275633706325645,13137,9558,3579,0.7783698589012309,0.16092203979558553,post_hoc_final_checkpoint_only
R3,RIM_ONE_r3,1,164,0,0.7290256317209467,0.7290407083975248,506947,369585,137362,0.9869596833149274,0.008015344779859731,post_hoc_final_checkpoint_only
R3,RIM_ONE_r3,1,164,1,0.7290392017907462,0.7292278151145247,36455,26584,9871,0.6894676588437321,0.18080656920302368,post_hoc_final_checkpoint_only
R3,RIM_ONE_r3,1,164,2,0.7289227834550196,0.7296854521625163,12208,8908,3300,0.7783698589012309,0.16092203979558553,post_hoc_final_checkpoint_only
R3,RIM_ONE_r3,1,165,0,0.7310303188327888,0.7310480665408939,505674,369672,136002,0.9869596833149274,0.008015344779859731,post_hoc_final_checkpoint_only
R3,RIM_ONE_r3,1,165,1,0.7310037196751251,0.7312275392472102,37009,27062,9947,0.6894676588437321,0.18080656920302368,post_hoc_final_checkpoint_only
R3,RIM_ONE_r3,1,165,2,0.7309940459863543,0.7314785870584558,12796,9360,3436,0.7783698589012309,0.16092203979558553,post_hoc_final_checkpoint_only
R3,RIM_ONE_r3,1,166,0,0.7330265323395541,0.7330395761352602,505633,370649,134984,0.9869596833149274,0.008015344779859731,post_hoc_final_checkpoint_only
R3,RIM_ONE_r3,1,166,1,0.7330552004467454,0.7333172082023166,37209,27286,9923,0.6894676588437321,0.18080656920302368,post_hoc_final_checkpoint_only
R3,RIM_ONE_r3,1,166,2,0.7330118227338397,0.733682092555332,12425,9116,3309,0.7783698589012309,0.16092203979558553,post_hoc_final_checkpoint_only
R3,RIM_ONE_r3,1,167,0,0.7350260989961711,0.7350466109364154,502779,369566,133213,0.9869596833149274,0.008015344779859731,post_hoc_final_checkpoint_only
R3,RIM_ONE_r3,1,167,1,0.7350231122775637,0.7352254114867224,37243,27382,9861,0.6894676588437321,0.18080656920302368,post_hoc_final_checkpoint_only
R3,RIM_ONE_r3,1,167,2,0.7349758075730761,0.7357496902106567,12912,9500,3412,0.7783698589012309,0.16092203979558553,post_hoc_final_checkpoint_only
R3,RIM_ONE_r3,1,168,0,0.7370324118595726,0.7370477845660369,506921,373625,133296,0.9869596833149274,0.008015344779859731,post_hoc_final_checkpoint_only
R3,RIM_ONE_r3,1,168,1,0.7370047118443824,0.7372357097687718,36371,26814,9557,0.6894676588437321,0.18080656920302368,post_hoc_final_checkpoint_only
R3,RIM_ONE_r3,1,168,2,0.7370448266667619,0.7376425855513308,12624,9312,3312,0.7783698589012309,0.16092203979558553,post_hoc_final_checkpoint_only
R3,RIM_ONE_r3,1,169,0,0.7390277617578539,0.7390451443476128,505689,373727,131962,0.9869596833149274,0.008015344779859731,post_hoc_final_checkpoint_only
R3,RIM_ONE_r3,1,169,1,0.7390349636094841,0.7392297993065041,38068,28141,9927,0.6894676588437321,0.18080656920302368,post_hoc_final_checkpoint_only
R3,RIM_ONE_r3,1,169,2,0.739024519713722,0.7395306028531984,13038,9642,3396,0.7783698589012309,0.16092203979558553,post_hoc_final_checkpoint_only
R3,RIM_ONE_r3,1,170,0,0.7410274782147783,0.7410426806810216,505006,374231,130775,0.9869596833149274,0.008015344779859731,post_hoc_final_checkpoint_only
R3,RIM_ONE_r3,1,170,1,0.7409830261341047,0.7411863693731594,35655,26427,9228,0.6894676588437321,0.18080656920302368,post_hoc_final_checkpoint_only
R3,RIM_ONE_r3,1,170,2,0.7410569262397958,0.7416361416361417,12285,9111,3174,0.7783698589012309,0.16092203979558553,post_hoc_final_checkpoint_only
R3,RIM_ONE_r3,1,171,0,0.7430329738653861,0.7430509500735881,502119,373100,129019,0.9869596833149274,0.008015344779859731,post_hoc_final_checkpoint_only
R3,RIM_ONE_r3,1,171,1,0.743007199215354,0.7432388576373864,36976,27482,9494,0.6894676588437321,0.18080656920302368,post_hoc_final_checkpoint_only
R3,RIM_ONE_r3,1,171,2,0.7431022108117799,0.7436782471674045,13327,9911,3416,0.7783698589012309,0.16092203979558553,post_hoc_final_checkpoint_only
R3,RIM_ONE_r3,1,172,0,0.7450305423085924,0.7450472365668229,505223,376415,128808,0.9869596833149274,0.008015344779859731,post_hoc_final_checkpoint_only
R3,RIM_ONE_r3,1,172,1,0.74502836008078,0.7452246581289342,36856,27466,9390,0.6894676588437321,0.18080656920302368,post_hoc_final_checkpoint_only
R3,RIM_ONE_r3,1,172,2,0.7450631129353704,0.7456620652425388,12967,9669,3298,0.7783698589012309,0.16092203979558553,post_hoc_final_checkpoint_only
R3,RIM_ONE_r3,1,173,0,0.7470281400524234,0.7470449875260329,504651,376997,127654,0.9869596833149274,0.008015344779859731,post_hoc_final_checkpoint_only
R3,RIM_ONE_r3,1,173,1,0.7470310318153816,0.7472670412088672,36133,27001,9132,0.6894676588437321,0.18080656920302368,post_hoc_final_checkpoint_only
R3,RIM_ONE_r3,1,173,2,0.7470718478138032,0.7476686353745726,12868,9621,3247,0.7783698589012309,0.16092203979558553,post_hoc_final_checkpoint_only
R3,RIM_ONE_r3,1,174,0,0.7490303035108736,0.74904529395419,503820,377384,126436,0.9869596833149274,0.008015344779859731,post_hoc_final_checkpoint_only
R3,RIM_ONE_r3,1,174,1,0.7490541821015876,0.7492599171107164,37158,27841,9317,0.6894676588437321,0.18080656920302368,post_hoc_final_checkpoint_only
R3,RIM_ONE_r3,1,174,2,0.7490522206023876,0.7498629922492758,12773,9578,3195,0.7783698589012309,0.16092203979558553,post_hoc_final_checkpoint_only
R3,RIM_ONE_r3,1,175,0,0.751029902739991,0.7510503453677989,505548,379692,125856,0.9869596833149274,0.008015344779859731,post_hoc_final_checkpoint_only
R3,RIM_ONE_r3,1,175,1,0.7510813808224636,0.7512787027968223,36756,27614,9142,0.6894676588437321,0.18080656920302368,post_hoc_final_checkpoint_only
R3,RIM_ONE_r3,1,175,2,0.750992768535327,0.7517178195144297,13098,9846,3252,0.7783698589012309,0.16092203979558553,post_hoc_final_checkpoint_only
R3,RIM_ONE_r3,1,176,0,0.7530286959159732,0.7530449182528305,503626,379253,124373,0.9869596833149274,0.008015344779859731,post_hoc_final_checkpoint_only
R3,RIM_ONE_r3,1,176,1,0.7530528667450549,0.7532756954140264,37244,28055,9189,0.6894676588437321,0.18080656920302368,post_hoc_final_checkpoint_only
R3,RIM_ONE_r3,1,176,2,0.7530781888202873,0.7537377023781857,12909,9730,3179,0.7783698589012309,0.16092203979558553,post_hoc_final_checkpoint_only
R3,RIM_ONE_r3,1,177,0,0.7550322152527879,0.7550519473589555,505993,382051,123942,0.9869596833149274,0.008015344779859731,post_hoc_final_checkpoint_only
R3,RIM_ONE_r3,1,177,1,0.7550559832674693,0.7553077989971194,37492,28318,9174,0.6894676588437321,0.18080656920302368,post_hoc_final_checkpoint_only
R3,RIM_ONE_r3,1,177,2,0.7550008182337858,0.7557768924302789,12550,9485,3065,0.7783698589012309,0.16092203979558553,post_hoc_final_checkpoint_only
R3,RIM_ONE_r3,1,178,0,0.7570320455618049,0.7570448823337861,503628,381269,122359,0.9869596833149274,0.008015344779859731,post_hoc_final_checkpoint_only
R3,RIM_ONE_r3,1,178,1,0.7570470607559706,0.7572552354629531,37628,28494,9134,0.6894676588437321,0.18080656920302368,post_hoc_final_checkpoint_only
R3,RIM_ONE_r3,1,178,2,0.7570756437096372,0.7576498422712934,12680,9607,3073,0.7783698589012309,0.16092203979558553,post_hoc_final_checkpoint_only
R3,RIM_ONE_r3,1,179,0,0.7590376440326014,0.7590523482329079,504869,383222,121647,0.9869596833149274,0.008015344779859731,post_hoc_final_checkpoint_only
R3,RIM_ONE_r3,1,179,1,0.7589906019936992,0.7592408398075217,37199,28243,8956,0.6894676588437321,0.18080656920302368,post_hoc_final_checkpoint_only
R3,RIM_ONE_r3,1,179,2,0.7590372663774274,0.7596772879145954,12271,9322,2949,0.7783698589012309,0.16092203979558553,post_hoc_final_checkpoint_only
R3,RIM_ONE_r3,1,180,0,0.761034101494236,0.7610500714570296,504499,383949,120550,0.9869596833149274,0.008015344779859731,post_hoc_final_checkpoint_only
R3,RIM_ONE_r3,1,180,1,0.7609976475869756,0.7612399751572921,37033,28191,8842,0.6894676588437321,0.18080656920302368,post_hoc_final_checkpoint_only
R3,RIM_ONE_r3,1,180,2,0.7610397518493798,0.7616077616077616,12987,9891,3096,0.7783698589012309,0.16092203979558553,post_hoc_final_checkpoint_only
R3,RIM_ONE_r3,1,181,0,0.7630382371676108,0.7630540696402649,502870,383717,119153,0.9869596833149274,0.008015344779859731,post_hoc_final_checkpoint_only
R3,RIM_ONE_r3,1,181,1,0.7630232405624489,0.7632034164008865,36998,28237,8761,0.6894676588437321,0.18080656920302368,post_hoc_final_checkpoint_only
R3,RIM_ONE_r3,1,181,2,0.7630407968194032,0.7636948673677602,12742,9731,3011,0.7783698589012309,0.16092203979558553,post_hoc_final_checkpoint_only
R3,RIM_ONE_r3,1,182,0,0.7650421317488886,0.7650578159052736,504273,385798,118475,0.9869596833149274,0.008015344779859731,post_hoc_final_checkpoint_only
R3,RIM_ONE_r3,1,182,1,0.7649958942552226,0.7652185755140951,36715,28095,8620,0.6894676588437321,0.18080656920302368,post_hoc_final_checkpoint_only
R3,RIM_ONE_r3,1,182,2,0.765059233182599,0.7655076279718114,12913,9885,3028,0.7783698589012309,0.16092203979558553,post_hoc_final_checkpoint_only
R3,RIM_ONE_r3,1,183,0,0.7670340701606853,0.7670485359259274,505234,387539,117695,0.9869596833149274,0.008015344779859731,post_hoc_final_checkpoint_only
R3,RIM_ONE_r3,1,183,1,0.7670613948316313,0.7672840184655968,36392,27923,8469,0.6894676588437321,0.18080656920302368,post_hoc_final_checkpoint_only
R3,RIM_ONE_r3,1,183,2,0.7670291360425086,0.7673840416440059,12871,9877,2994,0.7783698589012309,0.16092203979558553,post_hoc_final_checkpoint_only
R3,RIM_ONE_r3,1,184,0,0.7690412402362721,0.7690557135918962,504455,387954,116501,0.9869596833149274,0.008015344779859731,post_hoc_final_checkpoint_only
R3,RIM_ONE_r3,1,184,1,0.7690326099684294,0.7692560895325873,36456,28044,8412,0.6894676588437321,0.18080656920302368,post_hoc_final_checkpoint_only
R3,RIM_ONE_r3,1,184,2,0.7690394776500648,0.7696611253196931,12512,9630,2882,0.7783698589012309,0.16092203979558553,post_hoc_final_checkpoint_only
R3,RIM_ONE_r3,1,185,0,0.7710396972662279,0.7710588757244095,504894,389303,115591,0.9869596833149274,0.008015344779859731,post_hoc_final_checkpoint_only
R3,RIM_ONE_r3,1,185,1,0.7710313523139908,0.7712503665005198,37517,28935,8582,0.6894676588437321,0.18080656920302368,post_hoc_final_checkpoint_only
R3,RIM_ONE_r3,1,185,2,0.7710576803743713,0.7716597905426849,12604,9726,2878,0.7783698589012309,0.16092203979558553,post_hoc_final_checkpoint_only
R3,RIM_ONE_r3,1,186,0,0.7730423858017631,0.7730586661509845,501601,387767,113834,0.9869596833149274,0.008015344779859731,post_hoc_final_checkpoint_only
R3,RIM_ONE_r3,1,186,1,0.7730177517771059,0.7732376463111064,37762,29199,8563,0.6894676588437321,0.18080656920302368,post_hoc_final_checkpoint_only
R3,RIM_ONE_r3,1,186,2,0.7730620518842625,0.7736155093844134,12947,10016,2931,0.7783698589012309,0.16092203979558553,post_hoc_final_checkpoint_only
R3,RIM_ONE_r3,1,187,0,0.7750429554690568,0.7750565386979292,502753,389662,113091,0.9869596833149274,0.008015344779859731,post_hoc_final_checkpoint_only
R3,RIM_ONE_r3,1,187,1,0.7750455250848146,0.7752031627498353,36424,28236,8188,0.6894676588437321,0.18080656920302368,post_hoc_final_checkpoint_only
R3,RIM_ONE_r3,1,187,2,0.7749753125874176,0.7756241787122208,12176,9444,2732,0.7783698589012309,0.16092203979558553,post_hoc_final_checkpoint_only
R3,RIM_ONE_r3,1,188,0,0.777039785507407,0.7770562641849771,504495,392021,112474,0.9869596833149274,0.008015344779859731,post_hoc_final_checkpoint_only
R3,RIM_ONE_r3,1,188,1,0.7770443335312622,0.7772795625427205,36575,28429,8146,0.6894676588437321,0.18080656920302368,post_hoc_final_checkpoint_only
R3,RIM_ONE_r3,1,188,2,0.777066433646615,0.7775900900900901,12432,9667,2765,0.7783698589012309,0.16092203979558553,post_hoc_final_checkpoint_only
R3,RIM_ONE_r3,1,189,0,0.7790401946491778,0.7790576476462988,504652,393153,111499,0.9869596833149274,0.008015344779859731,post_hoc_final_checkpoint_only
R3,RIM_ONE_r3,1,189,1,0.7790561269253008,0.7792784206943499,36725,28619,8106,0.6894676588437321,0.18080656920302368,post_hoc_final_checkpoint_only
R3,RIM_ONE_r3,1,189,2,0.7790665540971344,0.7795838241067923,12735,9928,2807,0.7783698589012309,0.16092203979558553,post_hoc_final_checkpoint_only
R3,RIM_ONE_r3,1,190,0,0.7810437461745561,0.781059389413226,505612,394913,110699,0.9869596833149274,0.008015344779859731,post_hoc_final_checkpoint_only
R3,RIM_ONE_r3,1,190,1,0.7810195012733522,0.7812210411556282,36690,28663,8027,0.6894676588437321,0.18080656920302368,post_hoc_final_checkpoint_only
R3,RIM_ONE_r3,1,190,2,0.781112845340749,0.781698332687088,12895,10080,2815,0.7783698589012309,0.16092203979558553,post_hoc_final_checkpoint_only
R3,RIM_ONE_r3,1,191,0,0.783041206085001,0.7830565619868108,504809,395294,109515,0.9869596833149274,0.008015344779859731,post_hoc_final_checkpoint_only
R3,RIM_ONE_r3,1,191,1,0.783057159755548,0.7832491013756385,37001,28981,8020,0.6894676588437321,0.18080656920302368,post_hoc_final_checkpoint_only
R3,RIM_ONE_r3,1,191,2,0.7830684597692323,0.783640750252938,12849,10069,2780,0.7783698589012309,0.16092203979558553,post_hoc_final_checkpoint_only
R3,RIM_ONE_r3,1,192,0,0.7850403092791505,0.7850569867415355,502924,394824,108100,0.9869596833149274,0.008015344779859731,post_hoc_final_checkpoint_only
R3,RIM_ONE_r3,1,192,1,0.7850531505341904,0.7852592267135325,36416,28596,7820,0.6894676588437321,0.18080656920302368,post_hoc_final_checkpoint_only
R3,RIM_ONE_r3,1,192,2,0.7850133917551765,0.7855479727017262,12455,9784,2671,0.7783698589012309,0.16092203979558553,post_hoc_final_checkpoint_only
R3,RIM_ONE_r3,1,193,0,0.7870448278309617,0.7870609923017888,505572,397916,107656,0.9869596833149274,0.008015344779859731,post_hoc_final_checkpoint_only
R3,RIM_ONE_r3,1,193,1,0.7870163778622432,0.7871751457980596,37209,29290,7919,0.6894676588437321,0.18080656920302368,post_hoc_final_checkpoint_only
R3,RIM_ONE_r3,1,193,2,0.7870425326924163,0.7876147869084059,12741,10035,2706,0.7783698589012309,0.16092203979558553,post_hoc_final_checkpoint_only
R3,RIM_ONE_r3,1,194,0,0.7890461738588823,0.7890617744978908,506115,399356,106759,0.9869596833149274,0.008015344779859731,post_hoc_final_checkpoint_only
R3,RIM_ONE_r3,1,194,1,0.7890556374389159,0.7892529770705089,37201,29361,7840,0.6894676588437321,0.18080656920302368,post_hoc_final_checkpoint_only
R3,RIM_ONE_r3,1,194,2,0.7890762784822299,0.7895478015959944,12782,10092,2690,0.7783698589012309,0.16092203979558553,post_hoc_final_checkpoint_only
R3,RIM_ONE_r3,1,195,0,0.7910466438846435,0.7910610003808557,504128,398796,105332,0.9869596833149274,0.008015344779859731,post_hoc_final_checkpoint_only
R3,RIM_ONE_r3,1,195,1,0.7910241057973675,0.7912231559290382,37485,29659,7826,0.6894676588437321,0.18080656920302368,post_hoc_final_checkpoint_only
R3,RIM_ONE_r3,1,195,2,0.7910189626565995,0.7916153846153846,13000,10291,2709,0.7783698589012309,0.16092203979558553,post_hoc_final_checkpoint_only
R3,RIM_ONE_r3,1,196,0,0.7930474896815488,0.7930625081488564,506206,401453,104753,0.9869596833149274,0.008015344779859731,post_hoc_final_checkpoint_only
R3,RIM_ONE_r3,1,196,1,0.793051325726866,0.793239314149072,36801,29192,7609,0.6894676588437321,0.18080656920302368,post_hoc_final_checkpoint_only
R3,RIM_ONE_r3,1,196,2,0.7930136971025541,0.793632527809743,13035,10345,2690,0.7783698589012309,0.16092203979558553,post_hoc_final_checkpoint_only
R3,RIM_ONE_r3,1,197,0,0.7950445563251144,0.7950604600796879,504217,400883,103334,0.9869596833149274,0.008015344779859731,post_hoc_final_checkpoint_only
R3,RIM_ONE_r3,1,197,1,0.7950337691537779,0.7952665868900413,37605,29906,7699,0.6894676588437321,0.18080656920302368,post_hoc_final_checkpoint_only
R3,RIM_ONE_r3,1,197,2,0.7950653632978673,0.7956062723179631,12882,10249,2633,0.7783698589012309,0.16092203979558553,post_hoc_final_checkpoint_only
R3,RIM_ONE_r3,1,198,0,0.7970455742426796,0.7970603572540335,504347,401995,102352,0.9869596833149274,0.008015344779859731,post_hoc_final_checkpoint_only
R3,RIM_ONE_r3,1,198,1,0.7970470910942317,0.7973172330892798,36604,29185,7419,0.6894676588437321,0.18080656920302368,post_hoc_final_checkpoint_only
R3,RIM_ONE_r3,1,198,2,0.797043617361552,0.7977545489740612,12915,10303,2612,0.7783698589012309,0.16092203979558553,post_hoc_final_checkpoint_only
R3,RIM_ONE_r3,1,199,0,0.7990459559811203,0.7990605695790326,506690,404876,101814,0.9869596833149274,0.008015344779859731,post_hoc_final_checkpoint_only
R3,RIM_ONE_r3,1,199,1,0.7990666763568717,0.799244366482256,37055,29616,7439,0.6894676588437321,0.18080656920302368,post_hoc_final_checkpoint_only
R3,RIM_ONE_r3,1,199,2,0.799103934237031,0.7996849153209925,12695,10152,2543,0.7783698589012309,0.16092203979558553,post_hoc_final_checkpoint_only
