action,cell,column,descriptive_correlation,h
0,S261__UNET_QUERY_128__RIM_ONE_r3,0,,1
1,S261__UNET_QUERY_128__RIM_ONE_r3,0,,1
0,S261__UNET_QUERY_128__RIM_ONE_r3,1,,1
1,S261__UNET_QUERY_128__RIM_ONE_r3,1,,1
0,S261__UNET_QUERY_128__RIM_ONE_r3,2,0.28405734246924,1
1,S261__UNET_QUERY_128__RIM_ONE_r3,2,-0.03194965487459089,1
0,S261__UNET_QUERY_128__RIM_ONE_r3,3,-0.1434435569918992,1
1,S261__UNET_QUERY_128__RIM_ONE_r3,3,-0.1677544664230064,1
0,S261__UNET_QUERY_128__RIM_ONE_r3,4,-0.23340875561251348,1
1,S261__UNET_QUERY_128__RIM_ONE_r3,4,0.26359369129498095,1
0,S261__UNET_QUERY_128__RIM_ONE_r3,5,0.2853704770342071,1
1,S261__UNET_QUERY_128__RIM_ONE_r3,5,-0.03379065205077078,1
0,S261__UNET_QUERY_128__RIM_ONE_r3,6,-0.13726096890809159,1
1,S261__UNET_QUERY_128__RIM_ONE_r3,6,-0.17275437496953422,1
0,S261__UNET_QUERY_128__RIM_ONE_r3,7,-0.23720044749554653,1
1,S261__UNET_QUERY_128__RIM_ONE_r3,7,0.2669198628536668,1
0,S261__UNET_QUERY_128__RIM_ONE_r3,8,-0.2291796613591567,1
1,S261__UNET_QUERY_128__RIM_ONE_r3,8,0.2452135309546639,1
0,S261__UNET_QUERY_128__RIM_ONE_r3,9,-0.009271118832882203,1
1,S261__UNET_QUERY_128__RIM_ONE_r3,9,0.031385394856622145,1
0,S261__UNET_QUERY_128__RIM_ONE_r3,10,-0.26081759412946576,1
1,S261__UNET_QUERY_128__RIM_ONE_r3,10,0.30493269871436784,1
0,S261__UNET_QUERY_128__RIM_ONE_r3,11,0.3116674071539792,1
1,S261__UNET_QUERY_128__RIM_ONE_r3,11,-0.35381161425398316,1
0,S261__UNET_QUERY_128__RIM_ONE_r3,12,0.11546783540154122,1
1,S261__UNET_QUERY_128__RIM_ONE_r3,12,-0.08835377138872622,1
0,S261__UNET_QUERY_128__RIM_ONE_r3,13,,1
1,S261__UNET_QUERY_128__RIM_ONE_r3,13,,1
0,S261__UNET_QUERY_128__RIM_ONE_r3,14,-0.13895740270575338,1
1,S261__UNET_QUERY_128__RIM_ONE_r3,14,0.13547154469103637,1
0,S261__UNET_QUERY_128__RIM_ONE_r3,15,,1
1,S261__UNET_QUERY_128__RIM_ONE_r3,15,,1
0,S261__UNET_QUERY_128__RIM_ONE_r3,16,0.6789530473804981,1
1,S261__UNET_QUERY_128__RIM_ONE_r3,16,-0.3920834656651139,1
0,S261__UNET_QUERY_128__RIM_ONE_r3,17,0.4738528565513056,1
1,S261__UNET_QUERY_128__RIM_ONE_r3,17,0.25685839928275034,1
0,S261__UNET_QUERY_128__RIM_ONE_r3,18,-0.5346982655964959,1
1,S261__UNET_QUERY_128__RIM_ONE_r3,18,0.666048310018791,1
0,S261__UNET_QUERY_128__RIM_ONE_r3,19,-0.3456588337799421,1
1,S261__UNET_QUERY_128__RIM_ONE_r3,19,0.46468341620659925,1
0,S261__UNET_QUERY_128__RIM_ONE_r3,20,,1
1,S261__UNET_QUERY_128__RIM_ONE_r3,20,,1
0,S261__UNET_QUERY_128__RIM_ONE_r3,21,,1
1,S261__UNET_QUERY_128__RIM_ONE_r3,21,,1
0,S261__UNET_QUERY_128__RIM_ONE_r3,22,0.6759074681724219,1
1,S261__UNET_QUERY_128__RIM_ONE_r3,22,-0.5157007059191445,1
0,S261__UNET_QUERY_128__RIM_ONE_r3,23,0.6424985638086567,1
1,S261__UNET_QUERY_128__RIM_ONE_r3,23,0.045286584469946836,1
0,S261__UNET_QUERY_128__RIM_ONE_r3,24,-0.5531670983746328,1
1,S261__UNET_QUERY_128__RIM_ONE_r3,24,0.5533121546847526,1
0,S261__UNET_QUERY_128__RIM_ONE_r3,25,-0.6027987381469648,1
1,S261__UNET_QUERY_128__RIM_ONE_r3,25,0.45135789600563075,1
0,S261__UNET_QUERY_128__RIM_ONE_r3,26,,1
1,S261__UNET_QUERY_128__RIM_ONE_r3,26,,1
0,S261__UNET_QUERY_128__RIM_ONE_r3,27,,1
1,S261__UNET_QUERY_128__RIM_ONE_r3,27,,1
0,S261__UNET_QUERY_128__RIM_ONE_r3,28,0.3831038079792252,1
1,S261__UNET_QUERY_128__RIM_ONE_r3,28,0.5136258717343648,1
0,S261__UNET_QUERY_128__RIM_ONE_r3,29,0.2471464654456276,1
1,S261__UNET_QUERY_128__RIM_ONE_r3,29,0.5387584727542245,1
0,S261__UNET_QUERY_128__RIM_ONE_r3,30,-0.5372744523149849,1
1,S261__UNET_QUERY_128__RIM_ONE_r3,30,-0.07129527133720702,1
0,S261__UNET_QUERY_128__RIM_ONE_r3,31,-0.2377546545936745,1
1,S261__UNET_QUERY_128__RIM_ONE_r3,31,0.054529355742819176,1
0,S261__UNET_QUERY_128__RIM_ONE_r3,32,,1
1,S261__UNET_QUERY_128__RIM_ONE_r3,32,,1
0,S261__UNET_QUERY_128__RIM_ONE_r3,33,,1
1,S261__UNET_QUERY_128__RIM_ONE_r3,33,,1
0,S261__UNET_QUERY_128__RIM_ONE_r3,34,0.1624262379554192,1
1,S261__UNET_QUERY_128__RIM_ONE_r3,34,0.6244853741139543,1
0,S261__UNET_QUERY_128__RIM_ONE_r3,35,0.3437799294400584,1
1,S261__UNET_QUERY_128__RIM_ONE_r3,35,0.40808201055711923,1
0,S261__UNET_QUERY_128__RIM_ONE_r3,36,-0.39917346844859214,1
1,S261__UNET_QUERY_128__RIM_ONE_r3,36,0.2912155946852456,1
0,S261__UNET_QUERY_128__RIM_ONE_r3,37,-0.37607465332135454,1
1,S261__UNET_QUERY_128__RIM_ONE_r3,37,0.11972835985502273,1
0,S261__UNET_QUERY_128__RIM_ONE_r3,38,,1
1,S261__UNET_QUERY_128__RIM_ONE_r3,38,,1
0,S261__UNET_QUERY_128__RIM_ONE_r3,39,,1
1,S261__UNET_QUERY_128__RIM_ONE_r3,39,,1
0,S261__UNET_QUERY_128__RIM_ONE_r3,0,,5
1,S261__UNET_QUERY_128__RIM_ONE_r3,0,,5
0,S261__UNET_QUERY_128__RIM_ONE_r3,1,,5
1,S261__UNET_QUERY_128__RIM_ONE_r3,1,,5
0,S261__UNET_QUERY_128__RIM_ONE_r3,2,-0.09161052197520893,5
1,S261__UNET_QUERY_128__RIM_ONE_r3,2,-0.019814698241705935,5
0,S261__UNET_QUERY_128__RIM_ONE_r3,3,0.34117945484503714,5
1,S261__UNET_QUERY_128__RIM_ONE_r3,3,-0.16755136325216102,5
0,S261__UNET_QUERY_128__RIM_ONE_r3,4,-0.30536686199835694,5
1,S261__UNET_QUERY_128__RIM_ONE_r3,4,0.24545101111145695,5
0,S261__UNET_QUERY_128__RIM_ONE_r3,5,-0.08939118741422493,5
1,S261__UNET_QUERY_128__RIM_ONE_r3,5,-0.01878199621936366,5
0,S261__UNET_QUERY_128__RIM_ONE_r3,6,0.3467504584208102,5
1,S261__UNET_QUERY_128__RIM_ONE_r3,6,-0.174978273459511,5
0,S261__UNET_QUERY_128__RIM_ONE_r3,7,-0.3095217388926259,5
1,S261__UNET_QUERY_128__RIM_ONE_r3,7,0.24813269091611895,5
0,S261__UNET_QUERY_128__RIM_ONE_r3,8,-0.05339985365268021,5
1,S261__UNET_QUERY_128__RIM_ONE_r3,8,0.21528449727033316,5
0,S261__UNET_QUERY_128__RIM_ONE_r3,9,0.12272767752807012,5
1,S261__UNET_QUERY_128__RIM_ONE_r3,9,-0.032886710391753546,5
0,S261__UNET_QUERY_128__RIM_ONE_r3,10,-0.2331114215539421,5
1,S261__UNET_QUERY_128__RIM_ONE_r3,10,0.3372645555578661,5
0,S261__UNET_QUERY_128__RIM_ONE_r3,11,0.1528232042300536,5
1,S261__UNET_QUERY_128__RIM_ONE_r3,11,-0.31946017695894696,5
0,S261__UNET_QUERY_128__RIM_ONE_r3,12,-0.046375959417326265,5
1,S261__UNET_QUERY_128__RIM_ONE_r3,12,0.011734592434205805,5
0,S261__UNET_QUERY_128__RIM_ONE_r3,13,,5
1,S261__UNET_QUERY_128__RIM_ONE_r3,13,,5
0,S261__UNET_QUERY_128__RIM_ONE_r3,14,-0.015658939156343005,5
1,S261__UNET_QUERY_128__RIM_ONE_r3,14,0.0676578136276342,5
0,S261__UNET_QUERY_128__RIM_ONE_r3,15,,5
1,S261__UNET_QUERY_128__RIM_ONE_r3,15,,5
0,S261__UNET_QUERY_128__RIM_ONE_r3,16,0.46527531923983567,5
1,S261__UNET_QUERY_128__RIM_ONE_r3,16,-0.20711632483248751,5
0,S261__UNET_QUERY_128__RIM_ONE_r3,17,0.21263982695694614,5
1,S261__UNET_QUERY_128__RIM_ONE_r3,17,0.31787690787685174,5
0,S261__UNET_QUERY_128__RIM_ONE_r3,18,-0.46450416593906024,5
1,S261__UNET_QUERY_128__RIM_ONE_r3,18,0.5321068750112535,5
0,S261__UNET_QUERY_128__RIM_ONE_r3,19,-0.36718204602000976,5
1,S261__UNET_QUERY_128__RIM_ONE_r3,19,0.36558116643745664,5
0,S261__UNET_QUERY_128__RIM_ONE_r3,20,,5
1,S261__UNET_QUERY_128__RIM_ONE_r3,20,,5
0,S261__UNET_QUERY_128__RIM_ONE_r3,21,,5
1,S261__UNET_QUERY_128__RIM_ONE_r3,21,,5
0,S261__UNET_QUERY_128__RIM_ONE_r3,22,0.5258294856453303,5
1,S261__UNET_QUERY_128__RIM_ONE_r3,22,-0.3060761965698595,5
0,S261__UNET_QUERY_128__RIM_ONE_r3,23,0.4118224466254775,5
1,S261__UNET_QUERY_128__RIM_ONE_r3,23,0.22111999124373438,5
0,S261__UNET_QUERY_128__RIM_ONE_r3,24,-0.4765777579389748,5
1,S261__UNET_QUERY_128__RIM_ONE_r3,24,0.3308854774757744,5
0,S261__UNET_QUERY_128__RIM_ONE_r3,25,-0.6160449482746715,5
1,S261__UNET_QUERY_128__RIM_ONE_r3,25,0.2547404274256031,5
0,S261__UNET_QUERY_128__RIM_ONE_r3,26,,5
1,S261__UNET_QUERY_128__RIM_ONE_r3,26,,5
0,S261__UNET_QUERY_128__RIM_ONE_r3,27,,5
1,S261__UNET_QUERY_128__RIM_ONE_r3,27,,5
0,S261__UNET_QUERY_128__RIM_ONE_r3,28,0.197993041632105,5
1,S261__UNET_QUERY_128__RIM_ONE_r3,28,0.5505773647196311,5
0,S261__UNET_QUERY_128__RIM_ONE_r3,29,0.010890735201116398,5
1,S261__UNET_QUERY_128__RIM_ONE_r3,29,0.46660052416143666,5
0,S261__UNET_QUERY_128__RIM_ONE_r3,30,-0.5868289365246082,5
1,S261__UNET_QUERY_128__RIM_ONE_r3,30,-0.06395596497615252,5
0,S261__UNET_QUERY_128__RIM_ONE_r3,31,-0.34994826930426126,5
1,S261__UNET_QUERY_128__RIM_ONE_r3,31,0.07983364684227236,5
0,S261__UNET_QUERY_128__RIM_ONE_r3,32,,5
1,S261__UNET_QUERY_128__RIM_ONE_r3,32,,5
0,S261__UNET_QUERY_128__RIM_ONE_r3,33,,5
1,S261__UNET_QUERY_128__RIM_ONE_r3,33,,5
0,S261__UNET_QUERY_128__RIM_ONE_r3,34,0.1472566973955148,5
1,S261__UNET_QUERY_128__RIM_ONE_r3,34,0.6399404900252658,5
0,S261__UNET_QUERY_128__RIM_ONE_r3,35,0.13072944298262754,5
1,S261__UNET_QUERY_128__RIM_ONE_r3,35,0.47340595958126336,5
0,S261__UNET_QUERY_128__RIM_ONE_r3,36,-0.567241966985317,5
1,S261__UNET_QUERY_128__RIM_ONE_r3,36,0.23342271503046222,5
0,S261__UNET_QUERY_128__RIM_ONE_r3,37,-0.5828851051888302,5
1,S261__UNET_QUERY_128__RIM_ONE_r3,37,0.06767878954876298,5
0,S261__UNET_QUERY_128__RIM_ONE_r3,38,,5
1,S261__UNET_QUERY_128__RIM_ONE_r3,38,,5
0,S261__UNET_QUERY_128__RIM_ONE_r3,39,,5
1,S261__UNET_QUERY_128__RIM_ONE_r3,39,,5
0,S261__DINOV2_VITS14_QUERY__RIM_ONE_r3,0,,1
1,S261__DINOV2_VITS14_QUERY__RIM_ONE_r3,0,,1
0,S261__DINOV2_VITS14_QUERY__RIM_ONE_r3,1,,1
1,S261__DINOV2_VITS14_QUERY__RIM_ONE_r3,1,,1
0,S261__DINOV2_VITS14_QUERY__RIM_ONE_r3,2,0.1688858950738066,1
1,S261__DINOV2_VITS14_QUERY__RIM_ONE_r3,2,0.13382425101726375,1
0,S261__DINOV2_VITS14_QUERY__RIM_ONE_r3,3,0.02975642284342137,1
1,S261__DINOV2_VITS14_QUERY__RIM_ONE_r3,3,0.10994684017969923,1
0,S261__DINOV2_VITS14_QUERY__RIM_ONE_r3,4,-0.3151859611599383,1
1,S261__DINOV2_VITS14_QUERY__RIM_ONE_r3,4,-0.35184752540932346,1
0,S261__DINOV2_VITS14_QUERY__RIM_ONE_r3,5,0.1654452538933785,1
1,S261__DINOV2_VITS14_QUERY__RIM_ONE_r3,5,0.13051820730771646,1
0,S261__DINOV2_VITS14_QUERY__RIM_ONE_r3,6,0.03577624513760963,1
1,S261__DINOV2_VITS14_QUERY__RIM_ONE_r3,6,0.11587946987130263,1
0,S261__DINOV2_VITS14_QUERY__RIM_ONE_r3,7,-0.315936270085779,1
1,S261__DINOV2_VITS14_QUERY__RIM_ONE_r3,7,-0.35284792633702194,1
0,S261__DINOV2_VITS14_QUERY__RIM_ONE_r3,8,-0.40932392983450777,1
1,S261__DINOV2_VITS14_QUERY__RIM_ONE_r3,8,-0.36323273163667325,1
0,S261__DINOV2_VITS14_QUERY__RIM_ONE_r3,9,-0.41376863856907264,1
1,S261__DINOV2_VITS14_QUERY__RIM_ONE_r3,9,-0.3656673062138434,1
0,S261__DINOV2_VITS14_QUERY__RIM_ONE_r3,10,-0.3116590313662039,1
1,S261__DINOV2_VITS14_QUERY__RIM_ONE_r3,10,-0.29100328308678786,1
0,S261__DINOV2_VITS14_QUERY__RIM_ONE_r3,11,0.33585754825837716,1
1,S261__DINOV2_VITS14_QUERY__RIM_ONE_r3,11,0.23536390894528453,1
0,S261__DINOV2_VITS14_QUERY__RIM_ONE_r3,12,0.3677398600831395,1
1,S261__DINOV2_VITS14_QUERY__RIM_ONE_r3,12,0.2612471442840016,1
0,S261__DINOV2_VITS14_QUERY__RIM_ONE_r3,13,,1
1,S261__DINOV2_VITS14_QUERY__RIM_ONE_r3,13,,1
0,S261__DINOV2_VITS14_QUERY__RIM_ONE_r3,14,-0.22332542708955683,1
1,S261__DINOV2_VITS14_QUERY__RIM_ONE_r3,14,-0.1450721616994516,1
0,S261__DINOV2_VITS14_QUERY__RIM_ONE_r3,15,,1
1,S261__DINOV2_VITS14_QUERY__RIM_ONE_r3,15,,1
0,S261__DINOV2_VITS14_QUERY__RIM_ONE_r3,16,0.45987175798806135,1
1,S261__DINOV2_VITS14_QUERY__RIM_ONE_r3,16,0.3160488412765792,1
0,S261__DINOV2_VITS14_QUERY__RIM_ONE_r3,17,0.5411107287982995,1
1,S261__DINOV2_VITS14_QUERY__RIM_ONE_r3,17,0.4283143151751147,1
0,S261__DINOV2_VITS14_QUERY__RIM_ONE_r3,18,-0.6632446262360091,1
1,S261__DINOV2_VITS14_QUERY__RIM_ONE_r3,18,-0.7921264764785144,1
0,S261__DINOV2_VITS14_QUERY__RIM_ONE_r3,19,-0.4325385673066927,1
1,S261__DINOV2_VITS14_QUERY__RIM_ONE_r3,19,-0.5327618137360848,1
0,S261__DINOV2_VITS14_QUERY__RIM_ONE_r3,20,,1
1,S261__DINOV2_VITS14_QUERY__RIM_ONE_r3,20,,1
0,S261__DINOV2_VITS14_QUERY__RIM_ONE_r3,21,,1
1,S261__DINOV2_VITS14_QUERY__RIM_ONE_r3,21,,1
0,S261__DINOV2_VITS14_QUERY__RIM_ONE_r3,22,0.6238144182362962,1
1,S261__DINOV2_VITS14_QUERY__RIM_ONE_r3,22,0.42779955518533935,1
0,S261__DINOV2_VITS14_QUERY__RIM_ONE_r3,23,0.5748327728550618,1
1,S261__DINOV2_VITS14_QUERY__RIM_ONE_r3,23,0.4282513141455167,1
0,S261__DINOV2_VITS14_QUERY__RIM_ONE_r3,24,-0.30486418769706103,1
1,S261__DINOV2_VITS14_QUERY__RIM_ONE_r3,24,-0.4436060308889562,1
0,S261__DINOV2_VITS14_QUERY__RIM_ONE_r3,25,0.02804631077936391,1
1,S261__DINOV2_VITS14_QUERY__RIM_ONE_r3,25,-0.06259216677207205,1
0,S261__DINOV2_VITS14_QUERY__RIM_ONE_r3,26,,1
1,S261__DINOV2_VITS14_QUERY__RIM_ONE_r3,26,,1
0,S261__DINOV2_VITS14_QUERY__RIM_ONE_r3,27,,1
1,S261__DINOV2_VITS14_QUERY__RIM_ONE_r3,27,,1
0,S261__DINOV2_VITS14_QUERY__RIM_ONE_r3,28,0.16244473957978434,1
1,S261__DINOV2_VITS14_QUERY__RIM_ONE_r3,28,0.23358575251600325,1
0,S261__DINOV2_VITS14_QUERY__RIM_ONE_r3,29,0.19669958929914003,1
1,S261__DINOV2_VITS14_QUERY__RIM_ONE_r3,29,0.2704430450995922,1
0,S261__DINOV2_VITS14_QUERY__RIM_ONE_r3,30,-0.6491879764730375,1
1,S261__DINOV2_VITS14_QUERY__RIM_ONE_r3,30,-0.7954038681692286,1
0,S261__DINOV2_VITS14_QUERY__RIM_ONE_r3,31,-0.3679996063595605,1
1,S261__DINOV2_VITS14_QUERY__RIM_ONE_r3,31,-0.4973693599524053,1
0,S261__DINOV2_VITS14_QUERY__RIM_ONE_r3,32,,1
1,S261__DINOV2_VITS14_QUERY__RIM_ONE_r3,32,,1
0,S261__DINOV2_VITS14_QUERY__RIM_ONE_r3,33,,1
1,S261__DINOV2_VITS14_QUERY__RIM_ONE_r3,33,,1
0,S261__DINOV2_VITS14_QUERY__RIM_ONE_r3,34,0.3252179392145319,1
1,S261__DINOV2_VITS14_QUERY__RIM_ONE_r3,34,0.4676502301473583,1
0,S261__DINOV2_VITS14_QUERY__RIM_ONE_r3,35,0.19084391755732177,1
1,S261__DINOV2_VITS14_QUERY__RIM_ONE_r3,35,0.32222344820227133,1
0,S261__DINOV2_VITS14_QUERY__RIM_ONE_r3,36,-0.46772579908302986,1
1,S261__DINOV2_VITS14_QUERY__RIM_ONE_r3,36,-0.6008001042957396,1
0,S261__DINOV2_VITS14_QUERY__RIM_ONE_r3,37,-0.17256346867387395,1
1,S261__DINOV2_VITS14_QUERY__RIM_ONE_r3,37,-0.1939879203827264,1
0,S261__DINOV2_VITS14_QUERY__RIM_ONE_r3,38,,1
1,S261__DINOV2_VITS14_QUERY__RIM_ONE_r3,38,,1
0,S261__DINOV2_VITS14_QUERY__RIM_ONE_r3,39,,1
1,S261__DINOV2_VITS14_QUERY__RIM_ONE_r3,39,,1
0,S261__DINOV2_VITS14_QUERY__RIM_ONE_r3,0,,5
1,S261__DINOV2_VITS14_QUERY__RIM_ONE_r3,0,,5
0,S261__DINOV2_VITS14_QUERY__RIM_ONE_r3,1,,5
1,S261__DINOV2_VITS14_QUERY__RIM_ONE_r3,1,,5
0,S261__DINOV2_VITS14_QUERY__RIM_ONE_r3,2,-0.08941107918282723,5
1,S261__DINOV2_VITS14_QUERY__RIM_ONE_r3,2,-0.1619197288104715,5
0,S261__DINOV2_VITS14_QUERY__RIM_ONE_r3,3,0.4442284885638048,5
1,S261__DINOV2_VITS14_QUERY__RIM_ONE_r3,3,0.42128694141033773,5
0,S261__DINOV2_VITS14_QUERY__RIM_ONE_r3,4,-0.3768804410779952,5
1,S261__DINOV2_VITS14_QUERY__RIM_ONE_r3,4,-0.22954293566189304,5
0,S261__DINOV2_VITS14_QUERY__RIM_ONE_r3,5,-0.09174169396617715,5
1,S261__DINOV2_VITS14_QUERY__RIM_ONE_r3,5,-0.1630674969367729,5
0,S261__DINOV2_VITS14_QUERY__RIM_ONE_r3,6,0.4478824062116131,5
1,S261__DINOV2_VITS14_QUERY__RIM_ONE_r3,6,0.42213384621223893,5
0,S261__DINOV2_VITS14_QUERY__RIM_ONE_r3,7,-0.37765476418221405,5
1,S261__DINOV2_VITS14_QUERY__RIM_ONE_r3,7,-0.22924577590949757,5
0,S261__DINOV2_VITS14_QUERY__RIM_ONE_r3,8,-0.31045157283945374,5
1,S261__DINOV2_VITS14_QUERY__RIM_ONE_r3,8,-0.12153066769182691,5
0,S261__DINOV2_VITS14_QUERY__RIM_ONE_r3,9,-0.18967639498096928,5
1,S261__DINOV2_VITS14_QUERY__RIM_ONE_r3,9,0.03701406773420347,5
0,S261__DINOV2_VITS14_QUERY__RIM_ONE_r3,10,-0.652205529657364,5
1,S261__DINOV2_VITS14_QUERY__RIM_ONE_r3,10,-0.5835807178185254,5
0,S261__DINOV2_VITS14_QUERY__RIM_ONE_r3,11,0.13423594078235776,5
1,S261__DINOV2_VITS14_QUERY__RIM_ONE_r3,11,-0.02344696334249886,5
0,S261__DINOV2_VITS14_QUERY__RIM_ONE_r3,12,-0.0021862048256474607,5
1,S261__DINOV2_VITS14_QUERY__RIM_ONE_r3,12,-0.18813584607733258,5
0,S261__DINOV2_VITS14_QUERY__RIM_ONE_r3,13,,5
1,S261__DINOV2_VITS14_QUERY__RIM_ONE_r3,13,,5
0,S261__DINOV2_VITS14_QUERY__RIM_ONE_r3,14,0.09686321205733475,5
1,S261__DINOV2_VITS14_QUERY__RIM_ONE_r3,14,-0.05640215912388165,5
0,S261__DINOV2_VITS14_QUERY__RIM_ONE_r3,15,,5
1,S261__DINOV2_VITS14_QUERY__RIM_ONE_r3,15,,5
0,S261__DINOV2_VITS14_QUERY__RIM_ONE_r3,16,-0.3000857267525601,5
1,S261__DINOV2_VITS14_QUERY__RIM_ONE_r3,16,-0.1321688726143584,5
0,S261__DINOV2_VITS14_QUERY__RIM_ONE_r3,17,-0.3649200984782592,5
1,S261__DINOV2_VITS14_QUERY__RIM_ONE_r3,17,-0.3224409067638647,5
0,S261__DINOV2_VITS14_QUERY__RIM_ONE_r3,18,-0.2992599242839032,5
1,S261__DINOV2_VITS14_QUERY__RIM_ONE_r3,18,-0.042461506292612285,5
0,S261__DINOV2_VITS14_QUERY__RIM_ONE_r3,19,0.010875243249993592,5
1,S261__DINOV2_VITS14_QUERY__RIM_ONE_r3,19,0.15841421417161658,5
0,S261__DINOV2_VITS14_QUERY__RIM_ONE_r3,20,,5
1,S261__DINOV2_VITS14_QUERY__RIM_ONE_r3,20,,5
0,S261__DINOV2_VITS14_QUERY__RIM_ONE_r3,21,,5
1,S261__DINOV2_VITS14_QUERY__RIM_ONE_r3,21,,5
0,S261__DINOV2_VITS14_QUERY__RIM_ONE_r3,22,-0.19859893435075385,5
1,S261__DINOV2_VITS14_QUERY__RIM_ONE_r3,22,-0.1966439707850231,5
0,S261__DINOV2_VITS14_QUERY__RIM_ONE_r3,23,-0.44280202484339226,5
1,S261__DINOV2_VITS14_QUERY__RIM_ONE_r3,23,-0.4331875720340039,5
0,S261__DINOV2_VITS14_QUERY__RIM_ONE_r3,24,0.03004882404026878,5
1,S261__DINOV2_VITS14_QUERY__RIM_ONE_r3,24,0.22271030738255992,5
0,S261__DINOV2_VITS14_QUERY__RIM_ONE_r3,25,0.3679278407323066,5
1,S261__DINOV2_VITS14_QUERY__RIM_ONE_r3,25,0.37359281697128394,5
0,S261__DINOV2_VITS14_QUERY__RIM_ONE_r3,26,,5
1,S261__DINOV2_VITS14_QUERY__RIM_ONE_r3,26,,5
0,S261__DINOV2_VITS14_QUERY__RIM_ONE_r3,27,,5
1,S261__DINOV2_VITS14_QUERY__RIM_ONE_r3,27,,5
0,S261__DINOV2_VITS14_QUERY__RIM_ONE_r3,28,-0.3415419693436604,5
1,S261__DINOV2_VITS14_QUERY__RIM_ONE_r3,28,-0.18771891366896207,5
0,S261__DINOV2_VITS14_QUERY__RIM_ONE_r3,29,-0.3557547102587632,5
1,S261__DINOV2_VITS14_QUERY__RIM_ONE_r3,29,-0.29383995437120086,5
0,S261__DINOV2_VITS14_QUERY__RIM_ONE_r3,30,-0.4191016776904443,5
1,S261__DINOV2_VITS14_QUERY__RIM_ONE_r3,30,-0.22463362216079416,5
0,S261__DINOV2_VITS14_QUERY__RIM_ONE_r3,31,-0.05811700238227179,5
1,S261__DINOV2_VITS14_QUERY__RIM_ONE_r3,31,0.034989904117042295,5
0,S261__DINOV2_VITS14_QUERY__RIM_ONE_r3,32,,5
1,S261__DINOV2_VITS14_QUERY__RIM_ONE_r3,32,,5
0,S261__DINOV2_VITS14_QUERY__RIM_ONE_r3,33,,5
1,S261__DINOV2_VITS14_QUERY__RIM_ONE_r3,33,,5
0,S261__DINOV2_VITS14_QUERY__RIM_ONE_r3,34,-0.08106311447682178,5
1,S261__DINOV2_VITS14_QUERY__RIM_ONE_r3,34,-0.053148367403280695,5
0,S261__DINOV2_VITS14_QUERY__RIM_ONE_r3,35,-0.31431768639943924,5
1,S261__DINOV2_VITS14_QUERY__RIM_ONE_r3,35,-0.29858559701082626,5
0,S261__DINOV2_VITS14_QUERY__RIM_ONE_r3,36,-0.18276075157446436,5
1,S261__DINOV2_VITS14_QUERY__RIM_ONE_r3,36,-0.04001787328885637,5
0,S261__DINOV2_VITS14_QUERY__RIM_ONE_r3,37,0.16186577740577845,5
1,S261__DINOV2_VITS14_QUERY__RIM_ONE_r3,37,0.04692956420061746,5
0,S261__DINOV2_VITS14_QUERY__RIM_ONE_r3,38,,5
1,S261__DINOV2_VITS14_QUERY__RIM_ONE_r3,38,,5
0,S261__DINOV2_VITS14_QUERY__RIM_ONE_r3,39,,5
1,S261__DINOV2_VITS14_QUERY__RIM_ONE_r3,39,,5
0,S262__UNET_QUERY_128__RIM_ONE_r3,0,,1
1,S262__UNET_QUERY_128__RIM_ONE_r3,0,,1
0,S262__UNET_QUERY_128__RIM_ONE_r3,1,,1
1,S262__UNET_QUERY_128__RIM_ONE_r3,1,,1
0,S262__UNET_QUERY_128__RIM_ONE_r3,2,0.6960258707891894,1
1,S262__UNET_QUERY_128__RIM_ONE_r3,2,0.5764071958076475,1
0,S262__UNET_QUERY_128__RIM_ONE_r3,3,-0.7696540807233774,1
1,S262__UNET_QUERY_128__RIM_ONE_r3,3,-0.692782903735424,1
0,S262__UNET_QUERY_128__RIM_ONE_r3,4,0.2836768852857996,1
1,S262__UNET_QUERY_128__RIM_ONE_r3,4,0.3823664769674001,1
0,S262__UNET_QUERY_128__RIM_ONE_r3,5,0.7029301142013711,1
1,S262__UNET_QUERY_128__RIM_ONE_r3,5,0.5709778293584497,1
0,S262__UNET_QUERY_128__RIM_ONE_r3,6,-0.7703285027542124,1
1,S262__UNET_QUERY_128__RIM_ONE_r3,6,-0.6776123796320155,1
0,S262__UNET_QUERY_128__RIM_ONE_r3,7,0.2874370875463962,1
1,S262__UNET_QUERY_128__RIM_ONE_r3,7,0.37125082266900566,1
0,S262__UNET_QUERY_128__RIM_ONE_r3,8,0.3757380313422198,1
1,S262__UNET_QUERY_128__RIM_ONE_r3,8,0.3544828909092118,1
0,S262__UNET_QUERY_128__RIM_ONE_r3,9,0.3041349200517828,1
1,S262__UNET_QUERY_128__RIM_ONE_r3,9,0.32880756342531187,1
0,S262__UNET_QUERY_128__RIM_ONE_r3,10,0.6890696690835644,1
1,S262__UNET_QUERY_128__RIM_ONE_r3,10,0.35308549117995686,1
0,S262__UNET_QUERY_128__RIM_ONE_r3,11,-0.37162386569245287,1
1,S262__UNET_QUERY_128__RIM_ONE_r3,11,-0.3826480752203082,1
0,S262__UNET_QUERY_128__RIM_ONE_r3,12,-0.33052497396732705,1
1,S262__UNET_QUERY_128__RIM_ONE_r3,12,-0.3838715652025853,1
0,S262__UNET_QUERY_128__RIM_ONE_r3,13,,1
1,S262__UNET_QUERY_128__RIM_ONE_r3,13,,1
0,S262__UNET_QUERY_128__RIM_ONE_r3,14,0.22185209651955526,1
1,S262__UNET_QUERY_128__RIM_ONE_r3,14,0.3600791233083552,1
0,S262__UNET_QUERY_128__RIM_ONE_r3,15,,1
1,S262__UNET_QUERY_128__RIM_ONE_r3,15,,1
0,S262__UNET_QUERY_128__RIM_ONE_r3,16,0.7077724048153492,1
1,S262__UNET_QUERY_128__RIM_ONE_r3,16,0.8417150847668481,1
0,S262__UNET_QUERY_128__RIM_ONE_r3,17,0.3536842670517664,1
1,S262__UNET_QUERY_128__RIM_ONE_r3,17,0.3845215075201072,1
0,S262__UNET_QUERY_128__RIM_ONE_r3,18,0.7070786715765165,1
1,S262__UNET_QUERY_128__RIM_ONE_r3,18,0.7456087602546576,1
0,S262__UNET_QUERY_128__RIM_ONE_r3,19,0.5583267833729957,1
1,S262__UNET_QUERY_128__RIM_ONE_r3,19,0.35535002020572243,1
0,S262__UNET_QUERY_128__RIM_ONE_r3,20,,1
1,S262__UNET_QUERY_128__RIM_ONE_r3,20,,1
0,S262__UNET_QUERY_128__RIM_ONE_r3,21,,1
1,S262__UNET_QUERY_128__RIM_ONE_r3,21,,1
0,S262__UNET_QUERY_128__RIM_ONE_r3,22,0.7777259897778008,1
1,S262__UNET_QUERY_128__RIM_ONE_r3,22,0.8290203851469418,1
0,S262__UNET_QUERY_128__RIM_ONE_r3,23,0.27993848888287615,1
1,S262__UNET_QUERY_128__RIM_ONE_r3,23,0.18330560233203388,1
0,S262__UNET_QUERY_128__RIM_ONE_r3,24,0.764989143783164,1
1,S262__UNET_QUERY_128__RIM_ONE_r3,24,0.7846835719617459,1
0,S262__UNET_QUERY_128__RIM_ONE_r3,25,0.7655461009107332,1
1,S262__UNET_QUERY_128__RIM_ONE_r3,25,0.643309068132763,1
0,S262__UNET_QUERY_128__RIM_ONE_r3,26,,1
1,S262__UNET_QUERY_128__RIM_ONE_r3,26,,1
0,S262__UNET_QUERY_128__RIM_ONE_r3,27,,1
1,S262__UNET_QUERY_128__RIM_ONE_r3,27,,1
0,S262__UNET_QUERY_128__RIM_ONE_r3,28,0.684237791586328,1
1,S262__UNET_QUERY_128__RIM_ONE_r3,28,0.8378289396290068,1
0,S262__UNET_QUERY_128__RIM_ONE_r3,29,0.056325880762140186,1
1,S262__UNET_QUERY_128__RIM_ONE_r3,29,0.2630505108689185,1
0,S262__UNET_QUERY_128__RIM_ONE_r3,30,0.6506305346363397,1
1,S262__UNET_QUERY_128__RIM_ONE_r3,30,0.5801247841906588,1
0,S262__UNET_QUERY_128__RIM_ONE_r3,31,0.2728808453945947,1
1,S262__UNET_QUERY_128__RIM_ONE_r3,31,0.030674476740214996,1
0,S262__UNET_QUERY_128__RIM_ONE_r3,32,,1
1,S262__UNET_QUERY_128__RIM_ONE_r3,32,,1
0,S262__UNET_QUERY_128__RIM_ONE_r3,33,,1
1,S262__UNET_QUERY_128__RIM_ONE_r3,33,,1
0,S262__UNET_QUERY_128__RIM_ONE_r3,34,0.7169717166361683,1
1,S262__UNET_QUERY_128__RIM_ONE_r3,34,0.8839265136536996,1
0,S262__UNET_QUERY_128__RIM_ONE_r3,35,0.06636564776404984,1
1,S262__UNET_QUERY_128__RIM_ONE_r3,35,0.2796152878037065,1
0,S262__UNET_QUERY_128__RIM_ONE_r3,36,0.7094385067407667,1
1,S262__UNET_QUERY_128__RIM_ONE_r3,36,0.8004284829161207,1
0,S262__UNET_QUERY_128__RIM_ONE_r3,37,0.7060763302970307,1
1,S262__UNET_QUERY_128__RIM_ONE_r3,37,0.7077335235000668,1
0,S262__UNET_QUERY_128__RIM_ONE_r3,38,,1
1,S262__UNET_QUERY_128__RIM_ONE_r3,38,,1
0,S262__UNET_QUERY_128__RIM_ONE_r3,39,,1
1,S262__UNET_QUERY_128__RIM_ONE_r3,39,,1
0,S262__UNET_QUERY_128__RIM_ONE_r3,0,,5
1,S262__UNET_QUERY_128__RIM_ONE_r3,0,,5
0,S262__UNET_QUERY_128__RIM_ONE_r3,1,,5
1,S262__UNET_QUERY_128__RIM_ONE_r3,1,,5
0,S262__UNET_QUERY_128__RIM_ONE_r3,2,0.04257196605214696,5
1,S262__UNET_QUERY_128__RIM_ONE_r3,2,-0.10791173752088962,5
0,S262__UNET_QUERY_128__RIM_ONE_r3,3,-0.035831144362348626,5
1,S262__UNET_QUERY_128__RIM_ONE_r3,3,0.10387139031149488,5
0,S262__UNET_QUERY_128__RIM_ONE_r3,4,-0.012574570144509177,5
1,S262__UNET_QUERY_128__RIM_ONE_r3,4,-0.002848962246062719,5
0,S262__UNET_QUERY_128__RIM_ONE_r3,5,0.06734455729549309,5
1,S262__UNET_QUERY_128__RIM_ONE_r3,5,-0.10797471575207826,5
0,S262__UNET_QUERY_128__RIM_ONE_r3,6,-0.06972298785792465,5
1,S262__UNET_QUERY_128__RIM_ONE_r3,6,0.10185274114366638,5
0,S262__UNET_QUERY_128__RIM_ONE_r3,7,0.016706327497014638,5
1,S262__UNET_QUERY_128__RIM_ONE_r3,7,-0.0004075112323363016,5
0,S262__UNET_QUERY_128__RIM_ONE_r3,8,-0.2205479640353519,5
1,S262__UNET_QUERY_128__RIM_ONE_r3,8,-0.06392485559170524,5
0,S262__UNET_QUERY_128__RIM_ONE_r3,9,-0.321519061759828,5
1,S262__UNET_QUERY_128__RIM_ONE_r3,9,-0.07805948796466863,5
0,S262__UNET_QUERY_128__RIM_ONE_r3,10,0.6565141684061704,5
1,S262__UNET_QUERY_128__RIM_ONE_r3,10,0.03606640841040851,5
0,S262__UNET_QUERY_128__RIM_ONE_r3,11,0.27599223659605115,5
1,S262__UNET_QUERY_128__RIM_ONE_r3,11,0.052510743277303124,5
0,S262__UNET_QUERY_128__RIM_ONE_r3,12,0.36650575193889945,5
1,S262__UNET_QUERY_128__RIM_ONE_r3,12,0.08894120182163937,5
0,S262__UNET_QUERY_128__RIM_ONE_r3,13,,5
1,S262__UNET_QUERY_128__RIM_ONE_r3,13,,5
0,S262__UNET_QUERY_128__RIM_ONE_r3,14,-0.2933695002206159,5
1,S262__UNET_QUERY_128__RIM_ONE_r3,14,0.08090176543008235,5
0,S262__UNET_QUERY_128__RIM_ONE_r3,15,,5
1,S262__UNET_QUERY_128__RIM_ONE_r3,15,,5
0,S262__UNET_QUERY_128__RIM_ONE_r3,16,-0.4820357028364618,5
1,S262__UNET_QUERY_128__RIM_ONE_r3,16,-0.3883725606697759,5
0,S262__UNET_QUERY_128__RIM_ONE_r3,17,-0.010657672475555558,5
1,S262__UNET_QUERY_128__RIM_ONE_r3,17,-0.2840012888580904,5
0,S262__UNET_QUERY_128__RIM_ONE_r3,18,-0.39952930031660916,5
1,S262__UNET_QUERY_128__RIM_ONE_r3,18,-0.2699384927208883,5
0,S262__UNET_QUERY_128__RIM_ONE_r3,19,-0.2153300367121711,5
1,S262__UNET_QUERY_128__RIM_ONE_r3,19,0.16261627889198257,5
0,S262__UNET_QUERY_128__RIM_ONE_r3,20,,5
1,S262__UNET_QUERY_128__RIM_ONE_r3,20,,5
0,S262__UNET_QUERY_128__RIM_ONE_r3,21,,5
1,S262__UNET_QUERY_128__RIM_ONE_r3,21,,5
0,S262__UNET_QUERY_128__RIM_ONE_r3,22,-0.38563508310949096,5
1,S262__UNET_QUERY_128__RIM_ONE_r3,22,-0.381510559391018,5
0,S262__UNET_QUERY_128__RIM_ONE_r3,23,0.17558650113829588,5
1,S262__UNET_QUERY_128__RIM_ONE_r3,23,-0.17705499417284842,5
0,S262__UNET_QUERY_128__RIM_ONE_r3,24,-0.36713198032126093,5
1,S262__UNET_QUERY_128__RIM_ONE_r3,24,-0.2758123240711259,5
0,S262__UNET_QUERY_128__RIM_ONE_r3,25,-0.19611811070392712,5
1,S262__UNET_QUERY_128__RIM_ONE_r3,25,-0.08160543248493844,5
0,S262__UNET_QUERY_128__RIM_ONE_r3,26,,5
1,S262__UNET_QUERY_128__RIM_ONE_r3,26,,5
0,S262__UNET_QUERY_128__RIM_ONE_r3,27,,5
1,S262__UNET_QUERY_128__RIM_ONE_r3,27,,5
0,S262__UNET_QUERY_128__RIM_ONE_r3,28,-0.5134528987703559,5
1,S262__UNET_QUERY_128__RIM_ONE_r3,28,-0.39520803005009275,5
0,S262__UNET_QUERY_128__RIM_ONE_r3,29,-0.19973133689723482,5
1,S262__UNET_QUERY_128__RIM_ONE_r3,29,-0.18169243938623086,5
0,S262__UNET_QUERY_128__RIM_ONE_r3,30,-0.386462558497645,5
1,S262__UNET_QUERY_128__RIM_ONE_r3,30,-0.08385612935210059,5
0,S262__UNET_QUERY_128__RIM_ONE_r3,31,-0.23689062516288067,5
1,S262__UNET_QUERY_128__RIM_ONE_r3,31,0.34144075417634234,5
0,S262__UNET_QUERY_128__RIM_ONE_r3,32,,5
1,S262__UNET_QUERY_128__RIM_ONE_r3,32,,5
0,S262__UNET_QUERY_128__RIM_ONE_r3,33,,5
1,S262__UNET_QUERY_128__RIM_ONE_r3,33,,5
0,S262__UNET_QUERY_128__RIM_ONE_r3,34,-0.4707193527831519,5
1,S262__UNET_QUERY_128__RIM_ONE_r3,34,-0.4352726286288836,5
0,S262__UNET_QUERY_128__RIM_ONE_r3,35,-0.04750958384498087,5
1,S262__UNET_QUERY_128__RIM_ONE_r3,35,-0.3048373749288463,5
0,S262__UNET_QUERY_128__RIM_ONE_r3,36,-0.4609455644535295,5
1,S262__UNET_QUERY_128__RIM_ONE_r3,36,-0.31344985340036424,5
0,S262__UNET_QUERY_128__RIM_ONE_r3,37,-0.39505496010150815,5
1,S262__UNET_QUERY_128__RIM_ONE_r3,37,-0.20555018844659306,5
0,S262__UNET_QUERY_128__RIM_ONE_r3,38,,5
1,S262__UNET_QUERY_128__RIM_ONE_r3,38,,5
0,S262__UNET_QUERY_128__RIM_ONE_r3,39,,5
1,S262__UNET_QUERY_128__RIM_ONE_r3,39,,5
0,S262__DINOV2_VITS14_QUERY__RIM_ONE_r3,0,,1
1,S262__DINOV2_VITS14_QUERY__RIM_ONE_r3,0,,1
0,S262__DINOV2_VITS14_QUERY__RIM_ONE_r3,1,,1
1,S262__DINOV2_VITS14_QUERY__RIM_ONE_r3,1,,1
0,S262__DINOV2_VITS14_QUERY__RIM_ONE_r3,2,0.09727687854865837,1
1,S262__DINOV2_VITS14_QUERY__RIM_ONE_r3,2,0.19610834732164362,1
0,S262__DINOV2_VITS14_QUERY__RIM_ONE_r3,3,-0.1936417691760666,1
1,S262__DINOV2_VITS14_QUERY__RIM_ONE_r3,3,-0.09540179894863095,1
0,S262__DINOV2_VITS14_QUERY__RIM_ONE_r3,4,0.11290961764059446,1
1,S262__DINOV2_VITS14_QUERY__RIM_ONE_r3,4,-0.2054830786952363,1
0,S262__DINOV2_VITS14_QUERY__RIM_ONE_r3,5,0.09730454727555239,1
1,S262__DINOV2_VITS14_QUERY__RIM_ONE_r3,5,0.19571454149949696,1
0,S262__DINOV2_VITS14_QUERY__RIM_ONE_r3,6,-0.19289141534894622,1
1,S262__DINOV2_VITS14_QUERY__RIM_ONE_r3,6,-0.09316324450307759,1
0,S262__DINOV2_VITS14_QUERY__RIM_ONE_r3,7,0.11211647592228799,1
1,S262__DINOV2_VITS14_QUERY__RIM_ONE_r3,7,-0.20717332714666153,1
0,S262__DINOV2_VITS14_QUERY__RIM_ONE_r3,8,-0.04193466443507073,1
1,S262__DINOV2_VITS14_QUERY__RIM_ONE_r3,8,-0.1955293183002966,1
0,S262__DINOV2_VITS14_QUERY__RIM_ONE_r3,9,-0.1650730733965434,1
1,S262__DINOV2_VITS14_QUERY__RIM_ONE_r3,9,-0.22167091432297728,1
0,S262__DINOV2_VITS14_QUERY__RIM_ONE_r3,10,0.22880958731106596,1
1,S262__DINOV2_VITS14_QUERY__RIM_ONE_r3,10,-0.023448500579315835,1
0,S262__DINOV2_VITS14_QUERY__RIM_ONE_r3,11,0.03335742937835056,1
1,S262__DINOV2_VITS14_QUERY__RIM_ONE_r3,11,0.19394732101072762,1
0,S262__DINOV2_VITS14_QUERY__RIM_ONE_r3,12,0.1368672703075243,1
1,S262__DINOV2_VITS14_QUERY__RIM_ONE_r3,12,0.20519463713129033,1
0,S262__DINOV2_VITS14_QUERY__RIM_ONE_r3,13,,1
1,S262__DINOV2_VITS14_QUERY__RIM_ONE_r3,13,,1
0,S262__DINOV2_VITS14_QUERY__RIM_ONE_r3,14,-0.1222640811515064,1
1,S262__DINOV2_VITS14_QUERY__RIM_ONE_r3,14,0.15834469820817487,1
0,S262__DINOV2_VITS14_QUERY__RIM_ONE_r3,15,,1
1,S262__DINOV2_VITS14_QUERY__RIM_ONE_r3,15,,1
0,S262__DINOV2_VITS14_QUERY__RIM_ONE_r3,16,0.44080294840817674,1
1,S262__DINOV2_VITS14_QUERY__RIM_ONE_r3,16,-0.12910432110683795,1
0,S262__DINOV2_VITS14_QUERY__RIM_ONE_r3,17,-0.05410265090320853,1
1,S262__DINOV2_VITS14_QUERY__RIM_ONE_r3,17,-0.20625342133617172,1
0,S262__DINOV2_VITS14_QUERY__RIM_ONE_r3,18,-0.49952506041189626,1
1,S262__DINOV2_VITS14_QUERY__RIM_ONE_r3,18,0.1407835750033643,1
0,S262__DINOV2_VITS14_QUERY__RIM_ONE_r3,19,-0.46480185017119025,1
1,S262__DINOV2_VITS14_QUERY__RIM_ONE_r3,19,0.205427771955456,1
0,S262__DINOV2_VITS14_QUERY__RIM_ONE_r3,20,,1
1,S262__DINOV2_VITS14_QUERY__RIM_ONE_r3,20,,1
0,S262__DINOV2_VITS14_QUERY__RIM_ONE_r3,21,,1
1,S262__DINOV2_VITS14_QUERY__RIM_ONE_r3,21,,1
0,S262__DINOV2_VITS14_QUERY__RIM_ONE_r3,22,0.42982510900093507,1
1,S262__DINOV2_VITS14_QUERY__RIM_ONE_r3,22,-0.11776258380306355,1
0,S262__DINOV2_VITS14_QUERY__RIM_ONE_r3,23,0.2833937660656354,1
1,S262__DINOV2_VITS14_QUERY__RIM_ONE_r3,23,-0.06073460424022126,1
0,S262__DINOV2_VITS14_QUERY__RIM_ONE_r3,24,-0.5013222369034205,1
1,S262__DINOV2_VITS14_QUERY__RIM_ONE_r3,24,0.12155182528314291,1
0,S262__DINOV2_VITS14_QUERY__RIM_ONE_r3,25,-0.5227789367557486,1
1,S262__DINOV2_VITS14_QUERY__RIM_ONE_r3,25,0.07247581285767327,1
0,S262__DINOV2_VITS14_QUERY__RIM_ONE_r3,26,,1
1,S262__DINOV2_VITS14_QUERY__RIM_ONE_r3,26,,1
0,S262__DINOV2_VITS14_QUERY__RIM_ONE_r3,27,,1
1,S262__DINOV2_VITS14_QUERY__RIM_ONE_r3,27,,1
0,S262__DINOV2_VITS14_QUERY__RIM_ONE_r3,28,0.3892483767246564,1
1,S262__DINOV2_VITS14_QUERY__RIM_ONE_r3,28,-0.20677215278929623,1
0,S262__DINOV2_VITS14_QUERY__RIM_ONE_r3,29,-0.17583375766949463,1
1,S262__DINOV2_VITS14_QUERY__RIM_ONE_r3,29,-0.28238910386470806,1
0,S262__DINOV2_VITS14_QUERY__RIM_ONE_r3,30,-0.48067654637349544,1
1,S262__DINOV2_VITS14_QUERY__RIM_ONE_r3,30,0.07037455689355648,1
0,S262__DINOV2_VITS14_QUERY__RIM_ONE_r3,31,-0.3513029591414655,1
1,S262__DINOV2_VITS14_QUERY__RIM_ONE_r3,31,0.19221382655837027,1
0,S262__DINOV2_VITS14_QUERY__RIM_ONE_r3,32,,1
1,S262__DINOV2_VITS14_QUERY__RIM_ONE_r3,32,,1
0,S262__DINOV2_VITS14_QUERY__RIM_ONE_r3,33,,1
1,S262__DINOV2_VITS14_QUERY__RIM_ONE_r3,33,,1
0,S262__DINOV2_VITS14_QUERY__RIM_ONE_r3,34,0.24665792730412475,1
1,S262__DINOV2_VITS14_QUERY__RIM_ONE_r3,34,-0.34554607279350524,1
0,S262__DINOV2_VITS14_QUERY__RIM_ONE_r3,35,0.052257397622031146,1
1,S262__DINOV2_VITS14_QUERY__RIM_ONE_r3,35,-0.23430935820217977,1
0,S262__DINOV2_VITS14_QUERY__RIM_ONE_r3,36,-0.4672269879076112,1
1,S262__DINOV2_VITS14_QUERY__RIM_ONE_r3,36,0.042825229219110306,1
0,S262__DINOV2_VITS14_QUERY__RIM_ONE_r3,37,-0.4986106300610827,1
1,S262__DINOV2_VITS14_QUERY__RIM_ONE_r3,37,-0.009169527407625614,1
0,S262__DINOV2_VITS14_QUERY__RIM_ONE_r3,38,,1
1,S262__DINOV2_VITS14_QUERY__RIM_ONE_r3,38,,1
0,S262__DINOV2_VITS14_QUERY__RIM_ONE_r3,39,,1
1,S262__DINOV2_VITS14_QUERY__RIM_ONE_r3,39,,1
0,S262__DINOV2_VITS14_QUERY__RIM_ONE_r3,0,,5
1,S262__DINOV2_VITS14_QUERY__RIM_ONE_r3,0,,5
0,S262__DINOV2_VITS14_QUERY__RIM_ONE_r3,1,,5
1,S262__DINOV2_VITS14_QUERY__RIM_ONE_r3,1,,5
0,S262__DINOV2_VITS14_QUERY__RIM_ONE_r3,2,-0.30217294827942554,5
1,S262__DINOV2_VITS14_QUERY__RIM_ONE_r3,2,-0.5087772452744463,5
0,S262__DINOV2_VITS14_QUERY__RIM_ONE_r3,3,0.0827431636311931,5
1,S262__DINOV2_VITS14_QUERY__RIM_ONE_r3,3,0.31847400325893244,5
0,S262__DINOV2_VITS14_QUERY__RIM_ONE_r3,4,0.41096480947008646,5
1,S262__DINOV2_VITS14_QUERY__RIM_ONE_r3,4,0.4289008373304838,5
0,S262__DINOV2_VITS14_QUERY__RIM_ONE_r3,5,-0.30149773705171884,5
1,S262__DINOV2_VITS14_QUERY__RIM_ONE_r3,5,-0.509126969779397,5
0,S262__DINOV2_VITS14_QUERY__RIM_ONE_r3,6,0.08155608821664322,5
1,S262__DINOV2_VITS14_QUERY__RIM_ONE_r3,6,0.31712159904679044,5
0,S262__DINOV2_VITS14_QUERY__RIM_ONE_r3,7,0.4100850370862077,5
1,S262__DINOV2_VITS14_QUERY__RIM_ONE_r3,7,0.4291968465396048,5
0,S262__DINOV2_VITS14_QUERY__RIM_ONE_r3,8,0.43236156321062075,5
1,S262__DINOV2_VITS14_QUERY__RIM_ONE_r3,8,0.2617849534617635,5
0,S262__DINOV2_VITS14_QUERY__RIM_ONE_r3,9,0.4231092604127548,5
1,S262__DINOV2_VITS14_QUERY__RIM_ONE_r3,9,0.2721941855423471,5
0,S262__DINOV2_VITS14_QUERY__RIM_ONE_r3,10,0.2751801834753735,5
1,S262__DINOV2_VITS14_QUERY__RIM_ONE_r3,10,0.017927715127040916,5
0,S262__DINOV2_VITS14_QUERY__RIM_ONE_r3,11,-0.3673275554932592,5
1,S262__DINOV2_VITS14_QUERY__RIM_ONE_r3,11,-0.2210518941082361,5
0,S262__DINOV2_VITS14_QUERY__RIM_ONE_r3,12,-0.3292538088996835,5
1,S262__DINOV2_VITS14_QUERY__RIM_ONE_r3,12,-0.2287086719907341,5
0,S262__DINOV2_VITS14_QUERY__RIM_ONE_r3,13,,5
1,S262__DINOV2_VITS14_QUERY__RIM_ONE_r3,13,,5
0,S262__DINOV2_VITS14_QUERY__RIM_ONE_r3,14,0.1349729734918421,5
1,S262__DINOV2_VITS14_QUERY__RIM_ONE_r3,14,0.03160677294595037,5
0,S262__DINOV2_VITS14_QUERY__RIM_ONE_r3,15,,5
1,S262__DINOV2_VITS14_QUERY__RIM_ONE_r3,15,,5
0,S262__DINOV2_VITS14_QUERY__RIM_ONE_r3,16,-0.5874960237682877,5
1,S262__DINOV2_VITS14_QUERY__RIM_ONE_r3,16,-0.28713206777080164,5
0,S262__DINOV2_VITS14_QUERY__RIM_ONE_r3,17,-0.2127485056429891,5
1,S262__DINOV2_VITS14_QUERY__RIM_ONE_r3,17,0.023210762127967223,5
0,S262__DINOV2_VITS14_QUERY__RIM_ONE_r3,18,0.5998000590547297,5
1,S262__DINOV2_VITS14_QUERY__RIM_ONE_r3,18,0.32895474992028756,5
0,S262__DINOV2_VITS14_QUERY__RIM_ONE_r3,19,0.6025301815853259,5
1,S262__DINOV2_VITS14_QUERY__RIM_ONE_r3,19,0.3537210431699379,5
0,S262__DINOV2_VITS14_QUERY__RIM_ONE_r3,20,,5
1,S262__DINOV2_VITS14_QUERY__RIM_ONE_r3,20,,5
0,S262__DINOV2_VITS14_QUERY__RIM_ONE_r3,21,,5
1,S262__DINOV2_VITS14_QUERY__RIM_ONE_r3,21,,5
0,S262__DINOV2_VITS14_QUERY__RIM_ONE_r3,22,-0.5718006364123142,5
1,S262__DINOV2_VITS14_QUERY__RIM_ONE_r3,22,-0.28685394698073086,5
0,S262__DINOV2_VITS14_QUERY__RIM_ONE_r3,23,-0.06546768366713815,5
1,S262__DINOV2_VITS14_QUERY__RIM_ONE_r3,23,-0.12419183759077182,5
0,S262__DINOV2_VITS14_QUERY__RIM_ONE_r3,24,0.6171895705357822,5
1,S262__DINOV2_VITS14_QUERY__RIM_ONE_r3,24,0.34115842819028064,5
0,S262__DINOV2_VITS14_QUERY__RIM_ONE_r3,25,0.6281409317336412,5
1,S262__DINOV2_VITS14_QUERY__RIM_ONE_r3,25,0.3377789361436557,5
0,S262__DINOV2_VITS14_QUERY__RIM_ONE_r3,26,,5
1,S262__DINOV2_VITS14_QUERY__RIM_ONE_r3,26,,5
0,S262__DINOV2_VITS14_QUERY__RIM_ONE_r3,27,,5
1,S262__DINOV2_VITS14_QUERY__RIM_ONE_r3,27,,5
0,S262__DINOV2_VITS14_QUERY__RIM_ONE_r3,28,-0.6061055110660932,5
1,S262__DINOV2_VITS14_QUERY__RIM_ONE_r3,28,-0.25487228333178563,5
0,S262__DINOV2_VITS14_QUERY__RIM_ONE_r3,29,-0.23352119072433028,5
1,S262__DINOV2_VITS14_QUERY__RIM_ONE_r3,29,0.0874826698561671,5
0,S262__DINOV2_VITS14_QUERY__RIM_ONE_r3,30,0.7396216433186874,5
1,S262__DINOV2_VITS14_QUERY__RIM_ONE_r3,30,0.38163196685822665,5
0,S262__DINOV2_VITS14_QUERY__RIM_ONE_r3,31,0.7941608134829403,5
1,S262__DINOV2_VITS14_QUERY__RIM_ONE_r3,31,0.4229444523089432,5
0,S262__DINOV2_VITS14_QUERY__RIM_ONE_r3,32,,5
1,S262__DINOV2_VITS14_QUERY__RIM_ONE_r3,32,,5
0,S262__DINOV2_VITS14_QUERY__RIM_ONE_r3,33,,5
1,S262__DINOV2_VITS14_QUERY__RIM_ONE_r3,33,,5
0,S262__DINOV2_VITS14_QUERY__RIM_ONE_r3,34,-0.38876491326802315,5
1,S262__DINOV2_VITS14_QUERY__RIM_ONE_r3,34,-0.17148926208697732,5
0,S262__DINOV2_VITS14_QUERY__RIM_ONE_r3,35,0.06775961452577077,5
1,S262__DINOV2_VITS14_QUERY__RIM_ONE_r3,35,0.1259452447014903,5
0,S262__DINOV2_VITS14_QUERY__RIM_ONE_r3,36,0.7510643480732557,5
1,S262__DINOV2_VITS14_QUERY__RIM_ONE_r3,36,0.3880234620901684,5
0,S262__DINOV2_VITS14_QUERY__RIM_ONE_r3,37,0.7004440753543782,5
1,S262__DINOV2_VITS14_QUERY__RIM_ONE_r3,37,0.3380622129772944,5
0,S262__DINOV2_VITS14_QUERY__RIM_ONE_r3,38,,5
1,S262__DINOV2_VITS14_QUERY__RIM_ONE_r3,38,,5
0,S262__DINOV2_VITS14_QUERY__RIM_ONE_r3,39,,5
1,S262__DINOV2_VITS14_QUERY__RIM_ONE_r3,39,,5
0,S263__UNET_QUERY_128__RIM_ONE_r3,0,,1
1,S263__UNET_QUERY_128__RIM_ONE_r3,0,,1
0,S263__UNET_QUERY_128__RIM_ONE_r3,1,,1
1,S263__UNET_QUERY_128__RIM_ONE_r3,1,,1
0,S263__UNET_QUERY_128__RIM_ONE_r3,2,-0.2776582809400795,1
1,S263__UNET_QUERY_128__RIM_ONE_r3,2,-0.33547642666911975,1
0,S263__UNET_QUERY_128__RIM_ONE_r3,3,0.15831112750169846,1
1,S263__UNET_QUERY_128__RIM_ONE_r3,3,0.013733042314893251,1
0,S263__UNET_QUERY_128__RIM_ONE_r3,4,0.19099840777055646,1
1,S263__UNET_QUERY_128__RIM_ONE_r3,4,0.5305323270230761,1
0,S263__UNET_QUERY_128__RIM_ONE_r3,5,-0.2555935933414827,1
1,S263__UNET_QUERY_128__RIM_ONE_r3,5,-0.3226388582839475,1
0,S263__UNET_QUERY_128__RIM_ONE_r3,6,0.14560637166151497,1
1,S263__UNET_QUERY_128__RIM_ONE_r3,6,0.02558457016544754,1
0,S263__UNET_QUERY_128__RIM_ONE_r3,7,0.18468327148448646,1
1,S263__UNET_QUERY_128__RIM_ONE_r3,7,0.5118823363809978,1
0,S263__UNET_QUERY_128__RIM_ONE_r3,8,0.10641645949326925,1
1,S263__UNET_QUERY_128__RIM_ONE_r3,8,0.021050595274270275,1
0,S263__UNET_QUERY_128__RIM_ONE_r3,9,0.08016873902379817,1
1,S263__UNET_QUERY_128__RIM_ONE_r3,9,-0.16733085964022526,1
0,S263__UNET_QUERY_128__RIM_ONE_r3,10,0.04069194459178305,1
1,S263__UNET_QUERY_128__RIM_ONE_r3,10,0.43488974928165797,1
0,S263__UNET_QUERY_128__RIM_ONE_r3,11,-0.12959280923758784,1
1,S263__UNET_QUERY_128__RIM_ONE_r3,11,-0.09382607524252486,1
0,S263__UNET_QUERY_128__RIM_ONE_r3,12,-0.08501020792031509,1
1,S263__UNET_QUERY_128__RIM_ONE_r3,12,0.1962696115512717,1
0,S263__UNET_QUERY_128__RIM_ONE_r3,13,,1
1,S263__UNET_QUERY_128__RIM_ONE_r3,13,,1
0,S263__UNET_QUERY_128__RIM_ONE_r3,14,0.5127628579260616,1
1,S263__UNET_QUERY_128__RIM_ONE_r3,14,0.17933823648464867,1
0,S263__UNET_QUERY_128__RIM_ONE_r3,15,,1
1,S263__UNET_QUERY_128__RIM_ONE_r3,15,,1
0,S263__UNET_QUERY_128__RIM_ONE_r3,16,0.686482960058267,1
1,S263__UNET_QUERY_128__RIM_ONE_r3,16,0.3442764320546604,1
0,S263__UNET_QUERY_128__RIM_ONE_r3,17,0.3291652162419206,1
1,S263__UNET_QUERY_128__RIM_ONE_r3,17,0.26763445385308754,1
0,S263__UNET_QUERY_128__RIM_ONE_r3,18,0.45199965895548266,1
1,S263__UNET_QUERY_128__RIM_ONE_r3,18,0.14004451652341057,1
0,S263__UNET_QUERY_128__RIM_ONE_r3,19,0.34333078922967963,1
1,S263__UNET_QUERY_128__RIM_ONE_r3,19,0.1479341852117335,1
0,S263__UNET_QUERY_128__RIM_ONE_r3,20,,1
1,S263__UNET_QUERY_128__RIM_ONE_r3,20,,1
0,S263__UNET_QUERY_128__RIM_ONE_r3,21,,1
1,S263__UNET_QUERY_128__RIM_ONE_r3,21,,1
0,S263__UNET_QUERY_128__RIM_ONE_r3,22,0.4430616924246409,1
1,S263__UNET_QUERY_128__RIM_ONE_r3,22,0.6778952085892129,1
0,S263__UNET_QUERY_128__RIM_ONE_r3,23,0.28249752852840043,1
1,S263__UNET_QUERY_128__RIM_ONE_r3,23,0.35238497588070156,1
0,S263__UNET_QUERY_128__RIM_ONE_r3,24,0.2745767041780984,1
1,S263__UNET_QUERY_128__RIM_ONE_r3,24,0.371466275173049,1
0,S263__UNET_QUERY_128__RIM_ONE_r3,25,0.12268269798239709,1
1,S263__UNET_QUERY_128__RIM_ONE_r3,25,0.3612189302719138,1
0,S263__UNET_QUERY_128__RIM_ONE_r3,26,,1
1,S263__UNET_QUERY_128__RIM_ONE_r3,26,,1
0,S263__UNET_QUERY_128__RIM_ONE_r3,27,,1
1,S263__UNET_QUERY_128__RIM_ONE_r3,27,,1
0,S263__UNET_QUERY_128__RIM_ONE_r3,28,0.3726806921033251,1
1,S263__UNET_QUERY_128__RIM_ONE_r3,28,0.5234893848739143,1
0,S263__UNET_QUERY_128__RIM_ONE_r3,29,0.1292791777436454,1
1,S263__UNET_QUERY_128__RIM_ONE_r3,29,0.11844880513944604,1
0,S263__UNET_QUERY_128__RIM_ONE_r3,30,0.21765358107959165,1
1,S263__UNET_QUERY_128__RIM_ONE_r3,30,0.10909234073704782,1
0,S263__UNET_QUERY_128__RIM_ONE_r3,31,-0.07518595589471325,1
1,S263__UNET_QUERY_128__RIM_ONE_r3,31,0.08850815276060832,1
0,S263__UNET_QUERY_128__RIM_ONE_r3,32,,1
1,S263__UNET_QUERY_128__RIM_ONE_r3,32,,1
0,S263__UNET_QUERY_128__RIM_ONE_r3,33,,1
1,S263__UNET_QUERY_128__RIM_ONE_r3,33,,1
0,S263__UNET_QUERY_128__RIM_ONE_r3,34,-0.03935849795296959,1
1,S263__UNET_QUERY_128__RIM_ONE_r3,34,0.4258579895514507,1
0,S263__UNET_QUERY_128__RIM_ONE_r3,35,-0.07169780439686228,1
1,S263__UNET_QUERY_128__RIM_ONE_r3,35,0.30778189831577873,1
0,S263__UNET_QUERY_128__RIM_ONE_r3,36,0.07599381453915015,1
1,S263__UNET_QUERY_128__RIM_ONE_r3,36,0.4320594288693054,1
0,S263__UNET_QUERY_128__RIM_ONE_r3,37,0.03498091676623024,1
1,S263__UNET_QUERY_128__RIM_ONE_r3,37,0.4024872966468767,1
0,S263__UNET_QUERY_128__RIM_ONE_r3,38,,1
1,S263__UNET_QUERY_128__RIM_ONE_r3,38,,1
0,S263__UNET_QUERY_128__RIM_ONE_r3,39,,1
1,S263__UNET_QUERY_128__RIM_ONE_r3,39,,1
0,S263__UNET_QUERY_128__RIM_ONE_r3,0,,5
1,S263__UNET_QUERY_128__RIM_ONE_r3,0,,5
0,S263__UNET_QUERY_128__RIM_ONE_r3,1,,5
1,S263__UNET_QUERY_128__RIM_ONE_r3,1,,5
0,S263__UNET_QUERY_128__RIM_ONE_r3,2,-0.42731813350749576,5
1,S263__UNET_QUERY_128__RIM_ONE_r3,2,-0.37107795481453265,5
0,S263__UNET_QUERY_128__RIM_ONE_r3,3,0.2406419406349207,5
1,S263__UNET_QUERY_128__RIM_ONE_r3,3,0.10540415199540039,5
0,S263__UNET_QUERY_128__RIM_ONE_r3,4,0.29901283508643606,5
1,S263__UNET_QUERY_128__RIM_ONE_r3,4,0.43451844894698805,5
0,S263__UNET_QUERY_128__RIM_ONE_r3,5,-0.39958530941991754,5
1,S263__UNET_QUERY_128__RIM_ONE_r3,5,-0.35283239430712,5
0,S263__UNET_QUERY_128__RIM_ONE_r3,6,0.23628068726387866,5
1,S263__UNET_QUERY_128__RIM_ONE_r3,6,0.11567805636975008,5
0,S263__UNET_QUERY_128__RIM_ONE_r3,7,0.2734934717751903,5
1,S263__UNET_QUERY_128__RIM_ONE_r3,7,0.4052704173178314,5
0,S263__UNET_QUERY_128__RIM_ONE_r3,8,0.40168470606674506,5
1,S263__UNET_QUERY_128__RIM_ONE_r3,8,0.25755936020614406,5
0,S263__UNET_QUERY_128__RIM_ONE_r3,9,0.2905749683874489,5
1,S263__UNET_QUERY_128__RIM_ONE_r3,9,0.03790175327122723,5
0,S263__UNET_QUERY_128__RIM_ONE_r3,10,0.2985042287087814,5
1,S263__UNET_QUERY_128__RIM_ONE_r3,10,0.5618811259842605,5
0,S263__UNET_QUERY_128__RIM_ONE_r3,11,-0.44271223540221805,5
1,S263__UNET_QUERY_128__RIM_ONE_r3,11,-0.32594250405737313,5
0,S263__UNET_QUERY_128__RIM_ONE_r3,12,-0.2746815052306166,5
1,S263__UNET_QUERY_128__RIM_ONE_r3,12,0.013143221800476943,5
0,S263__UNET_QUERY_128__RIM_ONE_r3,13,,5
1,S263__UNET_QUERY_128__RIM_ONE_r3,13,,5
0,S263__UNET_QUERY_128__RIM_ONE_r3,14,0.4080228703728132,5
1,S263__UNET_QUERY_128__RIM_ONE_r3,14,0.1424814942064809,5
0,S263__UNET_QUERY_128__RIM_ONE_r3,15,,5
1,S263__UNET_QUERY_128__RIM_ONE_r3,15,,5
0,S263__UNET_QUERY_128__RIM_ONE_r3,16,0.7092664113398406,5
1,S263__UNET_QUERY_128__RIM_ONE_r3,16,0.34366482050555763,5
0,S263__UNET_QUERY_128__RIM_ONE_r3,17,0.27936139337383864,5
1,S263__UNET_QUERY_128__RIM_ONE_r3,17,0.3240088204633854,5
0,S263__UNET_QUERY_128__RIM_ONE_r3,18,0.5348532877952603,5
1,S263__UNET_QUERY_128__RIM_ONE_r3,18,0.1854054387019408,5
0,S263__UNET_QUERY_128__RIM_ONE_r3,19,0.5362591788869207,5
1,S263__UNET_QUERY_128__RIM_ONE_r3,19,0.2395438957602004,5
0,S263__UNET_QUERY_128__RIM_ONE_r3,20,,5
1,S263__UNET_QUERY_128__RIM_ONE_r3,20,,5
0,S263__UNET_QUERY_128__RIM_ONE_r3,21,,5
1,S263__UNET_QUERY_128__RIM_ONE_r3,21,,5
0,S263__UNET_QUERY_128__RIM_ONE_r3,22,0.5762786333487417,5
1,S263__UNET_QUERY_128__RIM_ONE_r3,22,0.753554865368181,5
0,S263__UNET_QUERY_128__RIM_ONE_r3,23,0.3288104694677206,5
1,S263__UNET_QUERY_128__RIM_ONE_r3,23,0.45955091347922145,5
0,S263__UNET_QUERY_128__RIM_ONE_r3,24,0.4341939275240933,5
1,S263__UNET_QUERY_128__RIM_ONE_r3,24,0.4413166748975639,5
0,S263__UNET_QUERY_128__RIM_ONE_r3,25,0.39030389772434465,5
1,S263__UNET_QUERY_128__RIM_ONE_r3,25,0.4949482684012043,5
0,S263__UNET_QUERY_128__RIM_ONE_r3,26,,5
1,S263__UNET_QUERY_128__RIM_ONE_r3,26,,5
0,S263__UNET_QUERY_128__RIM_ONE_r3,27,,5
1,S263__UNET_QUERY_128__RIM_ONE_r3,27,,5
0,S263__UNET_QUERY_128__RIM_ONE_r3,28,0.6215099345125781,5
1,S263__UNET_QUERY_128__RIM_ONE_r3,28,0.6447820245054917,5
0,S263__UNET_QUERY_128__RIM_ONE_r3,29,0.28249903314312774,5
1,S263__UNET_QUERY_128__RIM_ONE_r3,29,0.30380163923628756,5
0,S263__UNET_QUERY_128__RIM_ONE_r3,30,0.4477835235201384,5
1,S263__UNET_QUERY_128__RIM_ONE_r3,30,0.25803374731812473,5
0,S263__UNET_QUERY_128__RIM_ONE_r3,31,0.25666879380236224,5
1,S263__UNET_QUERY_128__RIM_ONE_r3,31,0.27047874036818303,5
0,S263__UNET_QUERY_128__RIM_ONE_r3,32,,5
1,S263__UNET_QUERY_128__RIM_ONE_r3,32,,5
0,S263__UNET_QUERY_128__RIM_ONE_r3,33,,5
1,S263__UNET_QUERY_128__RIM_ONE_r3,33,,5
0,S263__UNET_QUERY_128__RIM_ONE_r3,34,0.2606731880283844,5
1,S263__UNET_QUERY_128__RIM_ONE_r3,34,0.5796850490359127,5
0,S263__UNET_QUERY_128__RIM_ONE_r3,35,0.1126757289401961,5
1,S263__UNET_QUERY_128__RIM_ONE_r3,35,0.42900745697332515,5
0,S263__UNET_QUERY_128__RIM_ONE_r3,36,0.35699034049341166,5
1,S263__UNET_QUERY_128__RIM_ONE_r3,36,0.5586301144723886,5
0,S263__UNET_QUERY_128__RIM_ONE_r3,37,0.34348363033422247,5
1,S263__UNET_QUERY_128__RIM_ONE_r3,37,0.5471407541002273,5
0,S263__UNET_QUERY_128__RIM_ONE_r3,38,,5
1,S263__UNET_QUERY_128__RIM_ONE_r3,38,,5
0,S263__UNET_QUERY_128__RIM_ONE_r3,39,,5
1,S263__UNET_QUERY_128__RIM_ONE_r3,39,,5
0,S263__DINOV2_VITS14_QUERY__RIM_ONE_r3,0,,1
1,S263__DINOV2_VITS14_QUERY__RIM_ONE_r3,0,,1
0,S263__DINOV2_VITS14_QUERY__RIM_ONE_r3,1,,1
1,S263__DINOV2_VITS14_QUERY__RIM_ONE_r3,1,,1
0,S263__DINOV2_VITS14_QUERY__RIM_ONE_r3,2,-0.15388482074488444,1
1,S263__DINOV2_VITS14_QUERY__RIM_ONE_r3,2,-0.01785784698612914,1
0,S263__DINOV2_VITS14_QUERY__RIM_ONE_r3,3,-0.0751353869778721,1
1,S263__DINOV2_VITS14_QUERY__RIM_ONE_r3,3,-0.2236258310673466,1
0,S263__DINOV2_VITS14_QUERY__RIM_ONE_r3,4,0.3350336346164829,1
1,S263__DINOV2_VITS14_QUERY__RIM_ONE_r3,4,0.35154713269372734,1
0,S263__DINOV2_VITS14_QUERY__RIM_ONE_r3,5,-0.14982725957246643,1
1,S263__DINOV2_VITS14_QUERY__RIM_ONE_r3,5,-0.009631066580363156,1
0,S263__DINOV2_VITS14_QUERY__RIM_ONE_r3,6,-0.07938263529801216,1
1,S263__DINOV2_VITS14_QUERY__RIM_ONE_r3,6,-0.23035043595641463,1
0,S263__DINOV2_VITS14_QUERY__RIM_ONE_r3,7,0.3338444775832432,1
1,S263__DINOV2_VITS14_QUERY__RIM_ONE_r3,7,0.348639719657099,1
0,S263__DINOV2_VITS14_QUERY__RIM_ONE_r3,8,0.1510883452676381,1
1,S263__DINOV2_VITS14_QUERY__RIM_ONE_r3,8,0.408248783599693,1
0,S263__DINOV2_VITS14_QUERY__RIM_ONE_r3,9,-0.01287983622994704,1
1,S263__DINOV2_VITS14_QUERY__RIM_ONE_r3,9,0.2503650254311735,1
0,S263__DINOV2_VITS14_QUERY__RIM_ONE_r3,10,0.43524334732388936,1
1,S263__DINOV2_VITS14_QUERY__RIM_ONE_r3,10,0.5119426019583023,1
0,S263__DINOV2_VITS14_QUERY__RIM_ONE_r3,11,-0.17201526277809173,1
1,S263__DINOV2_VITS14_QUERY__RIM_ONE_r3,11,-0.3957383113756704,1
0,S263__DINOV2_VITS14_QUERY__RIM_ONE_r3,12,-0.006346250827876835,1
1,S263__DINOV2_VITS14_QUERY__RIM_ONE_r3,12,-0.2353635797648027,1
0,S263__DINOV2_VITS14_QUERY__RIM_ONE_r3,13,,1
1,S263__DINOV2_VITS14_QUERY__RIM_ONE_r3,13,,1
0,S263__DINOV2_VITS14_QUERY__RIM_ONE_r3,14,-0.02640816586441044,1
1,S263__DINOV2_VITS14_QUERY__RIM_ONE_r3,14,-0.22030765029581362,1
0,S263__DINOV2_VITS14_QUERY__RIM_ONE_r3,15,,1
1,S263__DINOV2_VITS14_QUERY__RIM_ONE_r3,15,,1
0,S263__DINOV2_VITS14_QUERY__RIM_ONE_r3,16,0.7520520803123962,1
1,S263__DINOV2_VITS14_QUERY__RIM_ONE_r3,16,0.561691640876979,1
0,S263__DINOV2_VITS14_QUERY__RIM_ONE_r3,17,0.4629840336534891,1
1,S263__DINOV2_VITS14_QUERY__RIM_ONE_r3,17,0.38498616044637485,1
0,S263__DINOV2_VITS14_QUERY__RIM_ONE_r3,18,-0.2691569482654769,1
1,S263__DINOV2_VITS14_QUERY__RIM_ONE_r3,18,0.12963100707277364,1
0,S263__DINOV2_VITS14_QUERY__RIM_ONE_r3,19,-0.1303010859136364,1
1,S263__DINOV2_VITS14_QUERY__RIM_ONE_r3,19,0.215099282037767,1
0,S263__DINOV2_VITS14_QUERY__RIM_ONE_r3,20,,1
1,S263__DINOV2_VITS14_QUERY__RIM_ONE_r3,20,,1
0,S263__DINOV2_VITS14_QUERY__RIM_ONE_r3,21,,1
1,S263__DINOV2_VITS14_QUERY__RIM_ONE_r3,21,,1
0,S263__DINOV2_VITS14_QUERY__RIM_ONE_r3,22,0.8604423975620682,1
1,S263__DINOV2_VITS14_QUERY__RIM_ONE_r3,22,0.44140856742566614,1
0,S263__DINOV2_VITS14_QUERY__RIM_ONE_r3,23,0.5683985008750789,1
1,S263__DINOV2_VITS14_QUERY__RIM_ONE_r3,23,0.2869345068678803,1
0,S263__DINOV2_VITS14_QUERY__RIM_ONE_r3,24,-0.036815243509658174,1
1,S263__DINOV2_VITS14_QUERY__RIM_ONE_r3,24,0.2759787724422546,1
0,S263__DINOV2_VITS14_QUERY__RIM_ONE_r3,25,-0.14942165582587622,1
1,S263__DINOV2_VITS14_QUERY__RIM_ONE_r3,25,0.1612464744503504,1
0,S263__DINOV2_VITS14_QUERY__RIM_ONE_r3,26,,1
1,S263__DINOV2_VITS14_QUERY__RIM_ONE_r3,26,,1
0,S263__DINOV2_VITS14_QUERY__RIM_ONE_r3,27,,1
1,S263__DINOV2_VITS14_QUERY__RIM_ONE_r3,27,,1
0,S263__DINOV2_VITS14_QUERY__RIM_ONE_r3,28,0.671972375472522,1
1,S263__DINOV2_VITS14_QUERY__RIM_ONE_r3,28,0.73087019560914,1
0,S263__DINOV2_VITS14_QUERY__RIM_ONE_r3,29,0.3880429536851174,1
1,S263__DINOV2_VITS14_QUERY__RIM_ONE_r3,29,0.2693271192084092,1
0,S263__DINOV2_VITS14_QUERY__RIM_ONE_r3,30,0.5155305451142856,1
1,S263__DINOV2_VITS14_QUERY__RIM_ONE_r3,30,0.49893557837719604,1
0,S263__DINOV2_VITS14_QUERY__RIM_ONE_r3,31,0.5941470910798952,1
1,S263__DINOV2_VITS14_QUERY__RIM_ONE_r3,31,0.5676507750255655,1
0,S263__DINOV2_VITS14_QUERY__RIM_ONE_r3,32,,1
1,S263__DINOV2_VITS14_QUERY__RIM_ONE_r3,32,,1
0,S263__DINOV2_VITS14_QUERY__RIM_ONE_r3,33,,1
1,S263__DINOV2_VITS14_QUERY__RIM_ONE_r3,33,,1
0,S263__DINOV2_VITS14_QUERY__RIM_ONE_r3,34,0.6393474652559082,1
1,S263__DINOV2_VITS14_QUERY__RIM_ONE_r3,34,0.707177400185429,1
0,S263__DINOV2_VITS14_QUERY__RIM_ONE_r3,35,0.3539735295737343,1
1,S263__DINOV2_VITS14_QUERY__RIM_ONE_r3,35,0.24281422380938703,1
0,S263__DINOV2_VITS14_QUERY__RIM_ONE_r3,36,0.5287571639604909,1
1,S263__DINOV2_VITS14_QUERY__RIM_ONE_r3,36,0.49671042205037824,1
0,S263__DINOV2_VITS14_QUERY__RIM_ONE_r3,37,0.5216794772711746,1
1,S263__DINOV2_VITS14_QUERY__RIM_ONE_r3,37,0.42987772778199235,1
0,S263__DINOV2_VITS14_QUERY__RIM_ONE_r3,38,,1
1,S263__DINOV2_VITS14_QUERY__RIM_ONE_r3,38,,1
0,S263__DINOV2_VITS14_QUERY__RIM_ONE_r3,39,,1
1,S263__DINOV2_VITS14_QUERY__RIM_ONE_r3,39,,1
0,S263__DINOV2_VITS14_QUERY__RIM_ONE_r3,0,,5
1,S263__DINOV2_VITS14_QUERY__RIM_ONE_r3,0,,5
0,S263__DINOV2_VITS14_QUERY__RIM_ONE_r3,1,,5
1,S263__DINOV2_VITS14_QUERY__RIM_ONE_r3,1,,5
0,S263__DINOV2_VITS14_QUERY__RIM_ONE_r3,2,-0.30524997274662014,5
1,S263__DINOV2_VITS14_QUERY__RIM_ONE_r3,2,0.015059701511986053,5
0,S263__DINOV2_VITS14_QUERY__RIM_ONE_r3,3,0.00032534359727780595,5
1,S263__DINOV2_VITS14_QUERY__RIM_ONE_r3,3,-0.17690016108285722,5
0,S263__DINOV2_VITS14_QUERY__RIM_ONE_r3,4,0.44726863809602113,5
1,S263__DINOV2_VITS14_QUERY__RIM_ONE_r3,4,0.23528192372386314,5
0,S263__DINOV2_VITS14_QUERY__RIM_ONE_r3,5,-0.3047452310392832,5
1,S263__DINOV2_VITS14_QUERY__RIM_ONE_r3,5,0.01986973515645001,5
0,S263__DINOV2_VITS14_QUERY__RIM_ONE_r3,6,-0.0011111073497528851,5
1,S263__DINOV2_VITS14_QUERY__RIM_ONE_r3,6,-0.1804431568274933,5
0,S263__DINOV2_VITS14_QUERY__RIM_ONE_r3,7,0.44611454054095134,5
1,S263__DINOV2_VITS14_QUERY__RIM_ONE_r3,7,0.23311641524064186,5
0,S263__DINOV2_VITS14_QUERY__RIM_ONE_r3,8,0.24778843780721949,5
1,S263__DINOV2_VITS14_QUERY__RIM_ONE_r3,8,0.19581249573420234,5
0,S263__DINOV2_VITS14_QUERY__RIM_ONE_r3,9,0.10923734034945713,5
1,S263__DINOV2_VITS14_QUERY__RIM_ONE_r3,9,0.1309757140110569,5
0,S263__DINOV2_VITS14_QUERY__RIM_ONE_r3,10,0.38353700158171394,5
1,S263__DINOV2_VITS14_QUERY__RIM_ONE_r3,10,0.20770199227548453,5
0,S263__DINOV2_VITS14_QUERY__RIM_ONE_r3,11,-0.2660994845502864,5
1,S263__DINOV2_VITS14_QUERY__RIM_ONE_r3,11,-0.21107101704421677,5
0,S263__DINOV2_VITS14_QUERY__RIM_ONE_r3,12,-0.1247743265202325,5
1,S263__DINOV2_VITS14_QUERY__RIM_ONE_r3,12,-0.14416992277005897,5
0,S263__DINOV2_VITS14_QUERY__RIM_ONE_r3,13,,5
1,S263__DINOV2_VITS14_QUERY__RIM_ONE_r3,13,,5
0,S263__DINOV2_VITS14_QUERY__RIM_ONE_r3,14,-0.050337512194586466,5
1,S263__DINOV2_VITS14_QUERY__RIM_ONE_r3,14,-0.16891389500168552,5
0,S263__DINOV2_VITS14_QUERY__RIM_ONE_r3,15,,5
1,S263__DINOV2_VITS14_QUERY__RIM_ONE_r3,15,,5
0,S263__DINOV2_VITS14_QUERY__RIM_ONE_r3,16,0.48234285953351724,5
1,S263__DINOV2_VITS14_QUERY__RIM_ONE_r3,16,0.31818159184695366,5
0,S263__DINOV2_VITS14_QUERY__RIM_ONE_r3,17,0.5198619780739727,5
1,S263__DINOV2_VITS14_QUERY__RIM_ONE_r3,17,0.19611323195778838,5
0,S263__DINOV2_VITS14_QUERY__RIM_ONE_r3,18,-0.017422789935466663,5
1,S263__DINOV2_VITS14_QUERY__RIM_ONE_r3,18,0.09706567828541868,5
0,S263__DINOV2_VITS14_QUERY__RIM_ONE_r3,19,0.05888196323262746,5
1,S263__DINOV2_VITS14_QUERY__RIM_ONE_r3,19,0.14515972602701174,5
0,S263__DINOV2_VITS14_QUERY__RIM_ONE_r3,20,,5
1,S263__DINOV2_VITS14_QUERY__RIM_ONE_r3,20,,5
0,S263__DINOV2_VITS14_QUERY__RIM_ONE_r3,21,,5
1,S263__DINOV2_VITS14_QUERY__RIM_ONE_r3,21,,5
0,S263__DINOV2_VITS14_QUERY__RIM_ONE_r3,22,0.5625046034028071,5
1,S263__DINOV2_VITS14_QUERY__RIM_ONE_r3,22,0.2823459690316015,5
0,S263__DINOV2_VITS14_QUERY__RIM_ONE_r3,23,0.7574959981964131,5
1,S263__DINOV2_VITS14_QUERY__RIM_ONE_r3,23,0.3319490069658096,5
0,S263__DINOV2_VITS14_QUERY__RIM_ONE_r3,24,0.09517722400258165,5
1,S263__DINOV2_VITS14_QUERY__RIM_ONE_r3,24,0.16405274240785622,5
0,S263__DINOV2_VITS14_QUERY__RIM_ONE_r3,25,0.05270622244487779,5
1,S263__DINOV2_VITS14_QUERY__RIM_ONE_r3,25,0.1229295049837366,5
0,S263__DINOV2_VITS14_QUERY__RIM_ONE_r3,26,,5
1,S263__DINOV2_VITS14_QUERY__RIM_ONE_r3,26,,5
0,S263__DINOV2_VITS14_QUERY__RIM_ONE_r3,27,,5
1,S263__DINOV2_VITS14_QUERY__RIM_ONE_r3,27,,5
0,S263__DINOV2_VITS14_QUERY__RIM_ONE_r3,28,0.35685901393841885,5
1,S263__DINOV2_VITS14_QUERY__RIM_ONE_r3,28,0.3300180826392366,5
0,S263__DINOV2_VITS14_QUERY__RIM_ONE_r3,29,0.49006464455164,5
1,S263__DINOV2_VITS14_QUERY__RIM_ONE_r3,29,0.1940168027482729,5
0,S263__DINOV2_VITS14_QUERY__RIM_ONE_r3,30,0.36792219784544,5
1,S263__DINOV2_VITS14_QUERY__RIM_ONE_r3,30,0.28207512092723924,5
0,S263__DINOV2_VITS14_QUERY__RIM_ONE_r3,31,0.3545921255112874,5
1,S263__DINOV2_VITS14_QUERY__RIM_ONE_r3,31,0.28539422015547683,5
0,S263__DINOV2_VITS14_QUERY__RIM_ONE_r3,32,,5
1,S263__DINOV2_VITS14_QUERY__RIM_ONE_r3,32,,5
0,S263__DINOV2_VITS14_QUERY__RIM_ONE_r3,33,,5
1,S263__DINOV2_VITS14_QUERY__RIM_ONE_r3,33,,5
0,S263__DINOV2_VITS14_QUERY__RIM_ONE_r3,34,0.4324035193585659,5
1,S263__DINOV2_VITS14_QUERY__RIM_ONE_r3,34,0.3776187960541445,5
0,S263__DINOV2_VITS14_QUERY__RIM_ONE_r3,35,0.7372121070956885,5
1,S263__DINOV2_VITS14_QUERY__RIM_ONE_r3,35,0.4481760085657532,5
0,S263__DINOV2_VITS14_QUERY__RIM_ONE_r3,36,0.3477426276336005,5
1,S263__DINOV2_VITS14_QUERY__RIM_ONE_r3,36,0.2677280627259551,5
0,S263__DINOV2_VITS14_QUERY__RIM_ONE_r3,37,0.40254473237684846,5
1,S263__DINOV2_VITS14_QUERY__RIM_ONE_r3,37,0.2773309764105551,5
0,S263__DINOV2_VITS14_QUERY__RIM_ONE_r3,38,,5
1,S263__DINOV2_VITS14_QUERY__RIM_ONE_r3,38,,5
0,S263__DINOV2_VITS14_QUERY__RIM_ONE_r3,39,,5
1,S263__DINOV2_VITS14_QUERY__RIM_ONE_r3,39,,5
0,S261__UNET_QUERY_128__Drishti_GS,0,,1
1,S261__UNET_QUERY_128__Drishti_GS,0,,1
0,S261__UNET_QUERY_128__Drishti_GS,1,,1
1,S261__UNET_QUERY_128__Drishti_GS,1,,1
0,S261__UNET_QUERY_128__Drishti_GS,2,-0.14962703584698236,1
1,S261__UNET_QUERY_128__Drishti_GS,2,-0.21716665453839856,1
0,S261__UNET_QUERY_128__Drishti_GS,3,0.46780415386561236,1
1,S261__UNET_QUERY_128__Drishti_GS,3,0.371380325021024,1
0,S261__UNET_QUERY_128__Drishti_GS,4,-0.04384080876282214,1
1,S261__UNET_QUERY_128__Drishti_GS,4,0.06250317659580151,1
0,S261__UNET_QUERY_128__Drishti_GS,5,-0.14163416610719232,1
1,S261__UNET_QUERY_128__Drishti_GS,5,-0.2115949355310987,1
0,S261__UNET_QUERY_128__Drishti_GS,6,0.46694382138726354,1
1,S261__UNET_QUERY_128__Drishti_GS,6,0.3519036173736386,1
0,S261__UNET_QUERY_128__Drishti_GS,7,-0.06055450229605385,1
1,S261__UNET_QUERY_128__Drishti_GS,7,0.05616234057901275,1
0,S261__UNET_QUERY_128__Drishti_GS,8,0.3235465137275294,1
1,S261__UNET_QUERY_128__Drishti_GS,8,0.15781054520189763,1
0,S261__UNET_QUERY_128__Drishti_GS,9,0.21729727234887233,1
1,S261__UNET_QUERY_128__Drishti_GS,9,0.1274072457747618,1
0,S261__UNET_QUERY_128__Drishti_GS,10,0.11703271251362697,1
1,S261__UNET_QUERY_128__Drishti_GS,10,-0.0756893172650083,1
0,S261__UNET_QUERY_128__Drishti_GS,11,0.006510314560808003,1
1,S261__UNET_QUERY_128__Drishti_GS,11,0.11414044706426463,1
0,S261__UNET_QUERY_128__Drishti_GS,12,-0.117789795368021,1
1,S261__UNET_QUERY_128__Drishti_GS,12,-0.086922268313841,1
0,S261__UNET_QUERY_128__Drishti_GS,13,,1
1,S261__UNET_QUERY_128__Drishti_GS,13,,1
0,S261__UNET_QUERY_128__Drishti_GS,14,0.2541679238174022,1
1,S261__UNET_QUERY_128__Drishti_GS,14,0.2281660140366159,1
0,S261__UNET_QUERY_128__Drishti_GS,15,,1
1,S261__UNET_QUERY_128__Drishti_GS,15,,1
0,S261__UNET_QUERY_128__Drishti_GS,16,0.9147192461815093,1
1,S261__UNET_QUERY_128__Drishti_GS,16,0.7798560194342619,1
0,S261__UNET_QUERY_128__Drishti_GS,17,0.2516978886572735,1
1,S261__UNET_QUERY_128__Drishti_GS,17,0.2994672410446604,1
0,S261__UNET_QUERY_128__Drishti_GS,18,0.8060656978380627,1
1,S261__UNET_QUERY_128__Drishti_GS,18,0.6047061216360182,1
0,S261__UNET_QUERY_128__Drishti_GS,19,0.2547457797775766,1
1,S261__UNET_QUERY_128__Drishti_GS,19,0.04061610066373547,1
0,S261__UNET_QUERY_128__Drishti_GS,20,,1
1,S261__UNET_QUERY_128__Drishti_GS,20,,1
0,S261__UNET_QUERY_128__Drishti_GS,21,,1
1,S261__UNET_QUERY_128__Drishti_GS,21,,1
0,S261__UNET_QUERY_128__Drishti_GS,22,-0.025726104575637992,1
1,S261__UNET_QUERY_128__Drishti_GS,22,-0.019480870302884735,1
0,S261__UNET_QUERY_128__Drishti_GS,23,-0.10235733127942996,1
1,S261__UNET_QUERY_128__Drishti_GS,23,-0.1839959876132795,1
0,S261__UNET_QUERY_128__Drishti_GS,24,0.18685779689254597,1
1,S261__UNET_QUERY_128__Drishti_GS,24,-0.03746105959312273,1
0,S261__UNET_QUERY_128__Drishti_GS,25,0.39681283781218973,1
1,S261__UNET_QUERY_128__Drishti_GS,25,0.15839745426301224,1
0,S261__UNET_QUERY_128__Drishti_GS,26,,1
1,S261__UNET_QUERY_128__Drishti_GS,26,,1
0,S261__UNET_QUERY_128__Drishti_GS,27,,1
1,S261__UNET_QUERY_128__Drishti_GS,27,,1
0,S261__UNET_QUERY_128__Drishti_GS,28,0.29651542205065756,1
1,S261__UNET_QUERY_128__Drishti_GS,28,0.20630770073020485,1
0,S261__UNET_QUERY_128__Drishti_GS,29,0.7297711838700377,1
1,S261__UNET_QUERY_128__Drishti_GS,29,0.6544099471422415,1
0,S261__UNET_QUERY_128__Drishti_GS,30,-0.08426194707719314,1
1,S261__UNET_QUERY_128__Drishti_GS,30,-0.13563124590041806,1
0,S261__UNET_QUERY_128__Drishti_GS,31,-0.15054936797202442,1
1,S261__UNET_QUERY_128__Drishti_GS,31,-0.23898093096690778,1
0,S261__UNET_QUERY_128__Drishti_GS,32,,1
1,S261__UNET_QUERY_128__Drishti_GS,32,,1
0,S261__UNET_QUERY_128__Drishti_GS,33,,1
1,S261__UNET_QUERY_128__Drishti_GS,33,,1
0,S261__UNET_QUERY_128__Drishti_GS,34,0.11387631464986027,1
1,S261__UNET_QUERY_128__Drishti_GS,34,0.16669252784597585,1
0,S261__UNET_QUERY_128__Drishti_GS,35,0.10882718869499539,1
1,S261__UNET_QUERY_128__Drishti_GS,35,0.11040418821546623,1
0,S261__UNET_QUERY_128__Drishti_GS,36,-0.22720159008868943,1
1,S261__UNET_QUERY_128__Drishti_GS,36,-0.3331788298604373,1
0,S261__UNET_QUERY_128__Drishti_GS,37,-0.14001073395553232,1
1,S261__UNET_QUERY_128__Drishti_GS,37,-0.28061440304088225,1
0,S261__UNET_QUERY_128__Drishti_GS,38,,1
1,S261__UNET_QUERY_128__Drishti_GS,38,,1
0,S261__UNET_QUERY_128__Drishti_GS,39,,1
1,S261__UNET_QUERY_128__Drishti_GS,39,,1
0,S261__UNET_QUERY_128__Drishti_GS,0,,5
1,S261__UNET_QUERY_128__Drishti_GS,0,,5
0,S261__UNET_QUERY_128__Drishti_GS,1,,5
1,S261__UNET_QUERY_128__Drishti_GS,1,,5
0,S261__UNET_QUERY_128__Drishti_GS,2,0.37270517876173026,5
1,S261__UNET_QUERY_128__Drishti_GS,2,0.3653962330021585,5
0,S261__UNET_QUERY_128__Drishti_GS,3,-0.16822092044006262,5
1,S261__UNET_QUERY_128__Drishti_GS,3,0.02347091741349397,5
0,S261__UNET_QUERY_128__Drishti_GS,4,-0.29965603097048893,5
1,S261__UNET_QUERY_128__Drishti_GS,4,-0.37103519516480743,5
0,S261__UNET_QUERY_128__Drishti_GS,5,0.3623036889799873,5
1,S261__UNET_QUERY_128__Drishti_GS,5,0.35964314617104004,5
0,S261__UNET_QUERY_128__Drishti_GS,6,-0.17178478168431766,5
1,S261__UNET_QUERY_128__Drishti_GS,6,0.012677142966373468,5
0,S261__UNET_QUERY_128__Drishti_GS,7,-0.2788769623958478,5
1,S261__UNET_QUERY_128__Drishti_GS,7,-0.3545354578706051,5
0,S261__UNET_QUERY_128__Drishti_GS,8,-0.11562093692798033,5
1,S261__UNET_QUERY_128__Drishti_GS,8,-0.03924397308089107,5
0,S261__UNET_QUERY_128__Drishti_GS,9,0.06386174638341524,5
1,S261__UNET_QUERY_128__Drishti_GS,9,0.0883365448505162,5
0,S261__UNET_QUERY_128__Drishti_GS,10,-0.17187617869733265,5
1,S261__UNET_QUERY_128__Drishti_GS,10,-0.03464431395495141,5
0,S261__UNET_QUERY_128__Drishti_GS,11,0.14430190707968749,5
1,S261__UNET_QUERY_128__Drishti_GS,11,-0.019372800049697225,5
0,S261__UNET_QUERY_128__Drishti_GS,12,-0.10969991168401937,5
1,S261__UNET_QUERY_128__Drishti_GS,12,-0.16197954714963275,5
0,S261__UNET_QUERY_128__Drishti_GS,13,,5
1,S261__UNET_QUERY_128__Drishti_GS,13,,5
0,S261__UNET_QUERY_128__Drishti_GS,14,0.32422862463019825,5
1,S261__UNET_QUERY_128__Drishti_GS,14,0.32830868365514876,5
0,S261__UNET_QUERY_128__Drishti_GS,15,,5
1,S261__UNET_QUERY_128__Drishti_GS,15,,5
0,S261__UNET_QUERY_128__Drishti_GS,16,-0.5104182077807502,5
1,S261__UNET_QUERY_128__Drishti_GS,16,-0.4125435012548959,5
0,S261__UNET_QUERY_128__Drishti_GS,17,-0.13343189232210004,5
1,S261__UNET_QUERY_128__Drishti_GS,17,-0.11831830472329692,5
0,S261__UNET_QUERY_128__Drishti_GS,18,-0.2199905683452118,5
1,S261__UNET_QUERY_128__Drishti_GS,18,-0.30540049678410547,5
0,S261__UNET_QUERY_128__Drishti_GS,19,-0.5192835761382435,5
1,S261__UNET_QUERY_128__Drishti_GS,19,-0.5998334379200625,5
0,S261__UNET_QUERY_128__Drishti_GS,20,,5
1,S261__UNET_QUERY_128__Drishti_GS,20,,5
0,S261__UNET_QUERY_128__Drishti_GS,21,,5
1,S261__UNET_QUERY_128__Drishti_GS,21,,5
0,S261__UNET_QUERY_128__Drishti_GS,22,0.5982071069928891,5
1,S261__UNET_QUERY_128__Drishti_GS,22,0.5499536723727347,5
0,S261__UNET_QUERY_128__Drishti_GS,23,0.37963576558569134,5
1,S261__UNET_QUERY_128__Drishti_GS,23,0.3409194184806346,5
0,S261__UNET_QUERY_128__Drishti_GS,24,-0.6389417758235382,5
1,S261__UNET_QUERY_128__Drishti_GS,24,-0.728809528409577,5
0,S261__UNET_QUERY_128__Drishti_GS,25,-0.7050410290249339,5
1,S261__UNET_QUERY_128__Drishti_GS,25,-0.57312010448117,5
0,S261__UNET_QUERY_128__Drishti_GS,26,,5
1,S261__UNET_QUERY_128__Drishti_GS,26,,5
0,S261__UNET_QUERY_128__Drishti_GS,27,,5
1,S261__UNET_QUERY_128__Drishti_GS,27,,5
0,S261__UNET_QUERY_128__Drishti_GS,28,-0.6970070990802457,5
1,S261__UNET_QUERY_128__Drishti_GS,28,-0.8514085732323254,5
0,S261__UNET_QUERY_128__Drishti_GS,29,-0.35759037309764075,5
1,S261__UNET_QUERY_128__Drishti_GS,29,-0.2470782173150712,5
0,S261__UNET_QUERY_128__Drishti_GS,30,-0.5892762465812466,5
1,S261__UNET_QUERY_128__Drishti_GS,30,-0.813166099800587,5
0,S261__UNET_QUERY_128__Drishti_GS,31,-0.5273163094384445,5
1,S261__UNET_QUERY_128__Drishti_GS,31,-0.6569404283078529,5
0,S261__UNET_QUERY_128__Drishti_GS,32,,5
1,S261__UNET_QUERY_128__Drishti_GS,32,,5
0,S261__UNET_QUERY_128__Drishti_GS,33,,5
1,S261__UNET_QUERY_128__Drishti_GS,33,,5
0,S261__UNET_QUERY_128__Drishti_GS,34,0.15447852727617853,5
1,S261__UNET_QUERY_128__Drishti_GS,34,0.3202669764927455,5
0,S261__UNET_QUERY_128__Drishti_GS,35,0.08914567745294719,5
1,S261__UNET_QUERY_128__Drishti_GS,35,0.16281598377348866,5
0,S261__UNET_QUERY_128__Drishti_GS,36,-0.5348606324629664,5
1,S261__UNET_QUERY_128__Drishti_GS,36,-0.6358290537558868,5
0,S261__UNET_QUERY_128__Drishti_GS,37,-0.5706611407239244,5
1,S261__UNET_QUERY_128__Drishti_GS,37,-0.5589874578016395,5
0,S261__UNET_QUERY_128__Drishti_GS,38,,5
1,S261__UNET_QUERY_128__Drishti_GS,38,,5
0,S261__UNET_QUERY_128__Drishti_GS,39,,5
1,S261__UNET_QUERY_128__Drishti_GS,39,,5
0,S261__DINOV2_VITS14_QUERY__Drishti_GS,0,,1
1,S261__DINOV2_VITS14_QUERY__Drishti_GS,0,,1
0,S261__DINOV2_VITS14_QUERY__Drishti_GS,1,,1
1,S261__DINOV2_VITS14_QUERY__Drishti_GS,1,,1
0,S261__DINOV2_VITS14_QUERY__Drishti_GS,2,-0.14835213344074152,1
1,S261__DINOV2_VITS14_QUERY__Drishti_GS,2,-0.11090662919321277,1
0,S261__DINOV2_VITS14_QUERY__Drishti_GS,3,0.14278008204916895,1
1,S261__DINOV2_VITS14_QUERY__Drishti_GS,3,0.14483969008766798,1
0,S261__DINOV2_VITS14_QUERY__Drishti_GS,4,0.09331602461874682,1
1,S261__DINOV2_VITS14_QUERY__Drishti_GS,4,0.04710633452416858,1
0,S261__DINOV2_VITS14_QUERY__Drishti_GS,5,-0.14754540169246383,1
1,S261__DINOV2_VITS14_QUERY__Drishti_GS,5,-0.1101608930362319,1
0,S261__DINOV2_VITS14_QUERY__Drishti_GS,6,0.14084538786694048,1
1,S261__DINOV2_VITS14_QUERY__Drishti_GS,6,0.14311803973238188,1
0,S261__DINOV2_VITS14_QUERY__Drishti_GS,7,0.09317399306670227,1
1,S261__DINOV2_VITS14_QUERY__Drishti_GS,7,0.04697433470327841,1
0,S261__DINOV2_VITS14_QUERY__Drishti_GS,8,0.10707158953765472,1
1,S261__DINOV2_VITS14_QUERY__Drishti_GS,8,0.06946002331877679,1
0,S261__DINOV2_VITS14_QUERY__Drishti_GS,9,0.20044585629963402,1
1,S261__DINOV2_VITS14_QUERY__Drishti_GS,9,0.15774396605609922,1
0,S261__DINOV2_VITS14_QUERY__Drishti_GS,10,-0.09970790394094642,1
1,S261__DINOV2_VITS14_QUERY__Drishti_GS,10,-0.09113821672068735,1
0,S261__DINOV2_VITS14_QUERY__Drishti_GS,11,-0.13626528786009218,1
1,S261__DINOV2_VITS14_QUERY__Drishti_GS,11,-0.09862476269052627,1
0,S261__DINOV2_VITS14_QUERY__Drishti_GS,12,-0.24551074888000218,1
1,S261__DINOV2_VITS14_QUERY__Drishti_GS,12,-0.2077738318866322,1
0,S261__DINOV2_VITS14_QUERY__Drishti_GS,13,,1
1,S261__DINOV2_VITS14_QUERY__Drishti_GS,13,,1
0,S261__DINOV2_VITS14_QUERY__Drishti_GS,14,-0.3293493592003763,1
1,S261__DINOV2_VITS14_QUERY__Drishti_GS,14,-0.3042732269998755,1
0,S261__DINOV2_VITS14_QUERY__Drishti_GS,15,,1
1,S261__DINOV2_VITS14_QUERY__Drishti_GS,15,,1
0,S261__DINOV2_VITS14_QUERY__Drishti_GS,16,-0.28693052850461515,1
1,S261__DINOV2_VITS14_QUERY__Drishti_GS,16,-0.2954286258744436,1
0,S261__DINOV2_VITS14_QUERY__Drishti_GS,17,-0.26365269795808793,1
1,S261__DINOV2_VITS14_QUERY__Drishti_GS,17,-0.2642348877242352,1
0,S261__DINOV2_VITS14_QUERY__Drishti_GS,18,0.3901898331601458,1
1,S261__DINOV2_VITS14_QUERY__Drishti_GS,18,0.3841518497523603,1
0,S261__DINOV2_VITS14_QUERY__Drishti_GS,19,0.3382472973411062,1
1,S261__DINOV2_VITS14_QUERY__Drishti_GS,19,0.3130000583822216,1
0,S261__DINOV2_VITS14_QUERY__Drishti_GS,20,,1
1,S261__DINOV2_VITS14_QUERY__Drishti_GS,20,,1
0,S261__DINOV2_VITS14_QUERY__Drishti_GS,21,,1
1,S261__DINOV2_VITS14_QUERY__Drishti_GS,21,,1
0,S261__DINOV2_VITS14_QUERY__Drishti_GS,22,-0.45774062471170124,1
1,S261__DINOV2_VITS14_QUERY__Drishti_GS,22,-0.4776698136353954,1
0,S261__DINOV2_VITS14_QUERY__Drishti_GS,23,-0.3232204943886893,1
1,S261__DINOV2_VITS14_QUERY__Drishti_GS,23,-0.3238144757231248,1
0,S261__DINOV2_VITS14_QUERY__Drishti_GS,24,0.36297174375601615,1
1,S261__DINOV2_VITS14_QUERY__Drishti_GS,24,0.32229344155917355,1
0,S261__DINOV2_VITS14_QUERY__Drishti_GS,25,0.18888950688680692,1
1,S261__DINOV2_VITS14_QUERY__Drishti_GS,25,0.1342393412156127,1
0,S261__DINOV2_VITS14_QUERY__Drishti_GS,26,,1
1,S261__DINOV2_VITS14_QUERY__Drishti_GS,26,,1
0,S261__DINOV2_VITS14_QUERY__Drishti_GS,27,,1
1,S261__DINOV2_VITS14_QUERY__Drishti_GS,27,,1
0,S261__DINOV2_VITS14_QUERY__Drishti_GS,28,-0.28577465559076565,1
1,S261__DINOV2_VITS14_QUERY__Drishti_GS,28,-0.28674325729145195,1
0,S261__DINOV2_VITS14_QUERY__Drishti_GS,29,-0.290667167020615,1
1,S261__DINOV2_VITS14_QUERY__Drishti_GS,29,-0.2896386647197703,1
0,S261__DINOV2_VITS14_QUERY__Drishti_GS,30,0.3818613833032917,1
1,S261__DINOV2_VITS14_QUERY__Drishti_GS,30,0.37703337965501355,1
0,S261__DINOV2_VITS14_QUERY__Drishti_GS,31,0.32439396890685623,1
1,S261__DINOV2_VITS14_QUERY__Drishti_GS,31,0.2994791848611108,1
0,S261__DINOV2_VITS14_QUERY__Drishti_GS,32,,1
1,S261__DINOV2_VITS14_QUERY__Drishti_GS,32,,1
0,S261__DINOV2_VITS14_QUERY__Drishti_GS,33,,1
1,S261__DINOV2_VITS14_QUERY__Drishti_GS,33,,1
0,S261__DINOV2_VITS14_QUERY__Drishti_GS,34,-0.44875189651659064,1
1,S261__DINOV2_VITS14_QUERY__Drishti_GS,34,-0.4628281074161175,1
0,S261__DINOV2_VITS14_QUERY__Drishti_GS,35,-0.32494477455063026,1
1,S261__DINOV2_VITS14_QUERY__Drishti_GS,35,-0.31686912785561916,1
0,S261__DINOV2_VITS14_QUERY__Drishti_GS,36,0.316668318736167,1
1,S261__DINOV2_VITS14_QUERY__Drishti_GS,36,0.28089386383319875,1
0,S261__DINOV2_VITS14_QUERY__Drishti_GS,37,0.15240523331665695,1
1,S261__DINOV2_VITS14_QUERY__Drishti_GS,37,0.09832784804688931,1
0,S261__DINOV2_VITS14_QUERY__Drishti_GS,38,,1
1,S261__DINOV2_VITS14_QUERY__Drishti_GS,38,,1
0,S261__DINOV2_VITS14_QUERY__Drishti_GS,39,,1
1,S261__DINOV2_VITS14_QUERY__Drishti_GS,39,,1
0,S261__DINOV2_VITS14_QUERY__Drishti_GS,0,,5
1,S261__DINOV2_VITS14_QUERY__Drishti_GS,0,,5
0,S261__DINOV2_VITS14_QUERY__Drishti_GS,1,,5
1,S261__DINOV2_VITS14_QUERY__Drishti_GS,1,,5
0,S261__DINOV2_VITS14_QUERY__Drishti_GS,2,-0.15356354198986616,5
1,S261__DINOV2_VITS14_QUERY__Drishti_GS,2,-0.017693576231470103,5
0,S261__DINOV2_VITS14_QUERY__Drishti_GS,3,0.198837212401333,5
1,S261__DINOV2_VITS14_QUERY__Drishti_GS,3,0.045329669781763345,5
0,S261__DINOV2_VITS14_QUERY__Drishti_GS,4,0.06624182596024557,5
1,S261__DINOV2_VITS14_QUERY__Drishti_GS,4,-0.005699710451569336,5
0,S261__DINOV2_VITS14_QUERY__Drishti_GS,5,-0.15294640538255122,5
1,S261__DINOV2_VITS14_QUERY__Drishti_GS,5,-0.016891401254519697,5
0,S261__DINOV2_VITS14_QUERY__Drishti_GS,6,0.19700090068674575,5
1,S261__DINOV2_VITS14_QUERY__Drishti_GS,6,0.043911587779153265,5
0,S261__DINOV2_VITS14_QUERY__Drishti_GS,7,0.06623206812611072,5
1,S261__DINOV2_VITS14_QUERY__Drishti_GS,7,-0.005870735211989721,5
0,S261__DINOV2_VITS14_QUERY__Drishti_GS,8,0.01798219521210893,5
1,S261__DINOV2_VITS14_QUERY__Drishti_GS,8,-0.05418898698690439,5
0,S261__DINOV2_VITS14_QUERY__Drishti_GS,9,0.10566501453704111,5
1,S261__DINOV2_VITS14_QUERY__Drishti_GS,9,0.027866066655996734,5
0,S261__DINOV2_VITS14_QUERY__Drishti_GS,10,-0.2760076714277413,5
1,S261__DINOV2_VITS14_QUERY__Drishti_GS,10,-0.15247279298555386,5
0,S261__DINOV2_VITS14_QUERY__Drishti_GS,11,-0.058208777010731585,5
1,S261__DINOV2_VITS14_QUERY__Drishti_GS,11,0.006993243573051341,5
0,S261__DINOV2_VITS14_QUERY__Drishti_GS,12,-0.19622745231952202,5
1,S261__DINOV2_VITS14_QUERY__Drishti_GS,12,-0.11984158120841262,5
0,S261__DINOV2_VITS14_QUERY__Drishti_GS,13,,5
1,S261__DINOV2_VITS14_QUERY__Drishti_GS,13,,5
0,S261__DINOV2_VITS14_QUERY__Drishti_GS,14,-0.021195170535459693,5
1,S261__DINOV2_VITS14_QUERY__Drishti_GS,14,-0.06265456761821521,5
0,S261__DINOV2_VITS14_QUERY__Drishti_GS,15,,5
1,S261__DINOV2_VITS14_QUERY__Drishti_GS,15,,5
0,S261__DINOV2_VITS14_QUERY__Drishti_GS,16,0.17958027750960573,5
1,S261__DINOV2_VITS14_QUERY__Drishti_GS,16,0.06396011959115033,5
0,S261__DINOV2_VITS14_QUERY__Drishti_GS,17,0.15995398372524017,5
1,S261__DINOV2_VITS14_QUERY__Drishti_GS,17,0.11876076703076924,5
0,S261__DINOV2_VITS14_QUERY__Drishti_GS,18,0.6915943465444149,5
1,S261__DINOV2_VITS14_QUERY__Drishti_GS,18,0.5343103910932601,5
0,S261__DINOV2_VITS14_QUERY__Drishti_GS,19,0.44728882219038363,5
1,S261__DINOV2_VITS14_QUERY__Drishti_GS,19,0.2609011627766689,5
0,S261__DINOV2_VITS14_QUERY__Drishti_GS,20,,5
1,S261__DINOV2_VITS14_QUERY__Drishti_GS,20,,5
0,S261__DINOV2_VITS14_QUERY__Drishti_GS,21,,5
1,S261__DINOV2_VITS14_QUERY__Drishti_GS,21,,5
0,S261__DINOV2_VITS14_QUERY__Drishti_GS,22,-0.05694710260429383,5
1,S261__DINOV2_VITS14_QUERY__Drishti_GS,22,-0.15795397616328957,5
0,S261__DINOV2_VITS14_QUERY__Drishti_GS,23,0.18579963172278427,5
1,S261__DINOV2_VITS14_QUERY__Drishti_GS,23,0.17979789675248709,5
0,S261__DINOV2_VITS14_QUERY__Drishti_GS,24,0.5683967448750836,5
1,S261__DINOV2_VITS14_QUERY__Drishti_GS,24,0.41065354883473304,5
0,S261__DINOV2_VITS14_QUERY__Drishti_GS,25,0.278031970401568,5
1,S261__DINOV2_VITS14_QUERY__Drishti_GS,25,0.17026210134204595,5
0,S261__DINOV2_VITS14_QUERY__Drishti_GS,26,,5
1,S261__DINOV2_VITS14_QUERY__Drishti_GS,26,,5
0,S261__DINOV2_VITS14_QUERY__Drishti_GS,27,,5
1,S261__DINOV2_VITS14_QUERY__Drishti_GS,27,,5
0,S261__DINOV2_VITS14_QUERY__Drishti_GS,28,0.19154329600270611,5
1,S261__DINOV2_VITS14_QUERY__Drishti_GS,28,0.06776952117119628,5
0,S261__DINOV2_VITS14_QUERY__Drishti_GS,29,0.15156590860838,5
1,S261__DINOV2_VITS14_QUERY__Drishti_GS,29,0.09429905439320672,5
0,S261__DINOV2_VITS14_QUERY__Drishti_GS,30,0.6827677299418237,5
1,S261__DINOV2_VITS14_QUERY__Drishti_GS,30,0.519439869462508,5
0,S261__DINOV2_VITS14_QUERY__Drishti_GS,31,0.4702384718977475,5
1,S261__DINOV2_VITS14_QUERY__Drishti_GS,31,0.27193286760909835,5
0,S261__DINOV2_VITS14_QUERY__Drishti_GS,32,,5
1,S261__DINOV2_VITS14_QUERY__Drishti_GS,32,,5
0,S261__DINOV2_VITS14_QUERY__Drishti_GS,33,,5
1,S261__DINOV2_VITS14_QUERY__Drishti_GS,33,,5
0,S261__DINOV2_VITS14_QUERY__Drishti_GS,34,-0.041502490614702445,5
1,S261__DINOV2_VITS14_QUERY__Drishti_GS,34,-0.16681559387710532,5
0,S261__DINOV2_VITS14_QUERY__Drishti_GS,35,0.18844208821686007,5
1,S261__DINOV2_VITS14_QUERY__Drishti_GS,35,0.1800985329234753,5
0,S261__DINOV2_VITS14_QUERY__Drishti_GS,36,0.525331285993762,5
1,S261__DINOV2_VITS14_QUERY__Drishti_GS,36,0.3575324196820013,5
0,S261__DINOV2_VITS14_QUERY__Drishti_GS,37,0.24293318203203293,5
1,S261__DINOV2_VITS14_QUERY__Drishti_GS,37,0.13609832371150776,5
0,S261__DINOV2_VITS14_QUERY__Drishti_GS,38,,5
1,S261__DINOV2_VITS14_QUERY__Drishti_GS,38,,5
0,S261__DINOV2_VITS14_QUERY__Drishti_GS,39,,5
1,S261__DINOV2_VITS14_QUERY__Drishti_GS,39,,5
0,S262__UNET_QUERY_128__Drishti_GS,0,,1
1,S262__UNET_QUERY_128__Drishti_GS,0,,1
0,S262__UNET_QUERY_128__Drishti_GS,1,,1
1,S262__UNET_QUERY_128__Drishti_GS,1,,1
0,S262__UNET_QUERY_128__Drishti_GS,2,-0.43614997940657946,1
1,S262__UNET_QUERY_128__Drishti_GS,2,-0.4159464646479878,1
0,S262__UNET_QUERY_128__Drishti_GS,3,0.5966291872769792,1
1,S262__UNET_QUERY_128__Drishti_GS,3,0.5992450803404109,1
0,S262__UNET_QUERY_128__Drishti_GS,4,0.048032339229758234,1
1,S262__UNET_QUERY_128__Drishti_GS,4,0.025623286385063452,1
0,S262__UNET_QUERY_128__Drishti_GS,5,-0.4441766445001015,1
1,S262__UNET_QUERY_128__Drishti_GS,5,-0.42428072119980625,1
0,S262__UNET_QUERY_128__Drishti_GS,6,0.5873996602696211,1
1,S262__UNET_QUERY_128__Drishti_GS,6,0.5916208381289677,1
0,S262__UNET_QUERY_128__Drishti_GS,7,0.06519301897008214,1
1,S262__UNET_QUERY_128__Drishti_GS,7,0.042243291394766735,1
0,S262__UNET_QUERY_128__Drishti_GS,8,0.1765324301169261,1
1,S262__UNET_QUERY_128__Drishti_GS,8,0.1893514420339454,1
0,S262__UNET_QUERY_128__Drishti_GS,9,-0.03826261624772361,1
1,S262__UNET_QUERY_128__Drishti_GS,9,-0.005798062108674118,1
0,S262__UNET_QUERY_128__Drishti_GS,10,0.5063365363356674,1
1,S262__UNET_QUERY_128__Drishti_GS,10,0.4607676525079212,1
0,S262__UNET_QUERY_128__Drishti_GS,11,-0.2912862634811884,1
1,S262__UNET_QUERY_128__Drishti_GS,11,-0.270932430269472,1
0,S262__UNET_QUERY_128__Drishti_GS,12,-0.004440891107480133,1
1,S262__UNET_QUERY_128__Drishti_GS,12,0.013611561081685038,1
0,S262__UNET_QUERY_128__Drishti_GS,13,,1
1,S262__UNET_QUERY_128__Drishti_GS,13,,1
0,S262__UNET_QUERY_128__Drishti_GS,14,-0.09140748691042545,1
1,S262__UNET_QUERY_128__Drishti_GS,14,-0.010746004274131396,1
0,S262__UNET_QUERY_128__Drishti_GS,15,,1
1,S262__UNET_QUERY_128__Drishti_GS,15,,1
0,S262__UNET_QUERY_128__Drishti_GS,16,-0.4283689780687084,1
1,S262__UNET_QUERY_128__Drishti_GS,16,-0.543961420212628,1
0,S262__UNET_QUERY_128__Drishti_GS,17,-0.12227448417928678,1
1,S262__UNET_QUERY_128__Drishti_GS,17,-0.19991494834738274,1
0,S262__UNET_QUERY_128__Drishti_GS,18,0.8303407972014011,1
1,S262__UNET_QUERY_128__Drishti_GS,18,0.8272325716317697,1
0,S262__UNET_QUERY_128__Drishti_GS,19,0.8969715141115936,1
1,S262__UNET_QUERY_128__Drishti_GS,19,0.9247563898051929,1
0,S262__UNET_QUERY_128__Drishti_GS,20,,1
1,S262__UNET_QUERY_128__Drishti_GS,20,,1
0,S262__UNET_QUERY_128__Drishti_GS,21,,1
1,S262__UNET_QUERY_128__Drishti_GS,21,,1
0,S262__UNET_QUERY_128__Drishti_GS,22,0.4810532969140351,1
1,S262__UNET_QUERY_128__Drishti_GS,22,0.42077575656380634,1
0,S262__UNET_QUERY_128__Drishti_GS,23,0.2502894333306075,1
1,S262__UNET_QUERY_128__Drishti_GS,23,0.21644803566829515,1
0,S262__UNET_QUERY_128__Drishti_GS,24,0.9474355835896322,1
1,S262__UNET_QUERY_128__Drishti_GS,24,0.9530005819340714,1
0,S262__UNET_QUERY_128__Drishti_GS,25,0.9196373224955734,1
1,S262__UNET_QUERY_128__Drishti_GS,25,0.9331200653266779,1
0,S262__UNET_QUERY_128__Drishti_GS,26,,1
1,S262__UNET_QUERY_128__Drishti_GS,26,,1
0,S262__UNET_QUERY_128__Drishti_GS,27,,1
1,S262__UNET_QUERY_128__Drishti_GS,27,,1
0,S262__UNET_QUERY_128__Drishti_GS,28,-0.29472985376621225,1
1,S262__UNET_QUERY_128__Drishti_GS,28,-0.3820614797057681,1
0,S262__UNET_QUERY_128__Drishti_GS,29,-0.07159240504856708,1
1,S262__UNET_QUERY_128__Drishti_GS,29,-0.1405373058074346,1
0,S262__UNET_QUERY_128__Drishti_GS,30,0.8331494888212769,1
1,S262__UNET_QUERY_128__Drishti_GS,30,0.8197447176192609,1
0,S262__UNET_QUERY_128__Drishti_GS,31,0.9047534875585074,1
1,S262__UNET_QUERY_128__Drishti_GS,31,0.9257796557286727,1
0,S262__UNET_QUERY_128__Drishti_GS,32,,1
1,S262__UNET_QUERY_128__Drishti_GS,32,,1
0,S262__UNET_QUERY_128__Drishti_GS,33,,1
1,S262__UNET_QUERY_128__Drishti_GS,33,,1
0,S262__UNET_QUERY_128__Drishti_GS,34,0.5349292813617874,1
1,S262__UNET_QUERY_128__Drishti_GS,34,0.5092536923511232,1
0,S262__UNET_QUERY_128__Drishti_GS,35,0.21034340370060114,1
1,S262__UNET_QUERY_128__Drishti_GS,35,0.1887298144191587,1
0,S262__UNET_QUERY_128__Drishti_GS,36,0.9503799005214862,1
1,S262__UNET_QUERY_128__Drishti_GS,36,0.9508582880436479,1
0,S262__UNET_QUERY_128__Drishti_GS,37,0.9268333128129478,1
1,S262__UNET_QUERY_128__Drishti_GS,37,0.9331854352496279,1
0,S262__UNET_QUERY_128__Drishti_GS,38,,1
1,S262__UNET_QUERY_128__Drishti_GS,38,,1
0,S262__UNET_QUERY_128__Drishti_GS,39,,1
1,S262__UNET_QUERY_128__Drishti_GS,39,,1
0,S262__UNET_QUERY_128__Drishti_GS,0,,5
1,S262__UNET_QUERY_128__Drishti_GS,0,,5
0,S262__UNET_QUERY_128__Drishti_GS,1,,5
1,S262__UNET_QUERY_128__Drishti_GS,1,,5
0,S262__UNET_QUERY_128__Drishti_GS,2,-0.13707197562244477,5
1,S262__UNET_QUERY_128__Drishti_GS,2,-0.1459141984543235,5
0,S262__UNET_QUERY_128__Drishti_GS,3,-0.20502277721408202,5
1,S262__UNET_QUERY_128__Drishti_GS,3,-0.07920685095992151,5
0,S262__UNET_QUERY_128__Drishti_GS,4,0.27697975332869756,5
1,S262__UNET_QUERY_128__Drishti_GS,4,0.20208267022874105,5
0,S262__UNET_QUERY_128__Drishti_GS,5,-0.1429132132821149,5
1,S262__UNET_QUERY_128__Drishti_GS,5,-0.15328782905392346,5
0,S262__UNET_QUERY_128__Drishti_GS,6,-0.19027329398465856,5
1,S262__UNET_QUERY_128__Drishti_GS,6,-0.06326980397703726,5
0,S262__UNET_QUERY_128__Drishti_GS,7,0.2697792673464295,5
1,S262__UNET_QUERY_128__Drishti_GS,7,0.19698690039878156,5
0,S262__UNET_QUERY_128__Drishti_GS,8,-0.0244575729837255,5
1,S262__UNET_QUERY_128__Drishti_GS,8,0.02500564259399997,5
0,S262__UNET_QUERY_128__Drishti_GS,9,0.09370700132144084,5
1,S262__UNET_QUERY_128__Drishti_GS,9,0.13376931649440424,5
0,S262__UNET_QUERY_128__Drishti_GS,10,-0.5313321433648931,5
1,S262__UNET_QUERY_128__Drishti_GS,10,-0.482866967545289,5
0,S262__UNET_QUERY_128__Drishti_GS,11,0.14939628772595784,5
1,S262__UNET_QUERY_128__Drishti_GS,11,0.12061779971927615,5
0,S262__UNET_QUERY_128__Drishti_GS,12,0.048716546419353385,5
1,S262__UNET_QUERY_128__Drishti_GS,12,0.0664395272606518,5
0,S262__UNET_QUERY_128__Drishti_GS,13,,5
1,S262__UNET_QUERY_128__Drishti_GS,13,,5
0,S262__UNET_QUERY_128__Drishti_GS,14,0.06815415796992648,5
1,S262__UNET_QUERY_128__Drishti_GS,14,0.18437842986316821,5
0,S262__UNET_QUERY_128__Drishti_GS,15,,5
1,S262__UNET_QUERY_128__Drishti_GS,15,,5
0,S262__UNET_QUERY_128__Drishti_GS,16,-0.3351717293284396,5
1,S262__UNET_QUERY_128__Drishti_GS,16,-0.5540050862316961,5
0,S262__UNET_QUERY_128__Drishti_GS,17,-0.06183449811712927,5
1,S262__UNET_QUERY_128__Drishti_GS,17,-0.19474860158586246,5
0,S262__UNET_QUERY_128__Drishti_GS,18,-0.5032842236596063,5
1,S262__UNET_QUERY_128__Drishti_GS,18,-0.35121051272209997,5
0,S262__UNET_QUERY_128__Drishti_GS,19,-0.2242165856591727,5
1,S262__UNET_QUERY_128__Drishti_GS,19,-0.02503716847610541,5
0,S262__UNET_QUERY_128__Drishti_GS,20,,5
1,S262__UNET_QUERY_128__Drishti_GS,20,,5
0,S262__UNET_QUERY_128__Drishti_GS,21,,5
1,S262__UNET_QUERY_128__Drishti_GS,21,,5
0,S262__UNET_QUERY_128__Drishti_GS,22,-0.18412820729211268,5
1,S262__UNET_QUERY_128__Drishti_GS,22,-0.19629662886824667,5
0,S262__UNET_QUERY_128__Drishti_GS,23,-0.11182815215090001,5
1,S262__UNET_QUERY_128__Drishti_GS,23,-0.09111869069759468,5
0,S262__UNET_QUERY_128__Drishti_GS,24,-0.3491674719070785,5
1,S262__UNET_QUERY_128__Drishti_GS,24,-0.17334949813177603,5
0,S262__UNET_QUERY_128__Drishti_GS,25,-0.37236331211817314,5
1,S262__UNET_QUERY_128__Drishti_GS,25,-0.18848427279970348,5
0,S262__UNET_QUERY_128__Drishti_GS,26,,5
1,S262__UNET_QUERY_128__Drishti_GS,26,,5
0,S262__UNET_QUERY_128__Drishti_GS,27,,5
1,S262__UNET_QUERY_128__Drishti_GS,27,,5
0,S262__UNET_QUERY_128__Drishti_GS,28,-0.47312535271385414,5
1,S262__UNET_QUERY_128__Drishti_GS,28,-0.6188537890360242,5
0,S262__UNET_QUERY_128__Drishti_GS,29,-0.07930537298542747,5
1,S262__UNET_QUERY_128__Drishti_GS,29,-0.1949208463380016,5
0,S262__UNET_QUERY_128__Drishti_GS,30,-0.5373950692240257,5
1,S262__UNET_QUERY_128__Drishti_GS,30,-0.4010949849541763,5
0,S262__UNET_QUERY_128__Drishti_GS,31,-0.2288517161342926,5
1,S262__UNET_QUERY_128__Drishti_GS,31,-0.03980820901372479,5
0,S262__UNET_QUERY_128__Drishti_GS,32,,5
1,S262__UNET_QUERY_128__Drishti_GS,32,,5
0,S262__UNET_QUERY_128__Drishti_GS,33,,5
1,S262__UNET_QUERY_128__Drishti_GS,33,,5
0,S262__UNET_QUERY_128__Drishti_GS,34,-0.1491381236678945,5
1,S262__UNET_QUERY_128__Drishti_GS,34,-0.10034449748331326,5
0,S262__UNET_QUERY_128__Drishti_GS,35,-0.07949860215122105,5
1,S262__UNET_QUERY_128__Drishti_GS,35,-0.0818562038881533,5
0,S262__UNET_QUERY_128__Drishti_GS,36,-0.3486295236384395,5
1,S262__UNET_QUERY_128__Drishti_GS,36,-0.1819774102117766,5
0,S262__UNET_QUERY_128__Drishti_GS,37,-0.38414063539667875,5
1,S262__UNET_QUERY_128__Drishti_GS,37,-0.20979418463536986,5
0,S262__UNET_QUERY_128__Drishti_GS,38,,5
1,S262__UNET_QUERY_128__Drishti_GS,38,,5
0,S262__UNET_QUERY_128__Drishti_GS,39,,5
1,S262__UNET_QUERY_128__Drishti_GS,39,,5
0,S262__DINOV2_VITS14_QUERY__Drishti_GS,0,,1
1,S262__DINOV2_VITS14_QUERY__Drishti_GS,0,,1
0,S262__DINOV2_VITS14_QUERY__Drishti_GS,1,,1
1,S262__DINOV2_VITS14_QUERY__Drishti_GS,1,,1
0,S262__DINOV2_VITS14_QUERY__Drishti_GS,2,-0.25586296848916845,1
1,S262__DINOV2_VITS14_QUERY__Drishti_GS,2,-0.12767889491836185,1
0,S262__DINOV2_VITS14_QUERY__Drishti_GS,3,0.16869126571028747,1
1,S262__DINOV2_VITS14_QUERY__Drishti_GS,3,-0.03753933051344296,1
0,S262__DINOV2_VITS14_QUERY__Drishti_GS,4,0.2510964530095952,1
1,S262__DINOV2_VITS14_QUERY__Drishti_GS,4,0.18803554892572938,1
0,S262__DINOV2_VITS14_QUERY__Drishti_GS,5,-0.2557839832818532,1
1,S262__DINOV2_VITS14_QUERY__Drishti_GS,5,-0.12742322315712,1
0,S262__DINOV2_VITS14_QUERY__Drishti_GS,6,0.1684677686985515,1
1,S262__DINOV2_VITS14_QUERY__Drishti_GS,6,-0.03780797046386773,1
0,S262__DINOV2_VITS14_QUERY__Drishti_GS,7,0.25102298648190857,1
1,S262__DINOV2_VITS14_QUERY__Drishti_GS,7,0.1876930791224739,1
0,S262__DINOV2_VITS14_QUERY__Drishti_GS,8,0.18309874331103398,1
1,S262__DINOV2_VITS14_QUERY__Drishti_GS,8,0.018833461832079523,1
0,S262__DINOV2_VITS14_QUERY__Drishti_GS,9,0.2194425481537095,1
1,S262__DINOV2_VITS14_QUERY__Drishti_GS,9,0.07086464323696283,1
0,S262__DINOV2_VITS14_QUERY__Drishti_GS,10,-0.17287124719201566,1
1,S262__DINOV2_VITS14_QUERY__Drishti_GS,10,-0.28737769270855346,1
0,S262__DINOV2_VITS14_QUERY__Drishti_GS,11,-0.09552355715883483,1
1,S262__DINOV2_VITS14_QUERY__Drishti_GS,11,0.04557772076430104,1
0,S262__DINOV2_VITS14_QUERY__Drishti_GS,12,-0.15932206698331233,1
1,S262__DINOV2_VITS14_QUERY__Drishti_GS,12,-0.030527603339456567,1
0,S262__DINOV2_VITS14_QUERY__Drishti_GS,13,,1
1,S262__DINOV2_VITS14_QUERY__Drishti_GS,13,,1
0,S262__DINOV2_VITS14_QUERY__Drishti_GS,14,0.05936394106273015,1
1,S262__DINOV2_VITS14_QUERY__Drishti_GS,14,0.11058184375037065,1
0,S262__DINOV2_VITS14_QUERY__Drishti_GS,15,,1
1,S262__DINOV2_VITS14_QUERY__Drishti_GS,15,,1
0,S262__DINOV2_VITS14_QUERY__Drishti_GS,16,0.5173729574809418,1
1,S262__DINOV2_VITS14_QUERY__Drishti_GS,16,0.5343015819706122,1
0,S262__DINOV2_VITS14_QUERY__Drishti_GS,17,0.6339498156118022,1
1,S262__DINOV2_VITS14_QUERY__Drishti_GS,17,0.5576224368705466,1
0,S262__DINOV2_VITS14_QUERY__Drishti_GS,18,-0.1358517307996584,1
1,S262__DINOV2_VITS14_QUERY__Drishti_GS,18,-0.4270108472111041,1
0,S262__DINOV2_VITS14_QUERY__Drishti_GS,19,-0.17800196797422924,1
1,S262__DINOV2_VITS14_QUERY__Drishti_GS,19,-0.45707012714272405,1
0,S262__DINOV2_VITS14_QUERY__Drishti_GS,20,,1
1,S262__DINOV2_VITS14_QUERY__Drishti_GS,20,,1
0,S262__DINOV2_VITS14_QUERY__Drishti_GS,21,,1
1,S262__DINOV2_VITS14_QUERY__Drishti_GS,21,,1
0,S262__DINOV2_VITS14_QUERY__Drishti_GS,22,0.4403075082007146,1
1,S262__DINOV2_VITS14_QUERY__Drishti_GS,22,0.23699138015833196,1
0,S262__DINOV2_VITS14_QUERY__Drishti_GS,23,0.6599678857360428,1
1,S262__DINOV2_VITS14_QUERY__Drishti_GS,23,0.5406641582989661,1
0,S262__DINOV2_VITS14_QUERY__Drishti_GS,24,-0.12227590348853999,1
1,S262__DINOV2_VITS14_QUERY__Drishti_GS,24,-0.44054034460978786,1
0,S262__DINOV2_VITS14_QUERY__Drishti_GS,25,-0.08826756033693332,1
1,S262__DINOV2_VITS14_QUERY__Drishti_GS,25,-0.3580925956492841,1
0,S262__DINOV2_VITS14_QUERY__Drishti_GS,26,,1
1,S262__DINOV2_VITS14_QUERY__Drishti_GS,26,,1
0,S262__DINOV2_VITS14_QUERY__Drishti_GS,27,,1
1,S262__DINOV2_VITS14_QUERY__Drishti_GS,27,,1
0,S262__DINOV2_VITS14_QUERY__Drishti_GS,28,0.4889456239407695,1
1,S262__DINOV2_VITS14_QUERY__Drishti_GS,28,0.3990193099303885,1
0,S262__DINOV2_VITS14_QUERY__Drishti_GS,29,0.5971493918438192,1
1,S262__DINOV2_VITS14_QUERY__Drishti_GS,29,0.5066117718391184,1
0,S262__DINOV2_VITS14_QUERY__Drishti_GS,30,-0.1661906626533258,1
1,S262__DINOV2_VITS14_QUERY__Drishti_GS,30,-0.4513315766805231,1
0,S262__DINOV2_VITS14_QUERY__Drishti_GS,31,-0.2198396172989422,1
1,S262__DINOV2_VITS14_QUERY__Drishti_GS,31,-0.4809200543920877,1
0,S262__DINOV2_VITS14_QUERY__Drishti_GS,32,,1
1,S262__DINOV2_VITS14_QUERY__Drishti_GS,32,,1
0,S262__DINOV2_VITS14_QUERY__Drishti_GS,33,,1
1,S262__DINOV2_VITS14_QUERY__Drishti_GS,33,,1
0,S262__DINOV2_VITS14_QUERY__Drishti_GS,34,0.5859782372313486,1
1,S262__DINOV2_VITS14_QUERY__Drishti_GS,34,0.6834430291163728,1
0,S262__DINOV2_VITS14_QUERY__Drishti_GS,35,0.6520010462710985,1
1,S262__DINOV2_VITS14_QUERY__Drishti_GS,35,0.5993880510778835,1
0,S262__DINOV2_VITS14_QUERY__Drishti_GS,36,-0.12495747927799604,1
1,S262__DINOV2_VITS14_QUERY__Drishti_GS,36,-0.41323373592698404,1
0,S262__DINOV2_VITS14_QUERY__Drishti_GS,37,-0.12874274908414238,1
1,S262__DINOV2_VITS14_QUERY__Drishti_GS,37,-0.3138756729884564,1
0,S262__DINOV2_VITS14_QUERY__Drishti_GS,38,,1
1,S262__DINOV2_VITS14_QUERY__Drishti_GS,38,,1
0,S262__DINOV2_VITS14_QUERY__Drishti_GS,39,,1
1,S262__DINOV2_VITS14_QUERY__Drishti_GS,39,,1
0,S262__DINOV2_VITS14_QUERY__Drishti_GS,0,,5
1,S262__DINOV2_VITS14_QUERY__Drishti_GS,0,,5
0,S262__DINOV2_VITS14_QUERY__Drishti_GS,1,,5
1,S262__DINOV2_VITS14_QUERY__Drishti_GS,1,,5
0,S262__DINOV2_VITS14_QUERY__Drishti_GS,2,0.08873095168154906,5
1,S262__DINOV2_VITS14_QUERY__Drishti_GS,2,0.17929789977614494,5
0,S262__DINOV2_VITS14_QUERY__Drishti_GS,3,-0.12436736348812287,5
1,S262__DINOV2_VITS14_QUERY__Drishti_GS,3,-0.17162391333035232,5
0,S262__DINOV2_VITS14_QUERY__Drishti_GS,4,-0.05312921924584034,5
1,S262__DINOV2_VITS14_QUERY__Drishti_GS,4,-0.1484279965276004,5
0,S262__DINOV2_VITS14_QUERY__Drishti_GS,5,0.0892175799393382,5
1,S262__DINOV2_VITS14_QUERY__Drishti_GS,5,0.17996118253277069,5
0,S262__DINOV2_VITS14_QUERY__Drishti_GS,6,-0.12511803800631527,5
1,S262__DINOV2_VITS14_QUERY__Drishti_GS,6,-0.17194658850735536,5
0,S262__DINOV2_VITS14_QUERY__Drishti_GS,7,-0.053410197773019794,5
1,S262__DINOV2_VITS14_QUERY__Drishti_GS,7,-0.14912274660901487,5
0,S262__DINOV2_VITS14_QUERY__Drishti_GS,8,-0.12862913736256681,5
1,S262__DINOV2_VITS14_QUERY__Drishti_GS,8,-0.17941250894271238,5
0,S262__DINOV2_VITS14_QUERY__Drishti_GS,9,-0.11488900190402333,5
1,S262__DINOV2_VITS14_QUERY__Drishti_GS,9,-0.14161831900970825,5
0,S262__DINOV2_VITS14_QUERY__Drishti_GS,10,-0.0973815096769702,5
1,S262__DINOV2_VITS14_QUERY__Drishti_GS,10,-0.08068170268973444,5
0,S262__DINOV2_VITS14_QUERY__Drishti_GS,11,0.1300104416361878,5
1,S262__DINOV2_VITS14_QUERY__Drishti_GS,11,0.16451986470417243,5
0,S262__DINOV2_VITS14_QUERY__Drishti_GS,12,0.07508824530449172,5
1,S262__DINOV2_VITS14_QUERY__Drishti_GS,12,0.0810713283232121,5
0,S262__DINOV2_VITS14_QUERY__Drishti_GS,13,,5
1,S262__DINOV2_VITS14_QUERY__Drishti_GS,13,,5
0,S262__DINOV2_VITS14_QUERY__Drishti_GS,14,0.05259621268786167,5
1,S262__DINOV2_VITS14_QUERY__Drishti_GS,14,0.07844801792325493,5
0,S262__DINOV2_VITS14_QUERY__Drishti_GS,15,,5
1,S262__DINOV2_VITS14_QUERY__Drishti_GS,15,,5
0,S262__DINOV2_VITS14_QUERY__Drishti_GS,16,0.2551841572844915,5
1,S262__DINOV2_VITS14_QUERY__Drishti_GS,16,0.01660425112590983,5
0,S262__DINOV2_VITS14_QUERY__Drishti_GS,17,0.08098309933902981,5
1,S262__DINOV2_VITS14_QUERY__Drishti_GS,17,0.04784115710222352,5
0,S262__DINOV2_VITS14_QUERY__Drishti_GS,18,-0.4342394213106071,5
1,S262__DINOV2_VITS14_QUERY__Drishti_GS,18,-0.4757858526144462,5
0,S262__DINOV2_VITS14_QUERY__Drishti_GS,19,-0.4482811009316582,5
1,S262__DINOV2_VITS14_QUERY__Drishti_GS,19,-0.5203553153133567,5
0,S262__DINOV2_VITS14_QUERY__Drishti_GS,20,,5
1,S262__DINOV2_VITS14_QUERY__Drishti_GS,20,,5
0,S262__DINOV2_VITS14_QUERY__Drishti_GS,21,,5
1,S262__DINOV2_VITS14_QUERY__Drishti_GS,21,,5
0,S262__DINOV2_VITS14_QUERY__Drishti_GS,22,-0.0699661599755871,5
1,S262__DINOV2_VITS14_QUERY__Drishti_GS,22,-0.35933364245969596,5
0,S262__DINOV2_VITS14_QUERY__Drishti_GS,23,-0.0920552404024761,5
1,S262__DINOV2_VITS14_QUERY__Drishti_GS,23,0.014965333164198787,5
0,S262__DINOV2_VITS14_QUERY__Drishti_GS,24,-0.37866490575415956,5
1,S262__DINOV2_VITS14_QUERY__Drishti_GS,24,-0.47158055889063344,5
0,S262__DINOV2_VITS14_QUERY__Drishti_GS,25,-0.4798785877909112,5
1,S262__DINOV2_VITS14_QUERY__Drishti_GS,25,-0.5011762978506286,5
0,S262__DINOV2_VITS14_QUERY__Drishti_GS,26,,5
1,S262__DINOV2_VITS14_QUERY__Drishti_GS,26,,5
0,S262__DINOV2_VITS14_QUERY__Drishti_GS,27,,5
1,S262__DINOV2_VITS14_QUERY__Drishti_GS,27,,5
0,S262__DINOV2_VITS14_QUERY__Drishti_GS,28,0.0766904291362467,5
1,S262__DINOV2_VITS14_QUERY__Drishti_GS,28,-0.19489242474655452,5
0,S262__DINOV2_VITS14_QUERY__Drishti_GS,29,0.01611422744615638,5
1,S262__DINOV2_VITS14_QUERY__Drishti_GS,29,-0.050692294424994344,5
0,S262__DINOV2_VITS14_QUERY__Drishti_GS,30,-0.3710920398711809,5
1,S262__DINOV2_VITS14_QUERY__Drishti_GS,30,-0.4703819776072378,5
0,S262__DINOV2_VITS14_QUERY__Drishti_GS,31,-0.3089469758450141,5
1,S262__DINOV2_VITS14_QUERY__Drishti_GS,31,-0.4919270366403617,5
0,S262__DINOV2_VITS14_QUERY__Drishti_GS,32,,5
1,S262__DINOV2_VITS14_QUERY__Drishti_GS,32,,5
0,S262__DINOV2_VITS14_QUERY__Drishti_GS,33,,5
1,S262__DINOV2_VITS14_QUERY__Drishti_GS,33,,5
0,S262__DINOV2_VITS14_QUERY__Drishti_GS,34,0.2802863509139654,5
1,S262__DINOV2_VITS14_QUERY__Drishti_GS,34,0.18529108531024305,5
0,S262__DINOV2_VITS14_QUERY__Drishti_GS,35,-0.05035089966175977,5
1,S262__DINOV2_VITS14_QUERY__Drishti_GS,35,0.04343242322362868,5
0,S262__DINOV2_VITS14_QUERY__Drishti_GS,36,-0.3202350380568047,5
1,S262__DINOV2_VITS14_QUERY__Drishti_GS,36,-0.44802175321785326,5
0,S262__DINOV2_VITS14_QUERY__Drishti_GS,37,-0.27463711738051927,5
1,S262__DINOV2_VITS14_QUERY__Drishti_GS,37,-0.33957829998707456,5
0,S262__DINOV2_VITS14_QUERY__Drishti_GS,38,,5
1,S262__DINOV2_VITS14_QUERY__Drishti_GS,38,,5
0,S262__DINOV2_VITS14_QUERY__Drishti_GS,39,,5
1,S262__DINOV2_VITS14_QUERY__Drishti_GS,39,,5
0,S263__UNET_QUERY_128__Drishti_GS,0,,1
1,S263__UNET_QUERY_128__Drishti_GS,0,,1
0,S263__UNET_QUERY_128__Drishti_GS,1,,1
1,S263__UNET_QUERY_128__Drishti_GS,1,,1
0,S263__UNET_QUERY_128__Drishti_GS,2,0.5411489719798909,1
1,S263__UNET_QUERY_128__Drishti_GS,2,0.4861947681583161,1
0,S263__UNET_QUERY_128__Drishti_GS,3,-0.46721610355545884,1
1,S263__UNET_QUERY_128__Drishti_GS,3,-0.4323508010897696,1
0,S263__UNET_QUERY_128__Drishti_GS,4,-0.20472571963402253,1
1,S263__UNET_QUERY_128__Drishti_GS,4,-0.17302762862397672,1
0,S263__UNET_QUERY_128__Drishti_GS,5,0.5185858396444689,1
1,S263__UNET_QUERY_128__Drishti_GS,5,0.48931147958745375,1
0,S263__UNET_QUERY_128__Drishti_GS,6,-0.4451282204283103,1
1,S263__UNET_QUERY_128__Drishti_GS,6,-0.450775779848931,1
0,S263__UNET_QUERY_128__Drishti_GS,7,-0.20088594144834737,1
1,S263__UNET_QUERY_128__Drishti_GS,7,-0.1631800294936217,1
0,S263__UNET_QUERY_128__Drishti_GS,8,0.11173781899178681,1
1,S263__UNET_QUERY_128__Drishti_GS,8,-0.5621492911305765,1
0,S263__UNET_QUERY_128__Drishti_GS,9,0.21968501064910045,1
1,S263__UNET_QUERY_128__Drishti_GS,9,-0.5220854447863847,1
0,S263__UNET_QUERY_128__Drishti_GS,10,-0.1120406119775681,1
1,S263__UNET_QUERY_128__Drishti_GS,10,0.01350288504726923,1
0,S263__UNET_QUERY_128__Drishti_GS,11,-0.170488142863688,1
1,S263__UNET_QUERY_128__Drishti_GS,11,0.5986326528468798,1
0,S263__UNET_QUERY_128__Drishti_GS,12,-0.2807939951788147,1
1,S263__UNET_QUERY_128__Drishti_GS,12,0.5338400289475901,1
0,S263__UNET_QUERY_128__Drishti_GS,13,,1
1,S263__UNET_QUERY_128__Drishti_GS,13,,1
0,S263__UNET_QUERY_128__Drishti_GS,14,0.16270770554432745,1
1,S263__UNET_QUERY_128__Drishti_GS,14,0.1419493754688292,1
0,S263__UNET_QUERY_128__Drishti_GS,15,,1
1,S263__UNET_QUERY_128__Drishti_GS,15,,1
0,S263__UNET_QUERY_128__Drishti_GS,16,0.23658854586989708,1
1,S263__UNET_QUERY_128__Drishti_GS,16,-0.22324599830228128,1
0,S263__UNET_QUERY_128__Drishti_GS,17,0.20593211380869633,1
1,S263__UNET_QUERY_128__Drishti_GS,17,-0.20552298975969968,1
0,S263__UNET_QUERY_128__Drishti_GS,18,0.13367871394593392,1
1,S263__UNET_QUERY_128__Drishti_GS,18,-0.460108522275814,1
0,S263__UNET_QUERY_128__Drishti_GS,19,0.3667258891847833,1
1,S263__UNET_QUERY_128__Drishti_GS,19,-0.31413694468421155,1
0,S263__UNET_QUERY_128__Drishti_GS,20,,1
1,S263__UNET_QUERY_128__Drishti_GS,20,,1
0,S263__UNET_QUERY_128__Drishti_GS,21,,1
1,S263__UNET_QUERY_128__Drishti_GS,21,,1
0,S263__UNET_QUERY_128__Drishti_GS,22,0.09438970456524064,1
1,S263__UNET_QUERY_128__Drishti_GS,22,-0.307077117249419,1
0,S263__UNET_QUERY_128__Drishti_GS,23,0.08414717253089296,1
1,S263__UNET_QUERY_128__Drishti_GS,23,-0.34643396017667627,1
0,S263__UNET_QUERY_128__Drishti_GS,24,0.6643339719786032,1
1,S263__UNET_QUERY_128__Drishti_GS,24,-0.15296180981530885,1
0,S263__UNET_QUERY_128__Drishti_GS,25,0.0068403364348822975,1
1,S263__UNET_QUERY_128__Drishti_GS,25,-0.050206987172609886,1
0,S263__UNET_QUERY_128__Drishti_GS,26,,1
1,S263__UNET_QUERY_128__Drishti_GS,26,,1
0,S263__UNET_QUERY_128__Drishti_GS,27,,1
1,S263__UNET_QUERY_128__Drishti_GS,27,,1
0,S263__UNET_QUERY_128__Drishti_GS,28,0.13255416727720257,1
1,S263__UNET_QUERY_128__Drishti_GS,28,0.018839090995496344,1
0,S263__UNET_QUERY_128__Drishti_GS,29,-0.0854002785739553,1
1,S263__UNET_QUERY_128__Drishti_GS,29,-0.19287471594913735,1
0,S263__UNET_QUERY_128__Drishti_GS,30,-0.4220442353817793,1
1,S263__UNET_QUERY_128__Drishti_GS,30,-0.5999133265611446,1
0,S263__UNET_QUERY_128__Drishti_GS,31,-0.20810027878606174,1
1,S263__UNET_QUERY_128__Drishti_GS,31,-0.5136867407020468,1
0,S263__UNET_QUERY_128__Drishti_GS,32,,1
1,S263__UNET_QUERY_128__Drishti_GS,32,,1
0,S263__UNET_QUERY_128__Drishti_GS,33,,1
1,S263__UNET_QUERY_128__Drishti_GS,33,,1
0,S263__UNET_QUERY_128__Drishti_GS,34,-0.13885182572472224,1
1,S263__UNET_QUERY_128__Drishti_GS,34,-0.3170658915540652,1
0,S263__UNET_QUERY_128__Drishti_GS,35,-0.29870840062614906,1
1,S263__UNET_QUERY_128__Drishti_GS,35,-0.4784943561177619,1
0,S263__UNET_QUERY_128__Drishti_GS,36,-0.11084716577758354,1
1,S263__UNET_QUERY_128__Drishti_GS,36,-0.3341168962102269,1
0,S263__UNET_QUERY_128__Drishti_GS,37,-0.19168168960001583,1
1,S263__UNET_QUERY_128__Drishti_GS,37,-0.15481837846451224,1
0,S263__UNET_QUERY_128__Drishti_GS,38,,1
1,S263__UNET_QUERY_128__Drishti_GS,38,,1
0,S263__UNET_QUERY_128__Drishti_GS,39,,1
1,S263__UNET_QUERY_128__Drishti_GS,39,,1
0,S263__UNET_QUERY_128__Drishti_GS,0,,5
1,S263__UNET_QUERY_128__Drishti_GS,0,,5
0,S263__UNET_QUERY_128__Drishti_GS,1,,5
1,S263__UNET_QUERY_128__Drishti_GS,1,,5
0,S263__UNET_QUERY_128__Drishti_GS,2,-0.22549034764579556,5
1,S263__UNET_QUERY_128__Drishti_GS,2,-0.3191275274370252,5
0,S263__UNET_QUERY_128__Drishti_GS,3,-0.11475873316168718,5
1,S263__UNET_QUERY_128__Drishti_GS,3,-0.04284866852708012,5
0,S263__UNET_QUERY_128__Drishti_GS,4,0.35360628190732213,5
1,S263__UNET_QUERY_128__Drishti_GS,4,0.3967770621443906,5
0,S263__UNET_QUERY_128__Drishti_GS,5,-0.24352923429565718,5
1,S263__UNET_QUERY_128__Drishti_GS,5,-0.3273781086539223,5
0,S263__UNET_QUERY_128__Drishti_GS,6,-0.09952417697763051,5
1,S263__UNET_QUERY_128__Drishti_GS,6,-0.04145759558809683,5
0,S263__UNET_QUERY_128__Drishti_GS,7,0.3586835744561678,5
1,S263__UNET_QUERY_128__Drishti_GS,7,0.4030770849155182,5
0,S263__UNET_QUERY_128__Drishti_GS,8,0.1746394934118929,5
1,S263__UNET_QUERY_128__Drishti_GS,8,-0.08663522792617687,5
0,S263__UNET_QUERY_128__Drishti_GS,9,0.0015254526547088096,5
1,S263__UNET_QUERY_128__Drishti_GS,9,-0.30496038687554133,5
0,S263__UNET_QUERY_128__Drishti_GS,10,0.49118385280759774,5
1,S263__UNET_QUERY_128__Drishti_GS,10,0.5952779147088751,5
0,S263__UNET_QUERY_128__Drishti_GS,11,-0.17312889707297907,5
1,S263__UNET_QUERY_128__Drishti_GS,11,0.13446281675484423,5
0,S263__UNET_QUERY_128__Drishti_GS,12,0.04326580329790725,5
1,S263__UNET_QUERY_128__Drishti_GS,12,0.3901193218779052,5
0,S263__UNET_QUERY_128__Drishti_GS,13,,5
1,S263__UNET_QUERY_128__Drishti_GS,13,,5
0,S263__UNET_QUERY_128__Drishti_GS,14,-0.12283051965101277,5
1,S263__UNET_QUERY_128__Drishti_GS,14,0.10738910823429956,5
0,S263__UNET_QUERY_128__Drishti_GS,15,,5
1,S263__UNET_QUERY_128__Drishti_GS,15,,5
0,S263__UNET_QUERY_128__Drishti_GS,16,-0.37194426741389314,5
1,S263__UNET_QUERY_128__Drishti_GS,16,-0.6918839845937178,5
0,S263__UNET_QUERY_128__Drishti_GS,17,-0.23298780431256833,5
1,S263__UNET_QUERY_128__Drishti_GS,17,-0.3831830907020672,5
0,S263__UNET_QUERY_128__Drishti_GS,18,0.4215772618989116,5
1,S263__UNET_QUERY_128__Drishti_GS,18,0.19641812812003867,5
0,S263__UNET_QUERY_128__Drishti_GS,19,0.269614955831801,5
1,S263__UNET_QUERY_128__Drishti_GS,19,-0.08645917103792564,5
0,S263__UNET_QUERY_128__Drishti_GS,20,,5
1,S263__UNET_QUERY_128__Drishti_GS,20,,5
0,S263__UNET_QUERY_128__Drishti_GS,21,,5
1,S263__UNET_QUERY_128__Drishti_GS,21,,5
0,S263__UNET_QUERY_128__Drishti_GS,22,0.10298999568853663,5
1,S263__UNET_QUERY_128__Drishti_GS,22,-0.07471002587079908,5
0,S263__UNET_QUERY_128__Drishti_GS,23,-0.10781882832747507,5
1,S263__UNET_QUERY_128__Drishti_GS,23,-0.32534202562855186,5
0,S263__UNET_QUERY_128__Drishti_GS,24,0.2890936190311871,5
1,S263__UNET_QUERY_128__Drishti_GS,24,-0.004552619287125217,5
0,S263__UNET_QUERY_128__Drishti_GS,25,0.6566397471603721,5
1,S263__UNET_QUERY_128__Drishti_GS,25,0.6053372140840002,5
0,S263__UNET_QUERY_128__Drishti_GS,26,,5
1,S263__UNET_QUERY_128__Drishti_GS,26,,5
0,S263__UNET_QUERY_128__Drishti_GS,27,,5
1,S263__UNET_QUERY_128__Drishti_GS,27,,5
0,S263__UNET_QUERY_128__Drishti_GS,28,-0.5886476208956912,5
1,S263__UNET_QUERY_128__Drishti_GS,28,-0.7093883638866568,5
0,S263__UNET_QUERY_128__Drishti_GS,29,-0.2495867944963088,5
1,S263__UNET_QUERY_128__Drishti_GS,29,-0.3248759443500701,5
0,S263__UNET_QUERY_128__Drishti_GS,30,0.5438232432702345,5
1,S263__UNET_QUERY_128__Drishti_GS,30,0.5068128427787798,5
0,S263__UNET_QUERY_128__Drishti_GS,31,0.36449643044756114,5
1,S263__UNET_QUERY_128__Drishti_GS,31,0.2500294542389833,5
0,S263__UNET_QUERY_128__Drishti_GS,32,,5
1,S263__UNET_QUERY_128__Drishti_GS,32,,5
0,S263__UNET_QUERY_128__Drishti_GS,33,,5
1,S263__UNET_QUERY_128__Drishti_GS,33,,5
0,S263__UNET_QUERY_128__Drishti_GS,34,0.09016295712640152,5
1,S263__UNET_QUERY_128__Drishti_GS,34,-0.022166436714739716,5
0,S263__UNET_QUERY_128__Drishti_GS,35,-0.24067881467257887,5
1,S263__UNET_QUERY_128__Drishti_GS,35,-0.32884990527525204,5
0,S263__UNET_QUERY_128__Drishti_GS,36,0.4324678565278611,5
1,S263__UNET_QUERY_128__Drishti_GS,36,0.3629556098721714,5
0,S263__UNET_QUERY_128__Drishti_GS,37,0.6477210531310716,5
1,S263__UNET_QUERY_128__Drishti_GS,37,0.6400409357071039,5
0,S263__UNET_QUERY_128__Drishti_GS,38,,5
1,S263__UNET_QUERY_128__Drishti_GS,38,,5
0,S263__UNET_QUERY_128__Drishti_GS,39,,5
1,S263__UNET_QUERY_128__Drishti_GS,39,,5
0,S263__DINOV2_VITS14_QUERY__Drishti_GS,0,,1
1,S263__DINOV2_VITS14_QUERY__Drishti_GS,0,,1
0,S263__DINOV2_VITS14_QUERY__Drishti_GS,1,,1
1,S263__DINOV2_VITS14_QUERY__Drishti_GS,1,,1
0,S263__DINOV2_VITS14_QUERY__Drishti_GS,2,-0.432215302120941,1
1,S263__DINOV2_VITS14_QUERY__Drishti_GS,2,-0.2152806152644801,1
0,S263__DINOV2_VITS14_QUERY__Drishti_GS,3,0.090347105061265,1
1,S263__DINOV2_VITS14_QUERY__Drishti_GS,3,-0.04262217296434854,1
0,S263__DINOV2_VITS14_QUERY__Drishti_GS,4,0.5539311302663625,1
1,S263__DINOV2_VITS14_QUERY__Drishti_GS,4,0.3330638790988422,1
0,S263__DINOV2_VITS14_QUERY__Drishti_GS,5,-0.43166860112625677,1
1,S263__DINOV2_VITS14_QUERY__Drishti_GS,5,-0.21467763719134947,1
0,S263__DINOV2_VITS14_QUERY__Drishti_GS,6,0.08787150578594541,1
1,S263__DINOV2_VITS14_QUERY__Drishti_GS,6,-0.044386046550716485,1
0,S263__DINOV2_VITS14_QUERY__Drishti_GS,7,0.5539465234902196,1
1,S263__DINOV2_VITS14_QUERY__Drishti_GS,7,0.3328915837796301,1
0,S263__DINOV2_VITS14_QUERY__Drishti_GS,8,0.4254230494404018,1
1,S263__DINOV2_VITS14_QUERY__Drishti_GS,8,0.2567436161306708,1
0,S263__DINOV2_VITS14_QUERY__Drishti_GS,9,0.44007173153820384,1
1,S263__DINOV2_VITS14_QUERY__Drishti_GS,9,0.2707618445014834,1
0,S263__DINOV2_VITS14_QUERY__Drishti_GS,10,0.20388644981764728,1
1,S263__DINOV2_VITS14_QUERY__Drishti_GS,10,0.19923799284560237,1
0,S263__DINOV2_VITS14_QUERY__Drishti_GS,11,-0.47183312824345586,1
1,S263__DINOV2_VITS14_QUERY__Drishti_GS,11,-0.31267745976548794,1
0,S263__DINOV2_VITS14_QUERY__Drishti_GS,12,-0.4998559823614463,1
1,S263__DINOV2_VITS14_QUERY__Drishti_GS,12,-0.35015593519484206,1
0,S263__DINOV2_VITS14_QUERY__Drishti_GS,13,,1
1,S263__DINOV2_VITS14_QUERY__Drishti_GS,13,,1
0,S263__DINOV2_VITS14_QUERY__Drishti_GS,14,0.4113361676000876,1
1,S263__DINOV2_VITS14_QUERY__Drishti_GS,14,0.3808529256159999,1
0,S263__DINOV2_VITS14_QUERY__Drishti_GS,15,,1
1,S263__DINOV2_VITS14_QUERY__Drishti_GS,15,,1
0,S263__DINOV2_VITS14_QUERY__Drishti_GS,16,-0.5133652255824718,1
1,S263__DINOV2_VITS14_QUERY__Drishti_GS,16,-0.6842765695581117,1
0,S263__DINOV2_VITS14_QUERY__Drishti_GS,17,-0.2246618852118586,1
1,S263__DINOV2_VITS14_QUERY__Drishti_GS,17,-0.3846946988536345,1
0,S263__DINOV2_VITS14_QUERY__Drishti_GS,18,-0.07330294444839969,1
1,S263__DINOV2_VITS14_QUERY__Drishti_GS,18,-0.15496327146553104,1
0,S263__DINOV2_VITS14_QUERY__Drishti_GS,19,-0.15796753482286913,1
1,S263__DINOV2_VITS14_QUERY__Drishti_GS,19,-0.22346238582141303,1
0,S263__DINOV2_VITS14_QUERY__Drishti_GS,20,,1
1,S263__DINOV2_VITS14_QUERY__Drishti_GS,20,,1
0,S263__DINOV2_VITS14_QUERY__Drishti_GS,21,,1
1,S263__DINOV2_VITS14_QUERY__Drishti_GS,21,,1
0,S263__DINOV2_VITS14_QUERY__Drishti_GS,22,-0.31673788510283946,1
1,S263__DINOV2_VITS14_QUERY__Drishti_GS,22,-0.48247112044953905,1
0,S263__DINOV2_VITS14_QUERY__Drishti_GS,23,-0.3325100411568988,1
1,S263__DINOV2_VITS14_QUERY__Drishti_GS,23,-0.4900057555225371,1
0,S263__DINOV2_VITS14_QUERY__Drishti_GS,24,0.22419989812861837,1
1,S263__DINOV2_VITS14_QUERY__Drishti_GS,24,0.09293628242833814,1
0,S263__DINOV2_VITS14_QUERY__Drishti_GS,25,-0.0844807874685689,1
1,S263__DINOV2_VITS14_QUERY__Drishti_GS,25,-0.09972302348362326,1
0,S263__DINOV2_VITS14_QUERY__Drishti_GS,26,,1
1,S263__DINOV2_VITS14_QUERY__Drishti_GS,26,,1
0,S263__DINOV2_VITS14_QUERY__Drishti_GS,27,,1
1,S263__DINOV2_VITS14_QUERY__Drishti_GS,27,,1
0,S263__DINOV2_VITS14_QUERY__Drishti_GS,28,-0.6742254778160359,1
1,S263__DINOV2_VITS14_QUERY__Drishti_GS,28,-0.7607471282448618,1
0,S263__DINOV2_VITS14_QUERY__Drishti_GS,29,-0.47349786131927785,1
1,S263__DINOV2_VITS14_QUERY__Drishti_GS,29,-0.580556656986869,1
0,S263__DINOV2_VITS14_QUERY__Drishti_GS,30,-0.1869263042827097,1
1,S263__DINOV2_VITS14_QUERY__Drishti_GS,30,-0.20513076400527677,1
0,S263__DINOV2_VITS14_QUERY__Drishti_GS,31,-0.22625468518977296,1
1,S263__DINOV2_VITS14_QUERY__Drishti_GS,31,-0.2526552503548002,1
0,S263__DINOV2_VITS14_QUERY__Drishti_GS,32,,1
1,S263__DINOV2_VITS14_QUERY__Drishti_GS,32,,1
0,S263__DINOV2_VITS14_QUERY__Drishti_GS,33,,1
1,S263__DINOV2_VITS14_QUERY__Drishti_GS,33,,1
0,S263__DINOV2_VITS14_QUERY__Drishti_GS,34,-0.5544675632362589,1
1,S263__DINOV2_VITS14_QUERY__Drishti_GS,34,-0.6430763030870082,1
0,S263__DINOV2_VITS14_QUERY__Drishti_GS,35,-0.6457402557586333,1
1,S263__DINOV2_VITS14_QUERY__Drishti_GS,35,-0.7327515553948153,1
0,S263__DINOV2_VITS14_QUERY__Drishti_GS,36,0.036205451440249635,1
1,S263__DINOV2_VITS14_QUERY__Drishti_GS,36,-0.011442105774777713,1
0,S263__DINOV2_VITS14_QUERY__Drishti_GS,37,-0.1794757890964901,1
1,S263__DINOV2_VITS14_QUERY__Drishti_GS,37,-0.17224254487670118,1
0,S263__DINOV2_VITS14_QUERY__Drishti_GS,38,,1
1,S263__DINOV2_VITS14_QUERY__Drishti_GS,38,,1
0,S263__DINOV2_VITS14_QUERY__Drishti_GS,39,,1
1,S263__DINOV2_VITS14_QUERY__Drishti_GS,39,,1
0,S263__DINOV2_VITS14_QUERY__Drishti_GS,0,,5
1,S263__DINOV2_VITS14_QUERY__Drishti_GS,0,,5
0,S263__DINOV2_VITS14_QUERY__Drishti_GS,1,,5
1,S263__DINOV2_VITS14_QUERY__Drishti_GS,1,,5
0,S263__DINOV2_VITS14_QUERY__Drishti_GS,2,0.2531019590603111,5
1,S263__DINOV2_VITS14_QUERY__Drishti_GS,2,-0.11963391434213116,5
0,S263__DINOV2_VITS14_QUERY__Drishti_GS,3,-0.49828892223318766,5
1,S263__DINOV2_VITS14_QUERY__Drishti_GS,3,-0.29576206229439306,5
0,S263__DINOV2_VITS14_QUERY__Drishti_GS,4,-0.033844949137828866,5
1,S263__DINOV2_VITS14_QUERY__Drishti_GS,4,0.3625690436310668,5
0,S263__DINOV2_VITS14_QUERY__Drishti_GS,5,0.25339342000394394,5
1,S263__DINOV2_VITS14_QUERY__Drishti_GS,5,-0.11915655756277296,5
0,S263__DINOV2_VITS14_QUERY__Drishti_GS,6,-0.4993254249665901,5
1,S263__DINOV2_VITS14_QUERY__Drishti_GS,6,-0.2980722203378488,5
0,S263__DINOV2_VITS14_QUERY__Drishti_GS,7,-0.03339371476308153,5
1,S263__DINOV2_VITS14_QUERY__Drishti_GS,7,0.36295900707157575,5
0,S263__DINOV2_VITS14_QUERY__Drishti_GS,8,-0.26788740847507686,5
1,S263__DINOV2_VITS14_QUERY__Drishti_GS,8,0.08592479392821002,5
0,S263__DINOV2_VITS14_QUERY__Drishti_GS,9,-0.25085069369552454,5
1,S263__DINOV2_VITS14_QUERY__Drishti_GS,9,0.10553131335850383,5
0,S263__DINOV2_VITS14_QUERY__Drishti_GS,10,-0.18315721397167933,5
1,S263__DINOV2_VITS14_QUERY__Drishti_GS,10,0.0374029500978234,5
0,S263__DINOV2_VITS14_QUERY__Drishti_GS,11,0.30604384790826694,5
1,S263__DINOV2_VITS14_QUERY__Drishti_GS,11,-0.028669187981570206,5
0,S263__DINOV2_VITS14_QUERY__Drishti_GS,12,0.23550577829439404,5
1,S263__DINOV2_VITS14_QUERY__Drishti_GS,12,0.03993580888739147,5
0,S263__DINOV2_VITS14_QUERY__Drishti_GS,13,,5
1,S263__DINOV2_VITS14_QUERY__Drishti_GS,13,,5
0,S263__DINOV2_VITS14_QUERY__Drishti_GS,14,-0.13882751083493652,5
1,S263__DINOV2_VITS14_QUERY__Drishti_GS,14,0.2877781037360129,5
0,S263__DINOV2_VITS14_QUERY__Drishti_GS,15,,5
1,S263__DINOV2_VITS14_QUERY__Drishti_GS,15,,5
0,S263__DINOV2_VITS14_QUERY__Drishti_GS,16,0.14578701575499908,5
1,S263__DINOV2_VITS14_QUERY__Drishti_GS,16,-0.20959397780600228,5
0,S263__DINOV2_VITS14_QUERY__Drishti_GS,17,0.2931086238671266,5
1,S263__DINOV2_VITS14_QUERY__Drishti_GS,17,-0.09924335538795105,5
0,S263__DINOV2_VITS14_QUERY__Drishti_GS,18,-0.03356877570987791,5
1,S263__DINOV2_VITS14_QUERY__Drishti_GS,18,-0.18539109313310015,5
0,S263__DINOV2_VITS14_QUERY__Drishti_GS,19,-0.14297594241327163,5
1,S263__DINOV2_VITS14_QUERY__Drishti_GS,19,-0.3668022849851596,5
0,S263__DINOV2_VITS14_QUERY__Drishti_GS,20,,5
1,S263__DINOV2_VITS14_QUERY__Drishti_GS,20,,5
0,S263__DINOV2_VITS14_QUERY__Drishti_GS,21,,5
1,S263__DINOV2_VITS14_QUERY__Drishti_GS,21,,5
0,S263__DINOV2_VITS14_QUERY__Drishti_GS,22,0.40511209391948527,5
1,S263__DINOV2_VITS14_QUERY__Drishti_GS,22,0.1002423671455389,5
0,S263__DINOV2_VITS14_QUERY__Drishti_GS,23,0.35763080258908614,5
1,S263__DINOV2_VITS14_QUERY__Drishti_GS,23,-0.0070978967693638515,5
0,S263__DINOV2_VITS14_QUERY__Drishti_GS,24,0.1977220537896149,5
1,S263__DINOV2_VITS14_QUERY__Drishti_GS,24,0.019886242518136987,5
0,S263__DINOV2_VITS14_QUERY__Drishti_GS,25,-0.03653330230329416,5
1,S263__DINOV2_VITS14_QUERY__Drishti_GS,25,-0.2604842436011004,5
0,S263__DINOV2_VITS14_QUERY__Drishti_GS,26,,5
1,S263__DINOV2_VITS14_QUERY__Drishti_GS,26,,5
0,S263__DINOV2_VITS14_QUERY__Drishti_GS,27,,5
1,S263__DINOV2_VITS14_QUERY__Drishti_GS,27,,5
0,S263__DINOV2_VITS14_QUERY__Drishti_GS,28,-0.05639710894068739,5
1,S263__DINOV2_VITS14_QUERY__Drishti_GS,28,-0.389936141224401,5
0,S263__DINOV2_VITS14_QUERY__Drishti_GS,29,0.005510743836123882,5
1,S263__DINOV2_VITS14_QUERY__Drishti_GS,29,-0.30839450863293255,5
0,S263__DINOV2_VITS14_QUERY__Drishti_GS,30,-0.0567830927451231,5
1,S263__DINOV2_VITS14_QUERY__Drishti_GS,30,-0.24811406733716326,5
0,S263__DINOV2_VITS14_QUERY__Drishti_GS,31,-0.15948427916598334,5
1,S263__DINOV2_VITS14_QUERY__Drishti_GS,31,-0.38709879386922136,5
0,S263__DINOV2_VITS14_QUERY__Drishti_GS,32,,5
1,S263__DINOV2_VITS14_QUERY__Drishti_GS,32,,5
0,S263__DINOV2_VITS14_QUERY__Drishti_GS,33,,5
1,S263__DINOV2_VITS14_QUERY__Drishti_GS,33,,5
0,S263__DINOV2_VITS14_QUERY__Drishti_GS,34,0.15001797053076613,5
1,S263__DINOV2_VITS14_QUERY__Drishti_GS,34,-0.05565834446943584,5
0,S263__DINOV2_VITS14_QUERY__Drishti_GS,35,-0.050298628728271594,5
1,S263__DINOV2_VITS14_QUERY__Drishti_GS,35,-0.20229285316301646,5
0,S263__DINOV2_VITS14_QUERY__Drishti_GS,36,0.12682333808760962,5
1,S263__DINOV2_VITS14_QUERY__Drishti_GS,36,-0.10224372344878821,5
0,S263__DINOV2_VITS14_QUERY__Drishti_GS,37,-0.12883509404992155,5
1,S263__DINOV2_VITS14_QUERY__Drishti_GS,37,-0.3093155045081503,5
0,S263__DINOV2_VITS14_QUERY__Drishti_GS,38,,5
1,S263__DINOV2_VITS14_QUERY__Drishti_GS,38,,5
0,S263__DINOV2_VITS14_QUERY__Drishti_GS,39,,5
1,S263__DINOV2_VITS14_QUERY__Drishti_GS,39,,5
