backbone,code_commit,cos_grqa_orig_grqa_cc,cos_img_grqa_cc,cos_img_grqa_orig,cos_seg_grqa_cc,cos_seg_grqa_orig,cos_seg_img,data_schedule_digest,domain,norm_grqa_cc,norm_grqa_orig,norm_img,norm_seg,prefix_sha,seed,step,task
DINOV2_VITS14_QUERY,faa023324ece2294c4bd8fc855043500fc787985,0.5398354580425474,-0.05829283781930527,-0.041068131096150984,0.06967983765124114,0.04967170556519624,0.3296053843758279,f0de6a35cdfcab3095a01a403be2c60d06f1af8101bb978bac059f61a9b6795f,Drishti_GS,22.615623095305253,14.940294867649571,73.2562335499692,23.639496249957503,739345b836028009046474e8fa8c64f05815104b41cd4506aad0e8c87f9ed993,261,2000,DINOV2_VITS14_QUERY__Drishti_GS__A1
DINOV2_VITS14_QUERY,faa023324ece2294c4bd8fc855043500fc787985,0.49078117395227827,-0.0022798465283686655,-0.05900968945066553,-0.09293290749937384,-0.08621434374096029,0.1137220035634588,f0de6a35cdfcab3095a01a403be2c60d06f1af8101bb978bac059f61a9b6795f,Drishti_GS,22.431571224168827,18.567518052672607,87.28571256536631,22.20414223812193,739345b836028009046474e8fa8c64f05815104b41cd4506aad0e8c87f9ed993,261,2010,DINOV2_VITS14_QUERY__Drishti_GS__A1
DINOV2_VITS14_QUERY,faa023324ece2294c4bd8fc855043500fc787985,0.5156644984021143,-0.10070051655528507,-0.09508499121993946,0.024180569058911975,0.06761974424802226,-0.04802391128768559,f0de6a35cdfcab3095a01a403be2c60d06f1af8101bb978bac059f61a9b6795f,Drishti_GS,21.81451979071318,18.641560534608594,55.86594656480327,21.09097647157346,739345b836028009046474e8fa8c64f05815104b41cd4506aad0e8c87f9ed993,261,2020,DINOV2_VITS14_QUERY__Drishti_GS__A1
DINOV2_VITS14_QUERY,faa023324ece2294c4bd8fc855043500fc787985,0.6123124178574814,0.017808822686333464,-0.05260727828366932,0.06740623067503,0.11075909705995776,0.06914959823363576,f0de6a35cdfcab3095a01a403be2c60d06f1af8101bb978bac059f61a9b6795f,Drishti_GS,20.077759806541454,20.205006501918632,83.95357595800165,25.58304243387323,739345b836028009046474e8fa8c64f05815104b41cd4506aad0e8c87f9ed993,261,2030,DINOV2_VITS14_QUERY__Drishti_GS__A1
DINOV2_VITS14_QUERY,faa023324ece2294c4bd8fc855043500fc787985,0.48770858971022657,-0.05058867833763722,-0.17627432287836206,-0.06687482687412395,0.025086051479032787,0.29746870155153926,f0de6a35cdfcab3095a01a403be2c60d06f1af8101bb978bac059f61a9b6795f,Drishti_GS,21.84028524712165,20.295202189633905,44.0045212070384,32.60890377379284,739345b836028009046474e8fa8c64f05815104b41cd4506aad0e8c87f9ed993,261,2040,DINOV2_VITS14_QUERY__Drishti_GS__A1
DINOV2_VITS14_QUERY,faa023324ece2294c4bd8fc855043500fc787985,0.21374764963564494,-0.12998990519624254,0.040475074664344156,-0.05239654757898729,0.0475546940287908,0.38557450717606023,f0de6a35cdfcab3095a01a403be2c60d06f1af8101bb978bac059f61a9b6795f,Drishti_GS,22.485490249863595,16.264042309357265,104.1983970181574,51.83017431045562,739345b836028009046474e8fa8c64f05815104b41cd4506aad0e8c87f9ed993,261,2050,DINOV2_VITS14_QUERY__Drishti_GS__A1
DINOV2_VITS14_QUERY,faa023324ece2294c4bd8fc855043500fc787985,0.2932647312160561,-0.033833751620182005,0.08382217757618343,0.04615275568505435,0.1391281546215795,0.12825488663324758,f0de6a35cdfcab3095a01a403be2c60d06f1af8101bb978bac059f61a9b6795f,Drishti_GS,22.5600994942918,18.535032124474643,56.89151146446219,30.775667699055152,739345b836028009046474e8fa8c64f05815104b41cd4506aad0e8c87f9ed993,261,2060,DINOV2_VITS14_QUERY__Drishti_GS__A1
DINOV2_VITS14_QUERY,faa023324ece2294c4bd8fc855043500fc787985,0.4082412548202741,0.05820028931014982,-0.06671314342528659,-0.09949927415477229,0.018401881147671086,-0.09843489913394246,f0de6a35cdfcab3095a01a403be2c60d06f1af8101bb978bac059f61a9b6795f,Drishti_GS,21.955256380189727,21.64116175492885,56.10297336947716,27.059955416551876,739345b836028009046474e8fa8c64f05815104b41cd4506aad0e8c87f9ed993,261,2070,DINOV2_VITS14_QUERY__Drishti_GS__A1
DINOV2_VITS14_QUERY,faa023324ece2294c4bd8fc855043500fc787985,0.20819271089966382,-0.04852215472259378,-0.06017636167212718,0.2999198788926943,0.08360141460795951,-0.02067513518826732,f0de6a35cdfcab3095a01a403be2c60d06f1af8101bb978bac059f61a9b6795f,Drishti_GS,23.86115673467455,16.38176996792085,85.55521260965999,19.882582255495933,739345b836028009046474e8fa8c64f05815104b41cd4506aad0e8c87f9ed993,261,2080,DINOV2_VITS14_QUERY__Drishti_GS__A1
DINOV2_VITS14_QUERY,faa023324ece2294c4bd8fc855043500fc787985,0.04595119456141003,-0.03218059741077449,0.12629235651270262,0.06854076283573028,0.02840730613590532,-0.0005762635181576239,f0de6a35cdfcab3095a01a403be2c60d06f1af8101bb978bac059f61a9b6795f,Drishti_GS,23.48303996579722,16.26716952949051,96.3417449726988,44.550934469144906,739345b836028009046474e8fa8c64f05815104b41cd4506aad0e8c87f9ed993,261,2090,DINOV2_VITS14_QUERY__Drishti_GS__A1
DINOV2_VITS14_QUERY,faa023324ece2294c4bd8fc855043500fc787985,0.6889019084354489,0.026457151242352223,-0.035790287981315005,-0.08242909632150051,-0.012533622835979204,-0.2212288144517384,f0de6a35cdfcab3095a01a403be2c60d06f1af8101bb978bac059f61a9b6795f,Drishti_GS,19.97527640567693,19.311625761675838,62.92454189362549,28.32944900255281,739345b836028009046474e8fa8c64f05815104b41cd4506aad0e8c87f9ed993,261,2100,DINOV2_VITS14_QUERY__Drishti_GS__A1
DINOV2_VITS14_QUERY,faa023324ece2294c4bd8fc855043500fc787985,0.2586003907405884,0.04289813546416818,-0.07112191939669342,-0.1268886628788927,0.09915840178099224,0.09444608229392341,f0de6a35cdfcab3095a01a403be2c60d06f1af8101bb978bac059f61a9b6795f,Drishti_GS,23.079351598587014,14.395285639432712,78.19695894778047,33.27923022123932,739345b836028009046474e8fa8c64f05815104b41cd4506aad0e8c87f9ed993,261,2110,DINOV2_VITS14_QUERY__Drishti_GS__A1
DINOV2_VITS14_QUERY,faa023324ece2294c4bd8fc855043500fc787985,0.31800012173819847,-0.018388789922273472,-0.09271890202474532,0.13074767026922962,0.10217559156942746,0.19635258051516596,f0de6a35cdfcab3095a01a403be2c60d06f1af8101bb978bac059f61a9b6795f,Drishti_GS,22.926703988922522,18.94627218510194,68.32489640636878,33.61913633561698,739345b836028009046474e8fa8c64f05815104b41cd4506aad0e8c87f9ed993,261,2120,DINOV2_VITS14_QUERY__Drishti_GS__A1
DINOV2_VITS14_QUERY,faa023324ece2294c4bd8fc855043500fc787985,0.4942269078753639,-0.09124556621738868,-0.24722174517378415,-0.10918514246792582,-0.08510501024056831,-0.0642803721953058,f0de6a35cdfcab3095a01a403be2c60d06f1af8101bb978bac059f61a9b6795f,Drishti_GS,23.521226190482267,19.923993455928027,68.69799768493269,31.403250632469348,739345b836028009046474e8fa8c64f05815104b41cd4506aad0e8c87f9ed993,261,2130,DINOV2_VITS14_QUERY__Drishti_GS__A1
DINOV2_VITS14_QUERY,faa023324ece2294c4bd8fc855043500fc787985,0.2680278527947972,-0.04393177344182776,-0.02497880473880906,-0.017161501402264218,0.0324235272045764,-0.40749092077989735,f0de6a35cdfcab3095a01a403be2c60d06f1af8101bb978bac059f61a9b6795f,Drishti_GS,23.633122737463427,21.65453611292422,92.42328775350107,32.5514342309906,739345b836028009046474e8fa8c64f05815104b41cd4506aad0e8c87f9ed993,261,2140,DINOV2_VITS14_QUERY__Drishti_GS__A1
DINOV2_VITS14_QUERY,faa023324ece2294c4bd8fc855043500fc787985,0.09414267551369819,-0.050591392586424096,0.024405287457072978,0.07578570900242529,0.08360827042703382,-0.12086803825330175,f0de6a35cdfcab3095a01a403be2c60d06f1af8101bb978bac059f61a9b6795f,Drishti_GS,22.631865850601834,20.230613158494343,76.38076991970476,29.55428438764214,739345b836028009046474e8fa8c64f05815104b41cd4506aad0e8c87f9ed993,261,2150,DINOV2_VITS14_QUERY__Drishti_GS__A1
DINOV2_VITS14_QUERY,faa023324ece2294c4bd8fc855043500fc787985,0.5908453920803671,-0.007478638866250089,-0.05223780131254687,-0.0391527411409336,-0.045810523793792066,-0.13625070322558522,f0de6a35cdfcab3095a01a403be2c60d06f1af8101bb978bac059f61a9b6795f,Drishti_GS,22.10846072668656,18.787818388121686,90.73702571878442,15.979909487278924,739345b836028009046474e8fa8c64f05815104b41cd4506aad0e8c87f9ed993,261,2160,DINOV2_VITS14_QUERY__Drishti_GS__A1
DINOV2_VITS14_QUERY,faa023324ece2294c4bd8fc855043500fc787985,0.18720324410189648,0.06303818685271781,-0.03493746526453666,-0.07874363999417656,0.1230316200505498,-0.016536478074432155,f0de6a35cdfcab3095a01a403be2c60d06f1af8101bb978bac059f61a9b6795f,Drishti_GS,22.911227747352896,18.637376290667547,75.1260758419854,36.06328813925641,739345b836028009046474e8fa8c64f05815104b41cd4506aad0e8c87f9ed993,261,2170,DINOV2_VITS14_QUERY__Drishti_GS__A1
DINOV2_VITS14_QUERY,faa023324ece2294c4bd8fc855043500fc787985,0.21459450963195856,-0.05565482926202135,0.003148382268561654,0.02956539283342455,0.1707628834342777,0.0615725832924711,f0de6a35cdfcab3095a01a403be2c60d06f1af8101bb978bac059f61a9b6795f,Drishti_GS,23.252531355872918,17.017814071819224,99.26665933433365,62.18262223955278,739345b836028009046474e8fa8c64f05815104b41cd4506aad0e8c87f9ed993,261,2180,DINOV2_VITS14_QUERY__Drishti_GS__A1
DINOV2_VITS14_QUERY,faa023324ece2294c4bd8fc855043500fc787985,0.24864116626682845,-0.0718799898734251,-0.03983783033558479,-0.13777216542725387,-0.12838661539624321,0.18353351683843355,f0de6a35cdfcab3095a01a403be2c60d06f1af8101bb978bac059f61a9b6795f,Drishti_GS,21.266074402102298,16.46334407079226,82.63081091556533,25.003523069009265,739345b836028009046474e8fa8c64f05815104b41cd4506aad0e8c87f9ed993,261,2190,DINOV2_VITS14_QUERY__Drishti_GS__A1
DINOV2_VITS14_QUERY,faa023324ece2294c4bd8fc855043500fc787985,0.6737139013390484,-0.010983375069225415,-0.027136324484040936,0.009268276614641961,0.031984790711164196,0.3706733131767305,f0de6a35cdfcab3095a01a403be2c60d06f1af8101bb978bac059f61a9b6795f,Drishti_GS,20.57427422662342,20.548129502611598,69.21110000501807,21.606156416212666,739345b836028009046474e8fa8c64f05815104b41cd4506aad0e8c87f9ed993,261,2200,DINOV2_VITS14_QUERY__Drishti_GS__A1
DINOV2_VITS14_QUERY,faa023324ece2294c4bd8fc855043500fc787985,0.3774433086150501,-0.045348460291500726,-0.09754910569993987,0.0779526661304038,0.07129286480587044,-0.06435417068314495,f0de6a35cdfcab3095a01a403be2c60d06f1af8101bb978bac059f61a9b6795f,Drishti_GS,20.771839233622362,20.857177761145145,79.98692197333506,28.90445217989803,739345b836028009046474e8fa8c64f05815104b41cd4506aad0e8c87f9ed993,261,2210,DINOV2_VITS14_QUERY__Drishti_GS__A1
DINOV2_VITS14_QUERY,faa023324ece2294c4bd8fc855043500fc787985,0.11807752620140392,0.025954212924594995,0.031880946115320226,-0.024506567320539272,0.1128925678964308,-0.10006900201892503,f0de6a35cdfcab3095a01a403be2c60d06f1af8101bb978bac059f61a9b6795f,Drishti_GS,23.003005702204177,17.557271908897413,76.45823427725043,34.423290824486735,739345b836028009046474e8fa8c64f05815104b41cd4506aad0e8c87f9ed993,261,2220,DINOV2_VITS14_QUERY__Drishti_GS__A1
DINOV2_VITS14_QUERY,faa023324ece2294c4bd8fc855043500fc787985,0.46422771836398086,-0.2959969990636378,-0.16881467422717983,-0.2139204016016992,-0.22235591069273453,0.19008917118582938,f0de6a35cdfcab3095a01a403be2c60d06f1af8101bb978bac059f61a9b6795f,Drishti_GS,21.83987153379975,19.626494184875735,83.3209046048426,17.375175252130852,739345b836028009046474e8fa8c64f05815104b41cd4506aad0e8c87f9ed993,261,2230,DINOV2_VITS14_QUERY__Drishti_GS__A1
DINOV2_VITS14_QUERY,faa023324ece2294c4bd8fc855043500fc787985,0.4535535703896481,-0.03207366753647517,-0.06478780329718764,-0.11167871556206806,-0.06782859835718277,-0.36617717025764646,f0de6a35cdfcab3095a01a403be2c60d06f1af8101bb978bac059f61a9b6795f,Drishti_GS,21.950220231747583,19.871280580362384,72.71517989581265,24.64073982120842,739345b836028009046474e8fa8c64f05815104b41cd4506aad0e8c87f9ed993,261,2240,DINOV2_VITS14_QUERY__Drishti_GS__A1
DINOV2_VITS14_QUERY,faa023324ece2294c4bd8fc855043500fc787985,0.16652808430182456,-0.025790053208713117,-0.06376510640604602,0.07929249941990948,0.2188624689571436,0.049479576623073056,f0de6a35cdfcab3095a01a403be2c60d06f1af8101bb978bac059f61a9b6795f,Drishti_GS,23.02243364831121,20.47685391539763,75.20764140993673,76.00951187023429,739345b836028009046474e8fa8c64f05815104b41cd4506aad0e8c87f9ed993,261,2250,DINOV2_VITS14_QUERY__Drishti_GS__A1
DINOV2_VITS14_QUERY,faa023324ece2294c4bd8fc855043500fc787985,0.4138718853330112,-0.0007660391344939654,-0.019425413742790158,-0.029581745538260627,0.046179655410010456,0.13439915431492883,f0de6a35cdfcab3095a01a403be2c60d06f1af8101bb978bac059f61a9b6795f,Drishti_GS,22.022288628602908,14.31419368685904,70.35760101479612,46.62293741678225,739345b836028009046474e8fa8c64f05815104b41cd4506aad0e8c87f9ed993,261,2260,DINOV2_VITS14_QUERY__Drishti_GS__A1
DINOV2_VITS14_QUERY,faa023324ece2294c4bd8fc855043500fc787985,0.24103647249447982,-0.08835798840590622,0.06576767912868696,-0.0691795382702867,0.05528479416767518,0.14742175574104616,f0de6a35cdfcab3095a01a403be2c60d06f1af8101bb978bac059f61a9b6795f,Drishti_GS,21.950198375780335,16.603570144117043,76.17550584882143,21.263743442759132,739345b836028009046474e8fa8c64f05815104b41cd4506aad0e8c87f9ed993,261,2270,DINOV2_VITS14_QUERY__Drishti_GS__A1
DINOV2_VITS14_QUERY,faa023324ece2294c4bd8fc855043500fc787985,0.4851440730480733,0.07382463041729405,0.1390418029174408,0.02781126546891689,0.04331846569478828,0.23308064387951183,f0de6a35cdfcab3095a01a403be2c60d06f1af8101bb978bac059f61a9b6795f,Drishti_GS,21.211307331070895,14.198022613168774,126.6278909820003,29.87912404934967,739345b836028009046474e8fa8c64f05815104b41cd4506aad0e8c87f9ed993,261,2280,DINOV2_VITS14_QUERY__Drishti_GS__A1
DINOV2_VITS14_QUERY,faa023324ece2294c4bd8fc855043500fc787985,0.32131959977580765,-0.025572287973551606,0.014901983361220452,0.050598146741161074,0.18980455644729177,0.20473396911100103,f0de6a35cdfcab3095a01a403be2c60d06f1af8101bb978bac059f61a9b6795f,Drishti_GS,21.758419153607736,15.02137887930961,56.43685196919939,28.631992316150125,739345b836028009046474e8fa8c64f05815104b41cd4506aad0e8c87f9ed993,261,2290,DINOV2_VITS14_QUERY__Drishti_GS__A1
DINOV2_VITS14_QUERY,faa023324ece2294c4bd8fc855043500fc787985,0.15696886756404374,0.013288652308693402,-0.01356762541111907,-0.031549693357368215,-0.06113004783192423,-0.026499459897170657,f0de6a35cdfcab3095a01a403be2c60d06f1af8101bb978bac059f61a9b6795f,Drishti_GS,21.764602300837918,18.197281537740682,80.64481140549722,17.748378722207793,739345b836028009046474e8fa8c64f05815104b41cd4506aad0e8c87f9ed993,261,2300,DINOV2_VITS14_QUERY__Drishti_GS__A1
DINOV2_VITS14_QUERY,faa023324ece2294c4bd8fc855043500fc787985,0.5560946669609304,0.03348731411316332,-0.00512808265941961,-0.03873256011799248,-0.12875105332947875,0.42512909635536034,f0de6a35cdfcab3095a01a403be2c60d06f1af8101bb978bac059f61a9b6795f,Drishti_GS,23.715804978663048,16.509453519539267,90.59235274510598,33.80804891168857,739345b836028009046474e8fa8c64f05815104b41cd4506aad0e8c87f9ed993,261,2310,DINOV2_VITS14_QUERY__Drishti_GS__A1
DINOV2_VITS14_QUERY,faa023324ece2294c4bd8fc855043500fc787985,0.07847668352979735,-0.09022603595507063,0.06823424893463888,-0.06993636877070467,-0.10708442488502365,0.004663135895697877,f0de6a35cdfcab3095a01a403be2c60d06f1af8101bb978bac059f61a9b6795f,Drishti_GS,22.07773125889017,19.18637714401591,77.50892333355424,15.344038756351361,739345b836028009046474e8fa8c64f05815104b41cd4506aad0e8c87f9ed993,261,2320,DINOV2_VITS14_QUERY__Drishti_GS__A1
DINOV2_VITS14_QUERY,faa023324ece2294c4bd8fc855043500fc787985,0.37133110878917786,-0.019802609004104788,-0.0618339241282635,0.07732792090903097,0.07376373454339394,0.018147832767086498,f0de6a35cdfcab3095a01a403be2c60d06f1af8101bb978bac059f61a9b6795f,Drishti_GS,21.897889503942377,14.277941109106633,75.5639690757459,34.46327157868362,739345b836028009046474e8fa8c64f05815104b41cd4506aad0e8c87f9ed993,261,2330,DINOV2_VITS14_QUERY__Drishti_GS__A1
DINOV2_VITS14_QUERY,faa023324ece2294c4bd8fc855043500fc787985,0.5018616700959265,-0.058772057868766804,-0.11517511069959545,0.06087550118508894,0.13498186826396136,0.08407404749058921,f0de6a35cdfcab3095a01a403be2c60d06f1af8101bb978bac059f61a9b6795f,Drishti_GS,22.170342313693432,18.935213556290584,61.35196603847787,27.11935352437861,739345b836028009046474e8fa8c64f05815104b41cd4506aad0e8c87f9ed993,261,2340,DINOV2_VITS14_QUERY__Drishti_GS__A1
DINOV2_VITS14_QUERY,faa023324ece2294c4bd8fc855043500fc787985,0.10054231743357724,0.05731235637549328,-0.07330566554114867,-0.03780622305073633,0.12754751942247958,-0.027132359926346057,f0de6a35cdfcab3095a01a403be2c60d06f1af8101bb978bac059f61a9b6795f,Drishti_GS,23.28569463741818,21.25504329174965,95.93734480160741,42.20157514518568,739345b836028009046474e8fa8c64f05815104b41cd4506aad0e8c87f9ed993,261,2350,DINOV2_VITS14_QUERY__Drishti_GS__A1
DINOV2_VITS14_QUERY,faa023324ece2294c4bd8fc855043500fc787985,0.3333752773146937,0.04409988826196702,-0.00599884540839197,0.039999716933009764,0.002058314000846694,0.2066964931969536,f0de6a35cdfcab3095a01a403be2c60d06f1af8101bb978bac059f61a9b6795f,Drishti_GS,22.011357871799103,14.86209823065383,76.9715217144479,35.12619232271316,739345b836028009046474e8fa8c64f05815104b41cd4506aad0e8c87f9ed993,261,2360,DINOV2_VITS14_QUERY__Drishti_GS__A1
DINOV2_VITS14_QUERY,faa023324ece2294c4bd8fc855043500fc787985,0.5762041176162438,-0.011820717517021137,-0.03426977036768316,-0.11650048302244492,-0.24072497399963894,-0.04205262398843804,f0de6a35cdfcab3095a01a403be2c60d06f1af8101bb978bac059f61a9b6795f,Drishti_GS,18.682704565606645,20.121948750243334,70.88288360231257,34.23281235968479,739345b836028009046474e8fa8c64f05815104b41cd4506aad0e8c87f9ed993,261,2370,DINOV2_VITS14_QUERY__Drishti_GS__A1
DINOV2_VITS14_QUERY,faa023324ece2294c4bd8fc855043500fc787985,0.25652406135683026,-0.024482143948884497,-0.07210330070787667,0.03522130836283844,0.0697601315030239,0.05376452077073876,f0de6a35cdfcab3095a01a403be2c60d06f1af8101bb978bac059f61a9b6795f,Drishti_GS,21.538368392852348,17.246373394411297,40.44834047983867,21.004393344490406,739345b836028009046474e8fa8c64f05815104b41cd4506aad0e8c87f9ed993,261,2380,DINOV2_VITS14_QUERY__Drishti_GS__A1
DINOV2_VITS14_QUERY,faa023324ece2294c4bd8fc855043500fc787985,0.2153584030099718,-0.025897088572937675,-0.027963665550034388,-0.10039180045470467,0.011748620632142062,-0.28262528409319015,f0de6a35cdfcab3095a01a403be2c60d06f1af8101bb978bac059f61a9b6795f,Drishti_GS,22.412084286584598,17.287183165495442,53.39053777519892,16.54562186312884,739345b836028009046474e8fa8c64f05815104b41cd4506aad0e8c87f9ed993,261,2390,DINOV2_VITS14_QUERY__Drishti_GS__A1
DINOV2_VITS14_QUERY,faa023324ece2294c4bd8fc855043500fc787985,0.4117425867331491,-0.10654875495301543,-0.09310609607898063,-0.09464643045561079,-0.05954503968638972,0.24993497060961362,f0de6a35cdfcab3095a01a403be2c60d06f1af8101bb978bac059f61a9b6795f,Drishti_GS,22.18089606358822,20.293158907182264,52.6225062104727,26.38488078691753,739345b836028009046474e8fa8c64f05815104b41cd4506aad0e8c87f9ed993,261,2400,DINOV2_VITS14_QUERY__Drishti_GS__A1
DINOV2_VITS14_QUERY,faa023324ece2294c4bd8fc855043500fc787985,0.145194276616798,-0.032673706542431576,-0.006678766586766851,-0.16268318692038958,-0.05113553380506876,0.5062688581934602,f0de6a35cdfcab3095a01a403be2c60d06f1af8101bb978bac059f61a9b6795f,Drishti_GS,22.07177670626013,20.30282705689126,72.99805152456722,30.070271559506487,739345b836028009046474e8fa8c64f05815104b41cd4506aad0e8c87f9ed993,261,2410,DINOV2_VITS14_QUERY__Drishti_GS__A1
DINOV2_VITS14_QUERY,faa023324ece2294c4bd8fc855043500fc787985,0.34598652247729145,-0.12983573773679155,0.03144282212536611,-0.13793020377448148,-0.03899055578691113,0.05289717377341364,f0de6a35cdfcab3095a01a403be2c60d06f1af8101bb978bac059f61a9b6795f,Drishti_GS,21.398201904451295,21.12099011311663,61.15675795166381,27.099097114938264,739345b836028009046474e8fa8c64f05815104b41cd4506aad0e8c87f9ed993,261,2420,DINOV2_VITS14_QUERY__Drishti_GS__A1
DINOV2_VITS14_QUERY,faa023324ece2294c4bd8fc855043500fc787985,0.27638305902575594,-0.02760569490027633,-0.00453643291639888,-0.007357357108813947,0.10434615338583737,0.13228400851551775,f0de6a35cdfcab3095a01a403be2c60d06f1af8101bb978bac059f61a9b6795f,Drishti_GS,22.127002041647426,16.006019523074716,79.71081196949535,25.15329619054456,739345b836028009046474e8fa8c64f05815104b41cd4506aad0e8c87f9ed993,261,2430,DINOV2_VITS14_QUERY__Drishti_GS__A1
DINOV2_VITS14_QUERY,faa023324ece2294c4bd8fc855043500fc787985,0.12595450519452878,-0.07556250670418013,0.0401045772842966,0.031235370991078253,0.17622858236612926,-0.04299003843729235,f0de6a35cdfcab3095a01a403be2c60d06f1af8101bb978bac059f61a9b6795f,Drishti_GS,22.74725686060996,16.03361116171289,71.92851227541398,37.76397782972785,739345b836028009046474e8fa8c64f05815104b41cd4506aad0e8c87f9ed993,261,2440,DINOV2_VITS14_QUERY__Drishti_GS__A1
DINOV2_VITS14_QUERY,faa023324ece2294c4bd8fc855043500fc787985,0.4887865538169327,-0.10994847357718128,-0.13551823637457064,-0.058702253524752564,-0.10753123624072818,-0.06591496631641038,f0de6a35cdfcab3095a01a403be2c60d06f1af8101bb978bac059f61a9b6795f,Drishti_GS,22.91362875647001,20.242477433186714,50.949421179710846,22.88612758273852,739345b836028009046474e8fa8c64f05815104b41cd4506aad0e8c87f9ed993,261,2450,DINOV2_VITS14_QUERY__Drishti_GS__A1
DINOV2_VITS14_QUERY,faa023324ece2294c4bd8fc855043500fc787985,0.13142971466259593,-0.03596589510148655,-0.015809087182044445,-0.07824048417675249,0.08703943177041841,0.031153185288000255,f0de6a35cdfcab3095a01a403be2c60d06f1af8101bb978bac059f61a9b6795f,Drishti_GS,22.50653033734578,20.281670643284272,85.29785339877547,36.825780880265455,739345b836028009046474e8fa8c64f05815104b41cd4506aad0e8c87f9ed993,261,2460,DINOV2_VITS14_QUERY__Drishti_GS__A1
DINOV2_VITS14_QUERY,faa023324ece2294c4bd8fc855043500fc787985,0.15642003974954385,-0.07313208465518721,-0.02971452645523438,0.09563977866805598,-0.02572386350537076,0.09306294484165295,f0de6a35cdfcab3095a01a403be2c60d06f1af8101bb978bac059f61a9b6795f,Drishti_GS,22.58925926156658,21.590165556869174,91.60766320773683,22.37028665230563,739345b836028009046474e8fa8c64f05815104b41cd4506aad0e8c87f9ed993,261,2470,DINOV2_VITS14_QUERY__Drishti_GS__A1
DINOV2_VITS14_QUERY,faa023324ece2294c4bd8fc855043500fc787985,0.37868311394279197,-0.02060775970571676,-0.04485097802983338,-0.012573086301471078,-0.041197501117033575,-0.18350213196151197,f0de6a35cdfcab3095a01a403be2c60d06f1af8101bb978bac059f61a9b6795f,Drishti_GS,21.94537659880244,22.131943975905426,58.42778229869776,21.907518065214052,739345b836028009046474e8fa8c64f05815104b41cd4506aad0e8c87f9ed993,261,2480,DINOV2_VITS14_QUERY__Drishti_GS__A1
DINOV2_VITS14_QUERY,faa023324ece2294c4bd8fc855043500fc787985,0.4087376172165673,-0.04581896642957909,-0.10708216891548383,-0.04535404479437753,0.05942039296372068,-4.918904904608925e-05,f0de6a35cdfcab3095a01a403be2c60d06f1af8101bb978bac059f61a9b6795f,Drishti_GS,22.699592606941945,22.64648117312228,55.75970390207212,20.80421992007589,739345b836028009046474e8fa8c64f05815104b41cd4506aad0e8c87f9ed993,261,2490,DINOV2_VITS14_QUERY__Drishti_GS__A1
DINOV2_VITS14_QUERY,faa023324ece2294c4bd8fc855043500fc787985,0.15214195386734017,-0.07916550296182144,0.0323925484713836,0.05460542431532681,0.03938881271301571,0.1590635293761224,f0de6a35cdfcab3095a01a403be2c60d06f1af8101bb978bac059f61a9b6795f,Drishti_GS,22.240043283311277,19.33197244569934,80.40074063678918,29.280862999492516,739345b836028009046474e8fa8c64f05815104b41cd4506aad0e8c87f9ed993,261,2500,DINOV2_VITS14_QUERY__Drishti_GS__A1
DINOV2_VITS14_QUERY,faa023324ece2294c4bd8fc855043500fc787985,0.45068127981488076,-0.0862247320919938,-0.13867334341568555,-0.11620437973781632,-0.22587234242948445,0.19608296352262763,f0de6a35cdfcab3095a01a403be2c60d06f1af8101bb978bac059f61a9b6795f,Drishti_GS,21.88198177509517,15.605251618909831,65.44585503810431,27.078157469172318,739345b836028009046474e8fa8c64f05815104b41cd4506aad0e8c87f9ed993,261,2510,DINOV2_VITS14_QUERY__Drishti_GS__A1
DINOV2_VITS14_QUERY,faa023324ece2294c4bd8fc855043500fc787985,0.13429882047692118,0.03307012459297207,-0.04398812356353418,0.04381935094001704,0.07932281080509587,0.2779996775404771,f0de6a35cdfcab3095a01a403be2c60d06f1af8101bb978bac059f61a9b6795f,Drishti_GS,24.110888362508092,18.652392962725095,138.9212424533624,41.626159344376866,739345b836028009046474e8fa8c64f05815104b41cd4506aad0e8c87f9ed993,261,2520,DINOV2_VITS14_QUERY__Drishti_GS__A1
DINOV2_VITS14_QUERY,faa023324ece2294c4bd8fc855043500fc787985,0.479867336544931,-0.10142160427561954,-0.08878279204989745,-0.020131056550847657,0.03562081684657111,-0.023179930524789925,f0de6a35cdfcab3095a01a403be2c60d06f1af8101bb978bac059f61a9b6795f,Drishti_GS,21.813267503921626,19.718193956239947,77.00434293409486,45.80900856540536,739345b836028009046474e8fa8c64f05815104b41cd4506aad0e8c87f9ed993,261,2530,DINOV2_VITS14_QUERY__Drishti_GS__A1
DINOV2_VITS14_QUERY,faa023324ece2294c4bd8fc855043500fc787985,0.5073477016967941,-0.02438566597894525,-0.04114054774953325,0.01658137587985629,0.05796965094778916,-0.1971559312261961,f0de6a35cdfcab3095a01a403be2c60d06f1af8101bb978bac059f61a9b6795f,Drishti_GS,20.473172920079133,23.05869477311033,61.22758083790601,28.072783522273998,739345b836028009046474e8fa8c64f05815104b41cd4506aad0e8c87f9ed993,261,2540,DINOV2_VITS14_QUERY__Drishti_GS__A1
DINOV2_VITS14_QUERY,faa023324ece2294c4bd8fc855043500fc787985,0.5629309625413756,-0.1192174246708301,-0.16174429417006006,-0.12869917315244378,-0.1396419851307277,-0.03140985960688294,f0de6a35cdfcab3095a01a403be2c60d06f1af8101bb978bac059f61a9b6795f,Drishti_GS,22.517588429200085,16.05314076738212,59.50782813408665,36.0122532627821,739345b836028009046474e8fa8c64f05815104b41cd4506aad0e8c87f9ed993,261,2550,DINOV2_VITS14_QUERY__Drishti_GS__A1
DINOV2_VITS14_QUERY,faa023324ece2294c4bd8fc855043500fc787985,0.3436625767342751,-0.02747747580486101,-0.024136589451928113,0.009097434556517093,0.26732256984901226,-0.4319893190871684,f0de6a35cdfcab3095a01a403be2c60d06f1af8101bb978bac059f61a9b6795f,Drishti_GS,22.582098227898324,22.95094764768736,91.57073303803706,31.435189666335322,739345b836028009046474e8fa8c64f05815104b41cd4506aad0e8c87f9ed993,261,2560,DINOV2_VITS14_QUERY__Drishti_GS__A1
DINOV2_VITS14_QUERY,faa023324ece2294c4bd8fc855043500fc787985,0.1695636081556189,0.0397655208764853,-0.03200232365678344,-0.047994971384653556,0.0711937122733649,-0.1129677304755513,f0de6a35cdfcab3095a01a403be2c60d06f1af8101bb978bac059f61a9b6795f,Drishti_GS,22.206998018388038,18.641386418587018,70.36434437829503,31.624235669835024,739345b836028009046474e8fa8c64f05815104b41cd4506aad0e8c87f9ed993,261,2570,DINOV2_VITS14_QUERY__Drishti_GS__A1
DINOV2_VITS14_QUERY,faa023324ece2294c4bd8fc855043500fc787985,0.20054161544633392,-0.010508033696027276,-0.04165443714047352,0.052903069690235026,0.14864068926711083,0.05569358160903702,f0de6a35cdfcab3095a01a403be2c60d06f1af8101bb978bac059f61a9b6795f,Drishti_GS,21.647711260548995,19.83008578907397,77.4422490801513,32.89891456965013,739345b836028009046474e8fa8c64f05815104b41cd4506aad0e8c87f9ed993,261,2580,DINOV2_VITS14_QUERY__Drishti_GS__A1
DINOV2_VITS14_QUERY,faa023324ece2294c4bd8fc855043500fc787985,0.3157716493900433,0.07740832073003022,-0.1100729843155792,-0.018283462555261733,0.21293353970482046,-0.004677478955509478,f0de6a35cdfcab3095a01a403be2c60d06f1af8101bb978bac059f61a9b6795f,Drishti_GS,22.208262425994516,22.70741121850124,49.733152533140796,36.37172280476074,739345b836028009046474e8fa8c64f05815104b41cd4506aad0e8c87f9ed993,261,2590,DINOV2_VITS14_QUERY__Drishti_GS__A1
DINOV2_VITS14_QUERY,faa023324ece2294c4bd8fc855043500fc787985,0.4297393697066824,0.03053191042797065,0.03959279114504475,-0.06728869483351187,0.04615025467443057,0.27696885434574287,f0de6a35cdfcab3095a01a403be2c60d06f1af8101bb978bac059f61a9b6795f,Drishti_GS,22.4163577699788,19.6088755299915,94.77403802817938,28.324331419856424,739345b836028009046474e8fa8c64f05815104b41cd4506aad0e8c87f9ed993,261,2600,DINOV2_VITS14_QUERY__Drishti_GS__A1
DINOV2_VITS14_QUERY,faa023324ece2294c4bd8fc855043500fc787985,0.5101804185760103,-0.043783434872197366,-0.0035678293241293802,0.10116428705783075,0.20643471036143685,-0.06676178563386388,f0de6a35cdfcab3095a01a403be2c60d06f1af8101bb978bac059f61a9b6795f,Drishti_GS,22.924608418996947,20.914848839470427,122.43379196188926,30.72822228966984,739345b836028009046474e8fa8c64f05815104b41cd4506aad0e8c87f9ed993,261,2610,DINOV2_VITS14_QUERY__Drishti_GS__A1
DINOV2_VITS14_QUERY,faa023324ece2294c4bd8fc855043500fc787985,0.4195847973176057,-0.041184753036125656,-0.17019299157786755,-0.14578332975707872,-0.2773656866703604,0.1347689943776144,f0de6a35cdfcab3095a01a403be2c60d06f1af8101bb978bac059f61a9b6795f,Drishti_GS,23.554775382663863,22.97748841313572,54.29086644807463,41.02073020490549,739345b836028009046474e8fa8c64f05815104b41cd4506aad0e8c87f9ed993,261,2620,DINOV2_VITS14_QUERY__Drishti_GS__A1
DINOV2_VITS14_QUERY,faa023324ece2294c4bd8fc855043500fc787985,0.5670912991268519,-0.1196713698132126,-0.11840844550188953,0.05315333175658667,-0.030962770267806583,0.03737317527985551,f0de6a35cdfcab3095a01a403be2c60d06f1af8101bb978bac059f61a9b6795f,Drishti_GS,21.759767252076152,18.553313637061155,70.5025336505359,23.892207973001348,739345b836028009046474e8fa8c64f05815104b41cd4506aad0e8c87f9ed993,261,2630,DINOV2_VITS14_QUERY__Drishti_GS__A1
DINOV2_VITS14_QUERY,faa023324ece2294c4bd8fc855043500fc787985,0.38839107770906844,0.11399710034521335,-0.06102195112662675,-0.17061972244631796,0.014273508914726063,0.07781090071059818,f0de6a35cdfcab3095a01a403be2c60d06f1af8101bb978bac059f61a9b6795f,Drishti_GS,23.111156121196927,16.811498155947938,66.89381993021425,31.880053442323025,739345b836028009046474e8fa8c64f05815104b41cd4506aad0e8c87f9ed993,261,2640,DINOV2_VITS14_QUERY__Drishti_GS__A1
DINOV2_VITS14_QUERY,faa023324ece2294c4bd8fc855043500fc787985,0.362427927934204,0.09441838701854832,0.08530381157360029,0.04348821367751485,-0.08771922022233854,-0.19568312020939943,f0de6a35cdfcab3095a01a403be2c60d06f1af8101bb978bac059f61a9b6795f,Drishti_GS,22.98235603226068,17.735533101877454,51.424610412236575,29.856750640033432,739345b836028009046474e8fa8c64f05815104b41cd4506aad0e8c87f9ed993,261,2650,DINOV2_VITS14_QUERY__Drishti_GS__A1
DINOV2_VITS14_QUERY,faa023324ece2294c4bd8fc855043500fc787985,0.008557551826697415,-0.022135500526673894,0.046939429130599696,0.1374766881426353,0.090942659680047,0.014460833996869612,f0de6a35cdfcab3095a01a403be2c60d06f1af8101bb978bac059f61a9b6795f,Drishti_GS,24.61895678171095,17.185520248970203,99.91336088255832,42.911209529038196,739345b836028009046474e8fa8c64f05815104b41cd4506aad0e8c87f9ed993,261,2660,DINOV2_VITS14_QUERY__Drishti_GS__A1
DINOV2_VITS14_QUERY,faa023324ece2294c4bd8fc855043500fc787985,0.3110004486368448,-0.07779694080104131,0.013335185360031367,-0.043876174876095166,-0.017372945684511563,-0.25995148771321996,f0de6a35cdfcab3095a01a403be2c60d06f1af8101bb978bac059f61a9b6795f,Drishti_GS,21.63755657404817,16.51111590933952,48.058746012076675,22.8029554736117,739345b836028009046474e8fa8c64f05815104b41cd4506aad0e8c87f9ed993,261,2670,DINOV2_VITS14_QUERY__Drishti_GS__A1
DINOV2_VITS14_QUERY,faa023324ece2294c4bd8fc855043500fc787985,0.25848709954036475,0.08710006033643718,-0.10891285493552468,0.03818135336340553,0.21806126401420647,0.2079126170563056,f0de6a35cdfcab3095a01a403be2c60d06f1af8101bb978bac059f61a9b6795f,Drishti_GS,21.990575384449187,18.016057217447816,57.121137885658335,33.3244349626483,739345b836028009046474e8fa8c64f05815104b41cd4506aad0e8c87f9ed993,261,2680,DINOV2_VITS14_QUERY__Drishti_GS__A1
DINOV2_VITS14_QUERY,faa023324ece2294c4bd8fc855043500fc787985,0.12405593524009521,0.015305474306476885,0.015126757056458356,0.014853771421589702,0.14473734960951512,0.12774768191377542,f0de6a35cdfcab3095a01a403be2c60d06f1af8101bb978bac059f61a9b6795f,Drishti_GS,22.602316113895807,15.181761460723795,59.96506336812002,31.91944591585605,739345b836028009046474e8fa8c64f05815104b41cd4506aad0e8c87f9ed993,261,2690,DINOV2_VITS14_QUERY__Drishti_GS__A1
DINOV2_VITS14_QUERY,faa023324ece2294c4bd8fc855043500fc787985,0.46366737477431835,0.02392521148749111,0.04537173170448531,0.04699721732690876,0.03340046855238262,0.035981339388354384,f0de6a35cdfcab3095a01a403be2c60d06f1af8101bb978bac059f61a9b6795f,Drishti_GS,22.276267514293625,15.598563818770904,56.443967667917555,29.050351769049676,739345b836028009046474e8fa8c64f05815104b41cd4506aad0e8c87f9ed993,261,2700,DINOV2_VITS14_QUERY__Drishti_GS__A1
DINOV2_VITS14_QUERY,faa023324ece2294c4bd8fc855043500fc787985,0.49066964393554974,-0.0074199660173218,0.00501574475053735,0.015690464047362275,-0.030143543905675897,-0.48280059220937993,f0de6a35cdfcab3095a01a403be2c60d06f1af8101bb978bac059f61a9b6795f,Drishti_GS,21.972472234016337,19.12285915908132,85.63749315149602,36.450068072715005,739345b836028009046474e8fa8c64f05815104b41cd4506aad0e8c87f9ed993,261,2710,DINOV2_VITS14_QUERY__Drishti_GS__A1
DINOV2_VITS14_QUERY,faa023324ece2294c4bd8fc855043500fc787985,0.7019972935580379,0.07472490812097765,0.02727718148006908,0.0017798237410059923,0.06323178565149508,-0.029531571705851974,f0de6a35cdfcab3095a01a403be2c60d06f1af8101bb978bac059f61a9b6795f,Drishti_GS,18.209421034952182,18.638194363324303,70.47983874656336,26.818745706675507,739345b836028009046474e8fa8c64f05815104b41cd4506aad0e8c87f9ed993,261,2720,DINOV2_VITS14_QUERY__Drishti_GS__A1
DINOV2_VITS14_QUERY,faa023324ece2294c4bd8fc855043500fc787985,0.20202033114133866,0.026250934733911244,-0.06781585839419997,0.025817237653236326,-0.016769764042157895,-0.15797695165237197,f0de6a35cdfcab3095a01a403be2c60d06f1af8101bb978bac059f61a9b6795f,Drishti_GS,23.07771388014428,17.603519446696545,46.692283616268206,22.042061422272308,739345b836028009046474e8fa8c64f05815104b41cd4506aad0e8c87f9ed993,261,2730,DINOV2_VITS14_QUERY__Drishti_GS__A1
DINOV2_VITS14_QUERY,faa023324ece2294c4bd8fc855043500fc787985,0.38428406955767536,-0.01113903634901905,-0.1522639273311276,-0.10767607276595174,-0.0880785683976799,0.025980769531619523,f0de6a35cdfcab3095a01a403be2c60d06f1af8101bb978bac059f61a9b6795f,Drishti_GS,21.85531513176158,21.47357905546141,45.83716950129706,32.1255306902866,739345b836028009046474e8fa8c64f05815104b41cd4506aad0e8c87f9ed993,261,2740,DINOV2_VITS14_QUERY__Drishti_GS__A1
DINOV2_VITS14_QUERY,faa023324ece2294c4bd8fc855043500fc787985,0.4985598315415494,0.0030924426546346025,0.018922396289763877,-0.034465378043135195,0.03667600984920208,0.32105375962673505,f0de6a35cdfcab3095a01a403be2c60d06f1af8101bb978bac059f61a9b6795f,Drishti_GS,21.598516671958443,19.027123265135376,113.69951137851868,45.230294885555445,739345b836028009046474e8fa8c64f05815104b41cd4506aad0e8c87f9ed993,261,2750,DINOV2_VITS14_QUERY__Drishti_GS__A1
DINOV2_VITS14_QUERY,faa023324ece2294c4bd8fc855043500fc787985,0.4302068443175673,-0.11503502049123068,-0.21586569518150925,-0.1321480165057323,-0.17349783004219585,0.16399625208953797,f0de6a35cdfcab3095a01a403be2c60d06f1af8101bb978bac059f61a9b6795f,Drishti_GS,22.362055834136783,14.521594827182469,86.0196820918763,29.344656828323174,739345b836028009046474e8fa8c64f05815104b41cd4506aad0e8c87f9ed993,261,2760,DINOV2_VITS14_QUERY__Drishti_GS__A1
DINOV2_VITS14_QUERY,faa023324ece2294c4bd8fc855043500fc787985,0.5462488825453077,0.04205695515734381,0.024936038599738242,-0.18266838668068738,-0.09959952090831402,0.03148838903720634,f0de6a35cdfcab3095a01a403be2c60d06f1af8101bb978bac059f61a9b6795f,Drishti_GS,22.1860181468808,19.652477722519745,67.51111592760869,25.371240769342208,739345b836028009046474e8fa8c64f05815104b41cd4506aad0e8c87f9ed993,261,2770,DINOV2_VITS14_QUERY__Drishti_GS__A1
DINOV2_VITS14_QUERY,faa023324ece2294c4bd8fc855043500fc787985,0.2766161402363388,0.0054959103333746115,-0.0335942772044274,-0.0335140144670662,-0.017449519528580617,-0.024002819244193792,f0de6a35cdfcab3095a01a403be2c60d06f1af8101bb978bac059f61a9b6795f,Drishti_GS,24.339519848806614,18.195679098644323,70.64757855979079,32.79463151158171,739345b836028009046474e8fa8c64f05815104b41cd4506aad0e8c87f9ed993,261,2780,DINOV2_VITS14_QUERY__Drishti_GS__A1
DINOV2_VITS14_QUERY,faa023324ece2294c4bd8fc855043500fc787985,0.21650057151083496,-0.02295347738133841,0.02490205823041669,0.1077643426653697,0.18471607306855042,0.13209165909228815,f0de6a35cdfcab3095a01a403be2c60d06f1af8101bb978bac059f61a9b6795f,Drishti_GS,22.64110064339902,20.74392526767601,74.1231645049943,31.486014363817482,739345b836028009046474e8fa8c64f05815104b41cd4506aad0e8c87f9ed993,261,2790,DINOV2_VITS14_QUERY__Drishti_GS__A1
DINOV2_VITS14_QUERY,faa023324ece2294c4bd8fc855043500fc787985,0.45476396362219584,-0.05129810882751841,-0.015182194464000664,0.010427529268423462,0.039330338339061424,0.33805944507617325,f0de6a35cdfcab3095a01a403be2c60d06f1af8101bb978bac059f61a9b6795f,Drishti_GS,23.001863329330675,20.4347165823425,58.81688173760546,25.51598213060297,739345b836028009046474e8fa8c64f05815104b41cd4506aad0e8c87f9ed993,261,2800,DINOV2_VITS14_QUERY__Drishti_GS__A1
DINOV2_VITS14_QUERY,faa023324ece2294c4bd8fc855043500fc787985,0.3380737634085711,-0.008823529702375394,0.044181438942363815,0.12528746184566594,0.17160811868837952,0.31380469054775073,f0de6a35cdfcab3095a01a403be2c60d06f1af8101bb978bac059f61a9b6795f,Drishti_GS,18.730028138901357,13.903625034637837,79.95432693494544,41.6698573367478,739345b836028009046474e8fa8c64f05815104b41cd4506aad0e8c87f9ed993,261,2810,DINOV2_VITS14_QUERY__Drishti_GS__A1
DINOV2_VITS14_QUERY,faa023324ece2294c4bd8fc855043500fc787985,0.41081265196697136,0.05498819292338502,-0.12095035631754945,0.00571345708812464,0.10042145605737247,0.2889191090499705,f0de6a35cdfcab3095a01a403be2c60d06f1af8101bb978bac059f61a9b6795f,Drishti_GS,21.961417262817182,19.849444071197116,51.478983499790836,31.59854372471394,739345b836028009046474e8fa8c64f05815104b41cd4506aad0e8c87f9ed993,261,2820,DINOV2_VITS14_QUERY__Drishti_GS__A1
DINOV2_VITS14_QUERY,faa023324ece2294c4bd8fc855043500fc787985,0.34370874733731777,-0.056565241130926466,-0.08019002229333702,0.07218651617803906,0.10522154574411204,0.15278998709664998,f0de6a35cdfcab3095a01a403be2c60d06f1af8101bb978bac059f61a9b6795f,Drishti_GS,23.931084081086535,18.349249885741585,87.8225696730945,34.11910815871428,739345b836028009046474e8fa8c64f05815104b41cd4506aad0e8c87f9ed993,261,2830,DINOV2_VITS14_QUERY__Drishti_GS__A1
DINOV2_VITS14_QUERY,faa023324ece2294c4bd8fc855043500fc787985,0.4679041932869227,-0.08149941459225202,-0.1355222223553064,-0.13591096209924858,0.07499390516029257,0.010037234309773468,f0de6a35cdfcab3095a01a403be2c60d06f1af8101bb978bac059f61a9b6795f,Drishti_GS,22.838855900784036,19.798221410093547,62.05385803745439,42.85954148637795,739345b836028009046474e8fa8c64f05815104b41cd4506aad0e8c87f9ed993,261,2840,DINOV2_VITS14_QUERY__Drishti_GS__A1
DINOV2_VITS14_QUERY,faa023324ece2294c4bd8fc855043500fc787985,0.249696487356308,0.06266472221489898,0.031897477873749365,-0.1558304746916055,0.00965634321504683,-0.1347796229240811,f0de6a35cdfcab3095a01a403be2c60d06f1af8101bb978bac059f61a9b6795f,Drishti_GS,23.07567842427288,14.897092162152074,87.92542737305548,47.1285597177515,739345b836028009046474e8fa8c64f05815104b41cd4506aad0e8c87f9ed993,261,2850,DINOV2_VITS14_QUERY__Drishti_GS__A1
DINOV2_VITS14_QUERY,faa023324ece2294c4bd8fc855043500fc787985,0.3003520897724014,0.04494646767889052,-0.06004853223957722,-0.06020947891114866,-0.023560394601563464,0.19138775461318047,f0de6a35cdfcab3095a01a403be2c60d06f1af8101bb978bac059f61a9b6795f,Drishti_GS,22.883759647206123,17.93137860491488,85.48210986583315,30.95216502766219,739345b836028009046474e8fa8c64f05815104b41cd4506aad0e8c87f9ed993,261,2860,DINOV2_VITS14_QUERY__Drishti_GS__A1
DINOV2_VITS14_QUERY,faa023324ece2294c4bd8fc855043500fc787985,0.14434380621783943,0.046277624479644994,0.04149960509943168,0.01176066878208648,-0.005768065672583343,-0.3983315745196926,f0de6a35cdfcab3095a01a403be2c60d06f1af8101bb978bac059f61a9b6795f,Drishti_GS,21.515624032346523,19.933388668533276,55.154387251966675,24.898957586275095,739345b836028009046474e8fa8c64f05815104b41cd4506aad0e8c87f9ed993,261,2870,DINOV2_VITS14_QUERY__Drishti_GS__A1
DINOV2_VITS14_QUERY,faa023324ece2294c4bd8fc855043500fc787985,0.7725252489243888,0.026144077294531273,-0.04389033776977455,0.14443062140552285,0.08603046500597349,0.12842328893189234,f0de6a35cdfcab3095a01a403be2c60d06f1af8101bb978bac059f61a9b6795f,Drishti_GS,20.443149153278725,18.782314360730734,74.76360238670102,20.470413632593385,739345b836028009046474e8fa8c64f05815104b41cd4506aad0e8c87f9ed993,261,2880,DINOV2_VITS14_QUERY__Drishti_GS__A1
DINOV2_VITS14_QUERY,faa023324ece2294c4bd8fc855043500fc787985,0.3847314021285447,-0.020663130151026318,0.07124823168710576,0.0217289718857123,-0.029632054397786996,0.04991641610408463,f0de6a35cdfcab3095a01a403be2c60d06f1af8101bb978bac059f61a9b6795f,Drishti_GS,22.006606078429147,16.39983864095432,71.85619446843268,29.995786933809377,739345b836028009046474e8fa8c64f05815104b41cd4506aad0e8c87f9ed993,261,2890,DINOV2_VITS14_QUERY__Drishti_GS__A1
DINOV2_VITS14_QUERY,faa023324ece2294c4bd8fc855043500fc787985,0.23298668557432417,-0.0003978855599273673,-0.010629996148799956,-0.02589368915851174,0.09145743815384046,0.013703321609087568,f0de6a35cdfcab3095a01a403be2c60d06f1af8101bb978bac059f61a9b6795f,Drishti_GS,21.220797976769514,16.759130023548092,70.76042921743985,27.515739254142147,739345b836028009046474e8fa8c64f05815104b41cd4506aad0e8c87f9ed993,261,2900,DINOV2_VITS14_QUERY__Drishti_GS__A1
DINOV2_VITS14_QUERY,faa023324ece2294c4bd8fc855043500fc787985,0.4816773653632626,-0.06074547852838074,-0.12140109386080279,-0.016915072720331156,-0.001009720708812609,0.07224332871386843,f0de6a35cdfcab3095a01a403be2c60d06f1af8101bb978bac059f61a9b6795f,Drishti_GS,20.89367903363018,19.066044609964838,68.61951796028816,27.938920597248124,739345b836028009046474e8fa8c64f05815104b41cd4506aad0e8c87f9ed993,261,2910,DINOV2_VITS14_QUERY__Drishti_GS__A1
DINOV2_VITS14_QUERY,faa023324ece2294c4bd8fc855043500fc787985,0.7243414953521184,0.06957782234766786,0.046174080093550805,0.057765668911680224,0.0007590062846212602,0.08538787881108312,f0de6a35cdfcab3095a01a403be2c60d06f1af8101bb978bac059f61a9b6795f,Drishti_GS,18.96833853643423,19.931085808826058,70.31500742354127,18.82864705054493,739345b836028009046474e8fa8c64f05815104b41cd4506aad0e8c87f9ed993,261,2920,DINOV2_VITS14_QUERY__Drishti_GS__A1
DINOV2_VITS14_QUERY,faa023324ece2294c4bd8fc855043500fc787985,0.3854827151249346,-0.13259260239153428,-0.02901306028332338,0.02525635042940104,0.052607920933537285,0.17846661185587523,f0de6a35cdfcab3095a01a403be2c60d06f1af8101bb978bac059f61a9b6795f,Drishti_GS,21.15814664748623,21.11318140264264,51.454643774628664,16.416896500780485,739345b836028009046474e8fa8c64f05815104b41cd4506aad0e8c87f9ed993,261,2930,DINOV2_VITS14_QUERY__Drishti_GS__A1
DINOV2_VITS14_QUERY,faa023324ece2294c4bd8fc855043500fc787985,0.019340537740071106,-0.07358126574628154,0.09271996225298623,0.02011986002837244,-0.07522243218253494,-0.01465413439815578,f0de6a35cdfcab3095a01a403be2c60d06f1af8101bb978bac059f61a9b6795f,Drishti_GS,22.217054301862554,18.88340506348885,75.8421328193199,22.38822577982892,739345b836028009046474e8fa8c64f05815104b41cd4506aad0e8c87f9ed993,261,2940,DINOV2_VITS14_QUERY__Drishti_GS__A1
DINOV2_VITS14_QUERY,faa023324ece2294c4bd8fc855043500fc787985,0.34528881636751824,0.031312476925886505,-0.0009657818790735989,0.033826818828871945,0.1310134456761285,-0.24609367868049292,f0de6a35cdfcab3095a01a403be2c60d06f1af8101bb978bac059f61a9b6795f,Drishti_GS,23.059210523437585,14.598328401808525,67.69699685197911,49.24854362243605,739345b836028009046474e8fa8c64f05815104b41cd4506aad0e8c87f9ed993,261,2950,DINOV2_VITS14_QUERY__Drishti_GS__A1
DINOV2_VITS14_QUERY,faa023324ece2294c4bd8fc855043500fc787985,0.23722855274413207,-0.0016211427603411374,0.010650643407655248,-0.0041557297004863585,0.09834703291504672,-0.2067851854305754,f0de6a35cdfcab3095a01a403be2c60d06f1af8101bb978bac059f61a9b6795f,Drishti_GS,23.227946351063665,19.97413109314773,64.1543365447119,41.32255869044636,739345b836028009046474e8fa8c64f05815104b41cd4506aad0e8c87f9ed993,261,2960,DINOV2_VITS14_QUERY__Drishti_GS__A1
DINOV2_VITS14_QUERY,faa023324ece2294c4bd8fc855043500fc787985,0.5165026467271864,-0.00641496596844886,-0.020743523363300716,-0.05510037344005608,-0.07625956197723632,-0.2923148455185162,f0de6a35cdfcab3095a01a403be2c60d06f1af8101bb978bac059f61a9b6795f,Drishti_GS,23.098915873854196,18.747295961061745,127.89043398361473,29.808626487769573,739345b836028009046474e8fa8c64f05815104b41cd4506aad0e8c87f9ed993,261,2970,DINOV2_VITS14_QUERY__Drishti_GS__A1
DINOV2_VITS14_QUERY,faa023324ece2294c4bd8fc855043500fc787985,0.3603079212282999,-0.04094559972337339,-0.04850692106400654,-0.060461311898971075,-0.11666578737765686,-0.03693144731225614,f0de6a35cdfcab3095a01a403be2c60d06f1af8101bb978bac059f61a9b6795f,Drishti_GS,21.771829772886615,13.93287158695214,73.0083497136512,38.51500610821096,739345b836028009046474e8fa8c64f05815104b41cd4506aad0e8c87f9ed993,261,2980,DINOV2_VITS14_QUERY__Drishti_GS__A1
DINOV2_VITS14_QUERY,faa023324ece2294c4bd8fc855043500fc787985,0.40065891607512716,-0.012941785171654785,-0.05544668844052642,0.0816767768354076,0.03869113880681052,-0.15689188210844113,f0de6a35cdfcab3095a01a403be2c60d06f1af8101bb978bac059f61a9b6795f,Drishti_GS,22.494209847961862,18.938373610602113,69.54642466686778,26.739372575106366,739345b836028009046474e8fa8c64f05815104b41cd4506aad0e8c87f9ed993,261,2990,DINOV2_VITS14_QUERY__Drishti_GS__A1
DINOV2_VITS14_QUERY,faa023324ece2294c4bd8fc855043500fc787985,0.5970988295274353,-0.07111296051109102,-0.16456733699171366,-0.34611316852494906,-0.289464631442478,-0.03570813467355812,c208ea5141f2b71772b5288cbb0d9fb1a867e70c5c134e6ce7961192b7a9eac4,RIM_ONE_r3,21.445865288850573,20.804207166569146,73.68535030805624,53.43439828373902,18a311c4ffc6e5bcd3ae277b5073d5f4cfb6c6f2689dc3a7692ec575a17a91d0,261,2000,DINOV2_VITS14_QUERY__RIM_ONE_r3__A1
DINOV2_VITS14_QUERY,faa023324ece2294c4bd8fc855043500fc787985,0.5944516670623033,-0.23257255020484216,-0.16364049921336782,0.10108247142603903,0.1956163267399863,-0.2766174995246498,c208ea5141f2b71772b5288cbb0d9fb1a867e70c5c134e6ce7961192b7a9eac4,RIM_ONE_r3,19.609806891502547,19.13417319538694,73.960064628272,40.09655113537556,18a311c4ffc6e5bcd3ae277b5073d5f4cfb6c6f2689dc3a7692ec575a17a91d0,261,2010,DINOV2_VITS14_QUERY__RIM_ONE_r3__A1
DINOV2_VITS14_QUERY,faa023324ece2294c4bd8fc855043500fc787985,0.6286619044563498,-0.0167122929206199,-0.17226655034316227,-0.03624637017007615,0.008084989497565954,-0.15999635556042804,c208ea5141f2b71772b5288cbb0d9fb1a867e70c5c134e6ce7961192b7a9eac4,RIM_ONE_r3,22.518697050563652,21.53862492561161,117.77873287238732,38.28177748355976,18a311c4ffc6e5bcd3ae277b5073d5f4cfb6c6f2689dc3a7692ec575a17a91d0,261,2020,DINOV2_VITS14_QUERY__RIM_ONE_r3__A1
DINOV2_VITS14_QUERY,faa023324ece2294c4bd8fc855043500fc787985,0.5816789093158133,0.0186065586362412,-0.12113352511496868,0.1487938868406537,0.10772692119865128,-0.2375436071615464,c208ea5141f2b71772b5288cbb0d9fb1a867e70c5c134e6ce7961192b7a9eac4,RIM_ONE_r3,20.610765202174168,20.33139229189367,71.56038008387681,44.49953591268655,18a311c4ffc6e5bcd3ae277b5073d5f4cfb6c6f2689dc3a7692ec575a17a91d0,261,2030,DINOV2_VITS14_QUERY__RIM_ONE_r3__A1
DINOV2_VITS14_QUERY,faa023324ece2294c4bd8fc855043500fc787985,0.699212673147747,-0.05425940597880259,0.13512053934143256,0.0893742431541088,-0.03280517231904862,-0.3108966358257699,c208ea5141f2b71772b5288cbb0d9fb1a867e70c5c134e6ce7961192b7a9eac4,RIM_ONE_r3,22.308387853441705,21.80305842833968,73.19852053386883,37.522505401546816,18a311c4ffc6e5bcd3ae277b5073d5f4cfb6c6f2689dc3a7692ec575a17a91d0,261,2040,DINOV2_VITS14_QUERY__RIM_ONE_r3__A1
DINOV2_VITS14_QUERY,faa023324ece2294c4bd8fc855043500fc787985,0.624107820464362,-0.20620060500178464,0.023237868633842296,-0.05904416416475292,0.05161319185254487,0.23782193841382876,c208ea5141f2b71772b5288cbb0d9fb1a867e70c5c134e6ce7961192b7a9eac4,RIM_ONE_r3,23.235740492400545,20.236022625398572,63.608866374698245,62.59771330630141,18a311c4ffc6e5bcd3ae277b5073d5f4cfb6c6f2689dc3a7692ec575a17a91d0,261,2050,DINOV2_VITS14_QUERY__RIM_ONE_r3__A1
DINOV2_VITS14_QUERY,faa023324ece2294c4bd8fc855043500fc787985,0.513665761195363,-0.021427804459853986,-0.02472217988883084,-0.062112969742685,-0.10071063934846974,-0.22251692935244913,c208ea5141f2b71772b5288cbb0d9fb1a867e70c5c134e6ce7961192b7a9eac4,RIM_ONE_r3,18.70692318700525,18.122977347128167,60.45681139725987,34.64204575482672,18a311c4ffc6e5bcd3ae277b5073d5f4cfb6c6f2689dc3a7692ec575a17a91d0,261,2060,DINOV2_VITS14_QUERY__RIM_ONE_r3__A1
DINOV2_VITS14_QUERY,faa023324ece2294c4bd8fc855043500fc787985,0.6574824468677127,-0.13747220481600875,-0.18979021940874433,0.15586278558226518,0.14139849470383928,-0.40599647407486356,c208ea5141f2b71772b5288cbb0d9fb1a867e70c5c134e6ce7961192b7a9eac4,RIM_ONE_r3,22.97530445023583,22.172371855739133,80.38987949215468,49.65784069148552,18a311c4ffc6e5bcd3ae277b5073d5f4cfb6c6f2689dc3a7692ec575a17a91d0,261,2070,DINOV2_VITS14_QUERY__RIM_ONE_r3__A1
DINOV2_VITS14_QUERY,faa023324ece2294c4bd8fc855043500fc787985,0.5589827743375826,-0.02597008196819457,0.01729794570798747,-0.041690357940094035,0.10628630477894807,-0.43444245614490046,c208ea5141f2b71772b5288cbb0d9fb1a867e70c5c134e6ce7961192b7a9eac4,RIM_ONE_r3,18.367490765677008,18.43303153043896,127.96991128001687,41.88499695513834,18a311c4ffc6e5bcd3ae277b5073d5f4cfb6c6f2689dc3a7692ec575a17a91d0,261,2080,DINOV2_VITS14_QUERY__RIM_ONE_r3__A1
DINOV2_VITS14_QUERY,faa023324ece2294c4bd8fc855043500fc787985,0.5827838507245943,-0.09852585013749483,-0.10322171236918844,-0.2879843324813997,-0.12466636563461668,-0.07893181821092464,c208ea5141f2b71772b5288cbb0d9fb1a867e70c5c134e6ce7961192b7a9eac4,RIM_ONE_r3,21.16527656291982,20.261217620599353,63.69765967323164,38.903905284439176,18a311c4ffc6e5bcd3ae277b5073d5f4cfb6c6f2689dc3a7692ec575a17a91d0,261,2090,DINOV2_VITS14_QUERY__RIM_ONE_r3__A1
DINOV2_VITS14_QUERY,faa023324ece2294c4bd8fc855043500fc787985,0.6734798195658801,-0.11374837280785764,-0.13840877541830454,-0.2979672221127793,-0.24559446107893773,0.054031102202267554,c208ea5141f2b71772b5288cbb0d9fb1a867e70c5c134e6ce7961192b7a9eac4,RIM_ONE_r3,25.318472900150837,23.786307245189672,59.71218788600091,28.446017065134306,18a311c4ffc6e5bcd3ae277b5073d5f4cfb6c6f2689dc3a7692ec575a17a91d0,261,2100,DINOV2_VITS14_QUERY__RIM_ONE_r3__A1
DINOV2_VITS14_QUERY,faa023324ece2294c4bd8fc855043500fc787985,0.5758923599304944,-0.1601370216259772,0.04815972130390894,0.14544649287869424,0.12256298334145103,-0.04759480485476896,c208ea5141f2b71772b5288cbb0d9fb1a867e70c5c134e6ce7961192b7a9eac4,RIM_ONE_r3,20.281383007146925,19.58609589226039,58.62042976842489,42.38185192489999,18a311c4ffc6e5bcd3ae277b5073d5f4cfb6c6f2689dc3a7692ec575a17a91d0,261,2110,DINOV2_VITS14_QUERY__RIM_ONE_r3__A1
DINOV2_VITS14_QUERY,faa023324ece2294c4bd8fc855043500fc787985,0.6237611992661172,-0.049429367733076456,-0.14449069264387812,-0.16376622724972892,-0.2326568683134954,0.3664794546075608,c208ea5141f2b71772b5288cbb0d9fb1a867e70c5c134e6ce7961192b7a9eac4,RIM_ONE_r3,22.699317708506047,21.787325072904174,70.03756869733232,45.77910687940318,18a311c4ffc6e5bcd3ae277b5073d5f4cfb6c6f2689dc3a7692ec575a17a91d0,261,2120,DINOV2_VITS14_QUERY__RIM_ONE_r3__A1
DINOV2_VITS14_QUERY,faa023324ece2294c4bd8fc855043500fc787985,0.5716729377089673,0.05996276613677754,0.038097445034493034,-0.2994198238277073,-0.12756806592391334,-0.15204527292797038,c208ea5141f2b71772b5288cbb0d9fb1a867e70c5c134e6ce7961192b7a9eac4,RIM_ONE_r3,20.105343686090198,18.966964836293304,62.1322245130543,41.6589912496862,18a311c4ffc6e5bcd3ae277b5073d5f4cfb6c6f2689dc3a7692ec575a17a91d0,261,2130,DINOV2_VITS14_QUERY__RIM_ONE_r3__A1
DINOV2_VITS14_QUERY,faa023324ece2294c4bd8fc855043500fc787985,0.6261773359041303,0.010772828030754203,-0.02334159831324378,-0.2354225760870418,-0.19096740057267056,-0.11873234563087466,c208ea5141f2b71772b5288cbb0d9fb1a867e70c5c134e6ce7961192b7a9eac4,RIM_ONE_r3,21.92077303889212,21.147169463044158,73.36566934287629,32.016813556736174,18a311c4ffc6e5bcd3ae277b5073d5f4cfb6c6f2689dc3a7692ec575a17a91d0,261,2140,DINOV2_VITS14_QUERY__RIM_ONE_r3__A1
DINOV2_VITS14_QUERY,faa023324ece2294c4bd8fc855043500fc787985,0.6054435798336308,-0.060028958605117894,0.2029983230995136,0.11917136087140273,0.02625345526180039,-0.41202059455931767,c208ea5141f2b71772b5288cbb0d9fb1a867e70c5c134e6ce7961192b7a9eac4,RIM_ONE_r3,20.560874085643295,20.208238035419967,92.20219348793076,42.17211711860041,18a311c4ffc6e5bcd3ae277b5073d5f4cfb6c6f2689dc3a7692ec575a17a91d0,261,2150,DINOV2_VITS14_QUERY__RIM_ONE_r3__A1
DINOV2_VITS14_QUERY,faa023324ece2294c4bd8fc855043500fc787985,0.38326608150824953,0.08617053916479418,0.054280295564979875,-0.13705564148311564,0.11085482359986021,-0.5452773108325437,c208ea5141f2b71772b5288cbb0d9fb1a867e70c5c134e6ce7961192b7a9eac4,RIM_ONE_r3,19.68493324421017,17.922442971973933,107.91617301747206,51.232329496881945,18a311c4ffc6e5bcd3ae277b5073d5f4cfb6c6f2689dc3a7692ec575a17a91d0,261,2160,DINOV2_VITS14_QUERY__RIM_ONE_r3__A1
DINOV2_VITS14_QUERY,faa023324ece2294c4bd8fc855043500fc787985,0.5602503384866416,-0.081898779270617,-0.05125492554961547,-0.2665741658283133,-0.09782866435820582,0.26542422963588663,c208ea5141f2b71772b5288cbb0d9fb1a867e70c5c134e6ce7961192b7a9eac4,RIM_ONE_r3,21.236117099990278,19.990743818502022,53.35787839108872,47.99428026966165,18a311c4ffc6e5bcd3ae277b5073d5f4cfb6c6f2689dc3a7692ec575a17a91d0,261,2170,DINOV2_VITS14_QUERY__RIM_ONE_r3__A1
DINOV2_VITS14_QUERY,faa023324ece2294c4bd8fc855043500fc787985,0.6171073008553679,0.07479421267875391,0.005308735956342948,0.015532259712078904,-0.10795486817006915,0.6067147279854682,c208ea5141f2b71772b5288cbb0d9fb1a867e70c5c134e6ce7961192b7a9eac4,RIM_ONE_r3,21.48998210585267,20.957198855900877,79.32739882514205,59.41624080019205,18a311c4ffc6e5bcd3ae277b5073d5f4cfb6c6f2689dc3a7692ec575a17a91d0,261,2180,DINOV2_VITS14_QUERY__RIM_ONE_r3__A1
DINOV2_VITS14_QUERY,faa023324ece2294c4bd8fc855043500fc787985,0.56662509658814,0.12299102158247298,0.017321410910358347,-0.0590872459671942,-0.03930029796635311,-0.04011513389379098,c208ea5141f2b71772b5288cbb0d9fb1a867e70c5c134e6ce7961192b7a9eac4,RIM_ONE_r3,20.817197761195153,20.50981033085028,78.59591399896206,63.241424193768815,18a311c4ffc6e5bcd3ae277b5073d5f4cfb6c6f2689dc3a7692ec575a17a91d0,261,2190,DINOV2_VITS14_QUERY__RIM_ONE_r3__A1
DINOV2_VITS14_QUERY,faa023324ece2294c4bd8fc855043500fc787985,0.4833595339339982,0.1377467480336216,-0.14307581234828554,-0.21789129142658376,0.08398883847599886,-0.6323725137085254,c208ea5141f2b71772b5288cbb0d9fb1a867e70c5c134e6ce7961192b7a9eac4,RIM_ONE_r3,20.77671142317162,19.611116616180844,81.8116143375694,64.83471936119518,18a311c4ffc6e5bcd3ae277b5073d5f4cfb6c6f2689dc3a7692ec575a17a91d0,261,2200,DINOV2_VITS14_QUERY__RIM_ONE_r3__A1
DINOV2_VITS14_QUERY,faa023324ece2294c4bd8fc855043500fc787985,0.6014906133816681,-0.02225688156296806,-0.03212710391614037,-0.21093131910605117,-0.23170324035219733,-0.3895057215852193,c208ea5141f2b71772b5288cbb0d9fb1a867e70c5c134e6ce7961192b7a9eac4,RIM_ONE_r3,21.030194626511822,21.067473192723355,131.77154441079628,56.74985395702424,18a311c4ffc6e5bcd3ae277b5073d5f4cfb6c6f2689dc3a7692ec575a17a91d0,261,2210,DINOV2_VITS14_QUERY__RIM_ONE_r3__A1
DINOV2_VITS14_QUERY,faa023324ece2294c4bd8fc855043500fc787985,0.5162763999563008,-0.017355702511329896,-0.08679503627672087,0.09485513332112068,0.06713227839676429,0.19145047242716937,c208ea5141f2b71772b5288cbb0d9fb1a867e70c5c134e6ce7961192b7a9eac4,RIM_ONE_r3,19.666109548812106,19.185200093238958,65.55057759349556,35.33860795862541,18a311c4ffc6e5bcd3ae277b5073d5f4cfb6c6f2689dc3a7692ec575a17a91d0,261,2220,DINOV2_VITS14_QUERY__RIM_ONE_r3__A1
DINOV2_VITS14_QUERY,faa023324ece2294c4bd8fc855043500fc787985,0.6339028371355202,-0.07368877881266074,-0.105809750376951,0.23498664864635804,0.2526218953013678,-0.23054650274057953,c208ea5141f2b71772b5288cbb0d9fb1a867e70c5c134e6ce7961192b7a9eac4,RIM_ONE_r3,23.108930001769323,22.20785642311068,82.53048998406013,63.81011191873904,18a311c4ffc6e5bcd3ae277b5073d5f4cfb6c6f2689dc3a7692ec575a17a91d0,261,2230,DINOV2_VITS14_QUERY__RIM_ONE_r3__A1
DINOV2_VITS14_QUERY,faa023324ece2294c4bd8fc855043500fc787985,0.5869138450262229,-0.10148159273320684,-0.08897540593777169,0.05848483846186774,0.19240789613297823,-0.22735411310379583,c208ea5141f2b71772b5288cbb0d9fb1a867e70c5c134e6ce7961192b7a9eac4,RIM_ONE_r3,19.224340813301943,19.148235717025344,101.92377112199993,38.13312472614606,18a311c4ffc6e5bcd3ae277b5073d5f4cfb6c6f2689dc3a7692ec575a17a91d0,261,2240,DINOV2_VITS14_QUERY__RIM_ONE_r3__A1
DINOV2_VITS14_QUERY,faa023324ece2294c4bd8fc855043500fc787985,0.5552732156743013,-0.07464748533942034,0.030814537552547074,0.017542591868411794,0.024985140907545958,0.09539024239801061,c208ea5141f2b71772b5288cbb0d9fb1a867e70c5c134e6ce7961192b7a9eac4,RIM_ONE_r3,20.16542803535117,18.129760128266252,81.65234844536124,21.9738804609795,18a311c4ffc6e5bcd3ae277b5073d5f4cfb6c6f2689dc3a7692ec575a17a91d0,261,2250,DINOV2_VITS14_QUERY__RIM_ONE_r3__A1
DINOV2_VITS14_QUERY,faa023324ece2294c4bd8fc855043500fc787985,0.49077998196097655,0.05553496474342358,-0.09366882528045982,0.10913773737138215,-0.09526697613819442,0.1264062627985255,c208ea5141f2b71772b5288cbb0d9fb1a867e70c5c134e6ce7961192b7a9eac4,RIM_ONE_r3,18.70579857122457,18.01375336722279,59.38315985544591,23.916831749784727,18a311c4ffc6e5bcd3ae277b5073d5f4cfb6c6f2689dc3a7692ec575a17a91d0,261,2260,DINOV2_VITS14_QUERY__RIM_ONE_r3__A1
DINOV2_VITS14_QUERY,faa023324ece2294c4bd8fc855043500fc787985,0.6775585316144168,-0.05023864253175223,0.017320969563805518,0.04079690038156485,0.11620563201969725,0.030906791487187297,c208ea5141f2b71772b5288cbb0d9fb1a867e70c5c134e6ce7961192b7a9eac4,RIM_ONE_r3,23.692988704088272,23.411819621619603,96.84791726399258,62.26285524067115,18a311c4ffc6e5bcd3ae277b5073d5f4cfb6c6f2689dc3a7692ec575a17a91d0,261,2270,DINOV2_VITS14_QUERY__RIM_ONE_r3__A1
DINOV2_VITS14_QUERY,faa023324ece2294c4bd8fc855043500fc787985,0.5585756646933863,-0.12468636296893051,-0.0887954295674641,0.029916892583726477,-0.07781859856160975,0.01809287179858613,c208ea5141f2b71772b5288cbb0d9fb1a867e70c5c134e6ce7961192b7a9eac4,RIM_ONE_r3,19.383859072142673,19.230579545436825,63.38943759890319,47.02189319386073,18a311c4ffc6e5bcd3ae277b5073d5f4cfb6c6f2689dc3a7692ec575a17a91d0,261,2280,DINOV2_VITS14_QUERY__RIM_ONE_r3__A1
DINOV2_VITS14_QUERY,faa023324ece2294c4bd8fc855043500fc787985,0.5058866582952891,-0.2732432669649521,-0.18365751074405065,0.2639457952244631,0.08474923123578862,-0.2998669174077705,c208ea5141f2b71772b5288cbb0d9fb1a867e70c5c134e6ce7961192b7a9eac4,RIM_ONE_r3,19.25396391562165,17.41401947799156,77.52435921322649,57.14801665429342,18a311c4ffc6e5bcd3ae277b5073d5f4cfb6c6f2689dc3a7692ec575a17a91d0,261,2290,DINOV2_VITS14_QUERY__RIM_ONE_r3__A1
DINOV2_VITS14_QUERY,faa023324ece2294c4bd8fc855043500fc787985,0.674125986571984,-0.13085030522061294,-0.07741389073056355,-0.1108985632514606,-0.0383890978306475,0.0633685029683381,c208ea5141f2b71772b5288cbb0d9fb1a867e70c5c134e6ce7961192b7a9eac4,RIM_ONE_r3,21.536730218965385,20.528028889182515,55.304035421900295,39.63429271012482,18a311c4ffc6e5bcd3ae277b5073d5f4cfb6c6f2689dc3a7692ec575a17a91d0,261,2300,DINOV2_VITS14_QUERY__RIM_ONE_r3__A1
DINOV2_VITS14_QUERY,faa023324ece2294c4bd8fc855043500fc787985,0.6745761039173985,-0.04941572775107896,0.03802523563400574,0.16773924039249755,0.3126635812716245,0.38444713081933846,c208ea5141f2b71772b5288cbb0d9fb1a867e70c5c134e6ce7961192b7a9eac4,RIM_ONE_r3,25.064625999846438,25.956031916328453,62.322619492221406,60.255192468396785,18a311c4ffc6e5bcd3ae277b5073d5f4cfb6c6f2689dc3a7692ec575a17a91d0,261,2310,DINOV2_VITS14_QUERY__RIM_ONE_r3__A1
DINOV2_VITS14_QUERY,faa023324ece2294c4bd8fc855043500fc787985,0.5252608347601784,-0.16175304934537774,-0.1716931392845216,0.02106816067027026,0.16234664319654796,0.0011082369407093317,c208ea5141f2b71772b5288cbb0d9fb1a867e70c5c134e6ce7961192b7a9eac4,RIM_ONE_r3,19.615992669771998,19.832825119709412,71.00263078000955,46.746430581860544,18a311c4ffc6e5bcd3ae277b5073d5f4cfb6c6f2689dc3a7692ec575a17a91d0,261,2320,DINOV2_VITS14_QUERY__RIM_ONE_r3__A1
DINOV2_VITS14_QUERY,faa023324ece2294c4bd8fc855043500fc787985,0.7345922225692355,-0.12695285813978793,-0.06242808818822989,-0.15729477525584834,-0.09853888479596515,0.04566025486720638,c208ea5141f2b71772b5288cbb0d9fb1a867e70c5c134e6ce7961192b7a9eac4,RIM_ONE_r3,23.566904124651476,24.002760647515284,92.05533471428711,36.43204943776745,18a311c4ffc6e5bcd3ae277b5073d5f4cfb6c6f2689dc3a7692ec575a17a91d0,261,2330,DINOV2_VITS14_QUERY__RIM_ONE_r3__A1
DINOV2_VITS14_QUERY,faa023324ece2294c4bd8fc855043500fc787985,0.6825442634943949,-0.04303516649701062,-0.11774870828458925,-0.2219697521289275,-0.13949785680569565,-0.5340743484792236,c208ea5141f2b71772b5288cbb0d9fb1a867e70c5c134e6ce7961192b7a9eac4,RIM_ONE_r3,24.09305036127611,23.308633784272818,157.28159939687282,47.484041369440995,18a311c4ffc6e5bcd3ae277b5073d5f4cfb6c6f2689dc3a7692ec575a17a91d0,261,2340,DINOV2_VITS14_QUERY__RIM_ONE_r3__A1
DINOV2_VITS14_QUERY,faa023324ece2294c4bd8fc855043500fc787985,0.5823265125089822,-0.20213762761114187,-0.24045182628030778,-0.30017428423310244,-0.18512719052805401,0.44853109700232224,c208ea5141f2b71772b5288cbb0d9fb1a867e70c5c134e6ce7961192b7a9eac4,RIM_ONE_r3,21.867324421965744,20.208518023681183,95.80389697414316,42.70736198783342,18a311c4ffc6e5bcd3ae277b5073d5f4cfb6c6f2689dc3a7692ec575a17a91d0,261,2350,DINOV2_VITS14_QUERY__RIM_ONE_r3__A1
DINOV2_VITS14_QUERY,faa023324ece2294c4bd8fc855043500fc787985,0.6194447584831949,-0.061608241220804015,-0.07286335595146973,0.1609623208368792,0.22814100823009587,-0.4208512648045409,c208ea5141f2b71772b5288cbb0d9fb1a867e70c5c134e6ce7961192b7a9eac4,RIM_ONE_r3,21.32200033045047,21.890455416917938,77.93577125806772,41.466695078833084,18a311c4ffc6e5bcd3ae277b5073d5f4cfb6c6f2689dc3a7692ec575a17a91d0,261,2360,DINOV2_VITS14_QUERY__RIM_ONE_r3__A1
DINOV2_VITS14_QUERY,faa023324ece2294c4bd8fc855043500fc787985,0.6872933141735325,-0.13232686269771893,-0.1884792145127629,0.18061333555902423,0.25000727588007204,-0.17187166357114803,c208ea5141f2b71772b5288cbb0d9fb1a867e70c5c134e6ce7961192b7a9eac4,RIM_ONE_r3,24.009124075246906,23.861234505622875,88.64786807314543,72.7757548380511,18a311c4ffc6e5bcd3ae277b5073d5f4cfb6c6f2689dc3a7692ec575a17a91d0,261,2370,DINOV2_VITS14_QUERY__RIM_ONE_r3__A1
DINOV2_VITS14_QUERY,faa023324ece2294c4bd8fc855043500fc787985,0.5555273280886102,-0.03348831519908141,-0.005442044693817268,0.20170753158124494,0.16503999055333396,-0.17749413327887575,c208ea5141f2b71772b5288cbb0d9fb1a867e70c5c134e6ce7961192b7a9eac4,RIM_ONE_r3,19.4746554193812,19.564721062741548,55.625501529022834,37.765931108927475,18a311c4ffc6e5bcd3ae277b5073d5f4cfb6c6f2689dc3a7692ec575a17a91d0,261,2380,DINOV2_VITS14_QUERY__RIM_ONE_r3__A1
DINOV2_VITS14_QUERY,faa023324ece2294c4bd8fc855043500fc787985,0.6512728752311184,-0.229047683136751,-0.09591490963170786,-0.10553960164883375,-0.10711936695967436,0.0665524401201273,c208ea5141f2b71772b5288cbb0d9fb1a867e70c5c134e6ce7961192b7a9eac4,RIM_ONE_r3,23.298508517164983,22.46563996057108,82.57041286885061,27.996197289298006,18a311c4ffc6e5bcd3ae277b5073d5f4cfb6c6f2689dc3a7692ec575a17a91d0,261,2390,DINOV2_VITS14_QUERY__RIM_ONE_r3__A1
DINOV2_VITS14_QUERY,faa023324ece2294c4bd8fc855043500fc787985,0.5489716706539448,-0.203622914423482,-0.22013744611744254,-0.1684123238478942,0.054853910149915454,-0.07278098256987132,c208ea5141f2b71772b5288cbb0d9fb1a867e70c5c134e6ce7961192b7a9eac4,RIM_ONE_r3,19.515461992108268,17.99973123218152,78.46342509918134,56.555904011333354,18a311c4ffc6e5bcd3ae277b5073d5f4cfb6c6f2689dc3a7692ec575a17a91d0,261,2400,DINOV2_VITS14_QUERY__RIM_ONE_r3__A1
DINOV2_VITS14_QUERY,faa023324ece2294c4bd8fc855043500fc787985,0.7197485558633279,0.13180594133656812,0.09540076787435486,0.07757136701658632,0.1597646040118971,-0.512423048059859,c208ea5141f2b71772b5288cbb0d9fb1a867e70c5c134e6ce7961192b7a9eac4,RIM_ONE_r3,25.75848791843119,25.308835725744277,62.84081717587739,64.09372270394505,18a311c4ffc6e5bcd3ae277b5073d5f4cfb6c6f2689dc3a7692ec575a17a91d0,261,2410,DINOV2_VITS14_QUERY__RIM_ONE_r3__A1
DINOV2_VITS14_QUERY,faa023324ece2294c4bd8fc855043500fc787985,0.6931366560611576,-0.10914086979194464,-0.2529285103183411,-0.18203204204600856,-0.08164879623674516,-0.3164672753738939,c208ea5141f2b71772b5288cbb0d9fb1a867e70c5c134e6ce7961192b7a9eac4,RIM_ONE_r3,24.25315402621939,23.575248937697463,107.09298911606176,30.291022467122044,18a311c4ffc6e5bcd3ae277b5073d5f4cfb6c6f2689dc3a7692ec575a17a91d0,261,2420,DINOV2_VITS14_QUERY__RIM_ONE_r3__A1
DINOV2_VITS14_QUERY,faa023324ece2294c4bd8fc855043500fc787985,0.6350634210431145,0.05805786290350958,0.01285155285298005,-0.01725465490827304,0.11001642874554537,-0.007406438028564776,c208ea5141f2b71772b5288cbb0d9fb1a867e70c5c134e6ce7961192b7a9eac4,RIM_ONE_r3,21.427387608601443,21.674735823673878,104.84452353163942,72.45588375540979,18a311c4ffc6e5bcd3ae277b5073d5f4cfb6c6f2689dc3a7692ec575a17a91d0,261,2430,DINOV2_VITS14_QUERY__RIM_ONE_r3__A1
DINOV2_VITS14_QUERY,faa023324ece2294c4bd8fc855043500fc787985,0.708767869847542,0.07211717893629702,0.06573144399235624,0.11608772888403665,0.105040995660806,0.5077891529064673,c208ea5141f2b71772b5288cbb0d9fb1a867e70c5c134e6ce7961192b7a9eac4,RIM_ONE_r3,23.367617110004183,23.887088993177784,60.124857522373226,43.747728042236965,18a311c4ffc6e5bcd3ae277b5073d5f4cfb6c6f2689dc3a7692ec575a17a91d0,261,2440,DINOV2_VITS14_QUERY__RIM_ONE_r3__A1
DINOV2_VITS14_QUERY,faa023324ece2294c4bd8fc855043500fc787985,0.6957185594539748,-0.1676603543997469,-0.019969603712368625,-0.2553485680611899,-0.23959885103929995,-0.0008075668318100032,c208ea5141f2b71772b5288cbb0d9fb1a867e70c5c134e6ce7961192b7a9eac4,RIM_ONE_r3,22.458932777914665,21.84975505867107,53.05040195442273,48.45245234142122,18a311c4ffc6e5bcd3ae277b5073d5f4cfb6c6f2689dc3a7692ec575a17a91d0,261,2450,DINOV2_VITS14_QUERY__RIM_ONE_r3__A1
DINOV2_VITS14_QUERY,faa023324ece2294c4bd8fc855043500fc787985,0.6961788915533356,-0.021212621326869466,-0.08207649823599839,0.07253366464357475,0.2386586630831305,-0.19829718515407543,c208ea5141f2b71772b5288cbb0d9fb1a867e70c5c134e6ce7961192b7a9eac4,RIM_ONE_r3,23.72204482682301,24.52822038581051,50.67269346947424,37.95164147687055,18a311c4ffc6e5bcd3ae277b5073d5f4cfb6c6f2689dc3a7692ec575a17a91d0,261,2460,DINOV2_VITS14_QUERY__RIM_ONE_r3__A1
DINOV2_VITS14_QUERY,faa023324ece2294c4bd8fc855043500fc787985,0.5896468648327702,-0.053414585124064586,-0.08108748690387417,0.022021835787298764,0.08704247832967177,-0.19402348768580335,c208ea5141f2b71772b5288cbb0d9fb1a867e70c5c134e6ce7961192b7a9eac4,RIM_ONE_r3,21.8754573946165,21.589688935554996,95.08223592658777,30.247300944507312,18a311c4ffc6e5bcd3ae277b5073d5f4cfb6c6f2689dc3a7692ec575a17a91d0,261,2470,DINOV2_VITS14_QUERY__RIM_ONE_r3__A1
DINOV2_VITS14_QUERY,faa023324ece2294c4bd8fc855043500fc787985,0.5342641018606155,-0.16951491443822078,-0.10020328099166319,0.15105035532643726,0.10761992793866543,-0.4024117344191869,c208ea5141f2b71772b5288cbb0d9fb1a867e70c5c134e6ce7961192b7a9eac4,RIM_ONE_r3,19.390884807736136,18.41381752445866,53.17641085875877,35.22295661219065,18a311c4ffc6e5bcd3ae277b5073d5f4cfb6c6f2689dc3a7692ec575a17a91d0,261,2480,DINOV2_VITS14_QUERY__RIM_ONE_r3__A1
DINOV2_VITS14_QUERY,faa023324ece2294c4bd8fc855043500fc787985,0.6297725757189051,-0.10308758922255101,-0.23938478782955983,-0.11681771692092906,-0.005378942313113707,-0.42537841953277317,c208ea5141f2b71772b5288cbb0d9fb1a867e70c5c134e6ce7961192b7a9eac4,RIM_ONE_r3,23.095062895515564,23.757780610418436,81.29539948817629,55.70138047929766,18a311c4ffc6e5bcd3ae277b5073d5f4cfb6c6f2689dc3a7692ec575a17a91d0,261,2490,DINOV2_VITS14_QUERY__RIM_ONE_r3__A1
DINOV2_VITS14_QUERY,faa023324ece2294c4bd8fc855043500fc787985,0.6638533333294001,-0.14364745818635882,-0.2029093509992032,-0.22041592213295255,-0.2606704267730032,0.5276162368383129,c208ea5141f2b71772b5288cbb0d9fb1a867e70c5c134e6ce7961192b7a9eac4,RIM_ONE_r3,21.075235435601083,19.75941690481856,114.83176875721884,59.79607090632568,18a311c4ffc6e5bcd3ae277b5073d5f4cfb6c6f2689dc3a7692ec575a17a91d0,261,2500,DINOV2_VITS14_QUERY__RIM_ONE_r3__A1
DINOV2_VITS14_QUERY,faa023324ece2294c4bd8fc855043500fc787985,0.6188873416868386,-0.008346722726259016,-0.16416651525536757,-0.30159998044674363,-0.08300926613013325,-0.5043677938214026,c208ea5141f2b71772b5288cbb0d9fb1a867e70c5c134e6ce7961192b7a9eac4,RIM_ONE_r3,23.801562040450648,21.88566521449041,88.06371795374862,42.78478260521521,18a311c4ffc6e5bcd3ae277b5073d5f4cfb6c6f2689dc3a7692ec575a17a91d0,261,2510,DINOV2_VITS14_QUERY__RIM_ONE_r3__A1
DINOV2_VITS14_QUERY,faa023324ece2294c4bd8fc855043500fc787985,0.48735578403754,-0.11127414294877802,-0.13013976076224573,-0.18014242235333652,-0.1706018034501288,0.20026437320992307,c208ea5141f2b71772b5288cbb0d9fb1a867e70c5c134e6ce7961192b7a9eac4,RIM_ONE_r3,18.695904091949718,17.862383937507307,72.1797251995802,42.915510906789706,18a311c4ffc6e5bcd3ae277b5073d5f4cfb6c6f2689dc3a7692ec575a17a91d0,261,2520,DINOV2_VITS14_QUERY__RIM_ONE_r3__A1
DINOV2_VITS14_QUERY,faa023324ece2294c4bd8fc855043500fc787985,0.6341339667758377,-0.03278975843799361,-0.10686261080701094,0.12913114301815187,0.032420378188443656,-0.06810023168375066,c208ea5141f2b71772b5288cbb0d9fb1a867e70c5c134e6ce7961192b7a9eac4,RIM_ONE_r3,23.590687489008562,22.491535982382327,117.68089162804753,30.95993269136294,18a311c4ffc6e5bcd3ae277b5073d5f4cfb6c6f2689dc3a7692ec575a17a91d0,261,2530,DINOV2_VITS14_QUERY__RIM_ONE_r3__A1
DINOV2_VITS14_QUERY,faa023324ece2294c4bd8fc855043500fc787985,0.6475095664121095,-0.10093859458461164,-0.1688178181505981,-0.09584255584314341,-0.059906767791494064,-0.1440980651665582,c208ea5141f2b71772b5288cbb0d9fb1a867e70c5c134e6ce7961192b7a9eac4,RIM_ONE_r3,21.54816279627572,21.163305800574317,61.01929237859898,29.944811235613017,18a311c4ffc6e5bcd3ae277b5073d5f4cfb6c6f2689dc3a7692ec575a17a91d0,261,2540,DINOV2_VITS14_QUERY__RIM_ONE_r3__A1
DINOV2_VITS14_QUERY,faa023324ece2294c4bd8fc855043500fc787985,0.5306650713694432,0.0786461182546871,0.09291096459677785,-0.15487521827149686,0.07678972747463456,0.23530271272253322,c208ea5141f2b71772b5288cbb0d9fb1a867e70c5c134e6ce7961192b7a9eac4,RIM_ONE_r3,20.188613584419514,18.085242407752833,151.99808276699113,32.30257838359527,18a311c4ffc6e5bcd3ae277b5073d5f4cfb6c6f2689dc3a7692ec575a17a91d0,261,2550,DINOV2_VITS14_QUERY__RIM_ONE_r3__A1
DINOV2_VITS14_QUERY,faa023324ece2294c4bd8fc855043500fc787985,0.5925846014992491,-0.10127133854622346,-0.10819422522640232,-0.1264708309855331,-0.11275834009986424,0.5171513257013832,c208ea5141f2b71772b5288cbb0d9fb1a867e70c5c134e6ce7961192b7a9eac4,RIM_ONE_r3,22.172337577438803,20.604837098814315,93.08513578881906,22.670252677798935,18a311c4ffc6e5bcd3ae277b5073d5f4cfb6c6f2689dc3a7692ec575a17a91d0,261,2560,DINOV2_VITS14_QUERY__RIM_ONE_r3__A1
DINOV2_VITS14_QUERY,faa023324ece2294c4bd8fc855043500fc787985,0.6443556202855658,-0.12685563305002664,-0.15355392729264966,-0.06401051471528456,-0.019682441085058608,-0.04849105123555878,c208ea5141f2b71772b5288cbb0d9fb1a867e70c5c134e6ce7961192b7a9eac4,RIM_ONE_r3,20.467488311977572,20.930501672036733,71.83778184198447,39.86463719472982,18a311c4ffc6e5bcd3ae277b5073d5f4cfb6c6f2689dc3a7692ec575a17a91d0,261,2570,DINOV2_VITS14_QUERY__RIM_ONE_r3__A1
DINOV2_VITS14_QUERY,faa023324ece2294c4bd8fc855043500fc787985,0.7331758964808462,0.07071565233985976,0.14024654504144554,0.06240210984904643,0.13977658434011359,0.5946994679116654,c208ea5141f2b71772b5288cbb0d9fb1a867e70c5c134e6ce7961192b7a9eac4,RIM_ONE_r3,23.22059307917096,22.59758981176659,138.10625231477644,60.67330064936324,18a311c4ffc6e5bcd3ae277b5073d5f4cfb6c6f2689dc3a7692ec575a17a91d0,261,2580,DINOV2_VITS14_QUERY__RIM_ONE_r3__A1
DINOV2_VITS14_QUERY,faa023324ece2294c4bd8fc855043500fc787985,0.6007170404567825,-0.11525224261208668,-0.12860092456287142,-0.08739649665787275,0.014337370892492547,0.35926143780796693,c208ea5141f2b71772b5288cbb0d9fb1a867e70c5c134e6ce7961192b7a9eac4,RIM_ONE_r3,20.342272908259698,18.614352737062074,185.87167897563683,39.170683918858884,18a311c4ffc6e5bcd3ae277b5073d5f4cfb6c6f2689dc3a7692ec575a17a91d0,261,2590,DINOV2_VITS14_QUERY__RIM_ONE_r3__A1
DINOV2_VITS14_QUERY,faa023324ece2294c4bd8fc855043500fc787985,0.6971340022046892,-0.2517235774328682,-0.27820669365612,-0.3184647656792393,-0.2802476939848277,0.09968468967685712,c208ea5141f2b71772b5288cbb0d9fb1a867e70c5c134e6ce7961192b7a9eac4,RIM_ONE_r3,25.634502183429618,23.816066826637982,55.72439272422614,31.044274689273674,18a311c4ffc6e5bcd3ae277b5073d5f4cfb6c6f2689dc3a7692ec575a17a91d0,261,2600,DINOV2_VITS14_QUERY__RIM_ONE_r3__A1
DINOV2_VITS14_QUERY,faa023324ece2294c4bd8fc855043500fc787985,0.33395041119522223,0.13523311802402382,-0.12724465222770703,0.14027668457614106,-0.05800490564612694,0.4284689814736529,c208ea5141f2b71772b5288cbb0d9fb1a867e70c5c134e6ce7961192b7a9eac4,RIM_ONE_r3,18.780176692585286,18.06518783791102,78.5985060083526,35.805079491778464,18a311c4ffc6e5bcd3ae277b5073d5f4cfb6c6f2689dc3a7692ec575a17a91d0,261,2610,DINOV2_VITS14_QUERY__RIM_ONE_r3__A1
DINOV2_VITS14_QUERY,faa023324ece2294c4bd8fc855043500fc787985,0.7555138433258414,-0.23854900280926736,-0.2623251531786123,0.09866764592627537,0.11210298396497417,-0.046016570881973355,c208ea5141f2b71772b5288cbb0d9fb1a867e70c5c134e6ce7961192b7a9eac4,RIM_ONE_r3,24.645904190328814,24.745936621780356,83.55803909224173,43.11240919942411,18a311c4ffc6e5bcd3ae277b5073d5f4cfb6c6f2689dc3a7692ec575a17a91d0,261,2620,DINOV2_VITS14_QUERY__RIM_ONE_r3__A1
DINOV2_VITS14_QUERY,faa023324ece2294c4bd8fc855043500fc787985,0.5542546445919133,-0.044685490376842975,-0.15275217115174664,-5.713187080589586e-05,-0.09154813866346175,0.5718953303519945,c208ea5141f2b71772b5288cbb0d9fb1a867e70c5c134e6ce7961192b7a9eac4,RIM_ONE_r3,21.125349382945938,19.995275854257237,64.39317060219066,44.9522871304833,18a311c4ffc6e5bcd3ae277b5073d5f4cfb6c6f2689dc3a7692ec575a17a91d0,261,2630,DINOV2_VITS14_QUERY__RIM_ONE_r3__A1
DINOV2_VITS14_QUERY,faa023324ece2294c4bd8fc855043500fc787985,0.6098971161966281,-0.05730079061633129,0.00017468747234285271,0.08630702167347891,0.233224594121198,0.0859690768225338,c208ea5141f2b71772b5288cbb0d9fb1a867e70c5c134e6ce7961192b7a9eac4,RIM_ONE_r3,22.681414009483454,22.13901980378229,47.796093617257476,53.1081334254985,18a311c4ffc6e5bcd3ae277b5073d5f4cfb6c6f2689dc3a7692ec575a17a91d0,261,2640,DINOV2_VITS14_QUERY__RIM_ONE_r3__A1
DINOV2_VITS14_QUERY,faa023324ece2294c4bd8fc855043500fc787985,0.5865685037398762,-0.09829060123685024,-0.0020358907312048925,-0.12375724702607818,0.007794502767525732,0.166669248926124,c208ea5141f2b71772b5288cbb0d9fb1a867e70c5c134e6ce7961192b7a9eac4,RIM_ONE_r3,18.378551796405752,18.44953280416712,59.25124624241094,37.43023650032193,18a311c4ffc6e5bcd3ae277b5073d5f4cfb6c6f2689dc3a7692ec575a17a91d0,261,2650,DINOV2_VITS14_QUERY__RIM_ONE_r3__A1
DINOV2_VITS14_QUERY,faa023324ece2294c4bd8fc855043500fc787985,0.545807640815621,-0.021226580202558288,0.0042340162616690226,-0.1342743495985891,-0.12037267588860266,0.10457662163259382,c208ea5141f2b71772b5288cbb0d9fb1a867e70c5c134e6ce7961192b7a9eac4,RIM_ONE_r3,21.13852553004729,17.919851956155366,159.52285577556557,43.49914649374003,18a311c4ffc6e5bcd3ae277b5073d5f4cfb6c6f2689dc3a7692ec575a17a91d0,261,2660,DINOV2_VITS14_QUERY__RIM_ONE_r3__A1
DINOV2_VITS14_QUERY,faa023324ece2294c4bd8fc855043500fc787985,0.5320969299975561,0.1051431294193908,-0.04712487772841219,-0.21055235331936262,-0.18903748083999805,-0.16766875531989994,c208ea5141f2b71772b5288cbb0d9fb1a867e70c5c134e6ce7961192b7a9eac4,RIM_ONE_r3,22.46590718877519,21.162651575936394,123.85454925128103,30.38173536864655,18a311c4ffc6e5bcd3ae277b5073d5f4cfb6c6f2689dc3a7692ec575a17a91d0,261,2670,DINOV2_VITS14_QUERY__RIM_ONE_r3__A1
DINOV2_VITS14_QUERY,faa023324ece2294c4bd8fc855043500fc787985,0.5050314744315385,-0.1356037791393388,-0.17360856740563937,-0.14285453882597482,0.010035543313204642,0.117002922981219,c208ea5141f2b71772b5288cbb0d9fb1a867e70c5c134e6ce7961192b7a9eac4,RIM_ONE_r3,19.089001570712888,17.26261922802251,66.98284443374718,43.3723238999215,18a311c4ffc6e5bcd3ae277b5073d5f4cfb6c6f2689dc3a7692ec575a17a91d0,261,2680,DINOV2_VITS14_QUERY__RIM_ONE_r3__A1
DINOV2_VITS14_QUERY,faa023324ece2294c4bd8fc855043500fc787985,0.6015889378529459,-0.07343843087412799,-0.1772684611279336,0.07440841498980963,0.20017576025036946,-0.10959053765306631,c208ea5141f2b71772b5288cbb0d9fb1a867e70c5c134e6ce7961192b7a9eac4,RIM_ONE_r3,22.46329933431402,22.254308033968137,67.8666183071886,34.93722507495789,18a311c4ffc6e5bcd3ae277b5073d5f4cfb6c6f2689dc3a7692ec575a17a91d0,261,2690,DINOV2_VITS14_QUERY__RIM_ONE_r3__A1
DINOV2_VITS14_QUERY,faa023324ece2294c4bd8fc855043500fc787985,0.6045448885311138,-0.08866687884602337,-0.13163212902560759,0.019247566626645424,0.05197025601373332,0.3867811977368005,c208ea5141f2b71772b5288cbb0d9fb1a867e70c5c134e6ce7961192b7a9eac4,RIM_ONE_r3,21.001325542042785,20.5137189696588,102.49260152323053,62.25580251674902,18a311c4ffc6e5bcd3ae277b5073d5f4cfb6c6f2689dc3a7692ec575a17a91d0,261,2700,DINOV2_VITS14_QUERY__RIM_ONE_r3__A1
DINOV2_VITS14_QUERY,faa023324ece2294c4bd8fc855043500fc787985,0.572310137348569,-0.13318885410064352,-0.27200848364316416,-0.08731604162496465,-0.06180569494281159,0.032913155930711965,c208ea5141f2b71772b5288cbb0d9fb1a867e70c5c134e6ce7961192b7a9eac4,RIM_ONE_r3,20.841894466130224,20.593295186425358,104.58200112464262,36.46452364207564,18a311c4ffc6e5bcd3ae277b5073d5f4cfb6c6f2689dc3a7692ec575a17a91d0,261,2710,DINOV2_VITS14_QUERY__RIM_ONE_r3__A1
DINOV2_VITS14_QUERY,faa023324ece2294c4bd8fc855043500fc787985,0.5931904896447604,-0.1630360588242106,-0.2174691624245196,0.05012115863425154,0.1114989056027832,0.0785085511416552,c208ea5141f2b71772b5288cbb0d9fb1a867e70c5c134e6ce7961192b7a9eac4,RIM_ONE_r3,22.174931286498634,20.503745783254452,64.6658774000302,41.35351222279146,18a311c4ffc6e5bcd3ae277b5073d5f4cfb6c6f2689dc3a7692ec575a17a91d0,261,2720,DINOV2_VITS14_QUERY__RIM_ONE_r3__A1
DINOV2_VITS14_QUERY,faa023324ece2294c4bd8fc855043500fc787985,0.5982342862553798,-0.03164248501615817,0.03613267008950473,-0.09176975254105144,0.028920924558910897,0.007917402084340698,c208ea5141f2b71772b5288cbb0d9fb1a867e70c5c134e6ce7961192b7a9eac4,RIM_ONE_r3,20.738833122656494,19.44698243286894,97.37877765294718,26.844693388382424,18a311c4ffc6e5bcd3ae277b5073d5f4cfb6c6f2689dc3a7692ec575a17a91d0,261,2730,DINOV2_VITS14_QUERY__RIM_ONE_r3__A1
DINOV2_VITS14_QUERY,faa023324ece2294c4bd8fc855043500fc787985,0.5669775814155805,0.1775334338930276,0.03661644668556696,0.1497165108254863,0.24628221582136006,0.07327588611172592,c208ea5141f2b71772b5288cbb0d9fb1a867e70c5c134e6ce7961192b7a9eac4,RIM_ONE_r3,22.785921199751638,21.442629644516582,68.53594980714156,55.55203638689884,18a311c4ffc6e5bcd3ae277b5073d5f4cfb6c6f2689dc3a7692ec575a17a91d0,261,2740,DINOV2_VITS14_QUERY__RIM_ONE_r3__A1
DINOV2_VITS14_QUERY,faa023324ece2294c4bd8fc855043500fc787985,0.5504815847430171,-0.0733842185069341,-0.03801762169051015,-0.008925870649407853,0.08662368421219463,-0.23610669846359422,c208ea5141f2b71772b5288cbb0d9fb1a867e70c5c134e6ce7961192b7a9eac4,RIM_ONE_r3,17.65791155068904,17.570565173073504,54.236827055299,31.886114025857452,18a311c4ffc6e5bcd3ae277b5073d5f4cfb6c6f2689dc3a7692ec575a17a91d0,261,2750,DINOV2_VITS14_QUERY__RIM_ONE_r3__A1
DINOV2_VITS14_QUERY,faa023324ece2294c4bd8fc855043500fc787985,0.4103405154697127,0.059667664845741694,0.053572764725096075,0.013419344389000058,0.13186858356878642,-0.12498943656796287,c208ea5141f2b71772b5288cbb0d9fb1a867e70c5c134e6ce7961192b7a9eac4,RIM_ONE_r3,19.167797886578988,18.505348178070868,81.67018099733566,64.66065563409724,18a311c4ffc6e5bcd3ae277b5073d5f4cfb6c6f2689dc3a7692ec575a17a91d0,261,2760,DINOV2_VITS14_QUERY__RIM_ONE_r3__A1
DINOV2_VITS14_QUERY,faa023324ece2294c4bd8fc855043500fc787985,0.713997973367383,-0.03261015864015596,-0.13496892466535532,0.10876131811566818,0.10916762665861297,0.4798001832605471,c208ea5141f2b71772b5288cbb0d9fb1a867e70c5c134e6ce7961192b7a9eac4,RIM_ONE_r3,24.241476726756893,24.594548511496345,130.9907045768366,42.22758518470357,18a311c4ffc6e5bcd3ae277b5073d5f4cfb6c6f2689dc3a7692ec575a17a91d0,261,2770,DINOV2_VITS14_QUERY__RIM_ONE_r3__A1
DINOV2_VITS14_QUERY,faa023324ece2294c4bd8fc855043500fc787985,0.6145582787847989,-0.0741147025695455,-0.14050724972614,-0.2892103838864887,-0.22022757083081543,0.36804665833147,c208ea5141f2b71772b5288cbb0d9fb1a867e70c5c134e6ce7961192b7a9eac4,RIM_ONE_r3,22.121709934548885,20.452318829778545,81.86459402301743,28.788747468623654,18a311c4ffc6e5bcd3ae277b5073d5f4cfb6c6f2689dc3a7692ec575a17a91d0,261,2780,DINOV2_VITS14_QUERY__RIM_ONE_r3__A1
DINOV2_VITS14_QUERY,faa023324ece2294c4bd8fc855043500fc787985,0.7033699393499112,-0.1294811920644977,-0.19902222496416475,0.22089568621624547,0.2843337054264871,-0.37482327622774053,c208ea5141f2b71772b5288cbb0d9fb1a867e70c5c134e6ce7961192b7a9eac4,RIM_ONE_r3,23.82722617585203,23.830431671429555,125.71102121911554,70.10855450294238,18a311c4ffc6e5bcd3ae277b5073d5f4cfb6c6f2689dc3a7692ec575a17a91d0,261,2790,DINOV2_VITS14_QUERY__RIM_ONE_r3__A1
DINOV2_VITS14_QUERY,faa023324ece2294c4bd8fc855043500fc787985,0.6568653910412425,0.022482663762028857,-0.08571116757989682,0.12121856049889336,0.14272744974260293,-0.343347034677678,c208ea5141f2b71772b5288cbb0d9fb1a867e70c5c134e6ce7961192b7a9eac4,RIM_ONE_r3,25.451113955372687,24.637087888182535,111.60215031628292,33.52074360721675,18a311c4ffc6e5bcd3ae277b5073d5f4cfb6c6f2689dc3a7692ec575a17a91d0,261,2800,DINOV2_VITS14_QUERY__RIM_ONE_r3__A1
DINOV2_VITS14_QUERY,faa023324ece2294c4bd8fc855043500fc787985,0.5491868036043536,0.07843090961908984,-0.051459431113654926,0.18332971274437226,0.20534314301398068,-0.169784397648384,c208ea5141f2b71772b5288cbb0d9fb1a867e70c5c134e6ce7961192b7a9eac4,RIM_ONE_r3,19.212327752192564,18.46115761920712,71.95840077967478,62.96877583765385,18a311c4ffc6e5bcd3ae277b5073d5f4cfb6c6f2689dc3a7692ec575a17a91d0,261,2810,DINOV2_VITS14_QUERY__RIM_ONE_r3__A1
DINOV2_VITS14_QUERY,faa023324ece2294c4bd8fc855043500fc787985,0.5351826836436732,-0.03061051795437521,-0.08300143568385093,-0.070506156350408,-0.13138838196028035,0.17888002944445472,c208ea5141f2b71772b5288cbb0d9fb1a867e70c5c134e6ce7961192b7a9eac4,RIM_ONE_r3,19.99310221911849,19.105503160082957,59.03165940705869,36.142018842587355,18a311c4ffc6e5bcd3ae277b5073d5f4cfb6c6f2689dc3a7692ec575a17a91d0,261,2820,DINOV2_VITS14_QUERY__RIM_ONE_r3__A1
DINOV2_VITS14_QUERY,faa023324ece2294c4bd8fc855043500fc787985,0.5118606910339466,0.04143154510057557,-0.015065592562742586,0.0526103733490772,-0.04449232181294143,-0.07044221342323617,c208ea5141f2b71772b5288cbb0d9fb1a867e70c5c134e6ce7961192b7a9eac4,RIM_ONE_r3,18.59487064716758,18.102732711937723,64.90719244542628,35.2388161558433,18a311c4ffc6e5bcd3ae277b5073d5f4cfb6c6f2689dc3a7692ec575a17a91d0,261,2830,DINOV2_VITS14_QUERY__RIM_ONE_r3__A1
DINOV2_VITS14_QUERY,faa023324ece2294c4bd8fc855043500fc787985,0.6894102030099412,-0.10109771815373844,-0.14780088028494326,0.11738054107550037,0.22316078973744657,-0.2269162962173293,c208ea5141f2b71772b5288cbb0d9fb1a867e70c5c134e6ce7961192b7a9eac4,RIM_ONE_r3,23.284027709104283,23.459309252135,70.55504109733698,33.73425225755577,18a311c4ffc6e5bcd3ae277b5073d5f4cfb6c6f2689dc3a7692ec575a17a91d0,261,2840,DINOV2_VITS14_QUERY__RIM_ONE_r3__A1
DINOV2_VITS14_QUERY,faa023324ece2294c4bd8fc855043500fc787985,0.6161015556811812,-0.28292041835742043,-0.2488972438167077,-0.33802640737347917,-0.22454105074150663,0.15077539796608153,c208ea5141f2b71772b5288cbb0d9fb1a867e70c5c134e6ce7961192b7a9eac4,RIM_ONE_r3,23.985303807637646,22.141951805431567,110.08490817255316,46.62148061937361,18a311c4ffc6e5bcd3ae277b5073d5f4cfb6c6f2689dc3a7692ec575a17a91d0,261,2850,DINOV2_VITS14_QUERY__RIM_ONE_r3__A1
DINOV2_VITS14_QUERY,faa023324ece2294c4bd8fc855043500fc787985,0.6137020463915794,-0.03353365753135088,-0.19637129915432414,-0.029729877756811303,0.050524445670375916,-0.06655179916027679,c208ea5141f2b71772b5288cbb0d9fb1a867e70c5c134e6ce7961192b7a9eac4,RIM_ONE_r3,23.333860622449976,22.137454493896726,107.1759246397582,33.03470121150853,18a311c4ffc6e5bcd3ae277b5073d5f4cfb6c6f2689dc3a7692ec575a17a91d0,261,2860,DINOV2_VITS14_QUERY__RIM_ONE_r3__A1
DINOV2_VITS14_QUERY,faa023324ece2294c4bd8fc855043500fc787985,0.6226394762092099,-0.09502458016013837,-0.2078040610165888,0.12030947886402793,0.005581816747701469,0.05430391178641008,c208ea5141f2b71772b5288cbb0d9fb1a867e70c5c134e6ce7961192b7a9eac4,RIM_ONE_r3,21.5925799631689,22.146186312496,52.88918933968156,37.99751582608244,18a311c4ffc6e5bcd3ae277b5073d5f4cfb6c6f2689dc3a7692ec575a17a91d0,261,2870,DINOV2_VITS14_QUERY__RIM_ONE_r3__A1
DINOV2_VITS14_QUERY,faa023324ece2294c4bd8fc855043500fc787985,0.6970868027957982,-0.018212659138949074,-0.020948589982173943,0.19876492897202336,0.33182476262320904,0.2957056537390461,c208ea5141f2b71772b5288cbb0d9fb1a867e70c5c134e6ce7961192b7a9eac4,RIM_ONE_r3,25.445387609614162,24.645870958110457,130.54680621929836,67.53853362308858,18a311c4ffc6e5bcd3ae277b5073d5f4cfb6c6f2689dc3a7692ec575a17a91d0,261,2880,DINOV2_VITS14_QUERY__RIM_ONE_r3__A1
DINOV2_VITS14_QUERY,faa023324ece2294c4bd8fc855043500fc787985,0.6053161774261646,-0.12479799493387644,-0.061541247807791945,0.09813362813161851,0.18314009388057892,0.470107570413074,c208ea5141f2b71772b5288cbb0d9fb1a867e70c5c134e6ce7961192b7a9eac4,RIM_ONE_r3,21.66023458535491,20.622193757837707,83.15776878750255,61.51571255549841,18a311c4ffc6e5bcd3ae277b5073d5f4cfb6c6f2689dc3a7692ec575a17a91d0,261,2890,DINOV2_VITS14_QUERY__RIM_ONE_r3__A1
DINOV2_VITS14_QUERY,faa023324ece2294c4bd8fc855043500fc787985,0.6464114833302878,-0.052042484967431156,-0.04057263081888442,-0.17084599678268186,-0.08786153499131792,0.15577473359882543,c208ea5141f2b71772b5288cbb0d9fb1a867e70c5c134e6ce7961192b7a9eac4,RIM_ONE_r3,20.610065850329313,20.573368904245743,63.15838941517771,30.629313713160187,18a311c4ffc6e5bcd3ae277b5073d5f4cfb6c6f2689dc3a7692ec575a17a91d0,261,2900,DINOV2_VITS14_QUERY__RIM_ONE_r3__A1
DINOV2_VITS14_QUERY,faa023324ece2294c4bd8fc855043500fc787985,0.7068911773962749,-0.02074300471789518,-0.02997405791368894,-0.030332041430428513,0.02547984942731934,-0.17958525431938754,c208ea5141f2b71772b5288cbb0d9fb1a867e70c5c134e6ce7961192b7a9eac4,RIM_ONE_r3,22.993130865633965,22.72656475807473,82.88670824325932,49.0739124407358,18a311c4ffc6e5bcd3ae277b5073d5f4cfb6c6f2689dc3a7692ec575a17a91d0,261,2910,DINOV2_VITS14_QUERY__RIM_ONE_r3__A1
DINOV2_VITS14_QUERY,faa023324ece2294c4bd8fc855043500fc787985,0.5976349167937416,-0.17586328848982954,-0.26613653787456154,-0.16498274893085033,-0.08482424432909692,0.01544274752467278,c208ea5141f2b71772b5288cbb0d9fb1a867e70c5c134e6ce7961192b7a9eac4,RIM_ONE_r3,21.101035488112952,20.82614820828917,58.21861697271652,28.043447148576426,18a311c4ffc6e5bcd3ae277b5073d5f4cfb6c6f2689dc3a7692ec575a17a91d0,261,2920,DINOV2_VITS14_QUERY__RIM_ONE_r3__A1
DINOV2_VITS14_QUERY,faa023324ece2294c4bd8fc855043500fc787985,0.7398649072739806,-0.11971067541733559,-0.1143888725836,0.0504663874381252,0.05947060351944849,0.46461574455399685,c208ea5141f2b71772b5288cbb0d9fb1a867e70c5c134e6ce7961192b7a9eac4,RIM_ONE_r3,23.2625110851003,23.81677445818437,74.23053466627059,84.60163701595104,18a311c4ffc6e5bcd3ae277b5073d5f4cfb6c6f2689dc3a7692ec575a17a91d0,261,2930,DINOV2_VITS14_QUERY__RIM_ONE_r3__A1
DINOV2_VITS14_QUERY,faa023324ece2294c4bd8fc855043500fc787985,0.5207998713294049,0.019323512796767327,-0.042913775591725566,-0.17190640589135062,-0.10225404576122493,0.013075533537125804,c208ea5141f2b71772b5288cbb0d9fb1a867e70c5c134e6ce7961192b7a9eac4,RIM_ONE_r3,19.77328754411326,19.232514676919646,56.96172408936632,30.61926861042852,18a311c4ffc6e5bcd3ae277b5073d5f4cfb6c6f2689dc3a7692ec575a17a91d0,261,2940,DINOV2_VITS14_QUERY__RIM_ONE_r3__A1
DINOV2_VITS14_QUERY,faa023324ece2294c4bd8fc855043500fc787985,0.5966593077515864,-0.17089936637466221,-0.21240943420128366,-0.11819027747624944,-0.1154587818555238,0.3327271451817035,c208ea5141f2b71772b5288cbb0d9fb1a867e70c5c134e6ce7961192b7a9eac4,RIM_ONE_r3,22.009512038335405,22.960338084768164,64.97629981424252,22.541268174262616,18a311c4ffc6e5bcd3ae277b5073d5f4cfb6c6f2689dc3a7692ec575a17a91d0,261,2950,DINOV2_VITS14_QUERY__RIM_ONE_r3__A1
DINOV2_VITS14_QUERY,faa023324ece2294c4bd8fc855043500fc787985,0.6124725852011699,-0.22622176641077266,-0.2917063833031899,0.004609109465734536,0.160846918786309,-0.21077293300460925,c208ea5141f2b71772b5288cbb0d9fb1a867e70c5c134e6ce7961192b7a9eac4,RIM_ONE_r3,20.909364604601315,20.496216858827495,61.87401470229835,38.099624126298835,18a311c4ffc6e5bcd3ae277b5073d5f4cfb6c6f2689dc3a7692ec575a17a91d0,261,2960,DINOV2_VITS14_QUERY__RIM_ONE_r3__A1
DINOV2_VITS14_QUERY,faa023324ece2294c4bd8fc855043500fc787985,0.715207225945112,-0.016717414792311383,0.05404111416997886,0.11919665183117961,0.12743207359246425,0.04747233262059733,c208ea5141f2b71772b5288cbb0d9fb1a867e70c5c134e6ce7961192b7a9eac4,RIM_ONE_r3,24.656590086516182,23.43823175851434,87.01174817349276,38.97742085785082,18a311c4ffc6e5bcd3ae277b5073d5f4cfb6c6f2689dc3a7692ec575a17a91d0,261,2970,DINOV2_VITS14_QUERY__RIM_ONE_r3__A1
DINOV2_VITS14_QUERY,faa023324ece2294c4bd8fc855043500fc787985,0.7293922526334214,-0.14984573810134433,-0.2797024021465312,-0.06587078349151819,-0.07191929544870947,-0.006619952555753478,c208ea5141f2b71772b5288cbb0d9fb1a867e70c5c134e6ce7961192b7a9eac4,RIM_ONE_r3,23.18519205106157,23.157449667271628,128.3034580940669,49.837254953666694,18a311c4ffc6e5bcd3ae277b5073d5f4cfb6c6f2689dc3a7692ec575a17a91d0,261,2980,DINOV2_VITS14_QUERY__RIM_ONE_r3__A1
DINOV2_VITS14_QUERY,faa023324ece2294c4bd8fc855043500fc787985,0.5787616296997384,-0.0789688833514322,0.00020735469157187071,-0.09888079097761189,0.1463098932307355,-0.06966002578090202,c208ea5141f2b71772b5288cbb0d9fb1a867e70c5c134e6ce7961192b7a9eac4,RIM_ONE_r3,20.694957221959083,19.555369607117118,113.49740346611695,80.42747603026982,18a311c4ffc6e5bcd3ae277b5073d5f4cfb6c6f2689dc3a7692ec575a17a91d0,261,2990,DINOV2_VITS14_QUERY__RIM_ONE_r3__A1
UNET_QUERY_128,faa023324ece2294c4bd8fc855043500fc787985,0.6641050888780807,-0.16232910108047116,-0.13047664710999904,0.04377798742217796,0.10827970751425543,0.32053755444477156,f0de6a35cdfcab3095a01a403be2c60d06f1af8101bb978bac059f61a9b6795f,Drishti_GS,2.9384790101900937,5.04206954153973,6.197357974362912,14.378912907960132,aab5919bd97de2a360c59097d3eab38a516e013c004947b27253ca769928dd32,261,2000,UNET_QUERY_128__Drishti_GS__A1
UNET_QUERY_128,faa023324ece2294c4bd8fc855043500fc787985,0.6680255463639102,0.055867406327597055,0.07374470252966295,0.006415818363085876,0.06518241795517782,0.28254264519986627,f0de6a35cdfcab3095a01a403be2c60d06f1af8101bb978bac059f61a9b6795f,Drishti_GS,3.0354664915438234,5.028058745923646,7.161488560901097,14.305445358147356,aab5919bd97de2a360c59097d3eab38a516e013c004947b27253ca769928dd32,261,2010,UNET_QUERY_128__Drishti_GS__A1
UNET_QUERY_128,faa023324ece2294c4bd8fc855043500fc787985,0.582382410280067,0.02648384614650244,0.09988100157487072,0.05964330373996341,0.04241441458310428,-0.8308803084481231,f0de6a35cdfcab3095a01a403be2c60d06f1af8101bb978bac059f61a9b6795f,Drishti_GS,2.22044727469414,5.134109060262485,11.865748718752096,11.797572119196294,aab5919bd97de2a360c59097d3eab38a516e013c004947b27253ca769928dd32,261,2020,UNET_QUERY_128__Drishti_GS__A1
UNET_QUERY_128,faa023324ece2294c4bd8fc855043500fc787985,0.7591777889988549,0.5002677623560954,0.49973449025627165,0.4338715124374848,0.4837124921759616,0.7830055747120417,f0de6a35cdfcab3095a01a403be2c60d06f1af8101bb978bac059f61a9b6795f,Drishti_GS,3.412420715488254,5.8830020586624086,14.026453474547193,20.435508805305208,aab5919bd97de2a360c59097d3eab38a516e013c004947b27253ca769928dd32,261,2030,UNET_QUERY_128__Drishti_GS__A1
UNET_QUERY_128,faa023324ece2294c4bd8fc855043500fc787985,-0.07199537641332812,0.00591835191200762,-0.23408785628619264,0.016980013085485836,0.5273669402688839,-0.40162009616690886,f0de6a35cdfcab3095a01a403be2c60d06f1af8101bb978bac059f61a9b6795f,Drishti_GS,3.413291485788831,4.574067979624506,6.517370665542962,9.58267090724981,aab5919bd97de2a360c59097d3eab38a516e013c004947b27253ca769928dd32,261,2040,UNET_QUERY_128__Drishti_GS__A1
UNET_QUERY_128,faa023324ece2294c4bd8fc855043500fc787985,0.37916014056766273,0.12135216828494354,0.23766770576980337,0.19986067825668719,0.21531450481312941,0.45003688929824587,f0de6a35cdfcab3095a01a403be2c60d06f1af8101bb978bac059f61a9b6795f,Drishti_GS,1.8248438954108728,3.8244184134197816,5.106876504067612,9.742659290808739,aab5919bd97de2a360c59097d3eab38a516e013c004947b27253ca769928dd32,261,2050,UNET_QUERY_128__Drishti_GS__A1
UNET_QUERY_128,faa023324ece2294c4bd8fc855043500fc787985,0.6204561374782751,0.48159289701000474,0.41930966379322204,0.48513461367690847,0.4283728341619012,0.9121560208125657,f0de6a35cdfcab3095a01a403be2c60d06f1af8101bb978bac059f61a9b6795f,Drishti_GS,2.5036836101389763,4.750964664652539,7.866063444865854,7.461936272579972,aab5919bd97de2a360c59097d3eab38a516e013c004947b27253ca769928dd32,261,2060,UNET_QUERY_128__Drishti_GS__A1
UNET_QUERY_128,faa023324ece2294c4bd8fc855043500fc787985,0.5457892861017829,0.12923300449469796,0.1547563699134997,0.09337666521644347,0.2379028979520291,0.2932983007891469,f0de6a35cdfcab3095a01a403be2c60d06f1af8101bb978bac059f61a9b6795f,Drishti_GS,1.7457223587188535,4.03611495208338,11.179570802117693,5.402795483836211,aab5919bd97de2a360c59097d3eab38a516e013c004947b27253ca769928dd32,261,2070,UNET_QUERY_128__Drishti_GS__A1
UNET_QUERY_128,faa023324ece2294c4bd8fc855043500fc787985,0.3928679865255273,0.04986460451517775,0.1491374911420063,0.25933301203211234,0.2840552949430665,0.6779400375431678,f0de6a35cdfcab3095a01a403be2c60d06f1af8101bb978bac059f61a9b6795f,Drishti_GS,1.827158544653582,3.8735847249024964,5.433044649398308,9.414241461423554,aab5919bd97de2a360c59097d3eab38a516e013c004947b27253ca769928dd32,261,2080,UNET_QUERY_128__Drishti_GS__A1
UNET_QUERY_128,faa023324ece2294c4bd8fc855043500fc787985,-0.40885920705949763,0.6702816126798479,-0.21960660262584245,-0.5951030551045948,0.3004967806434036,-0.649986893941509,f0de6a35cdfcab3095a01a403be2c60d06f1af8101bb978bac059f61a9b6795f,Drishti_GS,3.79581343366179,3.8109134184809426,6.220778038078417,4.232619574034409,aab5919bd97de2a360c59097d3eab38a516e013c004947b27253ca769928dd32,261,2090,UNET_QUERY_128__Drishti_GS__A1
UNET_QUERY_128,faa023324ece2294c4bd8fc855043500fc787985,0.4173032055715255,0.17165498159029574,0.11521482031520934,0.2649357303996921,0.24653992571092767,0.5663680741408365,f0de6a35cdfcab3095a01a403be2c60d06f1af8101bb978bac059f61a9b6795f,Drishti_GS,2.0747411042642785,3.8784509759943973,4.3906486888691,9.992848116133262,aab5919bd97de2a360c59097d3eab38a516e013c004947b27253ca769928dd32,261,2100,UNET_QUERY_128__Drishti_GS__A1
UNET_QUERY_128,faa023324ece2294c4bd8fc855043500fc787985,-0.2906529011666676,0.20185969751864669,-0.16977513749375436,-0.5541880385836133,0.36266775828040354,-0.2732602326865622,f0de6a35cdfcab3095a01a403be2c60d06f1af8101bb978bac059f61a9b6795f,Drishti_GS,4.1953831395964745,3.3788506411622126,6.454928487811944,5.8429081865573655,aab5919bd97de2a360c59097d3eab38a516e013c004947b27253ca769928dd32,261,2110,UNET_QUERY_128__Drishti_GS__A1
UNET_QUERY_128,faa023324ece2294c4bd8fc855043500fc787985,0.45355572703729347,-0.05817265086275341,-0.05734584710193551,0.0670933378236972,0.11268458875148683,0.305898768464122,f0de6a35cdfcab3095a01a403be2c60d06f1af8101bb978bac059f61a9b6795f,Drishti_GS,1.6997920142392398,3.5261705743579457,7.407051039139105,7.842972322043446,aab5919bd97de2a360c59097d3eab38a516e013c004947b27253ca769928dd32,261,2120,UNET_QUERY_128__Drishti_GS__A1
UNET_QUERY_128,faa023324ece2294c4bd8fc855043500fc787985,-0.13236617099890083,0.5492615466481928,-0.21897589677534313,0.40518346240509756,-0.1139912916433602,0.1164086372222361,f0de6a35cdfcab3095a01a403be2c60d06f1af8101bb978bac059f61a9b6795f,Drishti_GS,3.7578135677402447,4.4760758589366665,6.836550357351251,4.450900949006643,aab5919bd97de2a360c59097d3eab38a516e013c004947b27253ca769928dd32,261,2130,UNET_QUERY_128__Drishti_GS__A1
UNET_QUERY_128,faa023324ece2294c4bd8fc855043500fc787985,0.46597585343797243,0.2190963629740171,0.2427102087338091,0.20489717313691727,0.2104493830572655,0.4174222880364002,f0de6a35cdfcab3095a01a403be2c60d06f1af8101bb978bac059f61a9b6795f,Drishti_GS,1.949936452455787,4.196247676901135,8.364921784414626,17.578886870548438,aab5919bd97de2a360c59097d3eab38a516e013c004947b27253ca769928dd32,261,2140,UNET_QUERY_128__Drishti_GS__A1
UNET_QUERY_128,faa023324ece2294c4bd8fc855043500fc787985,-0.13932787941120278,0.1540679079786176,-0.36025713567677464,0.11609767932214385,-0.21041104459957993,0.4017209441965281,f0de6a35cdfcab3095a01a403be2c60d06f1af8101bb978bac059f61a9b6795f,Drishti_GS,1.4254963492777424,3.7345965356907427,10.479520465101043,4.417909570350965,aab5919bd97de2a360c59097d3eab38a516e013c004947b27253ca769928dd32,261,2150,UNET_QUERY_128__Drishti_GS__A1
UNET_QUERY_128,faa023324ece2294c4bd8fc855043500fc787985,0.5885971302033481,0.15134606378653628,0.2220665077036358,0.29203887811792456,0.35084370799625403,0.7646595747072802,f0de6a35cdfcab3095a01a403be2c60d06f1af8101bb978bac059f61a9b6795f,Drishti_GS,2.8950129909112445,4.60883977735666,13.792027852455245,17.577580985489497,aab5919bd97de2a360c59097d3eab38a516e013c004947b27253ca769928dd32,261,2160,UNET_QUERY_128__Drishti_GS__A1
UNET_QUERY_128,faa023324ece2294c4bd8fc855043500fc787985,0.5934310403861874,-0.18255827679008366,-0.2882809957803229,0.20233310829826232,0.18426536410605646,-0.2231442139335096,f0de6a35cdfcab3095a01a403be2c60d06f1af8101bb978bac059f61a9b6795f,Drishti_GS,2.097403019052066,4.725542203788875,14.401141715838541,5.761884413729116,aab5919bd97de2a360c59097d3eab38a516e013c004947b27253ca769928dd32,261,2170,UNET_QUERY_128__Drishti_GS__A1
UNET_QUERY_128,faa023324ece2294c4bd8fc855043500fc787985,-0.07117707052743565,0.16656328861785152,0.17498125580698745,0.08237424328142157,0.24571787128684341,-0.041783716152138536,f0de6a35cdfcab3095a01a403be2c60d06f1af8101bb978bac059f61a9b6795f,Drishti_GS,1.4498058268527327,3.520632501760758,2.357672570516832,7.347372784571062,aab5919bd97de2a360c59097d3eab38a516e013c004947b27253ca769928dd32,261,2180,UNET_QUERY_128__Drishti_GS__A1
UNET_QUERY_128,faa023324ece2294c4bd8fc855043500fc787985,0.3552524058801903,-0.01565349896380283,-0.015456077133586925,0.18307477874874206,0.21447730048537914,0.40304037401483306,f0de6a35cdfcab3095a01a403be2c60d06f1af8101bb978bac059f61a9b6795f,Drishti_GS,1.8025885989450392,3.6167531801064854,2.7968193202161387,11.186877316995295,aab5919bd97de2a360c59097d3eab38a516e013c004947b27253ca769928dd32,261,2190,UNET_QUERY_128__Drishti_GS__A1
UNET_QUERY_128,faa023324ece2294c4bd8fc855043500fc787985,0.06973729975860829,-0.054343107841378524,-0.28214207472678515,-0.13754201349238127,0.03571960968104586,0.14290329182498956,f0de6a35cdfcab3095a01a403be2c60d06f1af8101bb978bac059f61a9b6795f,Drishti_GS,1.4737565166401803,3.7248410666571266,4.711510921718641,5.597584255134652,aab5919bd97de2a360c59097d3eab38a516e013c004947b27253ca769928dd32,261,2200,UNET_QUERY_128__Drishti_GS__A1
UNET_QUERY_128,faa023324ece2294c4bd8fc855043500fc787985,0.025299702669994192,0.223250951344032,0.1792515069503183,0.14908945988907904,0.18914804268104096,0.184138165330203,f0de6a35cdfcab3095a01a403be2c60d06f1af8101bb978bac059f61a9b6795f,Drishti_GS,1.5945599251917182,3.47985232627646,2.553498456494509,5.843128138545881,aab5919bd97de2a360c59097d3eab38a516e013c004947b27253ca769928dd32,261,2210,UNET_QUERY_128__Drishti_GS__A1
UNET_QUERY_128,faa023324ece2294c4bd8fc855043500fc787985,0.5603414197759906,0.48594080858477273,0.4338473663352076,0.49441219560788496,0.48957618795608465,0.8438872226055729,f0de6a35cdfcab3095a01a403be2c60d06f1af8101bb978bac059f61a9b6795f,Drishti_GS,2.045529930075576,4.400758188159018,6.159299080485012,7.382932490957514,aab5919bd97de2a360c59097d3eab38a516e013c004947b27253ca769928dd32,261,2220,UNET_QUERY_128__Drishti_GS__A1
UNET_QUERY_128,faa023324ece2294c4bd8fc855043500fc787985,-0.16107114888129825,-0.41233200165390127,0.07741130580181359,0.3291195368917892,0.03378190774519025,-0.6620259051919738,f0de6a35cdfcab3095a01a403be2c60d06f1af8101bb978bac059f61a9b6795f,Drishti_GS,2.735493818808305,5.180528211376998,12.214897386772225,7.715757412465704,aab5919bd97de2a360c59097d3eab38a516e013c004947b27253ca769928dd32,261,2230,UNET_QUERY_128__Drishti_GS__A1
UNET_QUERY_128,faa023324ece2294c4bd8fc855043500fc787985,0.4377239380736718,0.0070140171339080895,-0.0015288461699698413,0.1453639477568292,0.14639576207946445,0.42803022696543713,f0de6a35cdfcab3095a01a403be2c60d06f1af8101bb978bac059f61a9b6795f,Drishti_GS,1.8958168183189956,4.261253172898077,5.763171370857772,15.642242746807844,aab5919bd97de2a360c59097d3eab38a516e013c004947b27253ca769928dd32,261,2240,UNET_QUERY_128__Drishti_GS__A1
UNET_QUERY_128,faa023324ece2294c4bd8fc855043500fc787985,-0.3655737734108848,0.6099590478829596,-0.334133624545833,-0.44269456754097625,0.20743198855500417,-0.06210086077431899,f0de6a35cdfcab3095a01a403be2c60d06f1af8101bb978bac059f61a9b6795f,Drishti_GS,3.893544529980262,3.961383317095368,5.293941515366334,4.883765285495664,aab5919bd97de2a360c59097d3eab38a516e013c004947b27253ca769928dd32,261,2250,UNET_QUERY_128__Drishti_GS__A1
UNET_QUERY_128,faa023324ece2294c4bd8fc855043500fc787985,0.4352937372591951,0.2318192994611065,0.2713629016776426,0.28150634273398883,0.3121202144987883,0.929808697308396,f0de6a35cdfcab3095a01a403be2c60d06f1af8101bb978bac059f61a9b6795f,Drishti_GS,1.9239086139868409,3.88052246996467,7.9149002333124345,17.637122113810868,aab5919bd97de2a360c59097d3eab38a516e013c004947b27253ca769928dd32,261,2260,UNET_QUERY_128__Drishti_GS__A1
UNET_QUERY_128,faa023324ece2294c4bd8fc855043500fc787985,0.31516647991569635,-0.25334208468563757,-0.2229547336817012,0.14641462770853073,0.229409142754434,-0.44281055268116487,f0de6a35cdfcab3095a01a403be2c60d06f1af8101bb978bac059f61a9b6795f,Drishti_GS,1.6833847517941778,3.58397273777645,4.45098370323145,8.038742975897552,aab5919bd97de2a360c59097d3eab38a516e013c004947b27253ca769928dd32,261,2270,UNET_QUERY_128__Drishti_GS__A1
UNET_QUERY_128,faa023324ece2294c4bd8fc855043500fc787985,0.45695601080708476,-0.07389772216083584,-0.15248102600511107,0.26613961571211164,0.3439719811521439,-0.07198785702989643,f0de6a35cdfcab3095a01a403be2c60d06f1af8101bb978bac059f61a9b6795f,Drishti_GS,1.9606228077746748,4.046675351737829,8.737638785805215,11.101809950821032,aab5919bd97de2a360c59097d3eab38a516e013c004947b27253ca769928dd32,261,2280,UNET_QUERY_128__Drishti_GS__A1
UNET_QUERY_128,faa023324ece2294c4bd8fc855043500fc787985,-0.1463944676925133,0.2519047372334098,0.10256055025880705,-0.5755976345383738,0.23341437918552552,0.09619805868249766,f0de6a35cdfcab3095a01a403be2c60d06f1af8101bb978bac059f61a9b6795f,Drishti_GS,4.053446203165974,4.720234164632801,4.534356419050386,6.905270990817871,aab5919bd97de2a360c59097d3eab38a516e013c004947b27253ca769928dd32,261,2290,UNET_QUERY_128__Drishti_GS__A1
UNET_QUERY_128,faa023324ece2294c4bd8fc855043500fc787985,0.45995770718526724,0.22260130692334432,0.24695609730878582,0.065677088990998,0.19802533578887638,0.29544743391681944,f0de6a35cdfcab3095a01a403be2c60d06f1af8101bb978bac059f61a9b6795f,Drishti_GS,1.7098357242784457,4.12625564668617,3.7061506355108786,5.561403286539196,aab5919bd97de2a360c59097d3eab38a516e013c004947b27253ca769928dd32,261,2300,UNET_QUERY_128__Drishti_GS__A1
UNET_QUERY_128,faa023324ece2294c4bd8fc855043500fc787985,0.6972243452978185,0.3166637572739245,0.3598463374628764,0.23905661865301697,0.3118695559797128,0.5583149438337699,f0de6a35cdfcab3095a01a403be2c60d06f1af8101bb978bac059f61a9b6795f,Drishti_GS,3.047221311057305,5.468698115355013,13.696137277336087,15.78132070398145,aab5919bd97de2a360c59097d3eab38a516e013c004947b27253ca769928dd32,261,2310,UNET_QUERY_128__Drishti_GS__A1
UNET_QUERY_128,faa023324ece2294c4bd8fc855043500fc787985,-0.016723315735003966,0.25855820076357994,0.1258195296969018,0.049389694870350845,0.17196713108794812,-0.06947775336274828,f0de6a35cdfcab3095a01a403be2c60d06f1af8101bb978bac059f61a9b6795f,Drishti_GS,1.4095774333711009,3.4729684772702507,2.9700087640508346,4.552681384136528,aab5919bd97de2a360c59097d3eab38a516e013c004947b27253ca769928dd32,261,2320,UNET_QUERY_128__Drishti_GS__A1
UNET_QUERY_128,faa023324ece2294c4bd8fc855043500fc787985,-0.22125822341578139,0.05786760773025857,-0.13660396537296962,-0.5835340517509457,0.3447460775535084,0.16469774790067193,f0de6a35cdfcab3095a01a403be2c60d06f1af8101bb978bac059f61a9b6795f,Drishti_GS,4.015973565801107,3.8668157573098774,3.6997181246786437,9.919930598641647,aab5919bd97de2a360c59097d3eab38a516e013c004947b27253ca769928dd32,261,2330,UNET_QUERY_128__Drishti_GS__A1
UNET_QUERY_128,faa023324ece2294c4bd8fc855043500fc787985,0.4838517602198284,0.01333324718465345,-0.031158508484656903,0.24828336007271998,0.23975015992397372,0.3084742976174756,f0de6a35cdfcab3095a01a403be2c60d06f1af8101bb978bac059f61a9b6795f,Drishti_GS,1.9479125445387948,4.501734163030473,6.314316998809887,11.12726168386128,aab5919bd97de2a360c59097d3eab38a516e013c004947b27253ca769928dd32,261,2340,UNET_QUERY_128__Drishti_GS__A1
UNET_QUERY_128,faa023324ece2294c4bd8fc855043500fc787985,-0.05189660182762958,0.15465505269679455,0.22103098254301837,0.02402410542441615,0.14284975975412095,0.2981346420524824,f0de6a35cdfcab3095a01a403be2c60d06f1af8101bb978bac059f61a9b6795f,Drishti_GS,1.3609824803279957,3.422429264812113,2.4563496689678574,5.181925810352413,aab5919bd97de2a360c59097d3eab38a516e013c004947b27253ca769928dd32,261,2350,UNET_QUERY_128__Drishti_GS__A1
UNET_QUERY_128,faa023324ece2294c4bd8fc855043500fc787985,0.4335972695821182,0.19964628059522108,0.19235806473301253,0.2115372718451718,0.2285874138916142,0.8496099838761438,f0de6a35cdfcab3095a01a403be2c60d06f1af8101bb978bac059f61a9b6795f,Drishti_GS,1.8989366690487726,3.887163557807805,8.845377181347084,14.558608704217225,aab5919bd97de2a360c59097d3eab38a516e013c004947b27253ca769928dd32,261,2360,UNET_QUERY_128__Drishti_GS__A1
UNET_QUERY_128,faa023324ece2294c4bd8fc855043500fc787985,-0.12755037054775573,0.4907549100341093,-0.30688806627599013,-0.023150186757242456,0.23842268465353744,-0.1302289249989204,f0de6a35cdfcab3095a01a403be2c60d06f1af8101bb978bac059f61a9b6795f,Drishti_GS,3.376524913972369,3.9560821099115935,6.838996664723696,11.248596356886466,aab5919bd97de2a360c59097d3eab38a516e013c004947b27253ca769928dd32,261,2370,UNET_QUERY_128__Drishti_GS__A1
UNET_QUERY_128,faa023324ece2294c4bd8fc855043500fc787985,-0.14703732286581328,-0.07015277898261629,-0.34717120503795595,-0.3027927547651325,0.1997576591248964,-0.32553620842051734,f0de6a35cdfcab3095a01a403be2c60d06f1af8101bb978bac059f61a9b6795f,Drishti_GS,2.6480872520227288,3.7987235981677103,16.946588496803106,3.379351178847188,aab5919bd97de2a360c59097d3eab38a516e013c004947b27253ca769928dd32,261,2380,UNET_QUERY_128__Drishti_GS__A1
UNET_QUERY_128,faa023324ece2294c4bd8fc855043500fc787985,0.06339888701198697,-0.01811484762387796,-0.3093125552353826,-0.028766820591926916,0.3305013798006426,-0.667244683225887,f0de6a35cdfcab3095a01a403be2c60d06f1af8101bb978bac059f61a9b6795f,Drishti_GS,1.4707883440456384,3.7631604516479524,12.951871322261411,5.40505340044999,aab5919bd97de2a360c59097d3eab38a516e013c004947b27253ca769928dd32,261,2390,UNET_QUERY_128__Drishti_GS__A1
UNET_QUERY_128,faa023324ece2294c4bd8fc855043500fc787985,0.5968275880667356,-0.3597474645546372,-0.3451755060946255,-0.17220943730650132,-0.1723339445160503,0.10935172041116288,f0de6a35cdfcab3095a01a403be2c60d06f1af8101bb978bac059f61a9b6795f,Drishti_GS,2.3587926576573497,4.780475490353064,4.8230706004179815,12.313013739944036,aab5919bd97de2a360c59097d3eab38a516e013c004947b27253ca769928dd32,261,2400,UNET_QUERY_128__Drishti_GS__A1
UNET_QUERY_128,faa023324ece2294c4bd8fc855043500fc787985,0.48757850110472295,0.5219956990479554,0.5904823189622002,-0.10507836178968397,0.0159666145575196,-0.4149915062846192,f0de6a35cdfcab3095a01a403be2c60d06f1af8101bb978bac059f61a9b6795f,Drishti_GS,1.5235399162562944,5.3680753599432185,7.875307584855676,5.925728265552487,aab5919bd97de2a360c59097d3eab38a516e013c004947b27253ca769928dd32,261,2410,UNET_QUERY_128__Drishti_GS__A1
UNET_QUERY_128,faa023324ece2294c4bd8fc855043500fc787985,0.5572018691126089,0.5278296253451892,0.44899881567632716,0.5482388397503586,0.4880067926766194,0.9358830098371335,f0de6a35cdfcab3095a01a403be2c60d06f1af8101bb978bac059f61a9b6795f,Drishti_GS,2.117946095294544,4.387537438158233,8.785178929368481,8.616780416953308,aab5919bd97de2a360c59097d3eab38a516e013c004947b27253ca769928dd32,261,2420,UNET_QUERY_128__Drishti_GS__A1
UNET_QUERY_128,faa023324ece2294c4bd8fc855043500fc787985,0.3748361110862286,0.1155723170054593,0.1752415307028764,0.18843181932922726,0.1709167577734801,0.1551138542998228,f0de6a35cdfcab3095a01a403be2c60d06f1af8101bb978bac059f61a9b6795f,Drishti_GS,1.7948620929090566,3.858856371231382,5.42679077788267,12.827664360800668,aab5919bd97de2a360c59097d3eab38a516e013c004947b27253ca769928dd32,261,2430,UNET_QUERY_128__Drishti_GS__A1
UNET_QUERY_128,faa023324ece2294c4bd8fc855043500fc787985,-0.3327317687600362,0.3748441776388084,-0.304590381850722,0.23082233850529013,-0.1959373251544948,0.41816445709613226,f0de6a35cdfcab3095a01a403be2c60d06f1af8101bb978bac059f61a9b6795f,Drishti_GS,3.6363478690256,3.5534160869455107,11.525935752859903,4.616727336744938,aab5919bd97de2a360c59097d3eab38a516e013c004947b27253ca769928dd32,261,2440,UNET_QUERY_128__Drishti_GS__A1
UNET_QUERY_128,faa023324ece2294c4bd8fc855043500fc787985,0.33003502749465413,-0.032166455601059296,-0.24974399983457782,0.006834669446430544,-0.10969695905994108,-0.3832030475783448,f0de6a35cdfcab3095a01a403be2c60d06f1af8101bb978bac059f61a9b6795f,Drishti_GS,1.2162754987421984,5.108109080922074,14.742957921464555,3.565052331942729,aab5919bd97de2a360c59097d3eab38a516e013c004947b27253ca769928dd32,261,2450,UNET_QUERY_128__Drishti_GS__A1
UNET_QUERY_128,faa023324ece2294c4bd8fc855043500fc787985,-0.3470830640511885,0.3820112614557215,-0.3107800123004661,-0.18834860739008283,-0.0011919313456814264,0.5056725237569387,f0de6a35cdfcab3095a01a403be2c60d06f1af8101bb978bac059f61a9b6795f,Drishti_GS,4.08203742120148,3.856144440960946,5.441039125144965,5.82668651867813,aab5919bd97de2a360c59097d3eab38a516e013c004947b27253ca769928dd32,261,2460,UNET_QUERY_128__Drishti_GS__A1
UNET_QUERY_128,faa023324ece2294c4bd8fc855043500fc787985,-0.13153230104844071,0.18185485607334242,-0.2578257961778165,-0.0010302776793787419,0.10130384490288276,0.12894027768985553,f0de6a35cdfcab3095a01a403be2c60d06f1af8101bb978bac059f61a9b6795f,Drishti_GS,1.3625263168933786,3.6724453831092743,12.961250211800035,4.079969895936073,aab5919bd97de2a360c59097d3eab38a516e013c004947b27253ca769928dd32,261,2470,UNET_QUERY_128__Drishti_GS__A1
UNET_QUERY_128,faa023324ece2294c4bd8fc855043500fc787985,0.09817707991539355,0.07183470625393909,-0.26272688188717913,0.014398363106896983,-0.23208633506881035,0.7321937486899033,f0de6a35cdfcab3095a01a403be2c60d06f1af8101bb978bac059f61a9b6795f,Drishti_GS,1.0504612693688482,3.421164491455533,18.302691252827014,7.633336780684344,aab5919bd97de2a360c59097d3eab38a516e013c004947b27253ca769928dd32,261,2480,UNET_QUERY_128__Drishti_GS__A1
UNET_QUERY_128,faa023324ece2294c4bd8fc855043500fc787985,0.5437015032954259,0.3539793670708888,0.06738145728695075,0.1260722388617081,0.22788669230856895,0.0020839842902746347,f0de6a35cdfcab3095a01a403be2c60d06f1af8101bb978bac059f61a9b6795f,Drishti_GS,2.057515411072262,4.450879965353189,10.711627774222743,8.14903157685855,aab5919bd97de2a360c59097d3eab38a516e013c004947b27253ca769928dd32,261,2490,UNET_QUERY_128__Drishti_GS__A1
UNET_QUERY_128,faa023324ece2294c4bd8fc855043500fc787985,0.0020115054582709566,0.1772448439160302,0.09101842759128144,0.07825883933761622,0.15945992903957934,-0.2050225411273664,f0de6a35cdfcab3095a01a403be2c60d06f1af8101bb978bac059f61a9b6795f,Drishti_GS,1.3943455737637742,3.4847283578104746,2.382286095455744,3.6991730920894343,aab5919bd97de2a360c59097d3eab38a516e013c004947b27253ca769928dd32,261,2500,UNET_QUERY_128__Drishti_GS__A1
UNET_QUERY_128,faa023324ece2294c4bd8fc855043500fc787985,0.11646435780412667,0.08685464469061904,0.20077796164658565,0.08409735974069958,0.28424234356964767,0.8299189760438836,f0de6a35cdfcab3095a01a403be2c60d06f1af8101bb978bac059f61a9b6795f,Drishti_GS,1.4018956293526317,3.2860864089560886,15.599029902780723,26.92661483437833,aab5919bd97de2a360c59097d3eab38a516e013c004947b27253ca769928dd32,261,2510,UNET_QUERY_128__Drishti_GS__A1
UNET_QUERY_128,faa023324ece2294c4bd8fc855043500fc787985,0.30991455561098813,-0.1048179120444813,-0.013693029232382773,0.11115685217727485,0.13978107219280594,0.2907258511951624,f0de6a35cdfcab3095a01a403be2c60d06f1af8101bb978bac059f61a9b6795f,Drishti_GS,1.7433643849959846,3.6778034824238452,5.396138830189134,4.37650770123074,aab5919bd97de2a360c59097d3eab38a516e013c004947b27253ca769928dd32,261,2520,UNET_QUERY_128__Drishti_GS__A1
UNET_QUERY_128,faa023324ece2294c4bd8fc855043500fc787985,0.695144685057682,0.07147909042695597,0.12987985174290867,0.32772218039804885,0.36223360343825584,0.6509831656696659,f0de6a35cdfcab3095a01a403be2c60d06f1af8101bb978bac059f61a9b6795f,Drishti_GS,3.1439232802876456,5.369140277454676,8.78717163320105,14.104901915800669,aab5919bd97de2a360c59097d3eab38a516e013c004947b27253ca769928dd32,261,2530,UNET_QUERY_128__Drishti_GS__A1
UNET_QUERY_128,faa023324ece2294c4bd8fc855043500fc787985,0.17845976830836363,-0.23541294500153837,-0.28745831611808187,-0.10402719369590675,0.019077612754038617,0.30343328143552334,f0de6a35cdfcab3095a01a403be2c60d06f1af8101bb978bac059f61a9b6795f,Drishti_GS,1.7525508522409594,3.83724995764015,5.962276894148559,4.677979901831545,aab5919bd97de2a360c59097d3eab38a516e013c004947b27253ca769928dd32,261,2540,UNET_QUERY_128__Drishti_GS__A1
UNET_QUERY_128,faa023324ece2294c4bd8fc855043500fc787985,0.5821683868267356,0.3207960889436854,0.30008001664006406,-0.07062902764269496,0.04029492273805734,0.22026758549320158,f0de6a35cdfcab3095a01a403be2c60d06f1af8101bb978bac059f61a9b6795f,Drishti_GS,2.4384322816285002,4.611397723519651,5.424575129163924,9.132966935767415,aab5919bd97de2a360c59097d3eab38a516e013c004947b27253ca769928dd32,261,2550,UNET_QUERY_128__Drishti_GS__A1
UNET_QUERY_128,faa023324ece2294c4bd8fc855043500fc787985,0.4744083421135903,0.030516532055119068,0.2542177741885046,0.059315950659427984,0.31273362535121524,0.8785712784307932,f0de6a35cdfcab3095a01a403be2c60d06f1af8101bb978bac059f61a9b6795f,Drishti_GS,1.9219477596933143,3.9641185208946212,15.169990893190146,39.49588499037033,aab5919bd97de2a360c59097d3eab38a516e013c004947b27253ca769928dd32,261,2560,UNET_QUERY_128__Drishti_GS__A1
UNET_QUERY_128,faa023324ece2294c4bd8fc855043500fc787985,-0.47551634265261467,-0.05801684516834067,0.26082095216126094,0.054270254674391616,-0.09367051717594473,0.060352073659683265,f0de6a35cdfcab3095a01a403be2c60d06f1af8101bb978bac059f61a9b6795f,Drishti_GS,1.3679851969987236,5.764800352671322,12.8070892347095,3.7498321194983038,aab5919bd97de2a360c59097d3eab38a516e013c004947b27253ca769928dd32,261,2570,UNET_QUERY_128__Drishti_GS__A1
UNET_QUERY_128,faa023324ece2294c4bd8fc855043500fc787985,0.09649439909538275,0.27624480930549394,0.05525782679866003,-0.05073861384790668,-0.012764071121247824,0.3457014543197563,f0de6a35cdfcab3095a01a403be2c60d06f1af8101bb978bac059f61a9b6795f,Drishti_GS,1.4424565045606779,3.1556516849676277,12.385484445133788,4.078177527524983,aab5919bd97de2a360c59097d3eab38a516e013c004947b27253ca769928dd32,261,2580,UNET_QUERY_128__Drishti_GS__A1
UNET_QUERY_128,faa023324ece2294c4bd8fc855043500fc787985,-0.40655978360116296,-0.08487365024082351,0.0494488101004587,0.03439414695186187,0.01365445799080059,0.33663361899679395,f0de6a35cdfcab3095a01a403be2c60d06f1af8101bb978bac059f61a9b6795f,Drishti_GS,1.8149370297633367,5.155460748689326,15.3942342998326,5.5892961764678635,aab5919bd97de2a360c59097d3eab38a516e013c004947b27253ca769928dd32,261,2590,UNET_QUERY_128__Drishti_GS__A1
UNET_QUERY_128,faa023324ece2294c4bd8fc855043500fc787985,0.37291454959322917,-0.10858240344983014,-0.08430626732003273,0.13045671888272276,0.16144804699284784,0.009374507247059927,f0de6a35cdfcab3095a01a403be2c60d06f1af8101bb978bac059f61a9b6795f,Drishti_GS,1.8249339041867914,4.084914177973334,5.845930281907414,15.450025746572456,aab5919bd97de2a360c59097d3eab38a516e013c004947b27253ca769928dd32,261,2600,UNET_QUERY_128__Drishti_GS__A1
UNET_QUERY_128,faa023324ece2294c4bd8fc855043500fc787985,0.4574785118055889,0.19160245972365123,0.023627000026500287,0.3140874994346261,0.2785868216712614,0.33176569249153326,f0de6a35cdfcab3095a01a403be2c60d06f1af8101bb978bac059f61a9b6795f,Drishti_GS,1.8823861339460781,4.064845503378226,12.468930601583027,8.08584224618971,aab5919bd97de2a360c59097d3eab38a516e013c004947b27253ca769928dd32,261,2610,UNET_QUERY_128__Drishti_GS__A1
UNET_QUERY_128,faa023324ece2294c4bd8fc855043500fc787985,0.18909034879207517,-0.022323442460116617,-0.13812295660730503,-0.005720624792099152,-0.01442596837495563,0.1513171304022327,f0de6a35cdfcab3095a01a403be2c60d06f1af8101bb978bac059f61a9b6795f,Drishti_GS,1.2458248842967878,3.241447922144674,9.830836096494004,6.74874707123614,aab5919bd97de2a360c59097d3eab38a516e013c004947b27253ca769928dd32,261,2620,UNET_QUERY_128__Drishti_GS__A1
UNET_QUERY_128,faa023324ece2294c4bd8fc855043500fc787985,0.42172364991678923,-0.04214447904988615,-0.07169339651346465,0.32744592119049143,0.2725020176272384,0.4945616805233747,f0de6a35cdfcab3095a01a403be2c60d06f1af8101bb978bac059f61a9b6795f,Drishti_GS,2.146717353290455,3.879885778734452,3.5511319226440623,8.400672812823503,aab5919bd97de2a360c59097d3eab38a516e013c004947b27253ca769928dd32,261,2630,UNET_QUERY_128__Drishti_GS__A1
UNET_QUERY_128,faa023324ece2294c4bd8fc855043500fc787985,0.6907169992642425,-0.662967825564294,-0.5142342777439544,-0.656980374197052,-0.47204984885059953,0.5996194542569052,f0de6a35cdfcab3095a01a403be2c60d06f1af8101bb978bac059f61a9b6795f,Drishti_GS,3.322924653930939,5.04715367854318,11.936212662280665,8.636627434723415,aab5919bd97de2a360c59097d3eab38a516e013c004947b27253ca769928dd32,261,2640,UNET_QUERY_128__Drishti_GS__A1
UNET_QUERY_128,faa023324ece2294c4bd8fc855043500fc787985,-0.17218078527313918,0.40853649629783934,-0.20350344684575242,0.1371350216084325,-0.05106233348200327,0.010767364960820015,f0de6a35cdfcab3095a01a403be2c60d06f1af8101bb978bac059f61a9b6795f,Drishti_GS,3.6673089943940944,3.3419161334372705,11.979226733820562,6.120638370822448,aab5919bd97de2a360c59097d3eab38a516e013c004947b27253ca769928dd32,261,2650,UNET_QUERY_128__Drishti_GS__A1
UNET_QUERY_128,faa023324ece2294c4bd8fc855043500fc787985,-0.4106501541116911,0.616725711894489,-0.19765226499496133,-0.41557344920536693,0.22415832078523668,-0.1703517105178714,f0de6a35cdfcab3095a01a403be2c60d06f1af8101bb978bac059f61a9b6795f,Drishti_GS,3.7934951805928003,3.834888166966015,6.339163029473309,3.4320479192077973,aab5919bd97de2a360c59097d3eab38a516e013c004947b27253ca769928dd32,261,2660,UNET_QUERY_128__Drishti_GS__A1
UNET_QUERY_128,faa023324ece2294c4bd8fc855043500fc787985,0.6302459834369699,0.5155045042955423,0.4425452541301748,0.49198404942368024,0.43626776485916774,0.9201704325113572,f0de6a35cdfcab3095a01a403be2c60d06f1af8101bb978bac059f61a9b6795f,Drishti_GS,2.4425438334955105,4.774843447095807,7.47159254369306,7.485274126730938,aab5919bd97de2a360c59097d3eab38a516e013c004947b27253ca769928dd32,261,2670,UNET_QUERY_128__Drishti_GS__A1
UNET_QUERY_128,faa023324ece2294c4bd8fc855043500fc787985,0.5400302178416821,0.17337769737354472,0.006357925037867918,-0.013738106770447648,0.08667144694388629,-0.13548898459977238,f0de6a35cdfcab3095a01a403be2c60d06f1af8101bb978bac059f61a9b6795f,Drishti_GS,2.412969270946771,4.922488118064721,16.96124204069373,7.263231983562249,aab5919bd97de2a360c59097d3eab38a516e013c004947b27253ca769928dd32,261,2680,UNET_QUERY_128__Drishti_GS__A1
UNET_QUERY_128,faa023324ece2294c4bd8fc855043500fc787985,0.14693631289286577,0.18748948242841404,-0.4465030412372011,-0.15496753398132837,0.051384046932938104,0.297524316774678,f0de6a35cdfcab3095a01a403be2c60d06f1af8101bb978bac059f61a9b6795f,Drishti_GS,4.321174983091475,4.986409787125855,15.380920349408257,4.1404723584766145,aab5919bd97de2a360c59097d3eab38a516e013c004947b27253ca769928dd32,261,2690,UNET_QUERY_128__Drishti_GS__A1
UNET_QUERY_128,faa023324ece2294c4bd8fc855043500fc787985,0.6232172253556899,0.3717235697803373,0.414715836118343,0.15849140914900012,0.1718115735293756,0.3758055324620385,f0de6a35cdfcab3095a01a403be2c60d06f1af8101bb978bac059f61a9b6795f,Drishti_GS,2.2652805198273986,4.822769707700169,7.487184081241355,7.751587747572096,aab5919bd97de2a360c59097d3eab38a516e013c004947b27253ca769928dd32,261,2700,UNET_QUERY_128__Drishti_GS__A1
UNET_QUERY_128,faa023324ece2294c4bd8fc855043500fc787985,0.32353109101925204,-0.127633732040371,0.08715521742842781,0.14444146207159403,0.12288172668306617,0.11569380983753899,f0de6a35cdfcab3095a01a403be2c60d06f1af8101bb978bac059f61a9b6795f,Drishti_GS,1.918056298401756,5.037677303175173,11.391000407279943,13.990903647717694,aab5919bd97de2a360c59097d3eab38a516e013c004947b27253ca769928dd32,261,2710,UNET_QUERY_128__Drishti_GS__A1
UNET_QUERY_128,faa023324ece2294c4bd8fc855043500fc787985,0.47013537677766803,0.38138834979318903,0.22043306037710744,0.33700290160169233,0.30073968367144155,0.5119417439427477,f0de6a35cdfcab3095a01a403be2c60d06f1af8101bb978bac059f61a9b6795f,Drishti_GS,2.169966339730217,4.024811297231399,7.4416512060429065,8.602940716478544,aab5919bd97de2a360c59097d3eab38a516e013c004947b27253ca769928dd32,261,2720,UNET_QUERY_128__Drishti_GS__A1
UNET_QUERY_128,faa023324ece2294c4bd8fc855043500fc787985,-0.33860869113175035,-0.19629774098636044,-0.025181792291169867,0.01227638097520918,-0.09764562906262035,0.39009977266168694,f0de6a35cdfcab3095a01a403be2c60d06f1af8101bb978bac059f61a9b6795f,Drishti_GS,1.5010210350541,5.121388603544404,18.815457945230932,3.9653692766537993,aab5919bd97de2a360c59097d3eab38a516e013c004947b27253ca769928dd32,261,2730,UNET_QUERY_128__Drishti_GS__A1
UNET_QUERY_128,faa023324ece2294c4bd8fc855043500fc787985,0.6087894100052986,-0.27351831637513513,-0.1180118479685057,0.043232871674815904,-0.0022057344609471125,0.09487274186651186,f0de6a35cdfcab3095a01a403be2c60d06f1af8101bb978bac059f61a9b6795f,Drishti_GS,2.284841298005096,5.120970936249452,7.6470485066243,7.356013840525547,aab5919bd97de2a360c59097d3eab38a516e013c004947b27253ca769928dd32,261,2740,UNET_QUERY_128__Drishti_GS__A1
UNET_QUERY_128,faa023324ece2294c4bd8fc855043500fc787985,0.4874507750075928,0.36682616806607293,0.29428639512982646,0.45492115279538553,0.4093346647560289,0.8125175265674148,f0de6a35cdfcab3095a01a403be2c60d06f1af8101bb978bac059f61a9b6795f,Drishti_GS,2.149114616965899,4.150399317362964,9.756881360632542,10.94742418918698,aab5919bd97de2a360c59097d3eab38a516e013c004947b27253ca769928dd32,261,2750,UNET_QUERY_128__Drishti_GS__A1
UNET_QUERY_128,faa023324ece2294c4bd8fc855043500fc787985,0.4661552444750509,-0.026907527845650217,-0.022435784327387534,0.3167208557766597,0.31625869304669063,0.37279819948987636,f0de6a35cdfcab3095a01a403be2c60d06f1af8101bb978bac059f61a9b6795f,Drishti_GS,1.983852051584297,3.9777613608977105,3.338467530491046,9.359865995409463,aab5919bd97de2a360c59097d3eab38a516e013c004947b27253ca769928dd32,261,2760,UNET_QUERY_128__Drishti_GS__A1
UNET_QUERY_128,faa023324ece2294c4bd8fc855043500fc787985,0.6756587476151988,0.18283434044959865,0.21791491547828798,0.4730573897971732,0.4804314460100299,0.7682071862117267,f0de6a35cdfcab3095a01a403be2c60d06f1af8101bb978bac059f61a9b6795f,Drishti_GS,3.0816270937367256,5.139415213402961,8.379485266894196,10.371616367150851,aab5919bd97de2a360c59097d3eab38a516e013c004947b27253ca769928dd32,261,2770,UNET_QUERY_128__Drishti_GS__A1
UNET_QUERY_128,faa023324ece2294c4bd8fc855043500fc787985,0.5783278830810376,0.10511576012517097,0.199879946822327,0.03206155940994547,-0.018685886968255367,-0.007666092219412087,f0de6a35cdfcab3095a01a403be2c60d06f1af8101bb978bac059f61a9b6795f,Drishti_GS,2.214254635586616,4.538090866638173,3.2456092082048706,6.889464113136372,aab5919bd97de2a360c59097d3eab38a516e013c004947b27253ca769928dd32,261,2780,UNET_QUERY_128__Drishti_GS__A1
UNET_QUERY_128,faa023324ece2294c4bd8fc855043500fc787985,-0.15229285367686982,0.11626579117586223,-0.21444398222601585,-0.09344565837466719,0.1932012201762479,-0.25942076189823465,f0de6a35cdfcab3095a01a403be2c60d06f1af8101bb978bac059f61a9b6795f,Drishti_GS,1.4719717453901306,3.758900099627111,5.9460988700456765,6.279682446266286,aab5919bd97de2a360c59097d3eab38a516e013c004947b27253ca769928dd32,261,2790,UNET_QUERY_128__Drishti_GS__A1
UNET_QUERY_128,faa023324ece2294c4bd8fc855043500fc787985,0.6373438076060135,0.39327519210953193,0.35703419980796874,0.2483394514500132,0.2504609024594585,0.737238091769928,f0de6a35cdfcab3095a01a403be2c60d06f1af8101bb978bac059f61a9b6795f,Drishti_GS,2.6535639415534567,4.929204764544029,6.446389168481955,5.878138773561282,aab5919bd97de2a360c59097d3eab38a516e013c004947b27253ca769928dd32,261,2800,UNET_QUERY_128__Drishti_GS__A1
UNET_QUERY_128,faa023324ece2294c4bd8fc855043500fc787985,0.3973256546750323,0.044175125532522154,0.041414355609596554,0.32135659873428996,0.3185954839017872,0.4431840967287849,f0de6a35cdfcab3095a01a403be2c60d06f1af8101bb978bac059f61a9b6795f,Drishti_GS,1.9179778300969357,3.823593891704592,4.530734244757981,9.423485957073405,aab5919bd97de2a360c59097d3eab38a516e013c004947b27253ca769928dd32,261,2810,UNET_QUERY_128__Drishti_GS__A1
UNET_QUERY_128,faa023324ece2294c4bd8fc855043500fc787985,0.656772838211081,-0.058050659745160306,-0.19467544400630463,0.21321938247406483,0.07324828827408529,0.5333765171291099,f0de6a35cdfcab3095a01a403be2c60d06f1af8101bb978bac059f61a9b6795f,Drishti_GS,2.1852521537527165,4.342743456287566,21.027511807658335,7.165456016308062,aab5919bd97de2a360c59097d3eab38a516e013c004947b27253ca769928dd32,261,2820,UNET_QUERY_128__Drishti_GS__A1
UNET_QUERY_128,faa023324ece2294c4bd8fc855043500fc787985,0.49919351769107906,0.18712226272663493,0.2429964143242862,-0.004091216830460129,0.15584777627761068,0.28061078668297584,f0de6a35cdfcab3095a01a403be2c60d06f1af8101bb978bac059f61a9b6795f,Drishti_GS,1.8034871976212383,4.20121394351041,4.305870287332733,6.676512468094303,aab5919bd97de2a360c59097d3eab38a516e013c004947b27253ca769928dd32,261,2830,UNET_QUERY_128__Drishti_GS__A1
UNET_QUERY_128,faa023324ece2294c4bd8fc855043500fc787985,0.4409639070194008,-0.04250583784347768,-0.056606369162046116,0.10133447672691648,0.16604188737313008,0.26174053237998446,f0de6a35cdfcab3095a01a403be2c60d06f1af8101bb978bac059f61a9b6795f,Drishti_GS,1.7814124126213384,3.5852769708420746,8.906391269583054,12.409371586734055,aab5919bd97de2a360c59097d3eab38a516e013c004947b27253ca769928dd32,261,2840,UNET_QUERY_128__Drishti_GS__A1
UNET_QUERY_128,faa023324ece2294c4bd8fc855043500fc787985,0.11173239761652463,-0.04867348611051349,0.09717915946228851,0.18407173742761837,0.2829215868944359,0.21115444873867112,f0de6a35cdfcab3095a01a403be2c60d06f1af8101bb978bac059f61a9b6795f,Drishti_GS,1.3724168089262845,3.625971467315508,1.8719961054266667,4.93726710852277,aab5919bd97de2a360c59097d3eab38a516e013c004947b27253ca769928dd32,261,2850,UNET_QUERY_128__Drishti_GS__A1
UNET_QUERY_128,faa023324ece2294c4bd8fc855043500fc787985,0.6015257891789779,-0.14903618939716143,-0.04343250810749643,-0.08621842195705823,-0.07905252361380855,-0.042579345376391936,f0de6a35cdfcab3095a01a403be2c60d06f1af8101bb978bac059f61a9b6795f,Drishti_GS,2.253454113002347,4.616495704507887,2.8775235766522984,3.147575589793338,aab5919bd97de2a360c59097d3eab38a516e013c004947b27253ca769928dd32,261,2860,UNET_QUERY_128__Drishti_GS__A1
UNET_QUERY_128,faa023324ece2294c4bd8fc855043500fc787985,0.13834831046288634,0.23967038362970577,-0.3964087133496812,-0.1407980039319059,0.06711140418446283,0.318752474170369,f0de6a35cdfcab3095a01a403be2c60d06f1af8101bb978bac059f61a9b6795f,Drishti_GS,4.342589405310307,4.990444305283446,14.224981341554418,5.204634085291796,aab5919bd97de2a360c59097d3eab38a516e013c004947b27253ca769928dd32,261,2870,UNET_QUERY_128__Drishti_GS__A1
UNET_QUERY_128,faa023324ece2294c4bd8fc855043500fc787985,0.4113868438617776,0.11038202154907233,0.01679218518916706,0.15784407759580335,0.18651781565542006,0.29348548444827693,f0de6a35cdfcab3095a01a403be2c60d06f1af8101bb978bac059f61a9b6795f,Drishti_GS,1.9724191171036192,3.795787567200984,4.324372079593348,8.559031573228708,aab5919bd97de2a360c59097d3eab38a516e013c004947b27253ca769928dd32,261,2880,UNET_QUERY_128__Drishti_GS__A1
UNET_QUERY_128,faa023324ece2294c4bd8fc855043500fc787985,-0.06523409507570849,0.19795285471596683,0.15091862969322942,0.053278652449120174,0.10788801235624876,0.12050437574245045,f0de6a35cdfcab3095a01a403be2c60d06f1af8101bb978bac059f61a9b6795f,Drishti_GS,1.2957972503369346,3.399805928251394,2.4574167602357746,5.809416374675634,aab5919bd97de2a360c59097d3eab38a516e013c004947b27253ca769928dd32,261,2890,UNET_QUERY_128__Drishti_GS__A1
UNET_QUERY_128,faa023324ece2294c4bd8fc855043500fc787985,0.5548864685570617,0.40064721347849286,0.4023735376264997,0.2500633160059747,0.21767313936424432,0.2217546410752962,f0de6a35cdfcab3095a01a403be2c60d06f1af8101bb978bac059f61a9b6795f,Drishti_GS,2.096041975048945,4.457802214271847,4.954473254238162,5.153991569893007,aab5919bd97de2a360c59097d3eab38a516e013c004947b27253ca769928dd32,261,2900,UNET_QUERY_128__Drishti_GS__A1
UNET_QUERY_128,faa023324ece2294c4bd8fc855043500fc787985,0.6754183641550016,-0.12004132721072101,-0.07744929288404735,0.07537869013745932,0.13660675221848717,0.5968625992881605,f0de6a35cdfcab3095a01a403be2c60d06f1af8101bb978bac059f61a9b6795f,Drishti_GS,3.0155766671054893,5.10979078376858,7.944406898341729,14.94167677404298,aab5919bd97de2a360c59097d3eab38a516e013c004947b27253ca769928dd32,261,2910,UNET_QUERY_128__Drishti_GS__A1
UNET_QUERY_128,faa023324ece2294c4bd8fc855043500fc787985,0.6616507336087394,0.3995685151692708,0.3874797434983726,0.5128126728326314,0.4973565463519828,0.8905261183501062,f0de6a35cdfcab3095a01a403be2c60d06f1af8101bb978bac059f61a9b6795f,Drishti_GS,2.9342937626772407,4.869650642337819,11.358956514470567,11.916247282258816,aab5919bd97de2a360c59097d3eab38a516e013c004947b27253ca769928dd32,261,2920,UNET_QUERY_128__Drishti_GS__A1
UNET_QUERY_128,faa023324ece2294c4bd8fc855043500fc787985,-0.24615747328539905,-0.06398939392443767,-0.18275472163988446,0.0696724648244657,0.1892990770123507,-0.8688704843989074,f0de6a35cdfcab3095a01a403be2c60d06f1af8101bb978bac059f61a9b6795f,Drishti_GS,2.8863703792078343,3.7624099620098916,9.001758993060715,6.7638967148846305,aab5919bd97de2a360c59097d3eab38a516e013c004947b27253ca769928dd32,261,2930,UNET_QUERY_128__Drishti_GS__A1
UNET_QUERY_128,faa023324ece2294c4bd8fc855043500fc787985,-0.08209282972608824,0.14579608099804475,-0.10662703271308442,0.1033546172569694,-0.025553818268027467,0.46000527277623254,f0de6a35cdfcab3095a01a403be2c60d06f1af8101bb978bac059f61a9b6795f,Drishti_GS,1.5182016751256293,3.6943015780089428,10.352749648619001,5.550127662771921,aab5919bd97de2a360c59097d3eab38a516e013c004947b27253ca769928dd32,261,2940,UNET_QUERY_128__Drishti_GS__A1
UNET_QUERY_128,faa023324ece2294c4bd8fc855043500fc787985,0.3348391912641539,0.05617719829775872,0.12804861503699932,0.06261689701940441,0.056978168167567726,-0.07430550323254813,f0de6a35cdfcab3095a01a403be2c60d06f1af8101bb978bac059f61a9b6795f,Drishti_GS,1.2178325911838666,4.931034392931674,10.852433674408946,9.626567417753467,aab5919bd97de2a360c59097d3eab38a516e013c004947b27253ca769928dd32,261,2950,UNET_QUERY_128__Drishti_GS__A1
UNET_QUERY_128,faa023324ece2294c4bd8fc855043500fc787985,0.5789938834693865,0.26838838743310117,0.2918727987761267,0.38231857274748254,0.3196316736251034,0.43714130556680264,f0de6a35cdfcab3095a01a403be2c60d06f1af8101bb978bac059f61a9b6795f,Drishti_GS,2.2150966825462954,4.567834193506834,3.4525892286967577,3.8980937759100183,aab5919bd97de2a360c59097d3eab38a516e013c004947b27253ca769928dd32,261,2960,UNET_QUERY_128__Drishti_GS__A1
UNET_QUERY_128,faa023324ece2294c4bd8fc855043500fc787985,0.5842135256369084,0.08444456339712131,0.09120160343145689,0.28816558088312816,0.2792172745770489,0.10686457074218224,f0de6a35cdfcab3095a01a403be2c60d06f1af8101bb978bac059f61a9b6795f,Drishti_GS,2.884449240331995,4.587322236614565,11.513095417484077,11.9568005190651,aab5919bd97de2a360c59097d3eab38a516e013c004947b27253ca769928dd32,261,2970,UNET_QUERY_128__Drishti_GS__A1
UNET_QUERY_128,faa023324ece2294c4bd8fc855043500fc787985,0.40170186662523666,-0.2852179541981761,-0.15696031336893734,0.28543721153216683,0.33859881860034974,0.30868478135652216,f0de6a35cdfcab3095a01a403be2c60d06f1af8101bb978bac059f61a9b6795f,Drishti_GS,1.85458247323661,3.8440159802025224,3.595233151213951,9.33133326953738,aab5919bd97de2a360c59097d3eab38a516e013c004947b27253ca769928dd32,261,2980,UNET_QUERY_128__Drishti_GS__A1
UNET_QUERY_128,faa023324ece2294c4bd8fc855043500fc787985,0.32056454072247786,-0.05508937007956016,-0.3600074463225532,0.22425981630589886,0.14263324519366397,0.19591046227753023,f0de6a35cdfcab3095a01a403be2c60d06f1af8101bb978bac059f61a9b6795f,Drishti_GS,1.775743456343878,3.8793175713872463,7.562078761364512,4.0051101537311435,aab5919bd97de2a360c59097d3eab38a516e013c004947b27253ca769928dd32,261,2990,UNET_QUERY_128__Drishti_GS__A1
UNET_QUERY_128,faa023324ece2294c4bd8fc855043500fc787985,0.34679754998645884,0.16645524013357327,0.3191577053063458,0.14438872261790092,0.28501386615088986,0.8748515764904417,c208ea5141f2b71772b5288cbb0d9fb1a867e70c5c134e6ce7961192b7a9eac4,RIM_ONE_r3,1.79861493095446,5.645631738881561,5.79442775636188,7.4445222037595435,fff5606f2e5b215c185d8055c27047cc5c37866e6bde8a97ccc44731bef457c9,261,2000,UNET_QUERY_128__RIM_ONE_r3__A1
UNET_QUERY_128,faa023324ece2294c4bd8fc855043500fc787985,0.4425675698930167,-0.033519660215889556,-0.1196354338359011,0.052188183454771817,0.192674545746099,-0.2928093259182582,c208ea5141f2b71772b5288cbb0d9fb1a867e70c5c134e6ce7961192b7a9eac4,RIM_ONE_r3,1.8123217293255722,6.468688889801046,4.682975259731818,5.658621624838701,fff5606f2e5b215c185d8055c27047cc5c37866e6bde8a97ccc44731bef457c9,261,2010,UNET_QUERY_128__RIM_ONE_r3__A1
UNET_QUERY_128,faa023324ece2294c4bd8fc855043500fc787985,0.5187335698721741,0.01774944577540995,-0.022070037792151907,0.1106019293111534,0.25928210083889625,0.47918219484880364,c208ea5141f2b71772b5288cbb0d9fb1a867e70c5c134e6ce7961192b7a9eac4,RIM_ONE_r3,1.5112706547637824,6.041632676272962,2.028608697254073,8.114952230768793,fff5606f2e5b215c185d8055c27047cc5c37866e6bde8a97ccc44731bef457c9,261,2020,UNET_QUERY_128__RIM_ONE_r3__A1
UNET_QUERY_128,faa023324ece2294c4bd8fc855043500fc787985,0.5256047419118108,-0.06331820987454008,0.04683606033775908,0.18309236328938217,0.2593435793088985,0.2881332246969715,c208ea5141f2b71772b5288cbb0d9fb1a867e70c5c134e6ce7961192b7a9eac4,RIM_ONE_r3,1.7609643209454282,6.68683115451353,6.828154678821283,12.366092285323582,fff5606f2e5b215c185d8055c27047cc5c37866e6bde8a97ccc44731bef457c9,261,2030,UNET_QUERY_128__RIM_ONE_r3__A1
UNET_QUERY_128,faa023324ece2294c4bd8fc855043500fc787985,0.44652843776157325,-0.0880328440830832,-0.1702551065230501,0.004738519581214507,-0.12060867086728717,0.8052030197570309,c208ea5141f2b71772b5288cbb0d9fb1a867e70c5c134e6ce7961192b7a9eac4,RIM_ONE_r3,1.7780724182317384,6.519252345158966,5.104976211445852,8.368893502963356,fff5606f2e5b215c185d8055c27047cc5c37866e6bde8a97ccc44731bef457c9,261,2040,UNET_QUERY_128__RIM_ONE_r3__A1
UNET_QUERY_128,faa023324ece2294c4bd8fc855043500fc787985,0.5000217455447419,-0.12440485607088202,-0.15653668194030093,0.0334147178675446,-0.04587469801274783,0.3658121724875388,c208ea5141f2b71772b5288cbb0d9fb1a867e70c5c134e6ce7961192b7a9eac4,RIM_ONE_r3,1.6514957970497413,6.348038264535916,3.9149836741069857,5.296435903778405,fff5606f2e5b215c185d8055c27047cc5c37866e6bde8a97ccc44731bef457c9,261,2050,UNET_QUERY_128__RIM_ONE_r3__A1
UNET_QUERY_128,faa023324ece2294c4bd8fc855043500fc787985,0.39770765279365766,-0.04051072050376684,-0.00876675071260402,-0.019851509969524003,0.07055796137637958,0.6776980982735349,c208ea5141f2b71772b5288cbb0d9fb1a867e70c5c134e6ce7961192b7a9eac4,RIM_ONE_r3,1.8016335325265334,6.081888744288659,4.059103994950083,4.727196083945488,fff5606f2e5b215c185d8055c27047cc5c37866e6bde8a97ccc44731bef457c9,261,2060,UNET_QUERY_128__RIM_ONE_r3__A1
UNET_QUERY_128,faa023324ece2294c4bd8fc855043500fc787985,0.512889786473075,0.03225488660463019,0.20701221452590035,0.20285545738945038,0.28311058901584246,0.1782542448819249,c208ea5141f2b71772b5288cbb0d9fb1a867e70c5c134e6ce7961192b7a9eac4,RIM_ONE_r3,1.688763922999359,6.958961160712736,1.5196351643911647,10.549112119475856,fff5606f2e5b215c185d8055c27047cc5c37866e6bde8a97ccc44731bef457c9,261,2070,UNET_QUERY_128__RIM_ONE_r3__A1
UNET_QUERY_128,faa023324ece2294c4bd8fc855043500fc787985,0.5041977696858395,-0.004166171005068099,-0.19011068658313088,0.10165931694981914,0.10683775792564344,0.4410359667176215,c208ea5141f2b71772b5288cbb0d9fb1a867e70c5c134e6ce7961192b7a9eac4,RIM_ONE_r3,1.7005086622516912,6.897808821688484,2.046102208712012,8.239964890900835,fff5606f2e5b215c185d8055c27047cc5c37866e6bde8a97ccc44731bef457c9,261,2080,UNET_QUERY_128__RIM_ONE_r3__A1
UNET_QUERY_128,faa023324ece2294c4bd8fc855043500fc787985,0.3282702440339896,0.15515659491246642,0.33879005261555,-0.02182157893726912,-0.07755984723800848,-0.12726694013558604,c208ea5141f2b71772b5288cbb0d9fb1a867e70c5c134e6ce7961192b7a9eac4,RIM_ONE_r3,1.7864661335569634,5.580539693437223,3.063747827160863,2.6272760109157227,fff5606f2e5b215c185d8055c27047cc5c37866e6bde8a97ccc44731bef457c9,261,2090,UNET_QUERY_128__RIM_ONE_r3__A1
UNET_QUERY_128,faa023324ece2294c4bd8fc855043500fc787985,0.34898855753720953,-0.13072152332735348,-0.0634809980506006,-0.21682505730699447,-0.24600658344422416,0.656701062001604,c208ea5141f2b71772b5288cbb0d9fb1a867e70c5c134e6ce7961192b7a9eac4,RIM_ONE_r3,1.9503787600928437,5.540273635371979,3.3938612315862478,7.029348294700457,fff5606f2e5b215c185d8055c27047cc5c37866e6bde8a97ccc44731bef457c9,261,2100,UNET_QUERY_128__RIM_ONE_r3__A1
UNET_QUERY_128,faa023324ece2294c4bd8fc855043500fc787985,0.5012298706377574,-0.05697370714342616,-0.301056611732874,-0.004391359324701256,0.054747795989834806,-0.0517657448700197,c208ea5141f2b71772b5288cbb0d9fb1a867e70c5c134e6ce7961192b7a9eac4,RIM_ONE_r3,1.4261879417928218,5.847001704170748,4.638263504168904,2.7469952233067296,fff5606f2e5b215c185d8055c27047cc5c37866e6bde8a97ccc44731bef457c9,261,2110,UNET_QUERY_128__RIM_ONE_r3__A1
UNET_QUERY_128,faa023324ece2294c4bd8fc855043500fc787985,0.37939701227168465,-0.11025022402303963,-0.06441129919169557,-0.09063215146792733,-0.10133566682305853,0.859717103317343,c208ea5141f2b71772b5288cbb0d9fb1a867e70c5c134e6ce7961192b7a9eac4,RIM_ONE_r3,1.951155746846652,6.254373286570605,4.510683647386167,7.845828600747476,fff5606f2e5b215c185d8055c27047cc5c37866e6bde8a97ccc44731bef457c9,261,2120,UNET_QUERY_128__RIM_ONE_r3__A1
UNET_QUERY_128,faa023324ece2294c4bd8fc855043500fc787985,0.36722592126286074,0.11751729376679557,0.34229633267095566,0.06544033931601079,0.18965413130752387,0.6801552471015803,c208ea5141f2b71772b5288cbb0d9fb1a867e70c5c134e6ce7961192b7a9eac4,RIM_ONE_r3,2.049410133124169,6.572942958322925,3.5031620778656536,7.868013454180429,fff5606f2e5b215c185d8055c27047cc5c37866e6bde8a97ccc44731bef457c9,261,2130,UNET_QUERY_128__RIM_ONE_r3__A1
UNET_QUERY_128,faa023324ece2294c4bd8fc855043500fc787985,0.3444467269734264,0.19886873681013448,0.2846470382492117,-0.059850958986824326,-0.05195685296392502,-0.13546810700803288,c208ea5141f2b71772b5288cbb0d9fb1a867e70c5c134e6ce7961192b7a9eac4,RIM_ONE_r3,1.9244562206101634,5.515688793887446,4.486352915805902,1.8935601946479388,fff5606f2e5b215c185d8055c27047cc5c37866e6bde8a97ccc44731bef457c9,261,2140,UNET_QUERY_128__RIM_ONE_r3__A1
UNET_QUERY_128,faa023324ece2294c4bd8fc855043500fc787985,0.48105225711473815,-0.02906530510802178,-0.1686374761488706,-0.014361282685112768,0.04998650944485625,0.484586535262556,c208ea5141f2b71772b5288cbb0d9fb1a867e70c5c134e6ce7961192b7a9eac4,RIM_ONE_r3,1.6860491919180423,7.5179790842662095,6.472299796738285,9.688964997313104,fff5606f2e5b215c185d8055c27047cc5c37866e6bde8a97ccc44731bef457c9,261,2150,UNET_QUERY_128__RIM_ONE_r3__A1
UNET_QUERY_128,faa023324ece2294c4bd8fc855043500fc787985,0.4132770412775128,0.08971206080962912,0.22987289109907913,-0.008617844558336465,0.019692271627788256,0.15049898902859352,c208ea5141f2b71772b5288cbb0d9fb1a867e70c5c134e6ce7961192b7a9eac4,RIM_ONE_r3,1.4968966389167009,5.417823107955992,3.3023853542359074,4.496480662233926,fff5606f2e5b215c185d8055c27047cc5c37866e6bde8a97ccc44731bef457c9,261,2160,UNET_QUERY_128__RIM_ONE_r3__A1
UNET_QUERY_128,faa023324ece2294c4bd8fc855043500fc787985,0.3969031533502546,0.08612076204729467,0.3071221581258191,0.04631442956253444,0.21681017407345748,0.6050373871076785,c208ea5141f2b71772b5288cbb0d9fb1a867e70c5c134e6ce7961192b7a9eac4,RIM_ONE_r3,1.62312537483399,5.703147589133908,3.0924066991887775,8.825574547307124,fff5606f2e5b215c185d8055c27047cc5c37866e6bde8a97ccc44731bef457c9,261,2170,UNET_QUERY_128__RIM_ONE_r3__A1
UNET_QUERY_128,faa023324ece2294c4bd8fc855043500fc787985,0.47305365576974295,-0.2898506551446884,-0.22736973596314933,-0.06846393794649007,-0.1271356211909527,0.2785437237390629,c208ea5141f2b71772b5288cbb0d9fb1a867e70c5c134e6ce7961192b7a9eac4,RIM_ONE_r3,1.8658610439188177,6.280350349808082,6.495936165933947,6.906475394829983,fff5606f2e5b215c185d8055c27047cc5c37866e6bde8a97ccc44731bef457c9,261,2180,UNET_QUERY_128__RIM_ONE_r3__A1
UNET_QUERY_128,faa023324ece2294c4bd8fc855043500fc787985,0.3031399112395661,-0.003484458614817295,0.12575591821638707,0.04399381923012087,0.21811880008310003,0.8034920147500358,c208ea5141f2b71772b5288cbb0d9fb1a867e70c5c134e6ce7961192b7a9eac4,RIM_ONE_r3,1.7797218353045428,6.74789699571261,8.081077479758202,14.274253097985595,fff5606f2e5b215c185d8055c27047cc5c37866e6bde8a97ccc44731bef457c9,261,2190,UNET_QUERY_128__RIM_ONE_r3__A1
UNET_QUERY_128,faa023324ece2294c4bd8fc855043500fc787985,0.45609803498566504,-0.2508471610308608,-0.2218349010827849,-0.14293253695615363,-0.2184805896166232,0.699103651144351,c208ea5141f2b71772b5288cbb0d9fb1a867e70c5c134e6ce7961192b7a9eac4,RIM_ONE_r3,1.6562024369897468,5.6802905160813255,9.534557855669126,8.322747801321272,fff5606f2e5b215c185d8055c27047cc5c37866e6bde8a97ccc44731bef457c9,261,2200,UNET_QUERY_128__RIM_ONE_r3__A1
UNET_QUERY_128,faa023324ece2294c4bd8fc855043500fc787985,0.32407801947242904,0.006317530767313172,0.08284091386461065,-0.02435072776099875,-0.10205134038271754,-0.5107141971197432,c208ea5141f2b71772b5288cbb0d9fb1a867e70c5c134e6ce7961192b7a9eac4,RIM_ONE_r3,2.709078059321417,6.998738248791103,9.03928248696711,6.613404763408872,fff5606f2e5b215c185d8055c27047cc5c37866e6bde8a97ccc44731bef457c9,261,2210,UNET_QUERY_128__RIM_ONE_r3__A1
UNET_QUERY_128,faa023324ece2294c4bd8fc855043500fc787985,0.4532229393912321,-0.019711228506598816,-0.17047684836037083,0.017559373558528383,0.03373962564480203,0.6978265176732424,c208ea5141f2b71772b5288cbb0d9fb1a867e70c5c134e6ce7961192b7a9eac4,RIM_ONE_r3,1.683358862625222,7.323867654848572,5.247217654529626,6.450626936137842,fff5606f2e5b215c185d8055c27047cc5c37866e6bde8a97ccc44731bef457c9,261,2220,UNET_QUERY_128__RIM_ONE_r3__A1
UNET_QUERY_128,faa023324ece2294c4bd8fc855043500fc787985,0.4897562162583163,-0.3132481628632937,-0.21914879198626974,-0.2131371989165521,-0.25625117831383465,0.6906664412926594,c208ea5141f2b71772b5288cbb0d9fb1a867e70c5c134e6ce7961192b7a9eac4,RIM_ONE_r3,1.8015464829350651,5.917963498414134,9.894919224241024,6.567228321509236,fff5606f2e5b215c185d8055c27047cc5c37866e6bde8a97ccc44731bef457c9,261,2230,UNET_QUERY_128__RIM_ONE_r3__A1
UNET_QUERY_128,faa023324ece2294c4bd8fc855043500fc787985,0.43180524270598236,-0.04443005034378229,-0.014737918302315918,0.034433496622256865,0.09100139940358742,0.28262128012210164,c208ea5141f2b71772b5288cbb0d9fb1a867e70c5c134e6ce7961192b7a9eac4,RIM_ONE_r3,2.2134265759858174,7.867400573413312,3.222731581122659,6.8297894923148785,fff5606f2e5b215c185d8055c27047cc5c37866e6bde8a97ccc44731bef457c9,261,2240,UNET_QUERY_128__RIM_ONE_r3__A1
UNET_QUERY_128,faa023324ece2294c4bd8fc855043500fc787985,0.42532074346083787,-0.05493446705953325,-0.08286857178505741,0.017699794475095395,-0.034199737966449435,0.29926036313251686,c208ea5141f2b71772b5288cbb0d9fb1a867e70c5c134e6ce7961192b7a9eac4,RIM_ONE_r3,1.9800909137996399,7.332867237484958,3.375300310527192,4.466652860339408,fff5606f2e5b215c185d8055c27047cc5c37866e6bde8a97ccc44731bef457c9,261,2250,UNET_QUERY_128__RIM_ONE_r3__A1
UNET_QUERY_128,faa023324ece2294c4bd8fc855043500fc787985,0.427032748475286,0.03168686013975693,0.155304219164053,0.17268880845647283,0.20907931581265263,0.5492402703452208,c208ea5141f2b71772b5288cbb0d9fb1a867e70c5c134e6ce7961192b7a9eac4,RIM_ONE_r3,1.8066672550383507,6.063195732821578,5.075256202719146,7.078585692888428,fff5606f2e5b215c185d8055c27047cc5c37866e6bde8a97ccc44731bef457c9,261,2260,UNET_QUERY_128__RIM_ONE_r3__A1
UNET_QUERY_128,faa023324ece2294c4bd8fc855043500fc787985,0.5087801885553795,0.01602755262732282,0.14135487734296234,0.15606534459750526,0.3172905807966792,0.25112799079516074,c208ea5141f2b71772b5288cbb0d9fb1a867e70c5c134e6ce7961192b7a9eac4,RIM_ONE_r3,1.632352796155492,6.445571644521769,1.3665612408361034,10.912040503199409,fff5606f2e5b215c185d8055c27047cc5c37866e6bde8a97ccc44731bef457c9,261,2270,UNET_QUERY_128__RIM_ONE_r3__A1
UNET_QUERY_128,faa023324ece2294c4bd8fc855043500fc787985,0.38633060922364126,0.05977603265353256,0.15882857576661522,0.017350958710780188,0.08631089408850122,0.7576178293794863,c208ea5141f2b71772b5288cbb0d9fb1a867e70c5c134e6ce7961192b7a9eac4,RIM_ONE_r3,1.9498369164647154,6.997060840527127,3.0139939625031458,6.780936258064445,fff5606f2e5b215c185d8055c27047cc5c37866e6bde8a97ccc44731bef457c9,261,2280,UNET_QUERY_128__RIM_ONE_r3__A1
UNET_QUERY_128,faa023324ece2294c4bd8fc855043500fc787985,0.4878435063151574,-0.05373469375992087,-0.2438414310591639,0.0037645267512994387,0.0963128093808746,0.2913349719822519,c208ea5141f2b71772b5288cbb0d9fb1a867e70c5c134e6ce7961192b7a9eac4,RIM_ONE_r3,1.466677291773,6.0815095922501525,4.5585584466875915,7.067662428555174,fff5606f2e5b215c185d8055c27047cc5c37866e6bde8a97ccc44731bef457c9,261,2290,UNET_QUERY_128__RIM_ONE_r3__A1
UNET_QUERY_128,faa023324ece2294c4bd8fc855043500fc787985,0.3124708123450274,0.15070623704388914,0.3027883672911898,0.14685006757577335,0.25435296032339616,0.8691609129672654,c208ea5141f2b71772b5288cbb0d9fb1a867e70c5c134e6ce7961192b7a9eac4,RIM_ONE_r3,1.8204756230346635,5.5628464165446205,5.591748197487541,4.838708605226096,fff5606f2e5b215c185d8055c27047cc5c37866e6bde8a97ccc44731bef457c9,261,2300,UNET_QUERY_128__RIM_ONE_r3__A1
UNET_QUERY_128,faa023324ece2294c4bd8fc855043500fc787985,0.49987209146245626,-0.12916116287365131,-0.26149485056823346,0.08280124622746529,0.13015792347210003,-0.5371755151185381,c208ea5141f2b71772b5288cbb0d9fb1a867e70c5c134e6ce7961192b7a9eac4,RIM_ONE_r3,1.64314811583061,6.403593990596541,2.5358770144420255,4.335280687141749,fff5606f2e5b215c185d8055c27047cc5c37866e6bde8a97ccc44731bef457c9,261,2310,UNET_QUERY_128__RIM_ONE_r3__A1
UNET_QUERY_128,faa023324ece2294c4bd8fc855043500fc787985,0.36905279550008335,0.07993009139359473,0.013510394196004749,0.046594175168277366,0.15370922196974535,0.6347880282101114,c208ea5141f2b71772b5288cbb0d9fb1a867e70c5c134e6ce7961192b7a9eac4,RIM_ONE_r3,1.7226577164896688,6.730537363620442,3.082347053762908,6.319388214613671,fff5606f2e5b215c185d8055c27047cc5c37866e6bde8a97ccc44731bef457c9,261,2320,UNET_QUERY_128__RIM_ONE_r3__A1
UNET_QUERY_128,faa023324ece2294c4bd8fc855043500fc787985,0.375692146963766,0.040016822870848394,0.11893019654360158,0.03104154106493737,0.005002608414171958,-0.1008885648144288,c208ea5141f2b71772b5288cbb0d9fb1a867e70c5c134e6ce7961192b7a9eac4,RIM_ONE_r3,2.343168589576953,7.173030317749137,9.419906745297128,6.2121301743922155,fff5606f2e5b215c185d8055c27047cc5c37866e6bde8a97ccc44731bef457c9,261,2330,UNET_QUERY_128__RIM_ONE_r3__A1
UNET_QUERY_128,faa023324ece2294c4bd8fc855043500fc787985,0.3888001813294496,0.04389219958870674,0.08797632792112772,0.013860776103245988,0.05653458023132195,0.732208658479096,c208ea5141f2b71772b5288cbb0d9fb1a867e70c5c134e6ce7961192b7a9eac4,RIM_ONE_r3,2.5867124527277783,6.926326696468979,11.156731539394022,11.57482078012113,fff5606f2e5b215c185d8055c27047cc5c37866e6bde8a97ccc44731bef457c9,261,2340,UNET_QUERY_128__RIM_ONE_r3__A1
UNET_QUERY_128,faa023324ece2294c4bd8fc855043500fc787985,0.3744777514724558,0.1168047673367787,0.3940699414677877,0.10675742071538281,0.3701321034082546,0.8724291417943264,c208ea5141f2b71772b5288cbb0d9fb1a867e70c5c134e6ce7961192b7a9eac4,RIM_ONE_r3,1.8101878434879601,6.320436920055143,3.511236350961812,11.927514284802504,fff5606f2e5b215c185d8055c27047cc5c37866e6bde8a97ccc44731bef457c9,261,2350,UNET_QUERY_128__RIM_ONE_r3__A1
UNET_QUERY_128,faa023324ece2294c4bd8fc855043500fc787985,0.4840914495314098,-0.10361051197858678,-0.07224190947360887,0.02062430057361374,0.09354891194236328,0.44275655043859435,c208ea5141f2b71772b5288cbb0d9fb1a867e70c5c134e6ce7961192b7a9eac4,RIM_ONE_r3,1.707167351882512,7.039217786400548,8.32110494285903,8.61330983783333,fff5606f2e5b215c185d8055c27047cc5c37866e6bde8a97ccc44731bef457c9,261,2360,UNET_QUERY_128__RIM_ONE_r3__A1
UNET_QUERY_128,faa023324ece2294c4bd8fc855043500fc787985,0.35795899403619663,0.06823044266168742,0.3199251813306993,0.15265153301887785,0.34613595619745585,0.8221456600797249,c208ea5141f2b71772b5288cbb0d9fb1a867e70c5c134e6ce7961192b7a9eac4,RIM_ONE_r3,1.8203660517083473,6.075738727374724,6.598221288541424,15.29684621580831,fff5606f2e5b215c185d8055c27047cc5c37866e6bde8a97ccc44731bef457c9,261,2370,UNET_QUERY_128__RIM_ONE_r3__A1
UNET_QUERY_128,faa023324ece2294c4bd8fc855043500fc787985,0.40859531493239454,0.030780011919074982,-0.3907933693933689,0.0765541178204925,0.055894445444168876,0.23632612332359948,c208ea5141f2b71772b5288cbb0d9fb1a867e70c5c134e6ce7961192b7a9eac4,RIM_ONE_r3,1.8338073529203331,7.991050129999643,2.989161400174278,6.707260881522759,fff5606f2e5b215c185d8055c27047cc5c37866e6bde8a97ccc44731bef457c9,261,2380,UNET_QUERY_128__RIM_ONE_r3__A1
UNET_QUERY_128,faa023324ece2294c4bd8fc855043500fc787985,0.4373261211917451,-0.0535717475426642,0.022717702876831624,0.013159539244863051,0.00890696529122281,0.7815771119797126,c208ea5141f2b71772b5288cbb0d9fb1a867e70c5c134e6ce7961192b7a9eac4,RIM_ONE_r3,1.7828022186564512,6.216253735796856,8.371588765490959,7.123560171286674,fff5606f2e5b215c185d8055c27047cc5c37866e6bde8a97ccc44731bef457c9,261,2390,UNET_QUERY_128__RIM_ONE_r3__A1
UNET_QUERY_128,faa023324ece2294c4bd8fc855043500fc787985,0.4562799304219202,-0.12406817073825839,-0.20702244159715652,0.10085492178663566,0.12571996274651132,-0.11872288044766245,c208ea5141f2b71772b5288cbb0d9fb1a867e70c5c134e6ce7961192b7a9eac4,RIM_ONE_r3,1.5912047790016932,6.606921105609773,4.780491976309643,4.91773683294341,fff5606f2e5b215c185d8055c27047cc5c37866e6bde8a97ccc44731bef457c9,261,2400,UNET_QUERY_128__RIM_ONE_r3__A1
UNET_QUERY_128,faa023324ece2294c4bd8fc855043500fc787985,0.6157834774941916,-0.09117216737320735,-0.0558561119747167,0.023123919622527602,0.08313019064263344,0.2783371690854559,c208ea5141f2b71772b5288cbb0d9fb1a867e70c5c134e6ce7961192b7a9eac4,RIM_ONE_r3,1.7940983463126152,5.023242391737286,4.93767557877688,6.476774591745938,fff5606f2e5b215c185d8055c27047cc5c37866e6bde8a97ccc44731bef457c9,261,2410,UNET_QUERY_128__RIM_ONE_r3__A1
UNET_QUERY_128,faa023324ece2294c4bd8fc855043500fc787985,0.40521444331100287,0.21547109899380099,0.3489219770977503,0.19780971956502405,0.3114293706189114,0.8657667588747376,c208ea5141f2b71772b5288cbb0d9fb1a867e70c5c134e6ce7961192b7a9eac4,RIM_ONE_r3,1.8170615651124125,6.052637764324976,5.130798825619712,10.752073313807909,fff5606f2e5b215c185d8055c27047cc5c37866e6bde8a97ccc44731bef457c9,261,2420,UNET_QUERY_128__RIM_ONE_r3__A1
UNET_QUERY_128,faa023324ece2294c4bd8fc855043500fc787985,0.5250423837544955,-0.039982288114675746,-0.1030031101464562,0.00611077097666774,0.13541186884538264,-0.023622288446540532,c208ea5141f2b71772b5288cbb0d9fb1a867e70c5c134e6ce7961192b7a9eac4,RIM_ONE_r3,1.4099011491284272,5.853605538407808,1.573019438389209,6.067590491686882,fff5606f2e5b215c185d8055c27047cc5c37866e6bde8a97ccc44731bef457c9,261,2430,UNET_QUERY_128__RIM_ONE_r3__A1
UNET_QUERY_128,faa023324ece2294c4bd8fc855043500fc787985,0.46493385148212135,0.08019623837382131,0.20308408497047015,0.07281174028688837,0.2711282736730751,0.9139721655593078,c208ea5141f2b71772b5288cbb0d9fb1a867e70c5c134e6ce7961192b7a9eac4,RIM_ONE_r3,1.4949062926782528,6.499998696889678,2.0632653201319933,11.869514367213286,fff5606f2e5b215c185d8055c27047cc5c37866e6bde8a97ccc44731bef457c9,261,2440,UNET_QUERY_128__RIM_ONE_r3__A1
UNET_QUERY_128,faa023324ece2294c4bd8fc855043500fc787985,0.3944599282835472,-0.06518710060576278,-0.2582809487110533,0.023589187721394907,0.10637028298196104,-0.0715466373722948,c208ea5141f2b71772b5288cbb0d9fb1a867e70c5c134e6ce7961192b7a9eac4,RIM_ONE_r3,1.596165759677346,5.760858014275385,3.701363805776912,3.410270292105916,fff5606f2e5b215c185d8055c27047cc5c37866e6bde8a97ccc44731bef457c9,261,2450,UNET_QUERY_128__RIM_ONE_r3__A1
UNET_QUERY_128,faa023324ece2294c4bd8fc855043500fc787985,0.40671991095719123,-0.005784318073300785,-0.17473542247043242,-0.012486361489460423,-0.0889903598592411,0.498040770276363,c208ea5141f2b71772b5288cbb0d9fb1a867e70c5c134e6ce7961192b7a9eac4,RIM_ONE_r3,2.077521322669211,7.5877655849036625,7.300471803534811,7.305453142183188,fff5606f2e5b215c185d8055c27047cc5c37866e6bde8a97ccc44731bef457c9,261,2460,UNET_QUERY_128__RIM_ONE_r3__A1
UNET_QUERY_128,faa023324ece2294c4bd8fc855043500fc787985,0.3332542916013801,0.020043316420846627,0.11127383127542421,0.02070886296448784,0.08924825770449737,-0.11377989107372707,c208ea5141f2b71772b5288cbb0d9fb1a867e70c5c134e6ce7961192b7a9eac4,RIM_ONE_r3,2.3804870865725674,6.6362781403040145,9.953754598608162,6.576060483390855,fff5606f2e5b215c185d8055c27047cc5c37866e6bde8a97ccc44731bef457c9,261,2470,UNET_QUERY_128__RIM_ONE_r3__A1
UNET_QUERY_128,faa023324ece2294c4bd8fc855043500fc787985,0.4914185133867861,-0.03623862881325457,-0.21086801376508874,-0.00900824712097473,-0.08895857912926176,0.7542895104786065,c208ea5141f2b71772b5288cbb0d9fb1a867e70c5c134e6ce7961192b7a9eac4,RIM_ONE_r3,1.6719342770730485,6.414772080857772,11.034811080908911,16.18101877643729,fff5606f2e5b215c185d8055c27047cc5c37866e6bde8a97ccc44731bef457c9,261,2480,UNET_QUERY_128__RIM_ONE_r3__A1
UNET_QUERY_128,faa023324ece2294c4bd8fc855043500fc787985,0.48110758222838934,-0.0017605388541393286,0.11032748822235602,0.031553315363156,0.22141757231302275,0.7474797283390747,c208ea5141f2b71772b5288cbb0d9fb1a867e70c5c134e6ce7961192b7a9eac4,RIM_ONE_r3,1.584145183279383,6.284412821781772,3.2496575460697468,10.609794355241082,fff5606f2e5b215c185d8055c27047cc5c37866e6bde8a97ccc44731bef457c9,261,2490,UNET_QUERY_128__RIM_ONE_r3__A1
UNET_QUERY_128,faa023324ece2294c4bd8fc855043500fc787985,0.498929326029937,0.02494132945097147,-0.19058455073313868,0.05671093802610236,0.06078182146822958,0.2722767505971766,c208ea5141f2b71772b5288cbb0d9fb1a867e70c5c134e6ce7961192b7a9eac4,RIM_ONE_r3,1.6058975877212147,6.55304254212237,1.9531678528678351,3.8116777715815027,fff5606f2e5b215c185d8055c27047cc5c37866e6bde8a97ccc44731bef457c9,261,2500,UNET_QUERY_128__RIM_ONE_r3__A1
UNET_QUERY_128,faa023324ece2294c4bd8fc855043500fc787985,0.42530270830273553,-0.02732547758613827,-0.001865744716526494,-0.006085851129507136,-0.03736918097063719,0.33297170016920763,c208ea5141f2b71772b5288cbb0d9fb1a867e70c5c134e6ce7961192b7a9eac4,RIM_ONE_r3,1.7733860600941624,6.154158469996263,2.1679406876718033,9.034446201896674,fff5606f2e5b215c185d8055c27047cc5c37866e6bde8a97ccc44731bef457c9,261,2510,UNET_QUERY_128__RIM_ONE_r3__A1
UNET_QUERY_128,faa023324ece2294c4bd8fc855043500fc787985,0.42417957558780833,-0.146562906225943,-0.275620803662337,-0.15602902464046114,-0.27095925574989405,0.752043822140234,c208ea5141f2b71772b5288cbb0d9fb1a867e70c5c134e6ce7961192b7a9eac4,RIM_ONE_r3,1.4628473704288678,5.201319968921779,3.4699852468181347,7.087599961470507,fff5606f2e5b215c185d8055c27047cc5c37866e6bde8a97ccc44731bef457c9,261,2520,UNET_QUERY_128__RIM_ONE_r3__A1
UNET_QUERY_128,faa023324ece2294c4bd8fc855043500fc787985,0.357363085405589,0.0202948403427445,0.12364642482154901,0.005295114149599929,0.005955886142570587,-0.2704792586197783,c208ea5141f2b71772b5288cbb0d9fb1a867e70c5c134e6ce7961192b7a9eac4,RIM_ONE_r3,2.4859177800201735,6.812280095481763,10.854727645527495,6.48878684194774,fff5606f2e5b215c185d8055c27047cc5c37866e6bde8a97ccc44731bef457c9,261,2530,UNET_QUERY_128__RIM_ONE_r3__A1
UNET_QUERY_128,faa023324ece2294c4bd8fc855043500fc787985,0.3860757233566716,0.004984629309037916,0.14444700802963617,0.07763726844540851,0.23880014754808962,0.7417900695592465,c208ea5141f2b71772b5288cbb0d9fb1a867e70c5c134e6ce7961192b7a9eac4,RIM_ONE_r3,1.797518353201302,6.327038812173225,7.897941804442074,8.887302505351094,fff5606f2e5b215c185d8055c27047cc5c37866e6bde8a97ccc44731bef457c9,261,2540,UNET_QUERY_128__RIM_ONE_r3__A1
UNET_QUERY_128,faa023324ece2294c4bd8fc855043500fc787985,0.6416256287134299,-0.13612597253391606,-0.0468553184690924,0.06852537617760106,0.0018393278252592294,0.1913806160944604,c208ea5141f2b71772b5288cbb0d9fb1a867e70c5c134e6ce7961192b7a9eac4,RIM_ONE_r3,1.8220719549159323,5.006576667762565,6.351485295245429,3.5339835718022963,fff5606f2e5b215c185d8055c27047cc5c37866e6bde8a97ccc44731bef457c9,261,2550,UNET_QUERY_128__RIM_ONE_r3__A1
UNET_QUERY_128,faa023324ece2294c4bd8fc855043500fc787985,0.5092216649299651,0.05681913436105139,0.18109710006682567,0.11493783648661464,0.296049704532241,0.7704502293938729,c208ea5141f2b71772b5288cbb0d9fb1a867e70c5c134e6ce7961192b7a9eac4,RIM_ONE_r3,1.6307199990129926,6.4422266194825255,1.5390785379268033,11.241318576737038,fff5606f2e5b215c185d8055c27047cc5c37866e6bde8a97ccc44731bef457c9,261,2560,UNET_QUERY_128__RIM_ONE_r3__A1
UNET_QUERY_128,faa023324ece2294c4bd8fc855043500fc787985,0.3696590233577459,0.022431266111707066,0.10363139095024716,0.01484952813132478,0.05536184253076335,0.6120837093609709,c208ea5141f2b71772b5288cbb0d9fb1a867e70c5c134e6ce7961192b7a9eac4,RIM_ONE_r3,2.1661108150181527,7.102148534634311,3.6780426631566465,4.762269355183576,fff5606f2e5b215c185d8055c27047cc5c37866e6bde8a97ccc44731bef457c9,261,2570,UNET_QUERY_128__RIM_ONE_r3__A1
UNET_QUERY_128,faa023324ece2294c4bd8fc855043500fc787985,0.48098665556146636,0.11846501144370515,0.14432152747255356,0.016639699250691697,0.038026614518633504,0.5948537355205595,c208ea5141f2b71772b5288cbb0d9fb1a867e70c5c134e6ce7961192b7a9eac4,RIM_ONE_r3,1.5689706406726767,5.9030314229609315,2.221571233808896,6.909326494664397,fff5606f2e5b215c185d8055c27047cc5c37866e6bde8a97ccc44731bef457c9,261,2580,UNET_QUERY_128__RIM_ONE_r3__A1
UNET_QUERY_128,faa023324ece2294c4bd8fc855043500fc787985,0.4303059627830954,0.004341583777487992,-0.05010955724732284,-0.03142716080577306,-0.10409560857277304,0.47633372241476546,c208ea5141f2b71772b5288cbb0d9fb1a867e70c5c134e6ce7961192b7a9eac4,RIM_ONE_r3,1.6740204017811122,6.352039231383958,2.649026992303325,6.299234925992142,fff5606f2e5b215c185d8055c27047cc5c37866e6bde8a97ccc44731bef457c9,261,2590,UNET_QUERY_128__RIM_ONE_r3__A1
UNET_QUERY_128,faa023324ece2294c4bd8fc855043500fc787985,0.3839769640909938,-0.023238897123563956,-0.04456839391107896,-0.02423533900173413,-0.04266082226672011,0.46632839436819373,c208ea5141f2b71772b5288cbb0d9fb1a867e70c5c134e6ce7961192b7a9eac4,RIM_ONE_r3,1.7132024684796545,5.965787259616937,1.941142274606655,7.1505597871129245,fff5606f2e5b215c185d8055c27047cc5c37866e6bde8a97ccc44731bef457c9,261,2600,UNET_QUERY_128__RIM_ONE_r3__A1
UNET_QUERY_128,faa023324ece2294c4bd8fc855043500fc787985,0.5139702986037299,-0.12919642630929762,-0.06077850101927619,0.028871127170209423,0.06987349960676197,0.6005835058618411,c208ea5141f2b71772b5288cbb0d9fb1a867e70c5c134e6ce7961192b7a9eac4,RIM_ONE_r3,1.7532243723968897,7.233113620255705,9.413528293008275,8.553701494716037,fff5606f2e5b215c185d8055c27047cc5c37866e6bde8a97ccc44731bef457c9,261,2610,UNET_QUERY_128__RIM_ONE_r3__A1
UNET_QUERY_128,faa023324ece2294c4bd8fc855043500fc787985,0.41603719345593837,-0.0885569991891058,-0.18872825985336616,-0.00807726554402347,-0.020989798963190053,0.39863893736828543,c208ea5141f2b71772b5288cbb0d9fb1a867e70c5c134e6ce7961192b7a9eac4,RIM_ONE_r3,2.0706985579138184,7.133522576690135,4.741337414459137,10.001701910517998,fff5606f2e5b215c185d8055c27047cc5c37866e6bde8a97ccc44731bef457c9,261,2620,UNET_QUERY_128__RIM_ONE_r3__A1
UNET_QUERY_128,faa023324ece2294c4bd8fc855043500fc787985,0.4574994469235195,0.17578024600760878,0.3289297459170561,0.16796597770066063,0.19598995174238948,0.4916442513198108,c208ea5141f2b71772b5288cbb0d9fb1a867e70c5c134e6ce7961192b7a9eac4,RIM_ONE_r3,1.743100640437948,5.745312136268011,4.206098489786214,7.440730257354075,fff5606f2e5b215c185d8055c27047cc5c37866e6bde8a97ccc44731bef457c9,261,2630,UNET_QUERY_128__RIM_ONE_r3__A1
UNET_QUERY_128,faa023324ece2294c4bd8fc855043500fc787985,0.45876245646867914,-0.039364309529234025,-0.28866355676210625,-0.018840153094010614,-0.1532362753814209,0.5938463524599821,c208ea5141f2b71772b5288cbb0d9fb1a867e70c5c134e6ce7961192b7a9eac4,RIM_ONE_r3,1.7125435941921652,6.4159313475555795,3.279590487256642,10.244205329952084,fff5606f2e5b215c185d8055c27047cc5c37866e6bde8a97ccc44731bef457c9,261,2640,UNET_QUERY_128__RIM_ONE_r3__A1
UNET_QUERY_128,faa023324ece2294c4bd8fc855043500fc787985,0.38435448166817787,0.01937136011893764,-0.015140834904677885,0.011448592425152032,0.07858002279232769,0.45467027343124755,c208ea5141f2b71772b5288cbb0d9fb1a867e70c5c134e6ce7961192b7a9eac4,RIM_ONE_r3,1.7722308480161346,6.393814782253237,3.9453641026000374,7.344196021633088,fff5606f2e5b215c185d8055c27047cc5c37866e6bde8a97ccc44731bef457c9,261,2650,UNET_QUERY_128__RIM_ONE_r3__A1
UNET_QUERY_128,faa023324ece2294c4bd8fc855043500fc787985,0.42246398861599394,0.022446868567900624,0.008974573569744538,-0.0189462587891932,-0.09221144408308121,-0.1634780688641351,c208ea5141f2b71772b5288cbb0d9fb1a867e70c5c134e6ce7961192b7a9eac4,RIM_ONE_r3,2.4257191908816633,7.508579767325086,9.097736124203276,5.474902652683203,fff5606f2e5b215c185d8055c27047cc5c37866e6bde8a97ccc44731bef457c9,261,2660,UNET_QUERY_128__RIM_ONE_r3__A1
UNET_QUERY_128,faa023324ece2294c4bd8fc855043500fc787985,0.3052704923032578,0.04930752138667235,0.05335527232930014,-0.041621108325066,-0.05227315713548168,-0.5493873321865337,c208ea5141f2b71772b5288cbb0d9fb1a867e70c5c134e6ce7961192b7a9eac4,RIM_ONE_r3,2.6970495780581834,6.6952611997755875,11.955781205769485,3.2149607238874327,fff5606f2e5b215c185d8055c27047cc5c37866e6bde8a97ccc44731bef457c9,261,2670,UNET_QUERY_128__RIM_ONE_r3__A1
UNET_QUERY_128,faa023324ece2294c4bd8fc855043500fc787985,0.4713054732302108,-0.02530027294433687,-0.254795026384318,-0.025481085711833138,-0.23802206323916728,0.5421991283817874,c208ea5141f2b71772b5288cbb0d9fb1a867e70c5c134e6ce7961192b7a9eac4,RIM_ONE_r3,1.4744362466676397,6.050889846732364,4.464679536393222,7.957468781941939,fff5606f2e5b215c185d8055c27047cc5c37866e6bde8a97ccc44731bef457c9,261,2680,UNET_QUERY_128__RIM_ONE_r3__A1
UNET_QUERY_128,faa023324ece2294c4bd8fc855043500fc787985,0.46898106004069984,0.1526548234685998,0.14084810119364308,0.1383806314761974,0.16024578457077523,0.7789999974482098,c208ea5141f2b71772b5288cbb0d9fb1a867e70c5c134e6ce7961192b7a9eac4,RIM_ONE_r3,1.5997042956370302,6.843712634354183,5.735935553283301,5.966173628770627,fff5606f2e5b215c185d8055c27047cc5c37866e6bde8a97ccc44731bef457c9,261,2690,UNET_QUERY_128__RIM_ONE_r3__A1
UNET_QUERY_128,faa023324ece2294c4bd8fc855043500fc787985,0.4433879063325896,0.1701686514244582,0.3063869392866637,0.13059943577846744,0.24488308336443415,0.8290697112096597,c208ea5141f2b71772b5288cbb0d9fb1a867e70c5c134e6ce7961192b7a9eac4,RIM_ONE_r3,1.5911406736933082,5.589073735400919,3.803148034007712,7.057974359610397,fff5606f2e5b215c185d8055c27047cc5c37866e6bde8a97ccc44731bef457c9,261,2700,UNET_QUERY_128__RIM_ONE_r3__A1
UNET_QUERY_128,faa023324ece2294c4bd8fc855043500fc787985,0.43489227432325217,0.1127427365797413,0.28599424171535776,0.0913366396876657,0.2251352822133,0.5861189733908503,c208ea5141f2b71772b5288cbb0d9fb1a867e70c5c134e6ce7961192b7a9eac4,RIM_ONE_r3,2.0221153456668377,7.054212380691453,2.596378540611521,10.774859205512731,fff5606f2e5b215c185d8055c27047cc5c37866e6bde8a97ccc44731bef457c9,261,2710,UNET_QUERY_128__RIM_ONE_r3__A1
UNET_QUERY_128,faa023324ece2294c4bd8fc855043500fc787985,0.3956843769153467,-0.07546005893503353,-0.20969154342570467,-0.017845922079993953,-0.19451644495898818,0.756445620514994,c208ea5141f2b71772b5288cbb0d9fb1a867e70c5c134e6ce7961192b7a9eac4,RIM_ONE_r3,1.7942368738273786,6.061960198349338,5.753816702965872,18.293662106419667,fff5606f2e5b215c185d8055c27047cc5c37866e6bde8a97ccc44731bef457c9,261,2720,UNET_QUERY_128__RIM_ONE_r3__A1
UNET_QUERY_128,faa023324ece2294c4bd8fc855043500fc787985,0.4057630232161439,0.06155006664439322,0.16533168031466214,0.06953714077802346,0.1996587691770195,0.12197979901272914,c208ea5141f2b71772b5288cbb0d9fb1a867e70c5c134e6ce7961192b7a9eac4,RIM_ONE_r3,1.990875977634643,7.268386434931114,1.9191026956929942,8.328359360654066,fff5606f2e5b215c185d8055c27047cc5c37866e6bde8a97ccc44731bef457c9,261,2730,UNET_QUERY_128__RIM_ONE_r3__A1
UNET_QUERY_128,faa023324ece2294c4bd8fc855043500fc787985,0.527181572781557,-0.18048041687430472,0.014899504889415624,-0.10301485390393045,0.04153803110001614,0.8829215431096068,c208ea5141f2b71772b5288cbb0d9fb1a867e70c5c134e6ce7961192b7a9eac4,RIM_ONE_r3,1.772671416984353,3.9021767147346416,39.00498617682754,24.626683428884256,fff5606f2e5b215c185d8055c27047cc5c37866e6bde8a97ccc44731bef457c9,261,2740,UNET_QUERY_128__RIM_ONE_r3__A1
UNET_QUERY_128,faa023324ece2294c4bd8fc855043500fc787985,0.37817265019658663,0.02653695875516933,-0.02946036949397412,0.029081082758928418,0.08284961257715337,0.5413760047645307,c208ea5141f2b71772b5288cbb0d9fb1a867e70c5c134e6ce7961192b7a9eac4,RIM_ONE_r3,1.812352827023416,6.444799519985614,5.091778425316644,6.038732259907217,fff5606f2e5b215c185d8055c27047cc5c37866e6bde8a97ccc44731bef457c9,261,2750,UNET_QUERY_128__RIM_ONE_r3__A1
UNET_QUERY_128,faa023324ece2294c4bd8fc855043500fc787985,0.40861908732148455,-0.04683146453640501,0.01804755438450577,0.0062009559565224925,0.08118009097513167,0.8019800713374019,c208ea5141f2b71772b5288cbb0d9fb1a867e70c5c134e6ce7961192b7a9eac4,RIM_ONE_r3,1.7330497118095487,6.501304448977279,7.289143919608817,7.0978763253262365,fff5606f2e5b215c185d8055c27047cc5c37866e6bde8a97ccc44731bef457c9,261,2760,UNET_QUERY_128__RIM_ONE_r3__A1
UNET_QUERY_128,faa023324ece2294c4bd8fc855043500fc787985,0.5344796498628257,-0.051887440642343095,-0.2323366124382777,0.05087865887901457,0.047898333724358956,0.2937577581089974,c208ea5141f2b71772b5288cbb0d9fb1a867e70c5c134e6ce7961192b7a9eac4,RIM_ONE_r3,1.6410376932565036,6.75612338440561,1.5488976220862292,12.219287708067947,fff5606f2e5b215c185d8055c27047cc5c37866e6bde8a97ccc44731bef457c9,261,2770,UNET_QUERY_128__RIM_ONE_r3__A1
UNET_QUERY_128,faa023324ece2294c4bd8fc855043500fc787985,0.3954131537003816,0.06549165071284675,0.19029558701874963,0.08609677350733329,0.27563566571132414,0.6976685614553969,c208ea5141f2b71772b5288cbb0d9fb1a867e70c5c134e6ce7961192b7a9eac4,RIM_ONE_r3,1.8186814775724172,6.426325368698953,1.5128822651052811,7.595018410942855,fff5606f2e5b215c185d8055c27047cc5c37866e6bde8a97ccc44731bef457c9,261,2780,UNET_QUERY_128__RIM_ONE_r3__A1
UNET_QUERY_128,faa023324ece2294c4bd8fc855043500fc787985,0.5318360211718093,-0.1895373664221523,-0.23608269331883763,-0.04476021356505715,-0.09577914120979349,0.6322162907475588,c208ea5141f2b71772b5288cbb0d9fb1a867e70c5c134e6ce7961192b7a9eac4,RIM_ONE_r3,1.6604965012228465,6.51896991787824,9.073647914524585,9.246071300705967,fff5606f2e5b215c185d8055c27047cc5c37866e6bde8a97ccc44731bef457c9,261,2790,UNET_QUERY_128__RIM_ONE_r3__A1
UNET_QUERY_128,faa023324ece2294c4bd8fc855043500fc787985,0.35578626781957334,0.035929362921789415,0.022135162969482272,0.015575418055019965,-0.12146826769609964,0.2756080330270175,c208ea5141f2b71772b5288cbb0d9fb1a867e70c5c134e6ce7961192b7a9eac4,RIM_ONE_r3,2.6253272963045613,7.199466015760961,9.777258077287803,15.607014052386287,fff5606f2e5b215c185d8055c27047cc5c37866e6bde8a97ccc44731bef457c9,261,2800,UNET_QUERY_128__RIM_ONE_r3__A1
UNET_QUERY_128,faa023324ece2294c4bd8fc855043500fc787985,0.4737602448780503,-0.04897537631362406,-0.18037310355768102,-0.007731477512166263,-0.11188657984921367,0.6249662076149535,c208ea5141f2b71772b5288cbb0d9fb1a867e70c5c134e6ce7961192b7a9eac4,RIM_ONE_r3,1.8468838565505983,7.5182630749914505,8.333424363939407,7.011393206277448,fff5606f2e5b215c185d8055c27047cc5c37866e6bde8a97ccc44731bef457c9,261,2810,UNET_QUERY_128__RIM_ONE_r3__A1
UNET_QUERY_128,faa023324ece2294c4bd8fc855043500fc787985,0.365097671042443,0.1950722530898686,0.2979907265594275,0.1974514806407294,0.22442038027279507,0.8496947330251517,c208ea5141f2b71772b5288cbb0d9fb1a867e70c5c134e6ce7961192b7a9eac4,RIM_ONE_r3,1.7323809160705448,5.371024740967591,6.39589593723503,4.189875067380406,fff5606f2e5b215c185d8055c27047cc5c37866e6bde8a97ccc44731bef457c9,261,2820,UNET_QUERY_128__RIM_ONE_r3__A1
UNET_QUERY_128,faa023324ece2294c4bd8fc855043500fc787985,0.35205132432675496,0.08030202794750932,0.2572767460478269,0.10224085583624336,0.194103342780794,0.6791644929989757,c208ea5141f2b71772b5288cbb0d9fb1a867e70c5c134e6ce7961192b7a9eac4,RIM_ONE_r3,1.6152115286937863,5.982459609923637,2.728453610409146,6.195055171839455,fff5606f2e5b215c185d8055c27047cc5c37866e6bde8a97ccc44731bef457c9,261,2830,UNET_QUERY_128__RIM_ONE_r3__A1
UNET_QUERY_128,faa023324ece2294c4bd8fc855043500fc787985,0.4186654792995246,0.12670951191193044,0.27298135477933666,0.11637252381205519,0.2203294603598548,0.8064672156609096,c208ea5141f2b71772b5288cbb0d9fb1a867e70c5c134e6ce7961192b7a9eac4,RIM_ONE_r3,1.7609012704615394,6.103612696903132,6.388329798019644,8.202753968018156,fff5606f2e5b215c185d8055c27047cc5c37866e6bde8a97ccc44731bef457c9,261,2840,UNET_QUERY_128__RIM_ONE_r3__A1
UNET_QUERY_128,faa023324ece2294c4bd8fc855043500fc787985,0.347866983413711,-0.00013541158235555605,0.005635455288567713,-0.018221440087038045,-0.05599843458463726,-0.09541272243859492,c208ea5141f2b71772b5288cbb0d9fb1a867e70c5c134e6ce7961192b7a9eac4,RIM_ONE_r3,2.608028431346676,6.834273238873447,8.842549292007982,14.902884336023776,fff5606f2e5b215c185d8055c27047cc5c37866e6bde8a97ccc44731bef457c9,261,2850,UNET_QUERY_128__RIM_ONE_r3__A1
UNET_QUERY_128,faa023324ece2294c4bd8fc855043500fc787985,0.4822392517394118,-0.03786065026658293,-0.21159920370187768,0.0203684774830393,-0.0330344385172458,0.20586416685115322,c208ea5141f2b71772b5288cbb0d9fb1a867e70c5c134e6ce7961192b7a9eac4,RIM_ONE_r3,1.7165046317034962,6.484085350446727,2.5987640430652412,5.87944019238712,fff5606f2e5b215c185d8055c27047cc5c37866e6bde8a97ccc44731bef457c9,261,2860,UNET_QUERY_128__RIM_ONE_r3__A1
UNET_QUERY_128,faa023324ece2294c4bd8fc855043500fc787985,0.40126088079071986,-0.07525808677694067,-0.22526405144629452,-0.06809834048595546,-0.20621273552789257,0.8314645940699504,c208ea5141f2b71772b5288cbb0d9fb1a867e70c5c134e6ce7961192b7a9eac4,RIM_ONE_r3,1.8217999037233583,6.27747788608032,11.351185970569073,9.119473644148975,fff5606f2e5b215c185d8055c27047cc5c37866e6bde8a97ccc44731bef457c9,261,2870,UNET_QUERY_128__RIM_ONE_r3__A1
UNET_QUERY_128,faa023324ece2294c4bd8fc855043500fc787985,0.5435337957919413,-0.023129460753246373,-0.07035339113671503,-0.06574459211679813,-0.12442783827526288,0.36203767104793944,c208ea5141f2b71772b5288cbb0d9fb1a867e70c5c134e6ce7961192b7a9eac4,RIM_ONE_r3,1.7848522491059795,4.220910599308991,1.5603259080166259,6.675825941058447,fff5606f2e5b215c185d8055c27047cc5c37866e6bde8a97ccc44731bef457c9,261,2880,UNET_QUERY_128__RIM_ONE_r3__A1
UNET_QUERY_128,faa023324ece2294c4bd8fc855043500fc787985,0.511482493129893,-0.026303619154640273,-0.1577458790579439,0.01850213184162812,0.0256870936660102,0.6966563213287125,c208ea5141f2b71772b5288cbb0d9fb1a867e70c5c134e6ce7961192b7a9eac4,RIM_ONE_r3,1.5831028048442672,6.25422937522628,4.172123718403693,11.875438801098767,fff5606f2e5b215c185d8055c27047cc5c37866e6bde8a97ccc44731bef457c9,261,2890,UNET_QUERY_128__RIM_ONE_r3__A1
UNET_QUERY_128,faa023324ece2294c4bd8fc855043500fc787985,0.3999031340996462,0.14521120581612512,0.26228841966765715,0.07178911730504112,0.04345493720286457,0.46016784172118425,c208ea5141f2b71772b5288cbb0d9fb1a867e70c5c134e6ce7961192b7a9eac4,RIM_ONE_r3,1.8653926452037042,6.123280499235046,2.6860737177245273,2.595912728654088,fff5606f2e5b215c185d8055c27047cc5c37866e6bde8a97ccc44731bef457c9,261,2900,UNET_QUERY_128__RIM_ONE_r3__A1
UNET_QUERY_128,faa023324ece2294c4bd8fc855043500fc787985,0.4725315289287549,-0.07371378279070201,0.08227326435468517,0.140773320277417,0.24769790387737753,0.3944688234661652,c208ea5141f2b71772b5288cbb0d9fb1a867e70c5c134e6ce7961192b7a9eac4,RIM_ONE_r3,1.6687470581425226,6.836807780634049,8.58561833762261,13.383105179049586,fff5606f2e5b215c185d8055c27047cc5c37866e6bde8a97ccc44731bef457c9,261,2910,UNET_QUERY_128__RIM_ONE_r3__A1
UNET_QUERY_128,faa023324ece2294c4bd8fc855043500fc787985,0.33072416991679304,0.004130088642873034,-0.05778064824040635,0.0005528274834582742,-0.053209024113483154,0.8069562525278574,c208ea5141f2b71772b5288cbb0d9fb1a867e70c5c134e6ce7961192b7a9eac4,RIM_ONE_r3,1.763868913934531,6.2227433522550335,2.6438932765760974,8.719251645338176,fff5606f2e5b215c185d8055c27047cc5c37866e6bde8a97ccc44731bef457c9,261,2920,UNET_QUERY_128__RIM_ONE_r3__A1
UNET_QUERY_128,faa023324ece2294c4bd8fc855043500fc787985,0.433315194928116,-0.06974862958023846,-0.19373773354355217,0.012890234551484492,0.031910883315669346,0.1493105383258575,c208ea5141f2b71772b5288cbb0d9fb1a867e70c5c134e6ce7961192b7a9eac4,RIM_ONE_r3,1.8755487757494878,6.655382481517008,4.8212532187629025,7.827292643096373,fff5606f2e5b215c185d8055c27047cc5c37866e6bde8a97ccc44731bef457c9,261,2930,UNET_QUERY_128__RIM_ONE_r3__A1
UNET_QUERY_128,faa023324ece2294c4bd8fc855043500fc787985,0.3836621910072535,0.03426640378920802,0.05259970340304474,-0.17325505078251238,-0.2878039951258437,0.09480862560455773,c208ea5141f2b71772b5288cbb0d9fb1a867e70c5c134e6ce7961192b7a9eac4,RIM_ONE_r3,1.7200980589555273,5.621257608230816,1.629487978321333,6.302071556066333,fff5606f2e5b215c185d8055c27047cc5c37866e6bde8a97ccc44731bef457c9,261,2940,UNET_QUERY_128__RIM_ONE_r3__A1
UNET_QUERY_128,faa023324ece2294c4bd8fc855043500fc787985,0.365183153685696,0.04372487676924525,0.2922528668213465,0.039491864822789706,0.28906290073013224,0.8677237347475147,c208ea5141f2b71772b5288cbb0d9fb1a867e70c5c134e6ce7961192b7a9eac4,RIM_ONE_r3,1.743205607103888,6.01221801708643,3.053160785984579,6.689463309584382,fff5606f2e5b215c185d8055c27047cc5c37866e6bde8a97ccc44731bef457c9,261,2950,UNET_QUERY_128__RIM_ONE_r3__A1
UNET_QUERY_128,faa023324ece2294c4bd8fc855043500fc787985,0.45806917029509603,-0.05674295036958818,-0.3413243863414524,-0.03469788220317928,-0.17944855230733578,0.4950306378789809,c208ea5141f2b71772b5288cbb0d9fb1a867e70c5c134e6ce7961192b7a9eac4,RIM_ONE_r3,1.7589726764196647,6.755503097786334,3.0473289949573323,9.904744701947708,fff5606f2e5b215c185d8055c27047cc5c37866e6bde8a97ccc44731bef457c9,261,2960,UNET_QUERY_128__RIM_ONE_r3__A1
UNET_QUERY_128,faa023324ece2294c4bd8fc855043500fc787985,0.4916962680244107,0.11989745775674232,0.33634462502719725,0.18607851654986274,0.33105793322839544,0.50119624765265,c208ea5141f2b71772b5288cbb0d9fb1a867e70c5c134e6ce7961192b7a9eac4,RIM_ONE_r3,1.5888423638938374,6.62859065360448,1.2945775679887332,10.919441616850587,fff5606f2e5b215c185d8055c27047cc5c37866e6bde8a97ccc44731bef457c9,261,2970,UNET_QUERY_128__RIM_ONE_r3__A1
UNET_QUERY_128,faa023324ece2294c4bd8fc855043500fc787985,0.3593000136839868,0.06512548159958097,0.12830438158085777,0.012248574331295833,0.04124680027054062,0.35885256657476977,c208ea5141f2b71772b5288cbb0d9fb1a867e70c5c134e6ce7961192b7a9eac4,RIM_ONE_r3,2.502318372651939,6.767928137402782,8.659954928828434,7.90313220488464,fff5606f2e5b215c185d8055c27047cc5c37866e6bde8a97ccc44731bef457c9,261,2980,UNET_QUERY_128__RIM_ONE_r3__A1
UNET_QUERY_128,faa023324ece2294c4bd8fc855043500fc787985,0.42956740685700906,-0.009345310009328625,-0.07319413425142594,-0.024114897508027883,-0.14205890607701596,0.2936024675627503,c208ea5141f2b71772b5288cbb0d9fb1a867e70c5c134e6ce7961192b7a9eac4,RIM_ONE_r3,2.2922728211735732,7.735575352897308,9.378797537188191,7.957674668194441,fff5606f2e5b215c185d8055c27047cc5c37866e6bde8a97ccc44731bef457c9,261,2990,UNET_QUERY_128__RIM_ONE_r3__A1
