GRQA,Limg,Lseg,advantage_std,arm,assignment_regret_max,assignment_regret_mean,assignment_regret_p50,assignment_regret_p95,assignment_total_similarity,backbone,categorical_kl,clip_fraction,code_commit,config_digest,cos_img_grqa,cos_img_grqa_reason,cos_seg_grqa,cos_seg_grqa_reason,cos_seg_img,domain,global_step,grad_norm,group,group_sizes,k3,lambda_grqa,local_step,lr,max_group_size,min_group_size,norm_grqa,norm_img,norm_seg,peak_allocated,peak_reserved,phase,query_utilization,ratio_max,ratio_mean,ratio_min,regularizer,reward_mean,reward_std,routing_mode,seed,selected_k3,singleton_fraction,status,supported_classes,task,timestamp,total_loss,training_seconds
1.8378099753135757e-07,0.011067207902669907,0.14673741161823273,0.9574171900749207,A0,0.0,0.0,0.0,0.0,12.492594718933105,DINOV2_VITS14_QUERY,0.0,0.0,2205de41b64a7eb263e72c2d4254d222ff813d4a,6e391c704a68e502cf568786c0784e72255b0cae9e08d02e78675867fec08a74,,ZERO_GRADIENT_NORM,,ZERO_GRADIENT_NORM,-0.048633042205182254,Drishti_GS,2100,51.96059799194336,1.8378099753135757e-07,"[[1, 6, 5], [1, 6, 5]]",0.0,0.0,100,"[3.383834619016499e-06, 3.3838346190164985e-05]",6,1,0.0,25.105758269264292,46.79185627669538,1590718464,1650458624,development,"[2, 12, 10]",1.0,1.0,1.0,0.0,0.520524799823761,0.12267638742923737,top1,261,0.0,0.3333333333333333,OK,"[0, 1, 2]",DINOV2_VITS14_QUERY__Drishti_GS__A0,1790394756.7846386,0.2574094831943512,32.5712238070555
3.178914482759865e-07,0.006502499338239431,0.1425028294324875,0.9574160575866699,A0,0.0,0.0,0.0,0.0,13.51611328125,DINOV2_VITS14_QUERY,0.0,0.0,2205de41b64a7eb263e72c2d4254d222ff813d4a,6e391c704a68e502cf568786c0784e72255b0cae9e08d02e78675867fec08a74,,ZERO_GRADIENT_NORM,,ZERO_GRADIENT_NORM,-0.09619704325047022,Drishti_GS,2200,28.162796020507812,3.178914482759865e-07,"[[1, 6, 5], [1, 6, 5]]",0.0,0.0,200,"[3.0434898592517716e-06, 3.0434898592517714e-05]",6,1,0.0,9.024048535501407,27.592981699800625,1597664256,1650458624,development,"[2, 12, 10]",1.0,1.0,1.0,0.0,0.56317138671875,0.12084627896547318,top1,261,0.0,0.3333333333333333,OK,"[0, 1, 2]",DINOV2_VITS14_QUERY__Drishti_GS__A0,1790394788.7747676,0.20752781629562378,64.56135710468516
1.862645149230957e-07,0.005936527159065008,0.11051364243030548,0.957414984703064,A0,0.0,0.0,0.0,0.0,14.08944320678711,DINOV2_VITS14_QUERY,0.0,0.0,2205de41b64a7eb263e72c2d4254d222ff813d4a,6e391c704a68e502cf568786c0784e72255b0cae9e08d02e78675867fec08a74,,ZERO_GRADIENT_NORM,,ZERO_GRADIENT_NORM,-0.3952063857697818,Drishti_GS,2300,23.064226150512695,1.862645149230957e-07,"[[1, 6, 5], [1, 6, 5]]",0.0,0.0,300,"[2.6988522327480364e-06, 2.6988522327480364e-05]",6,1,0.0,9.63377764101992,25.128190498683153,1597664256,1650458624,development,"[2, 12, 10]",1.0,1.0,1.0,0.0,0.5870601534843445,0.1195150837302208,top1,261,0.0,0.3333333333333333,OK,"[0, 1, 2]",DINOV2_VITS14_QUERY__Drishti_GS__A0,1790394822.1275415,0.16987891495227814,97.91400873381644
-6.95387569749073e-08,0.005083974450826645,0.12276884913444519,0.9574148058891296,A0,0.0,0.0,0.0,0.0,14.377674102783203,DINOV2_VITS14_QUERY,0.0,0.0,2205de41b64a7eb263e72c2d4254d222ff813d4a,6e391c704a68e502cf568786c0784e72255b0cae9e08d02e78675867fec08a74,,ZERO_GRADIENT_NORM,,ZERO_GRADIENT_NORM,0.5671805751977611,Drishti_GS,2400,38.4074821472168,-6.95387569749073e-08,"[[1, 6, 5], [1, 6, 5]]",0.0,0.0,400,"[2.3492378861760375e-06, 2.3492378861760376e-05]",6,1,0.0,8.538930571284185,32.90550102773,1597664256,1650458624,development,"[2, 12, 10]",1.0,1.0,1.0,-0.0,0.5990697741508484,0.12101535499095917,top1,261,0.0,0.3333333333333333,OK,"[0, 1, 2]",DINOV2_VITS14_QUERY__Drishti_GS__A0,1790394855.0278058,0.17360860109329224,130.81461244588718
2.1358331991905288e-07,0.0037837536074221134,0.09323582798242569,0.957413911819458,A0,0.0,0.0,0.0,0.0,14.66685676574707,DINOV2_VITS14_QUERY,0.0,0.0,2205de41b64a7eb263e72c2d4254d222ff813d4a,6e391c704a68e502cf568786c0784e72255b0cae9e08d02e78675867fec08a74,,ZERO_GRADIENT_NORM,,ZERO_GRADIENT_NORM,0.04251036119245804,Drishti_GS,2500,21.90662384033203,2.1358331991905288e-07,"[[1, 5, 6], [1, 5, 6]]",0.0,0.0,500,"[1.9937186647521924e-06, 1.993718664752192e-05]",6,1,0.0,4.534425636272651,21.219585011416132,1597664256,1650458624,development,"[2, 10, 12]",1.0,1.0,1.0,0.0,0.6111190319061279,0.12143663316965103,top1,261,0.0,0.3333333333333333,OK,"[0, 1, 2]",DINOV2_VITS14_QUERY__Drishti_GS__A0,1790394884.9035866,0.13107335567474365,160.68987678084522
3.476937706636818e-07,0.0031208673026412725,0.09997350722551346,0.9574139714241028,A0,0.0,0.0,0.0,0.0,14.81696605682373,DINOV2_VITS14_QUERY,0.0,0.0,2205de41b64a7eb263e72c2d4254d222ff813d4a,6e391c704a68e502cf568786c0784e72255b0cae9e08d02e78675867fec08a74,,ZERO_GRADIENT_NORM,,ZERO_GRADIENT_NORM,-0.2947973414696504,Drishti_GS,2600,28.982738494873047,3.476937706636818e-07,"[[1, 6, 5], [1, 6, 5]]",0.0,0.0,600,"[1.6309658323221824e-06, 1.6309658323221826e-05]",6,1,0.0,3.1404922689347208,29.71473540092757,1612191744,1650458624,development,"[2, 12, 10]",1.0,1.0,1.0,0.0,0.6173735857009888,0.11949969083070755,top1,261,0.0,0.3333333333333333,OK,"[0, 1, 2]",DINOV2_VITS14_QUERY__Drishti_GS__A0,1790394918.2596383,0.13118217885494232,194.04646273795515
2.8312206268310547e-07,0.0030914382077753544,0.0979178249835968,0.9574131965637207,A0,0.0,0.0,0.0,0.0,14.919994354248047,DINOV2_VITS14_QUERY,0.0,0.0,2205de41b64a7eb263e72c2d4254d222ff813d4a,6e391c704a68e502cf568786c0784e72255b0cae9e08d02e78675867fec08a74,,ZERO_GRADIENT_NORM,,ZERO_GRADIENT_NORM,0.5879382217357757,Drishti_GS,2700,37.542118072509766,2.8312206268310547e-07,"[[1, 6, 5], [1, 5, 6]]",0.0,0.0,700,"[1.2589254117941672e-06, 1.2589254117941671e-05]",6,1,0.0,4.831742862638875,34.490005078237445,1612191744,1650458624,development,"[2, 11, 11]",1.0,1.0,1.0,0.0,0.621666431427002,0.12166395038366318,top1,261,0.0,0.3333333333333333,OK,"[0, 1, 2]",DINOV2_VITS14_QUERY__Drishti_GS__A0,1790394950.0922382,0.12883220613002777,225.87730928184465
9.934107936260261e-08,0.0030120655428618193,0.08832411468029022,0.9574124813079834,A0,0.0,0.0,0.0,0.0,14.892842292785645,DINOV2_VITS14_QUERY,0.0,0.0,2205de41b64a7eb263e72c2d4254d222ff813d4a,6e391c704a68e502cf568786c0784e72255b0cae9e08d02e78675867fec08a74,,ZERO_GRADIENT_NORM,,ZERO_GRADIENT_NORM,0.00046012771714117555,Drishti_GS,2800,26.056974411010742,9.934107936260261e-08,"[[1, 5, 6], [1, 5, 6]]",0.0,0.0,800,"[8.740129486931664e-07, 8.740129486931664e-06]",6,1,0.0,4.496136736007727,25.68094678502731,1612191744,1650458624,development,"[2, 10, 12]",1.0,1.0,1.0,0.0,0.620535135269165,0.11650118976831436,top1,261,0.0,0.3333333333333333,OK,"[0, 1, 2]",DINOV2_VITS14_QUERY__Drishti_GS__A0,1790394983.1514747,0.1184447705745697,258.93719128193334
5.066394805908203e-07,0.0034121356438845396,0.09438594430685043,0.9574121236801147,A0,0.0,0.0,0.0,0.0,14.990607261657715,DINOV2_VITS14_QUERY,0.0,0.0,2205de41b64a7eb263e72c2d4254d222ff813d4a,6e391c704a68e502cf568786c0784e72255b0cae9e08d02e78675867fec08a74,,ZERO_GRADIENT_NORM,,ZERO_GRADIENT_NORM,0.10589617197114742,Drishti_GS,2900,20.702028274536133,5.066394805908203e-07,"[[1, 5, 6], [1, 5, 6]]",0.0,0.0,900,"[4.6837194216121526e-07, 4.683719421612152e-06]",6,1,0.0,4.262030543145939,19.78224199212793,1612191744,1650458624,development,"[2, 10, 12]",1.0,1.0,1.0,0.0,0.6246086359024048,0.11814974993467331,top1,261,0.0,0.3333333333333333,OK,"[0, 1, 2]",DINOV2_VITS14_QUERY__Drishti_GS__A0,1790395017.4570484,0.12850730121135712,293.2438887748867
8.940696716308594e-08,0.003253284376114607,0.10743056237697601,0.95741206407547,A0,0.0,0.0,0.0,0.0,14.905271530151367,DINOV2_VITS14_QUERY,0.0,0.0,2205de41b64a7eb263e72c2d4254d222ff813d4a,6e391c704a68e502cf568786c0784e72255b0cae9e08d02e78675867fec08a74,,ZERO_GRADIENT_NORM,,ZERO_GRADIENT_NORM,0.06822733931092141,Drishti_GS,3000,31.831727981567383,8.940696716308594e-08,"[[1, 5, 6], [1, 5, 6]]",0.0,0.0,1000,"[0.0, 0.0]",6,1,0.0,6.089483388541004,30.843781459329154,1612191744,1650458624,development,"[2, 10, 12]",1.0,1.0,1.0,0.0,0.6210529804229736,0.11534842103719711,top1,261,0.0,0.3333333333333333,OK,"[0, 1, 2]",DINOV2_VITS14_QUERY__Drishti_GS__A0,1790395047.9320335,0.13996340334415436,323.71712238900363
-0.03125111758708954,0.011830711737275124,0.16240942478179932,0.9999963045120239,A1,0.0,0.0,0.0,0.0,6.636381149291992,DINOV2_VITS14_QUERY,0.00394821260124445,0.3333333432674408,2205de41b64a7eb263e72c2d4254d222ff813d4a,6e391c704a68e502cf568786c0784e72255b0cae9e08d02e78675867fec08a74,0.02408939614929649,,-0.042879112640733984,,-0.0479194223527776,Drishti_GS,2100,54.359134674072266,-0.03125517815351486,"[[5, 5, 2], [5, 5, 2]]",0.00405976502224803,5.0,100,"[3.383834619016499e-06, 3.3838346190164985e-05]",5,2,6.354173626250708,27.55665928381367,48.0852230571218,1685956096,1728053248,development,"[10, 10, 4]",1.2483807802200317,1.0396084785461426,0.8988983631134033,-0.1562555879354477,0.2765159010887146,0.30210059881210327,top1,261,0.00405976502224803,0.0,OK,"[0, 1, 2]",DINOV2_VITS14_QUERY__Drishti_GS__A1,1790395113.8936405,0.12446095049381256,24.707534895744175
-0.017458170652389526,0.007382041774690151,0.1557447761297226,0.9789414405822754,A1,0.0,0.0,0.0,0.0,6.521405220031738,DINOV2_VITS14_QUERY,0.0016350122168660164,0.1666666716337204,2205de41b64a7eb263e72c2d4254d222ff813d4a,6e391c704a68e502cf568786c0784e72255b0cae9e08d02e78675867fec08a74,0.024953299026978966,,0.03523160142400182,,-0.078021949142938,Drishti_GS,2200,39.643287658691406,-0.017460327595472336,"[[9, 1, 2], [8, 2, 2]]",0.002156252507120371,5.0,200,"[3.0434898592517716e-06, 3.0434898592517714e-05]",9,1,11.41992914948367,10.994850334790032,36.68866746209818,1685956096,1728053248,development,"[17, 3, 4]",1.1711033582687378,1.046579360961914,0.9659165143966675,-0.08729085326194763,0.27172523736953735,0.3465304374694824,top1,261,0.002156252507120371,0.16666666666666666,OK,"[0, 1, 2]",DINOV2_VITS14_QUERY__Drishti_GS__A1,1790395139.6898904,0.14227434992790222,50.507232546806335
-0.010003125295042992,0.007399142719805241,0.13326244056224823,0.9789420366287231,A1,0.0,0.0,0.0,0.0,6.275501728057861,DINOV2_VITS14_QUERY,0.0005043895216658711,0.0,2205de41b64a7eb263e72c2d4254d222ff813d4a,6e391c704a68e502cf568786c0784e72255b0cae9e08d02e78675867fec08a74,-0.008239368046538261,,0.1228227836048427,,0.07682362179654631,Drishti_GS,2300,37.914703369140625,-0.01000356674194336,"[[8, 1, 3], [2, 6, 4]]",0.0004410042893141508,5.0,300,"[2.6988522327480364e-06, 2.6988522327480364e-05]",8,1,6.478438451846923,14.616813652952855,32.68004525805261,1685956096,1728053248,development,"[10, 7, 7]",1.067833662033081,1.0159461498260498,0.9842255115509033,-0.05001562833786011,0.2614792585372925,0.37233632802963257,top1,261,0.0004410042893141508,0.16666666666666666,OK,"[0, 1, 2]",DINOV2_VITS14_QUERY__Drishti_GS__A1,1790395165.4009218,0.15723824501037598,76.21623288094997
-0.004407987929880619,0.005814931355416775,0.1232205405831337,0.9789416790008545,A1,0.0,0.0,0.0,0.0,5.876110553741455,DINOV2_VITS14_QUERY,0.00011710516264429316,0.0,2205de41b64a7eb263e72c2d4254d222ff813d4a,6e391c704a68e502cf568786c0784e72255b0cae9e08d02e78675867fec08a74,0.009303159216010411,,-0.0533732498756791,,0.41176298467542405,Drishti_GS,2400,32.31351089477539,-0.004408041946589947,"[[1, 3, 8], [2, 2, 8]]",5.4167903726920485e-05,5.0,400,"[2.3492378861760375e-06, 2.3492378861760376e-05]",8,1,9.642025182927798,10.552305519654194,25.36615071146754,1685956096,1728053248,development,"[3, 5, 16]",1.0297558307647705,1.0039336681365967,0.9926774501800537,-0.02203993871808052,0.2448379397392273,0.38090837001800537,top1,261,5.4167903726920485e-05,0.16666666666666666,OK,"[0, 1, 2]",DINOV2_VITS14_QUERY__Drishti_GS__A1,1790395187.6278222,0.15932992100715637,98.44488614378497
-0.002694743452593684,0.004564603324979544,0.09889945387840271,0.9789419174194336,A1,0.0,0.0,0.0,0.0,5.540493011474609,DINOV2_VITS14_QUERY,6.293415208347142e-05,0.0,2205de41b64a7eb263e72c2d4254d222ff813d4a,6e391c704a68e502cf568786c0784e72255b0cae9e08d02e78675867fec08a74,0.052658587269428736,,-0.04611624218001426,,-0.18937323360199873,Drishti_GS,2500,17.84665870666504,-0.0026947855949401855,"[[2, 1, 9], [5, 2, 5]]",4.206167795928195e-05,5.0,500,"[1.9937186647521924e-06, 1.993718664752192e-05]",9,1,7.622254488781182,5.669808801942307,16.43402653600737,1685956096,1728053248,development,"[7, 3, 14]",1.0197714567184448,1.0045052766799927,0.9900479912757874,-0.013473717495799065,0.2308538854122162,0.38711193203926086,top1,261,4.206167795928195e-05,0.16666666666666666,OK,"[0, 1, 2]",DINOV2_VITS14_QUERY__Drishti_GS__A1,1790395209.1440835,0.1310717761516571,119.96149641787633
-0.0022268309257924557,0.0038278824649751186,0.10008372366428375,0.9789422750473022,A1,0.0,0.0,0.0,0.0,5.362800121307373,DINOV2_VITS14_QUERY,3.095470310654491e-05,0.0,2205de41b64a7eb263e72c2d4254d222ff813d4a,6e391c704a68e502cf568786c0784e72255b0cae9e08d02e78675867fec08a74,-0.02299287764176673,,0.016489768968578386,,-0.44228949069490187,Drishti_GS,2600,21.49837303161621,-0.002226849552243948,"[[1, 7, 4], [5, 3, 4]]",1.8529693988966756e-05,5.0,600,"[1.6309658323221824e-06, 1.6309658323221826e-05]",7,1,7.614474627260757,4.288385706316791,21.529324178856665,1685956096,1728053248,development,"[6, 10, 8]",1.0133966207504272,1.0016982555389404,0.9916980862617493,-0.011134155094623566,0.22345000505447388,0.3899441659450531,top1,261,1.8529693988966756e-05,0.16666666666666666,OK,"[0, 1, 2]",DINOV2_VITS14_QUERY__Drishti_GS__A1,1790395240.0140018,0.12722840905189514,150.83126210281625
-0.0017136256210505962,0.0037869359366595745,0.10152044147253036,0.9789421558380127,A1,0.0,0.0,0.0,0.0,5.256495952606201,DINOV2_VITS14_QUERY,1.6013769709388725e-05,0.0,2205de41b64a7eb263e72c2d4254d222ff813d4a,6e391c704a68e502cf568786c0784e72255b0cae9e08d02e78675867fec08a74,-0.002083042911559019,,-0.029629317706040926,,0.6390836769336441,Drishti_GS,2700,32.79780578613281,-0.0017136335372924805,"[[2, 9, 1], [4, 5, 3]]",7.88467423262773e-06,5.0,700,"[1.2589254117941672e-06, 1.2589254117941671e-05]",9,1,8.110430165737416,6.044068659542738,27.793249304501266,1685956096,1728053248,development,"[6, 14, 4]",1.008835792541504,1.000573992729187,0.9959206581115723,-0.008568128570914268,0.21902066469192505,0.39175930619239807,top1,261,7.88467423262773e-06,0.16666666666666666,OK,"[0, 1, 2]",DINOV2_VITS14_QUERY__Drishti_GS__A1,1790395261.8945053,0.13082167506217957,172.7118945410475
-0.0003555145231075585,0.003608113154768944,0.09553930908441544,0.9574241638183594,A1,0.0,0.0,0.0,0.0,5.183376312255859,DINOV2_VITS14_QUERY,5.919307113799732e-06,0.0,2205de41b64a7eb263e72c2d4254d222ff813d4a,6e391c704a68e502cf568786c0784e72255b0cae9e08d02e78675867fec08a74,0.036283048027159336,,-0.006293397955923862,,-0.057935084512393396,Drishti_GS,2800,30.2623233795166,-0.0003555168805178255,"[[1, 5, 6], [1, 4, 7]]",2.3562074602523353e-06,5.0,800,"[8.740129486931664e-07, 8.740129486931664e-06]",7,1,11.979539829084478,5.296950780349298,27.545255961297325,1685956096,1728053248,development,"[2, 9, 13]",1.006043553352356,1.0010809898376465,0.9983314275741577,-0.0017775725573301315,0.21597401797771454,0.39179110527038574,top1,261,2.3562074602523353e-06,0.3333333333333333,OK,"[0, 1, 2]",DINOV2_VITS14_QUERY__Drishti_GS__A1,1790395289.527445,0.1298428624868393,200.34481524396688
-0.0005102245486341417,0.004270715638995171,0.10082926601171494,0.9789421558380127,A1,0.0,0.0,0.0,0.0,5.13069486618042,DINOV2_VITS14_QUERY,2.6960819923260715e-06,0.0,2205de41b64a7eb263e72c2d4254d222ff813d4a,6e391c704a68e502cf568786c0784e72255b0cae9e08d02e78675867fec08a74,-0.015588310451415541,,0.011331668609516614,,0.14000337182476288,Drishti_GS,2900,21.616823196411133,-0.00051022571278736,"[[3, 4, 5], [1, 3, 8]]",1.1719843087121262e-06,5.0,900,"[4.6837194216121526e-07, 4.683719421612152e-06]",8,1,8.24279147949782,6.023079335156023,18.241328357097842,1685956096,1728053248,development,"[4, 7, 13]",1.003835916519165,1.000425100326538,0.9975907206535339,-0.0025511228013783693,0.21377895772457123,0.39332810044288635,top1,261,1.1719843087121262e-06,0.16666666666666666,OK,"[0, 1, 2]",DINOV2_VITS14_QUERY__Drishti_GS__A1,1790395311.0643723,0.14098529517650604,221.88154136389494
-0.00019208442245144397,0.0041041504591703415,0.11659422516822815,0.9999972581863403,A1,0.0,0.0,0.0,0.0,5.074678897857666,DINOV2_VITS14_QUERY,1.3336980373424012e-06,0.0,2205de41b64a7eb263e72c2d4254d222ff813d4a,6e391c704a68e502cf568786c0784e72255b0cae9e08d02e78675867fec08a74,-0.023448148235455112,,-0.08288922845405838,,0.027552676893403336,Drishti_GS,3000,33.08271026611328,-0.00019208590674679726,"[[8, 2, 2], [5, 5, 2]]",1.4815720987826353e-06,5.0,1000,"[0.0, 0.0]",8,2,7.984644334616455,9.104312708419183,31.25131252620477,1685956096,1728053248,development,"[13, 7, 4]",1.0033823251724243,1.0010097026824951,0.9985816478729248,-0.0009604220977053046,0.21144495904445648,0.3931925594806671,top1,261,1.4815720987826353e-06,0.0,OK,"[0, 1, 2]",DINOV2_VITS14_QUERY__Drishti_GS__A1,1790395332.6503165,0.1566753089427948,243.4675615481101
-0.044536080211400986,0.01118046697229147,0.1510131061077118,0.9999921321868896,A2,0.0,0.0,0.0,0.0,9.009313583374023,DINOV2_VITS14_QUERY,0.0050834896974265575,0.375,2205de41b64a7eb263e72c2d4254d222ff813d4a,6e391c704a68e502cf568786c0784e72255b0cae9e08d02e78675867fec08a74,-0.00016768612758354852,,-0.08903797461381632,,-0.10753743208749768,Drishti_GS,2100,50.81463623046875,-0.0445403978228569,"[[4, 3, 5], [3, 2, 7]]",0.004316340200603008,1.6666666666666665,100,"[3.383834619016499e-06, 3.3838346190164985e-05]",7,2,3.1048696133905325,25.03203763940927,47.1019405565457,1685956096,1728053248,development,"[7, 5, 12]",1.1813746690750122,1.0072416067123413,0.8698657751083374,-0.07422679662704468,0.37538808584213257,0.27044734358787537,top1,261,0.004316340200603008,0.0,OK,"[0, 1, 2]",DINOV2_VITS14_QUERY__Drishti_GS__A2,1790395411.966845,0.18859097361564636,24.2636630339548
-0.03546157479286194,0.007075708359479904,0.14559566974639893,0.999996542930603,A2,0.0,0.0,0.0,0.0,9.88821792602539,DINOV2_VITS14_QUERY,0.002305037109181285,0.25,2205de41b64a7eb263e72c2d4254d222ff813d4a,6e391c704a68e502cf568786c0784e72255b0cae9e08d02e78675867fec08a74,0.07388934597644359,,0.0863755382995238,,-0.15204629608757023,Drishti_GS,2200,29.23105812072754,-0.03546377271413803,"[[5, 3, 4], [2, 3, 7]]",0.0021994910202920437,3.333333333333333,200,"[3.0434898592517716e-06, 3.0434898592517714e-05]",7,2,8.367600342904906,10.122975577057204,26.7163969073909,1685956096,1728053248,development,"[7, 6, 11]",1.110612154006958,1.0356853008270264,0.9319003820419312,-0.1182052493095398,0.4120090901851654,0.33031782507896423,top1,261,0.0021994910202920437,0.0,OK,"[0, 1, 2]",DINOV2_VITS14_QUERY__Drishti_GS__A2,1790395434.9433177,0.09814751148223877,47.145314457826316
-0.015226819552481174,0.00685049407184124,0.12105746567249298,0.9789412021636963,A2,0.0,0.0,0.0,0.0,10.122664451599121,DINOV2_VITS14_QUERY,0.0014348345575854182,0.125,2205de41b64a7eb263e72c2d4254d222ff813d4a,6e391c704a68e502cf568786c0784e72255b0cae9e08d02e78675867fec08a74,0.03547979685061296,,-0.032795971310920304,,-0.39628133406634664,Drishti_GS,2300,27.52817153930664,-0.015227964147925377,"[[6, 3, 3], [1, 9, 2]]",0.0011442583054304123,5.0,300,"[2.6988522327480364e-06, 2.6988522327480364e-05]",9,1,8.782802323270841,12.936756125519773,28.522064729545278,1685956096,1728053248,development,"[7, 12, 5]",1.105855107307434,1.0338013172149658,0.9837735891342163,-0.0761341005563736,0.4217776954174042,0.3691595494747162,top1,261,0.0011442583054304123,0.16666666666666666,OK,"[0, 1, 2]",DINOV2_VITS14_QUERY__Drishti_GS__A2,1790395461.2588637,0.11342830955982208,73.55765761202201
-0.016516495496034622,0.005759652704000473,0.1250172108411789,0.9999973773956299,A2,0.0,0.0,0.0,0.0,9.678672790527344,DINOV2_VITS14_QUERY,0.0005685642827302217,0.0,2205de41b64a7eb263e72c2d4254d222ff813d4a,6e391c704a68e502cf568786c0784e72255b0cae9e08d02e78675867fec08a74,-0.026841137641529553,,0.012129089828687087,,0.4543166276869774,Drishti_GS,2400,36.15526580810547,-0.016516894102096558,"[[2, 4, 6], [4, 3, 5]]",0.00039938074769452214,5.0,400,"[2.3492378861760375e-06, 2.3492378861760376e-05]",6,2,14.073687084607162,10.353295927220048,27.28798073153879,1685956096,1728053248,development,"[6, 7, 11]",1.0745937824249268,1.0183639526367188,0.9899177551269531,-0.08258247375488281,0.40327805280685425,0.4027116894721985,top1,261,0.00039938074769452214,0.0,OK,"[0, 1, 2]",DINOV2_VITS14_QUERY__Drishti_GS__A2,1790395483.0287437,0.10003125667572021,95.32747753988951
-0.008389248512685299,0.004523275885730982,0.10074840486049652,0.9789425134658813,A2,0.0,0.0,0.0,0.0,9.311867713928223,DINOV2_VITS14_QUERY,0.0002021877298830077,0.0,2205de41b64a7eb263e72c2d4254d222ff813d4a,6e391c704a68e502cf568786c0784e72255b0cae9e08d02e78675867fec08a74,-0.011332094393369331,,0.07091579451277523,,-0.36299977793697424,Drishti_GS,2500,18.98195457458496,-0.008389374241232872,"[[1, 3, 8], [3, 4, 5]]",0.0001258804986719042,5.0,500,"[1.9937186647521924e-06, 1.993718664752192e-05]",8,1,14.393722723602385,5.383408982036789,12.209326829392541,1685956096,1728053248,development,"[4, 7, 13]",1.0417661666870117,1.0102168321609497,0.9939144849777222,-0.04194624349474907,0.3879944980144501,0.4197118282318115,top1,261,0.0001258804986719042,0.16666666666666666,OK,"[0, 1, 2]",DINOV2_VITS14_QUERY__Drishti_GS__A2,1790395508.2006493,0.1040349155664444,120.49946935893968
-0.0043941824696958065,0.003783212974667549,0.10398586839437485,0.9999974370002747,A2,0.0,0.0,0.0,0.0,9.072491645812988,DINOV2_VITS14_QUERY,6.006014154991135e-05,0.0,2205de41b64a7eb263e72c2d4254d222ff813d4a,6e391c704a68e502cf568786c0784e72255b0cae9e08d02e78675867fec08a74,0.01670791902722699,,0.02023117663228545,,-0.35566401901375533,Drishti_GS,2600,26.773853302001953,-0.00439422344788909,"[[4, 5, 3], [5, 4, 3]]",4.11560176871717e-05,5.0,600,"[1.6309658323221824e-06, 1.6309658323221826e-05]",5,3,13.10603624976503,3.7966864452111833,24.085289986498125,1685956096,1728053248,development,"[9, 9, 6]",1.0170131921768188,1.0062239170074463,0.9914693832397461,-0.02197091281414032,0.3780204951763153,0.4253503978252411,top1,261,4.11560176871717e-05,0.0,OK,"[0, 1, 2]",DINOV2_VITS14_QUERY__Drishti_GS__A2,1790395534.5142064,0.11984708905220032,146.81295424280688
-0.0012179381446912885,0.003949130419641733,0.11202999204397202,0.9999721646308899,A2,0.0,0.0,0.0,0.0,8.916260719299316,DINOV2_VITS14_QUERY,2.7932726879953407e-05,0.0,2205de41b64a7eb263e72c2d4254d222ff813d4a,6e391c704a68e502cf568786c0784e72255b0cae9e08d02e78675867fec08a74,0.006102466055323905,,0.04549607259628053,,0.7324092137645312,Drishti_GS,2700,44.63032150268555,-0.001217961311340332,"[[6, 4, 2], [8, 2, 2]]",2.312620017619338e-05,5.0,700,"[1.2589254117941672e-06, 1.2589254117941671e-05]",8,2,13.532543768934792,7.090947957053492,36.52920872459796,1685956096,1728053248,development,"[14, 6, 4]",1.011224627494812,1.0055724382400513,0.9970347881317139,-0.0060896906070411205,0.3715108633041382,0.42966362833976746,top1,261,2.312620017619338e-05,0.0,OK,"[0, 1, 2]",DINOV2_VITS14_QUERY__Drishti_GS__A2,1790395560.4093409,0.14543160796165466,172.70759399281815
-0.0008923021960072219,0.0036069517955183983,0.09697582572698593,0.9999815225601196,A2,0.0,0.0,0.0,0.0,8.805872917175293,DINOV2_VITS14_QUERY,1.2327126569289248e-05,0.0,2205de41b64a7eb263e72c2d4254d222ff813d4a,6e391c704a68e502cf568786c0784e72255b0cae9e08d02e78675867fec08a74,-0.05140596371128012,,-0.007405367942663272,,-0.06232342712186532,Drishti_GS,2800,29.09132194519043,-0.0008923113346099854,"[[7, 2, 3], [4, 2, 6]]",9.12831546884263e-06,5.0,800,"[8.740129486931664e-07, 8.740129486931664e-06]",7,2,11.080193958772416,4.999351070496615,26.863523386768072,1685956096,1728053248,development,"[11, 4, 9]",1.0082142353057861,1.0035159587860107,1.0001962184906006,-0.004461511038243771,0.366911381483078,0.42969122529029846,top1,261,9.12831546884263e-06,0.0,OK,"[0, 1, 2]",DINOV2_VITS14_QUERY__Drishti_GS__A2,1790395586.427053,0.12858383357524872,198.72556224977598
-0.00041491439333185554,0.004302546381950378,0.10235990583896637,0.9999831914901733,A2,0.0,0.0,0.0,0.0,8.769286155700684,DINOV2_VITS14_QUERY,4.451269433047855e-06,0.0,2205de41b64a7eb263e72c2d4254d222ff813d4a,6e391c704a68e502cf568786c0784e72255b0cae9e08d02e78675867fec08a74,0.06843587260959856,,0.0009244374464168774,,0.09718163582078437,Drishti_GS,2900,21.953346252441406,-0.00041491788579151034,"[[6, 2, 4], [4, 2, 6]]",3.4821648569050012e-06,5.0,900,"[4.6837194216121526e-07, 4.683719421612152e-06]",6,2,10.036041814588717,5.753046473570442,17.918300356205776,1685956096,1728053248,development,"[10, 4, 10]",1.0045580863952637,1.0020214319229126,0.998930037021637,-0.0020745720248669386,0.3653869330883026,0.43140947818756104,top1,261,3.4821648569050012e-06,0.0,OK,"[0, 1, 2]",DINOV2_VITS14_QUERY__Drishti_GS__A2,1790395609.0228806,0.1433108001947403,221.32165356399491
-0.0005817253841087222,0.004090379923582077,0.11811275780200958,0.9999884366989136,A2,0.0,0.0,0.0,0.0,8.735837936401367,DINOV2_VITS14_QUERY,1.6257592960755574e-06,0.0,2205de41b64a7eb263e72c2d4254d222ff813d4a,6e391c704a68e502cf568786c0784e72255b0cae9e08d02e78675867fec08a74,0.011515282652446931,,-0.018666183186611937,,0.06290080236779194,Drishti_GS,3000,33.418766021728516,-0.0005817264318466187,"[[5, 3, 4], [3, 7, 2]]",1.0432759154355153e-06,5.0,1000,"[0.0, 0.0]",7,2,6.088070300834462,8.656599244806552,31.271041253759538,1685956096,1728053248,development,"[8, 10, 6]",1.002678394317627,1.0005240440368652,0.9978490471839905,-0.002908627036958933,0.36399325728416443,0.43050384521484375,top1,261,1.0432759154355153e-06,0.0,OK,"[0, 1, 2]",DINOV2_VITS14_QUERY__Drishti_GS__A2,1790395636.2382624,0.15610791742801666,248.53679881012067
-0.036819133907556534,0.01111197005957365,0.15771421790122986,0.9999958276748657,A3,0.5826020240783691,0.047898970544338226,0.0,0.48192745447158813,11.40593147277832,DINOV2_VITS14_QUERY,0.0026310323737561703,0.2083333432674408,2205de41b64a7eb263e72c2d4254d222ff813d4a,6e391c704a68e502cf568786c0784e72255b0cae9e08d02e78675867fec08a74,0.0744888810159839,,-0.03720365986415619,,-0.1989767029538802,Drishti_GS,2100,44.97258758544922,-0.036821283400058746,"[[3, 5, 4], [3, 3, 6]]",0.002149434294551611,5.0,100,"[3.383834619016499e-06, 3.3838346190164985e-05]",6,3,7.10963015630506,25.730804967584493,41.56812149690243,1685956096,1728053248,development,"[6, 8, 10]",1.1142796277999878,1.0389928817749023,0.8974505662918091,-0.18409566581249237,0.4752471446990967,0.2842911183834076,cc,261,0.002149434294551611,0.0,OK,"[0, 1, 2]",DINOV2_VITS14_QUERY__Drishti_GS__A3,1790395718.6195462,0.08473826944828033,38.78386391187087
-0.0288012083619833,0.00714848330244422,0.16047737002372742,0.9999955892562866,A3,0.7236748933792114,0.06035264581441879,0.0,0.6096324324607849,12.714534759521484,DINOV2_VITS14_QUERY,0.002304428955540061,0.125,2205de41b64a7eb263e72c2d4254d222ff813d4a,6e391c704a68e502cf568786c0784e72255b0cae9e08d02e78675867fec08a74,0.09956590321835028,,0.0009266998705234197,,-0.09880650814181971,Drishti_GS,2200,33.45645523071289,-0.02880290150642395,"[[3, 3, 6], [3, 3, 6]]",0.001692631165497005,5.0,200,"[3.0434898592517716e-06, 3.0434898592517714e-05]",6,3,6.690928834929602,10.318546612113202,31.903428664285048,1685956096,1728053248,development,"[6, 6, 12]",1.1139870882034302,1.033255934715271,0.9073082804679871,-0.14400604367256165,0.5297722816467285,0.33201003074645996,cc,261,0.001692631165497005,0.0,OK,"[0, 1, 2]",DINOV2_VITS14_QUERY__Drishti_GS__A3,1790395756.7818778,0.08795616030693054,76.94971855916083
-0.020856373012065887,0.007535846438258886,0.12793022394180298,0.9999950528144836,A3,0.8784992694854736,0.0728192925453186,0.0,0.7387428283691406,13.625213623046875,DINOV2_VITS14_QUERY,0.0016640452668070793,0.0416666679084301,2205de41b64a7eb263e72c2d4254d222ff813d4a,6e391c704a68e502cf568786c0784e72255b0cae9e08d02e78675867fec08a74,-0.10102967958759167,,-0.005099678637648674,,-0.08688090217342226,Drishti_GS,2300,28.097402572631836,-0.020857498049736023,"[[3, 3, 6], [3, 3, 6]]",0.0011254698038101196,5.0,300,"[2.6988522327480364e-06, 2.6988522327480364e-05]",6,3,5.869139773713057,14.859428931542338,24.848919789730548,1685956096,1728053248,development,"[6, 6, 12]",1.0960725545883179,1.0204792022705078,0.8999186754226685,-0.10428186506032944,0.5677172541618347,0.357913076877594,cc,261,0.0011254698038101196,0.0,OK,"[0, 1, 2]",DINOV2_VITS14_QUERY__Drishti_GS__A3,1790395802.4448001,0.09900682419538498,122.61271458072588
-0.012046418152749538,0.005696411244571209,0.1350991576910019,0.9999940395355225,A3,1.0334968566894531,0.08587688207626343,0.0,0.8730446100234985,14.29655933380127,DINOV2_VITS14_QUERY,0.0008409464498981833,0.0416666679084301,2205de41b64a7eb263e72c2d4254d222ff813d4a,6e391c704a68e502cf568786c0784e72255b0cae9e08d02e78675867fec08a74,0.06974597455893967,,0.07755415736764049,,0.48373709313937446,Drishti_GS,2400,37.79167175292969,-0.01204712688922882,"[[3, 3, 6], [3, 3, 6]]",0.0007085985271260142,5.0,400,"[2.3492378861760375e-06, 2.3492378861760376e-05]",6,3,6.195162140108493,11.010712405917435,30.133570623609828,1685956096,1728053248,development,"[6, 6, 12]",1.0343962907791138,1.0099695920944214,0.896298885345459,-0.06023209169507027,0.5956900119781494,0.37851613759994507,cc,261,0.0007085985271260142,0.0,OK,"[0, 1, 2]",DINOV2_VITS14_QUERY__Drishti_GS__A3,1790395845.0273018,0.13183118402957916,165.1951281777583
-0.01014991756528616,0.004208066966384649,0.10304973274469376,0.9999924898147583,A3,1.1804487705230713,0.09832999110221863,0.0,1.0025508403778076,15.03433609008789,DINOV2_VITS14_QUERY,0.0005884205456823111,0.0416666679084301,2205de41b64a7eb263e72c2d4254d222ff813d4a,6e391c704a68e502cf568786c0784e72255b0cae9e08d02e78675867fec08a74,0.13339506465228065,,-0.01600723074019979,,-0.1898912326134437,Drishti_GS,2500,12.776349067687988,-0.010150487534701824,"[[3, 3, 6], [3, 3, 6]]",0.0005697743035852909,5.0,500,"[1.9937186647521924e-06, 1.993718664752192e-05]",6,3,4.699832051049089,5.0990897735091485,11.543172385884262,1685956096,1728053248,development,"[6, 6, 12]",1.0231808423995972,1.0035135746002197,0.898129940032959,-0.05074958875775337,0.6264306902885437,0.39082029461860657,cc,261,0.0005697743035852909,0.0,OK,"[0, 1, 2]",DINOV2_VITS14_QUERY__Drishti_GS__A3,1790395880.7947671,0.09438081085681915,200.96253217803314
-0.006856756750494242,0.0034066196531057358,0.11453060060739517,0.9999918341636658,A3,1.3058104515075684,0.10874077677726746,0.0,1.1083734035491943,15.701560974121094,DINOV2_VITS14_QUERY,0.0005461436812765896,0.0,2205de41b64a7eb263e72c2d4254d222ff813d4a,6e391c704a68e502cf568786c0784e72255b0cae9e08d02e78675867fec08a74,0.018146484926529646,,0.07326537523234797,,-0.33272707135152774,Drishti_GS,2600,28.04619598388672,-0.006857191678136587,"[[3, 4, 5], [3, 5, 4]]",0.00043514231219887733,5.0,600,"[1.6309658323221824e-06, 1.6309658323221826e-05]",5,3,6.079418008350368,3.484539755378127,27.859983015898994,1685956096,1728053248,development,"[6, 9, 9]",1.0180459022521973,1.0011405944824219,0.9102425575256348,-0.03428378328680992,0.6542317271232605,0.4111892580986023,cc,261,0.00043514231219887733,0.0,OK,"[0, 1, 2]",DINOV2_VITS14_QUERY__Drishti_GS__A3,1790395919.8874347,0.11431300640106201,240.05539347184822
-0.00498857069760561,0.0034398366697132587,0.1109093427658081,0.9999884366989136,A3,1.3942844867706299,0.11586862802505493,0.0,1.1772518157958984,16.103883743286133,DINOV2_VITS14_QUERY,0.00029442162485793233,0.0,2205de41b64a7eb263e72c2d4254d222ff813d4a,6e391c704a68e502cf568786c0784e72255b0cae9e08d02e78675867fec08a74,0.0982988218049401,,0.06935920427982419,,0.6745444054744685,Drishti_GS,2700,38.247039794921875,-0.0049887970089912415,"[[3, 5, 4], [3, 3, 6]]",0.00022627103317063302,5.0,700,"[1.2589254117941672e-06, 1.2589254117941671e-05]",6,3,6.07036918762465,6.051407599951736,32.9834988069046,1685956096,1728053248,development,"[6, 8, 10]",1.0106810331344604,0.999730110168457,0.9331666827201843,-0.024942852556705475,0.6709951758384705,0.39058607816696167,cc,261,0.00022627103317063302,0.0,OK,"[0, 1, 2]",DINOV2_VITS14_QUERY__Drishti_GS__A3,1790395961.1142027,0.12036485224962234,281.2819685540162
-0.0035338951274752617,0.003123331582173705,0.10036446899175644,0.9999867081642151,A3,1.4386649131774902,0.11970649659633636,0.0,1.2191479206085205,16.304527282714844,DINOV2_VITS14_QUERY,0.00014682515757158399,0.0,2205de41b64a7eb263e72c2d4254d222ff813d4a,6e391c704a68e502cf568786c0784e72255b0cae9e08d02e78675867fec08a74,-0.08652222780372068,,-0.09651598975488442,,-0.1368604683625439,Drishti_GS,2800,22.558948516845703,-0.003534024115651846,"[[3, 5, 4], [3, 3, 6]]",0.00012904223694931716,5.0,800,"[8.740129486931664e-07, 8.740129486931664e-06]",6,3,5.638316494218067,4.349801344656688,22.629585444071743,1685956096,1728053248,development,"[6, 8, 10]",1.0060538053512573,0.9986143112182617,0.9413955807685852,-0.017669476568698883,0.6793553233146667,0.39865753054618835,cc,261,0.00012904223694931716,0.0,OK,"[0, 1, 2]",DINOV2_VITS14_QUERY__Drishti_GS__A3,1790396005.8940735,0.11392831057310104,326.06181063503027
-0.002363081555813551,0.0036802077665925026,0.10873840004205704,0.999982476234436,A3,1.4596452713012695,0.12157164514064789,0.0,1.2386083602905273,16.42145347595215,DINOV2_VITS14_QUERY,5.050994150224142e-05,0.0,2205de41b64a7eb263e72c2d4254d222ff813d4a,6e391c704a68e502cf568786c0784e72255b0cae9e08d02e78675867fec08a74,0.09678599419924379,,0.026256158296147466,,0.11385834826404823,Drishti_GS,2900,22.37179183959961,-0.0023631255608052015,"[[3, 3, 6], [3, 3, 6]]",4.39446848758962e-05,5.0,900,"[4.6837194216121526e-07, 4.683719421612152e-06]",6,3,5.616873331684766,4.97603446754783,20.22807857689672,1685956096,1728053248,development,"[6, 6, 12]",1.005346655845642,0.9990400671958923,0.9669994115829468,-0.011815408244729042,0.6842272281646729,0.4069383144378662,cc,261,4.39446848758962e-05,0.0,OK,"[0, 1, 2]",DINOV2_VITS14_QUERY__Drishti_GS__A3,1790396045.2625039,0.13372506201267242,365.430368355941
-0.0009590965346433222,0.003484749933704734,0.12230480462312698,0.9999805092811584,A3,1.473862648010254,0.12291179597377777,0.0,1.252036452293396,16.47238540649414,DINOV2_VITS14_QUERY,1.3641907571582124e-05,0.0,2205de41b64a7eb263e72c2d4254d222ff813d4a,6e391c704a68e502cf568786c0784e72255b0cae9e08d02e78675867fec08a74,-0.0890135900452642,,0.02657525048933222,,0.11454576343230428,Drishti_GS,3000,32.45500946044922,-0.0009591057896614075,"[[3, 3, 6], [3, 3, 6]]",9.228058843291365e-06,5.0,1000,"[0.0, 0.0]",6,3,6.013412865581206,7.350031591596137,30.19523477610925,1685956096,1728053248,development,"[6, 6, 12]",1.0019718408584595,0.9995249509811401,0.9866050481796265,-0.004795482847839594,0.6863493919372559,0.4365297853946686,cc,261,9.228058843291365e-06,0.0,OK,"[0, 1, 2]",DINOV2_VITS14_QUERY__Drishti_GS__A3,1790396087.9478397,0.152356818318367,408.1157154147513
-0.036988019943237305,0.010920688509941101,0.15069344639778137,0.9999951124191284,A4,0.5275853872299194,0.04413195699453354,0.0,0.44214415550231934,11.454022407531738,DINOV2_VITS14_QUERY,0.0029881082009524107,0.25,2205de41b64a7eb263e72c2d4254d222ff813d4a,6e391c704a68e502cf568786c0784e72255b0cae9e08d02e78675867fec08a74,-0.02200921707562073,,-0.15051105187055458,,-0.10070559692824228,Drishti_GS,2100,49.52535629272461,-0.03699059039354324,"[[3, 6, 3], [3, 3, 6]]",0.0025713536888360977,1.6666666666666665,100,"[3.383834619016499e-06, 3.3838346190164985e-05]",6,3,2.8086301774478617,24.620170928318352,45.87255622208185,1685956096,1728053248,development,"[6, 9, 9]",1.1203352212905884,1.0436999797821045,0.9158385396003723,-0.06164669990539551,0.47725093364715576,0.2535460293292999,cc,261,0.0025713536888360977,0.0,OK,"[0, 1, 2]",DINOV2_VITS14_QUERY__Drishti_GS__A4,1790396163.9356287,0.19825363159179688,33.70925146015361
-0.029314322397112846,0.006895115599036217,0.14905178546905518,0.999995231628418,A4,0.6814054250717163,0.05735090374946594,0.0,0.5782533288002014,12.9275541305542,DINOV2_VITS14_QUERY,0.0024938066489994526,0.1666666716337204,2205de41b64a7eb263e72c2d4254d222ff813d4a,6e391c704a68e502cf568786c0784e72255b0cae9e08d02e78675867fec08a74,0.04109215127257255,,-0.08235173607672995,,-0.13249711119390858,Drishti_GS,2200,26.910917282104492,-0.02931632101535797,"[[3, 3, 6], [3, 3, 6]]",0.001999393105506897,3.333333333333333,200,"[3.0434898592517716e-06, 3.0434898592517714e-05]",6,3,3.6780669634741763,9.773292766281006,26.47116171918386,1685956096,1728053248,development,"[6, 6, 12]",1.1195892095565796,1.0376036167144775,0.8932010531425476,-0.09771440923213959,0.5386481285095215,0.2990491986274719,cc,261,0.001999393105506897,0.0,OK,"[0, 1, 2]",DINOV2_VITS14_QUERY__Drishti_GS__A4,1790396205.3629167,0.12028853595256805,75.13834097189829
-0.02375447005033493,0.0069548892788589,0.1256331354379654,0.9999951720237732,A4,0.8312153816223145,0.06908941268920898,0.0,0.700340747833252,13.797396659851074,DINOV2_VITS14_QUERY,0.0020996301900595427,0.0833333358168602,2205de41b64a7eb263e72c2d4254d222ff813d4a,6e391c704a68e502cf568786c0784e72255b0cae9e08d02e78675867fec08a74,-0.01640479481939215,,-0.053608068410036104,,-0.3252043766711824,Drishti_GS,2300,24.434680938720703,-0.023755958303809166,"[[3, 3, 6], [3, 6, 3]]",0.0014882255345582962,5.0,300,"[2.6988522327480364e-06, 2.6988522327480364e-05]",6,3,8.294681954538449,13.086529062245571,24.288517398851795,1685956096,1728053248,development,"[6, 9, 9]",1.10242760181427,1.0318982601165771,0.9059617519378662,-0.11877235025167465,0.5748915672302246,0.3379943370819092,cc,261,0.0014882255345582962,0.0,OK,"[0, 1, 2]",DINOV2_VITS14_QUERY__Drishti_GS__A4,1790396248.4865315,0.07640967518091202,118.26195728685707
-0.017116554081439972,0.005616598762571812,0.13274864852428436,0.9999940395355225,A4,0.9945565462112427,0.08257770538330078,0.0,0.839034378528595,14.376163482666016,DINOV2_VITS14_QUERY,0.0011286638909950852,0.0,2205de41b64a7eb263e72c2d4254d222ff813d4a,6e391c704a68e502cf568786c0784e72255b0cae9e08d02e78675867fec08a74,0.03707668490062545,,-0.02437410912651994,,0.3411226790668358,Drishti_GS,2400,32.631439208984375,-0.017117371782660484,"[[3, 3, 6], [3, 3, 6]]",0.0008181363227777183,5.0,400,"[2.3492378861760375e-06, 2.3492378861760376e-05]",6,3,7.19714580577445,9.871275449741248,27.13258826607873,1685956096,1728053248,development,"[6, 6, 12]",1.0528839826583862,1.014582633972168,0.9010114669799805,-0.08558277040719986,0.5990068316459656,0.3684195280075073,cc,261,0.0008181363227777183,0.0,OK,"[0, 1, 2]",DINOV2_VITS14_QUERY__Drishti_GS__A4,1790396288.7966452,0.10333185642957687,158.57205081405118
-0.011130626313388348,0.004229375161230564,0.10407499969005585,0.9999933838844299,A4,1.146392583847046,0.09538950771093369,0.0,0.9715127348899841,15.03891658782959,DINOV2_VITS14_QUERY,0.0006440114229917526,0.0,2205de41b64a7eb263e72c2d4254d222ff813d4a,6e391c704a68e502cf568786c0784e72255b0cae9e08d02e78675867fec08a74,0.030526026798758803,,-0.06273223102819239,,-0.3276605802870373,Drishti_GS,2500,13.199989318847656,-0.011131222359836102,"[[3, 4, 5], [3, 4, 5]]",0.0005960461567156017,5.0,500,"[1.9937186647521924e-06, 1.993718664752192e-05]",5,3,7.372559096136658,5.151497761065407,11.950765323047651,1685956096,1728053248,development,"[6, 8, 10]",1.0298749208450317,1.0073254108428955,0.9024481177330017,-0.05565313249826431,0.6266215443611145,0.38090693950653076,cc,261,0.0005960461567156017,0.0,OK,"[0, 1, 2]",DINOV2_VITS14_QUERY__Drishti_GS__A4,1790396330.0062032,0.09071560949087143,199.78167005302384
-0.006470950786024332,0.003494031261652708,0.11102878302335739,0.9999916553497314,A4,1.2855627536773682,0.1070328876376152,0.0,1.090743064880371,15.70005989074707,DINOV2_VITS14_QUERY,0.0005961359711363912,0.0,2205de41b64a7eb263e72c2d4254d222ff813d4a,6e391c704a68e502cf568786c0784e72255b0cae9e08d02e78675867fec08a74,-0.0558251544552305,,-0.00015424724484709338,,-0.3540654939467462,Drishti_GS,2600,25.130220413208008,-0.006471395492553711,"[[3, 5, 4], [3, 6, 3]]",0.00044461205834522843,5.0,600,"[1.6309658323221824e-06, 1.6309658323221826e-05]",6,3,6.9601239777423425,3.727881022901132,25.264835154839744,1685956096,1728053248,development,"[6, 11, 7]",1.0223942995071411,1.0054852962493896,0.9065372943878174,-0.03235475346446037,0.6541692018508911,0.36777108907699585,cc,261,0.00044461205834522843,0.0,OK,"[0, 1, 2]",DINOV2_VITS14_QUERY__Drishti_GS__A4,1790396365.552469,0.11361433565616608,235.32774716289714
-0.006130203604698181,0.0035423035733401775,0.11457351595163345,0.9999872446060181,A4,1.3837032318115234,0.11528624594211578,0.0,1.1728012561798096,16.115901947021484,DINOV2_VITS14_QUERY,0.00036322730011306703,0.0,2205de41b64a7eb263e72c2d4254d222ff813d4a,6e391c704a68e502cf568786c0784e72255b0cae9e08d02e78675867fec08a74,0.03689508045743153,,0.01624417686593206,,0.6859575900673942,Drishti_GS,2700,39.596900939941406,-0.006130467168986797,"[[3, 3, 6], [3, 3, 6]]",0.00026352371787652373,5.0,700,"[1.2589254117941672e-06, 1.2589254117941671e-05]",6,3,6.0242129967675435,6.436203372254945,34.324714774178716,1685956096,1728053248,development,"[6, 6, 12]",1.0135740041732788,1.000083565711975,0.930586576461792,-0.030651018023490906,0.6714959144592285,0.4208441376686096,cc,261,0.00026352371787652373,0.0,OK,"[0, 1, 2]",DINOV2_VITS14_QUERY__Drishti_GS__A4,1790396396.58036,0.1193455308675766,266.3555864319205
-0.003955884370952845,0.0031681680120527744,0.10238084197044373,0.9999856948852539,A4,1.4312219619750977,0.11910742521286011,0.0,1.212626338005066,16.32375717163086,DINOV2_VITS14_QUERY,0.00016271386994048953,0.0,2205de41b64a7eb263e72c2d4254d222ff813d4a,6e391c704a68e502cf568786c0784e72255b0cae9e08d02e78675867fec08a74,0.044841178464552156,,-0.08248462329623421,,-0.03328572019518507,Drishti_GS,2800,24.36733627319336,-0.003956030122935772,"[[3, 5, 4], [3, 3, 6]]",0.0001458332408219576,5.0,800,"[8.740129486931664e-07, 8.740129486931664e-06]",6,3,6.000972865431,4.53568683446083,23.763308276945732,1685956096,1728053248,development,"[6, 8, 10]",1.0074726343154907,0.9991604685783386,0.9388874769210815,-0.019779421389102936,0.6801565885543823,0.3991328775882721,cc,261,0.0001458332408219576,0.0,OK,"[0, 1, 2]",DINOV2_VITS14_QUERY__Drishti_GS__A4,1790396439.2307005,0.11428310722112656,309.0061468221247
-0.0026022144593298435,0.003749404801055789,0.10795503854751587,0.9999833106994629,A4,1.4534492492675781,0.12112589925527573,0.0,1.2349047660827637,16.439706802368164,DINOV2_VITS14_QUERY,5.9205420257057995e-05,0.0,2205de41b64a7eb263e72c2d4254d222ff813d4a,6e391c704a68e502cf568786c0784e72255b0cae9e08d02e78675867fec08a74,0.05565834357014957,,-0.004643277626949437,,0.07276470248103183,Drishti_GS,2900,19.613731384277344,-0.0026022642850875854,"[[3, 3, 6], [3, 4, 5]]",4.9915441195480525e-05,5.0,900,"[4.6837194216121526e-07, 4.683719421612152e-06]",6,3,5.269334945088047,5.019565326948161,17.795793092557158,1685956096,1728053248,development,"[6, 7, 11]",1.0048733949661255,0.9990029335021973,0.9642719626426697,-0.01301107183098793,0.6849877834320068,0.4049534499645233,cc,261,4.9915441195480525e-05,0.0,OK,"[0, 1, 2]",DINOV2_VITS14_QUERY__Drishti_GS__A4,1790396478.5543504,0.13243801891803741,348.32978805620223
-0.0017260503955185413,0.0035387095995247364,0.12393879145383835,0.9999800324440002,A4,1.468635082244873,0.1225457414984703,0.0,1.2442576885223389,16.49166488647461,DINOV2_VITS14_QUERY,1.4959743566578254e-05,0.0,2205de41b64a7eb263e72c2d4254d222ff813d4a,6e391c704a68e502cf568786c0784e72255b0cae9e08d02e78675867fec08a74,-0.039698319095380095,,0.09794827200950874,,0.11047103118713336,Drishti_GS,3000,33.282325744628906,-0.001726066111586988,"[[3, 3, 6], [3, 3, 6]]",1.569541018398013e-05,5.0,1000,"[0.0, 0.0]",6,3,5.951925169820589,7.228303652611095,30.62911352397866,1685956096,1728053248,development,"[6, 6, 12]",1.0020474195480347,0.9993489980697632,0.9810389280319214,-0.00863025151193142,0.6871527433395386,0.37589317560195923,cc,261,1.569541018398013e-05,0.0,OK,"[0, 1, 2]",DINOV2_VITS14_QUERY__Drishti_GS__A4,1790396519.656678,0.15069563686847687,389.432174638845
8.940696716308594e-08,0.013514412567019463,0.14217545092105865,0.9574192762374878,A0,0.0,0.0,0.0,0.0,11.779239654541016,DINOV2_VITS14_QUERY,0.0,0.0,2205de41b64a7eb263e72c2d4254d222ff813d4a,6e391c704a68e502cf568786c0784e72255b0cae9e08d02e78675867fec08a74,,ZERO_GRADIENT_NORM,,ZERO_GRADIENT_NORM,-0.23937729157242324,RIM_ONE_r3,2100,37.384090423583984,8.940696716308594e-08,"[[1, 3, 8], [1, 3, 8]]",0.0,0.0,100,"[3.383834619016499e-06, 3.3838346190164985e-05]",8,1,0.0,32.81895537573955,27.575699284167513,1591709184,1650458624,development,"[2, 6, 16]",1.0,1.0,1.0,0.0,0.4908016622066498,0.16382789611816406,top1,261,0.0,0.3333333333333333,OK,"[0, 1, 2]",DINOV2_VITS14_QUERY__RIM_ONE_r3__A0,1790394754.5082934,0.2773195803165436,29.958791501820087
5.960464477539063e-08,0.01311619020998478,0.16290287673473358,0.9574202299118042,A0,0.0,0.0,0.0,0.0,12.867029190063477,DINOV2_VITS14_QUERY,0.0,0.0,2205de41b64a7eb263e72c2d4254d222ff813d4a,6e391c704a68e502cf568786c0784e72255b0cae9e08d02e78675867fec08a74,,ZERO_GRADIENT_NORM,,ZERO_GRADIENT_NORM,0.0972644600969984,RIM_ONE_r3,2200,60.702659606933594,5.960464477539063e-08,"[[1, 2, 9], [1, 2, 9]]",0.0,0.0,200,"[3.0434898592517716e-06, 3.0434898592517714e-05]",9,1,0.0,18.364214262797134,56.17901212283363,1595737088,1650458624,development,"[2, 4, 18]",1.0,1.0,1.0,0.0,0.5361262559890747,0.1692051887512207,top1,261,0.0,0.3333333333333333,OK,"[0, 1, 2]",DINOV2_VITS14_QUERY__RIM_ONE_r3__A0,1790394775.65329,0.2940647602081299,51.1046086079441
2.384185791015625e-07,0.0032806298695504665,0.12941157817840576,0.957420825958252,A0,0.0,0.0,0.0,0.0,13.410884857177734,DINOV2_VITS14_QUERY,0.0,0.0,2205de41b64a7eb263e72c2d4254d222ff813d4a,6e391c704a68e502cf568786c0784e72255b0cae9e08d02e78675867fec08a74,,ZERO_GRADIENT_NORM,,ZERO_GRADIENT_NORM,-0.03774949329326474,RIM_ONE_r3,2300,48.113365173339844,2.384185791015625e-07,"[[1, 2, 9], [1, 2, 9]]",0.0,0.0,300,"[2.6988522327480364e-06, 2.6988522327480364e-05]",9,1,0.0,4.025915648724135,48.13221098295668,1597929984,1650458624,development,"[2, 4, 18]",1.0,1.0,1.0,0.0,0.5587868690490723,0.18225151300430298,top1,261,0.0,0.3333333333333333,OK,"[0, 1, 2]",DINOV2_VITS14_QUERY__RIM_ONE_r3__A0,1790394799.667888,0.1622178852558136,75.1199295129627
-1.1920928955078125e-07,0.004647133406251669,0.1348467320203781,0.9574211835861206,A0,0.0,0.0,0.0,0.0,13.999449729919434,DINOV2_VITS14_QUERY,0.0,0.0,2205de41b64a7eb263e72c2d4254d222ff813d4a,6e391c704a68e502cf568786c0784e72255b0cae9e08d02e78675867fec08a74,,ZERO_GRADIENT_NORM,,ZERO_GRADIENT_NORM,-0.29303283461195156,RIM_ONE_r3,2400,41.69301223754883,-1.1920928955078125e-07,"[[1, 2, 9], [1, 2, 9]]",0.0,0.0,400,"[2.3492378861760375e-06, 2.3492378861760376e-05]",9,1,0.0,10.906612551383178,43.59905763146151,1597929984,1650458624,development,"[2, 4, 18]",1.0,1.0,1.0,-0.0,0.5833104252815247,0.19280770421028137,top1,261,0.0,0.3333333333333333,OK,"[0, 1, 2]",DINOV2_VITS14_QUERY__RIM_ONE_r3__A0,1790394823.7085822,0.18131807446479797,99.16084559308365
-1.9868215517249155e-08,0.00478863250464201,0.100702203810215,0.9574214220046997,A0,0.0,0.0,0.0,0.0,14.156394004821777,DINOV2_VITS14_QUERY,0.0,0.0,2205de41b64a7eb263e72c2d4254d222ff813d4a,6e391c704a68e502cf568786c0784e72255b0cae9e08d02e78675867fec08a74,,ZERO_GRADIENT_NORM,,ZERO_GRADIENT_NORM,-0.4021538853167841,RIM_ONE_r3,2500,29.395538330078125,-1.9868215517249155e-08,"[[1, 2, 9], [1, 2, 9]]",0.0,0.0,500,"[1.9937186647521924e-06, 1.993718664752192e-05]",9,1,0.0,11.341211036861127,32.102031300455096,1597929984,1650458624,development,"[2, 4, 18]",1.0,1.0,1.0,-0.0,0.5898497700691223,0.19724267721176147,top1,261,0.0,0.3333333333333333,OK,"[0, 1, 2]",DINOV2_VITS14_QUERY__RIM_ONE_r3__A0,1790394848.493377,0.14858853816986084,123.9442917117849
-6.95387569749073e-08,0.003601917764171958,0.09025648236274719,0.9789396524429321,A0,0.0,0.0,0.0,0.0,14.291125297546387,DINOV2_VITS14_QUERY,0.0,0.0,2205de41b64a7eb263e72c2d4254d222ff813d4a,6e391c704a68e502cf568786c0784e72255b0cae9e08d02e78675867fec08a74,,ZERO_GRADIENT_NORM,,ZERO_GRADIENT_NORM,-0.15494452657306246,RIM_ONE_r3,2600,28.75308609008789,-6.95387569749073e-08,"[[1, 2, 9], [0, 2, 10]]",0.0,0.0,600,"[1.6309658323221824e-06, 1.6309658323221826e-05]",10,1,0.0,8.019336033541988,28.949803025331452,1597929984,1650458624,development,"[1, 4, 19]",1.0,1.0,1.0,-0.0,0.5954635739326477,0.19987566769123077,top1,261,0.0,0.2,OK,"[0, 1, 2]",DINOV2_VITS14_QUERY__RIM_ONE_r3__A0,1790394879.3876255,0.1262756586074829,154.8385274130851
-9.934107758624577e-09,0.0023501040413975716,0.08416405320167542,0.9789398312568665,A0,0.0,0.0,0.0,0.0,14.507427215576172,DINOV2_VITS14_QUERY,0.0,0.0,2205de41b64a7eb263e72c2d4254d222ff813d4a,6e391c704a68e502cf568786c0784e72255b0cae9e08d02e78675867fec08a74,,ZERO_GRADIENT_NORM,,ZERO_GRADIENT_NORM,0.18254805677984628,RIM_ONE_r3,2700,22.480545043945312,-9.934107758624577e-09,"[[1, 2, 9], [0, 2, 10]]",0.0,0.0,700,"[1.2589254117941672e-06, 1.2589254117941671e-05]",10,1,0.0,3.9943956098736,21.449516365990316,1597929984,1650458624,development,"[1, 4, 19]",1.0,1.0,1.0,-0.0,0.6044761538505554,0.20635516941547394,top1,261,0.0,0.2,OK,"[0, 1, 2]",DINOV2_VITS14_QUERY__RIM_ONE_r3__A0,1790394909.9550347,0.10766509175300598,185.4076794590801
9.934107758624577e-09,0.00688918586820364,0.13186782598495483,0.9574216604232788,A0,0.0,0.0,0.0,0.0,14.524627685546875,DINOV2_VITS14_QUERY,0.0,0.0,2205de41b64a7eb263e72c2d4254d222ff813d4a,6e391c704a68e502cf568786c0784e72255b0cae9e08d02e78675867fec08a74,,ZERO_GRADIENT_NORM,,ZERO_GRADIENT_NORM,-0.7702667926110558,RIM_ONE_r3,2800,27.588973999023438,9.934107758624577e-09,"[[1, 2, 9], [1, 2, 9]]",0.0,0.0,800,"[8.740129486931664e-07, 8.740129486931664e-06]",9,1,0.0,16.734796069560506,38.28989007636743,1597929984,1650458624,development,"[2, 4, 18]",1.0,1.0,1.0,0.0,0.6051928400993347,0.20470823347568512,top1,261,0.0,0.3333333333333333,OK,"[0, 1, 2]",DINOV2_VITS14_QUERY__RIM_ONE_r3__A0,1790394942.067173,0.2007596790790558,217.51795192202553
2.682209014892578e-07,0.003168059280142188,0.09916222840547562,0.9574217796325684,A0,0.0,0.0,0.0,0.0,14.762514114379883,DINOV2_VITS14_QUERY,0.0,0.0,2205de41b64a7eb263e72c2d4254d222ff813d4a,6e391c704a68e502cf568786c0784e72255b0cae9e08d02e78675867fec08a74,,ZERO_GRADIENT_NORM,,ZERO_GRADIENT_NORM,-0.223565020672111,RIM_ONE_r3,2900,31.86409568786621,2.682209014892578e-07,"[[1, 2, 9], [1, 2, 9]]",0.0,0.0,900,"[4.6837194216121526e-07, 4.683719421612152e-06]",9,1,0.0,6.094779287773025,32.667062024732545,1597929984,1650458624,development,"[2, 4, 18]",1.0,1.0,1.0,0.0,0.6151047945022583,0.2073613703250885,top1,261,0.0,0.3333333333333333,OK,"[0, 1, 2]",DINOV2_VITS14_QUERY__RIM_ONE_r3__A0,1790394973.0923443,0.13084281980991364,248.54499418474734
8.443991816875496e-08,0.0049363719299435616,0.1005416139960289,0.9574216604232788,A0,0.0,0.0,0.0,0.0,14.535731315612793,DINOV2_VITS14_QUERY,0.0,0.0,2205de41b64a7eb263e72c2d4254d222ff813d4a,6e391c704a68e502cf568786c0784e72255b0cae9e08d02e78675867fec08a74,,ZERO_GRADIENT_NORM,,ZERO_GRADIENT_NORM,0.08465137354096608,RIM_ONE_r3,3000,27.499265670776367,8.443991816875496e-08,"[[1, 2, 9], [1, 2, 9]]",0.0,0.0,1000,"[0.0, 0.0]",9,1,0.0,7.652548186499225,25.78759999101832,1597929984,1650458624,development,"[2, 4, 18]",1.0,1.0,1.0,0.0,0.6056554913520813,0.20742590725421906,top1,261,0.0,0.3333333333333333,OK,"[0, 1, 2]",DINOV2_VITS14_QUERY__RIM_ONE_r3__A0,1790394996.3980067,0.14990532398223877,271.8503619460389
-0.0410388708114624,0.01437101885676384,0.1469307243824005,0.9999960660934448,A1,0.0,0.0,0.0,0.0,9.691364288330078,DINOV2_VITS14_QUERY,0.0029665324836969376,0.375,2205de41b64a7eb263e72c2d4254d222ff813d4a,6e391c704a68e502cf568786c0784e72255b0cae9e08d02e78675867fec08a74,-0.06802838410684316,,0.02518850272857003,,-0.3450299105634391,RIM_ONE_r3,2100,36.03036880493164,-0.04104189574718475,"[[3, 2, 7], [4, 4, 4]]",0.0030266426037997007,5.0,100,"[3.383834619016499e-06, 3.3838346190164985e-05]",7,2,8.088540846053743,34.249753279917215,27.09173438064644,1689323008,1730150400,development,"[7, 6, 11]",1.1763999462127686,1.0407371520996094,0.9288363456726074,-0.205194354057312,0.4038068652153015,0.31001678109169006,top1,261,0.0030266426037997007,0.0,OK,"[0, 1, 2]",DINOV2_VITS14_QUERY__RIM_ONE_r3__A1,1790395063.4582157,0.0854465663433075,39.95626274589449
-0.02813473530113697,0.01507573388516903,0.16465069353580475,0.9574242830276489,A1,0.0,0.0,0.0,0.0,8.489622116088867,DINOV2_VITS14_QUERY,0.0019138397183269262,0.0833333358168602,2205de41b64a7eb263e72c2d4254d222ff813d4a,6e391c704a68e502cf568786c0784e72255b0cae9e08d02e78675867fec08a74,0.11059154591564593,,0.2120170428631595,,-0.0004274044413241432,RIM_ONE_r3,2200,59.07524490356445,-0.028135981410741806,"[[1, 5, 6], [1, 4, 7]]",0.0012467305641621351,5.0,200,"[3.0434898592517716e-06, 3.0434898592517714e-05]",7,1,13.1077506375558,23.012623266399686,49.531105380460595,1689323008,1730150400,development,"[2, 9, 13]",1.1150600910186768,1.0165379047393799,0.9377715587615967,-0.1406736820936203,0.35373425483703613,0.3371961712837219,top1,261,0.0012467305641621351,0.3333333333333333,OK,"[0, 1, 2]",DINOV2_VITS14_QUERY__RIM_ONE_r3__A1,1790395104.8100777,0.17473436892032623,81.30888983095065
-0.01915494166314602,0.003926666919142008,0.14665907621383667,0.9999405145645142,A1,0.0,0.0,0.0,0.0,7.723541259765625,DINOV2_VITS14_QUERY,0.0009392170468345284,0.0,2205de41b64a7eb263e72c2d4254d222ff813d4a,6e391c704a68e502cf568786c0784e72255b0cae9e08d02e78675867fec08a74,-0.015778699952258963,,0.11179365511634837,,0.32044281215775905,RIM_ONE_r3,2300,53.33041000366211,-0.01915542408823967,"[[3, 4, 5], [5, 5, 2]]",0.0004826962249353528,5.0,300,"[2.6988522327480364e-06, 2.6988522327480364e-05]",5,2,7.587945436820242,5.219498849078012,50.08269490965368,1689323008,1730150400,development,"[8, 9, 7]",1.0941245555877686,1.0125640630722046,0.9618005156517029,-0.09577471017837524,0.32181423902511597,0.3666587173938751,top1,261,0.0004826962249353528,0.0,OK,"[0, 1, 2]",DINOV2_VITS14_QUERY__RIM_ONE_r3__A1,1790395146.6803434,0.09015104174613953,123.18056055298075
0.005543528124690056,0.0058491951785981655,0.1448884904384613,0.999875545501709,A1,0.0,0.0,0.0,0.0,6.807319641113281,DINOV2_VITS14_QUERY,0.0012820265255868435,0.0833333358168602,2205de41b64a7eb263e72c2d4254d222ff813d4a,6e391c704a68e502cf568786c0784e72255b0cae9e08d02e78675867fec08a74,0.0787017958783697,,0.14206254876615917,,-0.21125000461122775,RIM_ONE_r3,2400,40.66745376586914,0.005541115999221802,"[[5, 5, 2], [6, 4, 2]]",0.0024122525937855244,5.0,400,"[2.3492378861760375e-06, 2.3492378861760376e-05]",6,2,9.041649659167353,14.947781970905082,38.3814419036303,1702590464,1730150400,development,"[11, 9, 4]",1.282159686088562,1.0299708843231201,0.9866511821746826,0.02771764062345028,0.2836383283138275,0.384371280670166,top1,261,0.0024122525937855244,0.0,OK,"[0, 1, 2]",DINOV2_VITS14_QUERY__RIM_ONE_r3__A1,1790395186.1465712,0.23109807074069977,162.64485760312527
-0.008772320114076138,0.005616187583655119,0.12054600566625595,0.9999970197677612,A1,0.0,0.0,0.0,0.0,6.447362422943115,DINOV2_VITS14_QUERY,0.0001881887437775731,0.0,2205de41b64a7eb263e72c2d4254d222ff813d4a,6e391c704a68e502cf568786c0784e72255b0cae9e08d02e78675867fec08a74,0.0640522195347178,,0.04029683522881973,,-0.3904923935844481,RIM_ONE_r3,2500,36.994136810302734,-0.008772413246333599,"[[4, 3, 5], [7, 2, 3]]",9.297823999077082e-05,5.0,500,"[1.9937186647521924e-06, 1.993718664752192e-05]",7,2,8.408927806651988,12.981405217367417,38.511640230556125,1702590464,1730150400,development,"[11, 5, 8]",1.0194249153137207,1.0003644227981567,0.9625673294067383,-0.04386160150170326,0.26864010095596313,0.3849926292896271,top1,261,9.297823999077082e-05,0.0,OK,"[0, 1, 2]",DINOV2_VITS14_QUERY__RIM_ONE_r3__A1,1790395218.518126,0.13284628093242645,195.01824058871716
-3.828090484603308e-05,0.004176287911832333,0.1024438664317131,0.9789421558380127,A1,0.0,0.0,0.0,0.0,6.237482070922852,DINOV2_VITS14_QUERY,4.364471533335745e-05,0.0,2205de41b64a7eb263e72c2d4254d222ff813d4a,6e391c704a68e502cf568786c0784e72255b0cae9e08d02e78675867fec08a74,-0.1976189010590293,,0.03030048971223037,,-0.34035250947086443,RIM_ONE_r3,2600,34.43393325805664,-3.834565723082051e-05,"[[6, 1, 5], [4, 2, 6]]",6.475327973021194e-05,5.0,600,"[1.6309658323221824e-06, 1.6309658323221826e-05]",6,1,7.742912759519937,9.159303296108996,35.80066806436196,1702590464,1730150400,development,"[10, 3, 11]",1.0380433797836304,1.0061078071594238,0.9923706650733948,-0.00019140452786814421,0.25989508628845215,0.3842243552207947,top1,261,6.475327973021194e-05,0.16666666666666666,OK,"[0, 1, 2]",DINOV2_VITS14_QUERY__RIM_ONE_r3__A1,1790395245.662741,0.1440153419971466,222.16279041208327
-0.0005238538724370301,0.0028861835598945618,0.0912693589925766,0.9999971985816956,A1,0.0,0.0,0.0,0.0,6.157777786254883,DINOV2_VITS14_QUERY,9.86251234280644e-06,0.0,2205de41b64a7eb263e72c2d4254d222ff813d4a,6e391c704a68e502cf568786c0784e72255b0cae9e08d02e78675867fec08a74,-0.031630524232093636,,0.022182088421752216,,0.16083177587013758,RIM_ONE_r3,2700,21.267513275146484,-0.0005238627782091498,"[[2, 4, 6], [3, 3, 6]]",8.904364221962169e-06,5.0,700,"[1.2589254117941672e-06, 1.2589254117941671e-05]",6,2,9.109830692374118,5.491892915976961,17.502682175505235,1702590464,1730150400,development,"[5, 7, 12]",1.0107204914093018,1.0026453733444214,0.9981047511100769,-0.0026192693039774895,0.2565740942955017,0.3831876516342163,top1,261,8.904364221962169e-06,0.0,OK,"[0, 1, 2]",DINOV2_VITS14_QUERY__RIM_ONE_r3__A1,1790395268.027492,0.11751192808151245,244.5275081298314
-0.0011763350339606404,0.008378402329981327,0.1393350213766098,0.9789420962333679,A1,0.0,0.0,0.0,0.0,6.067265510559082,DINOV2_VITS14_QUERY,3.776034645852633e-06,0.0,2205de41b64a7eb263e72c2d4254d222ff813d4a,6e391c704a68e502cf568786c0784e72255b0cae9e08d02e78675867fec08a74,-0.04035867856884255,,-0.1737659779720025,,-0.7622758567095772,RIM_ONE_r3,2800,25.61006736755371,-0.0011763374786823988,"[[1, 8, 3], [4, 5, 3]]",2.4284504434035625e-06,5.0,800,"[8.740129486931664e-07, 8.740129486931664e-06]",8,1,11.009401908384314,21.243189878288575,38.814840567442715,1702590464,1730150400,development,"[5, 13, 6]",1.0053187608718872,1.0007036924362183,0.9960797429084778,-0.00588167505338788,0.2528027296066284,0.38374876976013184,top1,261,2.4284504434035625e-06,0.16666666666666666,OK,"[0, 1, 2]",DINOV2_VITS14_QUERY__RIM_ONE_r3__A1,1790395296.5877867,0.21723736822605133,273.0879599638283
-0.0003835745737887919,0.003721456741914153,0.10663075000047684,0.9999890327453613,A1,0.0,0.0,0.0,0.0,6.079763412475586,DINOV2_VITS14_QUERY,1.771708411979489e-06,0.0,2205de41b64a7eb263e72c2d4254d222ff813d4a,6e391c704a68e502cf568786c0784e72255b0cae9e08d02e78675867fec08a74,-0.07724725499664167,,0.044040314234072744,,-0.25271702666152,RIM_ONE_r3,2900,28.202655792236328,-0.0003835757670458406,"[[6, 3, 3], [4, 6, 2]]",1.2021657767036231e-06,5.0,900,"[4.6837194216121526e-07, 4.683719421612152e-06]",6,2,8.022424374789045,7.686913362954631,27.693174451511965,1702590464,1730150400,development,"[10, 9, 5]",1.003296971321106,1.0009233951568604,0.9970024228096008,-0.0019178728107362986,0.253323495388031,0.3843059539794922,top1,261,1.2021657767036231e-06,0.0,OK,"[0, 1, 2]",DINOV2_VITS14_QUERY__RIM_ONE_r3__A1,1790395318.5311258,0.14192745089530945,295.0312194377184
-0.00018804724095389247,0.005861740093678236,0.10753579437732697,0.9999971389770508,A1,0.0,0.0,0.0,0.0,5.917169570922852,DINOV2_VITS14_QUERY,4.45845500962605e-07,0.0,2205de41b64a7eb263e72c2d4254d222ff813d4a,6e391c704a68e502cf568786c0784e72255b0cae9e08d02e78675867fec08a74,-0.07938870140523532,,-0.13030921026727468,,-0.10887001137164967,RIM_ONE_r3,3000,22.72231101989746,-0.00018804769206326455,"[[4, 5, 3], [5, 4, 3]]",4.468308816285571e-07,5.0,1000,"[0.0, 0.0]",5,3,6.180689634332442,9.474614652930223,21.829603091972878,1702590464,1730150400,development,"[9, 9, 6]",1.0028302669525146,1.00041663646698,0.9984320998191833,-0.0009402362047694623,0.24654874205589294,0.3813120722770691,top1,261,4.468308816285571e-07,0.0,OK,"[0, 1, 2]",DINOV2_VITS14_QUERY__RIM_ONE_r3__A1,1790395346.0461783,0.1652129590511322,322.5463703786954
-0.04622650519013405,0.013658946380019188,0.14632005989551544,0.9999944567680359,A2,0.0,0.0,0.0,0.0,11.511449813842773,DINOV2_VITS14_QUERY,0.003718707477673888,0.4583333432674408,2205de41b64a7eb263e72c2d4254d222ff813d4a,6e391c704a68e502cf568786c0784e72255b0cae9e08d02e78675867fec08a74,0.056468415687261485,,-0.015234725940972254,,-0.22508663186749603,RIM_ONE_r3,2100,39.28514099121094,-0.0462302528321743,"[[3, 5, 4], [4, 4, 4]]",0.003748346818611026,1.6666666666666665,100,"[3.383834619016499e-06, 3.3838346190164985e-05]",5,3,4.322319779908199,32.78770907022233,29.63708058515245,1683648000,1728053248,development,"[7, 9, 8]",1.1814124584197998,1.058339238166809,0.8936620950698853,-0.07704417407512665,0.4796437621116638,0.2748554050922394,top1,261,0.003748346818611026,0.0,OK,"[0, 1, 2]",DINOV2_VITS14_QUERY__RIM_ONE_r3__A2,1790395400.4514956,0.20586533844470978,24.84443198610097
-0.02971247211098671,0.013848498463630676,0.16769352555274963,0.999996542930603,A2,0.0,0.0,0.0,0.0,11.240259170532227,DINOV2_VITS14_QUERY,0.002858249004930258,0.2083333432674408,2205de41b64a7eb263e72c2d4254d222ff813d4a,6e391c704a68e502cf568786c0784e72255b0cae9e08d02e78675867fec08a74,-0.11222771977416046,,-0.03273791231087734,,-0.08999249517707328,RIM_ONE_r3,2200,52.179500579833984,-0.029715150594711304,"[[2, 5, 5], [2, 3, 7]]",0.002678507938981056,3.333333333333333,200,"[3.0434898592517716e-06, 3.0434898592517714e-05]",7,2,12.914013197537841,20.968227024536596,48.99453104865487,1683867136,1728053248,development,"[4, 8, 12]",1.1451250314712524,1.035122275352478,0.9271442294120789,-0.09904157370328903,0.46834415197372437,0.3528623580932617,top1,261,0.002678507938981056,0.0,OK,"[0, 1, 2]",DINOV2_VITS14_QUERY__RIM_ONE_r3__A2,1790395421.9267507,0.20713692903518677,46.32104359427467
-0.01435701921582222,0.0035410334821790457,0.13849805295467377,0.9999552369117737,A2,0.0,0.0,0.0,0.0,10.943254470825195,DINOV2_VITS14_QUERY,0.0010909151751548052,0.0833333358168602,2205de41b64a7eb263e72c2d4254d222ff813d4a,6e391c704a68e502cf568786c0784e72255b0cae9e08d02e78675867fec08a74,0.08710943208197067,,0.19706370566753692,,0.3393694413403135,RIM_ONE_r3,2300,52.95085144042969,-0.014358053915202618,"[[5, 4, 3], [7, 2, 3]]",0.001034726737998426,5.0,300,"[2.6988522327480364e-06, 2.6988522327480364e-05]",7,2,10.22236536289735,4.004329663050305,48.49372120191594,1683867136,1728053248,development,"[12, 6, 6]",1.1098980903625488,1.0358127355575562,0.9806094765663147,-0.0717850923538208,0.4559689462184906,0.37820205092430115,top1,261,0.001034726737998426,0.0,OK,"[0, 1, 2]",DINOV2_VITS14_QUERY__RIM_ONE_r3__A2,1790395448.991812,0.10212329030036926,73.29826098727062
-0.01582660712301731,0.005330951418727636,0.1515815258026123,0.9999973177909851,A2,0.0,0.0,0.0,0.0,10.540023803710938,DINOV2_VITS14_QUERY,0.0006439214921556413,0.0,2205de41b64a7eb263e72c2d4254d222ff813d4a,6e391c704a68e502cf568786c0784e72255b0cae9e08d02e78675867fec08a74,0.09553014824061691,,-0.0063801662296090605,,-0.21540269091649306,RIM_ONE_r3,2400,43.182525634765625,-0.0158269964158535,"[[4, 3, 5], [2, 3, 7]]",0.00038909760769456625,5.0,400,"[2.3492378861760375e-06, 2.3492378861760376e-05]",7,2,13.250217391289423,14.235176445335291,41.362323329253634,1683867136,1728053248,development,"[6, 6, 12]",1.0862011909484863,1.0169724225997925,0.987555205821991,-0.0791330337524414,0.43916767835617065,0.40616217255592346,top1,261,0.00038909760769456625,0.0,OK,"[0, 1, 2]",DINOV2_VITS14_QUERY__RIM_ONE_r3__A2,1790395471.5712514,0.12575800716876984,95.96566622704268
-0.007949336431920528,0.005182240158319473,0.12121038138866425,0.9999368786811829,A2,0.0,0.0,0.0,0.0,10.04672622680664,DINOV2_VITS14_QUERY,0.0001827757223509252,0.0,2205de41b64a7eb263e72c2d4254d222ff813d4a,6e391c704a68e502cf568786c0784e72255b0cae9e08d02e78675867fec08a74,-0.013137346994497286,,-0.09090164379212404,,-0.41990461350058195,RIM_ONE_r3,2500,36.34992218017578,-0.00794945191591978,"[[5, 2, 5], [7, 2, 3]]",0.00011542059655766934,5.0,500,"[1.9937186647521924e-06, 1.993718664752192e-05]",7,2,9.80087078844419,11.918450335832945,39.3275808634552,1683867136,1728053248,development,"[12, 4, 8]",1.0420037508010864,1.0099513530731201,0.990944504737854,-0.03974668309092522,0.41861361265182495,0.4116140604019165,top1,261,0.00011542059655766934,0.0,OK,"[0, 1, 2]",DINOV2_VITS14_QUERY__RIM_ONE_r3__A2,1790395493.2909482,0.13328610360622406,117.6854513110593
-0.0034600149374455214,0.004088723100721836,0.10227960348129272,0.9999886751174927,A2,0.0,0.0,0.0,0.0,9.795007705688477,DINOV2_VITS14_QUERY,5.075038279755972e-05,0.0,2205de41b64a7eb263e72c2d4254d222ff813d4a,6e391c704a68e502cf568786c0784e72255b0cae9e08d02e78675867fec08a74,0.09084582383789369,,-0.06934209758515532,,-0.2887077228935094,RIM_ONE_r3,2600,35.736385345458984,-0.003460044739767909,"[[4, 4, 4], [4, 5, 3]]",2.9747976441285573e-05,5.0,600,"[1.6309658323221824e-06, 1.6309658323221826e-05]",5,3,8.619419060744711,9.439322742403423,36.64795516361704,1683867136,1728053248,development,"[8, 9, 7]",1.0195072889328003,1.0053634643554688,0.9975457191467285,-0.01730007492005825,0.4081253409385681,0.41294488310813904,top1,261,2.9747976441285573e-05,0.0,OK,"[0, 1, 2]",DINOV2_VITS14_QUERY__RIM_ONE_r3__A2,1790395521.471575,0.12586677074432373,145.86591489706188
-0.0017262109322473407,0.0027761319652199745,0.09121185541152954,0.9789424538612366,A2,0.0,0.0,0.0,0.0,9.585424423217773,DINOV2_VITS14_QUERY,1.915933535201475e-05,0.0,2205de41b64a7eb263e72c2d4254d222ff813d4a,6e391c704a68e502cf568786c0784e72255b0cae9e08d02e78675867fec08a74,0.04458916696154884,,0.049539350335471084,,0.2033806444611058,RIM_ONE_r3,2700,23.156558990478516,-0.0017262225737795234,"[[1, 3, 8], [3, 4, 5]]",1.1636464478215203e-05,5.0,700,"[1.2589254117941672e-06, 1.2589254117941671e-05]",8,1,12.431963229570101,4.806804433814966,17.25207195186775,1683867136,1728053248,development,"[4, 7, 13]",1.0095046758651733,1.0035102367401123,0.9969779849052429,-0.008631054311990738,0.399392694234848,0.41435912251472473,top1,261,1.1636464478215203e-05,0.16666666666666666,OK,"[0, 1, 2]",DINOV2_VITS14_QUERY__RIM_ONE_r3__A2,1790395544.142193,0.1103421151638031,168.53648857632652
-0.0011376723414286971,0.0081657525151968,0.1397465318441391,0.9789423942565918,A2,0.0,0.0,0.0,0.0,9.517711639404297,DINOV2_VITS14_QUERY,7.889057087595575e-06,0.0,2205de41b64a7eb263e72c2d4254d222ff813d4a,6e391c704a68e502cf568786c0784e72255b0cae9e08d02e78675867fec08a74,-0.003572817161239702,,-0.14263005123163527,,-0.752418881672167,RIM_ONE_r3,2800,25.91681480407715,-0.001137676415964961,"[[1, 5, 6], [4, 4, 4]]",4.066705059813103e-06,5.0,800,"[8.740129486931664e-07, 8.740129486931664e-06]",6,1,9.951145967987205,20.50023249891822,37.755588557612285,1683867136,1728053248,development,"[5, 9, 10]",1.0050922632217407,1.0020874738693237,0.9977138638496399,-0.005688361823558807,0.3965713381767273,0.41427743434906006,top1,261,4.066705059813103e-06,0.16666666666666666,OK,"[0, 1, 2]",DINOV2_VITS14_QUERY__RIM_ONE_r3__A2,1790395569.9162457,0.2157157063484192,194.31070218840614
-0.0006613614968955517,0.0036361631937325,0.10578051954507828,0.999997079372406,A2,0.0,0.0,0.0,0.0,9.559549331665039,DINOV2_VITS14_QUERY,2.993707312270999e-06,0.0,2205de41b64a7eb263e72c2d4254d222ff813d4a,6e391c704a68e502cf568786c0784e72255b0cae9e08d02e78675867fec08a74,-0.04528227123354535,,0.0922661874534902,,-0.19065356933802732,RIM_ONE_r3,2900,31.65349578857422,-0.0006613632431253791,"[[5, 3, 4], [5, 3, 4]]",1.769983441590739e-06,5.0,900,"[4.6837194216121526e-07, 4.683719421612152e-06]",5,3,9.994605638270762,7.255783728841289,29.811644128456383,1683867136,1728053248,development,"[10, 6, 8]",1.002768874168396,1.0012941360473633,0.9960671663284302,-0.0033068074844777584,0.39831456542015076,0.4166420102119446,top1,261,1.769983441590739e-06,0.0,OK,"[0, 1, 2]",DINOV2_VITS14_QUERY__RIM_ONE_r3__A2,1790395594.2098653,0.1388353407382965,218.6043692873791
-0.0004539881774690002,0.005737757310271263,0.10658179223537445,0.9999909400939941,A2,0.0,0.0,0.0,0.0,9.334893226623535,DINOV2_VITS14_QUERY,1.1283772209935705e-06,0.0,2205de41b64a7eb263e72c2d4254d222ff813d4a,6e391c704a68e502cf568786c0784e72255b0cae9e08d02e78675867fec08a74,0.019803937857373728,,-0.0125150494988153,,-0.23853639879965738,RIM_ONE_r3,3000,22.427289962768555,-0.0004539887304417789,"[[5, 3, 4], [6, 3, 3]]",5.547088903767872e-07,5.0,1000,"[0.0, 0.0]",6,3,7.799966145919155,9.204315945060424,21.275379849397492,1683867136,1728053248,development,"[11, 6, 7]",1.0023348331451416,1.0005664825439453,0.9990730881690979,-0.0022699409164488316,0.38895389437675476,0.41358572244644165,top1,261,5.547088903767872e-07,0.0,OK,"[0, 1, 2]",DINOV2_VITS14_QUERY__RIM_ONE_r3__A2,1790395615.8189301,0.16168943047523499,240.21350560709834
-0.04218028113245964,0.014377593994140625,0.14896589517593384,0.9999963045120239,A3,0.23765702545642853,0.01964845508337021,0.0,0.19481244683265686,11.386406898498535,DINOV2_VITS14_QUERY,0.0029033131431788206,0.3333333432674408,2205de41b64a7eb263e72c2d4254d222ff813d4a,6e391c704a68e502cf568786c0784e72255b0cae9e08d02e78675867fec08a74,-0.030066892676094425,,0.03419198643170828,,-0.3369772070145947,RIM_ONE_r3,2100,39.378868103027344,-0.042183201760053635,"[[3, 3, 6], [3, 3, 6]]",0.002918922808021307,5.0,100,"[3.383834619016499e-06, 3.3838346190164985e-05]",6,3,7.375072882782784,37.05649538484087,29.278005564275563,1683648000,1728053248,development,"[6, 6, 12]",1.1094328165054321,1.0396935939788818,0.8679491281509399,-0.2109014093875885,0.47443363070487976,0.2999125123023987,cc,261,0.002918922808021307,0.0,OK,"[0, 1, 2]",DINOV2_VITS14_QUERY__RIM_ONE_r3__A3,1790395679.2823136,0.08184042572975159,23.87133526382968
-0.03366589918732643,0.014665989205241203,0.18168826401233673,0.9999969005584717,A3,0.2160913199186325,0.017984818667173386,0.0,0.18153634667396545,11.34320068359375,DINOV2_VITS14_QUERY,0.002289816737174988,0.2083333432674408,2205de41b64a7eb263e72c2d4254d222ff813d4a,6e391c704a68e502cf568786c0784e72255b0cae9e08d02e78675867fec08a74,-0.09371376705404089,,-0.015082342655435196,,-0.2005461676559871,RIM_ONE_r3,2200,51.04949951171875,-0.03366745635867119,"[[3, 3, 6], [3, 4, 5]]",0.001558417221531272,5.0,200,"[3.0434898592517716e-06, 3.0434898592517714e-05]",6,3,6.634840436870355,23.136448476726443,50.435483589161805,1683867136,1728053248,development,"[6, 7, 11]",1.1077868938446045,1.0304155349731445,0.8960655927658081,-0.16832949221134186,0.47263336181640625,0.3496399521827698,cc,261,0.001558417221531272,0.0,OK,"[0, 1, 2]",DINOV2_VITS14_QUERY__RIM_ONE_r3__A3,1790395700.8933535,0.1600186675786972,45.581208219751716
-0.0165761299431324,0.004019816406071186,0.15071269869804382,0.9999973773956299,A3,0.011986210942268372,0.0005537285469472408,0.0,0.0011077835224568844,10.072208404541016,DINOV2_VITS14_QUERY,0.0029847067780792713,0.125,2205de41b64a7eb263e72c2d4254d222ff813d4a,6e391c704a68e502cf568786c0784e72255b0cae9e08d02e78675867fec08a74,-0.0756490914774188,,0.04657740589935605,,0.44317634152821495,RIM_ONE_r3,2300,56.848148345947266,-0.016578562557697296,"[[3, 3, 6], [3, 6, 3]]",0.002432029228657484,5.0,300,"[2.6988522327480364e-06, 2.6988522327480364e-05]",6,3,7.675386511165158,5.304115064381624,53.49420944456743,1683867136,1728053248,development,"[6, 9, 9]",1.2132422924041748,1.0141628980636597,0.9056903719902039,-0.0828806459903717,0.419675350189209,0.4096545875072479,cc,261,0.002432029228657484,0.0,OK,"[0, 1, 2]",DINOV2_VITS14_QUERY__RIM_ONE_r3__A3,1790395727.9316542,0.10803021490573883,72.61934599699453
-0.011023897677659988,0.006004825234413147,0.14780883491039276,0.9999974966049194,A3,0.0018853936344385147,7.855807052692398e-05,0.0,0.0,9.988384246826172,DINOV2_VITS14_QUERY,0.001024279510602355,0.0,2205de41b64a7eb263e72c2d4254d222ff813d4a,6e391c704a68e502cf568786c0784e72255b0cae9e08d02e78675867fec08a74,0.029580705976828214,,0.12269608945195809,,-0.24495590314029492,RIM_ONE_r3,2400,36.978172302246094,-0.011024723760783672,"[[3, 6, 3], [5, 4, 3]]",0.0008262032642960548,5.0,400,"[2.3492378861760375e-06, 2.3492378861760376e-05]",6,3,10.029152061222598,16.5084332263873,34.22684739430667,1683867136,1728053248,development,"[8, 10, 6]",1.0941007137298584,1.0178287029266357,0.9707873463630676,-0.05511948838829994,0.4161826968193054,0.423480749130249,cc,261,0.0008262032642960548,0.0,OK,"[0, 1, 2]",DINOV2_VITS14_QUERY__RIM_ONE_r3__A3,1790395751.4574788,0.1527376025915146,96.14506832696497
-0.0063169593922793865,0.005675746127963066,0.13903075456619263,0.9999973773956299,A3,0.003688352182507515,0.00028932630084455013,0.0,0.0027671584393829107,9.699426651000977,DINOV2_VITS14_QUERY,0.0002930773771367967,0.0,2205de41b64a7eb263e72c2d4254d222ff813d4a,6e391c704a68e502cf568786c0784e72255b0cae9e08d02e78675867fec08a74,-0.023485646176765497,,-0.027125092323043633,,-0.2685715159738734,RIM_ONE_r3,2500,48.46293258666992,-0.0063171833753585815,"[[5, 3, 4], [6, 3, 3]]",0.00022398550936486572,5.0,500,"[1.9937186647521924e-06, 1.993718664752192e-05]",6,3,9.488925539017558,12.828818721580511,49.77268831533465,1683867136,1728053248,development,"[11, 6, 7]",1.051571249961853,1.0131393671035767,0.9843475818634033,-0.03158479556441307,0.4041427969932556,0.42622700333595276,cc,261,0.00022398550936486572,0.0,OK,"[0, 1, 2]",DINOV2_VITS14_QUERY__RIM_ONE_r3__A3,1790395773.6715374,0.16420342028141022,118.35894609475508
-0.0032942011021077633,0.004433864261955023,0.11707993596792221,0.9999973773956299,A3,0.002665606327354908,0.00020268703519832343,0.0,0.0018690509023144841,9.561315536499023,DINOV2_VITS14_QUERY,7.772314711473882e-05,0.0,2205de41b64a7eb263e72c2d4254d222ff813d4a,6e391c704a68e502cf568786c0784e72255b0cae9e08d02e78675867fec08a74,0.0820567890027852,,-0.12133556486593663,,-0.5141197832897,RIM_ONE_r3,2600,31.586366653442383,-0.00329425442032516,"[[6, 3, 3], [6, 3, 3]]",5.333919762051664e-05,5.0,600,"[1.6309658323221824e-06, 1.6309658323221826e-05]",6,3,11.76551570064986,9.460861223979668,34.43985423647443,1683867136,1728053248,development,"[12, 6, 6]",1.0271034240722656,1.0075675249099731,0.9967840313911438,-0.016471005976200104,0.398388147354126,0.4281551241874695,cc,261,5.333919762051664e-05,0.0,OK,"[0, 1, 2]",DINOV2_VITS14_QUERY__RIM_ONE_r3__A3,1790395803.0634773,0.1449475884437561,147.75123510882258
-0.001771956100128591,0.003042663913220167,0.10115371644496918,0.9999974966049194,A3,0.002792142331600189,0.00011633926624199376,0.0,0.0,9.502127647399902,DINOV2_VITS14_QUERY,2.0212748495396227e-05,0.0,2205de41b64a7eb263e72c2d4254d222ff813d4a,6e391c704a68e502cf568786c0784e72255b0cae9e08d02e78675867fec08a74,0.13954243564693947,,0.029651369306440804,,0.11266773493574536,RIM_ONE_r3,2700,20.20993995666504,-0.0017719666939228773,"[[3, 4, 5], [4, 3, 5]]",1.0570660379016772e-05,5.0,700,"[1.2589254117941672e-06, 1.2589254117941671e-05]",5,3,7.766737776352341,5.948955697510528,16.40169728998096,1683867136,1728053248,development,"[7, 7, 10]",1.012803316116333,1.002877950668335,0.9971103668212891,-0.008859780617058277,0.3959220051765442,0.4285547137260437,cc,261,1.0570660379016772e-05,0.0,OK,"[0, 1, 2]",DINOV2_VITS14_QUERY__RIM_ONE_r3__A3,1790395825.1712527,0.12272056937217712,169.85886117303744
-0.0014245567144826055,0.00886241253465414,0.15538395941257477,0.9999974370002747,A3,0.0001473827287554741,6.140947334642988e-06,0.0,0.0,9.434697151184082,DINOV2_VITS14_QUERY,9.215526915795635e-06,0.0,2205de41b64a7eb263e72c2d4254d222ff813d4a,6e391c704a68e502cf568786c0784e72255b0cae9e08d02e78675867fec08a74,0.04681446426202205,,-0.13043871950337907,,-0.7665283406186414,RIM_ONE_r3,2800,20.699493408203125,-0.001424561021849513,"[[3, 3, 6], [4, 4, 4]]",4.270994395483285e-06,5.0,800,"[8.740129486931664e-07, 8.740129486931664e-06]",6,3,7.350969146580762,23.47832852986341,31.831590596956957,1683867136,1728053248,development,"[7, 7, 10]",1.008232593536377,1.001603603363037,0.9988425970077515,-0.0071227834559977055,0.3931123912334442,0.42959064245224,cc,261,4.270994395483285e-06,0.0,OK,"[0, 1, 2]",DINOV2_VITS14_QUERY__RIM_ONE_r3__A3,1790395851.5841346,0.23688530921936035,196.2718907520175
-0.00047985531273297966,0.003898025257512927,0.11110944300889969,0.9999974966049194,A3,0.0010794252157211304,5.683830750058405e-05,0.0,0.00024199012841563672,9.472593307495117,DINOV2_VITS14_QUERY,3.5904686228604987e-06,0.0,2205de41b64a7eb263e72c2d4254d222ff813d4a,6e391c704a68e502cf568786c0784e72255b0cae9e08d02e78675867fec08a74,0.013592427580976002,,-0.08093764618379608,,-0.21674609626573024,RIM_ONE_r3,2900,25.991579055786133,-0.00047985714627429843,"[[6, 3, 3], [4, 5, 3]]",1.8334343394599273e-06,5.0,900,"[4.6837194216121526e-07, 4.683719421612152e-06]",6,3,8.55066041417907,8.071917853491133,25.706282317181923,1683867136,1728053248,development,"[10, 8, 6]",1.0042963027954102,1.0014570951461792,0.998279869556427,-0.002399276476353407,0.3946914076805115,0.4308653473854065,cc,261,1.8334343394599273e-06,0.0,OK,"[0, 1, 2]",DINOV2_VITS14_QUERY__RIM_ONE_r3__A3,1790395874.3668225,0.14769041538238525,219.0546083287336
-0.00037417272687889636,0.006300918757915497,0.1296064406633377,0.9999974966049194,A3,0.0,0.0,0.0,0.0,9.3423433303833,DINOV2_VITS14_QUERY,9.146357911049563e-07,0.0,2205de41b64a7eb263e72c2d4254d222ff813d4a,6e391c704a68e502cf568786c0784e72255b0cae9e08d02e78675867fec08a74,0.022339980079321607,,-0.11147661205963999,,-0.43915690576771377,RIM_ONE_r3,3000,20.810829162597656,-0.00037417313433252275,"[[3, 3, 6], [5, 4, 3]]",4.16404873249121e-07,5.0,1000,"[0.0, 0.0]",6,3,7.286923429286766,10.802253528358843,22.64049899896049,1683867136,1728053248,development,"[8, 7, 9]",1.001985788345337,1.0005700588226318,0.9990472197532654,-0.0018708636052906513,0.389264315366745,0.42984774708747864,cc,261,4.16404873249121e-07,0.0,OK,"[0, 1, 2]",DINOV2_VITS14_QUERY__RIM_ONE_r3__A3,1790395899.8428059,0.19074475765228271,244.53052263706923
-0.03609585016965866,0.013448042795062065,0.1460675746202469,0.9999943971633911,A4,0.3231067359447479,0.02674199268221855,0.0,0.2708960473537445,12.078615188598633,DINOV2_VITS14_QUERY,0.003224640619009733,0.2916666865348816,2205de41b64a7eb263e72c2d4254d222ff813d4a,6e391c704a68e502cf568786c0784e72255b0cae9e08d02e78675867fec08a74,0.0531764821893952,,-0.08146490081907311,,-0.4287187263002043,RIM_ONE_r3,2100,32.72709655761719,-0.0360986590385437,"[[3, 4, 5], [3, 6, 3]]",0.002808400196954608,1.6666666666666665,100,"[3.383834619016499e-06, 3.3838346190164985e-05]",6,3,2.4861896217569583,33.38176980105578,26.654842654074272,1683648000,1728053248,development,"[6, 10, 8]",1.1098740100860596,1.0580322742462158,0.8974341154098511,-0.060159750282764435,0.5032756328582764,0.2586917281150818,cc,261,0.002808400196954608,0.0,OK,"[0, 1, 2]",DINOV2_VITS14_QUERY__RIM_ONE_r3__A4,1790395964.483148,0.220388263463974,24.72299124719575
-0.02169898897409439,0.013869556598365307,0.17023052275180817,0.999993622303009,A4,0.2696254849433899,0.022301137447357178,0.0,0.22576166689395905,13.056286811828613,DINOV2_VITS14_QUERY,0.0021633878350257874,0.1666666716337204,2205de41b64a7eb263e72c2d4254d222ff813d4a,6e391c704a68e502cf568786c0784e72255b0cae9e08d02e78675867fec08a74,-0.04683949731447842,,0.04898132790944714,,-0.09055728549966822,RIM_ONE_r3,2200,50.06563186645508,-0.021701067686080933,"[[3, 6, 3], [3, 3, 6]]",0.002079019322991371,3.333333333333333,200,"[3.0434898592517716e-06, 3.0434898592517714e-05]",6,3,7.748335477708177,21.43961474000489,46.245782649897144,1683867136,1728053248,development,"[6, 9, 9]",1.1109963655471802,1.052847146987915,0.971666157245636,-0.07232996076345444,0.5440119504928589,0.3068816363811493,cc,261,0.002079019322991371,0.0,OK,"[0, 1, 2]",DINOV2_VITS14_QUERY__RIM_ONE_r3__A4,1790395989.421472,0.23659613728523254,49.661840461194515
-0.025828976184129715,0.0037042233161628246,0.14357700943946838,0.9999968409538269,A4,0.17658600211143494,0.014742239378392696,0.0,0.1478433907032013,12.603937149047852,DINOV2_VITS14_QUERY,0.0017627173801884055,0.125,2205de41b64a7eb263e72c2d4254d222ff813d4a,6e391c704a68e502cf568786c0784e72255b0cae9e08d02e78675867fec08a74,-0.07921930762656401,,-0.006124206137818289,,0.42463135585949785,RIM_ONE_r3,2300,54.7238883972168,-0.025830421596765518,"[[3, 3, 6], [3, 3, 6]]",0.0014457402285188437,5.0,300,"[2.6988522327480364e-06, 2.6988522327480364e-05]",6,3,12.257589500555824,4.480141520194328,51.44333650403573,1683867136,1728053248,development,"[6, 6, 12]",1.1052027940750122,1.0304028987884521,0.962131142616272,-0.12914487719535828,0.5251640677452087,0.3415580093860626,cc,261,0.0014457402285188437,0.0,OK,"[0, 1, 2]",DINOV2_VITS14_QUERY__RIM_ONE_r3__A4,1790396014.429614,0.05147436261177063,74.66996897337958
-0.008920066058635712,0.005721278488636017,0.1518906056880951,0.9999610781669617,A4,0.005751587450504303,0.00023964948195498437,0.0,0.0,12.15389633178711,DINOV2_VITS14_QUERY,0.0019509432604536414,0.0833333358168602,2205de41b64a7eb263e72c2d4254d222ff813d4a,6e391c704a68e502cf568786c0784e72255b0cae9e08d02e78675867fec08a74,0.08510259330455715,,0.17447170665654968,,-0.2866919190103274,RIM_ONE_r3,2400,36.70378875732422,-0.008921424858272076,"[[3, 6, 3], [3, 6, 3]]",0.0013586742570623755,5.0,400,"[2.3492378861760375e-06, 2.3492378861760376e-05]",6,3,10.849594747687723,16.06472566094402,33.38554678006415,1683867136,1728053248,development,"[6, 12, 6]",1.1126224994659424,1.0199005603790283,0.9538973569869995,-0.04460033029317856,0.5064123868942261,0.3934159576892853,cc,261,0.0013586742570623755,0.0,OK,"[0, 1, 2]",DINOV2_VITS14_QUERY__RIM_ONE_r3__A4,1790396036.6111698,0.1645030677318573,96.85114562604576
-0.005202805623412132,0.005589786451309919,0.13643965125083923,0.9998379349708557,A4,0.0,0.0,0.0,0.0,11.669981956481934,DINOV2_VITS14_QUERY,0.0006647824193350971,0.0,2205de41b64a7eb263e72c2d4254d222ff813d4a,6e391c704a68e502cf568786c0784e72255b0cae9e08d02e78675867fec08a74,0.04779342880441569,,-0.11963003507401972,,-0.27167550481768565,RIM_ONE_r3,2500,43.83272171020508,-0.005203410983085632,"[[5, 4, 3], [6, 3, 3]]",0.0006055017001926899,5.0,500,"[1.9937186647521924e-06, 1.993718664752192e-05]",6,3,15.007322072410144,13.12299279941927,44.39661484321363,1683867136,1728053248,development,"[11, 7, 6]",1.0712493658065796,1.025496244430542,0.9826368689537048,-0.02601402811706066,0.48624926805496216,0.4032430946826935,cc,261,0.0006055017001926899,0.0,OK,"[0, 1, 2]",DINOV2_VITS14_QUERY__RIM_ONE_r3__A4,1790396058.016201,0.1663234829902649,118.25654799304903
-0.005827679764479399,0.0044429004192352295,0.11318612843751907,0.9999973773956299,A4,0.0031975749880075455,0.00021544727496802807,0.0,0.0016771864611655474,11.363588333129883,DINOV2_VITS14_QUERY,0.00016487040556967258,0.0,2205de41b64a7eb263e72c2d4254d222ff813d4a,6e391c704a68e502cf568786c0784e72255b0cae9e08d02e78675867fec08a74,0.24310286205752124,,0.04627202426329751,,-0.21754258859607484,RIM_ONE_r3,2600,31.306001663208008,-0.005827784538269043,"[[3, 3, 6], [4, 3, 5]]",0.0001049087950377725,5.0,600,"[1.6309658323221824e-06, 1.6309658323221826e-05]",6,3,11.739428463909157,9.695436736565165,27.991479406719005,1683867136,1728053248,development,"[7, 6, 11]",1.0377285480499268,1.007612943649292,0.990896999835968,-0.02913839928805828,0.4734828472137451,0.40699833631515503,cc,261,0.0001049087950377725,0.0,OK,"[0, 1, 2]",DINOV2_VITS14_QUERY__RIM_ONE_r3__A4,1790396083.7358344,0.12847672402858734,143.97606392530724
-0.0028550871647894382,0.002989450003951788,0.0986354723572731,0.9999973773956299,A4,0.0009154081344604492,8.377712219953537e-05,0.0,0.0005883537814952433,11.288135528564453,DINOV2_VITS14_QUERY,4.568909571389668e-05,0.0,2205de41b64a7eb263e72c2d4254d222ff813d4a,6e391c704a68e502cf568786c0784e72255b0cae9e08d02e78675867fec08a74,-0.1099808168263485,,-0.06862031684221734,,-0.013385237814086017,RIM_ONE_r3,2700,18.15482521057129,-0.0028551146388053894,"[[3, 3, 6], [3, 3, 6]]",2.744315679592546e-05,5.0,700,"[1.2589254117941672e-06, 1.2589254117941671e-05]",6,3,10.850592749513925,5.3485989915205066,14.886378683551087,1683867136,1728053248,development,"[6, 6, 12]",1.0175961256027222,1.0037989616394043,0.9937413930892944,-0.014275435358285904,0.47033900022506714,0.40722522139549255,cc,261,2.744315679592546e-05,0.0,OK,"[0, 1, 2]",DINOV2_VITS14_QUERY__RIM_ONE_r3__A4,1790396111.9672315,0.11425453424453735,172.20745097799227
-0.0015787279698997736,0.00867520272731781,0.15827736258506775,0.9999973773956299,A4,0.0024846959859132767,0.00021381091210059822,0.0,0.0021336288191378117,11.22352409362793,DINOV2_VITS14_QUERY,1.540152334200684e-05,0.0,2205de41b64a7eb263e72c2d4254d222ff813d4a,6e391c704a68e502cf568786c0784e72255b0cae9e08d02e78675867fec08a74,0.0780649783939687,,-0.13126766003259915,,-0.8035893942072121,RIM_ONE_r3,2800,24.314863204956055,-0.0015787358861416578,"[[3, 3, 6], [3, 3, 6]]",7.957171874295454e-06,5.0,800,"[8.740129486931664e-07, 8.740129486931664e-06]",6,3,9.825769381876537,22.032900101847655,37.3757831362135,1683867136,1728053248,development,"[6, 6, 12]",1.0105245113372803,1.0026651620864868,0.9970993399620056,-0.007893639616668224,0.46764683723449707,0.40785107016563416,cc,261,7.957171874295454e-06,0.0,OK,"[0, 1, 2]",DINOV2_VITS14_QUERY__RIM_ONE_r3__A4,1790396139.486491,0.23713575303554535,199.72682452807203
-0.0008809840655885637,0.003869501641020179,0.11162429302930832,0.9999973773956299,A4,0.0,0.0,0.0,0.0,11.241537094116211,DINOV2_VITS14_QUERY,4.422276106197387e-06,0.0,2205de41b64a7eb263e72c2d4254d222ff813d4a,6e391c704a68e502cf568786c0784e72255b0cae9e08d02e78675867fec08a74,0.09584386496349416,,-0.13979548471633674,,-0.20287213205778953,RIM_ONE_r3,2900,27.17252540588379,-0.0008809864521026611,"[[5, 3, 4], [3, 5, 4]]",2.361925680816057e-06,5.0,900,"[4.6837194216121526e-07, 4.683719421612152e-06]",5,3,9.851711340329995,7.748385711875539,26.84516634120893,1683867136,1728053248,development,"[8, 8, 8]",1.0050773620605469,1.001603126525879,0.9993384480476379,-0.004404920153319836,0.4683973789215088,0.41094768047332764,cc,261,2.361925680816057e-06,0.0,OK,"[0, 1, 2]",DINOV2_VITS14_QUERY__RIM_ONE_r3__A4,1790396161.6978273,0.14591439068317413,221.93796891532838
-0.0005061867996118963,0.006325898226350546,0.12842875719070435,0.9999973773956299,A4,0.00018779747188091278,7.8248949648696e-06,0.0,0.0,11.065530776977539,DINOV2_VITS14_QUERY,1.2656319086090662e-06,0.0,2205de41b64a7eb263e72c2d4254d222ff813d4a,6e391c704a68e502cf568786c0784e72255b0cae9e08d02e78675867fec08a74,-0.050559732842948485,,-0.045672288646720675,,-0.298894688149748,RIM_ONE_r3,3000,22.740358352661133,-0.0005061874981038272,"[[3, 5, 4], [4, 4, 4]]",6.994584396124992e-07,5.0,1000,"[0.0, 0.0]",5,3,7.951076855357513,10.90951425741027,22.46873018140193,1683867136,1728053248,development,"[7, 9, 8]",1.002711296081543,1.0007156133651733,0.9987769722938538,-0.0025309340562671423,0.46106380224227905,0.40840020775794983,cc,261,6.994584396124992e-07,0.0,OK,"[0, 1, 2]",DINOV2_VITS14_QUERY__RIM_ONE_r3__A4,1790396183.0381906,0.18915680050849915,243.27863169508055
4.967053968130131e-08,0.020884033292531967,0.8013282418251038,0.9574191570281982,A0,0.0,0.0,0.0,0.0,4.411728858947754,UNET_QUERY_128,0.0,0.0,2205de41b64a7eb263e72c2d4254d222ff813d4a,6e391c704a68e502cf568786c0784e72255b0cae9e08d02e78675867fec08a74,,ZERO_GRADIENT_NORM,,ZERO_GRADIENT_NORM,0.9518533971791245,Drishti_GS,2100,42.333011627197266,4.967053968130131e-08,"[[1, 8, 3], [1, 3, 8]]",0.0,0.0,100,[0.0003383834619016499],8,1,0.0,14.874562840538658,27.92555394167916,681178624,784334848,development,"[2, 11, 11]",1.0,1.0,1.0,0.0,0.18382203578948975,0.18372491002082825,top1,261,0.0,0.3333333333333333,OK,"[0, 1, 2]",UNET_QUERY_128__Drishti_GS__A0,1790394745.8771155,1.0101685523986816,24.413180777337402
3.476937848745365e-08,0.021655991673469543,0.6792142987251282,0.9354053735733032,A0,0.0,0.0,0.0,0.0,6.579294204711914,UNET_QUERY_128,0.0,0.0,2205de41b64a7eb263e72c2d4254d222ff813d4a,6e391c704a68e502cf568786c0784e72255b0cae9e08d02e78675867fec08a74,,ZERO_GRADIENT_NORM,,ZERO_GRADIENT_NORM,0.7237433888977708,Drishti_GS,2200,25.964557647705078,3.476937848745365e-08,"[[1, 1, 10], [1, 8, 3]]",0.0,0.0,200,[0.00030434898592517713],10,1,0.0,11.671842477073525,16.239332390083614,681178624,784334848,development,"[2, 9, 13]",1.0,1.0,1.0,0.0,0.2741372585296631,0.153859943151474,top1,261,0.0,0.5,OK,"[0, 1, 2]",UNET_QUERY_128__Drishti_GS__A0,1790394766.835723,0.895774245262146,45.37393570691347
1.216928211533741e-07,0.006579875480383635,0.410744845867157,0.9354021549224854,A0,0.0,0.0,0.0,0.0,6.890158653259277,UNET_QUERY_128,0.0,0.0,2205de41b64a7eb263e72c2d4254d222ff813d4a,6e391c704a68e502cf568786c0784e72255b0cae9e08d02e78675867fec08a74,,ZERO_GRADIENT_NORM,,ZERO_GRADIENT_NORM,0.8944363095347987,Drishti_GS,2300,15.519883155822754,1.216928211533741e-07,"[[1, 1, 10], [1, 9, 2]]",0.0,0.0,300,[0.00026988522327480363],10,1,0.0,6.886633436223289,9.050838695481493,681178624,784334848,development,"[2, 10, 12]",1.0,1.0,1.0,0.0,0.2870899438858032,0.14202861487865448,top1,261,0.0,0.5,OK,"[0, 1, 2]",UNET_QUERY_128__Drishti_GS__A0,1790394789.8827238,0.4765436053276062,68.42081717215478
4.967053968130131e-08,0.004358814563602209,0.33994343876838684,0.9354040026664734,A0,0.0,0.0,0.0,0.0,8.370490074157715,UNET_QUERY_128,0.0,0.0,2205de41b64a7eb263e72c2d4254d222ff813d4a,6e391c704a68e502cf568786c0784e72255b0cae9e08d02e78675867fec08a74,,ZERO_GRADIENT_NORM,,ZERO_GRADIENT_NORM,-0.0869922603452279,Drishti_GS,2400,3.3987908363342285,4.967053968130131e-08,"[[1, 1, 10], [1, 2, 9]]",0.0,0.0,400,[0.00023492378861760376],10,1,0.0,1.4188375855762496,3.213854107536801,681178624,784334848,development,"[2, 3, 19]",1.0,1.0,1.0,0.0,0.3487704396247864,0.12393861263990402,top1,261,0.0,0.5,OK,"[0, 1, 2]",UNET_QUERY_128__Drishti_GS__A0,1790394808.206795,0.3835315704345703,86.74473779229447
2.50836222903672e-07,0.012012805789709091,0.3607177138328552,0.9354036450386047,A0,0.0,0.0,0.0,0.0,8.385493278503418,UNET_QUERY_128,0.0,0.0,2205de41b64a7eb263e72c2d4254d222ff813d4a,6e391c704a68e502cf568786c0784e72255b0cae9e08d02e78675867fec08a74,,ZERO_GRADIENT_NORM,,ZERO_GRADIENT_NORM,0.3874163065269581,Drishti_GS,2500,11.314656257629395,2.50836222903672e-07,"[[1, 1, 10], [1, 9, 2]]",0.0,0.0,500,[0.0001993718664752192],10,1,0.0,6.542135232090488,7.037609674835576,681178624,784334848,development,"[2, 10, 12]",1.0,1.0,1.0,0.0,0.3493955731391907,0.12462460994720459,top1,261,0.0,0.5,OK,"[0, 1, 2]",UNET_QUERY_128__Drishti_GS__A0,1790394823.5664048,0.48084577918052673,102.10464025707915
0.0,0.0055451905354857445,0.31317657232284546,0.9574173092842102,A0,0.0,0.0,0.0,0.0,7.381236553192139,UNET_QUERY_128,0.0,0.0,2205de41b64a7eb263e72c2d4254d222ff813d4a,6e391c704a68e502cf568786c0784e72255b0cae9e08d02e78675867fec08a74,,ZERO_GRADIENT_NORM,,ZERO_GRADIENT_NORM,-0.42059458100097785,Drishti_GS,2600,4.833670616149902,-0.0,"[[1, 2, 9], [1, 2, 9]]",0.0,0.0,600,[0.00016309658323221824],9,1,0.0,3.5303134310557946,5.110787097667426,681178624,784334848,development,"[2, 4, 18]",1.0,1.0,1.0,0.0,0.3075515329837799,0.13735413551330566,top1,261,0.0,0.3333333333333333,OK,"[0, 1, 2]",UNET_QUERY_128__Drishti_GS__A0,1790394838.8595223,0.36862847208976746,117.39764439733699
1.2417635275596695e-07,0.007148083299398422,0.29244881868362427,0.9128621220588684,A0,0.0,0.0,0.0,0.0,8.722533226013184,UNET_QUERY_128,0.0,0.0,2205de41b64a7eb263e72c2d4254d222ff813d4a,6e391c704a68e502cf568786c0784e72255b0cae9e08d02e78675867fec08a74,,ZERO_GRADIENT_NORM,,ZERO_GRADIENT_NORM,0.23603380916889966,Drishti_GS,2700,6.561426639556885,1.2417635275596695e-07,"[[1, 1, 10], [1, 1, 10]]",0.0,0.0,700,[0.00012589254117941672],10,1,0.0,5.479380015649324,2.541633211860122,681178624,784334848,development,"[2, 2, 20]",1.0,1.0,1.0,0.0,0.3634389042854309,0.12082694470882416,top1,261,0.0,0.6666666666666666,OK,"[0, 1, 2]",UNET_QUERY_128__Drishti_GS__A0,1790394856.3964033,0.3639296591281891,134.93442653119564
-8.940696716308594e-08,0.012154728174209595,0.4907921850681305,0.9353936314582825,A0,0.0,0.0,0.0,0.0,7.558636665344238,UNET_QUERY_128,0.0,0.0,2205de41b64a7eb263e72c2d4254d222ff813d4a,6e391c704a68e502cf568786c0784e72255b0cae9e08d02e78675867fec08a74,,ZERO_GRADIENT_NORM,,ZERO_GRADIENT_NORM,0.9124695080600508,Drishti_GS,2800,20.09747886657715,-8.940696716308594e-08,"[[1, 6, 5], [1, 1, 10]]",0.0,0.0,800,[8.740129486931664e-05],10,1,0.0,7.9666511110489004,12.560573013625797,681178624,784334848,development,"[2, 7, 15]",1.0,1.0,1.0,-0.0,0.31494319438934326,0.1288469135761261,top1,261,0.0,0.5,OK,"[0, 1, 2]",UNET_QUERY_128__Drishti_GS__A0,1790394871.5537226,0.6123394966125488,150.0918068489991
-7.450580596923828e-09,0.002371419919654727,0.2789613902568817,0.935404360294342,A0,0.0,0.0,0.0,0.0,7.0264201164245605,UNET_QUERY_128,0.0,0.0,2205de41b64a7eb263e72c2d4254d222ff813d4a,6e391c704a68e502cf568786c0784e72255b0cae9e08d02e78675867fec08a74,,ZERO_GRADIENT_NORM,,ZERO_GRADIENT_NORM,-0.15851933565384774,Drishti_GS,2900,3.6340959072113037,-7.450580596923828e-09,"[[1, 6, 5], [1, 1, 10]]",0.0,0.0,900,[4.6837194216121523e-05],10,1,0.0,0.4310290129291759,3.6736579281018753,681178624,784334848,development,"[2, 7, 15]",1.0,1.0,1.0,-0.0,0.2927675247192383,0.14285804331302643,top1,261,0.0,0.5,OK,"[0, 1, 2]",UNET_QUERY_128__Drishti_GS__A0,1790394888.9148242,0.30267560482025146,167.45273581705987
5.190571528146393e-07,0.007149943150579929,0.4423753023147583,0.9353804588317871,A0,0.0,0.0,0.0,0.0,7.256035804748535,UNET_QUERY_128,0.0,0.0,2205de41b64a7eb263e72c2d4254d222ff813d4a,6e391c704a68e502cf568786c0784e72255b0cae9e08d02e78675867fec08a74,,ZERO_GRADIENT_NORM,,ZERO_GRADIENT_NORM,0.7512771426099029,Drishti_GS,3000,13.11670970916748,5.190571528146393e-07,"[[1, 2, 9], [1, 1, 10]]",0.0,0.0,1000,[0.0],10,1,0.0,3.754924225850473,10.059830948269914,681178624,784334848,development,"[2, 3, 19]",1.0,1.0,1.0,0.0,0.30233484506607056,0.13507422804832458,top1,261,0.0,0.5,OK,"[0, 1, 2]",UNET_QUERY_128__Drishti_GS__A0,1790394903.9283462,0.5138747096061707,182.46575071802363
0.0002527645556256175,0.051252514123916626,0.9063073396682739,0.9789402484893799,A1,0.0,0.0,0.0,0.0,3.956808090209961,UNET_QUERY_128,0.0012130819959565997,0.0416666679084301,2205de41b64a7eb263e72c2d4254d222ff813d4a,6e391c704a68e502cf568786c0784e72255b0cae9e08d02e78675867fec08a74,0.221594008437884,,0.08402190239998707,,0.9346645178713076,Drishti_GS,2100,93.75049591064453,0.0002521525020711124,"[[6, 4, 2], [1, 2, 9]]",0.0006120628677308559,5.0,100,[0.0003383834619016499],9,1,3.071009561421092,52.71057025758265,41.97561064527742,809562112,880803840,development,"[7, 6, 11]",1.1082565784454346,1.0084702968597412,0.9674367308616638,0.0012638227781280875,0.16486701369285583,0.23857590556144714,top1,261,0.0006120628677308559,0.16666666666666666,OK,"[0, 1, 2]",UNET_QUERY_128__Drishti_GS__A1,1790394952.631433,1.4200963973999023,27.34972049621865
0.006169535219669342,0.023530524224042892,0.7488152980804443,0.9789391160011292,A1,0.0,0.0,0.0,0.0,4.238920211791992,UNET_QUERY_128,0.0009360401891171932,0.0833333358168602,2205de41b64a7eb263e72c2d4254d222ff813d4a,6e391c704a68e502cf568786c0784e72255b0cae9e08d02e78675867fec08a74,0.46221569356544123,,0.10954712872503042,,0.6917692912724644,Drishti_GS,2200,29.515262603759766,0.0061684250831604,"[[2, 8, 2], [2, 9, 1]]",0.0011103409342467785,5.0,200,[0.00030434898592517713],9,1,1.9401842872910866,12.172278170148019,19.152427722822154,809562112,880803840,development,"[4, 17, 3]",1.2019864320755005,1.0073738098144531,0.9836940169334412,0.03084767609834671,0.176621675491333,0.25082311034202576,top1,261,0.0011103409342467785,0.16666666666666666,OK,"[0, 1, 2]",UNET_QUERY_128__Drishti_GS__A1,1790394983.0854044,1.0149682760238647,57.80555464886129
-0.0019666957668960094,0.005224692635238171,0.41505900025367737,0.9574199914932251,A1,0.0,0.0,0.0,0.0,3.5950045585632324,UNET_QUERY_128,8.90893570613116e-05,0.0,2205de41b64a7eb263e72c2d4254d222ff813d4a,6e391c704a68e502cf568786c0784e72255b0cae9e08d02e78675867fec08a74,-0.4768462887842071,,-0.3405144083537459,,0.7527876608003582,Drishti_GS,2300,14.9793701171875,-0.0019667050801217556,"[[1, 9, 2], [2, 9, 1]]",9.343006240669638e-06,5.0,300,[0.00026988522327480363],9,1,0.9467776690483535,5.036713605185314,11.178680162487932,809562112,882900992,development,"[3, 18, 3]",1.0175994634628296,1.0009267330169678,0.9977099895477295,-0.009833479300141335,0.1497918665409088,0.22970055043697357,top1,261,9.343006240669638e-06,0.3333333333333333,OK,"[0, 1, 2]",UNET_QUERY_128__Drishti_GS__A1,1790395016.1435947,0.45747244358062744,90.86391068203375
0.0025107935070991516,0.004032453987747431,0.3469938039779663,0.9354096055030823,A1,0.0,0.0,0.0,0.0,3.668999195098877,UNET_QUERY_128,7.856378215365112e-05,0.0,2205de41b64a7eb263e72c2d4254d222ff813d4a,6e391c704a68e502cf568786c0784e72255b0cae9e08d02e78675867fec08a74,0.17907671525607602,,-0.10347178767534122,,0.5896344395870431,Drishti_GS,2400,4.656865119934082,0.0025107264518737793,"[[2, 1, 9], [10, 1, 1]]",6.707855936838314e-05,5.0,400,[0.00023492378861760376],10,1,0.7892047901897654,1.5406352687026978,3.5268237418372435,809562112,882900992,development,"[12, 2, 10]",1.0405030250549316,1.0047600269317627,0.9980491399765015,0.012553967535495758,0.15287497639656067,0.2331903576850891,top1,261,6.707855936838314e-05,0.5,OK,"[0, 1, 2]",UNET_QUERY_128__Drishti_GS__A1,1790395045.402072,0.3998723030090332,120.12045200401917
0.0020343598444014788,0.013002678751945496,0.37354397773742676,0.9574221968650818,A1,0.0,0.0,0.0,0.0,3.8512954711914062,UNET_QUERY_128,0.00012200545461382717,0.0,2205de41b64a7eb263e72c2d4254d222ff813d4a,6e391c704a68e502cf568786c0784e72255b0cae9e08d02e78675867fec08a74,0.6566361221305438,,-0.1160005766797872,,0.21310135198974137,Drishti_GS,2500,10.117681503295898,0.002034306526184082,"[[9, 1, 2], [9, 2, 1]]",5.341355426935479e-05,5.0,500,[0.0001993718664752192],9,1,4.117094827513896,5.36490858690377,4.641443319982083,809562112,882900992,development,"[18, 3, 3]",1.0131899118423462,1.005420207977295,0.9726541638374329,0.01017179898917675,0.160470649600029,0.23770597577095032,top1,261,5.341355426935479e-05,0.3333333333333333,OK,"[0, 1, 2]",UNET_QUERY_128__Drishti_GS__A1,1790395073.7936027,0.5137425661087036,148.51337179495022
-0.0027891239151358604,0.006688585504889488,0.31794941425323486,0.9354068040847778,A1,0.0,0.0,0.0,0.0,3.3200807571411133,UNET_QUERY_128,5.762467480963096e-05,0.0,2205de41b64a7eb263e72c2d4254d222ff813d4a,6e391c704a68e502cf568786c0784e72255b0cae9e08d02e78675867fec08a74,0.5006955482998493,,-0.2170292499847161,,0.17192196053812625,Drishti_GS,2600,7.138508319854736,-0.0027891944628208876,"[[1, 10, 1], [2, 9, 1]]",7.052555156406015e-05,5.0,600,[0.00016309658323221824],10,1,1.8325211538293276,4.045504356992457,4.592388193921363,809562112,882900992,development,"[3, 19, 2]",1.0104355812072754,0.9988917112350464,0.9454938173294067,-0.013945619575679302,0.13833670318126678,0.23900219798088074,top1,261,7.052555156406015e-05,0.5,OK,"[0, 1, 2]",UNET_QUERY_128__Drishti_GS__A1,1790395095.311944,0.37088966369628906,170.03181021101773
-0.0009635113528929651,0.006107484921813011,0.3174618184566498,0.9354069828987122,A1,0.0,0.0,0.0,0.0,3.3050389289855957,UNET_QUERY_128,5.623927336273482e-06,0.0,2205de41b64a7eb263e72c2d4254d222ff813d4a,6e391c704a68e502cf568786c0784e72255b0cae9e08d02e78675867fec08a74,0.2897306276779206,,-0.20809172131350592,,0.06398499268353164,Drishti_GS,2700,6.547794342041016,-0.000963514088653028,"[[1, 10, 1], [1, 9, 2]]",2.720130169109325e-06,5.0,700,[0.00012589254117941672],10,1,1.6670685203575433,4.977614170054335,3.273207411889739,809562112,882900992,development,"[2, 19, 3]",1.0056462287902832,1.0002882480621338,0.992272675037384,-0.004817556589841843,0.13770996034145355,0.24043267965316772,top1,261,2.720130169109325e-06,0.5,OK,"[0, 1, 2]",UNET_QUERY_128__Drishti_GS__A1,1790395123.518985,0.37371912598609924,198.2386708240956
0.00011124418233521283,0.011152930557727814,0.5306573510169983,0.9574218988418579,A1,0.0,0.0,0.0,0.0,3.171347141265869,UNET_QUERY_128,1.0675810699467547e-05,0.0,2205de41b64a7eb263e72c2d4254d222ff813d4a,6e391c704a68e502cf568786c0784e72255b0cae9e08d02e78675867fec08a74,0.6517135291347562,,0.7922417729467448,,0.8982857283323241,Drishti_GS,2800,26.517812728881836,0.00011124213779112324,"[[2, 9, 1], [1, 3, 8]]",2.041082552750595e-06,5.0,800,[8.740129486931664e-05],9,1,1.851789418664287,7.914761815604891,17.71871452015411,809562112,882900992,development,"[3, 12, 9]",1.0076019763946533,1.0002894401550293,0.998267412185669,0.0005562208825722337,0.13213947415351868,0.23669962584972382,top1,261,2.041082552750595e-06,0.3333333333333333,OK,"[0, 1, 2]",UNET_QUERY_128__Drishti_GS__A1,1790395157.5060709,0.6427428722381592,232.22411877894774
-0.00019704191072378308,0.0025475185830146074,0.28816458582878113,0.9574201703071594,A1,0.0,0.0,0.0,0.0,3.223292827606201,UNET_QUERY_128,3.0256396712502465e-06,0.0,2205de41b64a7eb263e72c2d4254d222ff813d4a,6e391c704a68e502cf568786c0784e72255b0cae9e08d02e78675867fec08a74,0.40030543866558665,,-0.24130345352875682,,-0.528176069070241,Drishti_GS,2900,4.069176197052002,-0.00019704303122125566,"[[1, 6, 5], [2, 9, 1]]",1.126599727285793e-06,5.0,900,[4.6837194216121523e-05],9,1,0.8457293959313203,1.3192293225565883,4.647896954155585,809562112,882900992,development,"[3, 15, 6]",1.0023406744003296,1.000981092453003,0.9965906739234924,-0.000985209597274661,0.13430386781692505,0.23208224773406982,top1,261,1.126599727285793e-06,0.3333333333333333,OK,"[0, 1, 2]",UNET_QUERY_128__Drishti_GS__A1,1790395186.923216,0.3126545548439026,261.643380086869
-9.724975097924471e-05,0.006854226812720299,0.47471997141838074,0.9354096055030823,A1,0.0,0.0,0.0,0.0,3.174802303314209,UNET_QUERY_128,7.889342441558256e-07,0.0,2205de41b64a7eb263e72c2d4254d222ff813d4a,6e391c704a68e502cf568786c0784e72255b0cae9e08d02e78675867fec08a74,0.3168365985910855,,0.37128559461814853,,0.8396870751534337,Drishti_GS,3000,16.751543045043945,-9.724994743010029e-05,"[[9, 2, 1], [10, 1, 1]]",1.9576775400764745e-07,5.0,1000,[0.0],10,1,0.938204696977333,3.4674502647220895,13.345907159635914,809562112,882900992,development,"[19, 3, 2]",1.002221703529358,1.0000054836273193,0.9993667006492615,-0.00048624875489622355,0.13228343427181244,0.2309691160917282,top1,261,1.9576775400764745e-07,0.5,OK,"[0, 1, 2]",UNET_QUERY_128__Drishti_GS__A1,1790395222.990306,0.5427759885787964,297.7104396279901
0.01797444187104702,0.02249274216592312,0.8131693601608276,0.9574196934700012,A2,0.0,0.0,0.0,0.0,4.227313995361328,UNET_QUERY_128,0.003100172383710742,0.375,2205de41b64a7eb263e72c2d4254d222ff813d4a,6e391c704a68e502cf568786c0784e72255b0cae9e08d02e78675867fec08a74,0.015295017752038417,,0.04397580173087418,,0.939524240422177,Drishti_GS,2100,41.426788330078125,0.01797088049352169,"[[1, 9, 2], [9, 2, 1]]",0.0035605495795607567,1.6666666666666665,100,[0.0003383834619016499],9,1,1.6651895147897,14.369222595991296,27.518908240133303,807989248,939524096,development,"[10, 11, 3]",1.1755421161651611,1.0532889366149902,0.9354493021965027,0.029957402497529984,0.17613808810710907,0.20596715807914734,top1,261,0.0035605495795607567,0.3333333333333333,OK,"[0, 1, 2]",UNET_QUERY_128__Drishti_GS__A2,1790395271.4112763,1.06805419921875,28.581364373210818
0.01709386706352234,0.022973163053393364,0.7386924028396606,0.9574220180511475,A2,0.0,0.0,0.0,0.0,5.0051164627075195,UNET_QUERY_128,0.001326105440966785,0.0833333358168602,2205de41b64a7eb263e72c2d4254d222ff813d4a,6e391c704a68e502cf568786c0784e72255b0cae9e08d02e78675867fec08a74,0.43411444138171734,,0.09754789774503873,,0.744856984208475,Drishti_GS,2200,32.191532135009766,0.017092496156692505,"[[2, 1, 9], [2, 1, 9]]",0.0013711403589695692,3.333333333333333,200,[0.00030434898592517713],9,1,2.019758636879414,12.104914933114845,21.61567576379361,809824256,939524096,development,"[4, 2, 18]",1.2528833150863647,1.0137913227081299,0.9775633215904236,0.05697955563664436,0.20854651927947998,0.22275152802467346,top1,261,0.0013711403589695692,0.3333333333333333,OK,"[0, 1, 2]",UNET_QUERY_128__Drishti_GS__A2,1790395306.5455267,1.025403618812561,63.71747115813196
-0.004185799043625593,0.007408067584037781,0.43342188000679016,0.9574200510978699,A2,0.0,0.0,0.0,0.0,3.6170289516448975,UNET_QUERY_128,9.783115092432126e-05,0.0,2205de41b64a7eb263e72c2d4254d222ff813d4a,6e391c704a68e502cf568786c0784e72255b0cae9e08d02e78675867fec08a74,-0.7503877417372332,,-0.6368468026576172,,0.9255751717511546,Drishti_GS,2300,16.739643096923828,-0.004185845609754324,"[[2, 9, 1], [3, 8, 1]]",4.65152770630084e-05,5.0,300,[0.00026988522327480363],9,1,2.604773299867275,7.438362373222637,11.338938657359096,809824256,939524096,development,"[5, 17, 2]",1.028198003768921,1.0011529922485352,0.9916719198226929,-0.020928995683789253,0.15070953965187073,0.2299133837223053,top1,261,4.65152770630084e-05,0.3333333333333333,OK,"[0, 1, 2]",UNET_QUERY_128__Drishti_GS__A2,1790395341.2145026,0.48657354712486267,98.38643179321662
-0.00012997156591154635,0.004014907404780388,0.35459887981414795,0.9354051947593689,A2,0.0,0.0,0.0,0.0,3.906297206878662,UNET_QUERY_128,2.9542905394919217e-05,0.0,2205de41b64a7eb263e72c2d4254d222ff813d4a,6e391c704a68e502cf568786c0784e72255b0cae9e08d02e78675867fec08a74,-0.6739759190417317,,-0.2503922863181343,,0.5078954524542918,Drishti_GS,2400,5.108427047729492,-0.00012997786689084023,"[[1, 9, 2], [1, 10, 1]]",6.295921593846288e-06,5.0,400,[0.00023492378861760376],10,1,4.917791786321648,1.5350069321910305,3.607577028946613,809824256,939524096,development,"[2, 19, 3]",1.009852647781372,1.00211501121521,0.991187572479248,-0.0006498578004539013,0.16276238858699799,0.23499362170696259,top1,261,6.295921593846288e-06,0.5,OK,"[0, 1, 2]",UNET_QUERY_128__Drishti_GS__A2,1790395377.9045796,0.39409807324409485,135.07656014105305
-0.0005109159392304718,0.01243615336716175,0.3788295388221741,0.9574198126792908,A2,0.0,0.0,0.0,0.0,4.053980827331543,UNET_QUERY_128,7.495477620977908e-05,0.0,2205de41b64a7eb263e72c2d4254d222ff813d4a,6e391c704a68e502cf568786c0784e72255b0cae9e08d02e78675867fec08a74,0.47344939992392104,,-0.0612959023098524,,0.3635724826230682,Drishti_GS,2500,10.382347106933594,-0.0005109409685246646,"[[2, 8, 2], [1, 10, 1]]",2.5002314941957593e-05,5.0,500,[0.0001993718664752192],10,1,1.1413546903325487,5.751714337002829,6.425556400436709,809824256,939524096,development,"[3, 18, 3]",1.026252269744873,0.9999905824661255,0.9901072978973389,-0.0025545796379446983,0.16891586780548096,0.2333597093820572,top1,261,2.5002314941957593e-05,0.3333333333333333,OK,"[0, 1, 2]",UNET_QUERY_128__Drishti_GS__A2,1790395401.3661437,0.5006364583969116,158.53790003806353
-0.0015980330063030124,0.006137103773653507,0.3241582214832306,0.957421064376831,A2,0.0,0.0,0.0,0.0,3.7389063835144043,UNET_QUERY_128,1.03540905911359e-05,0.0,2205de41b64a7eb263e72c2d4254d222ff813d4a,6e391c704a68e502cf568786c0784e72255b0cae9e08d02e78675867fec08a74,0.41947638182160424,,-0.11240324617048783,,0.04162891664119322,Drishti_GS,2600,6.136973857879639,-0.0015980403404682875,"[[1, 9, 2], [9, 2, 1]]",7.311385161301587e-06,5.0,600,[0.00016309658323221824],9,1,0.6010308003244775,3.5053863311112607,4.743796417802677,809824256,939524096,development,"[10, 11, 3]",1.007531762123108,1.0005983114242554,0.9880253076553345,-0.007990164682269096,0.15578776597976685,0.23737463355064392,top1,261,7.311385161301587e-06,0.3333333333333333,OK,"[0, 1, 2]",UNET_QUERY_128__Drishti_GS__A2,1790395423.3888452,0.37753909826278687,180.5608532219194
0.00035930026206187904,0.0060846745036542416,0.3104763329029083,0.9354093670845032,A2,0.0,0.0,0.0,0.0,3.648486614227295,UNET_QUERY_128,7.803464541211724e-06,0.0,2205de41b64a7eb263e72c2d4254d222ff813d4a,6e391c704a68e502cf568786c0784e72255b0cae9e08d02e78675867fec08a74,-0.0978560455393865,,-0.157464765561598,,0.15207229523229213,Drishti_GS,2700,6.331508159637451,0.0003592967987060547,"[[1, 1, 10], [1, 2, 9]]",3.4688262076087995e-06,5.0,700,[0.00012589254117941672],10,1,0.7833780083685508,5.124153003882279,3.138652824417459,809824256,939524096,development,"[2, 3, 19]",1.0070009231567383,1.001141905784607,0.9927874803543091,0.0017965013394132257,0.15202027559280396,0.2373950481414795,top1,261,3.4688262076087995e-06,0.5,OK,"[0, 1, 2]",UNET_QUERY_128__Drishti_GS__A2,1790395457.5622041,0.373119592666626,214.73422279115766
0.00018571292457636446,0.0106940483674407,0.53098064661026,0.9789405465126038,A2,0.0,0.0,0.0,0.0,3.603198528289795,UNET_QUERY_128,1.842853453126736e-05,0.0,2205de41b64a7eb263e72c2d4254d222ff813d4a,6e391c704a68e502cf568786c0784e72255b0cae9e08d02e78675867fec08a74,0.5801071539491285,,0.7436340435809534,,0.891646194632028,Drishti_GS,2800,27.055370330810547,0.00018570944666862488,"[[9, 2, 1], [5, 3, 4]]",3.484789658614318e-06,5.0,800,[8.740129486931664e-05],9,1,1.5949694021102143,7.67521747901854,18.80998951759904,809824256,939524096,development,"[14, 5, 5]",1.0076098442077637,1.0015952587127686,0.9979042410850525,0.0009285646374337375,0.15013328194618225,0.23125730454921722,top1,261,3.484789658614318e-06,0.16666666666666666,OK,"[0, 1, 2]",UNET_QUERY_128__Drishti_GS__A2,1790395487.4889698,0.6388497352600098,244.6609386340715
0.00016355642583221197,0.0025878429878503084,0.2858041822910309,0.9354072213172913,A2,0.0,0.0,0.0,0.0,3.6222147941589355,UNET_QUERY_128,2.636480985529488e-06,0.0,2205de41b64a7eb263e72c2d4254d222ff813d4a,6e391c704a68e502cf568786c0784e72255b0cae9e08d02e78675867fec08a74,0.250019735931584,,-0.1268052108856862,,-0.6591735422772003,Drishti_GS,2900,4.277010917663574,0.00016355514526367188,"[[1, 10, 1], [1, 9, 2]]",1.2842473324781167e-06,5.0,900,[4.6837194216121523e-05],10,1,0.8680921375343217,1.020767766166269,4.864913934197392,809824256,939524096,development,"[2, 19, 3]",1.0056989192962646,1.001067042350769,0.9998161196708679,0.0008177821291610599,0.1509256213903427,0.22695063054561615,top1,261,1.2842473324781167e-06,0.5,OK,"[0, 1, 2]",UNET_QUERY_128__Drishti_GS__A2,1790395522.5329814,0.31250038743019104,279.70458185626194
-0.00018803749117068946,0.006607299204915762,0.46709543466567993,0.9574222564697266,A2,0.0,0.0,0.0,0.0,3.5608110427856445,UNET_QUERY_128,5.986280484648887e-07,0.0,2205de41b64a7eb263e72c2d4254d222ff813d4a,6e391c704a68e502cf568786c0784e72255b0cae9e08d02e78675867fec08a74,0.22273129691341959,,0.07320822325831755,,0.8059498973749806,Drishti_GS,3000,15.361000061035156,-0.00018803775310516357,"[[9, 2, 1], [9, 2, 1]]",2.58783529716311e-07,5.0,1000,[0.0],9,1,1.0684601205844444,3.2549188822101516,12.46450046486078,809824256,939524096,development,"[18, 4, 2]",1.0017666816711426,0.9997870326042175,0.9991002082824707,-0.0009401874849572778,0.14836713671684265,0.22669734060764313,top1,261,2.58783529716311e-07,0.3333333333333333,OK,"[0, 1, 2]",UNET_QUERY_128__Drishti_GS__A2,1790395548.1111214,0.5322282314300537,305.28278125682846
-0.0143406568095088,0.022066235542297363,0.7592348456382751,0.9998970031738281,A3,0.9248281717300415,0.19149482250213623,0.0,0.8843743801116943,6.7717604637146,UNET_QUERY_128,0.0029313787817955017,0.0833333358168602,2205de41b64a7eb263e72c2d4254d222ff813d4a,6e391c704a68e502cf568786c0784e72255b0cae9e08d02e78675867fec08a74,0.322220201963067,,0.43475846165294313,,0.8108616173541513,Drishti_GS,2100,41.66011047363281,-0.014343580231070518,"[[3, 6, 3], [3, 6, 3]]",0.002923250198364258,5.0,100,[0.0003383834619016499],6,3,1.2858732975831124,19.130192272686784,24.018789014892697,807989248,939524096,development,"[6, 12, 6]",1.0993105173110962,1.021053671836853,0.8653324842453003,-0.07170328497886658,0.28215670585632324,0.3879706561565399,cc,261,0.002923250198364258,0.0,OK,"[0, 1, 2]",UNET_QUERY_128__Drishti_GS__A3,1790395596.4014187,0.9081939458847046,22.752918859943748
-0.021841363981366158,0.018461810424923897,0.6910485625267029,0.9995549917221069,A3,1.0547553300857544,0.282431036233902,0.0,1.0500820875167847,7.174410820007324,UNET_QUERY_128,0.0029741916805505753,0.0833333358168602,2205de41b64a7eb263e72c2d4254d222ff813d4a,6e391c704a68e502cf568786c0784e72255b0cae9e08d02e78675867fec08a74,0.5185406991643365,,-0.003632315609268482,,0.5804059793291662,Drishti_GS,2200,25.709911346435547,-0.02184430882334709,"[[3, 6, 3], [3, 6, 3]]",0.0029448485001921654,5.0,200,[0.00030434898592517713],6,3,1.2472504132437097,7.593564719176001,20.322080266967305,809824256,939524096,development,"[6, 12, 6]",1.0837353467941284,1.013979434967041,0.8860132098197937,-0.10920681804418564,0.29893380403518677,0.49414122104644775,cc,261,0.0029448485001921654,0.0,OK,"[0, 1, 2]",UNET_QUERY_128__Drishti_GS__A3,1790395610.3250394,0.7664598822593689,36.67878494877368
-0.013283216394484043,0.0036398775409907103,0.4009877145290375,0.9986389875411987,A3,1.131902813911438,0.31928086280822754,0.0,1.1133747100830078,8.233558654785156,UNET_QUERY_128,0.001471117022447288,0.0,2205de41b64a7eb263e72c2d4254d222ff813d4a,6e391c704a68e502cf568786c0784e72255b0cae9e08d02e78675867fec08a74,0.1970046208438264,,0.01636398915390204,,0.7166286096767515,Drishti_GS,2300,11.7660551071167,-0.013284668326377869,"[[3, 6, 3], [3, 6, 3]]",0.0014515153598040342,5.0,300,[0.00026988522327480363],6,3,0.5058587014189679,2.9289706239369937,9.44470437218527,809824256,939524096,development,"[6, 12, 6]",1.051438570022583,1.0083445310592651,0.9086884260177612,-0.06641608476638794,0.34306496381759644,0.5262336730957031,cc,261,0.0014515153598040342,0.0,OK,"[0, 1, 2]",UNET_QUERY_128__Drishti_GS__A3,1790395628.7202551,0.37097039818763733,55.074032416101545
-0.007826047949492931,0.004221852868795395,0.3737097680568695,0.9971894025802612,A3,1.1266765594482422,0.3245495557785034,0.0,1.1041368246078491,8.986946105957031,UNET_QUERY_128,0.0008280359907075763,0.0,2205de41b64a7eb263e72c2d4254d222ff813d4a,6e391c704a68e502cf568786c0784e72255b0cae9e08d02e78675867fec08a74,0.07805197316383487,,-0.2875348184422823,,0.17188451307549113,Drishti_GS,2400,5.505939960479736,-0.00782687496393919,"[[3, 6, 3], [3, 6, 3]]",0.0008265908109024167,5.0,400,[0.00023492378861760376],6,3,0.44278316992614714,2.4154798236863315,4.632334176196317,809824256,939524096,development,"[6, 12, 6]",1.0346379280090332,1.0012141466140747,0.9022164940834045,-0.03913024067878723,0.37445610761642456,0.5253887176513672,cc,261,0.0008265908109024167,0.0,OK,"[0, 1, 2]",UNET_QUERY_128__Drishti_GS__A3,1790395647.245205,0.3767980635166168,73.59866048302501
-0.0028969121631234884,0.010114651173353195,0.40872621536254883,0.9968208074569702,A3,1.1028048992156982,0.32483410835266113,0.0,1.082079291343689,8.935765266418457,UNET_QUERY_128,0.00018053890380542725,0.0,2205de41b64a7eb263e72c2d4254d222ff813d4a,6e391c704a68e502cf568786c0784e72255b0cae9e08d02e78675867fec08a74,0.4447875801669884,,-0.08018523615937594,,0.455702784913933,Drishti_GS,2500,12.364313125610352,-0.0028970837593078613,"[[3, 6, 3], [3, 6, 3]]",0.0001716118713375181,5.0,500,[0.0001993718664752192],6,3,0.38700660772246565,6.259638532174168,8.1037666699465,809824256,939524096,development,"[6, 12, 6]",1.0210611820220947,1.000148057937622,0.9516790509223938,-0.014484561048448086,0.37232357263565063,0.516959011554718,cc,261,0.0001716118713375181,0.0,OK,"[0, 1, 2]",UNET_QUERY_128__Drishti_GS__A3,1790395668.5629702,0.4953881800174713,94.91698067402467
-0.0015914344694465399,0.00512036494910717,0.31186890602111816,0.9962721467018127,A3,1.078489065170288,0.3217923045158386,0.0,1.0548360347747803,8.856071472167969,UNET_QUERY_128,7.950975123094395e-05,0.0,2205de41b64a7eb263e72c2d4254d222ff813d4a,6e391c704a68e502cf568786c0784e72255b0cae9e08d02e78675867fec08a74,0.5439676581893104,,-0.04981061883904895,,-0.11783689631356715,Drishti_GS,2600,4.521388530731201,-0.0015914987307041883,"[[3, 6, 3], [3, 6, 3]]",6.431168003473431e-05,5.0,600,[0.00016309658323221824],6,3,0.5270417569842291,2.4917470473545613,3.8752420580619105,809824256,939524096,development,"[6, 12, 6]",1.0167499780654907,0.9999827146530151,0.9747675657272339,-0.007957172580063343,0.3690029978752136,0.5121637582778931,cc,261,6.431168003473431e-05,0.0,OK,"[0, 1, 2]",UNET_QUERY_128__Drishti_GS__A3,1790395695.1602247,0.3551153838634491,121.5143711110577
-0.0006894951802678406,0.006044251378625631,0.3123100697994232,0.9949802160263062,A3,1.0562348365783691,0.3238041400909424,0.0,1.0556840896606445,8.792766571044922,UNET_QUERY_128,5.5244279792532325e-05,0.0,2205de41b64a7eb263e72c2d4254d222ff813d4a,6e391c704a68e502cf568786c0784e72255b0cae9e08d02e78675867fec08a74,0.384378610945179,,-0.011315800413361762,,0.47624320123914954,Drishti_GS,2700,7.978497505187988,-0.0006895462865941226,"[[3, 6, 3], [3, 6, 3]]",5.1120132411597297e-05,5.0,700,[0.00012589254117941672],6,3,0.2690587300764297,5.613181231948165,3.4980783178412342,809824256,939524096,development,"[6, 12, 6]",1.0165116786956787,0.9997490644454956,0.9755127429962158,-0.003447475843131542,0.3663652837276459,0.5031557679176331,cc,261,5.1120132411597297e-05,0.0,OK,"[0, 1, 2]",UNET_QUERY_128__Drishti_GS__A3,1790395724.4076571,0.3693051040172577,150.76183617021888
-0.0004924512468278408,0.010037814266979694,0.5316104292869568,0.9981255531311035,A3,1.0587594509124756,0.32465630769729614,0.0,1.0574676990509033,8.729229927062988,UNET_QUERY_128,2.5762563382158987e-05,0.0,2205de41b64a7eb263e72c2d4254d222ff813d4a,6e391c704a68e502cf568786c0784e72255b0cae9e08d02e78675867fec08a74,-0.0037538192138830175,,-0.23179229055157471,,0.9077444256185302,Drishti_GS,2800,24.13630485534668,-0.0004924734821543097,"[[3, 6, 3], [3, 6, 3]]",2.2229905880521983e-05,5.0,800,[8.740129486931664e-05],6,3,0.29182392209032154,7.760919031538838,16.915623206047552,809824256,939524096,development,"[6, 12, 6]",1.0115923881530762,1.000471830368042,0.985379695892334,-0.002462256234139204,0.3637179136276245,0.4961419403553009,cc,261,2.2229905880521983e-05,0.0,OK,"[0, 1, 2]",UNET_QUERY_128__Drishti_GS__A3,1790395754.1080632,0.6295263171195984,180.4621234848164
-0.0003267368592787534,0.0026703528128564358,0.2928645610809326,0.9960960745811462,A3,1.0433584451675415,0.32218098640441895,0.0,1.0423260927200317,8.547250747680664,UNET_QUERY_128,7.322783858398907e-06,0.0,2205de41b64a7eb263e72c2d4254d222ff813d4a,6e391c704a68e502cf568786c0784e72255b0cae9e08d02e78675867fec08a74,0.40325590893147994,,-0.4152269455362536,,-0.7009961265391549,Drishti_GS,2900,4.386992931365967,-0.00032674273825250566,"[[3, 6, 3], [3, 6, 3]]",5.868086645932635e-06,5.0,900,[4.6837194216121523e-05],6,3,0.22964272418986595,1.2964872608530793,5.279132062291054,809824256,939524096,development,"[6, 12, 6]",1.0055161714553833,1.0000709295272827,0.9923499226570129,-0.0016336842672899365,0.35613545775413513,0.49290910363197327,cc,261,5.868086645932635e-06,0.0,OK,"[0, 1, 2]",UNET_QUERY_128__Drishti_GS__A3,1790395787.6478367,0.31793442368507385,214.0013156607747
-1.8420134438201785e-05,0.0065524703823029995,0.4811380207538605,0.9972357749938965,A3,1.0476446151733398,0.3237326741218567,0.0,1.043601632118225,8.601927757263184,UNET_QUERY_128,3.075086624448886e-06,0.0,2205de41b64a7eb263e72c2d4254d222ff813d4a,6e391c704a68e502cf568786c0784e72255b0cae9e08d02e78675867fec08a74,-0.2598761525600779,,-0.18594777551911795,,0.8353977560410587,Drishti_GS,3000,16.442602157592773,-1.8422802895656787e-05,"[[3, 6, 3], [3, 6, 3]]",2.66845154328621e-06,5.0,1000,[0.0],6,3,0.2198840754505874,3.8717320534884276,13.11556604554477,809824256,939524096,development,"[6, 12, 6]",1.003857970237732,1.0000356435775757,0.994944155216217,-9.210067219100893e-05,0.3584136664867401,0.49624788761138916,cc,261,2.66845154328621e-06,0.0,OK,"[0, 1, 2]",UNET_QUERY_128__Drishti_GS__A3,1790395817.8187518,0.5465706586837769,244.1725049908273
-0.01233141589909792,0.01965273916721344,0.7786334753036499,0.9999901056289673,A4,0.7108440399169922,0.13007880747318268,0.0,0.6650488376617432,5.575139999389648,UNET_QUERY_128,0.003619422670453787,0.4166666865348816,2205de41b64a7eb263e72c2d4254d222ff813d4a,6e391c704a68e502cf568786c0784e72255b0cae9e08d02e78675867fec08a74,-0.13632362341375304,,-0.11484705260256015,,0.9508384522462701,Drishti_GS,2100,36.77450942993164,-0.012335410341620445,"[[3, 6, 3], [3, 6, 3]]",0.003994467202574015,1.6666666666666665,100,[0.0003383834619016499],6,3,0.7600678548048645,12.174253489320598,25.091544869260545,807989248,939524096,development,"[6, 12, 6]",1.171851634979248,1.0383951663970947,0.9167958498001099,-0.020552359521389008,0.23229750990867615,0.2793494462966919,cc,261,0.003994467202574015,0.0,OK,"[0, 1, 2]",UNET_QUERY_128__Drishti_GS__A4,1790395874.312744,0.9546085000038147,32.242117122747004
-0.01244468055665493,0.01926693692803383,0.6856086850166321,0.9998866319656372,A4,1.0238759517669678,0.2528995871543884,0.0,0.9871445894241333,7.388487815856934,UNET_QUERY_128,0.005569507833570242,0.625,2205de41b64a7eb263e72c2d4254d222ff813d4a,6e391c704a68e502cf568786c0784e72255b0cae9e08d02e78675867fec08a74,0.5393056984436879,,0.14836054308572527,,0.663554652102902,Drishti_GS,2200,27.434043884277344,-0.012449692003428936,"[[3, 6, 3], [3, 6, 3]]",0.005011410918086767,3.333333333333333,200,[0.00030434898592517713],6,3,2.1240447758101464,9.203433078907812,19.723193504868902,809824256,939524096,development,"[6, 12, 6]",1.14347243309021,1.0417444705963135,0.8841304183006287,-0.041482266038656235,0.30785366892814636,0.4645092487335205,cc,261,0.005011410918086767,0.0,OK,"[0, 1, 2]",UNET_QUERY_128__Drishti_GS__A4,1790395898.605228,0.8367957472801208,56.53456574771553
-0.013858309015631676,0.004934299737215042,0.41622334718704224,0.9998548030853271,A4,1.1268882751464844,0.2027057409286499,0.0,0.9716155529022217,6.049840927124023,UNET_QUERY_128,0.0016446112422272563,0.0,2205de41b64a7eb263e72c2d4254d222ff813d4a,6e391c704a68e502cf568786c0784e72255b0cae9e08d02e78675867fec08a74,-0.41635208208605395,,-0.46083977355768724,,0.9088286145055171,Drishti_GS,2300,17.502174377441406,-0.013860000297427177,"[[3, 6, 3], [3, 3, 6]]",0.0016916345339268446,5.0,300,[0.00026988522327480363],6,3,1.0992527687577065,5.815024154987009,12.532440655559148,809824256,939524096,development,"[6, 9, 9]",1.070659875869751,1.0128653049468994,0.9026223421096802,-0.06929154694080353,0.2520767152309418,0.4638127088546753,cc,261,0.0016916345339268446,0.0,OK,"[0, 1, 2]",UNET_QUERY_128__Drishti_GS__A4,1790395928.5246882,0.3962748050689697,86.45464253798127
-0.007994486950337887,0.003943098708987236,0.3517286777496338,0.9991546273231506,A4,1.1301467418670654,0.3191726803779602,0.0,1.1243332624435425,8.869447708129883,UNET_QUERY_128,0.0010732287773862481,0.0416666679084301,2205de41b64a7eb263e72c2d4254d222ff813d4a,6e391c704a68e502cf568786c0784e72255b0cae9e08d02e78675867fec08a74,-0.6944165131058626,,-0.32994624265674216,,0.4916119256342003,Drishti_GS,2400,3.433455467224121,-0.007995481602847576,"[[3, 6, 3], [3, 6, 3]]",0.0009945651981979609,5.0,400,[0.00023492378861760376],6,3,1.2773388926865301,1.829291732834435,2.730787943683357,809824256,939524096,development,"[6, 12, 6]",1.0350430011749268,1.0043362379074097,0.8858940601348877,-0.03997243568301201,0.3695603311061859,0.527242124080658,cc,261,0.0009945651981979609,0.0,OK,"[0, 1, 2]",UNET_QUERY_128__Drishti_GS__A4,1790395959.8973124,0.35118722915649414,117.82729977509007
-0.006292101927101612,0.011074088513851166,0.42034879326820374,0.9994069933891296,A4,1.091672420501709,0.32918626070022583,0.0,1.0720807313919067,8.612030982971191,UNET_QUERY_128,0.0005281437188386917,0.0,2205de41b64a7eb263e72c2d4254d222ff813d4a,6e391c704a68e502cf568786c0784e72255b0cae9e08d02e78675867fec08a74,0.4128150159295032,,-0.12470105362389507,,0.5435659055842917,Drishti_GS,2500,13.140469551086426,-0.00629260903224349,"[[3, 6, 3], [3, 6, 3]]",0.0005069831386208534,5.0,500,[0.0001993718664752192],6,3,0.5772004863143184,6.402804467153518,8.415635772705066,809824256,939524096,development,"[6, 12, 6]",1.0306683778762817,0.9989708662033081,0.9210641384124756,-0.031460508704185486,0.3588346242904663,0.5213233232498169,cc,261,0.0005069831386208534,0.0,OK,"[0, 1, 2]",UNET_QUERY_128__Drishti_GS__A4,1790395992.7950528,0.4996291399002075,150.72508251899853
-0.0003771436167880893,0.005000830627977848,0.31483525037765503,0.9996612071990967,A4,1.048831582069397,0.32623210549354553,0.0,1.0468037128448486,8.694320678710938,UNET_QUERY_128,0.0003669642028398812,0.0,2205de41b64a7eb263e72c2d4254d222ff813d4a,6e391c704a68e502cf568786c0784e72255b0cae9e08d02e78675867fec08a74,0.5301179158323317,,-0.1497747193463066,,-0.3793477192187802,Drishti_GS,2600,4.583523750305176,-0.00037748119211755693,"[[3, 6, 3], [3, 6, 3]]",0.0003375878441147506,5.0,600,[0.00016309658323221824],6,3,1.0754139089973185,2.546379121495547,4.549923392992042,809824256,939524096,development,"[6, 12, 6]",1.0437774658203125,1.0026061534881592,0.9433341026306152,-0.0018857180839404464,0.36226338148117065,0.5105670690536499,cc,261,0.0003375878441147506,0.0,OK,"[0, 1, 2]",UNET_QUERY_128__Drishti_GS__A4,1790396023.8832247,0.36295783519744873,181.81310937507078
0.0006206611287780106,0.005873232148587704,0.30872538685798645,0.99924236536026,A4,1.042123794555664,0.32720279693603516,0.0,1.0376205444335938,8.556453704833984,UNET_QUERY_128,0.00011687241203617305,0.0,2205de41b64a7eb263e72c2d4254d222ff813d4a,6e391c704a68e502cf568786c0784e72255b0cae9e08d02e78675867fec08a74,-0.23515041046330049,,-0.22997755180654947,,0.4328473730095456,Drishti_GS,2700,6.738729476928711,0.0006205638637766242,"[[3, 6, 3], [3, 6, 3]]",9.725731797516346e-05,5.0,700,[0.00012589254117941672],6,3,1.0253542877068664,5.2723841687868696,2.7806387765527654,809824256,939524096,development,"[6, 12, 6]",1.0306885242462158,1.0017223358154297,0.9724438190460205,0.003103305585682392,0.3565189242362976,0.5066741108894348,cc,261,9.725731797516346e-05,0.0,OK,"[0, 1, 2]",UNET_QUERY_128__Drishti_GS__A4,1790396054.4440699,0.37056103348731995,212.37409378169104
-0.004873013123869896,0.010107911191880703,0.5242475867271423,0.9994811415672302,A4,1.0208117961883545,0.24645744264125824,0.0,1.0132055282592773,7.496267318725586,UNET_QUERY_128,0.000524936942383647,0.0416666679084301,2205de41b64a7eb263e72c2d4254d222ff813d4a,6e391c704a68e502cf568786c0784e72255b0cae9e08d02e78675867fec08a74,0.5919275283976015,,0.5760847953275459,,0.9363773216850516,Drishti_GS,2800,23.162973403930664,-0.004873514175415039,"[[3, 4, 5], [3, 6, 3]]",0.0005012574838474393,5.0,800,[8.740129486931664e-05],6,3,2.0341184134624624,7.501680251992387,14.716134394391684,809824256,939524096,development,"[6, 10, 8]",1.1081510782241821,1.0061006546020508,0.9648283123970032,-0.02436506561934948,0.312344491481781,0.4346011281013489,cc,261,0.0005012574838474393,0.0,OK,"[0, 1, 2]",UNET_QUERY_128__Drishti_GS__A4,1790396087.3740156,0.6009616255760193,245.30382571183145
-0.0034651069436222315,0.002844256814569235,0.2945462465286255,0.9999541640281677,A4,1.0801860094070435,0.25613731145858765,0.0,1.0354083776474,7.931364059448242,UNET_QUERY_128,0.0005410746671259403,0.0,2205de41b64a7eb263e72c2d4254d222ff813d4a,6e391c704a68e502cf568786c0784e72255b0cae9e08d02e78675867fec08a74,-0.249158750753335,,-0.1438755942948506,,-0.3160389681560776,Drishti_GS,2900,4.012650489807129,-0.0034655481576919556,"[[3, 3, 6], [3, 6, 3]]",0.0004413050482980907,5.0,900,[4.6837194216121523e-05],6,3,0.9606788522945993,2.8150609727979123,4.126168449620507,809824256,939524096,development,"[6, 9, 9]",1.0796868801116943,0.9945926666259766,0.9418972134590149,-0.01732553541660309,0.33047351241111755,0.471535325050354,cc,261,0.0004413050482980907,0.0,OK,"[0, 1, 2]",UNET_QUERY_128__Drishti_GS__A4,1790396120.4897141,0.3056632876396179,278.41945302300155
-0.009148926474153996,0.0062532625161111355,0.4588339328765869,0.9999685883522034,A4,1.0504112243652344,0.2573840320110321,0.0,1.0317044258117676,8.522540092468262,UNET_QUERY_128,0.000815344974398613,0.0,2205de41b64a7eb263e72c2d4254d222ff813d4a,6e391c704a68e502cf568786c0784e72255b0cae9e08d02e78675867fec08a74,-0.22858233098917463,,-0.09733324597316609,,0.803316881383339,Drishti_GS,3000,14.422966003417969,-0.009149551391601562,"[[3, 6, 3], [3, 6, 3]]",0.0006251131417229772,5.0,1000,[0.0],6,3,2.285441607165016,3.7278687846863594,11.381899379470287,809824256,939524096,development,"[6, 12, 6]",1.0776097774505615,1.0152150392532349,0.9428278207778931,-0.0457446314394474,0.35510584712028503,0.4499170184135437,cc,261,0.0006251131417229772,0.0,OK,"[0, 1, 2]",UNET_QUERY_128__Drishti_GS__A4,1790396149.8065298,0.47562190890312195,307.7361861350946
5.4637592228345966e-08,0.005498682614415884,0.47676563262939453,0.9128638505935669,A0,0.0,0.0,0.0,0.0,7.35844087600708,UNET_QUERY_128,0.0,0.0,2205de41b64a7eb263e72c2d4254d222ff813d4a,6e391c704a68e502cf568786c0784e72255b0cae9e08d02e78675867fec08a74,,ZERO_GRADIENT_NORM,,ZERO_GRADIENT_NORM,-0.11891411421870762,RIM_ONE_r3,2100,12.57886028289795,5.4637592228345966e-08,"[[10, 1, 1], [10, 1, 1]]",0.0,0.0,100,[0.0003383834619016499],10,1,0.0,2.902996630501868,12.587265698522549,681178624,784334848,development,"[20, 2, 2]",1.0,1.0,1.0,0.0,0.30660170316696167,0.12159603089094162,top1,261,0.0,0.6666666666666666,OK,"[0, 1, 2]",UNET_QUERY_128__RIM_ONE_r3__A0,1790394737.011235,0.5317524671554565,15.571361271198839
1.6391277313232422e-07,0.00956774316728115,0.3154498338699341,0.9128629565238953,A0,0.0,0.0,0.0,0.0,7.976095199584961,UNET_QUERY_128,0.0,0.0,2205de41b64a7eb263e72c2d4254d222ff813d4a,6e391c704a68e502cf568786c0784e72255b0cae9e08d02e78675867fec08a74,,ZERO_GRADIENT_NORM,,ZERO_GRADIENT_NORM,0.3262806751679633,RIM_ONE_r3,2200,12.162261962890625,1.6391277313232422e-07,"[[10, 1, 1], [10, 1, 1]]",0.0,0.0,200,[0.00030434898592517713],10,1,0.0,10.333979701131872,3.886495918477427,681178624,784334848,development,"[20, 2, 2]",1.0,1.0,1.0,0.0,0.33233731985092163,0.11427970975637436,top1,261,0.0,0.6666666666666666,OK,"[0, 1, 2]",UNET_QUERY_128__RIM_ONE_r3__A0,1790394750.6881588,0.4111272692680359,29.252132477238774
-3.476937848745365e-08,0.002443567616865039,0.2876763641834259,0.9128633737564087,A0,0.0,0.0,0.0,0.0,7.814899921417236,UNET_QUERY_128,0.0,0.0,2205de41b64a7eb263e72c2d4254d222ff813d4a,6e391c704a68e502cf568786c0784e72255b0cae9e08d02e78675867fec08a74,,ZERO_GRADIENT_NORM,,ZERO_GRADIENT_NORM,0.8746126542943272,RIM_ONE_r3,2300,10.047846794128418,-3.476937848745365e-08,"[[10, 1, 1], [10, 1, 1]]",0.0,0.0,300,[0.00026988522327480363],10,1,0.0,2.9431218399009227,7.36479885952299,681178624,784334848,development,"[20, 2, 2]",1.0,1.0,1.0,-0.0,0.3256208300590515,0.11281588673591614,top1,261,0.0,0.6666666666666666,OK,"[0, 1, 2]",UNET_QUERY_128__RIM_ONE_r3__A0,1790394762.94582,0.312112033367157,41.509933981113136
1.4901161193847656e-07,0.0025361485313624144,0.3846900165081024,0.9574032425880432,A0,0.0,0.0,0.0,0.0,6.80264139175415,UNET_QUERY_128,0.0,0.0,2205de41b64a7eb263e72c2d4254d222ff813d4a,6e391c704a68e502cf568786c0784e72255b0cae9e08d02e78675867fec08a74,,ZERO_GRADIENT_NORM,,ZERO_GRADIENT_NORM,0.4861117020104286,RIM_ONE_r3,2400,12.60680103302002,1.4901161193847656e-07,"[[8, 1, 3], [5, 1, 6]]",0.0,0.0,400,[0.00023492378861760376],8,1,0.0,1.9902390679481137,11.506575990336335,681178624,784334848,development,"[13, 2, 9]",1.0,1.0,1.0,0.0,0.2834433913230896,0.1256859451532364,top1,261,0.0,0.3333333333333333,OK,"[0, 1, 2]",UNET_QUERY_128__RIM_ONE_r3__A0,1790394775.368165,0.41005149483680725,53.93239159416407
-9.934107758624577e-09,0.001427859882824123,0.26189884543418884,0.9574034810066223,A0,0.0,0.0,0.0,0.0,6.897540092468262,UNET_QUERY_128,0.0,0.0,2205de41b64a7eb263e72c2d4254d222ff813d4a,6e391c704a68e502cf568786c0784e72255b0cae9e08d02e78675867fec08a74,,ZERO_GRADIENT_NORM,,ZERO_GRADIENT_NORM,0.6420949006306707,RIM_ONE_r3,2500,15.84993839263916,-9.934107758624577e-09,"[[8, 1, 3], [6, 1, 5]]",0.0,0.0,500,[0.0001993718664752192],8,1,0.0,1.4029899815599594,14.908692469496515,681178624,784334848,development,"[14, 2, 8]",1.0,1.0,1.0,-0.0,0.28739750385284424,0.127789705991745,top1,261,0.0,0.3333333333333333,OK,"[0, 1, 2]",UNET_QUERY_128__RIM_ONE_r3__A0,1790394789.9129734,0.27617743611335754,68.47687737923115
1.8874804652568855e-07,0.0018836784875020385,0.2712325155735016,0.9353920221328735,A0,0.0,0.0,0.0,0.0,7.912661075592041,UNET_QUERY_128,0.0,0.0,2205de41b64a7eb263e72c2d4254d222ff813d4a,6e391c704a68e502cf568786c0784e72255b0cae9e08d02e78675867fec08a74,,ZERO_GRADIENT_NORM,,ZERO_GRADIENT_NORM,0.050491161887859785,RIM_ONE_r3,2600,3.8770480155944824,1.8874804652568855e-07,"[[6, 1, 5], [10, 1, 1]]",0.0,0.0,600,[0.00016309658323221824],10,1,0.0,1.3228279454539715,3.576572367939417,681178624,784334848,development,"[16, 2, 6]",1.0,1.0,1.0,0.0,0.3296942114830017,0.12757782638072968,top1,261,0.0,0.5,OK,"[0, 1, 2]",UNET_QUERY_128__RIM_ONE_r3__A0,1790394802.8481326,0.2900693118572235,81.41173952631652
6.457170087514896e-08,0.002019590698182583,0.2819063067436218,0.9128639698028564,A0,0.0,0.0,0.0,0.0,7.1586480140686035,UNET_QUERY_128,0.0,0.0,2205de41b64a7eb263e72c2d4254d222ff813d4a,6e391c704a68e502cf568786c0784e72255b0cae9e08d02e78675867fec08a74,,ZERO_GRADIENT_NORM,,ZERO_GRADIENT_NORM,0.6924188558871092,RIM_ONE_r3,2700,6.155081748962402,6.457170087514896e-08,"[[10, 1, 1], [10, 1, 1]]",0.0,0.0,700,[0.00012589254117941672],10,1,0.0,1.7537255537843741,4.814302314316389,681178624,784334848,development,"[20, 2, 2]",1.0,1.0,1.0,0.0,0.29827702045440674,0.13067790865898132,top1,261,0.0,0.6666666666666666,OK,"[0, 1, 2]",UNET_QUERY_128__RIM_ONE_r3__A0,1790394817.548252,0.3021022081375122,96.11251483717933
-1.738468853318409e-07,0.002747632097452879,0.240943044424057,0.9353839159011841,A0,0.0,0.0,0.0,0.0,8.011711120605469,UNET_QUERY_128,0.0,0.0,2205de41b64a7eb263e72c2d4254d222ff813d4a,6e391c704a68e502cf568786c0784e72255b0cae9e08d02e78675867fec08a74,,ZERO_GRADIENT_NORM,,ZERO_GRADIENT_NORM,0.22025602943441785,RIM_ONE_r3,2800,6.600135326385498,-1.738468853318409e-07,"[[10, 1, 1], [2, 1, 9]]",0.0,0.0,800,[8.740129486931664e-05],10,1,0.0,2.361169373762583,5.665965893186034,681178624,784334848,development,"[12, 2, 10]",1.0,1.0,1.0,-0.0,0.33382129669189453,0.12755800783634186,top1,261,0.0,0.5,OK,"[0, 1, 2]",UNET_QUERY_128__RIM_ONE_r3__A0,1790394830.104782,0.2684193551540375,108.66899857716635
8.443991816875496e-08,0.002084393287077546,0.34355881810188293,0.935392439365387,A0,0.0,0.0,0.0,0.0,6.983241081237793,UNET_QUERY_128,0.0,0.0,2205de41b64a7eb263e72c2d4254d222ff813d4a,6e391c704a68e502cf568786c0784e72255b0cae9e08d02e78675867fec08a74,,ZERO_GRADIENT_NORM,,ZERO_GRADIENT_NORM,0.6371114415443336,RIM_ONE_r3,2900,7.847885608673096,8.443991816875496e-08,"[[3, 1, 8], [1, 1, 10]]",0.0,0.0,900,[4.6837194216121523e-05],10,1,0.0,1.2799174237289903,6.9713761126914795,681178624,784334848,development,"[4, 2, 18]",1.0,1.0,1.0,0.0,0.2909683883190155,0.12554018199443817,top1,261,0.0,0.5,OK,"[0, 1, 2]",UNET_QUERY_128__RIM_ONE_r3__A0,1790394842.6014225,0.36440274119377136,121.16526181902736
1.2417635275596695e-07,0.0025788091588765383,0.21118341386318207,0.9354056119918823,A0,0.0,0.0,0.0,0.0,8.183883666992188,UNET_QUERY_128,0.0,0.0,2205de41b64a7eb263e72c2d4254d222ff813d4a,6e391c704a68e502cf568786c0784e72255b0cae9e08d02e78675867fec08a74,,ZERO_GRADIENT_NORM,,ZERO_GRADIENT_NORM,0.46956939112774737,RIM_ONE_r3,3000,5.557591915130615,1.2417635275596695e-07,"[[6, 1, 5], [10, 1, 1]]",0.0,0.0,1000,[0.0],10,1,0.0,2.8242124655016982,3.654724437193758,681178624,784334848,development,"[16, 2, 6]",1.0,1.0,1.0,0.0,0.3409951627254486,0.13055548071861267,top1,261,0.0,0.5,OK,"[0, 1, 2]",UNET_QUERY_128__RIM_ONE_r3__A0,1790394855.6610975,0.23697149753570557,134.2253026892431
-0.004306423477828503,0.0031032597180455923,0.43926119804382324,0.9128638505935669,A1,0.0,0.0,0.0,0.0,5.054579257965088,UNET_QUERY_128,0.00019828665244858712,0.0,2205de41b64a7eb263e72c2d4254d222ff813d4a,6e391c704a68e502cf568786c0784e72255b0cae9e08d02e78675867fec08a74,-0.405346967279417,,-0.241031349525946,,-0.2030327257170417,RIM_ONE_r3,2100,15.266616821289062,-0.0043065352365374565,"[[1, 1, 10], [1, 10, 1]]",0.00011166300100740045,5.0,100,[0.0003383834619016499],10,1,0.5094559435535431,2.0419180299016455,15.704274202891243,809337344,880803840,development,"[2, 11, 11]",1.0278385877609253,1.010240912437439,0.9938544034957886,-0.021532118320465088,0.21060746908187866,0.22388812899589539,top1,261,0.00011166300100740045,0.6666666666666666,OK,"[0, 1, 2]",UNET_QUERY_128__RIM_ONE_r3__A1,1790394900.4224522,0.4487616717815399,22.24898383487016
-0.0020741706248372793,0.010001993738114834,0.3651275932788849,0.9128650426864624,A1,0.0,0.0,0.0,0.0,4.9838104248046875,UNET_QUERY_128,3.1960087653715163e-05,0.0,2205de41b64a7eb263e72c2d4254d222ff813d4a,6e391c704a68e502cf568786c0784e72255b0cae9e08d02e78675867fec08a74,0.3045763601704492,,0.4534593717376587,,0.0662028480729858,RIM_ONE_r3,2200,10.0863676071167,-0.0020741820335388184,"[[1, 1, 10], [1, 1, 10]]",1.1422473107813857e-05,5.0,200,[0.00030434898592517713],10,1,0.9186337602079007,4.880385815802227,7.914887215711508,809562112,882900992,development,"[2, 2, 20]",1.0138949155807495,1.0001745223999023,0.9972426891326904,-0.01037085335701704,0.2076587677001953,0.2173285335302353,top1,261,1.1422473107813857e-05,0.6666666666666666,OK,"[0, 1, 2]",UNET_QUERY_128__RIM_ONE_r3__A1,1790394917.911635,0.45477667450904846,39.740642117802054
-0.0001437596947653219,0.004563887603580952,0.31585341691970825,0.9574218392372131,A1,0.0,0.0,0.0,0.0,4.845721244812012,UNET_QUERY_128,1.1425079719629139e-05,0.0,2205de41b64a7eb263e72c2d4254d222ff813d4a,6e391c704a68e502cf568786c0784e72255b0cae9e08d02e78675867fec08a74,0.06217880878146864,,0.030360439095786996,,0.8667447897540196,RIM_ONE_r3,2300,14.428077697753906,-0.0001437664031982422,"[[8, 3, 1], [8, 3, 1]]",6.712842150591314e-06,5.0,300,[0.00026988522327480363],8,1,0.4792458968097498,5.805372488128065,9.074955402322788,809562112,882900992,development,"[16, 6, 2]",1.0094082355499268,1.0027589797973633,0.9972801804542542,-0.0007187984883785248,0.2019050568342209,0.20856639742851257,top1,261,6.712842150591314e-06,0.3333333333333333,OK,"[0, 1, 2]",UNET_QUERY_128__RIM_ONE_r3__A1,1790394937.053173,0.3607734739780426,58.87981195002794
-0.0001576949580339715,0.005568578839302063,0.4887506365776062,0.9574211239814758,A1,0.0,0.0,0.0,0.0,4.727406978607178,UNET_QUERY_128,2.235438660136424e-05,0.0,2205de41b64a7eb263e72c2d4254d222ff813d4a,6e391c704a68e502cf568786c0784e72255b0cae9e08d02e78675867fec08a74,0.11388448744384122,,-0.06357816560976336,,0.5999746625910259,RIM_ONE_r3,2400,18.52120018005371,-0.00015770396566949785,"[[6, 5, 1], [4, 7, 1]]",9.002671504276805e-06,5.0,400,[0.00023492378861760376],7,1,0.45887270886886433,6.629593790272825,13.756170531781967,809562112,882900992,development,"[10, 12, 2]",1.0088322162628174,1.0035804510116577,0.9991580843925476,-0.0007884748047217727,0.19697529077529907,0.1927826851606369,top1,261,9.002671504276805e-06,0.3333333333333333,OK,"[0, 1, 2]",UNET_QUERY_128__RIM_ONE_r3__A1,1790394952.435515,0.5436480045318604,74.26402138685808
-0.0022250462789088488,0.0010321474401280284,0.23406825959682465,0.912863552570343,A1,0.0,0.0,0.0,0.0,4.649007797241211,UNET_QUERY_128,1.9429417079663835e-05,0.0,2205de41b64a7eb263e72c2d4254d222ff813d4a,6e391c704a68e502cf568786c0784e72255b0cae9e08d02e78675867fec08a74,-0.3925030377902486,,-0.26999250549819875,,0.7566520798685563,RIM_ONE_r3,2500,8.97606372833252,-0.002225051401183009,"[[1, 1, 10], [1, 10, 1]]",5.02977081850986e-06,5.0,500,[0.0001993718664752192],10,1,0.9304245282005085,1.1983228179414893,8.24899313073964,809562112,882900992,development,"[2, 11, 11]",1.009182333946228,1.0010265111923218,0.9983590245246887,-0.0111252311617136,0.1937086582183838,0.19529221951961517,top1,261,5.02977081850986e-06,0.6666666666666666,OK,"[0, 1, 2]",UNET_QUERY_128__RIM_ONE_r3__A1,1790394967.9384332,0.2332644909620285,89.76695895614102
0.0005406849086284637,0.001816987874917686,0.2787347733974457,0.9128636121749878,A1,0.0,0.0,0.0,0.0,4.713838577270508,UNET_QUERY_128,2.579158490334521e-06,0.0,2205de41b64a7eb263e72c2d4254d222ff813d4a,6e391c704a68e502cf568786c0784e72255b0cae9e08d02e78675867fec08a74,-0.22322949372685572,,-0.5084681162100272,,0.2697144014087565,RIM_ONE_r3,2600,4.1695733070373535,0.0005406836862675846,"[[1, 1, 10], [1, 1, 10]]",1.2201538766021258e-06,5.0,600,[0.00016309658323221824],10,1,1.1773599685753078,0.40343708430753017,4.529352457853039,809562112,882900992,development,"[2, 2, 20]",1.004993200302124,1.0009573698043823,0.9972200989723206,0.0027034245431423187,0.1964099407196045,0.20367184281349182,top1,261,1.2201538766021258e-06,0.6666666666666666,OK,"[0, 1, 2]",UNET_QUERY_128__RIM_ONE_r3__A1,1790394984.6835635,0.2996080815792084,106.51202132320032
-0.0001986912393476814,0.0023893120232969522,0.28261545300483704,0.9354057908058167,A1,0.0,0.0,0.0,0.0,4.834939479827881,UNET_QUERY_128,7.933569577289745e-06,0.0,2205de41b64a7eb263e72c2d4254d222ff813d4a,6e391c704a68e502cf568786c0784e72255b0cae9e08d02e78675867fec08a74,0.022155971122287867,,0.05062093102412876,,0.7280752708751334,RIM_ONE_r3,2700,5.973360538482666,-0.00019869208335876465,"[[1, 10, 1], [2, 9, 1]]",8.420672088504944e-07,5.0,700,[0.00012589254117941672],10,1,0.48717981998461174,1.4846123944832479,4.761797163834539,809562112,882900992,development,"[3, 19, 2]",1.0037469863891602,1.000907301902771,0.9995849132537842,-0.0009934562258422375,0.20145581662654877,0.20738036930561066,top1,261,8.420672088504944e-07,0.5,OK,"[0, 1, 2]",UNET_QUERY_128__RIM_ONE_r3__A1,1790395004.5418832,0.3055151104927063,126.3703487161547
-0.0003113246930297464,0.0026643702294677496,0.2339247465133667,0.9574204087257385,A1,0.0,0.0,0.0,0.0,4.717514514923096,UNET_QUERY_128,1.8594914763525594e-06,0.0,2205de41b64a7eb263e72c2d4254d222ff813d4a,6e391c704a68e502cf568786c0784e72255b0cae9e08d02e78675867fec08a74,0.2327702749173101,,0.12562615736468272,,0.4253807761732763,RIM_ONE_r3,2800,6.505404949188232,-0.00031132501317188144,"[[6, 3, 3], [1, 10, 1]]",3.1377931009046733e-07,5.0,800,[8.740129486931664e-05],10,1,0.2520685827040547,2.210695921848285,5.194123356144011,809562112,882900992,development,"[7, 13, 4]",1.0019745826721191,1.000282883644104,0.9993360042572021,-0.0015566234942525625,0.19656310975551605,0.20018360018730164,top1,261,3.1377931009046733e-07,0.3333333333333333,OK,"[0, 1, 2]",UNET_QUERY_128__RIM_ONE_r3__A1,1790395021.6733422,0.25901180505752563,143.501901647076
-0.0005330732092261314,0.0021336106583476067,0.345765620470047,0.978938639163971,A1,0.0,0.0,0.0,0.0,4.708548545837402,UNET_QUERY_128,5.717322892451193e-06,0.0,2205de41b64a7eb263e72c2d4254d222ff813d4a,6e391c704a68e502cf568786c0784e72255b0cae9e08d02e78675867fec08a74,0.057405139460864334,,-0.29656938208722766,,0.42317508366056716,RIM_ONE_r3,2900,7.886250019073486,-0.0005330741405487061,"[[2, 9, 1], [6, 4, 2]]",9.213790690409951e-07,5.0,900,[4.6837194216121523e-05],9,1,0.36178697562308415,1.7378495762476658,7.0774760626293505,809562112,882900992,development,"[8, 13, 3]",1.003711223602295,1.0004262924194336,0.9991965293884277,-0.002665366046130657,0.1961895227432251,0.19665057957172394,top1,261,9.213790690409951e-07,0.16666666666666666,OK,"[0, 1, 2]",UNET_QUERY_128__RIM_ONE_r3__A1,1790395040.065527,0.3644363582134247,161.89395908918232
0.00014841566735412925,0.002439717762172222,0.21999864280223846,0.9128649830818176,A1,0.0,0.0,0.0,0.0,4.798713684082031,UNET_QUERY_128,2.2610917937981867e-07,0.0,2205de41b64a7eb263e72c2d4254d222ff813d4a,6e391c704a68e502cf568786c0784e72255b0cae9e08d02e78675867fec08a74,-0.0240954440927442,,-0.026477236891217795,,0.27690257501332594,RIM_ONE_r3,3000,3.8385322093963623,0.00014841556549072266,"[[1, 1, 10], [1, 1, 10]]",1.0475257283815154e-07,5.0,1000,[0.0],10,1,0.6710311257994288,1.8863252114314093,2.8282688697737974,809562112,882900992,development,"[2, 2, 20]",1.001208782196045,1.000309944152832,0.9994454383850098,0.0007420783513225615,0.19994640350341797,0.2049838751554489,top1,261,1.0475257283815154e-07,0.6666666666666666,OK,"[0, 1, 2]",UNET_QUERY_128__RIM_ONE_r3__A1,1790395060.7318652,0.24513790011405945,182.55986732803285
-0.007919849827885628,0.005258278455585241,0.495805025100708,0.9354091286659241,A2,0.0,0.0,0.0,0.0,5.203935623168945,UNET_QUERY_128,0.0001698089763522148,0.0,2205de41b64a7eb263e72c2d4254d222ff813d4a,6e391c704a68e502cf568786c0784e72255b0cae9e08d02e78675867fec08a74,-0.060359074726895674,,0.00723593950780926,,-0.07043916618374879,RIM_ONE_r3,2100,15.096434593200684,-0.007920089177787304,"[[10, 1, 1], [8, 1, 3]]",0.00023963121930137277,1.6666666666666665,100,[0.0003383834619016499],10,1,0.5204056506438627,2.689303847231718,15.044965657536107,809824256,939524096,development,"[18, 2, 4]",1.0191806554794312,0.9863411784172058,0.969266951084137,-0.013199749402701855,0.21683065593242645,0.18796078860759735,top1,261,0.00023963121930137277,0.5,OK,"[0, 1, 2]",UNET_QUERY_128__RIM_ONE_r3__A2,1790395116.4686372,0.5351880788803101,32.821569743100554
-0.0014494527131319046,0.007350606378167868,0.3470999598503113,0.9128658175468445,A2,0.0,0.0,0.0,0.0,5.019069671630859,UNET_QUERY_128,0.00011205422197235748,0.0,2205de41b64a7eb263e72c2d4254d222ff813d4a,6e391c704a68e502cf568786c0784e72255b0cae9e08d02e78675867fec08a74,0.017862340264630128,,-0.03401461118964224,,-0.07441029630655147,RIM_ONE_r3,2200,8.222856521606445,-0.0014494856586679816,"[[10, 1, 1], [10, 1, 1]]",3.297024522908032e-05,3.333333333333333,200,[0.00030434898592517713],10,1,0.6297499111266892,7.19492915137236,4.504418764582264,809824256,941621248,development,"[20, 2, 2]",1.0259219408035278,1.0028146505355835,0.9950000047683716,-0.004831508733332157,0.20912790298461914,0.20217597484588623,top1,261,3.297024522908032e-05,0.6666666666666666,OK,"[0, 1, 2]",UNET_QUERY_128__RIM_ONE_r3__A2,1790395148.4387186,0.41577449440956116,64.79360783891752
-0.005013936199247837,0.002923631574958563,0.2721930742263794,0.9354066848754883,A2,0.0,0.0,0.0,0.0,4.925264358520508,UNET_QUERY_128,9.080841846298426e-05,0.0,2205de41b64a7eb263e72c2d4254d222ff813d4a,6e391c704a68e502cf568786c0784e72255b0cae9e08d02e78675867fec08a74,0.2145257122812138,,0.06347776213856009,,0.744672431383148,RIM_ONE_r3,2300,8.864038467407227,-0.005013967864215374,"[[1, 10, 1], [1, 3, 8]]",3.1730996852274984e-05,5.0,300,[0.00026988522327480363],10,1,0.948881538117967,3.4993892802283946,5.7714321987562345,809824256,941621248,development,"[2, 13, 9]",1.024038553237915,1.0035470724105835,0.9964602589607239,-0.02506968006491661,0.2052193582057953,0.2133912444114685,top1,261,3.1730996852274984e-05,0.5,OK,"[0, 1, 2]",UNET_QUERY_128__RIM_ONE_r3__A2,1790395180.1801634,0.2763597071170807,96.5341333579272
-0.0031163909006863832,0.003886975347995758,0.43968018889427185,0.9128625392913818,A2,0.0,0.0,0.0,0.0,4.811254501342773,UNET_QUERY_128,4.8318404878955334e-05,0.0,2205de41b64a7eb263e72c2d4254d222ff813d4a,6e391c704a68e502cf568786c0784e72255b0cae9e08d02e78675867fec08a74,0.21958239474436397,,-0.10543432077032046,,0.5154094968321686,RIM_ONE_r3,2400,18.20146942138672,-0.0031164090614765882,"[[1, 10, 1], [1, 10, 1]]",1.8132039258489385e-05,5.0,400,[0.00023492378861760376],10,1,0.7128104422341511,5.170131708422174,14.985821205631774,809824256,941621248,development,"[2, 20, 2]",1.0165462493896484,1.0046474933624268,0.9990757703781128,-0.015581954270601273,0.20046894252300262,0.1997554898262024,top1,261,1.8132039258489385e-05,0.6666666666666666,OK,"[0, 1, 2]",UNET_QUERY_128__RIM_ONE_r3__A2,1790395209.224685,0.46296799182891846,125.57952448586002
0.0013293010415509343,0.0011128560872748494,0.24054232239723206,0.9128656387329102,A2,0.0,0.0,0.0,0.0,4.736273765563965,UNET_QUERY_128,2.7431166017777286e-05,0.0,2205de41b64a7eb263e72c2d4254d222ff813d4a,6e391c704a68e502cf568786c0784e72255b0cae9e08d02e78675867fec08a74,0.03886609509624346,,0.018347798756969024,,0.6311831217483803,RIM_ONE_r3,2500,10.745415687561035,0.0013292878866195679,"[[10, 1, 1], [10, 1, 1]]",1.3160693924874067e-05,5.0,500,[0.0001993718664752192],10,1,0.6092263487277648,1.0633378225451162,10.023451015203573,809824256,941621248,development,"[20, 2, 2]",1.0113908052444458,1.004398226737976,0.9988824129104614,0.00664650509133935,0.19734475016593933,0.19714224338531494,top1,261,1.3160693924874067e-05,0.6666666666666666,OK,"[0, 1, 2]",UNET_QUERY_128__RIM_ONE_r3__A2,1790395245.4530132,0.25831741094589233,161.8079164000228
0.0014215809060260653,0.0019360551377758384,0.2766607999801636,0.9354079961776733,A2,0.0,0.0,0.0,0.0,4.804022312164307,UNET_QUERY_128,1.2234877431183122e-05,0.0,2205de41b64a7eb263e72c2d4254d222ff813d4a,6e391c704a68e502cf568786c0784e72255b0cae9e08d02e78675867fec08a74,0.008970487295723419,,-0.46637990162542514,,0.2612322433395288,RIM_ONE_r3,2600,5.351163387298584,0.001421575783751905,"[[1, 1, 10], [5, 1, 6]]",5.180451807973441e-06,5.0,600,[0.00016309658323221824],10,1,1.4404304980042368,0.9647431793502785,5.4905841448518435,809824256,941621248,development,"[6, 2, 16]",1.0058077573776245,1.0023910999298096,0.9950338006019592,0.007107904646545649,0.20016759634017944,0.20742443203926086,top1,261,5.180451807973441e-06,0.5,OK,"[0, 1, 2]",UNET_QUERY_128__RIM_ONE_r3__A2,1790395275.551608,0.30312925577163696,191.84509098296985
-0.0004331957024987787,0.0028319465927779675,0.2957969903945923,0.9354084730148315,A2,0.0,0.0,0.0,0.0,4.888759613037109,UNET_QUERY_128,4.517523848335259e-06,0.0,2205de41b64a7eb263e72c2d4254d222ff813d4a,6e391c704a68e502cf568786c0784e72255b0cae9e08d02e78675867fec08a74,0.10587642060843906,,0.046395514264388885,,0.6797218542025143,RIM_ONE_r3,2700,5.892744541168213,-0.0004331966338213533,"[[1, 2, 9], [1, 1, 10]]",9.337554160993022e-07,5.0,700,[0.00012589254117941672],10,1,0.7515252726005626,1.8318164442307603,4.395303916077491,809824256,941621248,development,"[2, 3, 19]",1.0038669109344482,1.001046895980835,0.9995817542076111,-0.002165978541597724,0.2036983221769333,0.2109847217798233,top1,261,9.337554160993022e-07,0.5,OK,"[0, 1, 2]",UNET_QUERY_128__RIM_ONE_r3__A2,1790395303.4626808,0.3219504952430725,219.81755516817793
4.691021968028508e-05,0.002945070620626211,0.24028532207012177,0.9354060888290405,A2,0.0,0.0,0.0,0.0,4.790031433105469,UNET_QUERY_128,3.0612063710577786e-06,0.0,2205de41b64a7eb263e72c2d4254d222ff813d4a,6e391c704a68e502cf568786c0784e72255b0cae9e08d02e78675867fec08a74,0.11146367367625405,,-0.12628460029806002,,0.6474934866348735,RIM_ONE_r3,2800,8.668913841247559,4.690885543823242e-05,"[[1, 10, 1], [7, 4, 1]]",1.3640168390338658e-06,5.0,800,[8.740129486931664e-05],10,1,0.4648359908396739,2.574878461479366,6.790985722937893,809824256,941621248,development,"[8, 14, 2]",1.003013014793396,1.000484824180603,0.994825541973114,0.0002345511020394042,0.19958464801311493,0.2036624699831009,top1,261,1.3640168390338658e-06,0.5,OK,"[0, 1, 2]",UNET_QUERY_128__RIM_ONE_r3__A2,1790395331.9182615,0.269970566034317,248.27316117286682
-0.00107153644785285,0.0021602511405944824,0.3405432403087616,0.9574201703071594,A2,0.0,0.0,0.0,0.0,4.774158477783203,UNET_QUERY_128,8.204034202208277e-06,0.0,2205de41b64a7eb263e72c2d4254d222ff813d4a,6e391c704a68e502cf568786c0784e72255b0cae9e08d02e78675867fec08a74,0.02042507474714123,,-0.3198746043922881,,0.40392564067551845,RIM_ONE_r3,2900,7.802630424499512,-0.0010715376120060682,"[[1, 10, 1], [2, 5, 5]]",1.199192411149852e-06,5.0,900,[4.6837194216121523e-05],10,1,0.5315488662827665,1.3329593525087122,7.304785941323596,809824256,941621248,development,"[3, 15, 6]",1.0041720867156982,1.0002657175064087,0.9991540312767029,-0.00535768223926425,0.1989232748746872,0.2013675570487976,top1,261,1.199192411149852e-06,0.3333333333333333,OK,"[0, 1, 2]",UNET_QUERY_128__RIM_ONE_r3__A2,1790395370.8899646,0.3567880690097809,287.2449244009331
-5.8924055338138714e-05,0.002584893722087145,0.21843549609184265,0.9999943971633911,A2,0.0,0.0,0.0,0.0,4.897401332855225,UNET_QUERY_128,2.3784954805705638e-07,0.0,2205de41b64a7eb263e72c2d4254d222ff813d4a,6e391c704a68e502cf568786c0784e72255b0cae9e08d02e78675867fec08a74,0.24013778441310665,,0.005782628576117875,,0.28559949453278066,RIM_ONE_r3,3000,4.056879043579102,-5.892416083952412e-05,"[[8, 2, 2], [4, 5, 3]]",1.0528189875458338e-07,5.0,1000,[0.0],8,2,0.24744257020045843,2.0206222762856165,2.947137238361821,809824256,941621248,development,"[12, 7, 5]",1.0013377666473389,1.0001394748687744,0.999549388885498,-0.00029462028760463,0.20405839383602142,0.2109849601984024,top1,261,1.0528189875458338e-07,0.0,OK,"[0, 1, 2]",UNET_QUERY_128__RIM_ONE_r3__A2,1790395405.1665645,0.24398981034755707,321.5213959850371
-0.008193371817469597,0.006835838779807091,0.6324911713600159,0.9999951124191284,A3,0.03205811232328415,0.0053193941712379456,0.0,0.031125571578741074,5.769216060638428,UNET_QUERY_128,0.00030903087463229895,0.0,2205de41b64a7eb263e72c2d4254d222ff813d4a,6e391c704a68e502cf568786c0784e72255b0cae9e08d02e78675867fec08a74,-0.18302112054026862,,-0.3064403952015056,,-0.5652242861966448,RIM_ONE_r3,2100,16.85325050354004,-0.008193543180823326,"[[6, 3, 3], [6, 3, 3]]",0.00017153698718175292,5.0,100,[0.0003383834619016499],6,3,0.3881914565372918,5.595264435523484,19.52859581697267,809824256,939524096,development,"[12, 6, 6]",1.0320897102355957,1.0019783973693848,0.9839030504226685,-0.040966860949993134,0.24038401246070862,0.22308005392551422,cc,261,0.00017153698718175292,0.0,OK,"[0, 1, 2]",UNET_QUERY_128__RIM_ONE_r3__A3,1790395460.5231102,0.659882664680481,34.55122898519039
-0.0028498470783233643,0.007201065309345722,0.502217173576355,0.9999939203262329,A3,0.014700353145599365,0.003283274360001087,0.0,0.014384925365447998,5.492685794830322,UNET_QUERY_128,7.381986506516114e-05,0.0,2205de41b64a7eb263e72c2d4254d222ff813d4a,6e391c704a68e502cf568786c0784e72255b0cae9e08d02e78675867fec08a74,0.5300929276987495,,0.4747127944386142,,0.9486494152153837,RIM_ONE_r3,2200,29.908544540405273,-0.0028498992323875427,"[[3, 6, 3], [3, 6, 3]]",5.210784001974389e-05,5.0,200,[0.00030434898592517713],6,3,0.40735826593922114,8.406609436291808,21.608537065087937,809824256,939524096,development,"[6, 12, 6]",1.0178335905075073,1.0049333572387695,0.9875621795654297,-0.014249235391616821,0.22886191308498383,0.20263339579105377,cc,261,5.210784001974389e-05,0.0,OK,"[0, 1, 2]",UNET_QUERY_128__RIM_ONE_r3__A3,1790395489.624956,0.5599786043167114,63.655482792295516
-0.0012490320950746536,0.00547066843137145,0.3368547260761261,0.9999947547912598,A3,0.0017326995730400085,0.0004185931757092476,0.0,0.001593335415236652,5.2622761726379395,UNET_QUERY_128,2.2154476027935743e-05,0.0,2205de41b64a7eb263e72c2d4254d222ff813d4a,6e391c704a68e502cf568786c0784e72255b0cae9e08d02e78675867fec08a74,0.28916038843333014,,0.20374714020543516,,0.8805719810508782,RIM_ONE_r3,2300,15.194072723388672,-0.0012490376830101013,"[[6, 3, 3], [6, 3, 3]]",5.531161150429398e-06,5.0,300,[0.00026988522327480363],6,3,0.42198621175190304,6.332248141749871,9.209005487060198,809824256,939524096,development,"[12, 6, 6]",1.0117799043655396,1.0012249946594238,0.9984075427055359,-0.006245160475373268,0.2192615121603012,0.19737659394741058,cc,261,5.531161150429398e-06,0.0,OK,"[0, 1, 2]",UNET_QUERY_128__RIM_ONE_r3__A3,1790395524.9844918,0.38531625270843506,99.01499607833102
-0.0016433283453807235,0.0021383692510426044,0.3992544710636139,0.9999942183494568,A3,0.005256563425064087,0.0013481015339493752,0.0,0.005209301132708788,5.1811065673828125,UNET_QUERY_128,2.8917867894051597e-05,0.0,2205de41b64a7eb263e72c2d4254d222ff813d4a,6e391c704a68e502cf568786c0784e72255b0cae9e08d02e78675867fec08a74,0.1351834978087174,,-0.30359124963028955,,0.3954733374456816,RIM_ONE_r3,2400,15.595526695251465,-0.0016433348646387458,"[[3, 3, 6], [3, 3, 6]]",6.573643531737616e-06,5.0,400,[0.00023492378861760376],6,3,0.884045874518345,1.8638920283647324,15.007396856772095,809824256,939524096,development,"[6, 6, 12]",1.0093954801559448,1.001917839050293,0.9984303116798401,-0.00821664184331894,0.2158794403076172,0.19092662632465363,cc,261,6.573643531737616e-06,0.0,OK,"[0, 1, 2]",UNET_QUERY_128__RIM_ONE_r3__A3,1790395553.651746,0.4124215245246887,127.682173862122
-0.0009087297949008644,0.001153165940195322,0.25487589836120605,0.9999939203262329,A3,0.002746395766735077,0.0005654876003973186,0.0,0.0025090414565056562,5.0623579025268555,UNET_QUERY_128,1.155002973973751e-05,0.0,2205de41b64a7eb263e72c2d4254d222ff813d4a,6e391c704a68e502cf568786c0784e72255b0cae9e08d02e78675867fec08a74,-0.5397055795707145,,-0.34095079042925786,,0.7201768485658827,RIM_ONE_r3,2500,11.173973083496094,-0.0009087324142456055,"[[3, 3, 6], [3, 3, 6]]",2.6351699489168823e-06,5.0,500,[0.0001993718664752192],6,3,0.9150544525407291,1.3483972815383927,10.477710066947575,809824256,939524096,development,"[6, 6, 12]",1.0064603090286255,1.001018762588501,0.9983711838722229,-0.004543649032711983,0.21093158423900604,0.18867795169353485,cc,261,2.6351699489168823e-06,0.0,OK,"[0, 1, 2]",UNET_QUERY_128__RIM_ONE_r3__A3,1790395588.0619621,0.2618638873100281,162.09245587093756
0.00018455715326126665,0.0018613068386912346,0.27048733830451965,0.9999939799308777,A3,0.00696071982383728,0.0017080844845622778,0.0,0.0067370072938501835,5.061387062072754,UNET_QUERY_128,5.855035851709545e-06,0.0,2205de41b64a7eb263e72c2d4254d222ff813d4a,6e391c704a68e502cf568786c0784e72255b0cae9e08d02e78675867fec08a74,0.16150613494231442,,-0.220859222693776,,0.07545493702646913,RIM_ONE_r3,2600,5.013374328613281,0.00018455336976330727,"[[3, 3, 6], [3, 3, 6]]",3.790674554693396e-06,5.0,600,[0.00016309658323221824],6,3,0.6303767523099935,0.7808772186558598,4.9804232859477,809824256,939524096,development,"[6, 6, 12]",1.005942702293396,1.001030683517456,0.995855450630188,0.0009227857808582485,0.21089112758636475,0.19456826150417328,cc,261,3.790674554693396e-06,0.0,OK,"[0, 1, 2]",UNET_QUERY_128__RIM_ONE_r3__A3,1790395619.480479,0.29002320766448975,193.50960010197014
-0.00012822878488805145,0.0024572047404944897,0.2938542366027832,0.999994695186615,A3,0.004159070551395416,0.0010374325793236494,0.0,0.003932398743927479,5.147155284881592,UNET_QUERY_128,6.907772331032902e-06,0.0,2205de41b64a7eb263e72c2d4254d222ff813d4a,6e391c704a68e502cf568786c0784e72255b0cae9e08d02e78675867fec08a74,0.022081533779954574,,-0.02445291857100009,,0.6943569721214262,RIM_ONE_r3,2700,7.262057781219482,-0.000128231942653656,"[[6, 3, 3], [6, 3, 3]]",3.161424274367164e-06,5.0,700,[0.00012589254117941672],6,3,0.2258883678221989,1.7287772384371365,5.957129345159011,809824256,939524096,development,"[12, 6, 6]",1.0034892559051514,1.0011709928512573,0.9978099465370178,-0.0006411439389921725,0.21446481347084045,0.1970040649175644,cc,261,3.161424274367164e-06,0.0,OK,"[0, 1, 2]",UNET_QUERY_128__RIM_ONE_r3__A3,1790395658.714348,0.3177851438522339,232.74483149312437
-8.012796024559066e-05,0.0024070630315691233,0.22696734964847565,0.9999943971633911,A3,0.002130284905433655,0.00036272345460020006,0.0,0.002007273491472006,5.054840087890625,UNET_QUERY_128,1.9966282707173377e-06,0.0,2205de41b64a7eb263e72c2d4254d222ff813d4a,6e391c704a68e502cf568786c0784e72255b0cae9e08d02e78675867fec08a74,0.2778900718472389,,0.45509699995358305,,0.14896383536258653,RIM_ONE_r3,2800,4.123572826385498,-8.012851321836933e-05,"[[3, 3, 6], [6, 3, 3]]",5.538774416891101e-07,5.0,800,[8.740129486931664e-05],6,3,0.424309929654648,1.9977806173057064,3.0578987364459076,809824256,939524096,development,"[9, 6, 9]",1.002310037612915,1.0003694295883179,0.9983842968940735,-0.0004006398085039109,0.21061834692955017,0.19013884663581848,cc,261,5.538774416891101e-07,0.0,OK,"[0, 1, 2]",UNET_QUERY_128__RIM_ONE_r3__A3,1790395690.322196,0.25063735246658325,264.3526838803664
-0.0006951311370357871,0.002107376931235194,0.35668376088142395,0.999994158744812,A3,0.0017007887363433838,0.00029957544757053256,0.0,0.0016363603062927723,5.039359092712402,UNET_QUERY_128,5.397966560849454e-06,0.0,2205de41b64a7eb263e72c2d4254d222ff813d4a,6e391c704a68e502cf568786c0784e72255b0cae9e08d02e78675867fec08a74,0.058441909640749974,,-0.4156517447976728,,0.2803170120965596,RIM_ONE_r3,2900,6.480710506439209,-0.0006951317191123962,"[[3, 3, 6], [3, 3, 6]]",5.745866928918986e-07,5.0,900,[4.6837194216121523e-05],6,3,0.5961604543073493,1.1458586846982828,6.26997075166401,809824256,939524096,development,"[6, 6, 12]",1.0031605958938599,1.0005393028259277,0.9997602701187134,-0.0034756558015942574,0.2099733054637909,0.1881875842809677,cc,261,5.745866928918986e-07,0.0,OK,"[0, 1, 2]",UNET_QUERY_128__RIM_ONE_r3__A3,1790395721.4883308,0.3742818534374237,295.51891193538904
-2.8227710572537035e-05,0.0024375910870730877,0.22063136100769043,0.9999945163726807,A3,0.00022248178720474243,1.8404176444164477e-05,0.0,7.602424739161506e-05,5.113715171813965,UNET_QUERY_128,2.711790614284837e-07,0.0,2205de41b64a7eb263e72c2d4254d222ff813d4a,6e391c704a68e502cf568786c0784e72255b0cae9e08d02e78675867fec08a74,0.2388516533637137,,0.09555914469951733,,0.5208878283313739,RIM_ONE_r3,3000,4.6191792488098145,-2.8227766961208545e-05,"[[6, 3, 3], [3, 3, 6]]",5.6077929855291586e-08,5.0,1000,[0.0],6,3,0.167580413428985,2.1302711987569456,3.0954082947650163,809824256,939524096,development,"[9, 6, 9]",1.0008931159973145,1.0000633001327515,0.9994450211524963,-0.0001411385601386428,0.21307146549224854,0.19421616196632385,cc,261,5.6077929855291586e-08,0.0,OK,"[0, 1, 2]",UNET_QUERY_128__RIM_ONE_r3__A3,1790395751.0691009,0.24486613273620605,325.099655282218
-0.003756070276722312,0.005660307593643665,0.5381290912628174,0.9999938011169434,A4,0.023011907935142517,0.002601474057883024,0.0,0.020093783736228943,5.019710063934326,UNET_QUERY_128,0.000375245523173362,0.0,2205de41b64a7eb263e72c2d4254d222ff813d4a,6e391c704a68e502cf568786c0784e72255b0cae9e08d02e78675867fec08a74,-0.2733287758202973,,-0.3605680138550946,,-0.2774030740953617,RIM_ONE_r3,2100,15.613457679748535,-0.0037563617806881666,"[[3, 3, 6], [3, 3, 6]]",0.00029161933343857527,1.6666666666666665,100,[0.0003383834619016499],6,3,0.3952126363896903,3.6336576720737765,16.39678477538956,809824256,939524096,development,"[6, 6, 12]",1.0279475450515747,1.0096499919891357,0.9561534523963928,-0.006260117050260305,0.20915459096431732,0.1989634931087494,cc,261,0.00029161933343857527,0.0,OK,"[0, 1, 2]",UNET_QUERY_128__RIM_ONE_r3__A4,1790395809.5315938,0.5884720683097839,36.458225852809846
-0.006716555450111628,0.00705632334575057,0.3100212812423706,0.9999947547912598,A4,0.031969472765922546,0.0038949938025325537,0.0,0.028447067365050316,5.413487911224365,UNET_QUERY_128,0.00021232680592220277,0.0,2205de41b64a7eb263e72c2d4254d222ff813d4a,6e391c704a68e502cf568786c0784e72255b0cae9e08d02e78675867fec08a74,-0.11434626329168959,,0.2495720747008666,,0.18519714341430024,RIM_ONE_r3,2200,10.14893913269043,-0.006716656498610973,"[[6, 3, 3], [6, 3, 3]]",0.00010105971887242049,3.333333333333333,200,[0.00030434898592517713],6,3,0.378204987627235,7.239360724660317,5.84853960475357,809824256,939524096,development,"[12, 6, 6]",1.029367446899414,1.0036025047302246,0.9808101058006287,-0.0223885178565979,0.22556200623512268,0.2110700160264969,cc,261,0.00010105971887242049,0.0,OK,"[0, 1, 2]",UNET_QUERY_128__RIM_ONE_r3__A4,1790395842.085798,0.3581959903240204,69.01477736793458
-0.00449295062571764,0.0032124482095241547,0.2896142899990082,0.9999951124191284,A4,0.009692437946796417,0.0015764851123094559,0.0,0.009291338734328747,5.2968878746032715,UNET_QUERY_128,8.945495210355148e-05,0.0,2205de41b64a7eb263e72c2d4254d222ff813d4a,6e391c704a68e502cf568786c0784e72255b0cae9e08d02e78675867fec08a74,0.11743583894787116,,-0.010252103004793131,,0.7287878628891075,RIM_ONE_r3,2300,9.696263313293457,-0.004492978565394878,"[[6, 3, 3], [3, 3, 6]]",2.8118322006775998e-05,5.0,300,[0.00026988522327480363],6,3,0.42103585653495207,3.8509987522804936,6.495716219516594,809824256,939524096,development,"[9, 6, 9]",1.0250650644302368,1.0029654502868652,0.9979691505432129,-0.022464752197265625,0.22070366144180298,0.21727973222732544,cc,261,2.8118322006775998e-05,0.0,OK,"[0, 1, 2]",UNET_QUERY_128__RIM_ONE_r3__A4,1790395871.1400783,0.2992740273475647,98.07003867579624
-0.0029236895497888327,0.0040077934972941875,0.4458109140396118,0.9999943375587463,A4,0.01757170259952545,0.004025893285870552,0.0,0.017421750351786613,5.127773761749268,UNET_QUERY_128,5.352844891604036e-05,0.0,2205de41b64a7eb263e72c2d4254d222ff813d4a,6e391c704a68e502cf568786c0784e72255b0cae9e08d02e78675867fec08a74,0.33433323258069264,,-0.1890980535002353,,0.48666930273703257,RIM_ONE_r3,2400,17.844114303588867,-0.0029237172566354275,"[[3, 6, 3], [3, 6, 3]]",2.7656584279611707e-05,5.0,400,[0.00023492378861760376],6,3,0.8426719797243005,5.0088925223791465,14.872348069921541,809824256,939524096,development,"[6, 12, 6]",1.016652226448059,1.0036931037902832,0.9929662942886353,-0.014618447981774807,0.21365724503993988,0.20501305162906647,cc,261,2.7656584279611707e-05,0.0,OK,"[0, 1, 2]",UNET_QUERY_128__RIM_ONE_r3__A4,1790395907.9818304,0.4712703824043274,134.911824952811
-0.0012361358385533094,0.0012212716974318027,0.24294325709342957,0.999994695186615,A4,0.002657651901245117,0.0003776177763938904,0.0,0.0022652221377938986,4.955949783325195,UNET_QUERY_128,1.6004221834009513e-05,0.0,2205de41b64a7eb263e72c2d4254d222ff813d4a,6e391c704a68e502cf568786c0784e72255b0cae9e08d02e78675867fec08a74,0.2667263140303161,,-0.4740482639435536,,0.3227865342403018,RIM_ONE_r3,2500,6.593058109283447,-0.0012361407279968262,"[[6, 3, 3], [3, 6, 3]]",4.921928393741837e-06,5.0,500,[0.0001993718664752192],6,3,1.1047389313066323,0.8307420743722566,6.667686543354394,809824256,939524096,development,"[9, 9, 6]",1.00955331325531,1.0009171962738037,0.9963526725769043,-0.006180679425597191,0.2064979076385498,0.2024715542793274,cc,261,4.921928393741837e-06,0.0,OK,"[0, 1, 2]",UNET_QUERY_128__RIM_ONE_r3__A4,1790395939.0168638,0.24897530674934387,165.84086299082264
0.00030261094798333943,0.0019167455611750484,0.27971431612968445,0.9999946355819702,A4,0.0070099905133247375,0.001683361828327179,0.0,0.006876538973301649,4.979096412658691,UNET_QUERY_128,4.597060978994705e-06,0.0,2205de41b64a7eb263e72c2d4254d222ff813d4a,6e391c704a68e502cf568786c0784e72255b0cae9e08d02e78675867fec08a74,0.2901317728471803,,-0.37684521928339076,,-0.05320808507630896,RIM_ONE_r3,2600,5.23893404006958,0.00030260783387348056,"[[3, 3, 6], [3, 3, 6]]",3.1281103929359233e-06,5.0,600,[0.00016309658323221824],6,3,0.9892826214809045,0.5158455531252698,5.51463890714802,809824256,939524096,development,"[6, 6, 12]",1.0055114030838013,1.0006811618804932,0.9936469793319702,0.0015130547108128667,0.2074623554944992,0.2092188447713852,cc,261,3.1281103929359233e-06,0.0,OK,"[0, 1, 2]",UNET_QUERY_128__RIM_ONE_r3__A4,1790395969.2250788,0.30039483308792114,196.15509409084916
-0.0006872442900203168,0.0027264091186225414,0.29318493604660034,0.9999943971633911,A4,0.005145564675331116,0.0006176500464789569,0.0,0.004534545820206404,5.07391357421875,UNET_QUERY_128,8.492448614560999e-06,0.0,2205de41b64a7eb263e72c2d4254d222ff813d4a,6e391c704a68e502cf568786c0784e72255b0cae9e08d02e78675867fec08a74,-0.055932378417516186,,-0.024915386651234113,,0.6546340032082889,RIM_ONE_r3,2700,5.500893592834473,-0.0006872465601190925,"[[3, 6, 3], [3, 6, 3]]",2.2906788217369467e-06,5.0,700,[0.00012589254117941672],6,3,0.2270154848089582,1.5427565001408103,4.366276208992853,809824256,939524096,development,"[6, 12, 6]",1.003724455833435,1.0006877183914185,0.9964703917503357,-0.003436221508309245,0.21141307055950165,0.21322649717330933,cc,261,2.2906788217369467e-06,0.0,OK,"[0, 1, 2]",UNET_QUERY_128__RIM_ONE_r3__A4,1790396002.833525,0.31701281666755676,229.6576617420651
0.00025473517598584294,0.0026445528492331505,0.23319248855113983,0.9999943375587463,A4,0.0040387362241744995,0.0007851853733882308,0.0,0.00390670308843255,5.022202491760254,UNET_QUERY_128,3.3902083487191703e-06,0.0,2205de41b64a7eb263e72c2d4254d222ff813d4a,6e391c704a68e502cf568786c0784e72255b0cae9e08d02e78675867fec08a74,0.29072359377429546,,0.6213078937505188,,0.35480144183463,RIM_ONE_r3,2800,5.499607086181641,0.00025473287678323686,"[[6, 3, 3], [3, 3, 6]]",2.29244005822693e-06,5.0,800,[8.740129486931664e-05],6,3,0.7597818770524213,1.9641042419247456,3.961278111669234,809824256,939524096,development,"[9, 6, 9]",1.0031588077545166,1.0007755756378174,0.9966434836387634,0.0012736758217215538,0.20925843715667725,0.20330242812633514,cc,261,2.29244005822693e-06,0.0,OK,"[0, 1, 2]",UNET_QUERY_128__RIM_ONE_r3__A4,1790396032.4024231,0.2609116733074188,259.33251853007823
-0.0006730376044288278,0.002237205160781741,0.3449435532093048,0.9999945163726807,A4,0.003240063786506653,0.0006047447095625103,0.0,0.0031378327403217554,4.952253341674805,UNET_QUERY_128,5.169074029254261e-06,0.0,2205de41b64a7eb263e72c2d4254d222ff813d4a,6e391c704a68e502cf568786c0784e72255b0cae9e08d02e78675867fec08a74,0.22958511754715652,,-0.4310490966745528,,0.1919605130084964,RIM_ONE_r3,2900,6.778053283691406,-0.0006730383029207587,"[[3, 3, 6], [3, 3, 6]]",7.022414933999244e-07,5.0,900,[4.6837194216121523e-05],6,3,0.7170132749911693,1.7120846911896794,6.461591627033212,809824256,939524096,development,"[6, 6, 12]",1.0031465291976929,1.0006364583969116,0.9994398951530457,-0.003365187905728817,0.2063438892364502,0.20032964646816254,cc,261,7.022414933999244e-07,0.0,OK,"[0, 1, 2]",UNET_QUERY_128__RIM_ONE_r3__A4,1790396063.5431771,0.3639504015445709,290.47300173388794
1.5656490859328187e-07,0.002678940072655678,0.21769221127033234,0.9999946355819702,A4,0.0003146156668663025,3.0639272154076025e-05,0.0,0.00018058159912470728,5.098639488220215,UNET_QUERY_128,1.882259965668709e-07,0.0,2205de41b64a7eb263e72c2d4254d222ff813d4a,6e391c704a68e502cf568786c0784e72255b0cae9e08d02e78675867fec08a74,0.05050637621845684,,-0.056769619480354916,,0.5799521689036921,RIM_ONE_r3,3000,5.508634567260742,1.564621925354004e-07,"[[3, 3, 6], [5, 4, 3]]",1.0271818240426e-07,5.0,1000,[0.0],6,3,0.19830834711543213,2.275979400628479,3.856669372755338,809824256,939524096,development,"[8, 7, 9]",1.0011276006698608,1.0001763105392456,0.9994221329689026,7.828245429664094e-07,0.21244332194328308,0.20761321485042572,cc,261,1.0271818240426e-07,0.0,OK,"[0, 1, 2]",UNET_QUERY_128__RIM_ONE_r3__A4,1790396098.0395997,0.2444823980331421,324.9696577959694
