arm,stage,epoch,branch,class_id,pixels,reliable,conflicts,projected,drop_kl_mass,drop_gradient_l2_sum,r_q_norm_sum,r_p_norm_sum,nondegenerate,eta_sum,eta_max,residual_max,smoothing_l1_sum,conflict_rate,predicted_pixels,pas_accepted_pixels,prototype_valid_steps,log_eta_max,log_eta_logsumexp,finite_positive_eta_count,boundary_infinite_eta_count,analytical_brackets,iterations,compensated_v_difference_max
U0,1,5,labeled,0,8541428,8541428,5342624,0,262247.0384402317,171159.56842556776,0.0,171159.56842556776,0,0.0,0.0,0.0,0.11360158100159869,0.6254954089644027,,,,,,,,,,
U0,1,5,labeled,1,721124,721124,221522,0,275349.20835892577,160756.80512552665,0.0,160756.80512552665,0,0.0,0.0,0.0,0.009312544995574809,0.3071898868987858,,,,,,,,,,
U0,1,5,labeled,2,174632,174632,24982,0,15955.299151130765,14404.287343195876,0.0,14404.287343195876,0,0.0,0.0,0.0,0.002278592029420175,0.14305511017453845,,,,,,,,,,
U0,1,5,unlabeled,0,8380492,0,0,0,0.0,0.0,0.0,0.0,0,0.0,0.0,0.0,0.11144889952021379,0.0,8380492,0,0,,,,,,,
U0,1,5,unlabeled,1,671716,0,0,0,0.0,0.0,0.0,0.0,0,0.0,0.0,0.0,0.008655561778407733,0.0,671716,0,0,,,,,,,
U0,1,5,unlabeled,2,237520,0,0,0,0.0,0.0,0.0,0.0,0,0.0,0.0,0.0,0.00309050254699247,0.0,237520,0,0,,,,,,,
U0,1,10,labeled,0,8541428,8541428,4481320,0,246425.4498481016,169909.30929595753,0.0,169909.30929595753,0,0.0,0.0,0.0,0.11360047903678905,0.5246570011478174,,,,,,,,,,
U0,1,10,labeled,1,721124,721124,215570,0,263955.41927365394,169065.0925223771,0.0,169065.0925223771,0,0.0,0.0,0.0,0.00931660361617105,0.2989361053022781,,,,,,,,,,
U0,1,10,labeled,2,174632,174632,25657,0,16435.800420346874,14431.970776363745,0.0,14431.970776363745,0,0.0,0.0,0.0,0.0022796288559464727,0.14692038114434927,,,,,,,,,,
U0,1,10,unlabeled,0,8374809,0,0,0,0.0,0.0,0.0,0.0,0,0.0,0.0,0.0,0.11137807881526189,0.0,8374809,0,0,,,,,,,
U0,1,10,unlabeled,1,695888,0,0,0,0.0,0.0,0.0,0.0,0,0.0,0.0,0.0,0.00896304704727851,0.0,695888,0,0,,,,,,,
U0,1,10,unlabeled,2,219031,0,0,0,0.0,0.0,0.0,0.0,0,0.0,0.0,0.0,0.0028551387881060675,0.0,219031,0,0,,,,,,,
U0,1,15,labeled,0,8541428,8541428,4924753,0,298014.415899669,177982.68038874515,0.0,177982.68038874515,0,0.0,0.0,0.0,0.1136039021882678,0.5765725590615527,,,,,,,,,,
U0,1,15,labeled,1,721124,721124,227116,0,363692.9245298488,185682.97275762964,0.0,185682.97275762964,0,0.0,0.0,0.0,0.009311819112624296,0.3149472212823315,,,,,,,,,,
U0,1,15,labeled,2,174632,174632,25891,0,16889.340698570624,12883.659082669074,0.0,12883.659082669074,0,0.0,0.0,0.0,0.002279562842125417,0.148260341747217,,,,,,,,,,
U0,1,15,unlabeled,0,8360864,6649262,4472170,0,688.1942970814073,103.34700596060335,0.0,103.34700596060335,0,0.0,0.0,0.0,0.11120125057648625,0.6725814082826034,8360864,6649262,32,,,,,,,
U0,1,15,unlabeled,1,747616,704208,195653,0,330888.86303047824,168273.81532623625,0.0,168273.81532623625,0,0.0,0.0,0.0,0.009624121378795822,0.27783410583236773,747616,704208,32,,,,,,,
U0,1,15,unlabeled,2,181248,169521,11554,0,15861.692920784382,8675.271516666346,0.0,8675.271516666346,0,0.0,0.0,0.0,0.0023776891810937764,0.06815674754160252,181248,169521,32,,,,,,,
U0,1,20,labeled,0,8541428,8541428,5808340,0,290122.5463602191,176174.40850099118,0.0,176174.40850099118,0,0.0,0.0,0.0,0.11360774963670948,0.6800197812356436,,,,,,,,,,
U0,1,20,labeled,1,721124,721124,229280,0,401862.16420840373,187186.0849968244,0.0,187186.0849968244,0,0.0,0.0,0.0,0.009310146009543482,0.3179480921450402,,,,,,,,,,
U0,1,20,labeled,2,174632,174632,29151,0,25099.54146869871,15020.998022936321,0.0,15020.998022936321,0,0.0,0.0,0.0,0.0022800969389044946,0.1669281689495625,,,,,,,,,,
U0,1,20,unlabeled,0,8327206,7428313,5816079,0,30550.058610760534,4986.867874398109,0.0,4986.867874398109,0,0.0,0.0,0.0,0.11076692201584698,0.7829609495453409,8327206,7428313,32,,,,,,,
U0,1,20,unlabeled,1,758437,720512,199699,0,394272.4073670171,170620.30252122693,0.0,170620.30252122693,0,0.0,0.0,0.0,0.009772080935513537,0.2771626287972997,758437,720512,32,,,,,,,
U0,1,20,unlabeled,2,204085,195032,22459,0,29947.172130102674,15319.802883508637,0.0,15319.802883508637,0,0.0,0.0,0.0,0.002664602931380317,0.11515546166782886,204085,195032,32,,,,,,,
U0,1,25,labeled,0,8541428,8541428,6907774,0,414974.53180504416,169406.58545713453,0.0,169406.58545713453,0,0.0,0.0,0.0,0.11360127463504639,0.8087376021901724,,,,,,,,,,
U0,1,25,labeled,1,721124,721124,247920,0,551472.9072747312,199246.79211022204,0.0,199246.79211022204,0,0.0,0.0,0.0,0.009307779435915866,0.34379662859646887,,,,,,,,,,
U0,1,25,labeled,2,174632,174632,28352,0,30944.8718001589,15458.752734522395,0.0,15458.752734522395,0,0.0,0.0,0.0,0.0022806446324757767,0.16235283338677906,,,,,,,,,,
U0,1,25,unlabeled,0,8316758,7594935,6362046,0,273892.17970880255,9168.473182095675,0.0,9168.473182095675,0,0.0,0.0,0.0,0.11063363250047357,0.8376695784756552,8316758,7594935,32,,,,,,,
U0,1,25,unlabeled,1,767038,731490,216091,0,529199.8209181784,184904.98388801565,0.0,184904.98388801565,0,0.0,0.0,0.0,0.009876776173134684,0.295412104061573,767038,731490,32,,,,,,,
U0,1,25,unlabeled,2,205932,196792,24860,0,56643.16820701314,18514.17439850764,0.0,18514.17439850764,0,0.0,0.0,0.0,0.0026868694761667997,0.126326273425749,205932,196792,32,,,,,,,
U0,1,30,labeled,0,8541428,8541428,6893893,0,372552.32506549556,188202.277932017,0.0,188202.277932017,0,0.0,0.0,0.0,0.113602365316009,0.807112464098509,,,,,,,,,,
U0,1,30,labeled,1,721124,721124,241750,0,495847.17549659905,204098.42345971966,0.0,204098.42345971966,0,0.0,0.0,0.0,0.009310976963045874,0.33524054115519664,,,,,,,,,,
U0,1,30,labeled,2,174632,174632,32311,0,46920.84629868565,18234.197578055067,0.0,18234.197578055067,0,0.0,0.0,0.0,0.002277804502352029,0.18502336341563974,,,,,,,,,,
U0,1,30,unlabeled,0,8307418,7523962,6615706,0,13681.140564627856,2408.0586550973658,0.0,2408.0586550973658,0,0.0,0.0,0.0,0.11052183329179169,0.8792848767710416,8307418,7523962,32,,,,,,,
U0,1,30,unlabeled,1,782647,747738,219113,0,462743.1229094879,189778.7948828442,0.0,189778.7948828442,0,0.0,0.0,0.0,0.010068665419816464,0.2930344585937855,782647,747738,32,,,,,,,
U0,1,30,unlabeled,2,199663,191986,19640,0,22820.295565818316,13076.805225613836,0.0,13076.805225613836,0,0.0,0.0,0.0,0.002610550163009262,0.10229912597793589,199663,191986,32,,,,,,,
U0,1,35,labeled,0,8541428,8541428,6593410,0,359512.66291759105,199868.03987739928,0.0,199868.03987739928,0,0.0,0.0,0.0,0.11360144002821852,0.7719329835713653,,,,,,,,,,
U0,1,35,labeled,1,721124,721124,237028,0,491246.8016124301,200862.76119107034,0.0,200862.76119107034,0,0.0,0.0,0.0,0.009300294562802415,0.32869243015070915,,,,,,,,,,
U0,1,35,labeled,2,174632,174632,30309,0,36521.22387262746,20255.180936169687,0.0,20255.180936169687,0,0.0,0.0,0.0,0.002279964371341002,0.17355925603554903,,,,,,,,,,
U0,1,35,unlabeled,0,8310223,7532155,6393375,0,12111.374829483664,1403.474549439151,0.0,1403.474549439151,0,0.0,0.0,0.0,0.11055856541094028,0.8488108648852818,8310223,7532155,32,,,,,,,
U0,1,35,unlabeled,1,756472,723066,197029,0,429966.9989987939,165729.28185598282,0.0,165729.28185598282,0,0.0,0.0,0.0,0.009741706655551982,0.2724910312474933,756472,723066,32,,,,,,,
U0,1,35,unlabeled,2,223033,215115,26721,0,32241.527445496464,19395.98370128967,0.0,19395.98370128967,0,0.0,0.0,0.0,0.0029011708384443793,0.1242172791297678,223033,215115,32,,,,,,,
U0,1,40,labeled,0,8541428,8541428,5078190,0,365651.7038774302,202494.40144108716,0.0,202494.40144108716,0,0.0,0.0,0.0,0.11360376921675903,0.5945364170955957,,,,,,,,,,
U0,1,40,labeled,1,721124,721124,245851,0,573254.529958095,222973.1764666358,0.0,222973.1764666358,0,0.0,0.0,0.0,0.009310898214354803,0.34092749651932264,,,,,,,,,,
U0,1,40,labeled,2,174632,174632,29093,0,40483.80031567823,20245.84485120867,0.0,20245.84485120867,0,0.0,0.0,0.0,0.002281354048629271,0.16659604196252692,,,,,,,,,,
U0,1,40,unlabeled,0,8280444,7460824,6128365,0,1970.4199764076113,220.22136087826038,0.0,220.22136087826038,0,0.0,0.0,0.0,0.1101801398127301,0.8214059197750812,8280444,7460824,32,,,,,,,
U0,1,40,unlabeled,1,812366,780466,229928,0,479411.4701244052,197658.52373439042,0.0,197658.52373439042,0,0.0,0.0,0.0,0.01045326745124578,0.29460348048473606,812366,780466,32,,,,,,,
U0,1,40,unlabeled,2,196918,190232,22211,0,29808.22098307172,14393.6046690337,0.0,14393.6046690337,0,0.0,0.0,0.0,0.0025697072963587575,0.11675743302914336,196918,190232,32,,,,,,,
U0,1,45,labeled,0,8541428,8541428,6494417,0,416835.12160035013,206098.4982195941,0.0,206098.4982195941,0,0.0,0.0,0.0,0.11360563107408453,0.7603432353465954,,,,,,,,,,
U0,1,45,labeled,1,721124,721124,255933,0,669379.9706869952,226471.9828366456,0.0,226471.9828366456,0,0.0,0.0,0.0,0.009304972148235226,0.35490844847765435,,,,,,,,,,
U0,1,45,labeled,2,174632,174632,32134,0,52460.683204467074,22422.341848993394,0.0,22422.341848993394,0,0.0,0.0,0.0,0.002282169662406583,0.18400980347244492,,,,,,,,,,
U0,1,45,unlabeled,0,8308903,7611000,6024850,0,4803.4501103726,1431.2221402385726,0.0,1431.2221402385726,0,0.0,0.0,0.0,0.11054287365274466,0.7915976875574826,8308903,7611000,32,,,,,,,
U0,1,45,unlabeled,1,775253,747595,216275,0,477781.83578315255,187489.72680585383,0.0,187489.72680585383,0,0.0,0.0,0.0,0.009978725240232566,0.2892943371745397,775253,747595,32,,,,,,,
U0,1,45,unlabeled,2,205572,199142,28332,0,43688.522040909374,16802.847755552222,0.0,16802.847755552222,0,0.0,0.0,0.0,0.002681969113879087,0.14227033975755993,205572,199142,32,,,,,,,
U0,1,50,labeled,0,8541428,8541428,6158005,0,502321.62037098804,209912.84855126493,0.0,209912.84855126493,0,0.0,0.0,0.0,0.11360657032071561,0.7209573153341572,,,,,,,,,,
U0,1,50,labeled,1,721124,721124,249888,0,576419.5732232287,212838.10419681034,0.0,212838.10419681034,0,0.0,0.0,0.0,0.009310419416458559,0.3465257015437012,,,,,,,,,,
U0,1,50,labeled,2,174632,174632,32862,0,48879.13334779879,22823.015204502935,0.0,22823.015204502935,0,0.0,0.0,0.0,0.0022795541992520906,0.1881785697924779,,,,,,,,,,
U0,1,50,unlabeled,0,8308109,8081801,6287671,0,188962.71281580327,39969.53202288862,0.0,39969.53202288862,0,0.0,0.0,0.0,0.1105317775242045,0.7780036900190935,8308109,8081801,32,,,,,,,
U0,1,50,unlabeled,1,772859,746088,224967,0,587879.898429808,195753.97795235115,0.0,195753.97795235115,0,0.0,0.0,0.0,0.009945572257224006,0.30152877408563067,772859,746088,32,,,,,,,
U0,1,50,unlabeled,2,208760,200572,23211,0,26495.560823542764,15438.140521430021,0.0,15438.140521430021,0,0.0,0.0,0.0,0.0027189364853556284,0.11572402927626987,208760,200572,32,,,,,,,
U0,1,55,labeled,0,8541428,8541428,6502390,0,498063.5295880877,199021.15959037805,0.0,199021.15959037805,0,0.0,0.0,0.0,0.11360251453241407,0.7612766858188116,,,,,,,,,,
U0,1,55,labeled,1,721124,721124,259772,0,703069.1781460991,224802.49221302036,0.0,224802.49221302036,0,0.0,0.0,0.0,0.009306822966388753,0.36023208213843944,,,,,,,,,,
U0,1,55,labeled,2,174632,174632,35697,0,72111.69849361926,22515.97175358658,0.0,22515.97175358658,0,0.0,0.0,0.0,0.0022794157642921273,0.20441270786568327,,,,,,,,,,
U0,1,55,unlabeled,0,8320498,7680792,6052974,0,32518.63882680602,2620.450501368281,0.0,2620.450501368281,0,0.0,0.0,0.0,0.11069761347090595,0.7880663869038506,8320498,7680792,32,,,,,,,
U0,1,55,unlabeled,1,760252,733541,220327,0,630340.8389612229,194342.63172532333,0.0,194342.63172532333,0,0.0,0.0,0.0,0.009783505860323382,0.30036085235862753,760252,733541,32,,,,,,,
U0,1,55,unlabeled,2,208978,203471,33209,0,48356.27965386668,19525.46093039791,0.0,19525.46093039791,0,0.0,0.0,0.0,0.0027202869919454504,0.16321244796555776,208978,203471,32,,,,,,,
U0,1,60,labeled,0,8541428,8541428,6522629,0,349092.54056711454,178524.26882388358,0.0,178524.26882388358,0,0.0,0.0,0.0,0.11360329198468147,0.7636461959288307,,,,,,,,,,
U0,1,60,labeled,1,721124,721124,261953,0,716686.692947017,201509.47174528628,0.0,201509.47174528628,0,0.0,0.0,0.0,0.009305095812806346,0.36325652731014363,,,,,,,,,,
U0,1,60,labeled,2,174632,174632,38252,0,62846.99369921368,19310.39762946665,0.0,19310.39762946665,0,0.0,0.0,0.0,0.002280229041185752,0.21904347427733747,,,,,,,,,,
U0,1,60,unlabeled,0,8347465,7526291,5804690,0,108506.81861396866,7476.200054678271,0.0,7476.200054678271,0,0.0,0.0,0.0,0.11102833555989565,0.7712550577701554,8347465,7526291,32,,,,,,,
U0,1,60,unlabeled,1,728840,696309,218964,0,642966.8283319781,187871.59987946242,0.0,187871.59987946242,0,0.0,0.0,0.0,0.009392986365983277,0.3144638371757366,728840,696309,32,,,,,,,
U0,1,60,unlabeled,2,213423,205348,40699,0,104221.3255702267,26160.348058504693,0.0,26160.348058504693,0,0.0,0.0,0.0,0.0027801965257790665,0.198195258780217,213423,205348,32,,,,,,,
U0,1,65,labeled,0,8541428,8541428,6362305,0,443139.91893595154,217461.13398223705,0.0,217461.13398223705,0,0.0,0.0,0.0,0.11360527928488887,0.7448760324386039,,,,,,,,,,
U0,1,65,labeled,1,721124,721124,254713,0,718117.3463435959,223912.62293394908,0.0,223912.62293394908,0,0.0,0.0,0.0,0.009310368034883748,0.35321664512621964,,,,,,,,,,
U0,1,65,labeled,2,174632,174632,34178,0,53435.556768528426,23196.04597618816,0.0,23196.04597618816,0,0.0,0.0,0.0,0.0022811219701689856,0.19571441660176828,,,,,,,,,,
U0,1,65,unlabeled,0,8309618,7532268,4851980,0,7142.13275099209,854.373952824241,0.0,854.373952824241,0,0.0,0.0,0.0,0.11055433183666559,0.64415923596983,8309618,7532268,32,,,,,,,
U0,1,65,unlabeled,1,775357,745613,220808,0,490436.66802376404,180650.8872607657,0.0,180650.8872607657,0,0.0,0.0,0.0,0.009979890498391958,0.2961429052336802,775357,745613,32,,,,,,,
U0,1,65,unlabeled,2,204753,198063,30854,0,45762.397465013426,19160.89805602107,0.0,19160.89805602107,0,0.0,0.0,0.0,0.002670738286964793,0.15577871687291417,204753,198063,32,,,,,,,
U0,1,70,labeled,0,8541428,8541428,6569393,0,582162.4600968193,221195.84245041263,0.0,221195.84245041263,0,0.0,0.0,0.0,0.11360484839348206,0.7691211586633991,,,,,,,,,,
U0,1,70,labeled,1,721124,721124,259775,0,716941.7906325585,237440.51999006112,0.0,237440.51999006112,0,0.0,0.0,0.0,0.009306565394817602,0.3602362423106151,,,,,,,,,,
U0,1,70,labeled,2,174632,174632,34593,0,72431.13832190381,24011.616008708625,0.0,24011.616008708625,0,0.0,0.0,0.0,0.0022796485545671435,0.1980908424572816,,,,,,,,,,
U0,1,70,unlabeled,0,8299252,8014747,6092305,0,55690.7530842895,16301.684564769428,0.0,16301.684564769428,0,0.0,0.0,0.0,0.11042609555379265,0.7601369076279014,8299252,8014747,32,,,,,,,
U0,1,70,unlabeled,1,780828,755116,226574,0,533657.8052018321,188258.13635720196,0.0,188258.13635720196,0,0.0,0.0,0.0,0.010039668325106575,0.3000519125538328,780828,755116,32,,,,,,,
U0,1,70,unlabeled,2,209648,203832,32788,0,50568.27424903854,20984.516104207378,0.0,20984.516104207378,0,0.0,0.0,0.0,0.002730732917532275,0.160857961458456,209648,203832,32,,,,,,,
U0,1,75,labeled,0,8541428,8541428,6741300,0,588492.083799666,221151.0210566926,0.0,221151.0210566926,0,0.0,0.0,0.0,0.11360417803918213,0.7892474185815299,,,,,,,,,,
U0,1,75,labeled,1,721124,721124,253081,0,719950.9246367734,231608.6489111895,0.0,231608.6489111895,0,0.0,0.0,0.0,0.00930873644097994,0.35095351146266107,,,,,,,,,,
U0,1,75,labeled,2,174632,174632,42460,0,77932.7993957305,25778.572961990478,0.0,25778.572961990478,0,0.0,0.0,0.0,0.0022783613043616266,0.24313985981950617,,,,,,,,,,
U0,1,75,unlabeled,0,8284141,7740972,5529803,0,15626.757194205658,2539.3260538264285,0.0,2539.3260538264285,0,0.0,0.0,0.0,0.11023484103334454,0.7143551223283071,8284141,7740972,32,,,,,,,
U0,1,75,unlabeled,1,802574,776835,241306,0,595333.1940461355,205558.11999480578,0.0,205558.11999480578,0,0.0,0.0,0.0,0.010319793360072068,0.3106270958440338,802574,776835,32,,,,,,,
U0,1,75,unlabeled,2,203013,197262,38572,0,43354.21816107215,17412.74815215861,0.0,17412.74815215861,0,0.0,0.0,0.0,0.0026498784037061827,0.1955369001632347,203013,197262,32,,,,,,,
U0,1,80,labeled,0,8541428,8541428,6405025,0,570551.5266931318,224927.54970845397,0.0,224927.54970845397,0,0.0,0.0,0.0,0.11359927239857684,0.7498775380416483,,,,,,,,,,
U0,1,80,labeled,1,721124,721124,257394,0,761122.8777141554,230581.39639773717,0.0,230581.39639773717,0,0.0,0.0,0.0,0.0093112268954997,0.35693445232720034,,,,,,,,,,
U0,1,80,labeled,2,174632,174632,40426,0,65633.37149626871,21651.735208722454,0.0,21651.735208722454,0,0.0,0.0,0.0,0.0022788938646661765,0.2314925099638096,,,,,,,,,,
U0,1,80,unlabeled,0,8276637,7774012,5788707,0,14047.265717250102,2931.799299206579,0.0,2931.799299206579,0,0.0,0.0,0.0,0.11014000646574673,0.7446228536822428,8276637,7774012,32,,,,,,,
U0,1,80,unlabeled,1,809029,784781,240953,0,536383.1853468507,194528.47913694434,0.0,194528.47913694434,0,0.0,0.0,0.0,0.010403017589604765,0.30703215291909464,809029,784781,32,,,,,,,
U0,1,80,unlabeled,2,204062,199542,34139,0,56156.779925446506,19402.148410398833,0.0,19402.148410398833,0,0.0,0.0,0.0,0.0026605203977140253,0.17108678874622887,204062,199542,32,,,,,,,
U0,1,85,labeled,0,8541428,8541428,6347143,0,625628.6777444538,224307.2415154666,0.0,224307.2415154666,0,0.0,0.0,0.0,0.11360781200295558,0.7431009194247145,,,,,,,,,,
U0,1,85,labeled,1,721124,721124,257742,0,736083.1394673828,239447.67238217243,0.0,239447.67238217243,0,0.0,0.0,0.0,0.00930706931188682,0.3574170322995768,,,,,,,,,,
U0,1,85,labeled,2,174632,174632,42878,0,76367.0900768837,25379.4693565666,0.0,25379.4693565666,0,0.0,0.0,0.0,0.002281005725351029,0.24553346465710751,,,,,,,,,,
U0,1,85,unlabeled,0,8293550,7833244,4935190,0,27792.022493689186,7159.274208737478,0.0,7159.274208737478,0,0.0,0.0,0.0,0.11035926486262383,0.6300314403585539,8293550,7833244,32,,,,,,,
U0,1,85,unlabeled,1,786320,763651,212355,0,458157.73610658804,176690.274509627,0.0,176690.274509627,0,0.0,0.0,0.0,0.010106182586119814,0.27807859873161955,786320,763651,32,,,,,,,
U0,1,85,unlabeled,2,209858,205289,36127,0,43958.33076201458,17335.649687890604,0.0,17335.649687890604,0,0.0,0.0,0.0,0.002734793559532117,0.17598117775428787,209858,205289,32,,,,,,,
U0,1,90,labeled,0,8541428,8541428,6647942,0,702762.658023581,231443.4541279834,0.0,231443.4541279834,0,0.0,0.0,0.0,0.11360662744760733,0.7783173961075361,,,,,,,,,,
U0,1,90,labeled,1,721124,721124,262819,0,843045.3874353362,239893.8876965518,0.0,239893.8876965518,0,0.0,0.0,0.0,0.009309863283339914,0.36445743034485056,,,,,,,,,,
U0,1,90,labeled,2,174632,174632,46723,0,101179.32750426242,23639.64037484512,0.0,23639.64037484512,0,0.0,0.0,0.0,0.0022809225090612735,0.26755119336662236,,,,,,,,,,
U0,1,90,unlabeled,0,8312930,7851900,6582419,0,13776.990423818346,2772.3219384791782,0.0,2772.3219384791782,0,0.0,0.0,0.0,0.11059722746009985,0.8383218074606146,8312930,7851900,32,,,,,,,
U0,1,90,unlabeled,1,757057,736516,239027,0,653019.9462131651,180812.7467332126,0.0,180812.7467332126,0,0.0,0.0,0.0,0.009743578107317005,0.3245374167024206,757057,736516,32,,,,,,,
U0,1,90,unlabeled,2,219741,214980,47717,0,54058.90891877319,20053.196862766952,0.0,20053.196862766952,0,0.0,0.0,0.0,0.002856142188737799,0.2219601823425435,219741,214980,32,,,,,,,
U0,1,95,labeled,0,8541428,8541428,6404342,0,813764.615341865,235230.36920972963,0.0,235230.36920972963,0,0.0,0.0,0.0,0.11360844597724931,0.7497975748317495,,,,,,,,,,
U0,1,95,labeled,1,721124,721124,271976,0,916702.7434621443,245934.2461738839,0.0,245934.2461738839,0,0.0,0.0,0.0,0.009311856358150544,0.3771556625490207,,,,,,,,,,
U0,1,95,labeled,2,174632,174632,49129,0,98220.99915669937,26915.790817120447,0.0,26915.790817120447,0,0.0,0.0,0.0,0.002280246133978288,0.2813287370012369,,,,,,,,,,
U0,1,95,unlabeled,0,8306844,7897136,6082580,0,20150.639237529354,4761.286454237081,0.0,4761.286454237081,0,0.0,0.0,0.0,0.11052224010648534,0.7702260667664834,8306844,7897136,32,,,,,,,
U0,1,95,unlabeled,1,773055,752084,227131,0,574142.5605452252,176407.36055393875,0.0,176407.36055393875,0,0.0,0.0,0.0,0.009943605192933436,0.30200216997037566,773055,752084,32,,,,,,,
U0,1,95,unlabeled,2,209829,205731,51683,0,60909.60351423883,19071.99372483916,0.0,19071.99372483916,0,0.0,0.0,0.0,0.002733744934489458,0.2512163942235249,209829,205731,32,,,,,,,
U0,1,100,labeled,0,8541428,8541428,6660786,0,770930.8254615087,234542.65665452732,0.0,234542.65665452732,0,0.0,0.0,0.0,0.11360387663841555,0.7798211259288259,,,,,,,,,,
U0,1,100,labeled,1,721124,721124,271875,0,903263.1134843929,241830.51264870388,0.0,241830.51264870388,0,0.0,0.0,0.0,0.00930338972466286,0.37701560341910684,,,,,,,,,,
U0,1,100,labeled,2,174632,174632,55931,0,95765.09011769056,26735.510736829336,0.0,26735.510736829336,0,0.0,0.0,0.0,0.0022800102526964764,0.3202792157222044,,,,,,,,,,
U0,1,100,unlabeled,0,8304891,7901887,6768020,0,26920.09853735323,4900.955014881964,0.0,4900.955014881964,0,0.0,0.0,0.0,0.11050391725097614,0.8565068065387419,8304891,7901887,32,,,,,,,
U0,1,100,unlabeled,1,773065,752992,230669,0,687513.60739762,182682.4202971188,0.0,182682.4202971188,0,0.0,0.0,0.0,0.009939933482846457,0.30633658790531637,773065,752992,32,,,,,,,
U0,1,100,unlabeled,2,211772,207575,48936,0,59840.615397811474,18751.06734811837,0.0,18751.06734811837,0,0.0,0.0,0.0,0.002758725894546603,0.23575093339756714,211772,207575,32,,,,,,,
U0,2,5,labeled,0,5203330,5203330,2687541,0,171697.19949809104,10218.278539664077,0.0,10218.278539664077,0,0.0,0.0,0.0,0.06932663304669208,0.5165040464471791,,,,,,,,,,
U0,2,5,labeled,1,572098,572098,413309,0,926659.5358793485,362499.7683392695,0.0,362499.7683392695,0,0.0,0.0,0.0,0.007420419023934927,0.7224444063779283,,,,,,,,,,
U0,2,5,labeled,2,417724,417724,257880,0,397865.2480477533,192640.42898527914,0.0,192640.42898527914,0,0.0,0.0,0.0,0.005409123960377846,0.6173454242514196,,,,,,,,,,
U0,2,5,unlabeled,0,5301211,0,0,0,0.0,0.0,0.0,0.0,0,0.0,0.0,0.0,0.07062846294076609,0.0,5301211,0,0,,,,,,,
U0,2,5,unlabeled,1,498464,0,0,0,0.0,0.0,0.0,0.0,0,0.0,0.0,0.0,0.006385174126802722,0.0,498464,0,0,,,,,,,
U0,2,5,unlabeled,2,246021,0,0,0,0.0,0.0,0.0,0.0,0,0.0,0.0,0.0,0.003205161866231448,0.0,246021,0,0,,,,,,,
U0,2,10,labeled,0,5211282,5211282,4601800,0,297608.18121981085,11007.44947722039,0.0,11007.44947722039,0,0.0,0.0,0.0,0.06943288579871695,0.8830456689927737,,,,,,,,,,
U0,2,10,labeled,1,572468,572468,400682,0,793701.7278463412,369534.3251596906,0.0,369534.3251596906,0,0.0,0.0,0.0,0.007423400017454654,0.6999203448926403,,,,,,,,,,
U0,2,10,labeled,2,409402,409402,277017,0,713866.7302023508,267286.12640664715,0.0,267286.12640664715,0,0.0,0.0,0.0,0.005303076571216403,0.6766381209666782,,,,,,,,,,
U0,2,10,unlabeled,0,5316684,0,0,0,0.0,0.0,0.0,0.0,0,0.0,0.0,0.0,0.07081596153328613,0.0,5316684,0,0,,,,,,,
U0,2,10,unlabeled,1,426584,0,0,0,0.0,0.0,0.0,0.0,0,0.0,0.0,0.0,0.005458435343530248,0.0,426584,0,0,,,,,,,
U0,2,10,unlabeled,2,302428,0,0,0,0.0,0.0,0.0,0.0,0,0.0,0.0,0.0,0.003945166893922869,0.0,302428,0,0,,,,,,,
U0,2,15,labeled,0,5206252,5206252,4587627,0,289248.6067551503,12042.53733085569,0.0,12042.53733085569,0,0.0,0.0,0.0,0.06936597931955703,0.8811765162347116,,,,,,,,,,
U0,2,15,labeled,1,579830,579830,400777,0,949167.3788499945,426907.90898244234,0.0,426907.90898244234,0,0.0,0.0,0.0,0.00752268907392112,0.6911974199334288,,,,,,,,,,
U0,2,15,labeled,2,407070,407070,293710,0,1008595.108622172,326513.6491486695,0.0,326513.6491486695,0,0.0,0.0,0.0,0.005273398789165008,0.7215220969366448,,,,,,,,,,
U0,2,15,unlabeled,0,5311137,4744174,4159778,0,188.10113198186647,41.75670619135637,0.0,41.75670619135637,0,0.0,0.0,0.0,0.07075361734069446,0.8768181774108622,5311137,4744174,21,,,,,,,
U0,2,15,unlabeled,1,460764,417331,161276,0,296865.4064270232,151546.55908292785,0.0,151546.55908292785,0,0.0,0.0,0.0,0.005897137248005471,0.3864462500988424,460764,417331,21,,,,,,,
U0,2,15,unlabeled,2,273795,257009,141946,0,349627.27637848066,150547.62571583883,0.0,150547.62571583883,0,0.0,0.0,0.0,0.003567992605927944,0.5522997249123571,273795,257009,21,,,,,,,
U0,2,20,labeled,0,5209247,5209247,4370576,0,220263.99433143053,9971.138743498936,0.0,9971.138743498936,0,0.0,0.0,0.0,0.06940958290605637,0.8390034106656874,,,,,,,,,,
U0,2,20,labeled,1,571488,571488,398523,0,1025352.3714451487,431262.2391719562,0.0,431262.2391719562,0,0.0,0.0,0.0,0.007411872264820793,0.6973427263564589,,,,,,,,,,
U0,2,20,labeled,2,412417,412417,298642,0,1213999.9744570083,338498.96277145034,0.0,338498.96277145034,0,0.0,0.0,0.0,0.005341516025515797,0.7241263090512757,,,,,,,,,,
U0,2,20,unlabeled,0,5259044,4804125,3872874,0,46.68638521718807,2.643055618977596,0.0,2.643055618977596,0,0.0,0.0,0.0,0.0700943763484613,0.8061559597221138,5259044,4804125,21,,,,,,,
U0,2,20,unlabeled,1,521342,481084,209586,0,326716.9985386908,181921.3152510019,0.0,181921.3152510019,0,0.0,0.0,0.0,0.006665064536611238,0.4356536488430295,521342,481084,21,,,,,,,
U0,2,20,unlabeled,2,265310,251813,140096,0,387140.03258292115,144039.23409283516,0.0,144039.23409283516,0,0.0,0.0,0.0,0.003462862136627831,0.5563493544813016,265310,251813,21,,,,,,,
U0,2,25,labeled,0,5213060,5213060,4076528,0,273300.0889964255,11156.086063028313,0.0,11156.086063028313,0,0.0,0.0,0.0,0.06945840706389084,0.7819837101433706,,,,,,,,,,
U0,2,25,labeled,1,577543,577543,395166,0,942909.1749243292,431955.1139536407,0.0,431955.1139536407,0,0.0,0.0,0.0,0.007484905024270743,0.6842191836798299,,,,,,,,,,
U0,2,25,labeled,2,402549,402549,294376,0,1163285.5139423169,342127.77058978047,0.0,342127.77058978047,0,0.0,0.0,0.0,0.005210783805803085,0.7312799187179697,,,,,,,,,,
U0,2,25,unlabeled,0,5278903,4898068,3702458,0,161.4261233840874,23.071124871476645,0.0,23.071124871476645,0,0.0,0.0,0.0,0.0703494008851934,0.7559017147169047,5278903,4898068,21,,,,,,,
U0,2,25,unlabeled,1,491787,458598,198285,0,366337.5269126854,194154.67819157077,0.0,194154.67819157077,0,0.0,0.0,0.0,0.006290937789359329,0.43237214292255965,491787,458598,21,,,,,,,
U0,2,25,unlabeled,2,275006,262238,146162,0,324190.09348174033,147378.85098471615,0.0,147378.85098471615,0,0.0,0.0,0.0,0.0035855387301998967,0.557363921323378,275006,262238,21,,,,,,,
U0,2,30,labeled,0,5210138,5210138,4602482,0,204336.427759844,9571.324538371704,0.0,9571.324538371704,0,0.0,0.0,0.0,0.06942349776720841,0.8833704596692065,,,,,,,,,,
U0,2,30,labeled,1,569811,569811,395706,0,1210771.5257886297,446595.68061004556,0.0,446595.68061004556,0,0.0,0.0,0.0,0.007389162774321978,0.6944513180686227,,,,,,,,,,
U0,2,30,labeled,2,413203,413203,284132,0,1077690.4858854837,307937.8453387217,0.0,307937.8453387217,0,0.0,0.0,0.0,0.005350008557804874,0.6876329552302379,,,,,,,,,,
U0,2,30,unlabeled,0,5231798,4974054,4308068,0,670.2516675837429,85.28829932200755,0.0,85.28829932200755,0,0.0,0.0,0.0,0.06973382704400648,0.8661080076734189,5231798,4974054,21,,,,,,,
U0,2,30,unlabeled,1,540423,511741,248413,0,539054.7672186407,237428.62069085284,0.0,237428.62069085284,0,0.0,0.0,0.0,0.006923792275934254,0.4854271985242535,540423,511741,21,,,,,,,
U0,2,30,unlabeled,2,273475,260438,153381,0,475260.20903822687,161337.46585587593,0.0,161337.46585587593,0,0.0,0.0,0.0,0.0035645210828653593,0.5889347944616377,273475,260438,21,,,,,,,
U0,2,35,labeled,0,5196655,5196655,4328857,0,201585.7907722109,10724.977386389899,0.0,10724.977386389899,0,0.0,0.0,0.0,0.0692429332786347,0.8330083486396538,,,,,,,,,,
U0,2,35,labeled,1,575997,575997,403280,0,1052240.4614679455,456411.3909157491,0.0,456411.3909157491,0,0.0,0.0,0.0,0.007466177250164653,0.7001425354645945,,,,,,,,,,
U0,2,35,labeled,2,420500,420500,315398,0,1270870.8763595955,379651.614166576,0.0,379651.614166576,0,0.0,0.0,0.0,0.0054416605227448145,0.7500546967895363,,,,,,,,,,
U0,2,35,unlabeled,0,5293067,4890194,3951318,0,6.46832693587183,0.5003095100419737,0.0,0.5003095100419737,0,0.0,0.0,0.0,0.07053368301148073,0.8080084348391904,5293067,4890194,21,,,,,,,
U0,2,35,unlabeled,1,510723,483450,194428,0,341053.1798854807,181629.16354100948,0.0,181629.16354100948,0,0.0,0.0,0.0,0.006534976761769539,0.4021677526114386,510723,483450,21,,,,,,,
U0,2,35,unlabeled,2,241906,232459,121857,0,293187.0598682267,120338.12898159005,0.0,120338.12898159005,0,0.0,0.0,0.0,0.0031565766271293527,0.5242085701134394,241906,232459,21,,,,,,,
U0,2,40,labeled,0,5210973,5210973,4217137,0,251302.80602004647,12174.123639249136,0.0,12174.123639249136,0,0.0,0.0,0.0,0.06942624975516441,0.8092801478725759,,,,,,,,,,
U0,2,40,labeled,1,573426,573426,401880,0,1171067.5252606878,466788.4440119084,0.0,466788.4440119084,0,0.0,0.0,0.0,0.00743812383919718,0.700840213035335,,,,,,,,,,
U0,2,40,labeled,2,408753,408753,300815,0,1286379.4583558713,352494.6541493251,0.0,352494.6541493251,0,0.0,0.0,0.0,0.005290314304792063,0.7359334365741658,,,,,,,,,,
U0,2,40,unlabeled,0,5265816,4962971,3472807,0,128.72984087216764,7.829286080821674,0.0,7.829286080821674,0,0.0,0.0,0.0,0.07018372480190647,0.6997435608630395,5265816,4962971,21,,,,,,,
U0,2,40,unlabeled,1,533542,511251,222651,0,404408.8917345526,204280.58123942322,0.0,204280.58123942322,0,0.0,0.0,0.0,0.0068252259653657195,0.43550232664581584,533542,511251,21,,,,,,,
U0,2,40,unlabeled,2,246338,237134,127057,0,262656.0600362484,112189.76542356452,0.0,112189.76542356452,0,0.0,0.0,0.0,0.003213279217892831,0.5358025420226539,246338,237134,21,,,,,,,
U0,2,45,labeled,0,5210298,5210298,4410886,0,241124.81622321042,9443.481105079967,0.0,9443.481105079967,0,0.0,0.0,0.0,0.06942128221601374,0.8465707719596844,,,,,,,,,,
U0,2,45,labeled,1,569394,569394,401468,0,1308130.9959011048,451915.0783843723,0.0,451915.0783843723,0,0.0,0.0,0.0,0.007385147748411583,0.7050794353294907,,,,,,,,,,
U0,2,45,labeled,2,413460,413460,307498,0,1312883.8920947316,358853.9631479863,0.0,358853.9631479863,0,0.0,0.0,0.0,0.005351450144691784,0.7437188603492478,,,,,,,,,,
U0,2,45,unlabeled,0,5201398,4984288,4597150,0,381.9906415926021,68.71888040908708,0.0,68.71888040908708,0,0.0,0.0,0.0,0.06933842947151098,0.9223283245269936,5201398,4984288,21,,,,,,,
U0,2,45,unlabeled,1,548556,520923,274119,0,686247.2272707691,272951.7913898737,0.0,272951.7913898737,0,0.0,0.0,0.0,0.007035454796133683,0.5262178863286896,548556,520923,21,,,,,,,
U0,2,45,unlabeled,2,295742,282399,164288,0,360654.96689231315,165039.44639017817,0.0,165039.44639017817,0,0.0,0.0,0.0,0.0038503420147490263,0.5817584339887889,295742,282399,21,,,,,,,
U0,2,50,labeled,0,5215003,5215003,4730251,0,278052.3907716743,12351.816947496885,0.0,12351.816947496885,0,0.0,0.0,0.0,0.06948384756222643,0.9070466498293481,,,,,,,,,,
U0,2,50,labeled,1,577985,577985,404841,0,1062287.5555207524,453904.57075667474,0.0,453904.57075667474,0,0.0,0.0,0.0,0.007496575754429638,0.7004351323996297,,,,,,,,,,
U0,2,50,labeled,2,400164,400164,292630,0,1179241.027701664,338662.64564453857,0.0,338662.64564453857,0,0.0,0.0,0.0,0.00518167584397149,0.7312751771773572,,,,,,,,,,
U0,2,50,unlabeled,0,5247646,4993422,3910159,0,138.1133040088623,18.83531565698909,0.0,18.83531565698909,0,0.0,0.0,0.0,0.06994937089929149,0.7830619963624144,5247646,4993422,21,,,,,,,
U0,2,50,unlabeled,1,546157,521853,242145,0,457050.20714645024,226533.67383051125,0.0,226533.67383051125,0,0.0,0.0,0.0,0.0069890409046435625,0.4640099798219039,546157,521853,21,,,,,,,
U0,2,50,unlabeled,2,251893,241779,129596,0,318382.57581768656,124806.5301510312,0.0,124806.5301510312,0,0.0,0.0,0.0,0.003283812530363061,0.5360101580368849,251893,241779,21,,,,,,,
U0,2,55,labeled,0,5212081,5212081,4147820,0,239375.65920466455,9617.233204871503,0.0,9617.233204871503,0,0.0,0.0,0.0,0.06944697082401759,0.7958088141761419,,,,,,,,,,
U0,2,55,labeled,1,570253,570253,399644,0,1118828.6613550268,447445.2964644082,0.0,447445.2964644082,0,0.0,0.0,0.0,0.007396472039170103,0.7008187593927607,,,,,,,,,,
U0,2,55,labeled,2,410818,410818,296979,0,1246270.9096713292,340865.8908995457,0.0,340865.8908995457,0,0.0,0.0,0.0,0.005317416907008566,0.7228967572014858,,,,,,,,,,
U0,2,55,unlabeled,0,5229385,4950473,4038393,0,882.2956788901093,124.54547129116365,0.0,124.54547129116365,0,0.0,0.0,0.0,0.06971047802397559,0.8157590193906724,5229385,4950473,21,,,,,,,
U0,2,55,unlabeled,1,537524,512591,257530,0,576075.7941819009,247636.49236027198,0.0,247636.49236027198,0,0.0,0.0,0.0,0.006871196883223434,0.5024083528583217,537524,512591,21,,,,,,,
U0,2,55,unlabeled,2,278787,267403,157000,0,441009.09394840244,164042.66450834903,0.0,164042.66450834903,0,0.0,0.0,0.0,0.003639627132994006,0.5871287906268815,278787,267403,21,,,,,,,
U0,2,60,labeled,0,5211282,5211282,4626881,0,337015.603080143,12703.181001403907,0.0,12703.181001403907,0,0.0,0.0,0.0,0.06943139611118375,0.887858496239505,,,,,,,,,,
U0,2,60,labeled,1,572468,572468,405724,0,1463772.7091894466,468653.61398468935,0.0,468653.61398468935,0,0.0,0.0,0.0,0.007425649364555923,0.708727824087984,,,,,,,,,,
U0,2,60,labeled,2,409402,409402,309261,0,1514735.857619853,379469.1362136892,0.0,379469.1362136892,0,0.0,0.0,0.0,0.005303997989124088,0.7553968959604497,,,,,,,,,,
U0,2,60,unlabeled,0,5279130,5040099,4095458,0,1229.0104306292076,117.04486342179769,0.0,117.04486342179769,0,0.0,0.0,0.0,0.0703511815673943,0.8125749117229641,5279130,5040099,21,,,,,,,
U0,2,60,unlabeled,1,527688,507212,215600,0,470949.62792804453,196014.27491815286,0.0,196014.27491815286,0,0.0,0.0,0.0,0.006757355099396922,0.42506880752032683,527688,507212,21,,,,,,,
U0,2,60,unlabeled,2,238878,230403,118727,0,264992.35761805205,110943.25302214963,0.0,110943.25302214963,0,0.0,0.0,0.0,0.003113415273464314,0.5153014500679245,238878,230403,21,,,,,,,
U0,2,65,labeled,0,5206252,5206252,4411544,0,230659.88454052104,9511.415252553112,0.0,9511.415252553112,0,0.0,0.0,0.0,0.06937157063330085,0.8473550646415118,,,,,,,,,,
U0,2,65,labeled,1,579830,579830,414663,0,1398663.8778379722,493426.742213378,0.0,493426.742213378,0,0.0,0.0,0.0,0.007520533698842818,0.715145818602004,,,,,,,,,,
U0,2,65,labeled,2,407070,407070,308442,0,1620403.6724756702,380693.7946642312,0.0,380693.7946642312,0,0.0,0.0,0.0,0.00527061745469292,0.7577124327511239,,,,,,,,,,
U0,2,65,unlabeled,0,5283897,5087181,3850095,0,599.0301355736608,107.60732773634278,0.0,107.60732773634278,0,0.0,0.0,0.0,0.07041767362261682,0.7568228848157752,5283897,5087181,21,,,,,,,
U0,2,65,unlabeled,1,533212,514672,193135,0,300676.7139244858,157528.11145039363,0.0,157528.11145039363,0,0.0,0.0,0.0,0.00682473380265179,0.3752584170112227,533212,514672,21,,,,,,,
U0,2,65,unlabeled,2,228587,221285,109861,0,235871.66100535027,94504.37385329242,0.0,94504.37385329242,0,0.0,0.0,0.0,0.0029790391288268625,0.496468355288429,228587,221285,21,,,,,,,
U0,2,70,labeled,0,5211225,5211225,4534661,0,370801.6237090871,13338.754258143541,0.0,13338.754258143541,0,0.0,0.0,0.0,0.06942538187356194,0.870171792620737,,,,,,,,,,
U0,2,70,labeled,1,573547,573547,411635,0,1517962.9123122166,488292.80940433184,0.0,488292.80940433184,0,0.0,0.0,0.0,0.0074377402051689695,0.7177005546188892,,,,,,,,,,
U0,2,70,labeled,2,408380,408380,309017,0,1659180.4967042645,372626.14841543883,0.0,372626.14841543883,0,0.0,0.0,0.0,0.005287334131152251,0.7566898476908761,,,,,,,,,,
U0,2,70,unlabeled,0,5268715,5147897,4096503,0,1021.944050264883,145.94435832512022,0.0,145.94435832512022,0,0.0,0.0,0.0,0.07022620422964668,0.7957624249280822,5268715,5147897,21,,,,,,,
U0,2,70,unlabeled,1,555768,539549,230515,0,473839.8791270089,204189.08454481306,0.0,204189.08454481306,0,0.0,0.0,0.0,0.007112127624409684,0.4272364511842298,555768,539549,21,,,,,,,
U0,2,70,unlabeled,2,221213,214780,110712,0,307452.86137819785,92648.89298505706,0.0,92648.89298505706,0,0.0,0.0,0.0,0.0028831065593285035,0.5154669894776049,221213,214780,21,,,,,,,
U0,2,75,labeled,0,5206508,5206508,4728766,0,229364.95141719712,10037.66931225133,0.0,10037.66931225133,0,0.0,0.0,0.0,0.06937171408546654,0.9082413779062666,,,,,,,,,,
U0,2,75,labeled,1,572443,572443,412977,0,1325405.5709064053,494277.0730349082,0.0,494277.0730349082,0,0.0,0.0,0.0,0.007423500274901309,0.7214290331089733,,,,,,,,,,
U0,2,75,labeled,2,414201,414201,314766,0,1726576.9376623905,390165.3006604173,0.0,390165.3006604173,0,0.0,0.0,0.0,0.005361490807998777,0.7599353936856743,,,,,,,,,,
U0,2,75,unlabeled,0,5281585,5110335,4501395,0,244.81046314501984,38.609369623839875,0.0,38.609369623839875,0,0.0,0.0,0.0,0.07038881627836624,0.8808414712538415,5281585,5110335,21,,,,,,,
U0,2,75,unlabeled,1,550074,533884,220176,0,398871.95200118877,193948.29827598907,0.0,193948.29827598907,0,0.0,0.0,0.0,0.007040279130696995,0.41240419267106715,550074,533884,21,,,,,,,
U0,2,75,unlabeled,2,214037,207960,99423,0,238130.79665464512,87638.91299554518,0.0,87638.91299554518,0,0.0,0.0,0.0,0.002786044364708855,0.4780871321407963,214037,207960,21,,,,,,,
U0,2,80,labeled,0,5206508,5206508,4381572,0,176709.82447301032,9933.30067653425,0.0,9933.30067653425,0,0.0,0.0,0.0,0.069375102144737,0.8415567593481081,,,,,,,,,,
U0,2,80,labeled,1,572443,572443,411457,0,1372116.1709387028,491189.304366155,0.0,491189.304366155,0,0.0,0.0,0.0,0.007422514644963454,0.7187737469058054,,,,,,,,,,
U0,2,80,labeled,2,414201,414201,318399,0,1804043.5788847578,395175.34936133836,0.0,395175.34936133836,0,0.0,0.0,0.0,0.0053667086646422574,0.7687064975700203,,,,,,,,,,
U0,2,80,unlabeled,0,5285662,5114373,4610694,0,293.01533270593467,66.45336463041293,0.0,66.45336463041293,0,0.0,0.0,0.0,0.07044352784153152,0.9015169601435015,5285662,5114373,21,,,,,,,
U0,2,80,unlabeled,1,553441,537909,214125,0,388215.31982779334,187404.84919119344,0.0,187404.84919119344,0,0.0,0.0,0.0,0.007086859447695533,0.39806919014182696,553441,537909,21,,,,,,,
U0,2,80,unlabeled,2,206593,200710,95556,0,253138.97505588515,82358.08953518032,0.0,82358.08953518032,0,0.0,0.0,0.0,0.002689897021339373,0.4760898809227243,206593,200710,21,,,,,,,
U0,2,85,labeled,0,5210138,5210138,4803435,0,258784.89111652062,9747.037523870167,0.0,9747.037523870167,0,0.0,0.0,0.0,0.06941838807634747,0.9219400714530018,,,,,,,,,,
U0,2,85,labeled,1,569811,569811,403257,0,1463639.9124040222,480485.31949863554,0.0,480485.31949863554,0,0.0,0.0,0.0,0.007389082185121137,0.7077030804951115,,,,,,,,,,
U0,2,85,labeled,2,413203,413203,316769,0,1830626.6218677924,391937.56249700225,0.0,391937.56249700225,0,0.0,0.0,0.0,0.005348986841386836,0.7666183449781342,,,,,,,,,,
U0,2,85,unlabeled,0,5281729,5114609,4702792,0,512.7542102943673,82.7485497214525,0.0,82.7485497214525,0,0.0,0.0,0.0,0.0703938503929327,0.9194822126187945,5281729,5114609,21,,,,,,,
U0,2,85,unlabeled,1,553398,538887,224738,0,415103.22712167527,184435.67155552452,0.0,184435.67155552452,0,0.0,0.0,0.0,0.007081160508430915,0.4170410494222351,553398,538887,21,,,,,,,
U0,2,85,unlabeled,2,210569,204873,97012,0,238841.93250774877,80276.52476594009,0.0,80276.52476594009,0,0.0,0.0,0.0,0.0027434770182990812,0.47352262133126377,210569,204873,21,,,,,,,
U0,2,90,labeled,0,5203330,5203330,4569774,0,235484.25107516148,10566.623784831092,0.0,10566.623784831092,0,0.0,0.0,0.0,0.0693247722071989,0.8782402807432932,,,,,,,,,,
U0,2,90,labeled,1,572098,572098,413811,0,1375773.4105813557,495726.8429977903,0.0,495726.8429977903,0,0.0,0.0,0.0,0.007420190760095844,0.7233218784194316,,,,,,,,,,
U0,2,90,labeled,2,417724,417724,320582,0,1740007.392748188,399468.8720880668,0.0,399468.8720880668,0,0.0,0.0,0.0,0.005409703903954237,0.7674493206040351,,,,,,,,,,
U0,2,90,unlabeled,0,5289563,5127652,4244353,0,1530.0610083136064,131.1634580461987,0.0,131.1634580461987,0,0.0,0.0,0.0,0.07049590328059346,0.8277381148330659,5289563,5127652,21,,,,,,,
U0,2,90,unlabeled,1,562157,548285,218634,0,415288.25486958044,191128.4913621236,0.0,191128.4913621236,0,0.0,0.0,0.0,0.007199552442632463,0.398759769098188,562157,548285,21,,,,,,,
U0,2,90,unlabeled,2,193976,188872,86355,0,245454.8704528317,74207.6125539494,0.0,74207.6125539494,0,0.0,0.0,0.0,0.0025257825851742396,0.4572144097589902,193976,188872,21,,,,,,,
U0,2,95,labeled,0,5197071,5197071,4748769,0,169043.30616040496,8569.538162872892,0.0,8569.538162872892,0,0.0,0.0,0.0,0.06924915806049675,0.9137394890314179,,,,,,,,,,
U0,2,95,labeled,1,568193,568193,410864,0,1472042.036448364,496071.45964070817,0.0,496071.45964070817,0,0.0,0.0,0.0,0.007365716156747348,0.7231064092658657,,,,,,,,,,
U0,2,95,labeled,2,427888,427888,329779,0,1909342.2835236886,413805.8747036852,0.0,413805.8747036852,0,0.0,0.0,0.0,0.00553732409846399,0.7707133642448492,,,,,,,,,,
U0,2,95,unlabeled,0,5282726,5132380,3992744,0,216.8778706672762,52.361364433635984,0.0,52.361364433635984,0,0.0,0.0,0.0,0.07041095286319221,0.7779517494807477,5282726,5132380,21,,,,,,,
U0,2,95,unlabeled,1,565475,551843,222959,0,472719.69242983486,201823.1626595928,0.0,201823.1626595928,0,0.0,0.0,0.0,0.007240371174532997,0.4040261451173613,565475,551843,21,,,,,,,
U0,2,95,unlabeled,2,197495,192153,86292,0,257324.15000106872,78472.86691590206,0.0,78472.86691590206,0,0.0,0.0,0.0,0.002571994424567353,0.4490796396621442,197495,192153,21,,,,,,,
U0,2,100,labeled,0,5215259,5215259,4466491,0,205263.22185269647,9101.73370664212,0.0,9101.73370664212,0,0.0,0.0,0.0,0.06949348457476472,0.8564274564312147,,,,,,,,,,
U0,2,100,labeled,1,570598,570598,407806,0,1485004.9072524717,490048.91841946915,0.0,490048.91841946915,0,0.0,0.0,0.0,0.007398469955830608,0.7146993154550139,,,,,,,,,,
U0,2,100,labeled,2,407295,407295,308665,0,1892259.7133051439,365865.44839022076,0.0,365865.44839022076,0,0.0,0.0,0.0,0.005273275361851218,0.7578413680501848,,,,,,,,,,
U0,2,100,unlabeled,0,5283870,5131725,4831969,0,704.2896081046722,107.69582888481251,0.0,107.69582888481251,0,0.0,0.0,0.0,0.07042302465069247,0.9415876727611086,5283870,5131725,21,,,,,,,
U0,2,100,unlabeled,1,558300,544762,213935,0,406930.4238318315,176549.62671724023,0.0,176549.62671724023,0,0.0,0.0,0.0,0.007145524401961579,0.39271278099426904,558300,544762,21,,,,,,,
U0,2,100,unlabeled,2,203526,198440,105902,0,327750.69788939715,79785.17350839385,0.0,79785.17350839385,0,0.0,0.0,0.0,0.0026522647767875905,0.5336726466438219,203526,198440,21,,,,,,,
L05,1,5,labeled,0,8541428,8541428,6918552,0,552581.0340459592,203327.16037320497,0.0,203327.16037320497,0,0.0,0.0,0.0,0.11360158100159869,0.8099994520822513,,,,,,,,,,
L05,1,5,labeled,1,721124,721124,229211,0,405429.0769959109,183393.46128781445,0.0,183393.46128781445,0,0.0,0.0,0.0,0.009312544995574809,0.3178524081850001,,,,,,,,,,
L05,1,5,labeled,2,174632,174632,24945,0,16992.42062955261,14764.447432434627,0.0,14764.447432434627,0,0.0,0.0,0.0,0.002278592029420175,0.1428432360621192,,,,,,,,,,
L05,1,10,labeled,0,8541428,8541428,6338061,0,462318.81616915215,211747.1149696828,0.0,211747.1149696828,0,0.0,0.0,0.0,0.11360047903678905,0.7420376311782995,,,,,,,,,,
L05,1,10,labeled,1,721124,721124,227614,0,391461.7652594112,197530.14929764508,0.0,197530.14929764508,0,0.0,0.0,0.0,0.00931660361617105,0.3156378098634909,,,,,,,,,,
L05,1,10,labeled,2,174632,174632,26097,0,20107.623698166448,16373.602925194196,0.0,16373.602925194196,0,0.0,0.0,0.0,0.0022796288559464727,0.14943996518392963,,,,,,,,,,
L05,1,15,labeled,0,8541428,8541428,6796597,0,593393.2014691333,216192.45877471575,0.0,216192.45877471575,0,0.0,0.0,0.0,0.1136039021882678,0.7957213945958451,,,,,,,,,,
L05,1,15,labeled,1,721124,721124,237551,0,508458.3226487769,201101.37088252234,0.0,201101.37088252234,0,0.0,0.0,0.0,0.009311819112624296,0.3294176868333324,,,,,,,,,,
L05,1,15,labeled,2,174632,174632,26364,0,24071.54288961547,17798.814699918006,0.0,17798.814699918006,0,0.0,0.0,0.0,0.002279562842125417,0.1509688945897659,,,,,,,,,,
L05,1,20,labeled,0,8541428,8541428,6251440,0,684686.7382187621,228141.59763576632,0.0,228141.59763576632,0,0.0,0.0,0.0,0.11360774963670948,0.7318963526941865,,,,,,,,,,
L05,1,20,labeled,1,721124,721124,236538,0,514263.79832749517,211724.07867000665,0.0,211724.07867000665,0,0.0,0.0,0.0,0.009310146009543482,0.3280129353620182,,,,,,,,,,
L05,1,20,labeled,2,174632,174632,26660,0,25139.74478970273,17871.401835621626,0.0,17871.401835621626,0,0.0,0.0,0.0,0.0022800969389044946,0.15266388748911996,,,,,,,,,,
L05,1,25,labeled,0,8541428,8541428,6805223,0,673938.3437304324,215853.95907150305,0.0,215853.95907150305,0,0.0,0.0,0.0,0.11360127463504639,0.7967312959846995,,,,,,,,,,
L05,1,25,labeled,1,721124,721124,236865,0,541207.0622469512,215001.8072779597,0.0,215001.8072779597,0,0.0,0.0,0.0,0.009307779435915866,0.328466394129165,,,,,,,,,,
L05,1,25,labeled,2,174632,174632,28304,0,30565.071093343442,18547.81394387937,0.0,18547.81394387937,0,0.0,0.0,0.0,0.0022806446324757767,0.1620779696733703,,,,,,,,,,
L05,1,30,labeled,0,8541428,8541428,7237196,0,824449.5187914404,225501.3533953143,0.0,225501.3533953143,0,0.0,0.0,0.0,0.113602365316009,0.847305157872899,,,,,,,,,,
L05,1,30,labeled,1,721124,721124,237945,0,531227.0605693209,209190.934526927,0.0,209190.934526927,0,0.0,0.0,0.0,0.009310976963045874,0.3299640561124023,,,,,,,,,,
L05,1,30,labeled,2,174632,174632,26684,0,27502.03083524665,19334.17141566802,0.0,19334.17141566802,0,0.0,0.0,0.0,0.002277804502352029,0.15280131934582436,,,,,,,,,,
L05,1,35,labeled,0,8541428,8541428,7200562,0,1048341.0562311887,238920.53765562444,0.0,238920.53765562444,0,0.0,0.0,0.0,0.11360144002821852,0.8430161794959813,,,,,,,,,,
L05,1,35,labeled,1,721124,721124,241250,0,561814.8077571419,225242.68248773427,0.0,225242.68248773427,0,0.0,0.0,0.0,0.009300294562802415,0.3345471791259201,,,,,,,,,,
L05,1,35,labeled,2,174632,174632,30164,0,45280.237760023796,23629.25257754089,0.0,23629.25257754089,0,0.0,0.0,0.0,0.002279964371341002,0.17272893856796007,,,,,,,,,,
L05,1,40,labeled,0,8541428,8541428,7791547,0,1960162.7345028776,234961.80808021754,0.0,234961.80808021754,0,0.0,0.0,0.0,0.11360376921675903,0.9122066005824787,,,,,,,,,,
L05,1,40,labeled,1,721124,721124,295478,0,1045165.2514826613,233895.18558760476,0.0,233895.18558760476,0,0.0,0.0,0.0,0.009310898214354803,0.40974645137313415,,,,,,,,,,
L05,1,40,labeled,2,174632,174632,34716,0,41328.85066375875,18705.5642018549,0.0,18705.5642018549,0,0.0,0.0,0.0,0.002281354048629271,0.19879518072289157,,,,,,,,,,
L05,1,45,labeled,0,8541428,8541428,7320187,0,1477185.6271554795,239092.4078381294,0.0,239092.4078381294,0,0.0,0.0,0.0,0.11360563107408453,0.8570214488724837,,,,,,,,,,
L05,1,45,labeled,1,721124,721124,251165,0,695563.9525398341,231206.5544482636,0.0,231206.5544482636,0,0.0,0.0,0.0,0.009304972148235226,0.34829654816647343,,,,,,,,,,
L05,1,45,labeled,2,174632,174632,33397,0,53984.4293524087,23861.63292315779,0.0,23861.63292315779,0,0.0,0.0,0.0,0.002282169662406583,0.19124215493151311,,,,,,,,,,
L05,1,50,labeled,0,8541428,8541428,7044732,0,1587265.1766348023,243815.27376282297,0.0,243815.27376282297,0,0.0,0.0,0.0,0.11360657032071561,0.8247721575361872,,,,,,,,,,
L05,1,50,labeled,1,721124,721124,267163,0,876915.529196879,240941.20303515886,0.0,240941.20303515886,0,0.0,0.0,0.0,0.009310419416458559,0.37048135965520496,,,,,,,,,,
L05,1,50,labeled,2,174632,174632,35213,0,62130.68008881458,27024.072099457342,0.0,27024.072099457342,0,0.0,0.0,0.0,0.0022795541992520906,0.20164116542214486,,,,,,,,,,
L05,1,55,labeled,0,8541428,8541428,7139235,0,1637360.1312805354,252880.8872380357,0.0,252880.8872380357,0,0.0,0.0,0.0,0.11360251453241407,0.8358362325362926,,,,,,,,,,
L05,1,55,labeled,1,721124,721124,266550,0,839565.2317390044,250899.30135641652,0.0,250899.30135641652,0,0.0,0.0,0.0,0.009306822966388753,0.3696312978073119,,,,,,,,,,
L05,1,55,labeled,2,174632,174632,33430,0,87277.56352101025,27918.151121165796,0.0,27918.151121165796,0,0.0,0.0,0.0,0.0022794157642921273,0.19143112373448165,,,,,,,,,,
L05,1,60,labeled,0,8541428,8541428,6833134,0,1430075.8360926309,252554.6304927285,0.0,252554.6304927285,0,0.0,0.0,0.0,0.11360329198468147,0.7999990165578871,,,,,,,,,,
L05,1,60,labeled,1,721124,721124,263565,0,836313.2057204623,244027.9012859723,0.0,244027.9012859723,0,0.0,0.0,0.0,0.009305095812806346,0.3654919264925311,,,,,,,,,,
L05,1,60,labeled,2,174632,174632,36684,0,71480.32513482313,26899.2521278563,0.0,26899.2521278563,0,0.0,0.0,0.0,0.002280229041185752,0.21006459297265107,,,,,,,,,,
L05,1,65,labeled,0,8541428,8541428,7036718,0,1383642.0623613987,250578.34214822116,0.0,250578.34214822116,0,0.0,0.0,0.0,0.11360527928488887,0.8238339069298483,,,,,,,,,,
L05,1,65,labeled,1,721124,721124,271062,0,875638.6408098672,242398.91499984212,0.0,242398.91499984212,0,0.0,0.0,0.0,0.009310368034883748,0.37588819675950325,,,,,,,,,,
L05,1,65,labeled,2,174632,174632,35740,0,80817.37090913349,28876.776202296292,0.0,28876.776202296292,0,0.0,0.0,0.0,0.0022811219701689856,0.20465893994227863,,,,,,,,,,
L05,1,70,labeled,0,8541428,8541428,7395615,0,2020832.5625238111,252990.0622376208,0.0,252990.0622376208,0,0.0,0.0,0.0,0.11360484839348206,0.8658522907410798,,,,,,,,,,
L05,1,70,labeled,1,721124,721124,271968,0,838561.0349998,241698.51132450983,0.0,241698.51132450983,0,0.0,0.0,0.0,0.009306565394817602,0.3771445687565523,,,,,,,,,,
L05,1,70,labeled,2,174632,174632,33068,0,68086.08103887597,25510.93979422164,0.0,25510.93979422164,0,0.0,0.0,0.0,0.0022796485545671435,0.18935819322919054,,,,,,,,,,
L05,1,75,labeled,0,8541428,8541428,6910988,0,2116981.8501253584,251866.33937654356,0.0,251866.33937654356,0,0.0,0.0,0.0,0.11360417803918213,0.8091138858748209,,,,,,,,,,
L05,1,75,labeled,1,721124,721124,267320,0,929606.595245247,237193.715678841,0.0,237193.715678841,0,0.0,0.0,0.0,0.00930873644097994,0.37069907533239776,,,,,,,,,,
L05,1,75,labeled,2,174632,174632,49343,0,99907.89196468533,27517.15967579273,0.0,27517.15967579273,0,0.0,0.0,0.0,0.0022783613043616266,0.282554171056851,,,,,,,,,,
L05,1,80,labeled,0,8541428,8541428,7675576,0,2477023.393130239,260587.6362006638,0.0,260587.6362006638,0,0.0,0.0,0.0,0.11359927239857684,0.8986291285251131,,,,,,,,,,
L05,1,80,labeled,1,721124,721124,277288,0,987985.7916535573,241994.6648216615,0.0,241994.6648216615,0,0.0,0.0,0.0,0.0093112268954997,0.3845219407480544,,,,,,,,,,
L05,1,80,labeled,2,174632,174632,51427,0,107349.4915212304,27987.911462204927,0.0,27987.911462204927,0,0.0,0.0,0.0,0.0022788938646661765,0.2944878372806817,,,,,,,,,,
L05,1,85,labeled,0,8541428,8541428,7508996,0,2765018.3179243896,259070.73581766977,0.0,259070.73581766977,0,0.0,0.0,0.0,0.11360781200295558,0.8791265348136167,,,,,,,,,,
L05,1,85,labeled,1,721124,721124,290223,0,1113990.6184468716,257880.15977852,0.0,257880.15977852,0,0.0,0.0,0.0,0.00930706931188682,0.402459216445438,,,,,,,,,,
L05,1,85,labeled,2,174632,174632,50388,0,115156.64961185316,28662.8166687029,0.0,28662.8166687029,0,0.0,0.0,0.0,0.002281005725351029,0.2885381831508544,,,,,,,,,,
L05,1,90,labeled,0,8541428,8541428,7587036,0,2694897.681502871,261456.92070281366,0.0,261456.92070281366,0,0.0,0.0,0.0,0.11360662744760733,0.8882631803487661,,,,,,,,,,
L05,1,90,labeled,1,721124,721124,288257,0,1139440.3651184577,251614.74947146623,0.0,251614.74947146623,0,0.0,0.0,0.0,0.009309863283339914,0.3997329169463227,,,,,,,,,,
L05,1,90,labeled,2,174632,174632,53391,0,95255.25690093347,26063.14376135575,0.0,26063.14376135575,0,0.0,0.0,0.0,0.0022809225090612735,0.30573434422099044,,,,,,,,,,
L05,1,95,labeled,0,8541428,8541428,7295531,0,3270710.4002287476,261316.45718372465,0.0,261316.45718372465,0,0.0,0.0,0.0,0.11360844597724931,0.8541348121180674,,,,,,,,,,
L05,1,95,labeled,1,721124,721124,293861,0,1129477.2264598932,259525.84443893985,0.0,259525.84443893985,0,0.0,0.0,0.0,0.009311856358150544,0.4075041185704539,,,,,,,,,,
L05,1,95,labeled,2,174632,174632,50626,0,103822.35822919967,29587.530062942544,0.0,29587.530062942544,0,0.0,0.0,0.0,0.002280246133978288,0.2899010490631728,,,,,,,,,,
L05,1,100,labeled,0,8541428,8541428,7574685,0,3009524.457909693,261413.3744637531,0.0,261413.3744637531,0,0.0,0.0,0.0,0.11360387663841555,0.8868171692133915,,,,,,,,,,
L05,1,100,labeled,1,721124,721124,292726,0,1201274.2683790377,254257.49175777644,0.0,254257.49175777644,0,0.0,0.0,0.0,0.00930338972466286,0.4059301867639962,,,,,,,,,,
L05,1,100,labeled,2,174632,174632,52667,0,94006.19342386216,28134.27262727585,0.0,28134.27262727585,0,0.0,0.0,0.0,0.0022800102526964764,0.30158848321040815,,,,,,,,,,
L05,2,5,labeled,0,5203330,5203330,4575500,0,710219.626248149,28990.075953561325,0.0,28990.075953561325,0,0.0,0.0,0.0,0.0693651993793904,0.8793407298787507,,,,,,,,,,
L05,2,5,labeled,1,572098,572098,371039,0,2038112.65590758,433365.72299814137,0.0,433365.72299814137,0,0.0,0.0,0.0,0.007543642867925024,0.6485584637597055,,,,,,,,,,
L05,2,5,labeled,2,417724,417724,328607,0,1359618.3452402288,382815.00785174203,0.0,382815.00785174203,0,0.0,0.0,0.0,0.005481101181346351,0.7866605701372198,,,,,,,,,,
L05,2,10,labeled,0,5211282,5211282,4322126,0,655193.0905759953,23745.28807099966,0.0,23745.28807099966,0,0.0,0.0,0.0,0.06947360699406549,0.8293786442568258,,,,,,,,,,
L05,2,10,labeled,1,572468,572468,366857,0,1928103.9403482,433800.5998519134,0.0,433800.5998519134,0,0.0,0.0,0.0,0.007545807568783639,0.6408340728215376,,,,,,,,,,
L05,2,10,labeled,2,409402,409402,322380,0,1326352.1730006386,387307.7146299359,0.0,387307.7146299359,0,0.0,0.0,0.0,0.005369717341098761,0.7874411947181499,,,,,,,,,,
L05,2,15,labeled,0,5206252,5206252,4666471,0,664135.1784236652,23314.68918301623,0.0,23314.68918301623,0,0.0,0.0,0.0,0.06940665157081481,0.8963206160593071,,,,,,,,,,
L05,2,15,labeled,1,579830,579830,381743,0,1933669.549567067,455439.1902377746,0.0,455439.1902377746,0,0.0,0.0,0.0,0.00764392959023891,0.6583705568873636,,,,,,,,,,
L05,2,15,labeled,2,407070,407070,314962,0,1445594.9773969287,381404.5271794502,0.0,381404.5271794502,0,0.0,0.0,0.0,0.005340220899989341,0.7737293340211757,,,,,,,,,,
L05,2,20,labeled,0,5209247,5209247,4024935,0,386131.2706236567,23345.11209112511,0.0,23345.11209112511,0,0.0,0.0,0.0,0.0694466732978257,0.7726519782993588,,,,,,,,,,
L05,2,20,labeled,1,571488,571488,373241,0,1550445.3780746928,443378.6135158746,0.0,443378.6135158746,0,0.0,0.0,0.0,0.007534936525394574,0.653103827201971,,,,,,,,,,
L05,2,20,labeled,2,412417,412417,324506,0,1479122.2985852612,396599.3168581507,0.0,396599.3168581507,0,0.0,0.0,0.0,0.00540798223320159,0.7868395337728561,,,,,,,,,,
L05,2,25,labeled,0,5213060,5213060,4626769,0,638942.0569836023,23368.89192261933,0.0,23368.89192261933,0,0.0,0.0,0.0,0.06949721109622742,0.8875341929691966,,,,,,,,,,
L05,2,25,labeled,1,577543,577543,373267,0,1554081.0734383573,439529.67767165287,0.0,439529.67767165287,0,0.0,0.0,0.0,0.007613864254128533,0.6463016606555703,,,,,,,,,,
L05,2,25,labeled,2,402549,402549,322044,0,1936947.490856298,404434.9588742165,0.0,404434.9588742165,0,0.0,0.0,0.0,0.0052791766500291035,0.8000119240142194,,,,,,,,,,
L05,2,30,labeled,0,5210138,5210138,4533857,0,753355.6076019567,29256.47540018137,0.0,29256.47540018137,0,0.0,0.0,0.0,0.06945552952273652,0.8701990235191467,,,,,,,,,,
L05,2,30,labeled,1,569811,569811,364339,0,1485132.739548403,427531.24326396344,0.0,427531.24326396344,0,0.0,0.0,0.0,0.007513033380347627,0.6394032407236786,,,,,,,,,,
L05,2,30,labeled,2,413203,413203,318442,0,1490451.6258237525,376156.152801745,0.0,376156.152801745,0,0.0,0.0,0.0,0.005420268759327243,0.7706672023194411,,,,,,,,,,
L05,2,35,labeled,0,5196655,5196655,4108653,0,578380.0023766054,23595.677885155317,0.0,23595.677885155317,0,0.0,0.0,0.0,0.06927851401836509,0.7906341675558605,,,,,,,,,,
L05,2,35,labeled,1,575997,575997,375525,0,1387018.3437243828,436418.18934056134,0.0,436418.18934056134,0,0.0,0.0,0.0,0.007593548668756585,0.6519565206068781,,,,,,,,,,
L05,2,35,labeled,2,420500,420500,337299,0,1689070.1866747777,411856.12186802505,0.0,411856.12186802505,0,0.0,0.0,0.0,0.005512891323898165,0.8021379310344827,,,,,,,,,,
L05,2,40,labeled,0,5210973,5210973,4855370,0,533390.4938893672,23225.248744409033,0.0,23225.248744409033,0,0.0,0.0,0.0,0.06946941995148984,0.9317588097270894,,,,,,,,,,
L05,2,40,labeled,1,573426,573426,372223,0,1202962.8393159295,440954.1992582943,0.0,440954.1992582943,0,0.0,0.0,0.0,0.00756035471255197,0.6491212466822223,,,,,,,,,,
L05,2,40,labeled,2,408753,408753,328779,0,1559213.563072904,417863.6135822538,0.0,417863.6135822538,0,0.0,0.0,0.0,0.00535587729837409,0.8043463901182377,,,,,,,,,,
L05,2,45,labeled,0,5210298,5210298,4646500,0,746049.7920549593,29126.92912920434,0.0,29126.92912920434,0,0.0,0.0,0.0,0.06945758686879078,0.8917916019390829,,,,,,,,,,
L05,2,45,labeled,1,569394,569394,382269,0,1620952.1771886577,447406.8517050833,0.0,447406.8517050833,0,0.0,0.0,0.0,0.007507662869184613,0.6713611313080222,,,,,,,,,,
L05,2,45,labeled,2,413460,413460,336274,0,2168922.0425951243,427582.179560259,0.0,427582.179560259,0,0.0,0.0,0.0,0.00542041983423228,0.8133168867605088,,,,,,,,,,
L05,2,50,labeled,0,5215003,5215003,4784454,0,534494.5166539041,23263.76524486392,0.0,23263.76524486392,0,0.0,0.0,0.0,0.06952333662984453,0.9174403159499621,,,,,,,,,,
L05,2,50,labeled,1,577985,577985,372077,0,1538199.912063523,442733.02263836784,0.0,442733.02263836784,0,0.0,0.0,0.0,0.007618391764892975,0.6437485401870291,,,,,,,,,,
L05,2,50,labeled,2,400164,400164,321412,0,2082618.874084339,406554.88542174146,0.0,406554.88542174146,0,0.0,0.0,0.0,0.005248589755778306,0.8032006877180357,,,,,,,,,,
L05,2,55,labeled,0,5212081,5212081,4681834,0,868529.8753804583,29049.046454902626,0.0,29049.046454902626,0,0.0,0.0,0.0,0.06948190199428077,0.8982657790621442,,,,,,,,,,
L05,2,55,labeled,1,570253,570253,374666,0,1460056.8953656552,449432.6732842746,0.0,449432.6732842746,0,0.0,0.0,0.0,0.007518088700511857,0.6570171485288109,,,,,,,,,,
L05,2,55,labeled,2,410818,410818,332657,0,2249151.331217599,418902.18195938814,0.0,418902.18195938814,0,0.0,0.0,0.0,0.005383226813264428,0.8097430005501219,,,,,,,,,,
L05,2,60,labeled,0,5211282,5211282,4691157,0,542117.4825002252,23478.141009172115,0.0,23478.141009172115,0,0.0,0.0,0.0,0.06947422785040891,0.9001925054142148,,,,,,,,,,
L05,2,60,labeled,1,572468,572468,379917,0,1558187.5057338483,465612.9734715665,0.0,465612.9734715665,0,0.0,0.0,0.0,0.007545261391316508,0.6636475750609641,,,,,,,,,,
L05,2,60,labeled,2,409402,409402,333535,0,2255761.500607243,420931.4141292494,0.0,420931.4141292494,0,0.0,0.0,0.0,0.005369150215947488,0.8146882526221171,,,,,,,,,,
L05,2,65,labeled,0,5206252,5206252,4488105,0,748748.8367910909,23155.159333693948,0.0,23155.159333693948,0,0.0,0.0,0.0,0.06940653026376854,0.8620606532300011,,,,,,,,,,
L05,2,65,labeled,1,579830,579830,383470,0,1700456.8316741101,467433.17454369017,0.0,467433.17454369017,0,0.0,0.0,0.0,0.007645098204367587,0.6613490160909232,,,,,,,,,,
L05,2,65,labeled,2,407070,407070,331337,0,2392885.6584028043,424521.7212696945,0.0,424521.7212696945,0,0.0,0.0,0.0,0.005337385321283088,0.8139558306925099,,,,,,,,,,
L05,2,70,labeled,0,5211225,5211225,4372395,0,647963.5523452207,23419.07468003989,0.0,23419.07468003989,0,0.0,0.0,0.0,0.06947341945250238,0.8390340083185815,,,,,,,,,,
L05,2,70,labeled,1,573547,573547,380329,0,1611232.5008185832,468967.194103772,0.0,468967.194103772,0,0.0,0.0,0.0,0.007560197186577287,0.6631174079892319,,,,,,,,,,
L05,2,70,labeled,2,408380,408380,331610,0,2177496.2727280124,426587.16365285125,0.0,426587.16365285125,0,0.0,0.0,0.0,0.005354232060268459,0.812013320926588,,,,,,,,,,
L05,2,75,labeled,0,5206508,5206508,4174037,0,581680.0962791378,23464.834641168924,0.0,23464.834641168924,0,0.0,0.0,0.0,0.06941020006943462,0.8016960696113403,,,,,,,,,,
L05,2,75,labeled,1,572443,572443,383679,0,1510496.8875527428,475033.08291327977,0.0,475033.08291327977,0,0.0,0.0,0.0,0.007545856085353431,0.6702483915429135,,,,,,,,,,
L05,2,75,labeled,2,414201,414201,342010,0,2793888.574668988,434372.17922801996,0.0,434372.17922801996,0,0.0,0.0,0.0,0.005430246644763185,0.8257102228145272,,,,,,,,,,
L05,2,80,labeled,0,5206508,5206508,4351903,0,514034.33471750695,23716.841032401986,0.0,23716.841032401986,0,0.0,0.0,0.0,0.06941004522234522,0.8358583142482447,,,,,,,,,,
L05,2,80,labeled,1,572443,572443,385471,0,1826912.2536030123,469878.4717050763,0.0,469878.4717050763,0,0.0,0.0,0.0,0.007545508418567916,0.6733788342245429,,,,,,,,,,
L05,2,80,labeled,2,414201,414201,348514,0,2835605.4746303326,429357.0452100491,0.0,429357.0452100491,0,0.0,0.0,0.0,0.00543499052982999,0.8414127440542152,,,,,,,,,,
L05,2,85,labeled,0,5210138,5210138,4878119,0,778808.1923967584,29365.081304045198,0.0,29365.081304045198,0,0.0,0.0,0.0,0.06945565588830542,0.9362744326541831,,,,,,,,,,
L05,2,85,labeled,1,569811,569811,376655,0,1861354.839851451,466462.51759016956,0.0,466462.51759016956,0,0.0,0.0,0.0,0.00751272061735216,0.661017425076034,,,,,,,,,,
L05,2,85,labeled,2,413203,413203,341765,0,2841096.36112476,442116.65779120655,0.0,442116.65779120655,0,0.0,0.0,0.0,0.005418919126310475,0.8271116134200381,,,,,,,,,,
L05,2,90,labeled,0,5203330,5203330,4399004,0,604871.8813584264,28984.265172572756,0.0,28984.265172572756,0,0.0,0.0,0.0,0.0693655842531162,0.8454209131460045,,,,,,,,,,
L05,2,90,labeled,1,572098,572098,386145,0,1595394.9145657863,475642.64656555845,0.0,475642.64656555845,0,0.0,0.0,0.0,0.007544986831616444,0.6749630308094068,,,,,,,,,,
L05,2,90,labeled,2,417724,417724,347787,0,2565251.489912104,444648.3726888816,0.0,444648.3726888816,0,0.0,0.0,0.0,0.005479896365448611,0.8325760550028248,,,,,,,,,,
L05,2,95,labeled,0,5197071,5197071,4720663,0,533105.9968389126,23557.409964105074,0.0,23557.409964105074,0,0.0,0.0,0.0,0.06928412303181188,0.9083314428454027,,,,,,,,,,
L05,2,95,labeled,1,568193,568193,371139,0,1731887.8448454868,453809.6050212921,0.0,453809.6050212921,0,0.0,0.0,0.0,0.007491126830156851,0.6531917851856676,,,,,,,,,,
L05,2,95,labeled,2,427888,427888,353813,0,3445361.490506069,451497.3120398695,0.0,451497.3120398695,0,0.0,0.0,0.0,0.005608291478857533,0.826882268257114,,,,,,,,,,
L05,2,100,labeled,0,5215259,5215259,4127094,0,874889.3195896931,23341.642505775573,0.0,23341.642505775573,0,0.0,0.0,0.0,0.06952620817121505,0.791349768055623,,,,,,,,,,
L05,2,100,labeled,1,570598,570598,379232,0,1758107.2729602822,450859.069312799,0.0,450859.069312799,0,0.0,0.0,0.0,0.007520472965704167,0.6646220281178693,,,,,,,,,,
L05,2,100,labeled,2,407295,407295,339125,0,3241281.5212580925,384074.9181998091,0.0,384074.9181998091,0,0.0,0.0,0.0,0.005343027442875541,0.8326274567573871,,,,,,,,,,
L10,1,5,labeled,0,8541428,8541428,6758644,0,517905.8099392764,204176.78213884842,0.0,204176.78213884842,0,0.0,0.0,0.0,0.11360158100159869,0.7912779923919044,,,,,,,,,,
L10,1,5,labeled,1,721124,721124,228271,0,382775.64880049153,185867.57041681226,0.0,185867.57041681226,0,0.0,0.0,0.0,0.009312544995574809,0.31654888756996025,,,,,,,,,,
L10,1,5,labeled,2,174632,174632,24947,0,13992.355287430953,11154.520676485154,0.0,11154.520676485154,0,0.0,0.0,0.0,0.002278592029420175,0.14285468871684456,,,,,,,,,,
L10,1,10,labeled,0,8541428,8541428,7622132,0,717645.2399482926,207125.97055299487,0.0,207125.97055299487,0,0.0,0.0,0.0,0.11360047903678905,0.8923720951578589,,,,,,,,,,
L10,1,10,labeled,1,721124,721124,228833,0,412858.40288501885,186554.98705085652,0.0,186554.98705085652,0,0.0,0.0,0.0,0.00931660361617105,0.31732822649086706,,,,,,,,,,
L10,1,10,labeled,2,174632,174632,26422,0,21622.51199788109,16099.695822357698,0.0,16099.695822357698,0,0.0,0.0,0.0,0.0022796288559464727,0.1513010215768015,,,,,,,,,,
L10,1,15,labeled,0,8541428,8541428,7368927,0,772841.778381482,220750.17608844876,0.0,220750.17608844876,0,0.0,0.0,0.0,0.1136039021882678,0.8627277546564813,,,,,,,,,,
L10,1,15,labeled,1,721124,721124,242012,0,512356.73825388984,196650.46855001283,0.0,196650.46855001283,0,0.0,0.0,0.0,0.009311819112624296,0.3356038628585375,,,,,,,,,,
L10,1,15,labeled,2,174632,174632,31579,0,41019.30699935824,20325.213809468387,0.0,20325.213809468387,0,0.0,0.0,0.0,0.002279562842125417,0.18083169178615602,,,,,,,,,,
L10,1,20,labeled,0,8541428,8541428,6100529,0,793470.4758405668,212174.64445165772,0.0,212174.64445165772,0,0.0,0.0,0.0,0.11360774963670948,0.7142282297526831,,,,,,,,,,
L10,1,20,labeled,1,721124,721124,238524,0,496281.44233745907,202447.4057242907,0.0,202447.4057242907,0,0.0,0.0,0.0,0.009310146009543482,0.33076696934230454,,,,,,,,,,
L10,1,20,labeled,2,174632,174632,29653,0,40083.511630242,20904.96631478381,0.0,20904.96631478381,0,0.0,0.0,0.0,0.0022800969389044946,0.1698027852856292,,,,,,,,,,
L10,1,25,labeled,0,8541428,8541428,7031388,0,773659.0189817086,217579.51089815595,0.0,217579.51089815595,0,0.0,0.0,0.0,0.11360127463504639,0.823209889493888,,,,,,,,,,
L10,1,25,labeled,1,721124,721124,240223,0,539413.4934874967,216019.13764115068,0.0,216019.13764115068,0,0.0,0.0,0.0,0.009307779435915866,0.3331230135177861,,,,,,,,,,
L10,1,25,labeled,2,174632,174632,30420,0,47327.17101502671,22341.49556065959,0.0,22341.49556065959,0,0.0,0.0,0.0,0.0022806446324757767,0.1741948783728068,,,,,,,,,,
L10,1,30,labeled,0,8541428,8541428,6115768,0,1121366.7232124167,224398.12875450388,0.0,224398.12875450388,0,0.0,0.0,0.0,0.113602365316009,0.716012357652608,,,,,,,,,,
L10,1,30,labeled,1,721124,721124,247518,0,621492.3578893027,224957.00198675648,0.0,224957.00198675648,0,0.0,0.0,0.0,0.009310976963045874,0.3432391655249305,,,,,,,,,,
L10,1,30,labeled,2,174632,174632,31825,0,47348.613537620324,22870.171450740527,0.0,22870.171450740527,0,0.0,0.0,0.0,0.002277804502352029,0.18224036831737597,,,,,,,,,,
L10,1,35,labeled,0,8541428,8541428,7768810,0,1149901.3499449135,234701.1500691745,0.0,234701.1500691745,0,0.0,0.0,0.0,0.11360144002821852,0.9095446335202966,,,,,,,,,,
L10,1,35,labeled,1,721124,721124,248328,0,631314.216350885,225477.01159637613,0.0,225477.01159637613,0,0.0,0.0,0.0,0.009300294562802415,0.3443624120123585,,,,,,,,,,
L10,1,35,labeled,2,174632,174632,31406,0,51875.85415024069,24650.09250750611,0.0,24650.09250750611,0,0.0,0.0,0.0,0.002279964371341002,0.17984103715241193,,,,,,,,,,
L10,1,40,labeled,0,8541428,8541428,7064798,0,805590.175079611,222015.81640328956,0.0,222015.81640328956,0,0.0,0.0,0.0,0.11360376921675903,0.827121413421737,,,,,,,,,,
L10,1,40,labeled,1,721124,721124,249097,0,535975.8036699349,201011.38105130335,0.0,201011.38105130335,0,0.0,0.0,0.0,0.009310898214354803,0.3454288028133858,,,,,,,,,,
L10,1,40,labeled,2,174632,174632,30619,0,30012.681795572666,15508.667254573893,0.0,15508.667254573893,0,0.0,0.0,0.0,0.002281354048629271,0.17533441751798068,,,,,,,,,,
L10,1,45,labeled,0,8541428,8541428,7621819,0,1372783.1503918276,238489.971875534,0.0,238489.971875534,0,0.0,0.0,0.0,0.11360563107408453,0.892335450231507,,,,,,,,,,
L10,1,45,labeled,1,721124,721124,259108,0,795210.5224158149,232298.03877847092,0.0,232298.03877847092,0,0.0,0.0,0.0,0.009304972148235226,0.3593112973635602,,,,,,,,,,
L10,1,45,labeled,2,174632,174632,39322,0,54922.45463056081,21905.84317550156,0.0,21905.84317550156,0,0.0,0.0,0.0,0.002282169662406583,0.22517064455540794,,,,,,,,,,
L10,1,50,labeled,0,8541428,8541428,6720156,0,1384942.3339763295,231764.30244124326,0.0,231764.30244124326,0,0.0,0.0,0.0,0.11360657032071561,0.7867719542914838,,,,,,,,,,
L10,1,50,labeled,1,721124,721124,252669,0,680159.0927101601,232578.3356189454,0.0,232578.3356189454,0,0.0,0.0,0.0,0.009310419416458559,0.3503821811505372,,,,,,,,,,
L10,1,50,labeled,2,174632,174632,31776,0,55699.46303595266,24675.534253464426,0.0,24675.534253464426,0,0.0,0.0,0.0,0.0022795541992520906,0.1819597782766045,,,,,,,,,,
L10,1,55,labeled,0,8541428,8541428,7635419,0,1735368.3718225686,238870.24685821767,0.0,238870.24685821767,0,0.0,0.0,0.0,0.11360251453241407,0.893927689842963,,,,,,,,,,
L10,1,55,labeled,1,721124,721124,269381,0,819820.0271333746,240001.08677560443,0.0,240001.08677560443,0,0.0,0.0,0.0,0.009306822966388753,0.37355711361707555,,,,,,,,,,
L10,1,55,labeled,2,174632,174632,36073,0,67750.85269427541,25034.635968449635,0.0,25034.635968449635,0,0.0,0.0,0.0,0.0022794157642921273,0.20656580695405194,,,,,,,,,,
L10,1,60,labeled,0,8541428,8541428,7003757,0,1901090.4963979903,241799.31576902393,0.0,241799.31576902393,0,0.0,0.0,0.0,0.11360329198468147,0.8199749503244657,,,,,,,,,,
L10,1,60,labeled,1,721124,721124,267769,0,917918.1772584928,237299.44348188653,0.0,237299.44348188653,0,0.0,0.0,0.0,0.009305095812806346,0.3713217144346881,,,,,,,,,,
L10,1,60,labeled,2,174632,174632,49465,0,76567.42128907739,24074.499909226128,0.0,24074.499909226128,0,0.0,0.0,0.0,0.002280229041185752,0.28325278299509826,,,,,,,,,,
L10,1,65,labeled,0,8541428,8541428,7668777,0,1985120.3277548882,247173.2317504358,0.0,247173.2317504358,0,0.0,0.0,0.0,0.11360527928488887,0.8978331257958271,,,,,,,,,,
L10,1,65,labeled,1,721124,721124,270864,0,909018.2015012222,239298.92533864698,0.0,239298.92533864698,0,0.0,0.0,0.0,0.009310368034883748,0.3756136253959097,,,,,,,,,,
L10,1,65,labeled,2,174632,174632,48335,0,114372.85103733733,28043.180220263363,0.0,28043.180220263363,0,0.0,0.0,0.0,0.0022811219701689856,0.27678203307526683,,,,,,,,,,
L10,1,70,labeled,0,8541428,8541428,7988248,0,2169479.7395748384,250747.9252961,0.0,250747.9252961,0,0.0,0.0,0.0,0.11360484839348206,0.9352356538040243,,,,,,,,,,
L10,1,70,labeled,1,721124,721124,266219,0,828839.1481966199,252026.43531599105,0.0,252026.43531599105,0,0.0,0.0,0.0,0.009306565394817602,0.3691722921439309,,,,,,,,,,
L10,1,70,labeled,2,174632,174632,37970,0,75226.8614821712,26290.0744893461,0.0,26290.0744893461,0,0.0,0.0,0.0,0.0022796485545671435,0.21742864996106098,,,,,,,,,,
L10,1,75,labeled,0,8541428,8541428,7389389,0,2129510.3220702694,245805.1725020922,0.0,245805.1725020922,0,0.0,0.0,0.0,0.11360417803918213,0.8651233728130706,,,,,,,,,,
L10,1,75,labeled,1,721124,721124,275151,0,901798.8002870012,242911.1633613331,0.0,242911.1633613331,0,0.0,0.0,0.0,0.00930873644097994,0.3815585114349266,,,,,,,,,,
L10,1,75,labeled,2,174632,174632,51399,0,95876.61009989158,28190.507857051838,0.0,28190.507857051838,0,0.0,0.0,0.0,0.0022783613043616266,0.2943275001145266,,,,,,,,,,
L10,1,80,labeled,0,8541428,8541428,7871665,0,2182239.818293404,253259.26194810946,0.0,253259.26194810946,0,0.0,0.0,0.0,0.11359927239857684,0.9215865309641432,,,,,,,,,,
L10,1,80,labeled,1,721124,721124,269526,0,963972.981252215,249315.1561897241,0.0,249315.1561897241,0,0.0,0.0,0.0,0.0093112268954997,0.37375818860556576,,,,,,,,,,
L10,1,80,labeled,2,174632,174632,47775,0,92791.44315219036,29084.2464832425,0.0,29084.2464832425,0,0.0,0.0,0.0,0.0022788938646661765,0.27357528975216455,,,,,,,,,,
L10,1,85,labeled,0,8541428,8541428,8086949,0,2146191.639018656,252903.12693569972,0.0,252903.12693569972,0,0.0,0.0,0.0,0.11360781200295558,0.9467912157077247,,,,,,,,,,
L10,1,85,labeled,1,721124,721124,273358,0,985560.9658256555,253805.0451463228,0.0,253805.0451463228,0,0.0,0.0,0.0,0.00930706931188682,0.379072115197941,,,,,,,,,,
L10,1,85,labeled,2,174632,174632,49422,0,86998.23541241148,26147.074451390527,0.0,26147.074451390527,0,0.0,0.0,0.0,0.002281005725351029,0.2830065509185029,,,,,,,,,,
L10,1,90,labeled,0,8541428,8541428,7657396,0,2467564.5490177316,254899.4380832156,0.0,254899.4380832156,0,0.0,0.0,0.0,0.11360662744760733,0.8965006788092108,,,,,,,,,,
L10,1,90,labeled,1,721124,721124,284142,0,1073309.098941187,249241.67420987043,0.0,249241.67420987043,0,0.0,0.0,0.0,0.009309863283339914,0.39402654744537696,,,,,,,,,,
L10,1,90,labeled,2,174632,174632,55481,0,121637.81834428686,29374.183492430428,0.0,29374.183492430428,0,0.0,0.0,0.0,0.0022809225090612735,0.3177023684089972,,,,,,,,,,
L10,1,95,labeled,0,8541428,8541428,7749937,0,2788586.186440463,256295.29245474326,0.0,256295.29245474326,0,0.0,0.0,0.0,0.11360844597724931,0.9073350498300753,,,,,,,,,,
L10,1,95,labeled,1,721124,721124,295748,0,1262132.1612325157,259413.54472350996,0.0,259413.54472350996,0,0.0,0.0,0.0,0.009311856358150544,0.4101208668689435,,,,,,,,,,
L10,1,95,labeled,2,174632,174632,66416,0,136460.07560458235,29865.19500358574,0.0,29865.19500358574,0,0.0,0.0,0.0,0.002280246133978288,0.3803197581199322,,,,,,,,,,
L10,1,100,labeled,0,8541428,8541428,7945669,0,2961495.8681292,258099.89303844993,0.0,258099.89303844993,0,0.0,0.0,0.0,0.11360387663841555,0.9302506559793047,,,,,,,,,,
L10,1,100,labeled,1,721124,721124,285715,0,1075105.4649952482,255876.79798344846,0.0,255876.79798344846,0,0.0,0.0,0.0,0.00930338972466286,0.39620786438948086,,,,,,,,,,
L10,1,100,labeled,2,174632,174632,63889,0,121402.57451771491,30537.085991632386,0.0,30537.085991632386,0,0.0,0.0,0.0,0.0022800102526964764,0.3658493288744331,,,,,,,,,,
L10,2,5,labeled,0,5203330,5203330,4268720,0,1512.274137902536,44.48965165259776,0.0,44.48965165259776,0,0.0,0.0,0.0,0.06937714285647695,0.8203823320834926,,,,,,,,,,
L10,2,5,labeled,1,572098,572098,404274,0,1708115.972741261,449001.1100550256,0.0,449001.1100550256,0,0.0,0.0,0.0,0.00754654187841177,0.7066516575831413,,,,,,,,,,
L10,2,5,labeled,2,417724,417724,321577,0,2292879.5168298506,344161.2407450632,0.0,344161.2407450632,0,0.0,0.0,0.0,0.005464675371802108,0.7698312761536326,,,,,,,,,,
L10,2,10,labeled,0,5211282,5211282,4266839,0,370.48269365344953,9.099165691162868,0.0,9.099165691162868,0,0.0,0.0,0.0,0.06948362763238916,0.8187695465338471,,,,,,,,,,
L10,2,10,labeled,1,572468,572468,398662,0,966820.8011014785,435284.21594752907,0.0,435284.21594752907,0,0.0,0.0,0.0,0.0075496458718546594,0.6963917633824074,,,,,,,,,,
L10,2,10,labeled,2,409402,409402,315709,0,1862591.211664035,336892.5199405643,0.0,336892.5199405643,0,0.0,0.0,0.0,0.005355642196394351,0.7711466968896097,,,,,,,,,,
L10,2,15,labeled,0,5206252,5206252,4933387,0,1038.44766164978,33.29099412467111,0.0,33.29099412467111,0,0.0,0.0,0.0,0.06941625567387277,0.9475889757161198,,,,,,,,,,
L10,2,15,labeled,1,579830,579830,411026,0,1091780.3744593759,452156.68227597175,0.0,452156.68227597175,0,0.0,0.0,0.0,0.007647716684519782,0.7088732904472,,,,,,,,,,
L10,2,15,labeled,2,407070,407070,305572,0,1510706.8986511002,326322.3598236126,0.0,326322.3598236126,0,0.0,0.0,0.0,0.0053258658871894165,0.7506620482963619,,,,,,,,,,
L10,2,20,labeled,0,5209247,5209247,4864514,0,8582.36489795218,271.95383350974254,0.0,271.95383350974254,0,0.0,0.0,0.0,0.06945473343005941,0.933822873056317,,,,,,,,,,
L10,2,20,labeled,1,571488,571488,403541,0,1025626.8561741816,444908.68979419355,0.0,444908.68979419355,0,0.0,0.0,0.0,0.007537245286506677,0.7061233131754298,,,,,,,,,,
L10,2,20,labeled,2,412417,412417,315375,0,2032263.5213396403,357300.9380915525,0.0,357300.9380915525,0,0.0,0.0,0.0,0.005395775065489926,0.7646993213179865,,,,,,,,,,
L10,2,25,labeled,0,5213060,5213060,4675115,0,8637.545454248882,285.1152152950884,0.0,285.1152152950884,0,0.0,0.0,0.0,0.06950542432406832,0.8968082086145182,,,,,,,,,,
L10,2,25,labeled,1,577543,577543,399885,0,1068654.2500194004,458993.7863356054,0.0,458993.7863356054,0,0.0,0.0,0.0,0.007614835172047295,0.6923900038611843,,,,,,,,,,
L10,2,25,labeled,2,402549,402549,317206,0,2176438.2391253966,364726.18519782025,0.0,364726.18519782025,0,0.0,0.0,0.0,0.005265739146915711,0.7879935113489289,,,,,,,,,,
L10,2,30,labeled,0,5210138,5210138,4897475,0,7276.522260038606,329.1058464526536,0.0,329.1058464526536,0,0.0,0.0,0.0,0.06946588220702454,0.9399894973991092,,,,,,,,,,
L10,2,30,labeled,1,569811,569811,402410,0,1107470.1499002625,470790.733815644,0.0,470790.733815644,0,0.0,0.0,0.0,0.007514854574750353,0.7062166227047214,,,,,,,,,,
L10,2,30,labeled,2,413203,413203,321493,0,2234674.795051932,376756.4335211974,0.0,376756.4335211974,0,0.0,0.0,0.0,0.0054048877214418044,0.7780509822048727,,,,,,,,,,
L10,2,35,labeled,0,5196655,5196655,4001626,0,9344.922387231161,338.1638254923312,0.0,338.1638254923312,0,0.0,0.0,0.0,0.06928676108015897,0.7700388038074493,,,,,,,,,,
L10,2,35,labeled,1,575997,575997,398940,0,1058345.1309618466,436784.2830477039,0.0,436784.2830477039,0,0.0,0.0,0.0,0.007596443669736429,0.6926077739988229,,,,,,,,,,
L10,2,35,labeled,2,420500,420500,323518,0,1627762.0870269535,381749.9523820765,0.0,381749.9523820765,0,0.0,0.0,0.0,0.00550054474355611,0.7693650416171225,,,,,,,,,,
L10,2,40,labeled,0,5210973,5210973,4240584,0,2565.6427026245433,88.3544371832475,0.0,88.3544371832475,0,0.0,0.0,0.0,0.0694784672443022,0.8137796914319072,,,,,,,,,,
L10,2,40,labeled,1,573426,573426,401296,0,976227.8485194718,449181.1913650125,0.0,449181.1913650125,0,0.0,0.0,0.0,0.007563676841680477,0.6998217729925047,,,,,,,,,,
L10,2,40,labeled,2,408753,408753,313122,0,1753949.996148726,368378.87309357827,0.0,368378.87309357827,0,0.0,0.0,0.0,0.005346300338690888,0.7660420840947957,,,,,,,,,,
L10,2,45,labeled,0,5210298,5210298,4536640,0,14170.78827845875,327.4017346909024,0.0,327.4017346909024,0,0.0,0.0,0.0,0.06946831343052437,0.8707064356011882,,,,,,,,,,
L10,2,45,labeled,1,569394,569394,406399,0,1281262.3179425662,452048.7184305933,0.0,452048.7184305933,0,0.0,0.0,0.0,0.0075093127793663585,0.7137395195593912,,,,,,,,,,
L10,2,45,labeled,2,413460,413460,310527,0,1481916.7495407292,365137.153891629,0.0,365137.153891629,0,0.0,0.0,0.0,0.0054075144660529414,0.7510448410970831,,,,,,,,,,
L10,2,50,labeled,0,5215003,5215003,4419112,0,12491.962439188304,336.3866404492135,0.0,336.3866404492135,0,0.0,0.0,0.0,0.06953170403361711,0.8473843639207878,,,,,,,,,,
L10,2,50,labeled,1,577985,577985,406974,0,1282226.0708520862,483114.075464627,0.0,483114.075464627,0,0.0,0.0,0.0,0.007621844998578032,0.7041255395901278,,,,,,,,,,
L10,2,50,labeled,2,400164,400164,316145,0,2264828.0131002287,371483.74646265694,0.0,371483.74646265694,0,0.0,0.0,0.0,0.005232384952576758,0.790038584180486,,,,,,,,,,
L10,2,55,labeled,0,5212081,5212081,4560574,0,9047.453516790123,283.65974644848257,0.0,283.65974644848257,0,0.0,0.0,0.0,0.06949314057215589,0.8750005995685792,,,,,,,,,,
L10,2,55,labeled,1,570253,570253,404599,0,1260965.011341692,472145.98311833653,0.0,472145.98311833653,0,0.0,0.0,0.0,0.007522045485516694,0.709507885096615,,,,,,,,,,
L10,2,55,labeled,2,410818,410818,303856,0,2159017.4826380294,348326.6682585458,0.0,348326.6682585458,0,0.0,0.0,0.0,0.005373135995577093,0.7396365300449348,,,,,,,,,,
L10,2,60,labeled,0,5211282,5211282,4649693,0,13367.222121084676,552.9873652259236,0.0,552.9873652259236,0,0.0,0.0,0.0,0.06948142160709618,0.8922359219861831,,,,,,,,,,
L10,2,60,labeled,1,572468,572468,405821,0,1291734.122532131,487215.3025956524,0.0,487215.3025956524,0,0.0,0.0,0.0,0.007549805660909541,0.7088972658733763,,,,,,,,,,
L10,2,60,labeled,2,409402,409402,322562,0,2171843.863525527,396932.0742304675,0.0,396932.0742304675,0,0.0,0.0,0.0,0.005354704428800247,0.7878857455508278,,,,,,,,,,
L10,2,65,labeled,0,5206252,5206252,4525733,0,3023.3958397921897,108.40177932014268,0.0,108.40177932014268,0,0.0,0.0,0.0,0.06941554379816539,0.8692881174403391,,,,,,,,,,
L10,2,65,labeled,1,579830,579830,416270,0,1503687.128937297,505829.5334288929,0.0,505829.5334288929,0,0.0,0.0,0.0,0.007646947447398832,0.7179173205939672,,,,,,,,,,
L10,2,65,labeled,2,407070,407070,301316,0,1606370.3642751933,362478.0510252695,0.0,362478.0510252695,0,0.0,0.0,0.0,0.0053275816852492676,0.740206844031739,,,,,,,,,,
L10,2,70,labeled,0,5211225,5211225,4705106,0,2567.2680522499045,93.01945811334409,0.0,93.01945811334409,0,0.0,0.0,0.0,0.0694820315003379,0.9028790735383715,,,,,,,,,,
L10,2,70,labeled,1,573547,573547,406323,0,1368702.948759889,487487.0693540318,0.0,487487.0693540318,0,0.0,0.0,0.0,0.007564359570045375,0.7084388899253243,,,,,,,,,,
L10,2,70,labeled,2,408380,408380,315920,0,1912027.733642997,390262.64039319503,0.0,390262.64039319503,0,0.0,0.0,0.0,0.005342371605556016,0.7735932219991185,,,,,,,,,,
L10,2,75,labeled,0,5206508,5206508,4431425,0,6590.734532935052,240.87145265723686,0.0,240.87145265723686,0,0.0,0.0,0.0,0.0694183428172043,0.851131891087078,,,,,,,,,,
L10,2,75,labeled,1,572443,572443,413936,0,1542811.6071148661,509404.59617024247,0.0,509404.59617024247,0,0.0,0.0,0.0,0.007548846208962568,0.7231043090753141,,,,,,,,,,
L10,2,75,labeled,2,414201,414201,318524,0,1836406.7418287394,384613.23009584704,0.0,384613.23009584704,0,0.0,0.0,0.0,0.005420460337269775,0.7690082834179541,,,,,,,,,,
L10,2,80,labeled,0,5206508,5206508,4438565,0,4030.5716989643984,229.84288791714656,0.0,229.84288791714656,0,0.0,0.0,0.0,0.06941849100167384,0.8525032516996036,,,,,,,,,,
L10,2,80,labeled,1,572443,572443,412578,0,1347899.2221985399,499277.40745810966,0.0,499277.40745810966,0,0.0,0.0,0.0,0.00754926108328715,0.7207320204806418,,,,,,,,,,
L10,2,80,labeled,2,414201,414201,328779,0,2386256.1471862323,404879.0137617904,0.0,404879.0137617904,0,0.0,0.0,0.0,0.005419755608071177,0.7937667943824375,,,,,,,,,,
L10,2,85,labeled,0,5210138,5210138,4747964,0,14504.44769868999,557.090200697421,0.0,557.090200697421,0,0.0,0.0,0.0,0.06946536078873311,0.9112933285068457,,,,,,,,,,
L10,2,85,labeled,1,569811,569811,401507,0,1308345.960883837,483997.40848252765,0.0,483997.40848252765,0,0.0,0.0,0.0,0.007514765381235091,0.7046318867133137,,,,,,,,,,
L10,2,85,labeled,2,413203,413203,334436,0,2668620.099508462,404186.36042671686,0.0,404186.36042671686,0,0.0,0.0,0.0,0.005402867085116931,0.809374568916489,,,,,,,,,,
L10,2,90,labeled,0,5203330,5203330,4557700,0,21536.685641601664,827.5493112455378,0.0,827.5493112455378,0,0.0,0.0,0.0,0.06937425455248471,0.875919843638593,,,,,,,,,,
L10,2,90,labeled,1,572098,572098,414965,0,1472593.0292878076,509472.4413793299,0.0,509472.4413793299,0,0.0,0.0,0.0,0.007547412522116921,0.7253390153435251,,,,,,,,,,
L10,2,90,labeled,2,417724,417724,333315,0,2529934.5642053336,409462.73063751316,0.0,409462.73063751316,0,0.0,0.0,0.0,0.005462375398564023,0.7979311698633548,,,,,,,,,,
L10,2,95,labeled,0,5197071,5197071,4471780,0,9820.289140594672,525.8333855327655,0.0,525.8333855327655,0,0.0,0.0,0.0,0.06929125758421781,0.8604423530099935,,,,,,,,,,
L10,2,95,labeled,1,568193,568193,408330,0,1550746.169134754,504359.2677314725,0.0,504359.2677314725,0,0.0,0.0,0.0,0.007494364472081539,0.7186466570337896,,,,,,,,,,
L10,2,95,labeled,2,427888,427888,344082,0,2709384.0473249787,429704.34724298294,0.0,429704.34724298294,0,0.0,0.0,0.0,0.0056001374824335105,0.8041403357888045,,,,,,,,,,
L10,2,100,labeled,0,5215259,5215259,4355738,0,9058.390367946018,380.20282940952876,0.0,380.20282940952876,0,0.0,0.0,0.0,0.06953406446024948,0.835191118983736,,,,,,,,,,
L10,2,100,labeled,1,570598,570598,405127,0,1469491.2473749963,496453.3349784465,0.0,496453.3349784465,0,0.0,0.0,0.0,0.007524608194567572,0.7100042411645326,,,,,,,,,,
L10,2,100,labeled,2,407295,407295,323711,0,2354701.015120644,385625.9852126149,0.0,385625.9852126149,0,0.0,0.0,0.0,0.005328422729123063,0.7947826513951805,,,,,,,,,,
E_R1,1,5,labeled,0,8541428,8541428,4999864,4999864,0.0,0.0,164266.3135112581,3385.2774313074806,216296,,,1.3988810110276972e-14,0.11360158100159869,0.5853662876980289,,,,78.03305388682372,85.34061176332425,4999864,0,4999864,64,4.440892098500626e-16
E_R1,1,5,labeled,1,721124,721124,220080,220080,0.0,0.0,154257.59320804727,3543.280957621243,219933,,,1.4876988529977098e-14,0.009312544995574809,0.3051902308063523,,,,9.462890588972833,16.580191886012475,220080,0,220080,64,4.440892098500626e-16
E_R1,1,5,labeled,2,174632,174632,25155,25155,0.0,0.0,13347.822770887822,294.30289087567184,25155,,,1.3322676295501878e-14,0.002278592029420175,0.14404576480828257,,,,7.766134481261213,13.728096118399751,25155,0,25155,64,4.440892098500626e-16
E_R1,1,5,unlabeled,0,8354265,0,0,0,0.0,0.0,0.0,0.0,0,,,0.0,0.1111170101448032,0.0,8354265,0,0,,,0,0,0,64,0.0
E_R1,1,5,unlabeled,1,712935,0,0,0,0.0,0.0,0.0,0.0,0,,,0.0,0.009180297917123912,0.0,712935,0,0,,,0,0,0,64,0.0
E_R1,1,5,unlabeled,2,222528,0,0,0,0.0,0.0,0.0,0.0,0,,,0.0,0.0028976557836868856,0.0,222528,0,0,,,0,0,0,64,0.0
E_R1,1,10,labeled,0,8541428,8541428,4558283,4558283,0.0,0.0,164467.99578339173,3484.725403042629,221124,,,1.3322676295501878e-14,0.11360047903678905,0.5336675553549125,,,,70.42789906523996,78.76345198153382,4558283,0,4558283,64,4.440892098500626e-16
E_R1,1,10,labeled,1,721124,721124,222828,222828,0.0,0.0,168808.28652579928,2573.6712774253515,222807,,,1.509903313490213e-14,0.00931660361617105,0.309000948519256,,,,8.957978212762212,16.741750376732647,222828,0,222828,64,4.440892098500626e-16
E_R1,1,10,labeled,2,174632,174632,25612,25612,0.0,0.0,14254.43272088837,247.16593238178092,25612,,,1.4876988529977098e-14,0.0022796288559464727,0.14666269641302854,,,,7.080899475770932,13.501086465341219,25612,0,25612,64,4.440892098500626e-16
E_R1,1,10,unlabeled,0,8365192,0,0,0,0.0,0.0,0.0,0.0,0,,,0.0,0.11126183908687343,0.0,8365192,0,0,,,0,0,0,64,0.0
E_R1,1,10,unlabeled,1,703141,0,0,0,0.0,0.0,0.0,0.0,0,,,0.0,0.009050713241271262,0.0,703141,0,0,,,0,0,0,64,0.0
E_R1,1,10,unlabeled,2,221395,0,0,0,0.0,0.0,0.0,0.0,0,,,0.0,0.0028837123225017923,0.0,221395,0,0,,,0,0,0,64,0.0
E_R1,1,15,labeled,0,8541428,8541428,4551647,4551647,0.0,0.0,169001.2883763193,3751.5828986142615,227578,,,1.3322676295501878e-14,0.1136039021882678,0.5328906360856756,,,,77.5207823306288,86.93339922735845,4551647,0,4551647,64,4.440892098500626e-16
E_R1,1,15,labeled,1,721124,721124,223740,223740,0.0,0.0,174441.96196103332,6017.866060385324,223737,,,1.4432899320127035e-14,0.009311819112624296,0.31026564086065644,,,,8.87574460969011,17.025123082643216,223740,0,223740,64,4.440892098500626e-16
E_R1,1,15,labeled,2,174632,174632,27379,27379,0.0,0.0,15482.223621477387,401.91999224426723,27379,,,1.354472090042691e-14,0.002279562842125417,0.15678111686288881,,,,7.021283665697905,13.934828242042782,27379,0,27379,64,4.440892098500626e-16
E_R1,1,15,unlabeled,0,8306641,6246657,4235963,4235963,0.0,0.0,144.24424025733833,0.002368453522189074,272,,,8.881784197001252e-16,0.11050629950581256,0.6781167911092285,8306641,6246657,32,69.33414959047846,78.91256196203929,4235963,0,4235963,64,1.1101723178396839e-16
E_R1,1,15,unlabeled,1,770509,724243,188007,188007,0.0,0.0,156254.90330100074,4684.785006729014,187971,,,1.4210854715202004e-14,0.009922760308883978,0.25959104886067247,770509,724243,32,9.517655152735326,17.160184949559905,188007,0,188007,64,4.440892098500626e-16
E_R1,1,15,unlabeled,2,212578,199116,15079,15079,0.0,0.0,10752.284139072084,205.110714681501,15079,,,1.2434497875801753e-14,0.0027740013216793224,0.07572972538620704,212578,199116,32,6.964036449155342,13.235836500704405,15079,0,15079,64,4.440892098500626e-16
E_R1,1,20,labeled,0,8541428,8541428,4653518,4653518,0.0,0.0,174573.6064987234,2690.8743759323847,223730,,,1.2878587085651816e-14,0.11360774963670948,0.5448173303105757,,,,91.07058478767917,99.78070409044683,4653518,0,4653518,64,4.440892098500626e-16
E_R1,1,20,labeled,1,721124,721124,236531,236531,0.0,0.0,182652.3086813238,2595.0504766597237,236476,,,1.6209256159527285e-14,0.009310146009543482,0.3280032282936083,,,,11.401392099589142,19.157119872739997,236531,0,236531,64,4.440892098500626e-16
E_R1,1,20,labeled,2,174632,174632,29798,29798,0.0,0.0,17583.694920342525,264.668196725782,29333,,,1.4654943925052066e-14,0.0022800969389044946,0.1706331027532182,,,,11.572937424147494,16.07949396556137,29798,0,29798,64,4.440892098500626e-16
E_R1,1,20,unlabeled,0,8300080,6487709,4702533,4702533,0.0,0.0,202.7140259694366,0.0044910528111110366,400,,,4.579669976578771e-16,0.11042059491336731,0.7248372268238295,8300080,6487709,32,80.64527165684058,89.47759859975012,4702533,0,4702533,64,1.1102165570582745e-16
E_R1,1,20,unlabeled,1,784125,744131,225108,225108,0.0,0.0,188297.74489253355,4007.358757497103,225076,,,1.509903313490213e-14,0.010100903579390077,0.30251125137912543,784125,744131,32,11.178258719712828,19.6795262558106,225108,0,225108,64,4.440892098500626e-16
E_R1,1,20,unlabeled,2,205523,197225,21418,21418,0.0,0.0,16583.071134535396,98.85553985747117,21418,,,1.2101430968414206e-14,0.0026821073899834565,0.10859678032703765,205523,197225,32,8.648672117311273,15.030719795758205,21418,0,21418,64,4.440892098500626e-16
E_R1,1,25,labeled,0,8541428,8541428,4131450,4131450,0.0,0.0,172091.19280546458,3044.19191315223,229196,,,1.532107773982716e-14,0.11360127463504639,0.4836954663786898,,,,60.91200222821338,68.34853591878426,4131450,0,4131450,64,4.440892098500626e-16
E_R1,1,25,labeled,1,721124,721124,234797,234797,0.0,0.0,203262.8177202623,3061.817559175045,234786,,,1.3766765505351941e-14,0.009307779435915866,0.32559864877607736,,,,8.236590398885777,17.2031651097287,234797,0,234797,64,4.440892098500626e-16
E_R1,1,25,labeled,2,174632,174632,27759,27759,0.0,0.0,18298.8315807401,483.8196675743822,27759,,,1.3100631690576847e-14,0.0022806446324757767,0.15895712126070824,,,,9.495629176600932,15.104962935232324,27759,0,27759,64,4.440892098500626e-16
E_R1,1,25,unlabeled,0,8308057,6873357,3948149,3948149,0.0,0.0,2417.7689300409234,0.20000273739115146,3177,,,4.0245584642661925e-16,0.11052670260589895,0.574413492562659,8308057,6873357,32,59.30160799448315,66.85364005296674,3948149,0,3948149,64,1.1100594153873724e-16
E_R1,1,25,unlabeled,1,781644,751385,219791,219791,0.0,0.0,203578.3115027215,2494.5701865302326,219755,,,1.3766765505351941e-14,0.010054484604019554,0.2925144899086354,781644,751385,32,8.459252410575036,17.186152839923754,219791,0,219791,64,4.440892098500626e-16
E_R1,1,25,unlabeled,2,200027,191964,17867,17867,0.0,0.0,13269.77360166226,747.7975801855332,17865,,,1.1102230246251565e-14,0.0026160909398565877,0.09307474318101311,200027,191964,32,7.81050533487548,14.409830628964116,17867,0,17867,64,4.440892098500626e-16
E_R1,1,30,labeled,0,8541428,8541428,5156424,5156424,0.0,0.0,194161.01607471172,3120.578224823041,235412,,,1.532107773982716e-14,0.113602365316009,0.6036957754604968,,,,92.03731224159573,99.84861243540634,5156424,0,5156424,64,4.440892098500626e-16
E_R1,1,30,labeled,1,721124,721124,238512,238512,0.0,0.0,189038.64039982736,2120.5089265696756,233515,,,1.3322676295501878e-14,0.009310976963045874,0.3307503286536019,,,,15.479901760261797,23.232879153599026,238512,0,238512,64,4.440892098500626e-16
E_R1,1,30,labeled,2,174632,174632,27772,27772,0.0,0.0,15477.593721687845,261.1021598107843,26605,,,1.4432899320127035e-14,0.002277804502352029,0.1590315635164231,,,,9.908910500133308,15.899795772156201,27772,0,27772,64,4.440892098500626e-16
E_R1,1,30,unlabeled,0,8329429,8243957,4700388,4700388,0.0,0.0,125568.45330405653,217.11089054726276,114641,,,9.103828801926284e-15,0.11080106063120586,0.5701616347586481,8329429,8243957,32,101.92494337221572,109.56138378021166,4700388,0,4700388,64,4.440892098500626e-16
E_R1,1,30,unlabeled,1,743112,714497,216833,216833,0.0,0.0,198251.22025596196,1945.7276748554357,213514,,,1.3766765505351941e-14,0.009568472426502687,0.30347643167151156,743112,714497,32,17.497208861143953,24.909621898867528,216833,0,216833,64,4.440892098500626e-16
E_R1,1,30,unlabeled,2,217187,207852,28514,28514,0.0,0.0,20037.244927792064,1251.214379601466,26049,,,1.1546319456101628e-14,0.0028315158169088723,0.13718415026076247,217187,207852,32,10.770668427631623,16.534923772912222,28514,0,28514,64,4.440892098500626e-16
E_R1,1,35,labeled,0,8541428,8541428,4968890,4968890,0.0,0.0,186869.58651979265,3518.9727342149185,230246,,,1.4654943925052066e-14,0.11360144002821852,0.5817399619829378,,,,65.06044389947394,67.28823617222898,4968890,0,4968890,64,4.440892098500626e-16
E_R1,1,35,labeled,1,721124,721124,241042,241042,0.0,0.0,210552.29124574648,2137.2574289866557,240980,,,1.4876988529977098e-14,0.009300294562802415,0.33425874052174104,,,,9.837256906926337,18.14154251780383,241042,0,241042,64,4.440892098500626e-16
E_R1,1,35,labeled,2,174632,174632,29408,29408,0.0,0.0,22069.33462580923,634.4961211920216,29407,,,1.2323475573339238e-14,0.002279964371341002,0.16839983508177195,,,,9.90733262316889,15.741942031417302,29408,0,29408,64,4.440892098500626e-16
E_R1,1,35,unlabeled,0,8261045,7963261,4456188,4456188,0.0,0.0,26517.148263635885,130.35515303584316,31286,,,1.0880185641326534e-14,0.10993036414432385,0.5595933625684252,8261045,7963261,32,55.56459539303383,64.65452986543808,4456188,0,4456188,64,4.440892098500626e-16
E_R1,1,35,unlabeled,1,818311,787487,254074,254074,0.0,0.0,223707.36355208964,2063.1452954269685,253985,,,1.4654943925052066e-14,0.010524459219722612,0.3226389768973964,818311,787487,32,10.062445810565134,18.363308332527442,254074,0,254074,64,4.440892098500626e-16
E_R1,1,35,unlabeled,2,210372,203455,24250,24250,0.0,0.0,18684.458643635524,628.5243845265768,24242,,,1.1102230246251565e-14,0.0027466195408901778,0.11919097589147477,210372,203455,32,9.432121117671258,15.511309809716993,24250,0,24250,64,4.440892098500626e-16
E_R1,1,40,labeled,0,8541428,8541428,5163047,5163047,0.0,0.0,187789.896130174,3090.9919639402824,221135,,,1.4210854715202004e-14,0.11360376921675903,0.6044711727359875,,,,105.86055953804768,113.88848713360987,5163047,0,5163047,64,4.440892098500626e-16
E_R1,1,40,labeled,1,721124,721124,251458,251458,0.0,0.0,207337.4967164159,1586.8091784556257,249905,,,1.354472090042691e-14,0.009310898214354803,0.34870285831562947,,,,15.019063756567054,22.374929873581866,251458,0,251458,64,4.440892098500626e-16
E_R1,1,40,labeled,2,174632,174632,27674,27674,0.0,0.0,17065.217977089105,404.72539402161595,27613,,,1.3100631690576847e-14,0.002281354048629271,0.1584703834348802,,,,12.696407317520343,17.87968624300524,27674,0,27674,64,4.440892098500626e-16
E_R1,1,40,unlabeled,0,8290292,7917707,5477580,5477580,0.0,0.0,29138.97090864664,3.1073101603427133,19383,,,1.0436096431476471e-14,0.11029949454069175,0.6918139304725471,8290292,7917707,32,105.28580224298717,113.01199061581414,5477580,0,5477580,64,4.440892098500626e-16
E_R1,1,40,unlabeled,1,790866,760914,240370,240370,0.0,0.0,199809.57387398925,3680.6339404585246,237850,,,1.4876988529977098e-14,0.010184266433687231,0.3158964087925837,790866,760914,32,15.448806475952889,22.41355041799978,240370,0,240370,64,4.440892098500626e-16
E_R1,1,40,unlabeled,2,208570,200213,31502,31502,0.0,0.0,24429.198493506123,1025.1659905864124,29795,,,1.2656542480726785e-14,0.002719353585955696,0.15734243031171802,208570,200213,32,14.307822281752111,20.65750939332435,31502,0,31502,64,4.440892098500626e-16
E_R1,1,45,labeled,0,8541428,8541428,6647422,6647422,0.0,0.0,192624.09020038653,2697.3186896144493,211501,,,1.3100631690576847e-14,0.11360563107408453,0.7782565163576863,,,,79.55519326386133,86.93017229092942,6647422,0,6647422,64,4.440892098500626e-16
E_R1,1,45,labeled,1,721124,721124,255594,255594,0.0,0.0,217003.53017601816,1552.6559579518412,255028,,,1.509903313490213e-14,0.009304972148235226,0.3544383490218048,,,,11.767469751403794,19.890578337695025,255594,0,255594,64,4.440892098500626e-16
E_R1,1,45,labeled,2,174632,174632,32774,32774,0.0,0.0,20793.4963509207,531.1808039853295,32326,,,1.2878587085651816e-14,0.002282169662406583,0.18767465298456182,,,,14.853967486256023,19.582572354444224,32774,0,32774,64,4.440892098500626e-16
E_R1,1,45,unlabeled,0,8257662,7737651,5766167,5766167,0.0,0.0,14017.190849340099,12.887889553241823,9674,,,2.55351295663786e-15,0.10988736613535925,0.745208978797312,8257662,7737651,32,71.38629931122577,78.39071550091101,5766167,0,5766167,64,1.1102230246251565e-16
E_R1,1,45,unlabeled,1,811701,786119,253494,253494,0.0,0.0,219959.76378309503,1291.6518140822734,252119,,,1.4432899320127035e-14,0.01044306935794771,0.32246262970364536,811701,786119,32,11.925997271476703,20.05492335878406,253494,0,253494,64,4.440892098500626e-16
E_R1,1,45,unlabeled,2,220365,213874,35994,35994,0.0,0.0,27372.03955599094,901.9837751165607,35745,,,1.2212453270876722e-14,0.002873132513549324,0.1682953514686217,220365,213874,32,11.59615158063539,17.739328069132632,35994,0,35994,64,4.440892098500626e-16
E_R1,1,50,labeled,0,8541428,8541428,6600015,6600015,0.0,0.0,184781.58775696572,2344.665743749879,194478,,,1.3322676295501878e-14,0.11360657032071561,0.7727062734708997,,,,112.87740027101184,119.77500581391352,6600015,0,6600015,64,4.440892098500626e-16
E_R1,1,50,labeled,1,721124,721124,258619,258619,0.0,0.0,216897.5302953862,1245.0755059042297,254910,,,1.3766765505351941e-14,0.009310419416458559,0.3586331892989278,,,,17.572690532699568,24.572622994322415,258619,0,258619,64,4.440892098500626e-16
E_R1,1,50,labeled,2,174632,174632,35104,35104,0.0,0.0,21599.777653068126,378.80769492722203,30186,,,1.5987211554602254e-14,0.0022795541992520906,0.20101699573961243,,,,24.72839300024934,30.38635888430733,35104,0,35104,64,4.440892098500626e-16
E_R1,1,50,unlabeled,0,8275552,7663722,6476380,6476380,0.0,0.0,26363.562075766673,689.7033560642634,15748,,,1.0658141036401503e-14,0.1101062501923774,0.8450697976779429,8275552,7663722,32,115.17553814709352,124.58588372221288,6476380,0,6476380,64,4.440892098500626e-16
E_R1,1,50,unlabeled,1,804656,776150,282863,282863,0.0,0.0,250704.34307116613,1381.3978481934926,277098,,,1.3766765505351941e-14,0.010356673391901132,0.364443728660697,804656,776150,32,18.126360962103917,24.8497359419731,282863,0,282863,64,4.440892098500626e-16
E_R1,1,50,unlabeled,2,209520,203229,36635,36635,0.0,0.0,26197.63926228971,1047.5889618709505,33179,,,1.2212453270876722e-14,0.0027333626825055985,0.18026462758759823,209520,203229,32,20.936305266295275,26.369130060170423,36635,0,36635,64,4.440892098500626e-16
E_R1,1,55,labeled,0,8541428,8541428,5048462,5048462,0.0,0.0,194516.19520705254,4393.438151077138,225130,,,1.3766765505351941e-14,0.11360251453241407,0.59105596862726,,,,83.97947892656407,93.03716931528135,5048462,0,5048462,64,4.440892098500626e-16
E_R1,1,55,labeled,1,721124,721124,248655,248655,0.0,0.0,222614.31143653457,2593.446621416615,247064,,,1.4210854715202004e-14,0.009306822966388753,0.3448158707795053,,,,13.679361027708495,20.595377270111328,248655,0,248655,64,4.440892098500626e-16
E_R1,1,55,labeled,2,174632,174632,33110,33110,0.0,0.0,21081.1897019261,595.4240804549622,32783,,,1.3100631690576847e-14,0.0022794157642921273,0.18959869897842319,,,,20.308797169850145,25.8157302197028,33110,0,33110,64,4.440892098500626e-16
E_R1,1,55,unlabeled,0,8202248,6989337,5180154,5180154,0.0,0.0,361.88277830553875,0.0020657537179559152,710,,,1.0130785099704553e-15,0.10917861378978225,0.7411509847071331,8202248,6989337,32,70.31504363069999,78.60544538376459,5180154,0,5180154,64,1.1102230246251565e-16
E_R1,1,55,unlabeled,1,895755,862936,302772,302772,0.0,0.0,273432.6905051984,1531.4730183478548,300194,,,1.4654943925052066e-14,0.01151732934715163,0.35086263639481957,895755,862936,32,13.399556925157459,21.032327553858263,302772,0,302772,64,4.440892098500626e-16
E_R1,1,55,unlabeled,2,191725,186515,20542,20542,0.0,0.0,12248.580605670637,21.175472486334478,18846,,,1.0436096431476471e-14,0.0025054631862409162,0.11013591400155484,191725,186515,32,21.043962183012887,26.764370910480388,20542,0,20542,64,4.440892098500626e-16
E_R1,1,60,labeled,0,8541428,8541428,5168759,5168759,0.0,0.0,204275.95701325696,2875.606539935033,207307,,,1.3322676295501878e-14,0.11360329198468147,0.605139913372799,,,,70.92418628431525,79.76589746944356,5168759,0,5168759,64,4.440892098500626e-16
E_R1,1,60,labeled,1,721124,721124,260805,260805,0.0,0.0,219603.18786256184,1722.7454872868268,257472,,,1.509903313490213e-14,0.009305095812806346,0.36166456809092473,,,,17.365109332275942,24.732932308919537,260805,0,260805,64,4.440892098500626e-16
E_R1,1,60,labeled,2,174632,174632,35408,35408,0.0,0.0,23908.532432365944,554.0486071330113,33972,,,1.199040866595169e-14,0.002280229041185752,0.20275779925786797,,,,21.518614565837183,26.960564325098158,35408,0,35408,64,4.440892098500626e-16
E_R1,1,60,unlabeled,0,8268821,7089517,5077745,5077745,0.0,0.0,5777.484600268692,0.0708380783920508,3074,,,9.769962616701378e-15,0.11002686935800814,0.7162328547910951,8268821,7089517,32,70.76016735304268,78.63652018769749,5077745,0,5077745,64,2.220446049250313e-16
E_R1,1,60,unlabeled,1,800892,772649,251094,251094,0.0,0.0,220444.13183045492,1802.4200871394426,250821,,,1.4210854715202004e-14,0.010305006857522732,0.32497809483995965,800892,772649,32,11.904404163431142,20.44724617337346,251094,0,251094,64,4.440892098500626e-16
E_R1,1,60,unlabeled,2,220015,213989,34173,34173,0.0,0.0,24262.410836175048,630.4326914473302,32697,,,1.1324274851176597e-14,0.002869642236127121,0.15969512451574613,220015,213989,32,14.860897229688911,19.242740710067658,34173,0,34173,64,4.440892098500626e-16
E_R1,1,65,labeled,0,8541428,8541428,6663843,6663843,0.0,0.0,215078.21107567975,5262.585745208662,224160,,,1.4876988529977098e-14,0.11360527928488887,0.7801790286120776,,,,95.32132184482914,104.69310720491505,6663843,0,6663843,64,4.440892098500626e-16
E_R1,1,65,labeled,1,721124,721124,255568,255568,0.0,0.0,227127.8121247036,4118.139613869498,254862,,,1.3988810110276972e-14,0.009310368034883748,0.3544022941962825,,,,15.736901706762545,22.49813505343589,255568,0,255568,64,4.440892098500626e-16
E_R1,1,65,labeled,2,174632,174632,31828,31828,0.0,0.0,23886.03426325875,728.6677831691094,31519,,,1.3100631690576847e-14,0.0022811219701689856,0.18225754729946403,,,,14.243971070509335,19.327580782594403,31828,0,31828,64,4.440892098500626e-16
E_R1,1,65,unlabeled,0,8260611,7603895,5147521,5147521,0.0,0.0,9074.395974223711,1.4108630415321153,9810,,,5.218048215738236e-15,0.10993180980876814,0.6769584535294083,8260611,7603895,32,97.59884368016567,107.53856108417445,5147521,0,5147521,64,4.440892098500626e-16
E_R1,1,65,unlabeled,1,822503,797928,265215,265215,0.0,0.0,228086.34297716446,2170.5693150076236,263077,,,1.4210854715202004e-14,0.010577625950289599,0.3323796131981833,822503,797928,32,16.110389746188734,22.630037513746426,265215,0,265215,64,4.440892098500626e-16
E_R1,1,65,unlabeled,2,206614,201140,29506,29506,0.0,0.0,20989.215746538557,494.91628197129535,29118,,,1.1879386363489175e-14,0.0026955248629646138,0.14669384508302674,206614,201140,32,14.584655818935397,20.064151961707804,29506,0,29506,64,4.440892098500626e-16
E_R1,1,70,labeled,0,8541428,8541428,6370361,6370361,0.0,0.0,212490.2977219688,2978.030686362279,232990,,,1.3322676295501878e-14,0.11360484839348206,0.7458192002555076,,,,75.14795117022311,83.15601178782232,6370361,0,6370361,64,4.440892098500626e-16
E_R1,1,70,labeled,1,721124,721124,261251,261251,0.0,0.0,244895.26030355835,1184.7766398028398,261101,,,1.4210854715202004e-14,0.009306565394817602,0.36228304702103936,,,,11.326295736077668,19.732944654132965,261251,0,261251,64,4.440892098500626e-16
E_R1,1,70,labeled,2,174632,174632,32319,32319,0.0,0.0,23058.391420039396,516.5608663647806,31470,,,1.2101430968414206e-14,0.0022796485545671435,0.1850691740345412,,,,15.241215229927798,20.70223239842612,32319,0,32319,64,4.440892098500626e-16
E_R1,1,70,unlabeled,0,8207639,7517183,5624179,5624179,0.0,0.0,3930.9195678662663,1.7382265236253607,4771,,,8.881784197001252e-15,0.10925332767266058,0.7481764112966254,8207639,7517183,32,75.76499023955711,84.40026347721486,5624179,0,5624179,64,4.440892098500626e-16
E_R1,1,70,unlabeled,1,879590,855511,302699,302699,0.0,0.0,268744.5107060995,2175.8725606307003,302596,,,1.4654943925052066e-14,0.01129958626270013,0.3538224523121269,879590,855511,32,10.551519358801478,19.144901494448572,302699,0,302699,64,4.440892098500626e-16
E_R1,1,70,unlabeled,2,202499,197615,25312,25312,0.0,0.0,18926.72374370952,218.03465117518545,24265,,,1.176836406102666e-14,0.002643582861070812,0.1280874427548516,202499,197615,32,15.901347785679679,19.144878298766077,25312,0,25312,64,4.440892098500626e-16
E_R1,1,75,labeled,0,8541428,8541428,6163596,6163596,0.0,0.0,222089.09887858375,2986.291290529352,231593,,,1.354472090042691e-14,0.11360417803918213,0.7216118897214845,,,,115.87258551212975,125.03672267721419,6163596,0,6163596,64,4.440892098500626e-16
E_R1,1,75,labeled,1,721124,721124,254379,254379,0.0,0.0,237496.63867763753,1612.192950884333,251930,,,1.509903313490213e-14,0.00930873644097994,0.3527534792906629,,,,13.587748715353557,20.89318271270287,254379,0,254379,64,4.440892098500626e-16
E_R1,1,75,labeled,2,174632,174632,42026,42026,0.0,0.0,23791.43417244417,412.36197994349607,32015,,,1.3766765505351941e-14,0.0022783613043616266,0.24065463374410187,,,,28.118934904028634,33.96509658324985,42026,0,42026,64,4.440892098500626e-16
E_R1,1,75,unlabeled,0,8204081,7551952,5440785,5440785,0.0,0.0,1865.1674920692005,0.024632638427022357,4019,,,1.2351231148954867e-15,0.10920563300168641,0.7204475081409416,8204081,7551952,32,111.42068765087512,118.64168929604607,5440785,0,5440785,64,1.1102230246251565e-16
E_R1,1,75,unlabeled,1,879075,855437,309641,309641,0.0,0.0,280740.5690230561,1301.7027173479862,305219,,,1.532107773982716e-14,0.011302736728292967,0.36196821040006455,879075,855437,32,12.950340331736108,21.085502814571107,309641,0,309641,64,4.440892098500626e-16
E_R1,1,75,unlabeled,2,206572,202354,33218,33218,0.0,0.0,18795.213669937853,70.05554478807753,28818,,,1.4210854715202004e-14,0.00269614306714339,0.16415786196467577,206572,202354,32,26.38088177382415,31.92157879714629,33218,0,33218,64,4.440892098500626e-16
E_R1,1,80,labeled,0,8541428,8541428,7145455,7145455,0.0,0.0,213780.02494675078,3244.2669914275098,222342,,,1.4654943925052066e-14,0.11359927239857684,0.8365644480056497,,,,83.68415624557957,92.69108372967433,7145455,0,7145455,64,4.440892098500626e-16
E_R1,1,80,labeled,1,721124,721124,257807,257807,0.0,0.0,234377.3986266601,1901.9889006848273,257484,,,1.3766765505351941e-14,0.0093112268954997,0.3575071693633827,,,,12.080847511853026,20.21322339793204,257807,0,257807,64,4.440892098500626e-16
E_R1,1,80,labeled,2,174632,174632,39947,39947,0.0,0.0,24353.856470784962,689.5235586045955,35608,,,1.3100631690576847e-14,0.0022788938646661765,0.22874959915708462,,,,20.934675068871755,26.063718784440642,39947,0,39947,64,4.440892098500626e-16
E_R1,1,80,unlabeled,0,8223510,7737625,6127150,6127150,0.0,0.0,5144.206115048678,0.11414652676451754,5347,,,5.10702591327572e-15,0.10945706878383292,0.7918644286845123,8223510,7737625,32,87.72012632091752,96.8605244422166,6127150,0,6127150,64,2.220446049250313e-16
E_R1,1,80,unlabeled,1,857160,832691,290831,290831,0.0,0.0,258841.21679590197,754.4080709610611,290249,,,1.354472090042691e-14,0.01101842567550315,0.3492664145523369,857160,832691,32,12.389018091799146,20.845819961823906,290831,0,290831,64,4.440892098500626e-16
E_R1,1,80,unlabeled,2,209058,204559,36051,36051,0.0,0.0,20611.645494409713,79.17896218855635,32157,,,1.176836406102666e-14,0.0027280499937294813,0.17623766248368442,209058,204559,32,18.2105212189288,23.375960030594992,36051,0,36051,64,4.440892098500626e-16
E_R1,1,85,labeled,0,8541428,8541428,6624754,6624754,0.0,0.0,224325.61600653906,3641.065107239783,203509,,,1.3100631690576847e-14,0.11360781200295558,0.7756026275700035,,,,75.86168782893631,83.54386309981783,6624754,0,6624754,64,4.440892098500626e-16
E_R1,1,85,labeled,1,721124,721124,264843,264843,0.0,0.0,236988.47088266117,2059.906290932404,262636,,,1.3766765505351941e-14,0.00930706931188682,0.3672641598393619,,,,14.628067696508209,22.484250976621034,264843,0,264843,64,4.440892098500626e-16
E_R1,1,85,labeled,2,174632,174632,40309,40309,0.0,0.0,23852.200746392755,504.6899935297408,36645,,,1.2656542480726785e-14,0.002281005725351029,0.23082252966237574,,,,21.3750207782188,26.760761481724504,40309,0,40309,64,4.440892098500626e-16
E_R1,1,85,unlabeled,0,8234120,7793199,5249206,5249206,0.0,0.0,5420.745529594242,48.37527887237486,8290,,,7.216449660063518e-15,0.10959562093080281,0.6735624228253378,8234120,7793199,32,84.4247064383741,91.5643413528967,5249206,0,5249206,64,4.440892098500626e-16
E_R1,1,85,unlabeled,1,853331,833035,283591,283591,0.0,0.0,242914.5880215204,5214.389616554225,282745,,,1.4432899320127035e-14,0.01096566275497283,0.34043107432460823,853331,833035,32,15.04097333969381,21.99460414403782,283591,0,283591,64,4.440892098500626e-16
E_R1,1,85,unlabeled,2,202277,198350,35834,35834,0.0,0.0,17175.951689221758,62.34253872755795,31521,,,1.1213252548714081e-14,0.002638957322500088,0.18066044870178977,202277,198350,32,24.697621290410805,30.611761714517204,35834,0,35834,64,4.440892098500626e-16
E_R1,1,90,labeled,0,8541428,8541428,6336123,6336123,0.0,0.0,225880.74104743722,5838.101994345532,201135,,,1.3322676295501878e-14,0.11360662744760733,0.741810737033667,,,,97.1971053330797,107.31290820293273,6336123,0,6336123,64,4.440892098500626e-16
E_R1,1,90,labeled,1,721124,721124,263679,263679,0.0,0.0,238838.03105173347,1995.3573236049185,260237,,,1.3988810110276972e-14,0.009309863283339914,0.36565001303520617,,,,15.917898833171053,23.357638711303174,263679,0,263679,64,4.440892098500626e-16
E_R1,1,90,labeled,2,174632,174632,52996,52996,0.0,0.0,26532.330071526612,523.0173665977333,37894,,,1.2656542480726785e-14,0.0022809225090612735,0.3034724449127308,,,,32.547360497374456,37.36700731416999,52996,0,52996,64,4.440892098500626e-16
E_R1,1,90,unlabeled,0,8230833,7738467,6813873,6813873,0.0,0.0,2940.229856978896,0.010248461006823757,2505,,,5.10702591327572e-15,0.1095468170019042,0.8805197463528629,8230833,7738467,32,93.34093044846865,99.9962300441867,6813873,0,6813873,64,2.220446049250313e-16
E_R1,1,90,unlabeled,1,855991,837165,307138,307138,0.0,0.0,268753.69118963275,1359.3048515914427,297126,,,1.4432899320127035e-14,0.011002003781240213,0.36687869177521754,855991,837165,32,16.45670570991047,24.75319973511608,307138,0,307138,64,4.440892098500626e-16
E_R1,1,90,unlabeled,2,202904,199201,39943,39943,0.0,0.0,17534.31526679013,217.61977160241008,28105,,,1.1102230246251565e-14,0.0026481269730102655,0.2005160616663571,202904,199201,32,35.06408796619278,40.56097251854938,39943,0,39943,64,4.440892098500626e-16
E_R1,1,95,labeled,0,8541428,8541428,6676003,6676003,0.0,0.0,229142.1988299286,2426.8464430078975,209496,,,1.3100631690576847e-14,0.11360844597724931,0.7816026781470264,,,,98.06237105551426,106.8180250060245,6676003,0,6676003,64,4.440892098500626e-16
E_R1,1,95,labeled,1,721124,721124,270722,270722,0.0,0.0,239276.19297837577,5967.259268009605,265976,,,1.5765166949677223e-14,0.009311856358150544,0.3754167105795952,,,,15.39997259877131,22.876760517975498,270722,0,270722,64,4.440892098500626e-16
E_R1,1,95,labeled,2,174632,174632,48602,48602,0.0,0.0,26809.47190781593,1257.2571725826058,38792,,,1.199040866595169e-14,0.002280246133978288,0.2783109624811031,,,,23.125254048845793,28.903587773826665,48602,0,48602,64,4.440892098500626e-16
E_R1,1,95,unlabeled,0,8227373,7744164,5991608,5991608,0.0,0.0,3313.2568577526777,0.06329658506926557,4012,,,2.886579864025407e-15,0.10950278337664754,0.7736933257095279,8227373,7744164,32,101.88249609966267,110.31330763690178,5991608,0,5991608,64,1.1102230246251565e-16
E_R1,1,95,unlabeled,1,844783,825871,300666,300666,0.0,0.0,258116.76954323144,865.8832904640193,294969,,,1.4432899320127035e-14,0.010866405405359346,0.36405927802283894,844783,825871,32,16.07564863328615,23.4137576157142,300666,0,300666,64,4.440892098500626e-16
E_R1,1,95,unlabeled,2,217572,214145,52031,52031,0.0,0.0,22562.222738946926,113.58281620181657,37780,,,8.770761894538737e-15,0.002830401451901399,0.24297088421396718,217572,214145,32,25.89214667521309,31.865856512588753,52031,0,52031,64,4.440892098500626e-16
E_R1,1,100,labeled,0,8541428,8541428,7152736,7152736,0.0,0.0,223511.8742007897,3495.764773623634,212878,,,1.3100631690576847e-14,0.11360387663841555,0.8374168815799887,,,,75.26265678285586,79.46180754296121,7152736,0,7152736,64,4.440892098500626e-16
E_R1,1,100,labeled,1,721124,721124,269399,269399,0.0,0.0,251692.84393240456,1351.6683101999997,267858,,,1.4654943925052066e-14,0.00930338972466286,0.37358207465012955,,,,12.442513176227823,20.76027103844596,269399,0,269399,64,4.440892098500626e-16
E_R1,1,100,labeled,2,174632,174632,49574,49574,0.0,0.0,27359.57083441163,495.0732101372386,41509,,,1.3988810110276972e-14,0.0022800102526964764,0.2838769526776307,,,,25.032262561651905,31.75186187138354,49574,0,49574,64,4.440892098500626e-16
E_R1,1,100,unlabeled,0,8209215,7748160,6909973,6909973,0.0,0.0,3349.6321523671118,0.3172885803992263,4355,,,2.886579864025407e-15,0.10927401175694446,0.8918211549580803,8209215,7748160,32,78.95797544978365,87.45777044072709,6909973,0,6909973,64,2.220446049250313e-16
E_R1,1,100,unlabeled,1,875323,856581,311017,311017,0.0,0.0,277650.5882579842,1581.6055876283785,309900,,,1.3322676295501878e-14,0.01125507020793371,0.3630911729305226,875323,856581,32,12.861358141805312,20.531197434299443,311017,0,311017,64,4.440892098500626e-16
E_R1,1,100,unlabeled,2,205190,201925,49280,49280,0.0,0.0,20851.811279191403,227.7800545744472,40098,,,1.2212453270876722e-14,0.002673494663491041,0.24405100903800916,205190,201925,32,22.912598869317048,29.01859518103763,49280,0,49280,64,4.440892098500626e-16
E_R1,2,5,labeled,0,5203330,5203330,4038189,4038189,0.0,0.0,21526.213460654293,0.0017750975447760184,3082,,,4.218847493575595e-15,0.06933491029193764,0.776077819396425,,,,96.22162747658894,103.48567547111453,4038189,0,4038189,64,4.440892098500626e-16
E_R1,2,5,labeled,1,572098,572098,366154,366154,0.0,0.0,289564.88370459515,8977.848116187728,363916,,,1.6209256159527285e-14,0.007425475428723604,0.6400197169016497,,,,10.710912254222919,19.638344899583082,366154,0,366154,64,4.440892098500626e-16
E_R1,2,5,labeled,2,417724,417724,282750,282750,0.0,0.0,256229.83804142388,18374.052704669823,282737,,,1.509903313490213e-14,0.00544472639856364,0.6768823433654758,,,,10.13214479912778,18.906741431390408,282750,0,282750,64,4.440892098500626e-16
E_R1,2,5,unlabeled,0,5211688,0,0,0,0.0,0.0,0.0,0.0,0,,,0.0,0.06943611836525111,0.0,5211688,0,0,,,0,0,0,64,0.0
E_R1,2,5,unlabeled,1,546009,0,0,0,0.0,0.0,0.0,0.0,0,,,0.0,0.007050490049359788,0.0,546009,0,0,,,0,0,0,64,0.0
E_R1,2,5,unlabeled,2,287999,0,0,0,0.0,0.0,0.0,0.0,0,,,0.0,0.0037612204022045995,0.0,287999,0,0,,,0,0,0,64,0.0
E_R1,2,10,labeled,0,5211282,5211282,4120192,4120192,0.0,0.0,20275.859211988,0.14905511825757345,7898,,,5.773159728050814e-15,0.06944012291516757,0.7906292539916282,,,,99.0811178582001,108.1623588012402,4120192,0,4120192,64,4.440892098500626e-16
E_R1,2,10,labeled,1,572468,572468,359194,359194,0.0,0.0,295421.36442455626,9831.250715230739,358115,,,1.509903313490213e-14,0.007426525137335199,0.6274481717755402,,,,10.277124157828451,17.786576290579188,359194,0,359194,64,4.440892098500626e-16
E_R1,2,10,labeled,2,409402,409402,283038,283038,0.0,0.0,262102.1195554379,20676.445868969164,283027,,,1.4210854715202004e-14,0.005337759613031477,0.6913449372499402,,,,9.772423218361386,17.754185071840972,283038,0,283038,64,4.440892098500626e-16
E_R1,2,10,unlabeled,0,5221525,0,0,0,0.0,0.0,0.0,0.0,0,,,0.0,0.06955618130226607,0.0,5221525,0,0,,,0,0,0,64,0.0
E_R1,2,10,unlabeled,1,541522,0,0,0,0.0,0.0,0.0,0.0,0,,,0.0,0.007007687901917828,0.0,541522,0,0,,,0,0,0,64,0.0
E_R1,2,10,unlabeled,2,282649,0,0,0,0.0,0.0,0.0,0.0,0,,,0.0,0.0036854444881219283,0.0,282649,0,0,,,0,0,0,64,0.0
E_R1,2,15,labeled,0,5206252,5206252,4540267,4540267,0.0,0.0,21366.4297071275,0.806826770562019,20256,,,5.329070518200751e-15,0.06937467206952148,0.8720797610257821,,,,78.35423863130883,88.14300281833087,4540267,0,4540267,64,4.440892098500626e-16
E_R1,2,15,labeled,1,579830,579830,371531,371531,0.0,0.0,363886.0025856799,9273.652149276582,371512,,,1.532107773982716e-14,0.0075252457336351455,0.6407584981805012,,,,7.010606183403739,17.129742448265052,371531,0,371531,64,4.440892098500626e-16
E_R1,2,15,labeled,2,407070,407070,281200,281200,0.0,0.0,293531.4886318738,25054.29074638663,281200,,,1.554312234475219e-14,0.005305574487201145,0.6907902817697202,,,,9.110134832214012,18.08571524341774,281200,0,281200,64,4.440892098500626e-16
E_R1,2,15,unlabeled,0,5191780,4717207,4420404,4420404,0.0,0.0,92.11881296975746,0.00033560630752155977,119,,,4.85722573273506e-17,0.06918077390906667,0.9370807768240825,5191780,4717207,21,92.03683998039897,98.7752971774166,4420404,0,4420404,64,1.1101626811310216e-16
E_R1,2,15,unlabeled,1,565638,510348,193096,193096,0.0,0.0,189749.78806105052,2057.274635499895,193036,,,1.4654943925052066e-14,0.007304176188996114,0.3783614318073158,565638,510348,21,7.248125865716245,16.46308789520794,193096,0,193096,64,4.440892098500626e-16
E_R1,2,15,unlabeled,2,288278,269073,154993,154993,0.0,0.0,154064.90984292896,1822.0795756095608,154992,,,1.4654943925052066e-14,0.0037569963169512607,0.5760258368546826,288278,269073,21,10.119970820215253,16.99650631215761,154993,0,154993,64,4.440892098500626e-16
E_R1,2,20,labeled,0,5209247,5209247,4115063,4115063,0.0,0.0,20564.594558961875,0.3947655943987285,4096,,,5.440092820663267e-15,0.06941284377752095,0.7899535191938489,,,,79.43449757835734,88.6132167785807,4115063,0,4115063,64,4.440892098500626e-16
E_R1,2,20,labeled,1,571488,571488,363840,363840,0.0,0.0,379707.3350041798,13026.563313849314,363826,,,1.4876988529977098e-14,0.007414032106547753,0.6366537880060473,,,,7.048019995924916,17.413279572141047,363840,0,363840,64,4.440892098500626e-16
E_R1,2,20,labeled,2,412417,412417,286175,286175,0.0,0.0,290324.49769011635,26279.206229827138,286175,,,1.4432899320127035e-14,0.005378866280123287,0.6938971962843433,,,,8.364306692382113,17.720995278328832,286175,0,286175,64,4.440892098500626e-16
E_R1,2,20,unlabeled,0,5119001,4711099,4368950,4368950,0.0,0.0,140.06429296451327,0.0011559642773053926,102,,,2.7755575615628914e-17,0.06822673452957183,0.9273738463148408,5119001,4711099,21,67.40348325718777,76.42281106769788,4368950,0,4368950,64,1.1101853555066854e-16
E_R1,2,20,unlabeled,1,632159,588643,268840,268840,0.0,0.0,278959.25298957736,6438.377392508231,268837,,,1.4432899320127035e-14,0.008181972963052899,0.4567114532917235,632159,588643,21,6.845692884306701,16.752614704259244,268840,0,268840,64,4.440892098500626e-16
E_R1,2,20,unlabeled,2,294536,273958,159041,159041,0.0,0.0,169060.00455694256,2475.227945304425,159041,,,1.3988810110276972e-14,0.003840605519203779,0.5805305922805686,294536,273958,21,9.620377163424584,17.242268399937657,159041,0,159041,64,4.440892098500626e-16
E_R1,2,25,labeled,0,5213060,5213060,4544302,4544302,0.0,0.0,21924.09524989828,0.9167939241702915,7564,,,4.6629367034256575e-15,0.0694643832642801,0.8717148853072859,,,,70.96052904632522,79.80319144692453,4544302,0,4544302,64,4.440892098500626e-16
E_R1,2,25,labeled,1,577543,577543,358803,358803,0.0,0.0,373540.79121154634,13427.95420303679,358780,,,1.4210854715202004e-14,0.007492298261458324,0.6212576379594247,,,,7.380140757498214,17.443938704958036,358803,0,358803,64,4.440892098500626e-16
E_R1,2,25,labeled,2,402549,402549,290472,290472,0.0,0.0,329216.7156520613,20957.019211830317,290472,,,1.4654943925052066e-14,0.0052469310226291345,0.7215817204862017,,,,13.479989523895146,20.46784347611608,290472,0,290472,64,4.440892098500626e-16
E_R1,2,25,unlabeled,0,5144751,4855945,4415649,4415649,0.0,0.0,33.93363806630174,0.001487738745311393,501,,,1.3877787807814457e-16,0.06857548647584658,0.9093284623281359,5144751,4855945,21,70.31360185189584,79.3656606726936,4415649,0,4415649,64,1.1101371949026917e-16
E_R1,2,25,unlabeled,1,611777,581134,253941,253941,0.0,0.0,273007.918069682,2694.1898510791652,253929,,,1.3766765505351941e-14,0.007901684664306134,0.4369749489790651,611777,581134,21,8.612632252168225,17.587310618729727,253941,0,253941,64,4.440892098500626e-16
E_R1,2,25,unlabeled,2,289168,276039,167635,167635,0.0,0.0,179034.88174885564,2658.6340239245214,167635,,,1.5765166949677223e-14,0.0037731488209986836,0.60728737605918,289168,276039,21,14.540209462903867,20.128651775395337,167635,0,167635,64,4.440892098500626e-16
E_R1,2,30,labeled,0,5210138,5210138,4830642,4830642,0.0,0.0,21622.893184859495,0.32592991762344464,5386,,,3.9968028886505635e-15,0.06942376245002543,0.9271620060735435,,,,73.03230946513965,81.7372076233143,4830642,0,4830642,64,4.440892098500626e-16
E_R1,2,30,labeled,1,569811,569811,357541,357541,0.0,0.0,386614.90379681886,9980.932105988526,357359,,,1.4876988529977098e-14,0.007394183434291405,0.6274729691073004,,,,7.409767104844362,17.752457226060866,357541,0,357541,64,4.440892098500626e-16
E_R1,2,30,labeled,2,413203,413203,296531,296531,0.0,0.0,318890.17369739566,15955.531522846339,296508,,,1.4654943925052066e-14,0.005385744367824184,0.7176399977734915,,,,14.66936798826778,21.238799633190926,296531,0,296531,64,4.440892098500626e-16
E_R1,2,30,unlabeled,0,5086027,4877316,4269938,4269938,0.0,0.0,145.120455983813,0.001198614384972622,224,,,4.163336342344337e-17,0.06779710771318004,0.8754688029235752,5086027,4877316,21,79.46179275735399,87.36185281242987,4269938,0,4269938,64,1.1102230246251565e-16
E_R1,2,30,unlabeled,1,599195,568444,310891,310891,0.0,0.0,320199.8384097854,3828.6960183219876,310421,,,1.4654943925052066e-14,0.007738017606226129,0.5469157911773191,599195,568444,21,7.453316093044068,17.46116491988086,310891,0,310891,64,4.440892098500626e-16
E_R1,2,30,unlabeled,2,360474,345439,235694,235694,0.0,0.0,254882.20384352517,9963.512234259511,235684,,,1.4876988529977098e-14,0.004716651505993406,0.682302808889558,360474,345439,21,15.388604695887542,22.093155284266622,235694,0,235694,64,4.440892098500626e-16
E_R1,2,35,labeled,0,5196655,5196655,4696626,4696626,0.0,0.0,21761.090166576174,0.3164519367483679,4693,,,4.884981308350689e-15,0.06924504837624247,0.903778680709033,,,,85.99359903261477,94.99603403371952,4696626,0,4696626,64,4.440892098500626e-16
E_R1,2,35,labeled,1,575997,575997,364576,364576,0.0,0.0,399327.0498703196,9302.742262569249,364434,,,1.4654943925052066e-14,0.00746999095753008,0.6329477410472624,,,,7.372761065600264,17.902284415094087,364576,0,364576,64,4.440892098500626e-16
E_R1,2,35,labeled,2,420500,420500,308733,308733,0.0,0.0,337909.873693742,21283.20811422688,308733,,,1.4654943925052066e-14,0.0054817949222125085,0.73420451843044,,,,15.567964365995092,22.32055844444476,308733,0,308733,64,4.440892098500626e-16
E_R1,2,35,unlabeled,0,5116942,4904772,4706897,4706897,0.0,0.0,154.78414050117996,0.00026120135424060334,194,,,2.0816681711721685e-17,0.06821050500256388,0.9596566364348842,5116942,4904772,21,78.76388502888602,87.05227873467243,4706897,0,4706897,64,1.1101972773967056e-16
E_R1,2,35,unlabeled,1,675826,649849,286786,286786,0.0,0.0,297259.29305152374,4928.734563585475,286226,,,1.4654943925052066e-14,0.008742746163137673,0.4413117508836668,675826,649849,21,8.188534042030385,17.961647809808984,286786,0,286786,64,4.440892098500626e-16
E_R1,2,35,unlabeled,2,252928,241462,139051,139051,0.0,0.0,141281.18835312236,3010.0553394704084,136875,,,1.4210854715202004e-14,0.0032947308369883225,0.5758711515683628,252928,241462,21,25.59313264608761,30.53931851749466,139051,0,139051,64,4.440892098500626e-16
E_R1,2,40,labeled,0,5210973,5210973,4798422,4798422,0.0,0.0,27663.074156754315,0.21458183850038842,9078,,,5.329070518200751e-15,0.0694265743451771,0.9208303324542269,,,,77.95007744355115,84.66693838563715,4798422,0,4798422,64,4.440892098500626e-16
E_R1,2,40,labeled,1,573426,573426,358494,358494,0.0,0.0,389689.02570272016,11267.526397330013,358475,,,1.4432899320127035e-14,0.007442420954700824,0.625179186154796,,,,9.19990849251949,18.747904521340768,358494,0,358494,64,4.440892098500626e-16
E_R1,2,40,labeled,2,408753,408753,297964,297964,0.0,0.0,337605.8053193786,18877.995715587665,297962,,,1.4432899320127035e-14,0.005327921179178741,0.7289585642184889,,,,13.69638469561578,21.407766724024825,297964,0,297964,64,4.440892098500626e-16
E_R1,2,40,unlabeled,0,5116367,4879323,4215717,4215717,0.0,0.0,152.70511505191075,0.0006792640156751725,939,,,6.245004513516506e-17,0.06819516202993627,0.8639962962074862,5116367,4879323,21,75.1537570431899,84.8207864449613,4215717,0,4215717,64,1.1102230246251565e-16
E_R1,2,40,unlabeled,1,628401,601259,290612,290612,0.0,0.0,317375.01892608276,4258.363476861909,290594,,,1.3766765505351941e-14,0.00812568577750002,0.4833391267324065,628401,601259,21,8.985488902935044,18.20027466944029,290612,0,290612,64,4.440892098500626e-16
E_R1,2,40,unlabeled,2,300928,287269,176534,176534,0.0,0.0,187105.72889395946,3643.5984619908345,176533,,,1.4210854715202004e-14,0.003929378969809608,0.6145250618758028,300928,287269,21,14.635101300447955,20.491746021936272,176534,0,176534,64,4.440892098500626e-16
E_R1,2,45,labeled,0,5210298,5210298,4685898,4685898,0.0,0.0,20084.26342979701,0.2664991541658442,10316,,,4.440892098500626e-15,0.06942720272899988,0.8993531655962864,,,,78.47489669228763,85.8311621692216,4685898,0,4685898,64,4.440892098500626e-16
E_R1,2,45,labeled,1,569394,569394,365323,365323,0.0,0.0,409897.1037855805,10862.663047518032,365306,,,1.532107773982716e-14,0.007387192260601124,0.6415996656094023,,,,8.14731667951358,18.440426508827727,365323,0,365323,64,4.440892098500626e-16
E_R1,2,45,labeled,2,413460,413460,299751,299751,0.0,0.0,343432.8364569653,18893.73710236124,299751,,,1.4432899320127035e-14,0.005389803920116329,0.7249818603976201,,,,13.080635987714523,21.241453066651925,299751,0,299751,64,4.440892098500626e-16
E_R1,2,45,unlabeled,0,5107771,4925744,4287156,4287156,0.0,0.0,198.7243113972319,0.0006788966044075728,374,,,8.326672684688674e-17,0.06808744030728969,0.8703570465700207,5107771,4925744,21,76.44567502894547,84.75239682056782,4287156,0,4287156,64,1.1102230246251565e-16
E_R1,2,45,unlabeled,1,666835,647201,303533,303533,0.0,0.0,342642.3656384185,4051.730429154807,303477,,,1.354472090042691e-14,0.00863559309316214,0.46899340390388766,666835,647201,21,8.473520079061084,18.435439948657038,303533,0,303533,64,4.440892098500626e-16
E_R1,2,45,unlabeled,2,271090,260717,152407,152407,0.0,0.0,165380.73956399772,2743.0941319334047,152407,,,1.3988810110276972e-14,0.0035323935956663418,0.5845687085997461,271090,260717,21,17.728172551188322,22.99346614482165,152407,0,152407,64,4.440892098500626e-16
E_R1,2,50,labeled,0,5215003,5215003,4872562,4872562,0.0,0.0,21205.605701726912,0.007355771963919039,710,,,4.884981308350689e-15,0.06949074591689142,0.9343354164896933,,,,90.88390109308727,99.29697886335998,4872562,0,4872562,64,4.440892098500626e-16
E_R1,2,50,labeled,1,577985,577985,366325,366325,0.0,0.0,400834.97375802655,5373.693033984363,359885,,,1.532107773982716e-14,0.007497994479195379,0.633796724828499,,,,11.097942893925342,19.287506259763216,366325,0,366325,64,4.440892098500626e-16
E_R1,2,50,labeled,2,400164,400164,295368,295368,0.0,0.0,318736.38980809634,14115.208827262712,293396,,,1.4432899320127035e-14,0.005214775174354761,0.7381173718775302,,,,27.37895709100305,32.07669146633419,295368,0,295368,64,4.440892098500626e-16
E_R1,2,50,unlabeled,0,5116398,4940147,4452907,4452907,0.0,0.0,495.34024998086807,0.0023745744644373657,168,,,8.881784197001252e-16,0.06819629407173078,0.9013713559535779,5116398,4940147,21,100.56767018832142,109.63059485448342,4452907,0,4452907,64,2.220446049250313e-16
E_R1,2,50,unlabeled,1,646843,622798,269178,269178,0.0,0.0,296885.6741630281,4503.660418460945,267050,,,1.4654943925052066e-14,0.008377782623377175,0.4322075536530304,646843,622798,21,9.931130784289893,18.84772883152162,269178,0,269178,64,4.440892098500626e-16
E_R1,2,50,unlabeled,2,282455,271420,184384,184384,0.0,0.0,186795.75313588505,2073.024384018912,161189,,,1.354472090042691e-14,0.003682576157697565,0.679330926239776,282455,271420,21,28.664556537382992,34.582007732915855,184384,0,184384,64,4.440892098500626e-16
E_R1,2,55,labeled,0,5212081,5212081,4664327,4664327,0.0,0.0,18278.93622245725,0.14301159011645898,2650,,,4.218847493575595e-15,0.06945186792586464,0.8949068519848407,,,,99.29428088465697,107.55461472424395,4664327,0,4664327,64,4.440892098500626e-16
E_R1,2,55,labeled,1,570253,570253,364264,364264,0.0,0.0,408123.79203685187,8367.543326460218,364184,,,1.509903313490213e-14,0.007398906391951041,0.6387761221773494,,,,10.7654111808206,19.412462431002318,364264,0,364264,64,4.440892098500626e-16
E_R1,2,55,labeled,2,410818,410818,297326,297326,0.0,0.0,319027.92383030144,34663.27817831165,296988,,,1.354472090042691e-14,0.005356360518300959,0.7237414134726327,,,,17.578653045136857,24.547247728355938,297326,0,297326,64,4.440892098500626e-16
E_R1,2,55,unlabeled,0,5093761,4936116,4713983,4713983,0.0,0.0,176.6339621135154,0.0007766621521633479,476,,,8.326672684688674e-17,0.06790528554876994,0.954998423862,5093761,4936116,21,99.95701507376131,108.3699747171652,4713983,0,4713983,64,1.1102230246251565e-16
E_R1,2,55,unlabeled,1,726728,707671,326785,326785,0.0,0.0,345846.49811476923,3933.9094913696927,326285,,,1.509903313490213e-14,0.009413119908537168,0.46177531649594233,726728,707671,21,9.691466925914227,18.956433052870747,326785,0,326785,64,4.440892098500626e-16
E_R1,2,55,unlabeled,2,225207,216342,113082,113082,0.0,0.0,113586.13335072178,7430.28077837437,112060,,,1.354472090042691e-14,0.002929574939181468,0.5227001691765816,225207,216342,21,21.11676747209589,26.24650647278874,113082,0,113082,64,4.440892098500626e-16
E_R1,2,60,labeled,0,5211282,5211282,4802957,4802957,0.0,0.0,20501.456605151536,0.14970248428424907,5327,,,4.440892098500626e-15,0.06944148158723165,0.9216459596698087,,,,80.34950763453871,87.17652854421613,4802957,0,4802957,64,4.440892098500626e-16
E_R1,2,60,labeled,1,572468,572468,371113,371113,0.0,0.0,419066.5338680927,8409.594256761216,371075,,,1.509903313490213e-14,0.007428341152646248,0.6482685495084441,,,,11.418024083411035,20.20665866333716,371113,0,371113,64,4.440892098500626e-16
E_R1,2,60,labeled,2,409402,409402,304106,304106,0.0,0.0,350735.2910945515,16244.8199338519,304079,,,1.3766765505351941e-14,0.005339056801550056,0.7428053600128969,,,,15.56453235191657,22.72413030378085,304106,0,304106,64,4.440892098500626e-16
E_R1,2,60,unlabeled,0,5094576,4924002,4544049,4544049,0.0,0.0,334.7656265292466,0.0013470288784805285,388,,,1.3877787807814457e-16,0.06790961506836259,0.9228365463702086,5094576,4924002,21,70.96430720022825,78.70079967873103,4544049,0,4544049,64,1.1102230246251565e-16
E_R1,2,60,unlabeled,1,715141,696384,325059,325059,0.0,0.0,356829.0114033546,3167.9373934463965,325029,,,1.4210854715202004e-14,0.009262155417398561,0.46678125861593606,715141,696384,21,9.81000078820353,18.938869948572144,325059,0,325059,64,4.440892098500626e-16
E_R1,2,60,unlabeled,2,235979,227595,123651,123651,0.0,0.0,126675.39428618457,3486.3667715128827,123650,,,1.4432899320127035e-14,0.0030725617125423725,0.5432940090951032,235979,227595,21,16.46493317760019,22.880284888997476,123651,0,123651,64,4.440892098500626e-16
E_R1,2,65,labeled,0,5206252,5206252,4512361,4512361,0.0,0.0,19681.101864656343,1.855887176106044,4790,,,3.9968028886505635e-15,0.06937252477667358,0.8667196670464664,,,,80.85619154251506,89.54977247779019,4512361,0,4512361,64,4.440892098500626e-16
E_R1,2,65,labeled,1,579830,579830,376707,376707,0.0,0.0,431774.4393626591,9030.322058437676,376535,,,1.4210854715202004e-14,0.007525524035561782,0.6496852525740303,,,,9.702317405541256,18.987095711569904,376707,0,376707,64,4.440892098500626e-16
E_R1,2,65,labeled,2,407070,407070,298265,298265,0.0,0.0,344815.8609312033,16486.25930031869,298262,,,1.4432899320127035e-14,0.005305965498445011,0.7327118186061365,,,,19.819932723434825,25.508676616500477,298265,0,298265,64,4.440892098500626e-16
E_R1,2,65,unlabeled,0,5094704,4958227,4621009,4621009,0.0,0.0,408.5462848238401,0.001214201466010037,1434,,,2.7755575615628914e-16,0.06791735899311745,0.9319881885198076,5094704,4958227,21,94.18737963251019,103.04108531609567,4621009,0,4621009,64,1.1102230246251565e-16
E_R1,2,65,unlabeled,1,720181,703404,328766,328766,0.0,0.0,366737.7195421171,1358.9479704138764,328265,,,1.4432899320127035e-14,0.009331470501565478,0.46739284962837857,720181,703404,21,10.836335286162743,19.602930588132903,328766,0,328766,64,4.440892098500626e-16
E_R1,2,65,unlabeled,2,230811,222541,117316,117316,0.0,0.0,111211.71610245586,2995.6580872894037,115368,,,1.4432899320127035e-14,0.0030026043319452316,0.5271657806876037,230811,222541,21,22.670165484152236,28.88320280380778,117316,0,117316,64,4.440892098500626e-16
E_R1,2,70,labeled,0,5211225,5211225,4607534,4607534,0.0,0.0,26578.605520751196,0.30302860479745775,2714,,,4.218847493575595e-15,0.06943027313411179,0.8841556447860148,,,,97.14393484538684,104.90418387070171,4607534,0,4607534,64,4.440892098500626e-16
E_R1,2,70,labeled,1,573547,573547,373039,373039,0.0,0.0,418787.39162146987,6571.96225962663,372981,,,1.4210854715202004e-14,0.007440448133755209,0.6504070285434324,,,,10.386268867658426,19.715935098620804,373039,0,373039,64,4.440892098500626e-16
E_R1,2,70,labeled,2,408380,408380,306302,306302,0.0,0.0,357867.26768096257,15653.556344509125,306217,,,1.3766765505351941e-14,0.0053213087540657875,0.7500416278955875,,,,16.911771889178155,23.520642416730734,306302,0,306302,64,4.440892098500626e-16
E_R1,2,70,unlabeled,0,5096887,4967135,4099375,4099375,0.0,0.0,272.8064964018298,0.02786491754977318,530,,,2.498001805406602e-16,0.06794748939904095,0.8252996948945418,5096887,4967135,21,81.63634019622332,89.13698823723846,4099375,0,4099375,64,1.1100364194280798e-16
E_R1,2,70,unlabeled,1,716823,701576,326962,326962,0.0,0.0,350837.7026260976,9419.499032538131,326845,,,1.509903313490213e-14,0.009279291916916092,0.4660393171944308,716823,701576,21,11.093174593415581,19.898222822281742,326962,0,326962,64,4.440892098500626e-16
E_R1,2,70,unlabeled,2,231986,224521,118360,118360,0.0,0.0,118299.35705445337,2053.993606591491,118314,,,1.4432899320127035e-14,0.0030208067845588853,0.5271667238253883,231986,224521,21,15.541300378814395,21.53964976533911,118360,0,118360,64,4.440892098500626e-16
E_R1,2,75,labeled,0,5206508,5206508,4627666,4627666,0.0,0.0,21356.49111654407,0.11705549031957872,3769,,,5.329070518200751e-15,0.0693746689423974,0.888823372594453,,,,109.40654699932247,117.65707239588231,4627666,0,4627666,64,4.440892098500626e-16
E_R1,2,75,labeled,1,572443,572443,373979,373979,0.0,0.0,416096.602458547,5718.29535431064,373556,,,1.4654943925052066e-14,0.007428407907439261,0.6533034730095398,,,,12.688243309730048,21.004019146774564,373979,0,373979,64,4.440892098500626e-16
E_R1,2,75,labeled,2,414201,414201,299389,299389,0.0,0.0,349099.8561757348,16346.842517511297,294815,,,1.4210854715202004e-14,0.005403312517068226,0.7228109058162583,,,,25.48322138150092,30.739182507733304,299389,0,299389,64,4.440892098500626e-16
E_R1,2,75,unlabeled,0,5097712,4959970,4685953,4685953,0.0,0.0,200.18794369012673,0.001664265536343678,650,,,1.6653345369377348e-16,0.06795591113881287,0.944754302949413,5097712,4959970,21,105.62095958439713,113.63498075535773,4685953,0,4685953,64,1.1102230246251565e-16
E_R1,2,75,unlabeled,1,707654,692543,329360,329360,0.0,0.0,364346.0112571556,870.3223197372818,329032,,,1.4876988529977098e-14,0.009164938171698793,0.47558057766810147,707654,692543,21,13.740633348470926,22.244072558799335,329360,0,329360,64,4.440892098500626e-16
E_R1,2,75,unlabeled,2,240330,232944,132555,132555,0.0,0.0,130165.90372671183,1938.911320827593,125979,,,1.3100631690576847e-14,0.0031245659281107937,0.5690423449412735,240330,232944,21,28.466805620880564,34.80490307229358,132555,0,132555,64,4.440892098500626e-16
E_R1,2,80,labeled,0,5206508,5206508,4876812,4876812,0.0,0.0,21043.635684994922,0.21405483413740176,3543,,,5.10702591327572e-15,0.06937445887886574,0.936676175279093,,,,81.33919247490661,91.1324581361663,4876812,0,4876812,64,4.440892098500626e-16
E_R1,2,80,labeled,1,572443,572443,377572,377572,0.0,0.0,439009.75452041073,7102.91269015071,377441,,,1.509903313490213e-14,0.007429369242327127,0.6595800804621595,,,,10.353224255504706,20.306436771638925,377572,0,377572,64,4.440892098500626e-16
E_R1,2,80,labeled,2,414201,414201,308729,308729,0.0,0.0,350298.46390635654,22917.048437312027,307460,,,1.4654943925052066e-14,0.0054009655203668275,0.7453603443738668,,,,23.261137002787663,28.521190496479324,308729,0,308729,64,4.440892098500626e-16
E_R1,2,80,unlabeled,0,5093764,4965689,4620194,4620194,0.0,0.0,211.3400089933566,0.000622918010662462,115,,,6.591949208711867e-17,0.06790739779508437,0.9304235525019791,5093764,4965689,21,85.01552967109825,93.58107146606179,4620194,0,4620194,64,1.1101089932823449e-16
E_R1,2,80,unlabeled,1,734663,720733,338079,338079,0.0,0.0,376473.57251549,1712.2073278250045,337722,,,1.3766765505351941e-14,0.009510980819982745,0.4690766206070764,734663,720733,21,10.164426205435339,20.146179767689397,338079,0,338079,64,4.440892098500626e-16
E_R1,2,80,unlabeled,2,217269,210590,109924,109924,0.0,0.0,107281.03526783464,2229.326257752484,107255,,,1.3988810110276972e-14,0.002830064129074326,0.5219811007170331,217269,210590,21,24.787573265540086,30.718516321484202,109924,0,109924,64,4.440892098500626e-16
E_R1,2,85,labeled,0,5210138,5210138,4889696,4889696,0.0,0.0,19376.383051256686,0.08626107255486207,2013,,,5.10702591327572e-15,0.06942468395415477,0.9384964467351921,,,,87.2614083806179,95.57903248933339,4889696,0,4889696,64,4.440892098500626e-16
E_R1,2,85,labeled,1,569811,569811,365926,365926,0.0,0.0,412513.9202689725,9462.338664647885,365815,,,1.509903313490213e-14,0.0073932255790576315,0.6421883747418003,,,,12.122280250738928,20.28598540569699,365926,0,365926,64,4.440892098500626e-16
E_R1,2,85,labeled,2,413203,413203,307334,307334,0.0,0.0,353729.646259715,21848.61702176523,307048,,,1.4876988529977098e-14,0.0053857243660356555,0.7437845320580925,,,,20.286762060188355,25.843889052686126,307334,0,307334,64,4.440892098500626e-16
E_R1,2,85,unlabeled,0,5098361,4967483,4583374,4583374,0.0,0.0,227.88884522398155,0.0018762625145161114,646,,,1.3183898417423734e-16,0.06796855302368479,0.9226753267197895,5098361,4967483,21,86.82844272549633,94.78837423059602,4583374,0,4583374,64,1.1101625035477033e-16
E_R1,2,85,unlabeled,1,738328,725297,332345,332345,0.0,0.0,358025.43828053976,4575.718714740884,331234,,,1.4432899320127035e-14,0.009556905264599751,0.4582191846926156,738328,725297,21,11.366579806659754,19.977054160423627,332345,0,332345,64,4.440892098500626e-16
E_R1,2,85,unlabeled,2,209007,203410,101171,101171,0.0,0.0,101637.23487039536,1993.1338950196448,100734,,,1.354472090042691e-14,0.002723800260930102,0.49737476033626665,209007,203410,21,20.192731431917313,25.048161080280902,101171,0,101171,64,4.440892098500626e-16
E_R1,2,90,labeled,0,5203330,5203330,4694915,4694915,0.0,0.0,20220.08961675716,0.07927238594204436,1907,,,5.773159728050814e-15,0.06933434067340909,0.9022904563039438,,,,102.37742179929347,109.08303096368145,4694915,0,4694915,64,4.440892098500626e-16
E_R1,2,90,labeled,1,572098,572098,375014,375014,0.0,0.0,417315.7261177226,5888.155469729993,374982,,,1.509903313490213e-14,0.007423868800441571,0.6555065740485022,,,,13.271036350474148,21.30828736390621,375014,0,375014,64,4.440892098500626e-16
E_R1,2,90,labeled,2,417724,417724,311765,311765,0.0,0.0,370263.67598162417,14011.416082659445,310277,,,1.3766765505351941e-14,0.005445169130107693,0.7463420823318746,,,,21.93253744800092,28.668094068153223,311765,0,311765,64,4.440892098500626e-16
E_R1,2,90,unlabeled,0,5102477,4981231,4750490,4750490,0.0,0.0,210.99672687693445,0.1518973501604432,1227,,,2.220446049250313e-16,0.06802178834458715,0.9536779161616877,5102477,4981231,21,102.86549744579273,108.37280818376657,4750490,0,4750490,64,1.1102230246251565e-16
E_R1,2,90,unlabeled,1,734440,720801,331405,331405,0.0,0.0,357933.35616994475,1109.9560343346266,331245,,,1.532107773982716e-14,0.009508193197522214,0.4597732245099549,734440,720801,21,13.260956473819675,21.99622319163479,331405,0,331405,64,4.440892098500626e-16
E_R1,2,90,unlabeled,2,208779,202782,102445,102445,0.0,0.0,101518.96790597044,2732.803068210064,101370,,,1.3100631690576847e-14,0.0027211385247760543,0.505197699993096,208779,202782,21,21.221044431631,27.045156817359736,102445,0,102445,64,4.440892098500626e-16
E_R1,2,95,labeled,0,5197071,5197071,4702301,4702301,0.0,0.0,20884.319654446816,1.4181284494651305,3932,,,5.995204332975845e-15,0.06924970811215532,0.9047982988879698,,,,88.62012877087514,96.16054318070219,4702301,0,4702301,64,4.440892098500626e-16
E_R1,2,95,labeled,1,568193,568193,373870,373870,0.0,0.0,423302.12847387843,4874.230231569505,373603,,,1.4432899320127035e-14,0.007364374451709312,0.6579982505944283,,,,13.960335410401639,21.760677204693447,373870,0,373870,64,4.440892098500626e-16
E_R1,2,95,labeled,2,427888,427888,324239,324239,0.0,0.0,376365.7339189587,15652.489014887688,319490,,,1.4432899320127035e-14,0.005577876547704175,0.7577660509292151,,,,25.397698439062356,31.264226635384546,324239,0,324239,64,4.440892098500626e-16
E_R1,2,95,unlabeled,0,5092360,4994021,4492891,4492891,0.0,0.0,260.52990404571557,0.0007956757069789143,1452,,,5.551115123125783e-17,0.06788734797281923,0.8996540062606865,5092360,4994021,21,95.12071313604216,102.50242986126416,4492891,0,4492891,64,1.1102016845204975e-16
E_R1,2,95,unlabeled,1,739061,726808,342617,342617,0.0,0.0,366639.34080576274,1791.981492626441,342322,,,1.4210854715202004e-14,0.00957089621374772,0.4713995993439808,739061,726808,21,13.49415386275658,22.121467977105926,342617,0,342617,64,4.440892098500626e-16
E_R1,2,95,unlabeled,2,214275,208817,113583,113583,0.0,0.0,108538.34532048866,1994.673744813673,106021,,,1.3322676295501878e-14,0.0027934477701313043,0.5439355991130991,214275,208817,21,27.81685314628649,34.34700872728097,113583,0,113583,64,4.440892098500626e-16
E_R1,2,100,labeled,0,5215259,5215259,4238719,4238719,0.0,0.0,20545.187016422984,0.6318369271565673,3075,,,5.10702591327572e-15,0.06949232156071436,0.812753307170363,,,,94.37866046232219,101.69720909473398,4238719,0,4238719,64,4.440892098500626e-16
E_R1,2,100,labeled,1,570598,570598,371204,371204,0.0,0.0,439763.052878025,5255.732888304486,370785,,,1.3988810110276972e-14,0.007401766781421624,0.6505525781723736,,,,13.419478312191984,21.989150408230987,371204,0,371204,64,4.440892098500626e-16
E_R1,2,100,labeled,2,407295,407295,308484,308484,0.0,0.0,361184.63619181095,13524.728126392229,301924,,,1.509903313490213e-14,0.005310732525697127,0.7573969727101978,,,,25.603666242276674,32.068282229651324,308484,0,308484,64,4.440892098500626e-16
E_R1,2,100,unlabeled,0,5088044,4989969,4584511,4584511,0.0,0.0,254.7607935967191,0.0031391577538248884,3129,,,1.6653345369377348e-16,0.06783036242930791,0.9187453869953901,5088044,4989969,21,95.5244346345268,103.4723937075363,4584511,0,4584511,64,1.1102230246251565e-16
E_R1,2,100,unlabeled,1,746145,734178,349163,349163,0.0,0.0,373247.27737827675,1303.1663037483206,348575,,,1.3322676295501878e-14,0.009661529249816956,0.47558357782445126,746145,734178,21,13.320133908107607,21.881899958352616,349163,0,349163,64,4.440892098500626e-16
E_R1,2,100,unlabeled,2,211507,206177,108506,108506,0.0,0.0,108240.25518649402,1809.9981296100384,105139,,,1.4876988529977098e-14,0.0027555613523614153,0.5262759667664192,211507,206177,21,27.37508016964542,32.03709293559049,108506,0,108506,64,4.440892098500626e-16
