seed,transition,update_batch,variant,relation_mode,relation_loss,relation_gradient_norm,relation_gradient_norm_ratio_to_b0,cos_relation_with_sup,cos_relation_with_assim,sup_gradient_norm,assim_gradient_norm,total_gradient_norm,old_winner_count_class0,old_winner_count_class1,old_winner_count_class2,per_class_loss0,per_class_loss1,per_class_loss2,boundary_relation_loss,interior_relation_loss,valid_count,pair_count,present_class_count,probability_sum_error,b0_r0_loss_abs_error,all_finite,hidden_gt_usage,optimizer_step_called
1,REFUGE->RIM_ONE_r3,0,B0,categorical_pixel_mean,0.005499106831848621,0.1016336977481842,1.0,-0.042786020785570145,0.3698351979255676,0.27245888113975525,0.25341862440109253,0.4098377525806427,32520,2979,985,0.001943274401128292,0.029929842799901962,0.04900825768709183,0.056462761014699936,0.0271284356713295,36484,36484,3,1.7881393432617188e-07,0.0,True,post_hoc_boundary_grouping_only,False
1,REFUGE->RIM_ONE_r3,0,B1,categorical_class_balanced,0.026960458606481552,1.20769202709198,11.882791375792058,-0.08414015173912048,0.31063032150268555,0.27245888113975525,0.25341862440109253,1.3169004917144775,32520,2979,985,0.001943274401128292,0.029929842799901962,0.04900825768709183,0.07041479647159576,0.060472872108221054,36484,36484,3,1.7881393432617188e-07,0.0,True,post_hoc_boundary_grouping_only,False
1,REFUGE->RIM_ONE_r3,0,B2,top2_pairwise_class_balanced,0.0266460832208395,1.2082034349441528,11.887823248719087,-0.08435655385255814,0.31192511320114136,0.27245888113975525,0.25341862440109253,1.3176358938217163,32520,2979,985,0.0019390544621273875,0.029153726994991302,0.04884546995162964,0.07008656859397888,0.06006456911563873,36484,36484,3,1.7881393432617188e-07,0.0,True,post_hoc_boundary_grouping_only,False
1,REFUGE->RIM_ONE_r3,0,B3,all_pairwise_class_balanced,0.01349584385752678,0.6044371128082275,5.947211665030917,-0.08429952710866928,0.3100137710571289,0.27245888113975525,0.25341862440109253,0.7572976350784302,32520,2979,985,0.0009755567298270762,0.014995240606367588,0.02451673522591591,0.035328466445207596,0.030367892235517502,36484,72968,3,1.7881393432617188e-07,0.0,True,post_hoc_boundary_grouping_only,False
1,REFUGE->RIM_ONE_r3,1,B0,categorical_pixel_mean,0.011426267214119434,0.17653843760490417,1.0,-0.32382479310035706,-0.301272451877594,0.584113597869873,0.21877363324165344,0.6097030639648438,31841,3801,500,0.004671587608754635,0.0553828626871109,0.10741972178220749,0.07734277844429016,0.034331221133470535,36142,36142,3,1.7881393432617188e-07,9.313225746154785e-10,True,post_hoc_boundary_grouping_only,False
1,REFUGE->RIM_ONE_r3,1,B1,categorical_class_balanced,0.055824726819992065,2.320741891860962,13.145816420188442,-0.24455083906650543,-0.21717827022075653,0.584113597869873,0.21877363324165344,2.2210187911987305,31841,3801,500,0.004671587608754635,0.0553828626871109,0.10741972178220749,0.1197650283575058,0.04366947337985039,36142,36142,3,1.7881393432617188e-07,9.313225746154785e-10,True,post_hoc_boundary_grouping_only,False
1,REFUGE->RIM_ONE_r3,1,B2,top2_pairwise_class_balanced,0.05336093530058861,2.176701068878174,12.329898793766745,-0.24395406246185303,-0.22695785760879517,0.584113597869873,0.21877363324165344,2.081388473510742,31841,3801,500,0.0046142530627548695,0.05161788687109947,0.10385065525770187,0.11855321377515793,0.04130930081009865,36142,36142,3,1.7881393432617188e-07,9.313225746154785e-10,True,post_hoc_boundary_grouping_only,False
1,REFUGE->RIM_ONE_r3,1,B3,all_pairwise_class_balanced,0.029507435858249664,1.1733986139297485,6.646703289375616,-0.20687983930110931,-0.1837058663368225,0.584113597869873,0.21877363324165344,1.1956533193588257,31841,3801,500,0.002363711129873991,0.027772294357419014,0.05838630348443985,0.060038357973098755,0.021874068304896355,36142,72284,3,1.7881393432617188e-07,9.313225746154785e-10,True,post_hoc_boundary_grouping_only,False
1,REFUGE->RIM_ONE_r3,2,B0,categorical_pixel_mean,0.008040587417781353,0.32309889793395996,1.0,0.25917303562164307,-0.828148365020752,0.36805984377861023,0.5131683945655823,0.376085102558136,31905,2707,1112,0.0031721594277769327,0.048976507037878036,0.048070862889289856,0.05348514765501022,0.03828088194131851,35724,35724,3,1.7881393432617188e-07,9.313225746154785e-10,True,post_hoc_boundary_grouping_only,False
1,REFUGE->RIM_ONE_r3,2,B1,categorical_class_balanced,0.03340651094913483,1.7442967891693115,5.398646669249359,0.13411857187747955,-0.5891486406326294,0.36805984377861023,0.5131683945655823,1.5524542331695557,31905,2707,1112,0.0031721594277769327,0.048976507037878036,0.048070862889289856,0.05115082487463951,0.05106944963335991,35724,35724,3,1.7881393432617188e-07,9.313225746154785e-10,True,post_hoc_boundary_grouping_only,False
1,REFUGE->RIM_ONE_r3,2,B2,top2_pairwise_class_balanced,0.032420992851257324,1.719344139099121,5.321417529101407,0.14020584523677826,-0.6036627292633057,0.36805984377861023,0.5131683945655823,1.522623896598816,31905,2707,1112,0.0031631572637706995,0.04751048609614372,0.046589337289333344,0.05041566491127014,0.049680985510349274,35724,35724,3,1.7881393432617188e-07,9.313225746154785e-10,True,post_hoc_boundary_grouping_only,False
1,REFUGE->RIM_ONE_r3,2,B3,all_pairwise_class_balanced,0.016842206940054893,0.87088543176651,2.695414429870681,0.1294603943824768,-0.5786342620849609,0.36805984377861023,0.5131683945655823,0.7578054070472717,31905,2707,1112,0.0015970750246196985,0.02458285167813301,0.024346692487597466,0.02569062076508999,0.025914205238223076,35724,71448,3,1.7881393432617188e-07,9.313225746154785e-10,True,post_hoc_boundary_grouping_only,False
1,REFUGE->RIM_ONE_r3,3,B0,categorical_pixel_mean,0.006066088564693928,0.10595474392175674,1.0,0.26707425713539124,-0.30378857254981995,0.24218200147151947,0.21811671555042267,0.2804332375526428,31368,3691,684,0.00210952409543097,0.034462809562683105,0.03427837789058685,0.05673719942569733,0.03101191110908985,35743,35743,3,1.7881393432617188e-07,0.0,True,post_hoc_boundary_grouping_only,False
1,REFUGE->RIM_ONE_r3,3,B1,categorical_class_balanced,0.023616906255483627,0.6808967590332031,6.426298000739048,-0.15599752962589264,0.06823736429214478,0.24218200147151947,0.21811671555042267,0.7072436213493347,31368,3691,684,0.00210952409543097,0.034462809562683105,0.03427837789058685,0.10724785178899765,0.2416468858718872,35743,35743,3,1.7881393432617188e-07,0.0,True,post_hoc_boundary_grouping_only,False
1,REFUGE->RIM_ONE_r3,3,B2,top2_pairwise_class_balanced,0.023113414645195007,0.6500739455223083,6.1353925408225365,-0.15692894160747528,0.07750575989484787,0.24218200147151947,0.21811671555042267,0.680375874042511,31368,3691,684,0.002104247687384486,0.03372931852936745,0.03350667655467987,0.10691933333873749,0.24102847278118134,35743,35743,3,1.7881393432617188e-07,0.0,True,post_hoc_boundary_grouping_only,False
1,REFUGE->RIM_ONE_r3,3,B3,all_pairwise_class_balanced,0.01182071678340435,0.34055662155151367,3.214170587803042,-0.1559215486049652,0.06833190470933914,0.24218200147151947,0.21811671555042267,0.41007620096206665,31368,3691,684,0.0010644663125276566,0.017254723235964775,0.01714295893907547,0.05384748801589012,0.12407353520393372,35743,71486,3,1.7881393432617188e-07,0.0,True,post_hoc_boundary_grouping_only,False
1,REFUGE->RIM_ONE_r3,4,B0,categorical_pixel_mean,0.007023822981864214,0.15295156836509705,1.0,0.10973570495843887,0.22024407982826233,0.32162871956825256,0.17731039226055145,0.384016752243042,33045,3007,812,0.002441067947074771,0.04237256944179535,0.06261923164129257,0.03856859356164932,0.028512408956885338,36864,36864,3,1.7881393432617188e-07,0.0,True,post_hoc_boundary_grouping_only,False
1,REFUGE->RIM_ONE_r3,4,B1,categorical_class_balanced,0.035810958594083786,1.5784549713134766,10.319965909376538,0.06485435366630554,0.12807472050189972,0.32162871956825256,0.17731039226055145,1.652380347251892,33045,3007,812,0.002441067947074771,0.04237256944179535,0.06261923164129257,0.051397792994976044,0.03042566031217575,36864,36864,3,1.7881393432617188e-07,0.0,True,post_hoc_boundary_grouping_only,False
1,REFUGE->RIM_ONE_r3,4,B2,top2_pairwise_class_balanced,0.03553476929664612,1.5787551403045654,10.321928419433137,0.06355735659599304,0.1292709857225418,0.32162871956825256,0.17731039226055145,1.6524909734725952,33045,3007,812,0.002434612950310111,0.04164507985115051,0.06252460926771164,0.05109257996082306,0.030178125947713852,36864,36864,3,1.7881393432617188e-07,0.0,True,post_hoc_boundary_grouping_only,False
1,REFUGE->RIM_ONE_r3,4,B3,all_pairwise_class_balanced,0.017926108092069626,0.7895393371582031,5.16202184519981,0.06485514342784882,0.12821830809116364,0.32162871956825256,0.17731039226055145,0.8908168077468872,33045,3007,812,0.0012278504436835647,0.0212347861379385,0.03131568059325218,0.02573203854262829,0.015253650955855846,36864,73728,3,1.7881393432617188e-07,0.0,True,post_hoc_boundary_grouping_only,False
1,REFUGE->RIM_ONE_r3,5,B0,categorical_pixel_mean,0.010969294235110283,0.3352294862270355,1.0,0.20691916346549988,0.7189236879348755,0.1971801519393921,1.0272045135498047,1.3525768518447876,30879,4083,458,0.0025186126586049795,0.06209709122776985,0.12492963671684265,0.059569355100393295,0.04662236198782921,35420,35420,3,1.7881393432617188e-07,0.0,True,post_hoc_boundary_grouping_only,False
1,REFUGE->RIM_ONE_r3,5,B1,categorical_class_balanced,0.06318178027868271,3.651614189147949,10.8928788760392,0.2401951253414154,0.5644189715385437,0.1971801519393921,1.0272045135498047,4.371410369873047,30879,4083,458,0.0025186126586049795,0.06209709122776985,0.12492963671684265,0.05807950720191002,0.06572888791561127,35420,35420,3,1.7881393432617188e-07,0.0,True,post_hoc_boundary_grouping_only,False
1,REFUGE->RIM_ONE_r3,5,B2,top2_pairwise_class_balanced,0.06084349751472473,3.390667676925659,10.114467301451269,0.2430824637413025,0.5693228840827942,0.1971801519393921,1.0272045135498047,4.120872974395752,30879,4083,458,0.0025121266953647137,0.057671159505844116,0.12234720587730408,0.055972617119550705,0.06309493631124496,35420,35420,3,1.7881393432617188e-07,0.0,True,post_hoc_boundary_grouping_only,False
1,REFUGE->RIM_ONE_r3,5,B3,all_pairwise_class_balanced,0.03343301638960838,2.162020206451416,6.449373623975246,0.22962287068367004,0.5375431180000305,0.1971801519393921,1.0272045135498047,2.9072751998901367,30879,4083,458,0.0012650445569306612,0.031148415058851242,0.06788558512926102,0.0292592104524374,0.03454474359750748,35420,70840,3,1.7881393432617188e-07,0.0,True,post_hoc_boundary_grouping_only,False
1,REFUGE->RIM_ONE_r3,6,B0,categorical_pixel_mean,0.006414799951016903,0.22470423579216003,1.0,0.3660452365875244,-0.7791168093681335,0.23914872109889984,0.2888379395008087,0.2839865982532501,32227,3310,586,0.0024502708110958338,0.040172237902879715,0.03376592695713043,0.04449006915092468,0.031118644401431084,36123,36123,3,1.7881393432617188e-07,0.0,True,post_hoc_boundary_grouping_only,False
1,REFUGE->RIM_ONE_r3,6,B1,categorical_class_balanced,0.025462811812758446,0.7745251059532166,3.446864734092564,0.08233852684497833,-0.20756499469280243,0.23914872109889984,0.2888379395008087,0.7933804988861084,32227,3310,586,0.0024502708110958338,0.040172237902879715,0.03376592695713043,0.03801660239696503,0.03471913933753967,36123,36123,3,1.7881393432617188e-07,0.0,True,post_hoc_boundary_grouping_only,False
1,REFUGE->RIM_ONE_r3,6,B2,top2_pairwise_class_balanced,0.02507423423230648,0.762599527835846,3.3937924006969395,0.07752557098865509,-0.2041599154472351,0.23914872109889984,0.2888379395008087,0.7821980118751526,32227,3310,586,0.002445665653795004,0.03901926428079605,0.0337577722966671,0.037487659603357315,0.03419476002454758,36123,36123,3,1.7881393432617188e-07,0.0,True,post_hoc_boundary_grouping_only,False
1,REFUGE->RIM_ONE_r3,6,B3,all_pairwise_class_balanced,0.012748785316944122,0.38818472623825073,1.7275363095393619,0.08250228315591812,-0.20781788229942322,0.23914872109889984,0.2888379395008087,0.45973390340805054,32227,3310,586,0.0012298753717914224,0.020121660083532333,0.01689482107758522,0.019069526344537735,0.017425328493118286,36123,72246,3,1.7881393432617188e-07,0.0,True,post_hoc_boundary_grouping_only,False
1,REFUGE->RIM_ONE_r3,7,B0,categorical_pixel_mean,0.00692916801199317,0.10112801194190979,1.0,-0.35898610949516296,0.22844816744327545,0.5453335046768188,0.270448237657547,0.46197086572647095,32298,2518,946,0.0026653411332517862,0.039936620742082596,0.06464619934558868,0.055982835590839386,0.04499697685241699,35762,35762,3,1.7881393432617188e-07,4.656612873077393e-10,True,post_hoc_boundary_grouping_only,False
1,REFUGE->RIM_ONE_r3,7,B1,categorical_class_balanced,0.03574938699603081,1.472139835357666,14.557191495105197,-0.17827998101711273,0.20185938477516174,0.5453335046768188,0.270448237657547,1.5072734355926514,32298,2518,946,0.0026653411332517862,0.039936620742082596,0.06464619934558868,0.06923636049032211,0.09803851693868637,35762,35762,3,1.7881393432617188e-07,4.656612873077393e-10,True,post_hoc_boundary_grouping_only,False
1,REFUGE->RIM_ONE_r3,7,B2,top2_pairwise_class_balanced,0.03469754755496979,1.456262469291687,14.400188843109039,-0.19108548760414124,0.20972082018852234,0.5453335046768188,0.270448237657547,1.4874845743179321,32298,2518,946,0.002656343625858426,0.03831378370523453,0.06312251091003418,0.06877513229846954,0.09638825058937073,35762,35762,3,1.7881393432617188e-07,4.656612873077393e-10,True,post_hoc_boundary_grouping_only,False
1,REFUGE->RIM_ONE_r3,7,B3,all_pairwise_class_balanced,0.017930759117007256,0.7401788830757141,7.319227075292349,-0.17929816246032715,0.2023576945066452,0.5453335046768188,0.270448237657547,0.8452422618865967,32298,2518,946,0.001363764749839902,0.020031796768307686,0.03239671513438225,0.03498249873518944,0.05188930034637451,35762,71524,3,1.7881393432617188e-07,4.656612873077393e-10,True,post_hoc_boundary_grouping_only,False
1,REFUGE->RIM_ONE_r3,8,B0,categorical_pixel_mean,0.006304973736405373,0.12696200609207153,1.0,0.031069615855813026,0.09715043008327484,0.23953117430210114,0.3961170017719269,0.4899941086769104,31938,3678,868,0.001775191631168127,0.034629035741090775,0.05295971781015396,0.037492573261260986,0.0349157340824604,36484,36484,3,1.1920928955078125e-07,9.313225746154785e-10,True,post_hoc_boundary_grouping_only,False
1,REFUGE->RIM_ONE_r3,8,B1,categorical_class_balanced,0.029787983745336533,0.9020617008209229,7.104973594752095,-0.17086176574230194,-0.20850269496440887,0.23953117430210114,0.3961170017719269,0.8962047696113586,31938,3678,868,0.001775191631168127,0.034629035741090775,0.05295971781015396,0.07479764521121979,0.042190875858068466,36484,36484,3,1.1920928955078125e-07,9.313225746154785e-10,True,post_hoc_boundary_grouping_only,False
1,REFUGE->RIM_ONE_r3,8,B2,top2_pairwise_class_balanced,0.029126133769750595,0.8550980091094971,6.735070084584114,-0.16684049367904663,-0.1994275152683258,0.23953117430210114,0.3961170017719269,0.8602523803710938,31938,3678,868,0.0017710408428683877,0.034008145332336426,0.05159921571612358,0.07454462349414825,0.04144761711359024,36484,36484,3,1.1920928955078125e-07,9.313225746154785e-10,True,post_hoc_boundary_grouping_only,False
1,REFUGE->RIM_ONE_r3,8,B3,all_pairwise_class_balanced,0.014905070886015892,0.45124202966690063,3.554150123775333,-0.17089645564556122,-0.20823673903942108,0.23953117430210114,0.3961170017719269,0.5518460869789124,31938,3678,868,0.0008947032038122416,0.017335588112473488,0.02648491971194744,0.03744601458311081,0.02113453298807144,36484,72968,3,1.1920928955078125e-07,9.313225746154785e-10,True,post_hoc_boundary_grouping_only,False
1,REFUGE->RIM_ONE_r3,9,B0,categorical_pixel_mean,0.007940537296235561,0.21286851167678833,1.0,0.1306539624929428,0.2597583532333374,0.2789449095726013,0.48921850323677063,0.6485502123832703,31073,3875,795,0.00242965598590672,0.042246729135513306,0.05612055957317352,0.04287606105208397,0.03616561368107796,35743,35743,3,1.7881393432617188e-07,0.0,True,post_hoc_boundary_grouping_only,False
1,REFUGE->RIM_ONE_r3,9,B1,categorical_class_balanced,0.03359898179769516,2.2910354137420654,10.762678780883707,0.11058614403009415,0.27941474318504333,0.2789449095726013,0.48921850323677063,2.5143635272979736,31073,3875,795,0.00242965598590672,0.042246729135513306,0.05612055957317352,0.045719824731349945,0.06649541109800339,35743,35743,3,1.7881393432617188e-07,0.0,True,post_hoc_boundary_grouping_only,False
1,REFUGE->RIM_ONE_r3,9,B2,top2_pairwise_class_balanced,0.03214848041534424,2.0706546306610107,9.727388115556593,0.1025315448641777,0.26997697353363037,0.2789449095726013,0.48921850323677063,2.2932028770446777,31073,3875,795,0.002388580935075879,0.039890971034765244,0.05416589230298996,0.04415201395750046,0.06160680577158928,35743,35743,3,1.7881393432617188e-07,0.0,True,post_hoc_boundary_grouping_only,False
1,REFUGE->RIM_ONE_r3,9,B3,all_pairwise_class_balanced,0.017545297741889954,1.3416106700897217,6.30253229809195,0.09983807057142258,0.2795547842979431,0.2789449095726013,0.48921850323677063,1.5959919691085815,31073,3875,795,0.001247282838448882,0.021199597045779228,0.030189016833901405,0.022952672094106674,0.03736548870801926,35743,71486,3,1.7881393432617188e-07,0.0,True,post_hoc_boundary_grouping_only,False
1,REFUGE->RIM_ONE_r3,10,B0,categorical_pixel_mean,0.006895565893501043,0.12547285854816437,1.0,0.39922383427619934,0.0860351175069809,0.40484195947647095,0.338571161031723,0.6327036619186401,31636,3263,824,0.002900250256061554,0.03824302554130554,0.03615410998463631,0.0544920414686203,0.03807346150279045,35723,35723,3,1.7881393432617188e-07,0.0,True,post_hoc_boundary_grouping_only,False
1,REFUGE->RIM_ONE_r3,10,B1,categorical_class_balanced,0.02576579712331295,1.0163723230361938,8.100336079025778,0.2373298853635788,0.15491844713687897,0.40484195947647095,0.338571161031723,1.2929322719573975,31636,3263,824,0.002900250256061554,0.03824302554130554,0.03615410998463631,0.061972856521606445,0.12043745815753937,35723,35723,3,1.7881393432617188e-07,0.0,True,post_hoc_boundary_grouping_only,False
1,REFUGE->RIM_ONE_r3,10,B2,top2_pairwise_class_balanced,0.024344604462385178,0.921239972114563,7.342145407175315,0.24981285631656647,0.12541019916534424,0.40484195947647095,0.338571161031723,1.2041321992874146,31636,3263,824,0.0028960611671209335,0.03746223449707031,0.03267551213502884,0.06161706894636154,0.11880762875080109,35723,35723,3,1.7881393432617188e-07,0.0,True,post_hoc_boundary_grouping_only,False
1,REFUGE->RIM_ONE_r3,10,B3,all_pairwise_class_balanced,0.012906758114695549,0.5080459117889404,4.049050270054384,0.23808428645133972,0.15490663051605225,0.40484195947647095,0.338571161031723,0.8637277483940125,31636,3263,824,0.0014792621368542314,0.019162166863679886,0.018078844994306564,0.03104422241449356,0.06189417466521263,35723,71446,3,1.7881393432617188e-07,0.0,True,post_hoc_boundary_grouping_only,False
1,REFUGE->RIM_ONE_r3,11,B0,categorical_pixel_mean,0.010587978176772594,0.1947808414697647,1.0,-0.0017453550826758146,-0.12696580588817596,0.2338247448205948,0.4391350746154785,0.4856615662574768,32086,3195,842,0.004510950762778521,0.051054056733846664,0.08861460536718369,0.046951405704021454,0.06281761080026627,36123,36123,3,1.7881393432617188e-07,9.313225746154785e-10,True,post_hoc_boundary_grouping_only,False
1,REFUGE->RIM_ONE_r3,11,B1,categorical_class_balanced,0.04805987328290939,1.638983964920044,8.414502948815214,-0.08642801642417908,-0.03465476632118225,0.2338247448205948,0.4391350746154785,1.6702661514282227,32086,3195,842,0.004510950762778521,0.051054056733846664,0.08861460536718369,0.052187345921993256,0.07872696965932846,36123,36123,3,1.7881393432617188e-07,9.313225746154785e-10,True,post_hoc_boundary_grouping_only,False
1,REFUGE->RIM_ONE_r3,11,B2,top2_pairwise_class_balanced,0.04060917720198631,1.2356985807418823,6.344045807676093,-0.0896502286195755,-0.0017399204662069678,0.2338247448205948,0.4391350746154785,1.3011783361434937,32086,3195,842,0.004460458178073168,0.045768726617097855,0.07159833610057831,0.04932453855872154,0.07046154141426086,36123,36123,3,1.7881393432617188e-07,9.313225746154785e-10,True,post_hoc_boundary_grouping_only,False
1,REFUGE->RIM_ONE_r3,11,B3,all_pairwise_class_balanced,0.02545236423611641,0.9415666460990906,4.833979764099373,-0.08541598170995712,-0.03545777499675751,0.2338247448205948,0.4391350746154785,1.0195153951644897,32086,3195,842,0.002324808156117797,0.026104511693120003,0.04792776703834534,0.026381243020296097,0.04188485071063042,36123,72246,3,1.7881393432617188e-07,9.313225746154785e-10,True,post_hoc_boundary_grouping_only,False
1,REFUGE->RIM_ONE_r3,12,B0,categorical_pixel_mean,0.007441561669111252,0.17125236988067627,1.0,-0.13929148018360138,0.45123133063316345,0.31092822551727295,0.5174822807312012,0.5898784399032593,31402,3564,796,0.0021508787758648396,0.04111140966415405,0.0654047504067421,0.07564155012369156,0.027856433764100075,35762,35762,3,1.7881393432617188e-07,0.0,True,post_hoc_boundary_grouping_only,False
1,REFUGE->RIM_ONE_r3,12,B1,categorical_class_balanced,0.036222346127033234,1.6698819398880005,9.751000474046148,-0.12413686513900757,0.2346908450126648,0.31092822551727295,0.5174822807312012,1.821722149848938,31402,3564,796,0.0021508787758648396,0.04111140966415405,0.0654047504067421,0.08966825902462006,0.1800147145986557,35762,35762,3,1.7881393432617188e-07,0.0,True,post_hoc_boundary_grouping_only,False
1,REFUGE->RIM_ONE_r3,12,B2,top2_pairwise_class_balanced,0.035753145813941956,1.652015209197998,9.646670643735177,-0.12668649852275848,0.23867325484752655,0.31092822551727295,0.5174822807312012,1.805699110031128,31402,3564,796,0.00214257906191051,0.04015913978219032,0.06495772302150726,0.08938710391521454,0.17948071658611298,35762,35762,3,1.7881393432617188e-07,0.0,True,post_hoc_boundary_grouping_only,False
1,REFUGE->RIM_ONE_r3,12,B3,all_pairwise_class_balanced,0.018126558512449265,0.8353318572044373,4.877782758781513,-0.1240289956331253,0.23451903462409973,0.31092822551727295,0.5174822807312012,1.0438332557678223,31402,3564,796,0.001082131639122963,0.02058577723801136,0.03271176666021347,0.04489656537771225,0.09150107949972153,35762,71524,3,1.7881393432617188e-07,0.0,True,post_hoc_boundary_grouping_only,False
1,REFUGE->RIM_ONE_r3,13,B0,categorical_pixel_mean,0.0056772599928081036,0.07963638007640839,1.0,0.1851436346769333,-0.06972246617078781,0.1718381643295288,0.2776812016963959,0.3749338984489441,32654,2565,904,0.0017178647685796022,0.043849606066942215,0.04038747027516365,0.03710326924920082,0.030315900221467018,36123,36123,3,1.7881393432617188e-07,4.656612873077393e-10,True,post_hoc_boundary_grouping_only,False
1,REFUGE->RIM_ONE_r3,13,B1,categorical_class_balanced,0.0286516472697258,0.7052245140075684,8.855557137716827,0.21663255989551544,-0.0015644426457583904,0.1718381643295288,0.2776812016963959,0.8255239725112915,32654,2565,904,0.0017178647685796022,0.043849606066942215,0.04038747027516365,0.05906796455383301,0.024149060249328613,36123,36123,3,1.7881393432617188e-07,4.656612873077393e-10,True,post_hoc_boundary_grouping_only,False
1,REFUGE->RIM_ONE_r3,13,B2,top2_pairwise_class_balanced,0.02641776204109192,0.6206393241882324,7.7934145624493505,0.21263842284679413,-0.0062629459425807,0.1718381643295288,0.2776812016963959,0.7487583756446838,32654,2565,904,0.0017099271062761545,0.0416371151804924,0.035906244069337845,0.053176041692495346,0.02197091281414032,36123,36123,3,1.7881393432617188e-07,4.656612873077393e-10,True,post_hoc_boundary_grouping_only,False
1,REFUGE->RIM_ONE_r3,13,B3,all_pairwise_class_balanced,0.014749003574252129,0.39107754826545715,4.910790117409048,0.2261325865983963,-0.00454509723931551,0.1718381643295288,0.2776812016963959,0.5608872771263123,32654,2565,904,0.0008746376261115074,0.022092869505286217,0.02127949893474579,0.03311406075954437,0.012375402264297009,36123,72246,3,1.7881393432617188e-07,4.656612873077393e-10,True,post_hoc_boundary_grouping_only,False
1,REFUGE->RIM_ONE_r3,14,B0,categorical_pixel_mean,0.007426162250339985,0.13527196645736694,1.0,0.01911073550581932,0.31992748379707336,0.4281541109085083,0.47497838735580444,0.7930668592453003,32337,3421,726,0.003779133316129446,0.03484543785452843,0.04066672921180725,0.0661119669675827,0.024809446185827255,36484,36484,3,1.1920928955078125e-07,4.656612873077393e-10,True,post_hoc_boundary_grouping_only,False
1,REFUGE->RIM_ONE_r3,14,B1,categorical_class_balanced,0.026430433616042137,0.8093779683113098,5.983338525402437,-0.23973743617534637,-0.1326141357421875,0.4281541109085083,0.47497838735580444,0.9768869876861572,32337,3421,726,0.003779133316129446,0.03484543785452843,0.04066672921180725,0.10478769242763519,0.11822202801704407,36484,36484,3,1.1920928955078125e-07,4.656612873077393e-10,True,post_hoc_boundary_grouping_only,False
1,REFUGE->RIM_ONE_r3,14,B2,top2_pairwise_class_balanced,0.02610180340707302,0.8080586791038513,5.973585660547957,-0.24136914312839508,-0.1355292797088623,0.4281541109085083,0.47497838735580444,0.974289059638977,32337,3421,726,0.0037720485124737024,0.03405091166496277,0.04048244655132294,0.10429677367210388,0.11761900037527084,36484,36484,3,1.1920928955078125e-07,4.656612873077393e-10,True,post_hoc_boundary_grouping_only,False
1,REFUGE->RIM_ONE_r3,14,B3,all_pairwise_class_balanced,0.013253491371870041,0.4042748510837555,2.9886077778810805,-0.2382422387599945,-0.13011761009693146,0.4281541109085083,0.47497838735580444,0.7734938263893127,32337,3421,726,0.001968392636626959,0.017453350126743317,0.02033873088657856,0.05368657037615776,0.060693737119436264,36484,72968,3,1.1920928955078125e-07,4.656612873077393e-10,True,post_hoc_boundary_grouping_only,False
1,REFUGE->RIM_ONE_r3,15,B0,categorical_pixel_mean,0.007843831554055214,0.15902525186538696,1.0,-0.0069197798147797585,0.45812806487083435,0.16734535992145538,0.7419028878211975,0.8477690815925598,23428,2757,741,0.0023983034770935774,0.03851613774895668,0.06589281558990479,0.03115854598581791,0.03940783441066742,26926,26926,3,1.1920928955078125e-07,0.0,True,post_hoc_boundary_grouping_only,False
1,REFUGE->RIM_ONE_r3,15,B1,categorical_class_balanced,0.035602420568466187,1.711692452430725,10.763651887686699,0.1139766201376915,0.12078646570444107,0.16734535992145538,0.7419028878211975,1.9717193841934204,23428,2757,741,0.0023983034770935774,0.03851613774895668,0.06589281558990479,0.15785619616508484,0.04004385694861412,26926,26926,3,1.1920928955078125e-07,0.0,True,post_hoc_boundary_grouping_only,False
1,REFUGE->RIM_ONE_r3,15,B2,top2_pairwise_class_balanced,0.034012116491794586,1.6244664192199707,10.215147595521891,0.11141365766525269,0.11141075938940048,0.16734535992145538,0.7419028878211975,1.8851522207260132,23428,2757,741,0.0023890838492661715,0.0363602414727211,0.06328702718019485,0.156910240650177,0.03845871984958649,26926,26926,3,1.1920928955078125e-07,0.0,True,post_hoc_boundary_grouping_only,False
1,REFUGE->RIM_ONE_r3,15,B3,all_pairwise_class_balanced,0.01787390187382698,0.8592043519020081,5.402942877457692,0.11407852917909622,0.12215854972600937,0.16734535992145538,0.7419028878211975,1.2298508882522583,23428,2757,741,0.001211922732181847,0.01938573084771633,0.033024050295352936,0.0790422186255455,0.02015719562768936,26926,53852,3,1.1920928955078125e-07,0.0,True,post_hoc_boundary_grouping_only,False
1,REFUGE->RIM_ONE_r3,16,B0,categorical_pixel_mean,0.008678429760038853,0.19310979545116425,1.0,0.5600389838218689,-0.21313582360744476,0.3218784034252167,0.3740393817424774,0.49814918637275696,32509,2729,904,0.0030360084492713213,0.059950828552246094,0.056805770844221115,0.06597227603197098,0.03648834303021431,36142,36142,3,1.7881393432617188e-07,0.0,True,post_hoc_boundary_grouping_only,False
1,REFUGE->RIM_ONE_r3,16,B1,categorical_class_balanced,0.03993087261915207,1.2171376943588257,6.302827319117683,0.30697551369667053,-0.22695833444595337,0.3218784034252167,0.3740393817424774,1.2989650964736938,32509,2729,904,0.0030360084492713213,0.059950828552246094,0.056805770844221115,0.08566965162754059,0.03830861300230026,36142,36142,3,1.7881393432617188e-07,0.0,True,post_hoc_boundary_grouping_only,False
1,REFUGE->RIM_ONE_r3,16,B2,top2_pairwise_class_balanced,0.03768102452158928,1.0963003635406494,5.677083138011474,0.28689247369766235,-0.2122400850057602,0.3218784034252167,0.3740393817424774,1.184184193611145,32509,2729,904,0.002961918246001005,0.05687815696001053,0.05320299044251442,0.08380194753408432,0.0353500097990036,36142,36142,3,1.7881393432617188e-07,0.0,True,post_hoc_boundary_grouping_only,False
1,REFUGE->RIM_ONE_r3,16,B3,all_pairwise_class_balanced,0.020069390535354614,0.6099805235862732,3.1587238863837532,0.3027779161930084,-0.22514373064041138,0.3218784034252167,0.3740393817424774,0.7485002279281616,32509,2729,904,0.0015709163853898644,0.03018851764500141,0.028448734432458878,0.04359930753707886,0.019566375762224197,36142,72284,3,1.7881393432617188e-07,0.0,True,post_hoc_boundary_grouping_only,False
1,REFUGE->RIM_ONE_r3,17,B0,categorical_pixel_mean,0.004834264516830444,0.17211683094501495,1.0,-0.474233478307724,-0.7621005773544312,0.33870455622673035,0.41684669256210327,0.49527764320373535,31616,3390,1098,0.0015377708477899432,0.02686106599867344,0.03174782171845436,0.021853243932127953,0.024129996076226234,36104,36104,3,1.7881393432617188e-07,0.0,True,post_hoc_boundary_grouping_only,False
1,REFUGE->RIM_ONE_r3,17,B1,categorical_class_balanced,0.02004888653755188,0.8159810304641724,4.740855533906783,-0.36131829023361206,-0.3637768626213074,0.33870455622673035,0.41684669256210327,0.7739177942276001,31616,3390,1098,0.0015377708477899432,0.02686106599867344,0.03174782171845436,0.035262975841760635,0.028015851974487305,36104,36104,3,1.7881393432617188e-07,0.0,True,post_hoc_boundary_grouping_only,False
1,REFUGE->RIM_ONE_r3,17,B2,top2_pairwise_class_balanced,0.01909543201327324,0.8123531937599182,4.71977777710441,-0.3804488778114319,-0.4124116897583008,0.33870455622673035,0.41684669256210327,0.7426776885986328,31616,3390,1098,0.0015276832273229957,0.025074481964111328,0.030684132128953934,0.03479008749127388,0.026581620797514915,36104,36104,3,1.7881393432617188e-07,0.0,True,post_hoc_boundary_grouping_only,False
1,REFUGE->RIM_ONE_r3,17,B3,all_pairwise_class_balanced,0.010149573907256126,0.40870407223701477,2.37457353817757,-0.3490895926952362,-0.3391393721103668,0.33870455622673035,0.41684669256210327,0.5789201259613037,31616,3390,1098,0.0007791227544657886,0.013559664599597454,0.016109934076666832,0.017753927037119865,0.014372440055012703,36104,72208,3,1.7881393432617188e-07,0.0,True,post_hoc_boundary_grouping_only,False
1,REFUGE->RIM_ONE_r3,18,B0,categorical_pixel_mean,0.007554988842457533,0.11358018964529037,1.0,0.07792318612337112,0.4125621020793915,0.19649386405944824,0.3924693763256073,0.5074023008346558,31293,3639,811,0.002993501489982009,0.03495350852608681,0.06062456592917442,0.057988714426755905,0.03448061645030975,35743,35743,3,1.7881393432617188e-07,0.0,True,post_hoc_boundary_grouping_only,False
1,REFUGE->RIM_ONE_r3,18,B1,categorical_class_balanced,0.03285719081759453,1.1433124542236328,10.066125596322602,0.05300210788846016,0.2872261703014374,0.19649386405944824,0.3924693763256073,1.339067816734314,31293,3639,811,0.002993501489982009,0.03495350852608681,0.06062456592917442,0.09326925128698349,0.14620721340179443,35743,35743,3,1.7881393432617188e-07,0.0,True,post_hoc_boundary_grouping_only,False
1,REFUGE->RIM_ONE_r3,18,B2,top2_pairwise_class_balanced,0.03214780241250992,1.1149191856384277,9.81614125773436,0.05236244574189186,0.28608155250549316,0.19649386405944824,0.3924693763256073,1.311734676361084,31293,3639,811,0.0029857151675969362,0.03380263224244118,0.05965505167841911,0.09274753928184509,0.1453780233860016,35743,35743,3,1.7881393432617188e-07,0.0,True,post_hoc_boundary_grouping_only,False
1,REFUGE->RIM_ONE_r3,18,B3,all_pairwise_class_balanced,0.016455508768558502,0.5740543007850647,5.054176283538791,0.05346972867846489,0.29032057523727417,0.19649386405944824,0.3924693763256073,0.8226049542427063,31293,3639,811,0.001519816112704575,0.017500221729278564,0.03034648299217224,0.04679366573691368,0.07499013096094131,35743,71486,3,1.7881393432617188e-07,0.0,True,post_hoc_boundary_grouping_only,False
1,REFUGE->RIM_ONE_r3,19,B0,categorical_pixel_mean,0.005473553203046322,0.09732623398303986,1.0,0.11836603283882141,0.006609406787902117,0.3219150900840759,0.38037174940109253,0.39086365699768066,32125,3032,966,0.0014978696126490831,0.03465789929032326,0.046086281538009644,0.04620633274316788,0.030150899663567543,36123,36123,3,1.7881393432617188e-07,0.0,True,post_hoc_boundary_grouping_only,False
1,REFUGE->RIM_ONE_r3,19,B1,categorical_class_balanced,0.02741401642560959,1.1968985795974731,12.297800198516319,-0.0016994272591546178,0.16583731770515442,0.3219150900840759,0.38037174940109253,1.310592770576477,32125,3032,966,0.0014978696126490831,0.03465789929032326,0.046086281538009644,0.06980140507221222,0.15981335937976837,36123,36123,3,1.7881393432617188e-07,0.0,True,post_hoc_boundary_grouping_only,False
1,REFUGE->RIM_ONE_r3,19,B2,top2_pairwise_class_balanced,0.02687973901629448,1.1816763877868652,12.141396409037927,-0.004493298940360546,0.17052094638347626,0.3219150900840759,0.38037174940109253,1.2967771291732788,32125,3032,966,0.0014943549176678061,0.03394268825650215,0.04520217329263687,0.06955379247665405,0.15904885530471802,36123,36123,3,1.7881393432617188e-07,0.0,True,post_hoc_boundary_grouping_only,False
1,REFUGE->RIM_ONE_r3,19,B3,all_pairwise_class_balanced,0.013723219744861126,0.5990311503410339,6.154878554588083,-0.0016664463328197598,0.1657383292913437,0.3219150900840759,0.38037174940109253,0.7544031143188477,32125,3032,966,0.0007530604489147663,0.01736472360789776,0.023051872849464417,0.03503723070025444,0.0810357928276062,36123,72246,3,1.7881393432617188e-07,0.0,True,post_hoc_boundary_grouping_only,False
1,REFUGE->RIM_ONE_r3,20,B0,categorical_pixel_mean,0.007836696691811085,0.09436054527759552,1.0,-0.29609695076942444,-0.07493152469396591,0.27911585569381714,0.2824454605579376,0.4368506669998169,31672,3709,761,0.0028119191993027925,0.04042655974626541,0.05812442675232887,0.05179347097873688,0.03485488519072533,36142,36142,3,1.7881393432617188e-07,0.0,True,post_hoc_boundary_grouping_only,False
1,REFUGE->RIM_ONE_r3,20,B1,categorical_class_balanced,0.03378763794898987,1.1436930894851685,12.12045867391486,-0.20858390629291534,-0.15800656378269196,0.27911585569381714,0.2824454605579376,1.1288576126098633,31672,3709,761,0.0028119191993027925,0.04042655974626541,0.05812442675232887,0.11964981257915497,0.04511512070894241,36142,36142,3,1.7881393432617188e-07,0.0,True,post_hoc_boundary_grouping_only,False
1,REFUGE->RIM_ONE_r3,20,B2,top2_pairwise_class_balanced,0.03221780061721802,1.020965337753296,10.81983295825346,-0.2325391322374344,-0.1649196445941925,0.27911585569381714,0.2824454605579376,1.0081087350845337,31672,3709,761,0.00280574569478631,0.03879014030098915,0.05505751445889473,0.11916181445121765,0.043736204504966736,36142,36142,3,1.7881393432617188e-07,0.0,True,post_hoc_boundary_grouping_only,False
1,REFUGE->RIM_ONE_r3,20,B3,all_pairwise_class_balanced,0.01690470241010189,0.5720424652099609,6.062305633430711,-0.2087172269821167,-0.1580274999141693,0.27911585569381714,0.2824454605579376,0.641130805015564,31672,3709,761,0.0014152566436678171,0.020232053473591805,0.029066793620586395,0.05998510122299194,0.022606326267123222,36142,72284,3,1.7881393432617188e-07,0.0,True,post_hoc_boundary_grouping_only,False
1,REFUGE->RIM_ONE_r3,21,B0,categorical_pixel_mean,0.004702115431427956,0.11474019289016724,1.0,0.05002468451857567,0.13597507774829865,0.22869062423706055,1.203725814819336,1.2504042387008667,32448,2858,798,0.0014346136013045907,0.036848001182079315,0.022435138002038002,0.04476071894168854,0.024913448840379715,36104,36104,3,1.1920928955078125e-07,0.0,True,post_hoc_boundary_grouping_only,False
1,REFUGE->RIM_ONE_r3,21,B1,categorical_class_balanced,0.020239252597093582,0.486528217792511,4.240259716647247,0.03152422606945038,0.48938775062561035,0.22869062423706055,1.203725814819336,1.5255191326141357,32448,2858,798,0.0014346136013045907,0.036848001182079315,0.022435138002038002,0.0499604307115078,0.07436615228652954,36104,36104,3,1.1920928955078125e-07,0.0,True,post_hoc_boundary_grouping_only,False
1,REFUGE->RIM_ONE_r3,21,B2,top2_pairwise_class_balanced,0.019685937091708183,0.4821799099445343,4.202362727471544,0.027221133932471275,0.504143238067627,0.22869062423706055,1.203725814819336,1.5277163982391357,32448,2858,798,0.001429618219844997,0.03527116775512695,0.022357022389769554,0.04906827211380005,0.07382729649543762,36104,36104,3,1.1920928955078125e-07,0.0,True,post_hoc_boundary_grouping_only,False
1,REFUGE->RIM_ONE_r3,21,B3,all_pairwise_class_balanced,0.010137069970369339,0.24336355924606323,2.1209966021149897,0.031643785536289215,0.4888799488544464,0.22869062423706055,1.203725814819336,1.3636023998260498,32448,2858,798,0.0007216485100798309,0.018471404910087585,0.011218156665563583,0.025196269154548645,0.03766495734453201,36104,72208,3,1.1920928955078125e-07,0.0,True,post_hoc_boundary_grouping_only,False
1,REFUGE->RIM_ONE_r3,22,B0,categorical_pixel_mean,0.004839521832764149,0.1154116615653038,1.0,0.1414235383272171,-0.11585137248039246,0.32498714327812195,0.19653697311878204,0.34187188744544983,31718,3391,672,0.0014006344135850668,0.031510062515735626,0.032569948583841324,0.02171027660369873,0.02820422500371933,35781,35781,3,1.7881393432617188e-07,4.656612873077393e-10,True,post_hoc_boundary_grouping_only,False
1,REFUGE->RIM_ONE_r3,22,B1,categorical_class_balanced,0.021826883777976036,0.6211910247802734,5.3823939137102075,-0.0332486629486084,0.06406527757644653,0.32498714327812195,0.19653697311878204,0.6973591446876526,31718,3391,672,0.0014006344135850668,0.031510062515735626,0.032569948583841324,0.08378072828054428,0.03035147674381733,35781,35781,3,1.7881393432617188e-07,4.656612873077393e-10,True,post_hoc_boundary_grouping_only,False
1,REFUGE->RIM_ONE_r3,22,B2,top2_pairwise_class_balanced,0.021261563524603844,0.60211580991745,5.217114126519637,-0.050886206328868866,0.07284750044345856,0.32498714327812195,0.19653697311878204,0.6768235564231873,31718,3391,672,0.0013950375141575933,0.030400501564145088,0.03198914974927902,0.08312802016735077,0.029633667320013046,35781,35781,3,1.7881393432617188e-07,4.656612873077393e-10,True,post_hoc_boundary_grouping_only,False
1,REFUGE->RIM_ONE_r3,22,B3,all_pairwise_class_balanced,0.010936355218291283,0.3125151991844177,2.7078303435358317,-0.0343286506831646,0.06604833900928497,0.32498714327812195,0.19653697311878204,0.4438594877719879,31718,3391,672,0.0007043349905870855,0.015786362811923027,0.016318367794156075,0.04261677712202072,0.015195685438811779,35781,71562,3,1.7881393432617188e-07,4.656612873077393e-10,True,post_hoc_boundary_grouping_only,False
1,REFUGE->RIM_ONE_r3,23,B0,categorical_pixel_mean,0.00827465858310461,0.09086454659700394,1.0,-0.2125391811132431,-0.09654326736927032,0.4515782594680786,0.2885996997356415,0.5326350927352905,32278,3698,508,0.0036640968173742294,0.04213918745517731,0.05470908060669899,0.05358971282839775,0.03271277993917465,36484,36484,3,1.7881393432617188e-07,0.0,True,post_hoc_boundary_grouping_only,False
1,REFUGE->RIM_ONE_r3,23,B1,categorical_class_balanced,0.033504121005535126,1.295721411705017,14.259922711678845,0.032731398940086365,0.1368057131767273,0.4515782594680786,0.2885996997356415,1.455156683921814,32278,3698,508,0.0036640968173742294,0.04213918745517731,0.05470908060669899,0.051846787333488464,0.036632075905799866,36484,36484,3,1.7881393432617188e-07,0.0,True,post_hoc_boundary_grouping_only,False
1,REFUGE->RIM_ONE_r3,23,B2,top2_pairwise_class_balanced,0.032727599143981934,1.278723955154419,14.072859030769457,0.02898433618247509,0.13386660814285278,0.4515782594680786,0.2885996997356415,1.437122106552124,32278,3698,508,0.003609933191910386,0.03997741639614105,0.05459544435143471,0.05116049572825432,0.03590179979801178,36484,36484,3,1.7881393432617188e-07,0.0,True,post_hoc_boundary_grouping_only,False
1,REFUGE->RIM_ONE_r3,23,B3,all_pairwise_class_balanced,0.016952713951468468,0.6573790311813354,7.234714262064134,0.03901282325387001,0.1500779390335083,0.4515782594680786,0.2885996997356415,0.900105357170105,32278,3698,508,0.0018494251416996121,0.02110181748867035,0.02790689840912819,0.025980684906244278,0.018332703039050102,36484,72968,3,1.7881393432617188e-07,0.0,True,post_hoc_boundary_grouping_only,False
1,REFUGE->RIM_ONE_r3,24,B0,categorical_pixel_mean,0.008126715198159218,0.14042161405086517,1.0,0.1468222588300705,0.6891232132911682,0.4321989417076111,0.6338459849357605,0.9354934692382812,33005,2025,713,0.0035708865616470575,0.06575433164834976,0.055348582565784454,0.060227710753679276,0.04001269489526749,35743,35743,3,1.7881393432617188e-07,0.0,True,post_hoc_boundary_grouping_only,False
1,REFUGE->RIM_ONE_r3,24,B1,categorical_class_balanced,0.04155793413519859,1.4225581884384155,10.130621258370665,-0.010170228779315948,-0.027547314763069153,0.4321989417076111,0.6338459849357605,1.6359682083129883,33005,2025,713,0.0035708865616470575,0.06575433164834976,0.055348582565784454,0.06687667220830917,0.03966104984283447,35743,35743,3,1.7881393432617188e-07,0.0,True,post_hoc_boundary_grouping_only,False
1,REFUGE->RIM_ONE_r3,24,B2,top2_pairwise_class_balanced,0.03687271475791931,1.1617398262023926,8.27322655457851,-0.00339516787789762,-0.08950772881507874,0.4321989417076111,0.6338459849357605,1.389005184173584,33005,2025,713,0.0035454249009490013,0.06268144398927689,0.04439127445220947,0.06150894612073898,0.0344310998916626,35743,35743,3,1.7881393432617188e-07,0.0,True,post_hoc_boundary_grouping_only,False
1,REFUGE->RIM_ONE_r3,24,B3,all_pairwise_class_balanced,0.0215589739382267,0.8024941086769104,5.71489021901017,-0.04907510429620743,-0.031492654234170914,0.4321989417076111,0.6338459849357605,1.1370372772216797,33005,2025,713,0.0018063471652567387,0.03317409008741379,0.029696479439735413,0.035666726529598236,0.020524539053440094,35743,71486,3,1.7881393432617188e-07,0.0,True,post_hoc_boundary_grouping_only,False
1,REFUGE->RIM_ONE_r3,25,B0,categorical_pixel_mean,0.0093711381778121,0.27401480078697205,1.0,0.4046231508255005,-0.4439554810523987,0.2143101543188095,0.39116230607032776,0.42696186900138855,32548,3352,584,0.004489265847951174,0.04075523093342781,0.10131583362817764,0.044635504484176636,0.06269661337137222,36484,36484,3,1.7881393432617188e-07,0.0,True,post_hoc_boundary_grouping_only,False
1,REFUGE->RIM_ONE_r3,25,B1,categorical_class_balanced,0.04885344207286835,1.7826220989227295,6.505568654696859,-0.20589987933635712,-0.1857163906097412,0.2143101543188095,0.39116230607032776,1.7076810598373413,32548,3352,584,0.004489265847951174,0.04075523093342781,0.10131583362817764,0.05727504938840866,0.1053726002573967,36484,36484,3,1.7881393432617188e-07,0.0,True,post_hoc_boundary_grouping_only,False
1,REFUGE->RIM_ONE_r3,25,B2,top2_pairwise_class_balanced,0.04221498966217041,1.2800623178482056,4.671507941074203,-0.23251371085643768,-0.20129746198654175,0.2143101543188095,0.39116230607032776,1.210141897201538,32548,3352,584,0.004477399401366711,0.03842014819383621,0.08374742418527603,0.055648334324359894,0.09805484861135483,36484,36484,3,1.7881393432617188e-07,0.0,True,post_hoc_boundary_grouping_only,False
1,REFUGE->RIM_ONE_r3,25,B3,all_pairwise_class_balanced,0.02661590836942196,1.1342236995697021,4.1392789597941615,-0.25254321098327637,-0.15444475412368774,0.2143101543188095,0.39116230607032776,1.0869559049606323,32548,3352,584,0.0023070035967975855,0.02041361853480339,0.05712709575891495,0.03093000315129757,0.05561983585357666,36484,72968,3,1.7881393432617188e-07,0.0,True,post_hoc_boundary_grouping_only,False
1,REFUGE->RIM_ONE_r3,26,B0,categorical_pixel_mean,0.00844760611653328,0.20837797224521637,1.0,0.10830259323120117,0.4906977415084839,0.29998648166656494,0.4067102372646332,0.6387320160865784,30812,4259,710,0.002417899202555418,0.038841430097818375,0.08779976516962051,0.0608353391289711,0.043116211891174316,35781,35781,3,1.7881393432617188e-07,0.0,True,post_hoc_boundary_grouping_only,False
1,REFUGE->RIM_ONE_r3,26,B1,categorical_class_balanced,0.043019697070121765,2.0425567626953125,9.80217218109628,0.07774721831083298,0.30129706859588623,0.29998648166656494,0.4067102372646332,2.244027853012085,30812,4259,710,0.002417899202555418,0.038841430097818375,0.08779976516962051,0.07015915215015411,0.14780205488204956,35781,35781,3,1.7881393432617188e-07,0.0,True,post_hoc_boundary_grouping_only,False
1,REFUGE->RIM_ONE_r3,26,B2,top2_pairwise_class_balanced,0.042082250118255615,2.022393226623535,9.705407941313538,0.07550980895757675,0.28605416417121887,0.29998648166656494,0.4067102372646332,2.218130111694336,30812,4259,710,0.0024110849481076,0.036252960562705994,0.08758271485567093,0.0695369690656662,0.146602064371109,35781,35781,3,1.7881393432617188e-07,0.0,True,post_hoc_boundary_grouping_only,False
1,REFUGE->RIM_ONE_r3,26,B3,all_pairwise_class_balanced,0.02153826132416725,1.0226126909255981,4.907489404504817,0.07786986976861954,0.3015044331550598,0.29998648166656494,0.4067102372646332,1.2696994543075562,30812,4259,710,0.0012189478147774935,0.019472433254122734,0.04392340034246445,0.03532305359840393,0.07457982003688812,35781,71562,3,1.7881393432617188e-07,0.0,True,post_hoc_boundary_grouping_only,False
1,REFUGE->RIM_ONE_r3,27,B0,categorical_pixel_mean,0.00818588025867939,0.1541065126657486,1.0,-0.25271591544151306,0.22626186907291412,0.22617757320404053,0.47554025053977966,0.5619685053825378,31396,3431,935,0.0021730633452534676,0.04808312654495239,0.06368419528007507,0.06005653366446495,0.03691224381327629,35762,35762,3,1.7881393432617188e-07,9.313225746154785e-10,True,post_hoc_boundary_grouping_only,False
1,REFUGE->RIM_ONE_r3,27,B1,categorical_class_balanced,0.037980131804943085,1.2184367179870605,7.906458311919661,-0.26593706011772156,0.04299964755773544,0.22617757320404053,0.47554025053977966,1.290095329284668,31396,3431,935,0.0021730633452534676,0.04808312654495239,0.06368419528007507,0.0979185551404953,0.07859845459461212,35762,35762,3,1.7881393432617188e-07,9.313225746154785e-10,True,post_hoc_boundary_grouping_only,False
1,REFUGE->RIM_ONE_r3,27,B2,top2_pairwise_class_balanced,0.03597186505794525,1.1313954591751099,7.341645979810505,-0.3149159848690033,0.02252992056310177,0.22617757320404053,0.47554025053977966,1.1914938688278198,31396,3431,935,0.00216636317782104,0.04723363369703293,0.05851559340953827,0.09757344424724579,0.07635290920734406,35762,35762,3,1.7881393432617188e-07,9.313225746154785e-10,True,post_hoc_boundary_grouping_only,False
1,REFUGE->RIM_ONE_r3,27,B3,all_pairwise_class_balanced,0.01902701146900654,0.6115260124206543,3.9682035615654474,-0.26412561535835266,0.037950027734041214,0.22617757320404053,0.47554025053977966,0.7742394208908081,31396,3431,935,0.0010941202053800225,0.024081047624349594,0.03190586343407631,0.04915308952331543,0.039453230798244476,35762,71524,3,1.7881393432617188e-07,9.313225746154785e-10,True,post_hoc_boundary_grouping_only,False
1,REFUGE->RIM_ONE_r3,28,B0,categorical_pixel_mean,0.008438638411462307,0.2520444095134735,1.0,-0.16756446659564972,-0.14595246315002441,0.35460683703422546,0.30039554834365845,0.4947080612182617,32303,2533,907,0.002363825449720025,0.06072568893432617,0.07877112179994583,0.05585494637489319,0.0611739344894886,35743,35743,3,1.7881393432617188e-07,9.313225746154785e-10,True,post_hoc_boundary_grouping_only,False
1,REFUGE->RIM_ONE_r3,28,B1,categorical_class_balanced,0.047286879271268845,2.3007352352142334,9.128293064128618,-0.11471857130527496,-0.3538823425769806,0.35460683703422546,0.30039554834365845,2.2022368907928467,32303,2533,907,0.002363825449720025,0.06072568893432617,0.07877112179994583,0.057829469442367554,0.06806598603725433,35743,35743,3,1.7881393432617188e-07,9.313225746154785e-10,True,post_hoc_boundary_grouping_only,False
1,REFUGE->RIM_ONE_r3,28,B2,top2_pairwise_class_balanced,0.04448419809341431,2.1554439067840576,8.551841760524486,-0.10886402428150177,-0.34585708379745483,0.35460683703422546,0.30039554834365845,2.0651021003723145,32303,2533,907,0.002354303142055869,0.05433269590139389,0.07676560431718826,0.054913900792598724,0.0650477334856987,35743,35743,3,1.7881393432617188e-07,9.313225746154785e-10,True,post_hoc_boundary_grouping_only,False
1,REFUGE->RIM_ONE_r3,28,B3,all_pairwise_class_balanced,0.024469580501317978,1.3319728374481201,5.284675188865544,-0.12129691988229752,-0.452058345079422,0.35460683703422546,0.30039554834365845,1.2373157739639282,32303,2533,907,0.0011939251562580466,0.030543532222509384,0.041671283543109894,0.029107045382261276,0.0351874977350235,35743,71486,3,1.7881393432617188e-07,9.313225746154785e-10,True,post_hoc_boundary_grouping_only,False
1,REFUGE->RIM_ONE_r3,29,B0,categorical_pixel_mean,0.010555089451372623,0.16502442955970764,1.0,-0.34200140833854675,0.6443214416503906,0.3490692377090454,0.25645512342453003,0.3550790250301361,32150,3643,710,0.004817000590264797,0.052928611636161804,0.052967436611652374,0.07552462071180344,0.049254342913627625,36503,36503,3,1.7881393432617188e-07,9.313225746154785e-10,True,post_hoc_boundary_grouping_only,False
1,REFUGE->RIM_ONE_r3,29,B1,categorical_class_balanced,0.03690434992313385,1.058382272720337,6.413488448614226,-0.25725334882736206,0.3553057909011841,0.3490692377090454,0.25645512342453003,1.098491907119751,32150,3643,710,0.004817000590264797,0.052928611636161804,0.052967436611652374,0.07613255828619003,0.1043727919459343,36503,36503,3,1.7881393432617188e-07,9.313225746154785e-10,True,post_hoc_boundary_grouping_only,False
1,REFUGE->RIM_ONE_r3,29,B2,top2_pairwise_class_balanced,0.0350189134478569,0.9765627980232239,5.917686251840021,-0.24496352672576904,0.3460155427455902,0.3490692377090454,0.25645512342453003,1.0216056108474731,32150,3643,710,0.004714739043265581,0.04828069731593132,0.0520613007247448,0.0738145112991333,0.1035633236169815,36503,36503,3,1.7881393432617188e-07,9.313225746154785e-10,True,post_hoc_boundary_grouping_only,False
1,REFUGE->RIM_ONE_r3,29,B3,all_pairwise_class_balanced,0.018810788169503212,0.5425398945808411,3.2876338129352187,-0.22866640985012054,0.3145638406276703,0.3490692377090454,0.25645512342453003,0.6156228184700012,32150,3643,710,0.0024333037436008453,0.026527006179094315,0.027472052723169327,0.03843816742300987,0.052571844309568405,36503,73006,3,1.7881393432617188e-07,9.313225746154785e-10,True,post_hoc_boundary_grouping_only,False
1,REFUGE->RIM_ONE_r3,30,B0,categorical_pixel_mean,0.008934401907026768,0.13146570324897766,1.0,-0.1749732792377472,-0.13422390818595886,0.25804492831230164,0.3417437672615051,0.42424675822257996,32561,3434,869,0.0038903281092643738,0.04958788678050041,0.037284258753061295,0.03444775938987732,0.041715674102306366,36864,36864,3,1.7881393432617188e-07,0.0,True,post_hoc_boundary_grouping_only,False
1,REFUGE->RIM_ONE_r3,30,B1,categorical_class_balanced,0.03025415912270546,0.8579145073890686,6.52576669189757,0.15274040400981903,-0.29857882857322693,0.25804492831230164,0.3417437672615051,0.9028825759887695,32561,3434,869,0.0038903281092643738,0.04958788678050041,0.037284258753061295,0.04224786162376404,0.045617830008268356,36864,36864,3,1.7881393432617188e-07,0.0,True,post_hoc_boundary_grouping_only,False
1,REFUGE->RIM_ONE_r3,30,B2,top2_pairwise_class_balanced,0.028327573090791702,0.8091272115707397,6.154663852049427,0.1232002004981041,-0.3916429877281189,0.25804492831230164,0.3417437672615051,0.8223004937171936,32561,3434,869,0.003819118719547987,0.04556421935558319,0.03559937700629234,0.04033617675304413,0.041822291910648346,36864,36864,3,1.7881393432617188e-07,0.0,True,post_hoc_boundary_grouping_only,False
1,REFUGE->RIM_ONE_r3,30,B3,all_pairwise_class_balanced,0.01581098698079586,0.44800758361816406,3.4077905685386276,0.1610754430294037,-0.23890399932861328,0.25804492831230164,0.3417437672615051,0.5928261280059814,32561,3434,869,0.0019739349372684956,0.02556338720023632,0.019895639270544052,0.021551376208662987,0.023648280650377274,36864,73728,3,1.7881393432617188e-07,0.0,True,post_hoc_boundary_grouping_only,False
1,REFUGE->RIM_ONE_r3,31,B0,categorical_pixel_mean,0.006739269942045212,0.18561400473117828,1.0,-0.31311044096946716,-0.31808868050575256,0.3476192057132721,0.11230682581663132,0.344163179397583,23823,2835,610,0.0026794516015797853,0.03127741068601608,0.051249805837869644,0.03858005627989769,0.0346524640917778,27268,27268,3,1.1920928955078125e-07,4.656612873077393e-10,True,post_hoc_boundary_grouping_only,False
1,REFUGE->RIM_ONE_r3,31,B1,categorical_class_balanced,0.02840222418308258,1.477378487586975,7.959412813309201,-0.21136578917503357,-0.3344155550003052,0.3476192057132721,0.11230682581663132,1.4114567041397095,23823,2835,610,0.0026794516015797853,0.03127741068601608,0.051249805837869644,0.05091725289821625,0.08286671340465546,27268,27268,3,1.1920928955078125e-07,4.656612873077393e-10,True,post_hoc_boundary_grouping_only,False
1,REFUGE->RIM_ONE_r3,31,B2,top2_pairwise_class_balanced,0.028073128312826157,1.4683153629302979,7.910585007078722,-0.20936426520347595,-0.3350547254085541,0.3476192057132721,0.11230682581663132,1.4033362865447998,23823,2835,610,0.0026746257208287716,0.030505811795592308,0.0510389469563961,0.05063477158546448,0.08247219771146774,27268,27268,3,1.1920928955078125e-07,4.656612873077393e-10,True,post_hoc_boundary_grouping_only,False
1,REFUGE->RIM_ONE_r3,31,B3,all_pairwise_class_balanced,0.014211243018507957,0.7386998534202576,3.9797635662788724,-0.21133196353912354,-0.3343362510204315,0.3476192057132721,0.11230682581663132,0.7206472158432007,23823,2835,610,0.0013496899046003819,0.015657229349017143,0.025626810267567635,0.025500010699033737,0.042021244764328,27268,54536,3,1.1920928955078125e-07,4.656612873077393e-10,True,post_hoc_boundary_grouping_only,False
1,RIM_ONE_r3->Drishti_GS,0,B0,categorical_pixel_mean,0.006505180150270462,0.2084800899028778,1.0,-0.23593655228614807,-0.06345754861831665,0.25517386198043823,0.6833088397979736,0.7955499291419983,31780,2974,1008,0.0028713156934827566,0.03856910765171051,0.02647152915596962,0.014243200421333313,0.029927967116236687,35762,35762,3,1.7881393432617188e-07,0.0,True,post_hoc_boundary_grouping_only,False
1,RIM_ONE_r3->Drishti_GS,0,B1,categorical_class_balanced,0.022637318819761276,0.4809907376766205,2.307130325493883,0.03733697906136513,0.3054116368293762,0.25517386198043823,0.6833088397979736,1.0362629890441895,31780,2974,1008,0.0028713156934827566,0.03856910765171051,0.02647152915596962,0.01808079332113266,0.028995085507631302,35762,35762,3,1.7881393432617188e-07,0.0,True,post_hoc_boundary_grouping_only,False
1,RIM_ONE_r3->Drishti_GS,0,B2,top2_pairwise_class_balanced,0.02077411860227585,0.45720869302749634,2.1930568681186333,-0.04395030811429024,0.22930963337421417,0.25517386198043823,0.6833088397979736,0.9872527718544006,31780,2974,1008,0.0028470982797443867,0.03578163683414459,0.023693617433309555,0.01726612076163292,0.02693193033337593,35762,35762,3,1.7881393432617188e-07,0.0,True,post_hoc_boundary_grouping_only,False
1,RIM_ONE_r3->Drishti_GS,0,B3,all_pairwise_class_balanced,0.012092280201613903,0.2908521890640259,1.3951077496154276,0.05892440304160118,0.2319021075963974,0.25517386198043823,0.6833088397979736,0.90450519323349,31780,2974,1008,0.0014692926779389381,0.019726745784282684,0.015080799348652363,0.009174449369311333,0.015470627695322037,35762,71524,3,1.7881393432617188e-07,0.0,True,post_hoc_boundary_grouping_only,False
1,RIM_ONE_r3->Drishti_GS,1,B0,categorical_pixel_mean,0.0050917137414216995,0.2025337666273117,1.0,0.06654602289199829,-0.5561906099319458,0.2505451738834381,0.5114312171936035,0.46846964955329895,31589,3208,1345,0.002094360301271081,0.02847384847700596,0.019718868657946587,0.023959703743457794,0.026854271069169044,36142,36142,3,1.7881393432617188e-07,0.0,True,post_hoc_boundary_grouping_only,False
1,RIM_ONE_r3->Drishti_GS,1,B1,categorical_class_balanced,0.01676235906779766,0.5054746270179749,2.4957548335538213,-0.32079407572746277,0.5787284970283508,0.2505451738834381,0.5114312171936035,0.8719945549964905,31589,3208,1345,0.002094360301271081,0.02847384847700596,0.019718868657946587,0.040263958275318146,0.02669556438922882,36142,36142,3,1.7881393432617188e-07,0.0,True,post_hoc_boundary_grouping_only,False
1,RIM_ONE_r3->Drishti_GS,1,B2,top2_pairwise_class_balanced,0.016076572239398956,0.4951828718185425,2.444939824428106,-0.3277459144592285,0.5796660780906677,0.2505451738834381,0.5114312171936035,0.8627811670303345,31589,3208,1345,0.002081813057884574,0.0267290361225605,0.01941886730492115,0.038139116019010544,0.026114996522665024,36142,36142,3,1.7881393432617188e-07,0.0,True,post_hoc_boundary_grouping_only,False
1,RIM_ONE_r3->Drishti_GS,1,B3,all_pairwise_class_balanced,0.008461181074380875,0.2588900923728943,1.2782564442663307,-0.31530606746673584,0.5828219652175903,0.2505451738834381,0.5114312171936035,0.683641791343689,31589,3208,1345,0.0010547315469011664,0.014333906583487988,0.00999490637332201,0.020617090165615082,0.013452639803290367,36142,72284,3,1.7881393432617188e-07,0.0,True,post_hoc_boundary_grouping_only,False
1,RIM_ONE_r3->Drishti_GS,2,B0,categorical_pixel_mean,0.004571800120174885,0.13496974110603333,1.0,0.5840441584587097,0.48221486806869507,0.18833622336387634,0.3812832236289978,0.6009953022003174,31947,2803,993,0.001219270401634276,0.029473543167114258,0.04213843494653702,0.014911907725036144,0.028948139399290085,35743,35743,3,1.7881393432617188e-07,0.0,True,post_hoc_boundary_grouping_only,False
1,RIM_ONE_r3->Drishti_GS,2,B1,categorical_class_balanced,0.024277081713080406,1.3976106643676758,10.354992555477317,0.3546368181705475,0.20973901450634003,0.18833622336387634,0.3812832236289978,1.6208548545837402,31947,2803,993,0.001219270401634276,0.029473543167114258,0.04213843494653702,0.02005884051322937,0.0301799438893795,35743,35743,3,1.7881393432617188e-07,0.0,True,post_hoc_boundary_grouping_only,False
1,RIM_ONE_r3->Drishti_GS,2,B2,top2_pairwise_class_balanced,0.02246720716357231,1.1885148286819458,8.80578727455837,0.34752216935157776,0.21957199275493622,0.18833622336387634,0.3812832236289978,1.4250633716583252,31947,2803,993,0.0012113096890971065,0.027937540784478188,0.03825277090072632,0.019496258348226547,0.02829015627503395,35743,35743,3,1.7881393432617188e-07,0.0,True,post_hoc_boundary_grouping_only,False
1,RIM_ONE_r3->Drishti_GS,2,B3,all_pairwise_class_balanced,0.012944142334163189,0.8420605659484863,6.238884056886178,0.3552895188331604,0.20211493968963623,0.18833622336387634,0.3812832236289978,1.1023675203323364,31947,2803,993,0.0006124586216174066,0.014905199408531189,0.023314768448472023,0.010114172473549843,0.015945767983794212,35743,71486,3,1.7881393432617188e-07,0.0,True,post_hoc_boundary_grouping_only,False
1,RIM_ONE_r3->Drishti_GS,3,B0,categorical_pixel_mean,0.0067224884405732155,0.1153290867805481,1.0,0.03316671401262283,-0.08743605017662048,0.17956610023975372,0.8832505345344543,0.8490698337554932,32455,2790,839,0.0036525677423924208,0.03228815272450447,0.04046037420630455,0.02344786748290062,0.0261879563331604,36084,36084,3,1.7881393432617188e-07,0.0,True,post_hoc_boundary_grouping_only,False
1,RIM_ONE_r3->Drishti_GS,3,B1,categorical_class_balanced,0.025467034429311752,1.787879228591919,15.502413818588135,0.15787674486637115,-0.005066287238150835,0.17956610023975372,0.8832505345344543,2.00148606300354,32455,2790,839,0.0036525677423924208,0.03228815272450447,0.04046037420630455,0.031246613711118698,0.029148146510124207,36084,36084,3,1.7881393432617188e-07,0.0,True,post_hoc_boundary_grouping_only,False
1,RIM_ONE_r3->Drishti_GS,3,B2,top2_pairwise_class_balanced,0.023421652615070343,1.3936119079589844,12.083785165235843,0.16921456158161163,0.010962165892124176,0.17956610023975372,0.8832505345344543,1.6666706800460815,32455,2790,839,0.003572870511561632,0.03012685850262642,0.036565229296684265,0.028450874611735344,0.026728292927145958,36084,36084,3,1.7881393432617188e-07,0.0,True,post_hoc_boundary_grouping_only,False
1,RIM_ONE_r3->Drishti_GS,3,B3,all_pairwise_class_balanced,0.013498696498572826,1.10944664478302,9.619833779609396,0.1268710345029831,0.035529233515262604,0.17956610023975372,0.8832505345344543,1.4405150413513184,32455,2790,839,0.001907779835164547,0.016294727101922035,0.022293582558631897,0.01787787303328514,0.01538180559873581,36084,72168,3,1.7881393432617188e-07,0.0,True,post_hoc_boundary_grouping_only,False
1,RIM_ONE_r3->Drishti_GS,4,B0,categorical_pixel_mean,0.004250387195497751,0.06843897700309753,1.0,0.0775776356458664,0.09954171627759933,0.20952573418617249,1.1096327304840088,1.1642913818359375,31910,2910,904,0.0018028323538601398,0.02438472956418991,0.025832829996943474,0.017029648646712303,0.02268107421696186,35724,35724,3,1.7881393432617188e-07,4.656612873077393e-10,True,post_hoc_boundary_grouping_only,False
1,RIM_ONE_r3->Drishti_GS,4,B1,categorical_class_balanced,0.017340131103992462,1.1063562631607056,16.165587383204635,0.2498369663953781,0.5055136680603027,0.20952573418617249,1.1096327304840088,1.9784818887710571,31910,2910,904,0.0018028323538601398,0.02438472956418991,0.025832829996943474,0.019052306190133095,0.02259690687060356,35724,35724,3,1.7881393432617188e-07,4.656612873077393e-10,True,post_hoc_boundary_grouping_only,False
1,RIM_ONE_r3->Drishti_GS,4,B2,top2_pairwise_class_balanced,0.016025330871343613,0.9950667023658752,14.539473644102523,0.2518216669559479,0.4837190806865692,0.20952573418617249,1.1096327304840088,1.8700032234191895,31910,2910,904,0.0017793069127947092,0.020849650725722313,0.025447029620409012,0.018170226365327835,0.021132681518793106,35724,35724,3,1.7881393432617188e-07,4.656612873077393e-10,True,post_hoc_boundary_grouping_only,False
1,RIM_ONE_r3->Drishti_GS,4,B3,all_pairwise_class_balanced,0.008799024857580662,0.5681653022766113,8.301779587542581,0.24426358938217163,0.4964841902256012,0.20952573418617249,1.1096327304840088,1.5298564434051514,31910,2910,904,0.0009122754563577473,0.01235471572726965,0.013130082748830318,0.00965622253715992,0.011482737958431244,35724,71448,3,1.7881393432617188e-07,4.656612873077393e-10,True,post_hoc_boundary_grouping_only,False
1,RIM_ONE_r3->Drishti_GS,5,B0,categorical_pixel_mean,0.004822630900889635,0.11892762780189514,1.0,0.29379162192344666,0.2998104393482208,0.24485868215560913,0.19211050868034363,0.42299938201904297,32708,2866,929,0.0013902927748858929,0.027685213834047318,0.055135611444711685,0.022091541439294815,0.0336998887360096,36503,36503,3,1.7881393432617188e-07,0.0,True,post_hoc_boundary_grouping_only,False
1,RIM_ONE_r3->Drishti_GS,5,B1,categorical_class_balanced,0.028070373460650444,1.6122782230377197,13.556801332348005,0.22791294753551483,0.286504328250885,0.24485868215560913,0.19211050868034363,1.7580820322036743,32708,2866,929,0.0013902927748858929,0.027685213834047318,0.055135611444711685,0.029368821531534195,0.03760245814919472,36503,36503,3,1.7881393432617188e-07,0.0,True,post_hoc_boundary_grouping_only,False
1,RIM_ONE_r3->Drishti_GS,5,B2,top2_pairwise_class_balanced,0.025666629895567894,1.3508212566375732,11.358346934218826,0.23021036386489868,0.29544180631637573,0.24485868215560913,0.19211050868034363,1.5047601461410522,32708,2866,929,0.0013815077254548669,0.026135336607694626,0.0494830459356308,0.02819417230784893,0.03507893532514572,36503,36503,3,1.7881393432617188e-07,0.0,True,post_hoc_boundary_grouping_only,False
1,RIM_ONE_r3->Drishti_GS,5,B3,all_pairwise_class_balanced,0.014283972792327404,0.84752357006073,7.126380856368384,0.22917869687080383,0.2850987911224365,0.24485868215560913,0.19211050868034363,1.0199130773544312,32708,2866,929,0.0007011256529949605,0.014004458673298359,0.02814633399248123,0.01483171433210373,0.01912369579076767,36503,73006,3,1.7881393432617188e-07,0.0,True,post_hoc_boundary_grouping_only,False
1,RIM_ONE_r3->Drishti_GS,6,B0,categorical_pixel_mean,0.0051340521313250065,0.14638012647628784,1.0,-0.5293450355529785,-0.05823730677366257,0.45558106899261475,0.3078394830226898,0.550278902053833,32120,2573,689,0.0024177294690161943,0.0280173160135746,0.04630914703011513,0.03377334028482437,0.0341433510184288,35382,35382,3,1.7881393432617188e-07,0.0,True,post_hoc_boundary_grouping_only,False
1,RIM_ONE_r3->Drishti_GS,6,B1,categorical_class_balanced,0.025581397116184235,1.4698880910873413,10.041582327266598,-0.11912481486797333,0.003172787604853511,0.45558106899261475,0.3078394830226898,1.5366122722625732,32120,2573,689,0.0024177294690161943,0.0280173160135746,0.04630914703011513,0.05336373299360275,0.03882081061601639,35382,35382,3,1.7881393432617188e-07,0.0,True,post_hoc_boundary_grouping_only,False
1,RIM_ONE_r3->Drishti_GS,6,B2,top2_pairwise_class_balanced,0.023816047236323357,1.2678682804107666,8.661478241147366,-0.13608218729496002,-0.02045065350830555,0.45558106899261475,0.3078394830226898,1.338487982749939,32120,2573,689,0.002396868309006095,0.024450158700346947,0.044601116329431534,0.05259203538298607,0.03684236481785774,35382,35382,3,1.7881393432617188e-07,0.0,True,post_hoc_boundary_grouping_only,False
1,RIM_ONE_r3->Drishti_GS,6,B3,all_pairwise_class_balanced,0.013249410316348076,0.8332529067993164,5.692390947170655,-0.12486710399389267,0.00445024948567152,0.45558106899261475,0.3078394830226898,0.9792928695678711,32120,2573,689,0.0012259180657565594,0.014440368860960007,0.024081943556666374,0.027239955961704254,0.01998472772538662,35382,70764,3,1.7881393432617188e-07,0.0,True,post_hoc_boundary_grouping_only,False
1,RIM_ONE_r3->Drishti_GS,7,B0,categorical_pixel_mean,0.00599922938272357,0.27964693307876587,1.0,0.3714192509651184,0.0467303991317749,0.16691917181015015,0.7515924572944641,0.8543485403060913,31284,2978,1139,0.0015536192804574966,0.03990764170885086,0.03944718465209007,0.0214762631803751,0.036875296384096146,35401,35401,3,1.7881393432617188e-07,4.656612873077393e-10,True,post_hoc_boundary_grouping_only,False
1,RIM_ONE_r3->Drishti_GS,7,B1,categorical_class_balanced,0.026969483122229576,1.8978478908538818,6.786585749250218,0.1613648533821106,0.31060805916786194,0.16691917181015015,0.7515924572944641,2.2776336669921875,31284,2978,1139,0.0015536192804574966,0.03990764170885086,0.03944718465209007,0.09772884100675583,0.034337420016527176,35401,35401,3,1.7881393432617188e-07,4.656612873077393e-10,True,post_hoc_boundary_grouping_only,False
1,RIM_ONE_r3->Drishti_GS,7,B2,top2_pairwise_class_balanced,0.025760024785995483,1.824585199356079,6.524602931519235,0.15096953511238098,0.3413691520690918,0.16691917181015015,0.7515924572944641,2.225935459136963,31284,2978,1139,0.0015361091354861856,0.037214942276477814,0.03852902725338936,0.09630094468593597,0.0330573245882988,35401,35401,3,1.7881393432617188e-07,4.656612873077393e-10,True,post_hoc_boundary_grouping_only,False
1,RIM_ONE_r3->Drishti_GS,7,B3,all_pairwise_class_balanced,0.01365363597869873,0.9723600745201111,3.4770990112959126,0.15853039920330048,0.3084716200828552,0.16691917181015015,0.7515924572944641,1.4301012754440308,31284,2978,1139,0.0008008774602785707,0.020080359652638435,0.02007967233657837,0.049949005246162415,0.01756925694644451,35401,70802,3,1.7881393432617188e-07,4.656612873077393e-10,True,post_hoc_boundary_grouping_only,False
1,RIM_ONE_r3->Drishti_GS,8,B0,categorical_pixel_mean,0.007419767789542675,0.2176017016172409,1.0,0.001015121815726161,0.08754575997591019,0.22794359922409058,0.40857237577438354,0.48455336689949036,32094,3467,942,0.003538361517712474,0.037450648844242096,0.02913186512887478,0.01703604683279991,0.03153492137789726,36503,36503,3,1.7881393432617188e-07,9.313225746154785e-10,True,post_hoc_boundary_grouping_only,False
1,RIM_ONE_r3->Drishti_GS,8,B1,categorical_class_balanced,0.023373624309897423,0.5713024139404297,2.6254501214578947,-0.3055109679698944,0.07327328622341156,0.22794359922409058,0.40857237577438354,0.6728993058204651,32094,3467,942,0.003538361517712474,0.037450648844242096,0.02913186512887478,0.02163052186369896,0.03185969218611717,36503,36503,3,1.7881393432617188e-07,9.313225746154785e-10,True,post_hoc_boundary_grouping_only,False
1,RIM_ONE_r3->Drishti_GS,8,B2,top2_pairwise_class_balanced,0.020132480189204216,0.5678592920303345,2.6096270746503305,-0.25121524930000305,-0.06426221877336502,0.22794359922409058,0.40857237577438354,0.631961464881897,32094,3467,942,0.0034229217562824488,0.033192504197359085,0.023782014846801758,0.019594518467783928,0.02747468650341034,36503,36503,3,1.7881393432617188e-07,9.313225746154785e-10,True,post_hoc_boundary_grouping_only,False
1,RIM_ONE_r3->Drishti_GS,8,B3,all_pairwise_class_balanced,0.013045141473412514,0.41204002499580383,1.8935514838968395,-0.33693060278892517,0.12956836819648743,0.22794359922409058,0.40857237577438354,0.567345142364502,32094,3467,942,0.0018905153265222907,0.01936900056898594,0.017875906080007553,0.010876297019422054,0.01788518577814102,36503,73006,3,1.7881393432617188e-07,9.313225746154785e-10,True,post_hoc_boundary_grouping_only,False
1,RIM_ONE_r3->Drishti_GS,9,B0,categorical_pixel_mean,0.006297966465353966,0.20810426771640778,1.0,0.22942577302455902,-0.11182013154029846,0.13980604708194733,0.4351523816585541,0.5080892443656921,32619,3308,937,0.002120446180924773,0.04134000837802887,0.02801351249217987,0.014039757661521435,0.03548126295208931,36864,36864,3,1.7881393432617188e-07,0.0,True,post_hoc_boundary_grouping_only,False
1,RIM_ONE_r3->Drishti_GS,9,B1,categorical_class_balanced,0.02382465824484825,0.9879568219184875,4.747412596385658,0.03991374373435974,-0.4194236695766449,0.13980604708194733,0.4351523816585541,0.921007513999939,32619,3308,937,0.002120446180924773,0.04134000837802887,0.02801351249217987,0.018795961514115334,0.03304651752114296,36864,36864,3,1.7881393432617188e-07,0.0,True,post_hoc_boundary_grouping_only,False
1,RIM_ONE_r3->Drishti_GS,9,B2,top2_pairwise_class_balanced,0.022121479734778404,0.8454380631446838,4.062569559105809,0.060270871967077255,-0.39516833424568176,0.13980604708194733,0.4351523816585541,0.8124101161956787,32619,3308,937,0.0021111739333719015,0.03670315816998482,0.0275501050055027,0.01770513691008091,0.031221887096762657,36864,36864,3,1.7881393432617188e-07,0.0,True,post_hoc_boundary_grouping_only,False
1,RIM_ONE_r3->Drishti_GS,9,B3,all_pairwise_class_balanced,0.012367475777864456,0.5418528318405151,2.603756462019896,0.027202198281884193,-0.41590940952301025,0.13980604708194733,0.4351523816585541,0.5686365365982056,32619,3308,937,0.001069345511496067,0.0207817442715168,0.015251336619257927,0.009601511061191559,0.01702316477894783,36864,73728,3,1.7881393432617188e-07,0.0,True,post_hoc_boundary_grouping_only,False
1,RIM_ONE_r3->Drishti_GS,10,B0,categorical_pixel_mean,0.007342444732785225,0.34631332755088806,1.0,-0.04134508967399597,0.32281509041786194,0.2671129107475281,0.4287862479686737,0.5928165912628174,7595,956,304,0.0019074862357228994,0.04028664156794548,0.039526183158159256,0.03592483326792717,0.034521207213401794,8855,8855,3,1.1920928955078125e-07,0.0,True,post_hoc_boundary_grouping_only,False
1,RIM_ONE_r3->Drishti_GS,10,B1,categorical_class_balanced,0.027240103110671043,2.3404040336608887,6.758053610619373,-0.03335456922650337,0.4624329209327698,0.2671129107475281,0.4287862479686737,2.5509300231933594,7595,956,304,0.0019074862357228994,0.04028664156794548,0.039526183158159256,0.03810838609933853,0.03301851078867912,8855,8855,3,1.1920928955078125e-07,0.0,True,post_hoc_boundary_grouping_only,False
1,RIM_ONE_r3->Drishti_GS,10,B2,top2_pairwise_class_balanced,0.026291146874427795,2.3305470943450928,6.729591121504375,-0.0361316092312336,0.470845103263855,0.2671129107475281,0.4287862479686737,2.543774127960205,7595,956,304,0.0018897547852247953,0.03776505962014198,0.03921863064169884,0.03657713532447815,0.03203892335295677,8855,8855,3,1.1920928955078125e-07,0.0,True,post_hoc_boundary_grouping_only,False
1,RIM_ONE_r3->Drishti_GS,10,B3,all_pairwise_class_balanced,0.01374905090779066,1.1880652904510498,3.4306080532706984,-0.030591223388910294,0.45976489782333374,0.2671129107475281,0.4287862479686737,1.4155573844909668,7595,956,304,0.000966570689342916,0.020296698436141014,0.019983883947134018,0.019261706620454788,0.01666724681854248,8855,17710,3,1.1920928955078125e-07,0.0,True,post_hoc_boundary_grouping_only,False
1,RIM_ONE_r3->Drishti_GS,11,B0,categorical_pixel_mean,0.00569685734808445,0.20898154377937317,1.0,-0.09219247847795486,-0.12364605814218521,0.32716792821884155,0.4786573350429535,0.7065557241439819,32492,2843,1149,0.0030393521301448345,0.025843864306807518,0.03099687211215496,0.023116571828722954,0.0235139150172472,36484,36484,3,1.7881393432617188e-07,0.0,True,post_hoc_boundary_grouping_only,False
1,RIM_ONE_r3->Drishti_GS,11,B1,categorical_class_balanced,0.019960029050707817,1.1740292310714722,5.617860839954953,-0.3589205741882324,-0.2079695761203766,0.32716792821884155,0.4786573350429535,1.1669472455978394,32492,2843,1149,0.0030393521301448345,0.025843864306807518,0.03099687211215496,0.031182659789919853,0.02562868408858776,36484,36484,3,1.7881393432617188e-07,0.0,True,post_hoc_boundary_grouping_only,False
1,RIM_ONE_r3->Drishti_GS,11,B2,top2_pairwise_class_balanced,0.019366202875971794,1.1366856098175049,5.43916744637283,-0.35291430354118347,-0.19417637586593628,0.32716792821884155,0.4786573350429535,1.1450687646865845,32492,2843,1149,0.0030207952950149775,0.024394666776061058,0.030683143064379692,0.030453426763415337,0.024983681738376617,36484,36484,3,1.7881393432617188e-07,0.0,True,post_hoc_boundary_grouping_only,False
1,RIM_ONE_r3->Drishti_GS,11,B3,all_pairwise_class_balanced,0.010066209360957146,0.5945770144462585,2.845117342390617,-0.35679155588150024,-0.21052232384681702,0.32716792821884155,0.4786573350429535,0.7666738629341125,32492,2843,1149,0.0015325291315093637,0.013040144927799702,0.015625951811671257,0.015713244676589966,0.01295504905283451,36484,72968,3,1.7881393432617188e-07,0.0,True,post_hoc_boundary_grouping_only,False
1,RIM_ONE_r3->Drishti_GS,12,B0,categorical_pixel_mean,0.00489143468439579,0.10094291716814041,1.0,0.060651496052742004,0.040219295769929886,0.2783130705356598,0.5737094879150391,0.6587442755699158,32464,3007,1032,0.0016290394123643637,0.024655869230628014,0.04992896690964699,0.01203983835875988,0.030649909749627113,36503,36503,3,1.7881393432617188e-07,4.656612873077393e-10,True,post_hoc_boundary_grouping_only,False
1,RIM_ONE_r3->Drishti_GS,12,B1,categorical_class_balanced,0.02540462464094162,1.4540534019470215,14.404709540194958,0.09651994705200195,-0.23895977437496185,0.2783130705356598,0.5737094879150391,1.486404538154602,32464,3007,1032,0.0016290394123643637,0.024655869230628014,0.04992896690964699,0.018962286412715912,0.0341048538684845,36503,36503,3,1.7881393432617188e-07,4.656612873077393e-10,True,post_hoc_boundary_grouping_only,False
1,RIM_ONE_r3->Drishti_GS,12,B2,top2_pairwise_class_balanced,0.023737719282507896,1.2811756134033203,12.692080329611128,0.11084526032209396,-0.2023213803768158,0.2783130705356598,0.5737094879150391,1.3559999465942383,32464,3007,1032,0.0016062491340562701,0.02170693315565586,0.04789997637271881,0.018368631601333618,0.03223283961415291,36503,36503,3,1.7881393432617188e-07,4.656612873077393e-10,True,post_hoc_boundary_grouping_only,False
1,RIM_ONE_r3->Drishti_GS,12,B3,all_pairwise_class_balanced,0.012903204187750816,0.7541292905807495,7.470848988092923,0.09108776599168777,-0.2509724497795105,0.2783130705356598,0.5737094879150391,0.8974624872207642,32464,3007,1032,0.000825843308120966,0.012670897878706455,0.02521286904811859,0.009748856537044048,0.017320502549409866,36503,73006,3,1.7881393432617188e-07,4.656612873077393e-10,True,post_hoc_boundary_grouping_only,False
1,RIM_ONE_r3->Drishti_GS,13,B0,categorical_pixel_mean,0.0058899628929793835,0.28368476033210754,1.0,0.4641416370868683,0.05840705707669258,0.3964497745037079,0.580925703048706,0.7478489279747009,31824,2789,1149,0.0029872830491513014,0.030155055224895477,0.027386534959077835,0.018112944439053535,0.028918201103806496,35762,35762,3,1.7881393432617188e-07,0.0,True,post_hoc_boundary_grouping_only,False
1,RIM_ONE_r3->Drishti_GS,13,B1,categorical_class_balanced,0.020176291465759277,1.1536674499511719,4.066723389020201,0.495466023683548,0.08482140302658081,0.3964497745037079,0.580925703048706,1.5010011196136475,31824,2789,1149,0.0029872830491513014,0.030155055224895477,0.027386534959077835,0.0246745478361845,0.02924184501171112,35762,35762,3,1.7881393432617188e-07,0.0,True,post_hoc_boundary_grouping_only,False
1,RIM_ONE_r3->Drishti_GS,13,B2,top2_pairwise_class_balanced,0.018419120460748672,0.9548637270927429,3.3659324031889883,0.44480451941490173,0.16542786359786987,0.3964497745037079,0.580925703048706,1.336876630783081,31824,2789,1149,0.00297536700963974,0.027497965842485428,0.02478402853012085,0.02379005029797554,0.027354827150702477,35762,35762,3,1.7881393432617188e-07,0.0,True,post_hoc_boundary_grouping_only,False
1,RIM_ONE_r3->Drishti_GS,13,B3,all_pairwise_class_balanced,0.010914601385593414,0.7429965734481812,2.6190923071735006,0.5369842648506165,-0.019275149330496788,0.3964497745037079,0.580925703048706,1.0985816717147827,31824,2789,1149,0.0015047219349071383,0.015426394529640675,0.015812689438462257,0.012474356219172478,0.015557704493403435,35762,71524,3,1.7881393432617188e-07,0.0,True,post_hoc_boundary_grouping_only,False
1,RIM_ONE_r3->Drishti_GS,14,B0,categorical_pixel_mean,0.007509205490350723,0.2308589071035385,1.0,0.020903073251247406,0.03581951931118965,0.18559233844280243,0.19303087890148163,0.3933711349964142,30835,3628,1261,0.0027402047999203205,0.03274628520011902,0.05151554197072983,0.020634427666664124,0.03214959427714348,35724,35724,3,1.7881393432617188e-07,0.0,True,post_hoc_boundary_grouping_only,False
1,RIM_ONE_r3->Drishti_GS,14,B1,categorical_class_balanced,0.029000677168369293,1.8944437503814697,8.206067394799827,-0.14771215617656708,-0.13273431360721588,0.18559233844280243,0.19303087890148163,1.8666582107543945,30835,3628,1261,0.0027402047999203205,0.03274628520011902,0.05151554197072983,0.028383996337652206,0.03382055088877678,35724,35724,3,1.7881393432617188e-07,0.0,True,post_hoc_boundary_grouping_only,False
1,RIM_ONE_r3->Drishti_GS,14,B2,top2_pairwise_class_balanced,0.02663881704211235,1.7774848937988281,7.699442556061479,-0.12180238962173462,-0.11397817730903625,0.18559233844280243,0.19303087890148163,1.7599260807037354,30835,3628,1261,0.002667313441634178,0.02976127713918686,0.047487854957580566,0.02580578811466694,0.030802905559539795,35724,35724,3,1.7881393432617188e-07,0.0,True,post_hoc_boundary_grouping_only,False
1,RIM_ONE_r3->Drishti_GS,14,B3,all_pairwise_class_balanced,0.01588493026793003,1.0923198461532593,4.731547332775693,-0.16753892600536346,-0.13449940085411072,0.18559233844280243,0.19303087890148163,1.079336404800415,30835,3628,1261,0.00146774691529572,0.016645902767777443,0.02954113855957985,0.014246037229895592,0.01888393424451351,35724,71448,3,1.7881393432617188e-07,0.0,True,post_hoc_boundary_grouping_only,False
1,RIM_ONE_r3->Drishti_GS,15,B0,categorical_pixel_mean,0.0062675983645021915,0.13647226989269257,1.0,0.06739587336778641,0.026365533471107483,0.16693809628486633,0.946175754070282,1.0320508480072021,31444,3380,938,0.003183749970048666,0.029942134395241737,0.024336451664566994,0.017273275181651115,0.025825906544923782,35762,35762,3,1.7881393432617188e-07,0.0,True,post_hoc_boundary_grouping_only,False
1,RIM_ONE_r3->Drishti_GS,15,B1,categorical_class_balanced,0.01915411278605461,0.9854391813278198,7.220801574581162,-0.10770689696073532,0.025828229263424873,0.16693809628486633,0.946175754070282,1.4214184284210205,31444,3380,938,0.003183749970048666,0.029942134395241737,0.024336451664566994,0.0286756232380867,0.024913137778639793,35762,35762,3,1.7881393432617188e-07,0.0,True,post_hoc_boundary_grouping_only,False
1,RIM_ONE_r3->Drishti_GS,15,B2,top2_pairwise_class_balanced,0.01769658364355564,0.8219174146652222,6.022596497526505,-0.04424610361456871,0.10674311965703964,0.16693809628486633,0.946175754070282,1.3660163879394531,31444,3380,938,0.0031295111402869225,0.026988577097654343,0.022971659898757935,0.028086598962545395,0.02308998629450798,35762,35762,3,1.7881393432617188e-07,0.0,True,post_hoc_boundary_grouping_only,False
1,RIM_ONE_r3->Drishti_GS,15,B3,all_pairwise_class_balanced,0.00978071242570877,0.5262623429298401,3.856185167460301,-0.10827284306287766,0.03487005829811096,0.16693809628486633,0.946175754070282,1.152952790260315,31444,3380,938,0.0016410929383710027,0.015148892998695374,0.012552151456475258,0.014499487355351448,0.012704432010650635,35762,71524,3,1.7881393432617188e-07,0.0,True,post_hoc_boundary_grouping_only,False
1,RIM_ONE_r3->Drishti_GS,16,B0,categorical_pixel_mean,0.004813217092305422,0.12057501077651978,1.0,-0.16814659535884857,0.5153817534446716,0.20298534631729126,0.39753344655036926,0.5058678388595581,32857,2777,869,0.0019816220737993717,0.032634712755680084,0.02296905219554901,0.014686007052659988,0.03261394426226616,36503,36503,3,1.7881393432617188e-07,0.0,True,post_hoc_boundary_grouping_only,False
1,RIM_ONE_r3->Drishti_GS,16,B1,categorical_class_balanced,0.019195130094885826,0.7288894653320312,6.0451121723969345,0.24077318608760834,0.10956837981939316,0.20298534631729126,0.39753344655036926,0.9306887984275818,32857,2777,869,0.0019816220737993717,0.032634712755680084,0.02296905219554901,0.014688633382320404,0.030860677361488342,36503,36503,3,1.7881393432617188e-07,0.0,True,post_hoc_boundary_grouping_only,False
1,RIM_ONE_r3->Drishti_GS,16,B2,top2_pairwise_class_balanced,0.01705077290534973,0.4711529612541199,3.907550646023828,0.15798713266849518,0.08816331624984741,0.20298534631729126,0.39753344655036926,0.696720540523529,32857,2777,869,0.00196303753182292,0.030332624912261963,0.018856653943657875,0.010385439731180668,0.028703268617391586,36503,36503,3,1.7881393432617188e-07,0.0,True,post_hoc_boundary_grouping_only,False
1,RIM_ONE_r3->Drishti_GS,16,B3,all_pairwise_class_balanced,0.009825147688388824,0.4103045165538788,3.402898443976582,0.2503740191459656,0.12178828567266464,0.20298534631729126,0.39753344655036926,0.6708154678344727,32857,2777,869,0.001010742038488388,0.01654021255671978,0.01192448940128088,0.007969758473336697,0.01579035073518753,36503,73006,3,1.7881393432617188e-07,0.0,True,post_hoc_boundary_grouping_only,False
1,RIM_ONE_r3->Drishti_GS,17,B0,categorical_pixel_mean,0.0048013851046562195,0.1480061411857605,1.0,0.5327003002166748,-0.4424125552177429,0.3720173239707947,0.23503124713897705,0.4708251357078552,32968,3018,878,0.0015432507498189807,0.03287815302610397,0.03063112683594227,0.017830822616815567,0.029492169618606567,36864,36864,3,1.7881393432617188e-07,0.0,True,post_hoc_boundary_grouping_only,False
1,RIM_ONE_r3->Drishti_GS,17,B1,categorical_class_balanced,0.021684177219867706,1.255212664604187,8.480814745577257,0.2460472583770752,-0.41717177629470825,0.3720173239707947,0.23503124713897705,1.3156918287277222,32968,3018,878,0.0015432507498189807,0.03287815302610397,0.03063112683594227,0.03817672282457352,0.02876277081668377,36864,36864,3,1.7881393432617188e-07,0.0,True,post_hoc_boundary_grouping_only,False
1,RIM_ONE_r3->Drishti_GS,17,B2,top2_pairwise_class_balanced,0.020443882793188095,1.1294350624084473,7.631001344673318,0.22987477481365204,-0.41050752997398376,0.3720173239707947,0.23503124713897705,1.1927855014801025,32968,3018,878,0.0015278536593541503,0.03053555265069008,0.029268236830830574,0.03579817712306976,0.027585959061980247,36864,36864,3,1.7881393432617188e-07,0.0,True,post_hoc_boundary_grouping_only,False
1,RIM_ONE_r3->Drishti_GS,17,B3,all_pairwise_class_balanced,0.01107184961438179,0.668071985244751,4.513812601912666,0.23104460537433624,-0.42086079716682434,0.3720173239707947,0.23503124713897705,0.7751835584640503,32968,3018,878,0.00077754573430866,0.01651875302195549,0.01591924950480461,0.01958439126610756,0.014658181928098202,36864,73728,3,1.7881393432617188e-07,0.0,True,post_hoc_boundary_grouping_only,False
1,RIM_ONE_r3->Drishti_GS,18,B0,categorical_pixel_mean,0.006515713408589363,0.36089661717414856,1.0,-0.1282879263162613,-0.6343889832496643,0.22300085425376892,0.42526134848594666,0.3419567048549652,32528,2729,847,0.0027432867791503668,0.045987654477357864,0.024214139208197594,0.028958957642316818,0.04232163354754448,36104,36104,3,1.7881393432617188e-07,0.0,True,post_hoc_boundary_grouping_only,False
1,RIM_ONE_r3->Drishti_GS,18,B1,categorical_class_balanced,0.02431502752006054,0.6062788367271423,1.6799238559628449,0.027459433302283287,-0.02669094130396843,0.22300085425376892,0.42526134848594666,0.7505578994750977,32528,2729,847,0.0027432867791503668,0.045987654477357864,0.024214139208197594,0.02739737555384636,0.03984545171260834,36104,36104,3,1.7881393432617188e-07,0.0,True,post_hoc_boundary_grouping_only,False
1,RIM_ONE_r3->Drishti_GS,18,B2,top2_pairwise_class_balanced,0.023208294063806534,0.5997543931007385,1.6618454276376067,0.03606535866856575,0.03598682954907417,0.22300085425376892,0.42526134848594666,0.7679553031921387,32528,2729,847,0.0027216493617743254,0.04306255280971527,0.023840676993131638,0.025718655437231064,0.03871899098157883,36104,36104,3,1.7881393432617188e-07,0.0,True,post_hoc_boundary_grouping_only,False
1,RIM_ONE_r3->Drishti_GS,18,B3,all_pairwise_class_balanced,0.012232652865350246,0.30596503615379333,0.8477913662630749,0.02596059814095497,-0.011704064905643463,0.22300085425376892,0.42526134848594666,0.5442172288894653,32528,2729,847,0.001393078826367855,0.02309713512659073,0.012207742780447006,0.013813259080052376,0.020165544003248215,36104,72208,3,1.7881393432617188e-07,0.0,True,post_hoc_boundary_grouping_only,False
1,RIM_ONE_r3->Drishti_GS,19,B0,categorical_pixel_mean,0.005092500243335962,0.279745876789093,1.0,0.5386621356010437,0.8177893757820129,0.21979042887687683,0.3698154091835022,0.7437167763710022,32121,3165,837,0.002134036272764206,0.0253672543913126,0.04196133092045784,0.024991173297166824,0.029737688601017,36123,36123,3,1.7881393432617188e-07,0.0,True,post_hoc_boundary_grouping_only,False
1,RIM_ONE_r3->Drishti_GS,19,B1,categorical_class_balanced,0.023154206573963165,1.6426208019256592,5.871832038346966,0.2914826571941376,0.6745561957359314,0.21979042887687683,0.3698154091835022,1.9918464422225952,32121,3165,837,0.002134036272764206,0.0253672543913126,0.04196133092045784,0.033485181629657745,0.033522315323352814,36123,36123,3,1.7881393432617188e-07,0.0,True,post_hoc_boundary_grouping_only,False
1,RIM_ONE_r3->Drishti_GS,19,B2,top2_pairwise_class_balanced,0.021152552217245102,1.6595882177352905,5.932484999542971,0.34656670689582825,0.7468403577804565,0.21979042887687683,0.3698154091835022,2.0403850078582764,32121,3165,837,0.002118865493685007,0.023230943828821182,0.038107845932245255,0.032399922609329224,0.031393684446811676,36123,36123,3,1.7881393432617188e-07,0.0,True,post_hoc_boundary_grouping_only,False
1,RIM_ONE_r3->Drishti_GS,19,B3,all_pairwise_class_balanced,0.011968216858804226,0.8367025256156921,2.9909378297879323,0.2561224400997162,0.6283979415893555,0.21979042887687683,0.3698154091835022,1.192707896232605,32121,3165,837,0.0010770575609058142,0.01295055914670229,0.02187703363597393,0.01716267690062523,0.01722518913447857,36123,72246,3,1.7881393432617188e-07,0.0,True,post_hoc_boundary_grouping_only,False
1,RIM_ONE_r3->Drishti_GS,20,B0,categorical_pixel_mean,0.007893439382314682,0.31035029888153076,1.0,-0.01453294139355421,0.25184670090675354,0.223000630736351,1.0109107494354248,1.1725239753723145,32150,3317,1017,0.002939181635156274,0.046991489827632904,0.03698994591832161,0.027044521644711494,0.03556608781218529,36484,36484,3,1.7881393432617188e-07,9.313225746154785e-10,True,post_hoc_boundary_grouping_only,False
1,RIM_ONE_r3->Drishti_GS,20,B1,categorical_class_balanced,0.028973540291190147,0.9705644845962524,3.127319316572476,0.17378047108650208,0.3634335696697235,0.223000630736351,1.0109107494354248,1.689024806022644,32150,3317,1017,0.002939181635156274,0.046991489827632904,0.03698994591832161,0.052978843450546265,0.03500266373157501,36484,36484,3,1.7881393432617188e-07,9.313225746154785e-10,True,post_hoc_boundary_grouping_only,False
1,RIM_ONE_r3->Drishti_GS,20,B2,top2_pairwise_class_balanced,0.02632075548171997,0.8282232284545898,2.6686722437175594,0.18938016891479492,0.4159444570541382,0.223000630736351,1.0109107494354248,1.6046439409255981,32150,3317,1017,0.002912415424361825,0.04019343480467796,0.03585641458630562,0.04989328235387802,0.03224530071020126,36484,36484,3,1.7881393432617188e-07,9.313225746154785e-10,True,post_hoc_boundary_grouping_only,False
1,RIM_ONE_r3->Drishti_GS,20,B3,all_pairwise_class_balanced,0.015073011629283428,0.527600884437561,1.7000173234534592,0.17538480460643768,0.35919153690338135,0.223000630736351,1.0109107494354248,1.3510057926177979,32150,3317,1017,0.0015833288198336959,0.023621821776032448,0.020013883709907532,0.028058525174856186,0.018522828817367554,36484,72968,3,1.7881393432617188e-07,9.313225746154785e-10,True,post_hoc_boundary_grouping_only,False
1,RIM_ONE_r3->Drishti_GS,21,B0,categorical_pixel_mean,0.005519998725503683,0.5051386952400208,1.0,-0.6245428919792175,0.8385859131813049,0.27276575565338135,0.7000377774238586,1.0077531337738037,8367,608,241,0.0018891295185312629,0.03606481850147247,0.05451681837439537,0.018817752599716187,0.0274259764701128,9216,9216,3,1.1920928955078125e-07,0.0,True,post_hoc_boundary_grouping_only,False
1,RIM_ONE_r3->Drishti_GS,21,B1,categorical_class_balanced,0.030823588371276855,1.5673418045043945,3.1027949734867555,-0.5779030919075012,0.6453188061714172,0.27276575565338135,0.7000377774238586,1.9282015562057495,8367,608,241,0.0018891295185312629,0.03606481850147247,0.05451681837439537,0.022952944040298462,0.03489965945482254,9216,9216,3,1.1920928955078125e-07,0.0,True,post_hoc_boundary_grouping_only,False
1,RIM_ONE_r3->Drishti_GS,21,B2,top2_pairwise_class_balanced,0.030557608231902122,1.5604016780853271,3.0890559222430776,-0.5750452876091003,0.6441364288330078,0.27276575565338135,0.7000377774238586,1.9214588403701782,8367,608,241,0.0018864604644477367,0.03537489101290703,0.05441146716475487,0.02220381423830986,0.0346689447760582,9216,9216,3,1.1920928955078125e-07,0.0,True,post_hoc_boundary_grouping_only,False
1,RIM_ONE_r3->Drishti_GS,21,B3,all_pairwise_class_balanced,0.015491761267185211,0.7826242446899414,1.549325466579176,-0.5783712267875671,0.645230233669281,0.27276575565338135,0.7000377774238586,1.1882493495941162,8367,608,241,0.0009498012368567288,0.01815568469464779,0.027369795367121696,0.01158298272639513,0.017539195716381073,9216,18432,3,1.1920928955078125e-07,0.0,True,post_hoc_boundary_grouping_only,False
1,RIM_ONE_r3->Drishti_GS,22,B0,categorical_pixel_mean,0.007371283136308193,0.22877489030361176,1.0,0.14519652724266052,-0.0052111330442130566,0.24566102027893066,0.19856292009353638,0.4348849356174469,32295,3193,1015,0.0035062353126704693,0.03685757517814636,0.03758999705314636,0.03962386026978493,0.03664518892765045,36503,36503,3,1.7881393432617188e-07,4.656612873077393e-10,True,post_hoc_boundary_grouping_only,False
1,RIM_ONE_r3->Drishti_GS,22,B1,categorical_class_balanced,0.02598460391163826,1.0034631490707397,4.386246881111051,-0.00875024776905775,-0.02039450593292713,0.24566102027893066,0.19856292009353638,1.056138038635254,32295,3193,1015,0.0035062353126704693,0.03685757517814636,0.03758999705314636,0.06846330314874649,0.03768317028880119,36503,36503,3,1.7881393432617188e-07,4.656612873077393e-10,True,post_hoc_boundary_grouping_only,False
1,RIM_ONE_r3->Drishti_GS,22,B2,top2_pairwise_class_balanced,0.024420229718089104,0.9547106027603149,4.173144183320553,-0.003280458739027381,-0.025159189477562904,0.24566102027893066,0.19856292009353638,1.0106152296066284,32295,3193,1015,0.003472809912636876,0.032602567225694656,0.03718531131744385,0.06543941795825958,0.03618219867348671,36503,36503,3,1.7881393432617188e-07,4.656612873077393e-10,True,post_hoc_boundary_grouping_only,False
1,RIM_ONE_r3->Drishti_GS,22,B3,all_pairwise_class_balanced,0.01318233273923397,0.5214920043945312,2.2794984349132403,-0.013051485642790794,-0.017135242000222206,0.24566102027893066,0.19856292009353638,0.6212916374206543,32295,3193,1015,0.001782196224667132,0.018655555322766304,0.019109247252345085,0.03473895788192749,0.019170330837368965,36503,73006,3,1.7881393432617188e-07,4.656612873077393e-10,True,post_hoc_boundary_grouping_only,False
1,RIM_ONE_r3->Drishti_GS,23,B0,categorical_pixel_mean,0.009601877070963383,0.3669739067554474,1.0,0.08690759539604187,0.7650544047355652,0.13971245288848877,1.0268096923828125,1.3480020761489868,31877,3361,885,0.003836639691144228,0.05419041961431503,0.04792547971010208,0.021525034680962563,0.03639887273311615,36123,36123,3,1.7881393432617188e-07,0.0,True,post_hoc_boundary_grouping_only,False
1,RIM_ONE_r3->Drishti_GS,23,B1,categorical_class_balanced,0.03531751409173012,1.5920493602752686,4.338317605061265,0.16829033195972443,0.6036632657051086,0.13971245288848877,1.0268096923828125,2.383300304412842,31877,3361,885,0.003836639691144228,0.05419041961431503,0.04792547971010208,0.031194329261779785,0.040776144713163376,36123,36123,3,1.7881393432617188e-07,0.0,True,post_hoc_boundary_grouping_only,False
1,RIM_ONE_r3->Drishti_GS,23,B2,top2_pairwise_class_balanced,0.03230152651667595,1.4398480653762817,3.923570692277588,0.16679272055625916,0.6144072413444519,0.13971245288848877,1.0268096923828125,2.2481038570404053,31877,3361,885,0.003660883055999875,0.04924396052956581,0.04399972781538963,0.027399584650993347,0.03604870289564133,36123,36123,3,1.7881393432617188e-07,0.0,True,post_hoc_boundary_grouping_only,False
1,RIM_ONE_r3->Drishti_GS,23,B3,all_pairwise_class_balanced,0.01865047588944435,0.8973343968391418,2.445226705006927,0.1721869707107544,0.5572913289070129,0.13971245288848877,1.0268096923828125,1.7240301370620728,31877,3361,885,0.002081316662952304,0.027674999088048935,0.026195110753178596,0.017113296315073967,0.02200593426823616,36123,72246,3,1.7881393432617188e-07,0.0,True,post_hoc_boundary_grouping_only,False
1,RIM_ONE_r3->Drishti_GS,24,B0,categorical_pixel_mean,0.0045251548290252686,0.13332821428775787,1.0,0.014162774197757244,0.13787712156772614,0.21760454773902893,0.5064684748649597,0.6877102255821228,32042,2849,852,0.0012631668942049146,0.030730996280908585,0.03957229480147362,0.01676880195736885,0.025967314839363098,35743,35743,3,1.7881393432617188e-07,4.656612873077393e-10,True,post_hoc_boundary_grouping_only,False
1,RIM_ONE_r3->Drishti_GS,24,B1,categorical_class_balanced,0.023855488747358322,1.0874766111373901,8.15638773043435,0.19741879403591156,0.3366538882255554,0.21760454773902893,0.5064684748649597,1.443130373954773,32042,2849,852,0.0012631668942049146,0.030730996280908585,0.03957229480147362,0.024472063407301903,0.028075311332941055,35743,35743,3,1.7881393432617188e-07,4.656612873077393e-10,True,post_hoc_boundary_grouping_only,False
1,RIM_ONE_r3->Drishti_GS,24,B2,top2_pairwise_class_balanced,0.022719964385032654,0.9702087044715881,7.276844662282949,0.18116271495819092,0.3122016191482544,0.21760454773902893,0.5064684748649597,1.3267582654953003,32042,2849,852,0.0012488850625231862,0.02854287065565586,0.038368139415979385,0.02384806051850319,0.026842042803764343,35743,35743,3,1.7881393432617188e-07,4.656612873077393e-10,True,post_hoc_boundary_grouping_only,False
1,RIM_ONE_r3->Drishti_GS,24,B3,all_pairwise_class_balanced,0.012114910408854485,0.5824340581893921,4.368423152599523,0.21092666685581207,0.3580210208892822,0.21760454773902893,0.5064684748649597,1.01961088180542,32042,2849,852,0.0006430809153243899,0.015464866533875465,0.020236782729625702,0.012416934594511986,0.014278064481914043,35743,71486,3,1.7881393432617188e-07,4.656612873077393e-10,True,post_hoc_boundary_grouping_only,False
1,RIM_ONE_r3->Drishti_GS,25,B0,categorical_pixel_mean,0.005617925897240639,0.23855078220367432,1.0,0.1488972008228302,-0.17594102025032043,0.15327109396457672,0.4420439302921295,0.5197539925575256,32017,3250,836,0.0013917916221544147,0.0386320985853672,0.03912518918514252,0.029653964564204216,0.033753860741853714,36103,36103,3,1.7881393432617188e-07,4.656612873077393e-10,True,post_hoc_boundary_grouping_only,False
1,RIM_ONE_r3->Drishti_GS,25,B1,categorical_class_balanced,0.02638302743434906,1.8375730514526367,7.703068648434443,0.16845715045928955,0.07778607308864594,0.15327109396457672,0.4420439302921295,1.958925724029541,32017,3250,836,0.0013917916221544147,0.0386320985853672,0.03912518918514252,0.04575429484248161,0.0329519584774971,36103,36103,3,1.7881393432617188e-07,4.656612873077393e-10,True,post_hoc_boundary_grouping_only,False
1,RIM_ONE_r3->Drishti_GS,25,B2,top2_pairwise_class_balanced,0.024359919130802155,1.6578881740570068,6.949833317425488,0.18184950947761536,0.11027059704065323,0.15327109396457672,0.4420439302921295,1.8005733489990234,32017,3250,836,0.001381786772981286,0.03322527930140495,0.03847268968820572,0.04548369348049164,0.030770141631364822,36103,36103,3,1.7881393432617188e-07,4.656612873077393e-10,True,post_hoc_boundary_grouping_only,False
1,RIM_ONE_r3->Drishti_GS,25,B3,all_pairwise_class_balanced,0.013465668074786663,0.9566872119903564,4.010413225866257,0.16611455380916595,0.07456734031438828,0.15327109396457672,0.4420439302921295,1.1253728866577148,32017,3250,836,0.0006989556131884456,0.019487369805574417,0.02021067775785923,0.02297024428844452,0.016784818843007088,36103,72206,3,1.7881393432617188e-07,4.656612873077393e-10,True,post_hoc_boundary_grouping_only,False
1,RIM_ONE_r3->Drishti_GS,26,B0,categorical_pixel_mean,0.005954735446721315,0.2513158619403839,1.0,0.16151505708694458,-0.7502968311309814,0.18599531054496765,0.9807198643684387,0.8007091879844666,32738,2853,912,0.0022930826526135206,0.03906498849391937,0.03381837531924248,0.016457566991448402,0.03434962406754494,36503,36503,3,1.7881393432617188e-07,0.0,True,post_hoc_boundary_grouping_only,False
1,RIM_ONE_r3->Drishti_GS,26,B1,categorical_class_balanced,0.025058817118406296,1.7361745834350586,6.908336664587079,0.23426464200019836,-0.7210679650306702,0.18599531054496765,0.9807198643684387,1.2817254066467285,32738,2853,912,0.0022930826526135206,0.03906498849391937,0.03381837531924248,0.01992487534880638,0.03310661017894745,36503,36503,3,1.7881393432617188e-07,0.0,True,post_hoc_boundary_grouping_only,False
1,RIM_ONE_r3->Drishti_GS,26,B2,top2_pairwise_class_balanced,0.02301779016852379,1.4528988599777222,5.781166571660219,0.2363571971654892,-0.7330707311630249,0.18599531054496765,0.9807198643684387,1.040344476699829,32738,2853,912,0.002268873155117035,0.036332372575998306,0.030452119186520576,0.01782759465277195,0.030958225950598717,36503,36503,3,1.7881393432617188e-07,0.0,True,post_hoc_boundary_grouping_only,False
1,RIM_ONE_r3->Drishti_GS,26,B3,all_pairwise_class_balanced,0.013313524425029755,1.0906388759613037,4.339713647760206,0.23595929145812988,-0.6963487267494202,0.18599531054496765,0.9807198643684387,0.8534225821495056,32738,2853,912,0.0011689809616655111,0.019699759781360626,0.019071834161877632,0.010056055150926113,0.017521483823657036,36503,73006,3,1.7881393432617188e-07,0.0,True,post_hoc_boundary_grouping_only,False
1,RIM_ONE_r3->Drishti_GS,27,B0,categorical_pixel_mean,0.006209224928170443,0.2698400914669037,1.0,0.47566938400268555,-0.653742790222168,0.23771759867668152,0.8026527762413025,0.6079290509223938,32094,3085,944,0.0032740372698754072,0.03067643940448761,0.026040339842438698,0.023584537208080292,0.02972678281366825,36123,36123,3,1.7881393432617188e-07,4.656612873077393e-10,True,post_hoc_boundary_grouping_only,False
1,RIM_ONE_r3->Drishti_GS,27,B1,categorical_class_balanced,0.019996939226984978,0.9001805782318115,3.3359778872674304,0.10507715493440628,-0.43204936385154724,0.23771759867668152,0.8026527762413025,0.8659607172012329,32094,3085,944,0.0032740372698754072,0.03067643940448761,0.026040339842438698,0.047099433839321136,0.02849457785487175,36123,36123,3,1.7881393432617188e-07,4.656612873077393e-10,True,post_hoc_boundary_grouping_only,False
1,RIM_ONE_r3->Drishti_GS,27,B2,top2_pairwise_class_balanced,0.019225653260946274,0.8400954604148865,3.1133085370967772,0.10873039811849594,-0.4446598291397095,0.23771759867668152,0.8026527762413025,0.8175662159919739,32094,3085,944,0.0032557006925344467,0.029019106179475784,0.025402149185538292,0.04575910419225693,0.027696870267391205,36123,36123,3,1.7881393432617188e-07,4.656612873077393e-10,True,post_hoc_boundary_grouping_only,False
1,RIM_ONE_r3->Drishti_GS,27,B3,all_pairwise_class_balanced,0.010333187878131866,0.46890318393707275,1.7377076230148865,0.06529678404331207,-0.3312086760997772,0.23771759867668152,0.8026527762413025,0.7099577784538269,32094,3085,944,0.0016462679486721754,0.015414268709719181,0.013939027674496174,0.023956600576639175,0.01462097279727459,36123,72246,3,1.7881393432617188e-07,4.656612873077393e-10,True,post_hoc_boundary_grouping_only,False
1,RIM_ONE_r3->Drishti_GS,28,B0,categorical_pixel_mean,0.00431352062150836,0.18115665018558502,1.0,0.3212510943412781,-0.33503514528274536,0.32513150572776794,0.22332440316677094,0.39881831407546997,31886,3065,1191,0.0016522277146577835,0.021786725148558617,0.030596159398555756,0.017920617014169693,0.025390909984707832,36142,36142,3,1.7881393432617188e-07,4.656612873077393e-10,True,post_hoc_boundary_grouping_only,False
1,RIM_ONE_r3->Drishti_GS,28,B1,categorical_class_balanced,0.018011704087257385,0.43209409713745117,2.385195888170788,0.05791756883263588,-0.07635751366615295,0.32513150572776794,0.22332440316677094,0.5511285066604614,31886,3065,1191,0.0016522277146577835,0.021786725148558617,0.030596159398555756,0.03581729158759117,0.026721512898802757,36142,36142,3,1.7881393432617188e-07,4.656612873077393e-10,True,post_hoc_boundary_grouping_only,False
1,RIM_ONE_r3->Drishti_GS,28,B2,top2_pairwise_class_balanced,0.0173852127045393,0.4153016209602356,2.292500002262031,0.08567288517951965,-0.08523401618003845,0.32513150572776794,0.22332440316677094,0.5434196591377258,31886,3065,1191,0.0016394347185268998,0.020490139722824097,0.030026061460375786,0.03332875296473503,0.02608228288590908,36142,36142,3,1.7881393432617188e-07,4.656612873077393e-10,True,post_hoc_boundary_grouping_only,False
1,RIM_ONE_r3->Drishti_GS,28,B3,all_pairwise_class_balanced,0.00910373218357563,0.2279771864414215,1.2584533121354995,0.03435763716697693,-0.0582122728228569,0.32513150572776794,0.22332440316677094,0.40821516513824463,31886,3065,1191,0.0008404969703406096,0.010963818058371544,0.015506882220506668,0.018354395404458046,0.013537859544157982,36142,72284,3,1.7881393432617188e-07,4.656612873077393e-10,True,post_hoc_boundary_grouping_only,False
1,RIM_ONE_r3->Drishti_GS,29,B0,categorical_pixel_mean,0.006690155249089003,0.18076340854167938,1.0,-0.18364164233207703,0.48077109456062317,0.20933745801448822,0.688896656036377,0.8138522505760193,31544,2941,878,0.002194485627114773,0.04301778972148895,0.0465213805437088,0.022636543959379196,0.036857426166534424,35363,35363,3,1.7881393432617188e-07,0.0,True,post_hoc_boundary_grouping_only,False
1,RIM_ONE_r3->Drishti_GS,29,B1,categorical_class_balanced,0.0305778868496418,1.23077392578125,6.8087559075733255,0.10722703486680984,0.3651995360851288,0.20933745801448822,0.688896656036377,1.6471953392028809,31544,2941,878,0.002194485627114773,0.04301778972148895,0.0465213805437088,0.030111094936728477,0.0378074012696743,35363,35363,3,1.7881393432617188e-07,0.0,True,post_hoc_boundary_grouping_only,False
1,RIM_ONE_r3->Drishti_GS,29,B2,top2_pairwise_class_balanced,0.028479432687163353,1.054254412651062,5.832233531976015,0.16170325875282288,0.39492344856262207,0.20933745801448822,0.688896656036377,1.5100914239883423,31544,2941,878,0.0021839176770299673,0.0403648316860199,0.0428895466029644,0.028767243027687073,0.03563269227743149,35363,35363,3,1.7881393432617188e-07,0.0,True,post_hoc_boundary_grouping_only,False
1,RIM_ONE_r3->Drishti_GS,29,B3,all_pairwise_class_balanced,0.016214922070503235,0.759759247303009,4.203058868121687,0.01141147781163454,0.33273303508758545,0.20933745801448822,0.688896656036377,1.2054253816604614,31544,2941,878,0.001103313290514052,0.021741166710853577,0.02580028586089611,0.015149357728660107,0.01992673985660076,35363,70726,3,1.7881393432617188e-07,0.0,True,post_hoc_boundary_grouping_only,False
1,RIM_ONE_r3->Drishti_GS,30,B0,categorical_pixel_mean,0.004928073845803738,0.1923978626728058,1.0,-0.29577815532684326,-0.06583095341920853,0.19446322321891785,0.9789279699325562,1.064002275466919,32513,2862,1489,0.0017008743016049266,0.024895839393138885,0.037015512585639954,0.014433512464165688,0.024768998846411705,36864,36864,3,1.7881393432617188e-07,0.0,True,post_hoc_boundary_grouping_only,False
1,RIM_ONE_r3->Drishti_GS,30,B1,categorical_class_balanced,0.02120407484471798,1.6601651906967163,8.628813062856182,-0.33313286304473877,-0.08526698499917984,0.19446322321891785,0.9789279699325562,1.8455110788345337,32513,2862,1489,0.0017008743016049266,0.024895839393138885,0.037015512585639954,0.018218785524368286,0.0245114304125309,36864,36864,3,1.7881393432617188e-07,0.0,True,post_hoc_boundary_grouping_only,False
1,RIM_ONE_r3->Drishti_GS,30,B2,top2_pairwise_class_balanced,0.020672809332609177,1.6085302829742432,8.36043738027241,-0.32984790205955505,-0.06959584355354309,0.19446322321891785,0.9789279699325562,1.8176645040512085,32513,2862,1489,0.0016939369961619377,0.023643983528017998,0.03668050467967987,0.017580360174179077,0.023921113461256027,36864,36864,3,1.7881393432617188e-07,0.0,True,post_hoc_boundary_grouping_only,False
1,RIM_ONE_r3->Drishti_GS,30,B3,all_pairwise_class_balanced,0.010716311633586884,0.8465890288352966,4.400199758325884,-0.3324788808822632,-0.08943887054920197,0.19446322321891785,0.9789279699325562,1.2653321027755737,32513,2862,1489,0.0008532187202945352,0.012540570460259914,0.018755147233605385,0.00921268854290247,0.012371226213872433,36864,73728,3,1.7881393432617188e-07,0.0,True,post_hoc_boundary_grouping_only,False
1,RIM_ONE_r3->Drishti_GS,31,B0,categorical_pixel_mean,0.004949075635522604,0.1577763557434082,1.0,0.13760405778884888,-0.004584313835948706,0.20473094284534454,0.22670085728168488,0.311542272567749,32093,3113,917,0.0012272243620827794,0.03165192902088165,0.04455581307411194,0.02299864962697029,0.03210373967885971,36123,36123,3,1.7881393432617188e-07,0.0,True,post_hoc_boundary_grouping_only,False
1,RIM_ONE_r3->Drishti_GS,31,B1,categorical_class_balanced,0.025811657309532166,1.4765501022338867,9.358500488090884,0.11376931518316269,0.0919279232621193,0.20473094284534454,0.22670085728168488,1.540813684463501,32093,3113,917,0.0012272243620827794,0.03165192902088165,0.04455581307411194,0.024422964081168175,0.032448917627334595,36123,36123,3,1.7881393432617188e-07,0.0,True,post_hoc_boundary_grouping_only,False
1,RIM_ONE_r3->Drishti_GS,31,B2,top2_pairwise_class_balanced,0.0222787968814373,1.1021313667297363,6.985402606979549,0.13600006699562073,0.10388459265232086,0.20473094284534454,0.22670085728168488,1.1796658039093018,32093,3113,917,0.001218068995513022,0.027858424931764603,0.037759896367788315,0.022437218576669693,0.028826845809817314,36123,36123,3,1.7881393432617188e-07,0.0,True,post_hoc_boundary_grouping_only,False
1,RIM_ONE_r3->Drishti_GS,31,B3,all_pairwise_class_balanced,0.013575633987784386,0.8630813360214233,5.470283122935436,0.10873688012361526,0.09249570220708847,0.20473094284534454,0.22670085728168488,0.939762532711029,32093,3113,917,0.0006168476538732648,0.016032960265874863,0.02407708950340748,0.012379385530948639,0.016939537599682808,36123,72246,3,1.7881393432617188e-07,0.0,True,post_hoc_boundary_grouping_only,False
