batch_id,seed,stage_index,domain,pair_index,candidate,primary,guard,guard_norm,dot,dual,halfspace_satisfied
B0/seed0/stage1/RIM_ONE_r3/pair00,0,1,RIM_ONE_r3,0,P1,False,global_supervised,0.28330747837669923,0.07905697190470859,0.0,True
B0/seed0/stage1/RIM_ONE_r3/pair00,0,1,RIM_ONE_r3,0,P2,False,global_supervised,0.28330747837669923,0.05955764437596482,0.0,True
B0/seed0/stage1/RIM_ONE_r3/pair00,0,1,RIM_ONE_r3,0,P2,False,class_sup_0,0.43648240824056356,0.050748268396028605,0.0,True
B0/seed0/stage1/RIM_ONE_r3/pair00,0,1,RIM_ONE_r3,0,P2,False,class_old_0,1.3065638737400576,1.932048271369169e-16,0.04095175630623363,True
B0/seed0/stage1/RIM_ONE_r3/pair00,0,1,RIM_ONE_r3,0,P2,False,class_sup_1,6.683849587910785,2.0539125955565396e-15,0.1779395258968774,True
B0/seed0/stage1/RIM_ONE_r3/pair00,0,1,RIM_ONE_r3,0,P2,False,class_old_1,7.119400362041437,0.8632757570219494,0.0,True
B0/seed0/stage1/RIM_ONE_r3/pair00,0,1,RIM_ONE_r3,0,P2,False,class_sup_2,26.66944565774102,2.4424906541753444e-15,0.1263856176784735,True
B0/seed0/stage1/RIM_ONE_r3/pair00,0,1,RIM_ONE_r3,0,P2,False,class_old_2,15.992521037261126,-4.440892098500626e-16,0.1270486903567717,True
B0/seed0/stage1/RIM_ONE_r3/pair00,0,1,RIM_ONE_r3,0,P3,False,global_supervised,0.28330747837669923,0.04579297496384379,0.0,True
B0/seed0/stage1/RIM_ONE_r3/pair00,0,1,RIM_ONE_r3,0,P3,False,sup_0,0.19186304027360904,0.013729147947186182,0.0,True
B0/seed0/stage1/RIM_ONE_r3/pair00,0,1,RIM_ONE_r3,0,P3,False,sup_1,0.7006647226587164,0.041599805146522686,0.0,True
B0/seed0/stage1/RIM_ONE_r3/pair00,0,1,RIM_ONE_r3,0,P3,False,sup_2,13.34482567492947,0.5310964498870019,0.0,True
B0/seed0/stage1/RIM_ONE_r3/pair00,0,1,RIM_ONE_r3,0,P3,False,sup_3,5.883059472868654,2.7755575615628914e-16,0.35496435260638376,True
B0/seed0/stage1/RIM_ONE_r3/pair00,0,1,RIM_ONE_r3,0,P3,False,sup_4,33.80882462986104,0.7211978817304172,0.0,True
B0/seed0/stage1/RIM_ONE_r3/pair00,0,1,RIM_ONE_r3,0,P3,False,sup_5,22.645049091864557,-2.886579864025407e-15,0.43336706043916867,True
B0/seed0/stage1/RIM_ONE_r3/pair00,0,1,RIM_ONE_r3,0,P4,True,global_supervised,0.28330747837669923,0.04372118199735951,0.0,True
B0/seed0/stage1/RIM_ONE_r3/pair00,0,1,RIM_ONE_r3,0,P4,True,sup_0,0.19186304027360904,0.01358585019878501,0.0,True
B0/seed0/stage1/RIM_ONE_r3/pair00,0,1,RIM_ONE_r3,0,P4,True,sup_1,0.7006647226587164,0.04087226455962845,0.0,True
B0/seed0/stage1/RIM_ONE_r3/pair00,0,1,RIM_ONE_r3,0,P4,True,sup_2,13.34482567492947,0.513789497744818,0.0,True
B0/seed0/stage1/RIM_ONE_r3/pair00,0,1,RIM_ONE_r3,0,P4,True,sup_3,5.883059472868654,1.942890293094024e-15,0.3794558463997457,True
B0/seed0/stage1/RIM_ONE_r3/pair00,0,1,RIM_ONE_r3,0,P4,True,sup_4,33.80882462986104,0.6153938679624444,0.0,True
B0/seed0/stage1/RIM_ONE_r3/pair00,0,1,RIM_ONE_r3,0,P4,True,sup_5,22.645049091864557,-2.7755575615628914e-15,0.4043969363028974,True
B0/seed0/stage1/RIM_ONE_r3/pair00,0,1,RIM_ONE_r3,0,P4,True,old_0,1.236001949738113,-1.3444106938820255e-16,0.01875422955185647,True
B0/seed0/stage1/RIM_ONE_r3/pair00,0,1,RIM_ONE_r3,0,P4,True,old_1,2.4729485197137193,3.2959746043559335e-16,0.009658855983848384,True
B0/seed0/stage1/RIM_ONE_r3/pair00,0,1,RIM_ONE_r3,0,P4,True,old_2,8.3316714208046,0.4846658327846761,0.0,True
B0/seed0/stage1/RIM_ONE_r3/pair00,0,1,RIM_ONE_r3,0,P4,True,old_3,7.101129372755749,0.4765752746407816,0.0,True
B0/seed0/stage1/RIM_ONE_r3/pair00,0,1,RIM_ONE_r3,0,P4,True,old_4,21.688304604672425,0.07952703931612382,0.0,True
B0/seed0/stage1/RIM_ONE_r3/pair00,0,1,RIM_ONE_r3,0,P4,True,old_5,12.161600326962489,-1.942890293094024e-16,0.06519824162297166,True
B0/seed0/stage1/RIM_ONE_r3/pair01,0,1,RIM_ONE_r3,1,P1,False,global_supervised,0.7866015632046994,0.6068282426975629,0.0,True
B0/seed0/stage1/RIM_ONE_r3/pair01,0,1,RIM_ONE_r3,1,P2,False,global_supervised,0.7866015632046994,0.12006023809351557,0.0,True
B0/seed0/stage1/RIM_ONE_r3/pair01,0,1,RIM_ONE_r3,1,P2,False,class_sup_0,0.43648240824056356,-4.5102810375396984e-17,0.160643311616668,True
B0/seed0/stage1/RIM_ONE_r3/pair01,0,1,RIM_ONE_r3,1,P2,False,class_old_0,1.3065638737400576,0.0075944534408933315,0.0,True
B0/seed0/stage1/RIM_ONE_r3/pair01,0,1,RIM_ONE_r3,1,P2,False,class_sup_1,6.683849587910785,0.5369489587911894,0.0,True
B0/seed0/stage1/RIM_ONE_r3/pair01,0,1,RIM_ONE_r3,1,P2,False,class_old_1,7.119400362041437,0.5503481508648793,0.0,True
B0/seed0/stage1/RIM_ONE_r3/pair01,0,1,RIM_ONE_r3,1,P2,False,class_sup_2,26.66944565774102,0.20632244363098806,0.0,True
B0/seed0/stage1/RIM_ONE_r3/pair01,0,1,RIM_ONE_r3,1,P2,False,class_old_2,15.992521037261126,5.329070518200751e-15,0.6402000112006948,True
B0/seed0/stage1/RIM_ONE_r3/pair01,0,1,RIM_ONE_r3,1,P3,False,global_supervised,0.7866015632046994,0.15211027346126282,0.0,True
B0/seed0/stage1/RIM_ONE_r3/pair01,0,1,RIM_ONE_r3,1,P3,False,sup_0,0.19186304027360904,0.00216672673359055,0.0,True
B0/seed0/stage1/RIM_ONE_r3/pair01,0,1,RIM_ONE_r3,1,P3,False,sup_1,0.7006647226587164,2.8102520310824275e-16,0.2487721177653494,True
B0/seed0/stage1/RIM_ONE_r3/pair01,0,1,RIM_ONE_r3,1,P3,False,sup_2,13.34482567492947,2.0986478623376277,0.0,True
B0/seed0/stage1/RIM_ONE_r3/pair01,0,1,RIM_ONE_r3,1,P3,False,sup_3,5.883059472868654,0.11982023508568906,0.0,True
B0/seed0/stage1/RIM_ONE_r3/pair01,0,1,RIM_ONE_r3,1,P3,False,sup_4,33.80882462986104,3.146501123717605,0.0,True
B0/seed0/stage1/RIM_ONE_r3/pair01,0,1,RIM_ONE_r3,1,P3,False,sup_5,22.645049091864557,-1.0658141036401503e-14,0.5992016235697566,True
B0/seed0/stage1/RIM_ONE_r3/pair01,0,1,RIM_ONE_r3,1,P4,True,global_supervised,0.7866015632046994,0.10848093016632844,0.0,True
B0/seed0/stage1/RIM_ONE_r3/pair01,0,1,RIM_ONE_r3,1,P4,True,sup_0,0.19186304027360904,0.002042606067932517,0.0,True
B0/seed0/stage1/RIM_ONE_r3/pair01,0,1,RIM_ONE_r3,1,P4,True,sup_1,0.7006647226587164,-6.938893903907228e-17,0.1690053756352093,True
B0/seed0/stage1/RIM_ONE_r3/pair01,0,1,RIM_ONE_r3,1,P4,True,sup_2,13.34482567492947,1.8292490204827079,0.0,True
B0/seed0/stage1/RIM_ONE_r3/pair01,0,1,RIM_ONE_r3,1,P4,True,sup_3,5.883059472868654,0.08052952610154013,0.0,True
B0/seed0/stage1/RIM_ONE_r3/pair01,0,1,RIM_ONE_r3,1,P4,True,sup_4,33.80882462986104,2.5668690383426958,0.0,True
B0/seed0/stage1/RIM_ONE_r3/pair01,0,1,RIM_ONE_r3,1,P4,True,sup_5,22.645049091864557,-7.549516567451064e-15,0.423402621655517,True
B0/seed0/stage1/RIM_ONE_r3/pair01,0,1,RIM_ONE_r3,1,P4,True,old_0,1.236001949738113,1.8908485888147197e-16,0.02493298803869494,True
B0/seed0/stage1/RIM_ONE_r3/pair01,0,1,RIM_ONE_r3,1,P4,True,old_1,2.4729485197137193,0.09211784236185026,0.0,True
B0/seed0/stage1/RIM_ONE_r3/pair01,0,1,RIM_ONE_r3,1,P4,True,old_2,8.3316714208046,-3.4555691641457997e-15,0.05444276859257818,True
B0/seed0/stage1/RIM_ONE_r3/pair01,0,1,RIM_ONE_r3,1,P4,True,old_3,7.101129372755749,0.45792124830960346,0.0,True
B0/seed0/stage1/RIM_ONE_r3/pair01,0,1,RIM_ONE_r3,1,P4,True,old_4,21.688304604672425,0.12676119676800268,0.0,True
B0/seed0/stage1/RIM_ONE_r3/pair01,0,1,RIM_ONE_r3,1,P4,True,old_5,12.161600326962489,1.5543122344752192e-15,0.261677572037581,True
B0/seed0/stage1/RIM_ONE_r3/pair02,0,1,RIM_ONE_r3,2,P1,False,global_supervised,0.782358707357414,0.5768834849417114,0.0,True
B0/seed0/stage1/RIM_ONE_r3/pair02,0,1,RIM_ONE_r3,2,P2,False,global_supervised,0.782358707357414,0.16875245209911532,0.0,True
B0/seed0/stage1/RIM_ONE_r3/pair02,0,1,RIM_ONE_r3,2,P2,False,class_sup_0,0.43648240824056356,0.0417872448040249,0.0,True
B0/seed0/stage1/RIM_ONE_r3/pair02,0,1,RIM_ONE_r3,2,P2,False,class_old_0,1.3065638737400576,-4.5428071027142636e-17,0.010904561710740168,True
B0/seed0/stage1/RIM_ONE_r3/pair02,0,1,RIM_ONE_r3,2,P2,False,class_sup_1,6.683849587910785,0.6530049839168759,0.0,True
B0/seed0/stage1/RIM_ONE_r3/pair02,0,1,RIM_ONE_r3,2,P2,False,class_old_1,7.119400362041437,1.021261293504221,0.0,True
B0/seed0/stage1/RIM_ONE_r3/pair02,0,1,RIM_ONE_r3,2,P2,False,class_sup_2,26.66944565774102,1.887379141862766e-15,0.4003192709853348,True
B0/seed0/stage1/RIM_ONE_r3/pair02,0,1,RIM_ONE_r3,2,P2,False,class_old_2,15.992521037261126,5.773159728050814e-15,0.24682484570084984,True
B0/seed0/stage1/RIM_ONE_r3/pair02,0,1,RIM_ONE_r3,2,P3,False,global_supervised,0.782358707357414,0.12721099192407048,0.0,True
B0/seed0/stage1/RIM_ONE_r3/pair02,0,1,RIM_ONE_r3,2,P3,False,sup_0,0.19186304027360904,0.02153034553471094,0.0,True
B0/seed0/stage1/RIM_ONE_r3/pair02,0,1,RIM_ONE_r3,2,P3,False,sup_1,0.7006647226587164,0.04750283989180652,0.0,True
B0/seed0/stage1/RIM_ONE_r3/pair02,0,1,RIM_ONE_r3,2,P3,False,sup_2,13.34482567492947,2.13857069454025,0.0,True
B0/seed0/stage1/RIM_ONE_r3/pair02,0,1,RIM_ONE_r3,2,P3,False,sup_3,5.883059472868654,0.12181253383694102,0.0,True
B0/seed0/stage1/RIM_ONE_r3/pair02,0,1,RIM_ONE_r3,2,P3,False,sup_4,33.80882462986104,2.002088432538568,0.0,True
B0/seed0/stage1/RIM_ONE_r3/pair02,0,1,RIM_ONE_r3,2,P3,False,sup_5,22.645049091864557,2.55351295663786e-15,0.6567345500305422,True
B0/seed0/stage1/RIM_ONE_r3/pair02,0,1,RIM_ONE_r3,2,P4,True,global_supervised,0.782358707357414,0.12613736691904037,0.0,True
B0/seed0/stage1/RIM_ONE_r3/pair02,0,1,RIM_ONE_r3,2,P4,True,sup_0,0.19186304027360904,0.02260278655944052,0.0,True
B0/seed0/stage1/RIM_ONE_r3/pair02,0,1,RIM_ONE_r3,2,P4,True,sup_1,0.7006647226587164,0.05283499861621777,0.0,True
B0/seed0/stage1/RIM_ONE_r3/pair02,0,1,RIM_ONE_r3,2,P4,True,sup_2,13.34482567492947,2.019503038012185,0.0,True
B0/seed0/stage1/RIM_ONE_r3/pair02,0,1,RIM_ONE_r3,2,P4,True,sup_3,5.883059472868654,0.0940234843592955,0.0,True
B0/seed0/stage1/RIM_ONE_r3/pair02,0,1,RIM_ONE_r3,2,P4,True,sup_4,33.80882462986104,1.923121063439749,0.0,True
B0/seed0/stage1/RIM_ONE_r3/pair02,0,1,RIM_ONE_r3,2,P4,True,sup_5,22.645049091864557,-8.992806499463768e-15,0.6246244017482464,True
B0/seed0/stage1/RIM_ONE_r3/pair02,0,1,RIM_ONE_r3,2,P4,True,old_0,1.236001949738113,-3.122502256758253e-16,0.017926927048294128,True
B0/seed0/stage1/RIM_ONE_r3/pair02,0,1,RIM_ONE_r3,2,P4,True,old_1,2.4729485197137193,0.030526492406356433,0.0,True
B0/seed0/stage1/RIM_ONE_r3/pair02,0,1,RIM_ONE_r3,2,P4,True,old_2,8.3316714208046,0.5968379799640817,0.0,True
B0/seed0/stage1/RIM_ONE_r3/pair02,0,1,RIM_ONE_r3,2,P4,True,old_3,7.101129372755749,0.6672736177574577,0.0,True
B0/seed0/stage1/RIM_ONE_r3/pair02,0,1,RIM_ONE_r3,2,P4,True,old_4,21.688304604672425,0.2518656705312795,0.0,True
B0/seed0/stage1/RIM_ONE_r3/pair02,0,1,RIM_ONE_r3,2,P4,True,old_5,12.161600326962489,-4.718447854656915e-15,0.039722247902853336,True
B0/seed0/stage1/RIM_ONE_r3/pair03,0,1,RIM_ONE_r3,3,P1,False,global_supervised,0.6837705629788734,0.3286242074296152,0.0,True
B0/seed0/stage1/RIM_ONE_r3/pair03,0,1,RIM_ONE_r3,3,P2,False,global_supervised,0.6837705629788734,0.3271623670503076,0.0,True
B0/seed0/stage1/RIM_ONE_r3/pair03,0,1,RIM_ONE_r3,3,P2,False,class_sup_0,0.43648240824056356,0.07780912506985384,0.0,True
B0/seed0/stage1/RIM_ONE_r3/pair03,0,1,RIM_ONE_r3,3,P2,False,class_old_0,1.3065638737400576,-1.3877787807814457e-17,0.052526380738490856,True
B0/seed0/stage1/RIM_ONE_r3/pair03,0,1,RIM_ONE_r3,3,P2,False,class_sup_1,6.683849587910785,0.2223700549470382,0.0,True
B0/seed0/stage1/RIM_ONE_r3/pair03,0,1,RIM_ONE_r3,3,P2,False,class_old_1,7.119400362041437,0.9196151717703072,0.0,True
B0/seed0/stage1/RIM_ONE_r3/pair03,0,1,RIM_ONE_r3,3,P2,False,class_sup_2,26.66944565774102,2.59126008191802,0.0,True
B0/seed0/stage1/RIM_ONE_r3/pair03,0,1,RIM_ONE_r3,3,P2,False,class_old_2,15.992521037261126,0.3487187096545954,0.0,True
B0/seed0/stage1/RIM_ONE_r3/pair03,0,1,RIM_ONE_r3,3,P3,False,global_supervised,0.6837705629788734,0.31455655884797423,0.0,True
B0/seed0/stage1/RIM_ONE_r3/pair03,0,1,RIM_ONE_r3,3,P3,False,sup_0,0.19186304027360904,0.03738138725030454,0.0,True
B0/seed0/stage1/RIM_ONE_r3/pair03,0,1,RIM_ONE_r3,3,P3,False,sup_1,0.7006647226587164,0.09014090490884019,0.0,True
B0/seed0/stage1/RIM_ONE_r3/pair03,0,1,RIM_ONE_r3,3,P3,False,sup_2,13.34482567492947,3.037860797136264,0.0,True
B0/seed0/stage1/RIM_ONE_r3/pair03,0,1,RIM_ONE_r3,3,P3,False,sup_3,5.883059472868654,-2.7755575615628914e-16,0.11614758309610497,True
B0/seed0/stage1/RIM_ONE_r3/pair03,0,1,RIM_ONE_r3,3,P3,False,sup_4,33.80882462986104,4.081483750430157,0.0,True
B0/seed0/stage1/RIM_ONE_r3/pair03,0,1,RIM_ONE_r3,3,P3,False,sup_5,22.645049091864557,-1.9984014443252818e-15,0.06718245731945156,True
B0/seed0/stage1/RIM_ONE_r3/pair03,0,1,RIM_ONE_r3,3,P4,True,global_supervised,0.6837705629788734,0.30894858941732684,0.0,True
B0/seed0/stage1/RIM_ONE_r3/pair03,0,1,RIM_ONE_r3,3,P4,True,sup_0,0.19186304027360904,0.037104514439422545,0.0,True
B0/seed0/stage1/RIM_ONE_r3/pair03,0,1,RIM_ONE_r3,3,P4,True,sup_1,0.7006647226587164,0.08874488993519083,0.0,True
B0/seed0/stage1/RIM_ONE_r3/pair03,0,1,RIM_ONE_r3,3,P4,True,sup_2,13.34482567492947,3.028471774510146,0.0,True
B0/seed0/stage1/RIM_ONE_r3/pair03,0,1,RIM_ONE_r3,3,P4,True,sup_3,5.883059472868654,7.771561172376096e-16,0.1424565214436655,True
B0/seed0/stage1/RIM_ONE_r3/pair03,0,1,RIM_ONE_r3,3,P4,True,sup_4,33.80882462986104,3.9123598115478346,0.0,True
B0/seed0/stage1/RIM_ONE_r3/pair03,0,1,RIM_ONE_r3,3,P4,True,sup_5,22.645049091864557,8.881784197001252e-16,0.010859176054993412,True
B0/seed0/stage1/RIM_ONE_r3/pair03,0,1,RIM_ONE_r3,3,P4,True,old_0,1.236001949738113,2.6020852139652106e-18,0.037008026443164185,True
B0/seed0/stage1/RIM_ONE_r3/pair03,0,1,RIM_ONE_r3,3,P4,True,old_1,2.4729485197137193,-2.0122792321330962e-16,0.028901912198271616,True
B0/seed0/stage1/RIM_ONE_r3/pair03,0,1,RIM_ONE_r3,3,P4,True,old_2,8.3316714208046,0.5418478283496984,0.0,True
B0/seed0/stage1/RIM_ONE_r3/pair03,0,1,RIM_ONE_r3,3,P4,True,old_3,7.101129372755749,0.9990822031632576,0.0,True
B0/seed0/stage1/RIM_ONE_r3/pair03,0,1,RIM_ONE_r3,3,P4,True,old_4,21.688304604672425,0.22436601496468378,0.0,True
B0/seed0/stage1/RIM_ONE_r3/pair03,0,1,RIM_ONE_r3,3,P4,True,old_5,12.161600326962489,-8.881784197001252e-16,0.10137996854986596,True
B0/seed0/stage1/RIM_ONE_r3/pair04,0,1,RIM_ONE_r3,4,P1,False,global_supervised,0.19448430260590072,0.04932882155902507,0.0,True
B0/seed0/stage1/RIM_ONE_r3/pair04,0,1,RIM_ONE_r3,4,P2,False,global_supervised,0.19448430260590072,0.013038139697649989,0.0,True
B0/seed0/stage1/RIM_ONE_r3/pair04,0,1,RIM_ONE_r3,4,P2,False,class_sup_0,0.43648240824056356,-3.404394821604484e-17,0.0550364667774184,True
B0/seed0/stage1/RIM_ONE_r3/pair04,0,1,RIM_ONE_r3,4,P2,False,class_old_0,1.3065638737400576,0.017966358555747075,0.0,True
B0/seed0/stage1/RIM_ONE_r3/pair04,0,1,RIM_ONE_r3,4,P2,False,class_sup_1,6.683849587910785,-3.5735303605122226e-16,0.27852505893668267,True
B0/seed0/stage1/RIM_ONE_r3/pair04,0,1,RIM_ONE_r3,4,P2,False,class_old_1,7.119400362041437,-3.86843335142828e-16,0.028574430620649953,True
B0/seed0/stage1/RIM_ONE_r3/pair04,0,1,RIM_ONE_r3,4,P2,False,class_sup_2,26.66944565774102,0.2753566445474385,0.0,True
B0/seed0/stage1/RIM_ONE_r3/pair04,0,1,RIM_ONE_r3,4,P2,False,class_old_2,15.992521037261126,0.4307522866481456,0.0,True
B0/seed0/stage1/RIM_ONE_r3/pair04,0,1,RIM_ONE_r3,4,P3,False,global_supervised,0.19448430260590072,0.013099487467364,0.0,True
B0/seed0/stage1/RIM_ONE_r3/pair04,0,1,RIM_ONE_r3,4,P3,False,sup_0,0.19186304027360904,0.004351328303041948,0.0,True
B0/seed0/stage1/RIM_ONE_r3/pair04,0,1,RIM_ONE_r3,4,P3,False,sup_1,0.7006647226587164,3.9898639947466563e-17,0.12175895598116021,True
B0/seed0/stage1/RIM_ONE_r3/pair04,0,1,RIM_ONE_r3,4,P3,False,sup_2,13.34482567492947,-5.821731985378165e-15,0.0020170582338163157,True
B0/seed0/stage1/RIM_ONE_r3/pair04,0,1,RIM_ONE_r3,4,P3,False,sup_3,5.883059472868654,3.8510861166685117e-16,0.42631047119526744,True
B0/seed0/stage1/RIM_ONE_r3/pair04,0,1,RIM_ONE_r3,4,P3,False,sup_4,33.80882462986104,-2.636779683484747e-16,0.16351627256271623,True
B0/seed0/stage1/RIM_ONE_r3/pair04,0,1,RIM_ONE_r3,4,P3,False,sup_5,22.645049091864557,0.41159500771642676,0.0,True
B0/seed0/stage1/RIM_ONE_r3/pair04,0,1,RIM_ONE_r3,4,P4,True,global_supervised,0.19448430260590072,0.012250249263152569,0.0,True
B0/seed0/stage1/RIM_ONE_r3/pair04,0,1,RIM_ONE_r3,4,P4,True,sup_0,0.19186304027360904,0.004456709015909068,0.0,True
B0/seed0/stage1/RIM_ONE_r3/pair04,0,1,RIM_ONE_r3,4,P4,True,sup_1,0.7006647226587164,-1.5135462327897642e-16,0.09214019878524658,True
B0/seed0/stage1/RIM_ONE_r3/pair04,0,1,RIM_ONE_r3,4,P4,True,sup_2,13.34482567492947,0.040953479712217036,0.0,True
B0/seed0/stage1/RIM_ONE_r3/pair04,0,1,RIM_ONE_r3,4,P4,True,sup_3,5.883059472868654,7.73686670285656e-16,0.43554141627198045,True
B0/seed0/stage1/RIM_ONE_r3/pair04,0,1,RIM_ONE_r3,4,P4,True,sup_4,33.80882462986104,7.868705687030797e-15,0.1646247182762411,True
B0/seed0/stage1/RIM_ONE_r3/pair04,0,1,RIM_ONE_r3,4,P4,True,sup_5,22.645049091864557,0.399780489027415,0.0,True
B0/seed0/stage1/RIM_ONE_r3/pair04,0,1,RIM_ONE_r3,4,P4,True,old_0,1.236001949738113,-5.377642775528102e-17,0.01802322272845505,True
B0/seed0/stage1/RIM_ONE_r3/pair04,0,1,RIM_ONE_r3,4,P4,True,old_1,2.4729485197137193,0.033456990136023865,0.0,True
B0/seed0/stage1/RIM_ONE_r3/pair04,0,1,RIM_ONE_r3,4,P4,True,old_2,8.3316714208046,0.18283420905217385,0.0,True
B0/seed0/stage1/RIM_ONE_r3/pair04,0,1,RIM_ONE_r3,4,P4,True,old_3,7.101129372755749,9.159339953157541e-16,0.04867055351069673,True
B0/seed0/stage1/RIM_ONE_r3/pair04,0,1,RIM_ONE_r3,4,P4,True,old_4,21.688304604672425,0.4368865575823282,0.0,True
B0/seed0/stage1/RIM_ONE_r3/pair04,0,1,RIM_ONE_r3,4,P4,True,old_5,12.161600326962489,0.2703270143922693,0.0,True
B0/seed0/stage1/RIM_ONE_r3/pair05,0,1,RIM_ONE_r3,5,P1,False,global_supervised,1.1953124094323897,1.4346445250790931,0.0,True
B0/seed0/stage1/RIM_ONE_r3/pair05,0,1,RIM_ONE_r3,5,P2,False,global_supervised,1.1953124094323897,1.3843362935866665,0.0,True
B0/seed0/stage1/RIM_ONE_r3/pair05,0,1,RIM_ONE_r3,5,P2,False,class_sup_0,0.43648240824056356,1.3877787807814457e-17,0.22194378722215202,True
B0/seed0/stage1/RIM_ONE_r3/pair05,0,1,RIM_ONE_r3,5,P2,False,class_old_0,1.3065638737400576,0.525516388564035,0.0,True
B0/seed0/stage1/RIM_ONE_r3/pair05,0,1,RIM_ONE_r3,5,P2,False,class_sup_1,6.683849587910785,4.218847493575595e-15,0.020952395688057762,True
B0/seed0/stage1/RIM_ONE_r3/pair05,0,1,RIM_ONE_r3,5,P2,False,class_old_1,7.119400362041437,1.4673865853951058,0.0,True
B0/seed0/stage1/RIM_ONE_r3/pair05,0,1,RIM_ONE_r3,5,P2,False,class_sup_2,26.66944565774102,14.194748950732016,0.0,True
B0/seed0/stage1/RIM_ONE_r3/pair05,0,1,RIM_ONE_r3,5,P2,False,class_old_2,15.992521037261126,7.141131979782455,0.0,True
B0/seed0/stage1/RIM_ONE_r3/pair05,0,1,RIM_ONE_r3,5,P3,False,global_supervised,1.1953124094323897,1.2993952814364478,0.0,True
B0/seed0/stage1/RIM_ONE_r3/pair05,0,1,RIM_ONE_r3,5,P3,False,sup_0,0.19186304027360904,0.05723817381963497,0.0,True
B0/seed0/stage1/RIM_ONE_r3/pair05,0,1,RIM_ONE_r3,5,P3,False,sup_1,0.7006647226587164,4.0245584642661925e-16,0.4453510861014947,True
B0/seed0/stage1/RIM_ONE_r3/pair05,0,1,RIM_ONE_r3,5,P3,False,sup_2,13.34482567492947,5.881232368111309,0.0,True
B0/seed0/stage1/RIM_ONE_r3/pair05,0,1,RIM_ONE_r3,5,P3,False,sup_3,5.883059472868654,1.887379141862766e-15,0.33219780392628967,True
B0/seed0/stage1/RIM_ONE_r3/pair05,0,1,RIM_ONE_r3,5,P3,False,sup_4,33.80882462986104,10.10536693765069,0.0,True
B0/seed0/stage1/RIM_ONE_r3/pair05,0,1,RIM_ONE_r3,5,P3,False,sup_5,22.645049091864557,5.920114713030619,0.0,True
B0/seed0/stage1/RIM_ONE_r3/pair05,0,1,RIM_ONE_r3,5,P4,True,global_supervised,1.1953124094323897,1.2793929121568794,0.0,True
B0/seed0/stage1/RIM_ONE_r3/pair05,0,1,RIM_ONE_r3,5,P4,True,sup_0,0.19186304027360904,0.055980572786295826,0.0,True
B0/seed0/stage1/RIM_ONE_r3/pair05,0,1,RIM_ONE_r3,5,P4,True,sup_1,0.7006647226587164,3.0531133177191805e-16,0.46097581401069926,True
B0/seed0/stage1/RIM_ONE_r3/pair05,0,1,RIM_ONE_r3,5,P4,True,sup_2,13.34482567492947,5.809568217476487,0.0,True
B0/seed0/stage1/RIM_ONE_r3/pair05,0,1,RIM_ONE_r3,5,P4,True,sup_3,5.883059472868654,-1.6653345369377348e-15,0.36460496059612313,True
B0/seed0/stage1/RIM_ONE_r3/pair05,0,1,RIM_ONE_r3,5,P4,True,sup_4,33.80882462986104,10.07008014879231,0.0,True
B0/seed0/stage1/RIM_ONE_r3/pair05,0,1,RIM_ONE_r3,5,P4,True,sup_5,22.645049091864557,5.908740357770297,0.0,True
B0/seed0/stage1/RIM_ONE_r3/pair05,0,1,RIM_ONE_r3,5,P4,True,old_0,1.236001949738113,3.400058012914542e-16,0.14305363448576508,True
B0/seed0/stage1/RIM_ONE_r3/pair05,0,1,RIM_ONE_r3,5,P4,True,old_1,2.4729485197137193,1.131336398612075,0.0,True
B0/seed0/stage1/RIM_ONE_r3/pair05,0,1,RIM_ONE_r3,5,P4,True,old_2,8.3316714208046,2.563721641844917,0.0,True
B0/seed0/stage1/RIM_ONE_r3/pair05,0,1,RIM_ONE_r3,5,P4,True,old_3,7.101129372755749,1.4586095659334193,0.0,True
B0/seed0/stage1/RIM_ONE_r3/pair05,0,1,RIM_ONE_r3,5,P4,True,old_4,21.688304604672425,5.144183439573535,0.0,True
B0/seed0/stage1/RIM_ONE_r3/pair05,0,1,RIM_ONE_r3,5,P4,True,old_5,12.161600326962489,2.0377072096572215,0.0,True
B0/seed0/stage1/RIM_ONE_r3/pair06,0,1,RIM_ONE_r3,6,P1,False,global_supervised,1.0004921061491199,0.9659326702217321,0.0,True
B0/seed0/stage1/RIM_ONE_r3/pair06,0,1,RIM_ONE_r3,6,P2,False,global_supervised,1.0004921061491199,0.4428921260331451,0.0,True
B0/seed0/stage1/RIM_ONE_r3/pair06,0,1,RIM_ONE_r3,6,P2,False,class_sup_0,0.43648240824056356,0.19017033452979523,0.0,True
B0/seed0/stage1/RIM_ONE_r3/pair06,0,1,RIM_ONE_r3,6,P2,False,class_old_0,1.3065638737400576,2.5999168096202396e-16,0.05766063268839059,True
B0/seed0/stage1/RIM_ONE_r3/pair06,0,1,RIM_ONE_r3,6,P2,False,class_sup_1,6.683849587910785,2.1094237467877974e-15,0.449712843046524,True
B0/seed0/stage1/RIM_ONE_r3/pair06,0,1,RIM_ONE_r3,6,P2,False,class_old_1,7.119400362041437,2.5920025404363187,0.0,True
B0/seed0/stage1/RIM_ONE_r3/pair06,0,1,RIM_ONE_r3,6,P2,False,class_sup_2,26.66944565774102,-1.2434497875801753e-14,0.946027059436852,True
B0/seed0/stage1/RIM_ONE_r3/pair06,0,1,RIM_ONE_r3,6,P2,False,class_old_2,15.992521037261126,0.11376295210986997,0.0,True
B0/seed0/stage1/RIM_ONE_r3/pair06,0,1,RIM_ONE_r3,6,P3,False,global_supervised,1.0004921061491199,0.32927034377673176,0.0,True
B0/seed0/stage1/RIM_ONE_r3/pair06,0,1,RIM_ONE_r3,6,P3,False,sup_0,0.19186304027360904,0.07579489169732545,0.0,True
B0/seed0/stage1/RIM_ONE_r3/pair06,0,1,RIM_ONE_r3,6,P3,False,sup_1,0.7006647226587164,0.20286149252056476,0.0,True
B0/seed0/stage1/RIM_ONE_r3/pair06,0,1,RIM_ONE_r3,6,P3,False,sup_2,13.34482567492947,0.6528994293810932,0.0,True
B0/seed0/stage1/RIM_ONE_r3/pair06,0,1,RIM_ONE_r3,6,P3,False,sup_3,5.883059472868654,-5.773159728050814e-15,0.951260257336862,True
B0/seed0/stage1/RIM_ONE_r3/pair06,0,1,RIM_ONE_r3,6,P3,False,sup_4,33.80882462986104,1.6431300764452317e-14,0.070184939707223,True
B0/seed0/stage1/RIM_ONE_r3/pair06,0,1,RIM_ONE_r3,6,P3,False,sup_5,22.645049091864557,3.3306690738754696e-15,1.39384749152805,True
B0/seed0/stage1/RIM_ONE_r3/pair06,0,1,RIM_ONE_r3,6,P4,True,global_supervised,1.0004921061491199,0.3267097954988351,0.0,True
B0/seed0/stage1/RIM_ONE_r3/pair06,0,1,RIM_ONE_r3,6,P4,True,sup_0,0.19186304027360904,0.07496134563867005,0.0,True
B0/seed0/stage1/RIM_ONE_r3/pair06,0,1,RIM_ONE_r3,6,P4,True,sup_1,0.7006647226587164,0.2017012664554132,0.0,True
B0/seed0/stage1/RIM_ONE_r3/pair06,0,1,RIM_ONE_r3,6,P4,True,sup_2,13.34482567492947,0.6298838553940105,0.0,True
B0/seed0/stage1/RIM_ONE_r3/pair06,0,1,RIM_ONE_r3,6,P4,True,sup_3,5.883059472868654,2.886579864025407e-15,0.9534367603240093,True
B0/seed0/stage1/RIM_ONE_r3/pair06,0,1,RIM_ONE_r3,6,P4,True,sup_4,33.80882462986104,-2.2648549702353193e-14,0.07152928767527567,True
B0/seed0/stage1/RIM_ONE_r3/pair06,0,1,RIM_ONE_r3,6,P4,True,sup_5,22.645049091864557,-1.021405182655144e-14,1.3852695440247558,True
B0/seed0/stage1/RIM_ONE_r3/pair06,0,1,RIM_ONE_r3,6,P4,True,old_0,1.236001949738113,-2.0990154059319366e-16,0.05067174883138799,True
B0/seed0/stage1/RIM_ONE_r3/pair06,0,1,RIM_ONE_r3,6,P4,True,old_1,2.4729485197137193,0.0422283310340888,0.0,True
B0/seed0/stage1/RIM_ONE_r3/pair06,0,1,RIM_ONE_r3,6,P4,True,old_2,8.3316714208046,2.4448021309926293,0.0,True
B0/seed0/stage1/RIM_ONE_r3/pair06,0,1,RIM_ONE_r3,6,P4,True,old_3,7.101129372755749,1.7057089115793587,0.0,True
B0/seed0/stage1/RIM_ONE_r3/pair06,0,1,RIM_ONE_r3,6,P4,True,old_4,21.688304604672425,0.3890391167638523,0.0,True
B0/seed0/stage1/RIM_ONE_r3/pair06,0,1,RIM_ONE_r3,6,P4,True,old_5,12.161600326962489,0.3489945785036561,0.0,True
B0/seed0/stage1/RIM_ONE_r3/pair07,0,1,RIM_ONE_r3,7,P1,False,global_supervised,0.5171500816724204,0.28973153365481574,0.0,True
B0/seed0/stage1/RIM_ONE_r3/pair07,0,1,RIM_ONE_r3,7,P2,False,global_supervised,0.5171500816724204,0.2321890888753407,0.0,True
B0/seed0/stage1/RIM_ONE_r3/pair07,0,1,RIM_ONE_r3,7,P2,False,class_sup_0,0.43648240824056356,0.0420268549459258,0.0,True
B0/seed0/stage1/RIM_ONE_r3/pair07,0,1,RIM_ONE_r3,7,P2,False,class_old_0,1.3065638737400576,-9.280770596475918e-17,0.09365521031485442,True
B0/seed0/stage1/RIM_ONE_r3/pair07,0,1,RIM_ONE_r3,7,P2,False,class_sup_1,6.683849587910785,0.6073799834806635,0.0,True
B0/seed0/stage1/RIM_ONE_r3/pair07,0,1,RIM_ONE_r3,7,P2,False,class_old_1,7.119400362041437,0.3057813436043069,0.0,True
B0/seed0/stage1/RIM_ONE_r3/pair07,0,1,RIM_ONE_r3,7,P2,False,class_sup_2,26.66944565774102,4.996003610813204e-16,0.04032813679782782,True
B0/seed0/stage1/RIM_ONE_r3/pair07,0,1,RIM_ONE_r3,7,P2,False,class_old_2,15.992521037261126,6.702971511174383e-15,0.3033545691667733,True
B0/seed0/stage1/RIM_ONE_r3/pair07,0,1,RIM_ONE_r3,7,P3,False,global_supervised,0.5171500816724204,0.23971431789960265,0.0,True
B0/seed0/stage1/RIM_ONE_r3/pair07,0,1,RIM_ONE_r3,7,P3,False,sup_0,0.19186304027360904,0.026350469336167488,0.0,True
B0/seed0/stage1/RIM_ONE_r3/pair07,0,1,RIM_ONE_r3,7,P3,False,sup_1,0.7006647226587164,0.052161463542764075,0.0,True
B0/seed0/stage1/RIM_ONE_r3/pair07,0,1,RIM_ONE_r3,7,P3,False,sup_2,13.34482567492947,2.224380908503383,0.0,True
B0/seed0/stage1/RIM_ONE_r3/pair07,0,1,RIM_ONE_r3,7,P3,False,sup_3,5.883059472868654,0.15673896543559934,0.0,True
B0/seed0/stage1/RIM_ONE_r3/pair07,0,1,RIM_ONE_r3,7,P3,False,sup_4,33.80882462986104,1.552223539315281,0.0,True
B0/seed0/stage1/RIM_ONE_r3/pair07,0,1,RIM_ONE_r3,7,P3,False,sup_5,22.645049091864557,-2.1649348980190553e-15,0.33914338632089897,True
B0/seed0/stage1/RIM_ONE_r3/pair07,0,1,RIM_ONE_r3,7,P4,True,global_supervised,0.5171500816724204,0.2253641093292267,0.0,True
B0/seed0/stage1/RIM_ONE_r3/pair07,0,1,RIM_ONE_r3,7,P4,True,sup_0,0.19186304027360904,0.027148933182599595,0.0,True
B0/seed0/stage1/RIM_ONE_r3/pair07,0,1,RIM_ONE_r3,7,P4,True,sup_1,0.7006647226587164,0.05317389080375229,0.0,True
B0/seed0/stage1/RIM_ONE_r3/pair07,0,1,RIM_ONE_r3,7,P4,True,sup_2,13.34482567492947,2.229017664043578,0.0,True
B0/seed0/stage1/RIM_ONE_r3/pair07,0,1,RIM_ONE_r3,7,P4,True,sup_3,5.883059472868654,0.142760535558994,0.0,True
B0/seed0/stage1/RIM_ONE_r3/pair07,0,1,RIM_ONE_r3,7,P4,True,sup_4,33.80882462986104,1.2611393711186996,0.0,True
B0/seed0/stage1/RIM_ONE_r3/pair07,0,1,RIM_ONE_r3,7,P4,True,sup_5,22.645049091864557,2.7929047963226594e-16,0.2151224024080397,True
B0/seed0/stage1/RIM_ONE_r3/pair07,0,1,RIM_ONE_r3,7,P4,True,old_0,1.236001949738113,5.377642775528102e-17,0.0361409790808868,True
B0/seed0/stage1/RIM_ONE_r3/pair07,0,1,RIM_ONE_r3,7,P4,True,old_1,2.4729485197137193,-4.414871246360974e-16,0.08341466455701319,True
B0/seed0/stage1/RIM_ONE_r3/pair07,0,1,RIM_ONE_r3,7,P4,True,old_2,8.3316714208046,0.21961141458080274,0.0,True
B0/seed0/stage1/RIM_ONE_r3/pair07,0,1,RIM_ONE_r3,7,P4,True,old_3,7.101129372755749,0.2329015941354495,0.0,True
B0/seed0/stage1/RIM_ONE_r3/pair07,0,1,RIM_ONE_r3,7,P4,True,old_4,21.688304604672425,0.42528351506854345,0.0,True
B0/seed0/stage1/RIM_ONE_r3/pair07,0,1,RIM_ONE_r3,7,P4,True,old_5,12.161600326962489,8.465450562766819e-16,0.1656188277642672,True
B0/seed0/stage2/Drishti_GS/pair00,0,2,Drishti_GS,0,P1,False,global_supervised,0.8595631352442619,1.3099635090037967,0.0,True
B0/seed0/stage2/Drishti_GS/pair00,0,2,Drishti_GS,0,P2,False,global_supervised,0.8595631352442619,0.1899681486365591,0.0,True
B0/seed0/stage2/Drishti_GS/pair00,0,2,Drishti_GS,0,P2,False,class_sup_0,0.7761123763799496,0.16189082652452053,0.0,True
B0/seed0/stage2/Drishti_GS/pair00,0,2,Drishti_GS,0,P2,False,class_old_0,0.8369428229044309,0.1597975304074011,0.0,True
B0/seed0/stage2/Drishti_GS/pair00,0,2,Drishti_GS,0,P2,False,class_sup_1,10.362779815969741,-7.438494264988549e-15,0.9083152710794805,True
B0/seed0/stage2/Drishti_GS/pair00,0,2,Drishti_GS,0,P2,False,class_old_1,30.482429081206146,2.8075244823488084,0.0,True
B0/seed0/stage2/Drishti_GS/pair00,0,2,Drishti_GS,0,P2,False,class_sup_2,18.165305559245542,2.220446049250313e-16,2.311680987759498,True
B0/seed0/stage2/Drishti_GS/pair00,0,2,Drishti_GS,0,P2,False,class_old_2,14.839471995304185,1.5986830511506733,0.0,True
B0/seed0/stage2/Drishti_GS/pair00,0,2,Drishti_GS,0,P3,False,global_supervised,0.8595631352442619,0.12490079069252763,0.0,True
B0/seed0/stage2/Drishti_GS/pair00,0,2,Drishti_GS,0,P3,False,sup_0,0.0034761094125215406,1.748276003132876e-18,0.06838535845015647,True
B0/seed0/stage2/Drishti_GS/pair00,0,2,Drishti_GS,0,P3,False,sup_1,1.652037640751816,0.17266418046119675,0.0,True
B0/seed0/stage2/Drishti_GS/pair00,0,2,Drishti_GS,0,P3,False,sup_2,8.525465299322706,-5.88418203051333e-15,0.5849909742500599,True
B0/seed0/stage2/Drishti_GS/pair00,0,2,Drishti_GS,0,P3,False,sup_3,12.20666866640207,0.3596423710482444,0.0,True
B0/seed0/stage2/Drishti_GS/pair00,0,2,Drishti_GS,0,P3,False,sup_4,13.67425075343827,8.1601392309949e-15,0.9563086027621402,True
B0/seed0/stage2/Drishti_GS/pair00,0,2,Drishti_GS,0,P3,False,sup_5,23.27809788929935,1.8540724511240114e-14,0.8517014352935071,True
B0/seed0/stage2/Drishti_GS/pair00,0,2,Drishti_GS,0,P4,True,global_supervised,0.8595631352442619,0.12490079069252757,0.0,True
B0/seed0/stage2/Drishti_GS/pair00,0,2,Drishti_GS,0,P4,True,sup_0,0.0034761094125215406,1.599198204416119e-18,0.06838535845015614,True
B0/seed0/stage2/Drishti_GS/pair00,0,2,Drishti_GS,0,P4,True,sup_1,1.652037640751816,0.17266418046119686,0.0,True
B0/seed0/stage2/Drishti_GS/pair00,0,2,Drishti_GS,0,P4,True,sup_2,8.525465299322706,-5.2735593669694936e-15,0.5849909742500594,True
B0/seed0/stage2/Drishti_GS/pair00,0,2,Drishti_GS,0,P4,True,sup_3,12.20666866640207,0.359642371048244,0.0,True
B0/seed0/stage2/Drishti_GS/pair00,0,2,Drishti_GS,0,P4,True,sup_4,13.67425075343827,1.1934897514720433e-14,0.9563086027621472,True
B0/seed0/stage2/Drishti_GS/pair00,0,2,Drishti_GS,0,P4,True,sup_5,23.27809788929935,1.3766765505351941e-14,0.8517014352935,True
B0/seed0/stage2/Drishti_GS/pair00,0,2,Drishti_GS,0,P4,True,old_0,0.23388343910338752,0.008812303466890641,0.0,True
B0/seed0/stage2/Drishti_GS/pair00,0,2,Drishti_GS,0,P4,True,old_1,1.7464100600599515,0.1368942851130003,0.0,True
B0/seed0/stage2/Drishti_GS/pair00,0,2,Drishti_GS,0,P4,True,old_2,12.31205094074557,1.4529543535762863,0.0,True
B0/seed0/stage2/Drishti_GS/pair00,0,2,Drishti_GS,0,P4,True,old_3,30.708990328492717,1.363560985752438,0.0,True
B0/seed0/stage2/Drishti_GS/pair00,0,2,Drishti_GS,0,P4,True,old_4,14.82914372619349,0.5018914019744602,0.0,True
B0/seed0/stage2/Drishti_GS/pair01,0,2,Drishti_GS,1,P1,False,global_supervised,0.8748108126218556,0.706314192851477,0.0,True
B0/seed0/stage2/Drishti_GS/pair01,0,2,Drishti_GS,1,P2,False,global_supervised,0.8748108126218556,0.39301704775622454,0.0,True
B0/seed0/stage2/Drishti_GS/pair01,0,2,Drishti_GS,1,P2,False,class_sup_0,0.7761123763799496,5.065392549852277e-16,0.5014254038564694,True
B0/seed0/stage2/Drishti_GS/pair01,0,2,Drishti_GS,1,P2,False,class_old_0,0.8369428229044309,0.01022328206211165,0.0,True
B0/seed0/stage2/Drishti_GS/pair01,0,2,Drishti_GS,1,P2,False,class_sup_1,10.362779815969741,4.440892098500626e-16,0.22059505650266217,True
B0/seed0/stage2/Drishti_GS/pair01,0,2,Drishti_GS,1,P2,False,class_old_1,30.482429081206146,-1.887379141862766e-15,0.11966239129891865,True
B0/seed0/stage2/Drishti_GS/pair01,0,2,Drishti_GS,1,P2,False,class_sup_2,18.165305559245542,1.6808646273522108,0.0,True
B0/seed0/stage2/Drishti_GS/pair01,0,2,Drishti_GS,1,P2,False,class_old_2,14.839471995304185,0.19321778153844177,0.0,True
B0/seed0/stage2/Drishti_GS/pair01,0,2,Drishti_GS,1,P3,False,global_supervised,0.8748108126218556,0.3830490220947352,0.0,True
B0/seed0/stage2/Drishti_GS/pair01,0,2,Drishti_GS,1,P3,False,sup_0,0.0034761094125215406,0.00011000158375064603,0.0,True
B0/seed0/stage2/Drishti_GS/pair01,0,2,Drishti_GS,1,P3,False,sup_1,1.652037640751816,-3.8163916471489756e-17,0.512962876086027,True
B0/seed0/stage2/Drishti_GS/pair01,0,2,Drishti_GS,1,P3,False,sup_2,8.525465299322706,0.4938063576121139,0.0,True
B0/seed0/stage2/Drishti_GS/pair01,0,2,Drishti_GS,1,P3,False,sup_3,12.20666866640207,-1.27675647831893e-15,0.3336171736877311,True
B0/seed0/stage2/Drishti_GS/pair01,0,2,Drishti_GS,1,P3,False,sup_4,13.67425075343827,0.6557821024315346,0.0,True
B0/seed0/stage2/Drishti_GS/pair01,0,2,Drishti_GS,1,P3,False,sup_5,23.27809788929935,2.0543821924541312,0.0,True
B0/seed0/stage2/Drishti_GS/pair01,0,2,Drishti_GS,1,P4,True,global_supervised,0.8748108126218556,0.3684514055341792,0.0,True
B0/seed0/stage2/Drishti_GS/pair01,0,2,Drishti_GS,1,P4,True,sup_0,0.0034761094125215406,6.84365723703946e-05,0.0,True
B0/seed0/stage2/Drishti_GS/pair01,0,2,Drishti_GS,1,P4,True,sup_1,1.652037640751816,4.996003610813204e-16,0.3869299998652359,True
B0/seed0/stage2/Drishti_GS/pair01,0,2,Drishti_GS,1,P4,True,sup_2,8.525465299322706,0.5798330387873134,0.0,True
B0/seed0/stage2/Drishti_GS/pair01,0,2,Drishti_GS,1,P4,True,sup_3,12.20666866640207,-1.4432899320127035e-15,0.2595481260340953,True
B0/seed0/stage2/Drishti_GS/pair01,0,2,Drishti_GS,1,P4,True,sup_4,13.67425075343827,0.7769028347830418,0.0,True
B0/seed0/stage2/Drishti_GS/pair01,0,2,Drishti_GS,1,P4,True,sup_5,23.27809788929935,1.8340634786511196,0.0,True
B0/seed0/stage2/Drishti_GS/pair01,0,2,Drishti_GS,1,P4,True,old_0,0.23388343910338752,0.0021358088026883163,0.0,True
B0/seed0/stage2/Drishti_GS/pair01,0,2,Drishti_GS,1,P4,True,old_1,1.7464100600599515,0.003454779578072137,0.0,True
B0/seed0/stage2/Drishti_GS/pair01,0,2,Drishti_GS,1,P4,True,old_2,12.31205094074557,-1.3877787807814457e-17,0.17447034322928257,True
B0/seed0/stage2/Drishti_GS/pair01,0,2,Drishti_GS,1,P4,True,old_3,30.708990328492717,0.3764488627660888,0.0,True
B0/seed0/stage2/Drishti_GS/pair01,0,2,Drishti_GS,1,P4,True,old_4,14.82914372619349,0.3012732593883134,0.0,True
B0/seed0/stage2/Drishti_GS/pair02,0,2,Drishti_GS,2,P1,False,global_supervised,0.6287798846406476,0.4729179795514685,0.0,True
B0/seed0/stage2/Drishti_GS/pair02,0,2,Drishti_GS,2,P2,False,global_supervised,0.6287798846406476,0.16938447342482196,0.0,True
B0/seed0/stage2/Drishti_GS/pair02,0,2,Drishti_GS,2,P2,False,class_sup_0,0.7761123763799496,0.12576886379000946,0.0,True
B0/seed0/stage2/Drishti_GS/pair02,0,2,Drishti_GS,2,P2,False,class_old_0,0.8369428229044309,0.12858869343777968,0.0,True
B0/seed0/stage2/Drishti_GS/pair02,0,2,Drishti_GS,2,P2,False,class_sup_1,10.362779815969741,-2.55351295663786e-15,1.301686600608702,True
B0/seed0/stage2/Drishti_GS/pair02,0,2,Drishti_GS,2,P2,False,class_old_1,30.482429081206146,2.4308589843835087,0.0,True
B0/seed0/stage2/Drishti_GS/pair02,0,2,Drishti_GS,2,P2,False,class_sup_2,18.165305559245542,-1.559863349598345e-14,1.7469538986555444,True
B0/seed0/stage2/Drishti_GS/pair02,0,2,Drishti_GS,2,P2,False,class_old_2,14.839471995304185,0.6312461652055457,0.0,True
B0/seed0/stage2/Drishti_GS/pair02,0,2,Drishti_GS,2,P3,False,global_supervised,0.6287798846406476,0.09716487063947042,0.0,True
B0/seed0/stage2/Drishti_GS/pair02,0,2,Drishti_GS,2,P3,False,sup_0,0.0034761094125215406,1.2874900798265365e-18,0.07642876107888824,True
B0/seed0/stage2/Drishti_GS/pair02,0,2,Drishti_GS,2,P3,False,sup_1,1.652037640751816,0.0866483953050406,0.0,True
B0/seed0/stage2/Drishti_GS/pair02,0,2,Drishti_GS,2,P3,False,sup_2,8.525465299322706,-5.551115123125783e-16,0.7734203285644622,True
B0/seed0/stage2/Drishti_GS/pair02,0,2,Drishti_GS,2,P3,False,sup_3,12.20666866640207,0.2652244880197799,0.0,True
B0/seed0/stage2/Drishti_GS/pair02,0,2,Drishti_GS,2,P3,False,sup_4,13.67425075343827,4.385380947269368e-15,0.1886608314096389,True
B0/seed0/stage2/Drishti_GS/pair02,0,2,Drishti_GS,2,P3,False,sup_5,23.27809788929935,1.554312234475219e-14,0.778296561128689,True
B0/seed0/stage2/Drishti_GS/pair02,0,2,Drishti_GS,2,P4,True,global_supervised,0.6287798846406476,0.09716487063947042,0.0,True
B0/seed0/stage2/Drishti_GS/pair02,0,2,Drishti_GS,2,P4,True,sup_0,0.0034761094125215406,1.2468324983583301e-18,0.07642876107888824,True
B0/seed0/stage2/Drishti_GS/pair02,0,2,Drishti_GS,2,P4,True,sup_1,1.652037640751816,0.0866483953050406,0.0,True
B0/seed0/stage2/Drishti_GS/pair02,0,2,Drishti_GS,2,P4,True,sup_2,8.525465299322706,-4.996003610813204e-16,0.7734203285644622,True
B0/seed0/stage2/Drishti_GS/pair02,0,2,Drishti_GS,2,P4,True,sup_3,12.20666866640207,0.26522448801978005,0.0,True
B0/seed0/stage2/Drishti_GS/pair02,0,2,Drishti_GS,2,P4,True,sup_4,13.67425075343827,4.385380947269368e-15,0.1886608314096389,True
B0/seed0/stage2/Drishti_GS/pair02,0,2,Drishti_GS,2,P4,True,sup_5,23.27809788929935,1.5432100042289676e-14,0.778296561128689,True
B0/seed0/stage2/Drishti_GS/pair02,0,2,Drishti_GS,2,P4,True,old_0,0.23388343910338752,0.006300470103982998,0.0,True
B0/seed0/stage2/Drishti_GS/pair02,0,2,Drishti_GS,2,P4,True,old_1,1.7464100600599515,0.07105399378834101,0.0,True
B0/seed0/stage2/Drishti_GS/pair02,0,2,Drishti_GS,2,P4,True,old_2,12.31205094074557,0.6991658476567695,0.0,True
B0/seed0/stage2/Drishti_GS/pair02,0,2,Drishti_GS,2,P4,True,old_3,30.708990328492717,0.8345822993068412,0.0,True
B0/seed0/stage2/Drishti_GS/pair02,0,2,Drishti_GS,2,P4,True,old_4,14.82914372619349,0.06482559839926744,0.0,True
B0/seed0/stage2/Drishti_GS/pair03,0,2,Drishti_GS,3,P1,False,global_supervised,0.7707530024761349,0.4453142476266574,0.0,True
B0/seed0/stage2/Drishti_GS/pair03,0,2,Drishti_GS,3,P2,False,global_supervised,0.7707530024761349,0.22865392942212803,0.0,True
B0/seed0/stage2/Drishti_GS/pair03,0,2,Drishti_GS,3,P2,False,class_sup_0,0.7761123763799496,0.1754655888544704,0.0,True
B0/seed0/stage2/Drishti_GS/pair03,0,2,Drishti_GS,3,P2,False,class_old_0,0.8369428229044309,0.1795522966848748,0.0,True
B0/seed0/stage2/Drishti_GS/pair03,0,2,Drishti_GS,3,P2,False,class_sup_1,10.362779815969741,-3.885780586188048e-16,0.7616593553578231,True
B0/seed0/stage2/Drishti_GS/pair03,0,2,Drishti_GS,3,P2,False,class_old_1,30.482429081206146,2.9263366578115546,0.0,True
B0/seed0/stage2/Drishti_GS/pair03,0,2,Drishti_GS,3,P2,False,class_sup_2,18.165305559245542,-4.107825191113079e-15,0.4539398126600409,True
B0/seed0/stage2/Drishti_GS/pair03,0,2,Drishti_GS,3,P2,False,class_old_2,14.839471995304185,2.205864910362109,0.0,True
B0/seed0/stage2/Drishti_GS/pair03,0,2,Drishti_GS,3,P3,False,global_supervised,0.7707530024761349,0.17687507390427856,0.0,True
B0/seed0/stage2/Drishti_GS/pair03,0,2,Drishti_GS,3,P3,False,sup_0,0.0034761094125215406,1.81603863891322e-18,0.06446512552790346,True
B0/seed0/stage2/Drishti_GS/pair03,0,2,Drishti_GS,3,P3,False,sup_1,1.652037640751816,0.1891174701649921,0.0,True
B0/seed0/stage2/Drishti_GS/pair03,0,2,Drishti_GS,3,P3,False,sup_2,8.525465299322706,-2.6645352591003757e-15,0.5309266798327237,True
B0/seed0/stage2/Drishti_GS/pair03,0,2,Drishti_GS,3,P3,False,sup_3,12.20666866640207,0.23615729098190247,0.0,True
B0/seed0/stage2/Drishti_GS/pair03,0,2,Drishti_GS,3,P3,False,sup_4,13.67425075343827,5.551115123125783e-16,0.05050061280065524,True
B0/seed0/stage2/Drishti_GS/pair03,0,2,Drishti_GS,3,P3,False,sup_5,23.27809788929935,0.6079978742177139,0.0,True
B0/seed0/stage2/Drishti_GS/pair03,0,2,Drishti_GS,3,P4,True,global_supervised,0.7707530024761349,0.17687507390427856,0.0,True
B0/seed0/stage2/Drishti_GS/pair03,0,2,Drishti_GS,3,P4,True,sup_0,0.0034761094125215406,1.7889335846010823e-18,0.06446512552790351,True
B0/seed0/stage2/Drishti_GS/pair03,0,2,Drishti_GS,3,P4,True,sup_1,1.652037640751816,0.18911747016499203,0.0,True
B0/seed0/stage2/Drishti_GS/pair03,0,2,Drishti_GS,3,P4,True,sup_2,8.525465299322706,-2.6367796834847468e-15,0.5309266798327238,True
B0/seed0/stage2/Drishti_GS/pair03,0,2,Drishti_GS,3,P4,True,sup_3,12.20666866640207,0.23615729098190427,0.0,True
B0/seed0/stage2/Drishti_GS/pair03,0,2,Drishti_GS,3,P4,True,sup_4,13.67425075343827,1.8041124150158794e-15,0.05050061280065535,True
B0/seed0/stage2/Drishti_GS/pair03,0,2,Drishti_GS,3,P4,True,sup_5,23.27809788929935,0.6079978742177152,0.0,True
B0/seed0/stage2/Drishti_GS/pair03,0,2,Drishti_GS,3,P4,True,old_0,0.23388343910338752,0.004404168067769882,0.0,True
B0/seed0/stage2/Drishti_GS/pair03,0,2,Drishti_GS,3,P4,True,old_1,1.7464100600599515,0.17577916160934667,0.0,True
B0/seed0/stage2/Drishti_GS/pair03,0,2,Drishti_GS,3,P4,True,old_2,12.31205094074557,0.3627299888352602,0.0,True
B0/seed0/stage2/Drishti_GS/pair03,0,2,Drishti_GS,3,P4,True,old_3,30.708990328492717,1.2397105826129564,0.0,True
B0/seed0/stage2/Drishti_GS/pair03,0,2,Drishti_GS,3,P4,True,old_4,14.82914372619349,1.3016520416383828,0.0,True
B0/seed0/stage2/Drishti_GS/pair04,0,2,Drishti_GS,4,P1,False,global_supervised,2.1330490678652154,3.8006588610030065,0.0,True
B0/seed0/stage2/Drishti_GS/pair04,0,2,Drishti_GS,4,P2,False,global_supervised,2.1330490678652154,0.8895144136342042,0.0,True
B0/seed0/stage2/Drishti_GS/pair04,0,2,Drishti_GS,4,P2,False,class_sup_0,0.7761123763799496,0.15839765791934196,0.0,True
B0/seed0/stage2/Drishti_GS/pair04,0,2,Drishti_GS,4,P2,False,class_old_0,0.8369428229044309,0.07835764371616888,0.0,True
B0/seed0/stage2/Drishti_GS/pair04,0,2,Drishti_GS,4,P2,False,class_sup_1,10.362779815969741,5.9396931817445875e-15,1.5362555986494726,True
B0/seed0/stage2/Drishti_GS/pair04,0,2,Drishti_GS,4,P2,False,class_old_1,30.482429081206146,2.04021956378502,0.0,True
B0/seed0/stage2/Drishti_GS/pair04,0,2,Drishti_GS,4,P2,False,class_sup_2,18.165305559245542,0.6744345404045841,0.0,True
B0/seed0/stage2/Drishti_GS/pair04,0,2,Drishti_GS,4,P2,False,class_old_2,14.839471995304185,0.20259559041936454,0.0,True
B0/seed0/stage2/Drishti_GS/pair04,0,2,Drishti_GS,4,P3,False,global_supervised,2.1330490678652154,0.6548757544757839,0.0,True
B0/seed0/stage2/Drishti_GS/pair04,0,2,Drishti_GS,4,P3,False,sup_0,0.0034761094125215406,5.4921616299968834e-18,0.7748797948342738,True
B0/seed0/stage2/Drishti_GS/pair04,0,2,Drishti_GS,4,P3,False,sup_1,1.652037640751816,0.3079153467042832,0.0,True
B0/seed0/stage2/Drishti_GS/pair04,0,2,Drishti_GS,4,P3,False,sup_2,8.525465299322706,3.858025010572419e-15,1.1647171888438272,True
B0/seed0/stage2/Drishti_GS/pair04,0,2,Drishti_GS,4,P3,False,sup_3,12.20666866640207,-3.219646771412954e-15,0.8342804364373186,True
B0/seed0/stage2/Drishti_GS/pair04,0,2,Drishti_GS,4,P3,False,sup_4,13.67425075343827,0.3065581105218647,0.0,True
B0/seed0/stage2/Drishti_GS/pair04,0,2,Drishti_GS,4,P3,False,sup_5,23.27809788929935,0.779794858501971,0.0,True
B0/seed0/stage2/Drishti_GS/pair04,0,2,Drishti_GS,4,P4,True,global_supervised,2.1330490678652154,0.6549091000605429,0.0,True
B0/seed0/stage2/Drishti_GS/pair04,0,2,Drishti_GS,4,P4,True,sup_0,0.0034761094125215406,6.129130406332117e-18,0.7779583775838732,True
B0/seed0/stage2/Drishti_GS/pair04,0,2,Drishti_GS,4,P4,True,sup_1,1.652037640751816,0.30811729724247333,0.0,True
B0/seed0/stage2/Drishti_GS/pair04,0,2,Drishti_GS,4,P4,True,sup_2,8.525465299322706,3.524958103184872e-15,1.1686035612016434,True
B0/seed0/stage2/Drishti_GS/pair04,0,2,Drishti_GS,4,P4,True,sup_3,12.20666866640207,1.7208456881689926e-15,0.8338201229997051,True
B0/seed0/stage2/Drishti_GS/pair04,0,2,Drishti_GS,4,P4,True,sup_4,13.67425075343827,0.306808884039336,0.0,True
B0/seed0/stage2/Drishti_GS/pair04,0,2,Drishti_GS,4,P4,True,sup_5,23.27809788929935,0.7843573302849602,0.0,True
B0/seed0/stage2/Drishti_GS/pair04,0,2,Drishti_GS,4,P4,True,old_0,0.23388343910338752,-5.117434254131581e-17,0.021643299606421473,True
B0/seed0/stage2/Drishti_GS/pair04,0,2,Drishti_GS,4,P4,True,old_1,1.7464100600599515,0.22499040130434744,0.0,True
B0/seed0/stage2/Drishti_GS/pair04,0,2,Drishti_GS,4,P4,True,old_2,12.31205094074557,2.7595547579424906,0.0,True
B0/seed0/stage2/Drishti_GS/pair04,0,2,Drishti_GS,4,P4,True,old_3,30.708990328492717,2.5147262688035674,0.0,True
B0/seed0/stage2/Drishti_GS/pair04,0,2,Drishti_GS,4,P4,True,old_4,14.82914372619349,0.24355801841124303,0.0,True
B0/seed0/stage2/Drishti_GS/pair05,0,2,Drishti_GS,5,P1,False,global_supervised,0.7372553084912133,0.31627875288397156,0.0,True
B0/seed0/stage2/Drishti_GS/pair05,0,2,Drishti_GS,5,P2,False,global_supervised,0.7372553084912133,0.149750982359364,0.0,True
B0/seed0/stage2/Drishti_GS/pair05,0,2,Drishti_GS,5,P2,False,class_sup_0,0.7761123763799496,0.1136731807036433,0.0,True
B0/seed0/stage2/Drishti_GS/pair05,0,2,Drishti_GS,5,P2,False,class_old_0,0.8369428229044309,0.11927379670761885,0.0,True
B0/seed0/stage2/Drishti_GS/pair05,0,2,Drishti_GS,5,P2,False,class_sup_1,10.362779815969741,-4.343747583845925e-15,1.4253383280091572,True
B0/seed0/stage2/Drishti_GS/pair05,0,2,Drishti_GS,5,P2,False,class_old_1,30.482429081206146,1.5126648245457672,0.0,True
B0/seed0/stage2/Drishti_GS/pair05,0,2,Drishti_GS,5,P2,False,class_sup_2,18.165305559245542,-1.0408340855860843e-14,1.764132534096427,True
B0/seed0/stage2/Drishti_GS/pair05,0,2,Drishti_GS,5,P2,False,class_old_2,14.839471995304185,0.7200963745610729,0.0,True
B0/seed0/stage2/Drishti_GS/pair05,0,2,Drishti_GS,5,P3,False,global_supervised,0.7372553084912133,0.09579161207638115,0.0,True
B0/seed0/stage2/Drishti_GS/pair05,0,2,Drishti_GS,5,P3,False,sup_0,0.0034761094125215406,1.4907779871675686e-18,0.06148835157741356,True
B0/seed0/stage2/Drishti_GS/pair05,0,2,Drishti_GS,5,P3,False,sup_1,1.652037640751816,0.08260438146271168,0.0,True
B0/seed0/stage2/Drishti_GS/pair05,0,2,Drishti_GS,5,P3,False,sup_2,8.525465299322706,-4.3576253716537394e-15,0.7958292850314902,True
B0/seed0/stage2/Drishti_GS/pair05,0,2,Drishti_GS,5,P3,False,sup_3,12.20666866640207,0.14317902826717335,0.0,True
B0/seed0/stage2/Drishti_GS/pair05,0,2,Drishti_GS,5,P3,False,sup_4,13.67425075343827,9.298117831235686e-15,0.38850817462500253,True
B0/seed0/stage2/Drishti_GS/pair05,0,2,Drishti_GS,5,P3,False,sup_5,23.27809788929935,1.4377388168895777e-14,0.49581915527640286,True
B0/seed0/stage2/Drishti_GS/pair05,0,2,Drishti_GS,5,P4,True,global_supervised,0.7372553084912133,0.09513133308154235,0.0,True
B0/seed0/stage2/Drishti_GS/pair05,0,2,Drishti_GS,5,P4,True,sup_0,0.0034761094125215406,1.1248597539537109e-18,0.05701531058930093,True
B0/seed0/stage2/Drishti_GS/pair05,0,2,Drishti_GS,5,P4,True,sup_1,1.652037640751816,0.08657032089771492,0.0,True
B0/seed0/stage2/Drishti_GS/pair05,0,2,Drishti_GS,5,P4,True,sup_2,8.525465299322706,-3.0531133177191805e-16,0.8039446219592538,True
B0/seed0/stage2/Drishti_GS/pair05,0,2,Drishti_GS,5,P4,True,sup_3,12.20666866640207,0.15397448994205004,0.0,True
B0/seed0/stage2/Drishti_GS/pair05,0,2,Drishti_GS,5,P4,True,sup_4,13.67425075343827,-5.6066262743570405e-15,0.46350625145567836,True
B0/seed0/stage2/Drishti_GS/pair05,0,2,Drishti_GS,5,P4,True,sup_5,23.27809788929935,2.609024107869118e-14,0.4694649452352492,True
B0/seed0/stage2/Drishti_GS/pair05,0,2,Drishti_GS,5,P4,True,old_0,0.23388343910338752,0.011699510611087472,0.0,True
B0/seed0/stage2/Drishti_GS/pair05,0,2,Drishti_GS,5,P4,True,old_1,1.7464100600599515,0.06243632436231575,0.0,True
B0/seed0/stage2/Drishti_GS/pair05,0,2,Drishti_GS,5,P4,True,old_2,12.31205094074557,0.7750961144581671,0.0,True
B0/seed0/stage2/Drishti_GS/pair05,0,2,Drishti_GS,5,P4,True,old_3,30.708990328492717,-5.329070518200751e-15,0.0027949182194020594,True
B0/seed0/stage2/Drishti_GS/pair05,0,2,Drishti_GS,5,P4,True,old_4,14.82914372619349,-5.162537064506978e-15,0.05283076480677408,True
B0/seed0/stage2/Drishti_GS/pair06,0,2,Drishti_GS,6,P1,False,global_supervised,2.145619582275085,2.684243484306686,0.0,True
B0/seed0/stage2/Drishti_GS/pair06,0,2,Drishti_GS,6,P2,False,global_supervised,2.145619582275085,0.4003525290017821,0.0,True
B0/seed0/stage2/Drishti_GS/pair06,0,2,Drishti_GS,6,P2,False,class_sup_0,0.7761123763799496,0.03628909974068027,0.0,True
B0/seed0/stage2/Drishti_GS/pair06,0,2,Drishti_GS,6,P2,False,class_old_0,0.8369428229044309,-1.3877787807814457e-17,0.32059054286147154,True
B0/seed0/stage2/Drishti_GS/pair06,0,2,Drishti_GS,6,P2,False,class_sup_1,10.362779815969741,-4.551914400963142e-15,0.9555389404375761,True
B0/seed0/stage2/Drishti_GS/pair06,0,2,Drishti_GS,6,P2,False,class_old_1,30.482429081206146,-5.773159728050814e-15,0.2813441440538499,True
B0/seed0/stage2/Drishti_GS/pair06,0,2,Drishti_GS,6,P2,False,class_sup_2,18.165305559245542,1.114150787781844,0.0,True
B0/seed0/stage2/Drishti_GS/pair06,0,2,Drishti_GS,6,P2,False,class_old_2,14.839471995304185,0.6807275501700447,0.0,True
B0/seed0/stage2/Drishti_GS/pair06,0,2,Drishti_GS,6,P3,False,global_supervised,2.145619582275085,0.30117442246754444,0.0,True
B0/seed0/stage2/Drishti_GS/pair06,0,2,Drishti_GS,6,P3,False,sup_0,0.0034761094125215406,5.204170427930421e-18,0.448867872582493,True
B0/seed0/stage2/Drishti_GS/pair06,0,2,Drishti_GS,6,P3,False,sup_1,1.652037640751816,0.014062155339211912,0.0,True
B0/seed0/stage2/Drishti_GS/pair06,0,2,Drishti_GS,6,P3,False,sup_2,8.525465299322706,-6.106226635438361e-16,0.10463277786279274,True
B0/seed0/stage2/Drishti_GS/pair06,0,2,Drishti_GS,6,P3,False,sup_3,12.20666866640207,1.0269562977782698e-14,1.1663270220839748,True
B0/seed0/stage2/Drishti_GS/pair06,0,2,Drishti_GS,6,P3,False,sup_4,13.67425075343827,-1.354472090042691e-14,0.07731486955471431,True
B0/seed0/stage2/Drishti_GS/pair06,0,2,Drishti_GS,6,P3,False,sup_5,23.27809788929935,1.7467062116472643,0.0,True
B0/seed0/stage2/Drishti_GS/pair06,0,2,Drishti_GS,6,P4,True,global_supervised,2.145619582275085,0.29573540983854496,0.0,True
B0/seed0/stage2/Drishti_GS/pair06,0,2,Drishti_GS,6,P4,True,sup_0,0.0034761094125215406,3.516880796999855e-18,0.44358723757649604,True
B0/seed0/stage2/Drishti_GS/pair06,0,2,Drishti_GS,6,P4,True,sup_1,1.652037640751816,0.04469977426789678,0.0,True
B0/seed0/stage2/Drishti_GS/pair06,0,2,Drishti_GS,6,P4,True,sup_2,8.525465299322706,1.9984014443252818e-15,0.3035046891649863,True
B0/seed0/stage2/Drishti_GS/pair06,0,2,Drishti_GS,6,P4,True,sup_3,12.20666866640207,-2.3314683517128287e-15,0.8367251838090662,True
B0/seed0/stage2/Drishti_GS/pair06,0,2,Drishti_GS,6,P4,True,sup_4,13.67425075343827,-8.881784197001252e-16,0.018233252116033827,True
B0/seed0/stage2/Drishti_GS/pair06,0,2,Drishti_GS,6,P4,True,sup_5,23.27809788929935,1.7236923184215849,0.0,True
B0/seed0/stage2/Drishti_GS/pair06,0,2,Drishti_GS,6,P4,True,old_0,0.23388343910338752,0.0075359588933780405,0.0,True
B0/seed0/stage2/Drishti_GS/pair06,0,2,Drishti_GS,6,P4,True,old_1,1.7464100600599515,-1.457167719820518e-16,0.07753073067927321,True
B0/seed0/stage2/Drishti_GS/pair06,0,2,Drishti_GS,6,P4,True,old_2,12.31205094074557,0.1657259710578021,0.0,True
B0/seed0/stage2/Drishti_GS/pair06,0,2,Drishti_GS,6,P4,True,old_3,30.708990328492717,-3.064215547965432e-14,0.19162189337782642,True
B0/seed0/stage2/Drishti_GS/pair06,0,2,Drishti_GS,6,P4,True,old_4,14.82914372619349,0.9024990569589824,0.0,True
B0/seed0/stage2/Drishti_GS/pair07,0,2,Drishti_GS,7,P1,False,global_supervised,1.203759221812892,1.560112775464694,0.0,True
B0/seed0/stage2/Drishti_GS/pair07,0,2,Drishti_GS,7,P2,False,global_supervised,1.203759221812892,0.8574357665837233,0.0,True
B0/seed0/stage2/Drishti_GS/pair07,0,2,Drishti_GS,7,P2,False,class_sup_0,0.7761123763799496,0.3487815150318944,0.0,True
B0/seed0/stage2/Drishti_GS/pair07,0,2,Drishti_GS,7,P2,False,class_old_0,0.8369428229044309,0.3473983494586062,0.0,True
B0/seed0/stage2/Drishti_GS/pair07,0,2,Drishti_GS,7,P2,False,class_sup_1,10.362779815969741,-5.828670879282072e-15,2.0731607077032073,True
B0/seed0/stage2/Drishti_GS/pair07,0,2,Drishti_GS,7,P2,False,class_old_1,30.482429081206146,8.56494028061051,0.0,True
B0/seed0/stage2/Drishti_GS/pair07,0,2,Drishti_GS,7,P2,False,class_sup_2,18.165305559245542,-1.0103029524088925e-14,2.5433560638568036,True
B0/seed0/stage2/Drishti_GS/pair07,0,2,Drishti_GS,7,P2,False,class_old_2,14.839471995304185,1.976382774809371,0.0,True
B0/seed0/stage2/Drishti_GS/pair07,0,2,Drishti_GS,7,P3,False,global_supervised,1.203759221812892,0.6242344678406813,0.0,True
B0/seed0/stage2/Drishti_GS/pair07,0,2,Drishti_GS,7,P3,False,sup_0,0.0034761094125215406,3.482999479109683e-18,0.19000352815850174,True
B0/seed0/stage2/Drishti_GS/pair07,0,2,Drishti_GS,7,P3,False,sup_1,1.652037640751816,0.43274911911963887,0.0,True
B0/seed0/stage2/Drishti_GS/pair07,0,2,Drishti_GS,7,P3,False,sup_2,8.525465299322706,-2.4424906541753444e-15,1.3050287105009397,True
B0/seed0/stage2/Drishti_GS/pair07,0,2,Drishti_GS,7,P3,False,sup_3,12.20666866640207,0.501415708884915,0.0,True
B0/seed0/stage2/Drishti_GS/pair07,0,2,Drishti_GS,7,P3,False,sup_4,13.67425075343827,1.2323475573339238e-14,0.42197590651114725,True
B0/seed0/stage2/Drishti_GS/pair07,0,2,Drishti_GS,7,P3,False,sup_5,23.27809788929935,1.887379141862766e-14,0.9173190141735161,True
B0/seed0/stage2/Drishti_GS/pair07,0,2,Drishti_GS,7,P4,True,global_supervised,1.203759221812892,0.6241275269269617,0.0,True
B0/seed0/stage2/Drishti_GS/pair07,0,2,Drishti_GS,7,P4,True,sup_0,0.0034761094125215406,3.90990408452585e-18,0.19094499352464478,True
B0/seed0/stage2/Drishti_GS/pair07,0,2,Drishti_GS,7,P4,True,sup_1,1.652037640751816,0.4328938385982777,0.0,True
B0/seed0/stage2/Drishti_GS/pair07,0,2,Drishti_GS,7,P4,True,sup_2,8.525465299322706,8.743006318923108e-15,1.3061533492595179,True
B0/seed0/stage2/Drishti_GS/pair07,0,2,Drishti_GS,7,P4,True,sup_3,12.20666866640207,0.5017757977364505,0.0,True
B0/seed0/stage2/Drishti_GS/pair07,0,2,Drishti_GS,7,P4,True,sup_4,13.67425075343827,1.1102230246251565e-14,0.4226849080151764,True
B0/seed0/stage2/Drishti_GS/pair07,0,2,Drishti_GS,7,P4,True,sup_5,23.27809788929935,2.9753977059954195e-14,0.9166288530865668,True
B0/seed0/stage2/Drishti_GS/pair07,0,2,Drishti_GS,7,P4,True,old_0,0.23388343910338752,-1.474514954580286e-17,0.007281247737109607,True
B0/seed0/stage2/Drishti_GS/pair07,0,2,Drishti_GS,7,P4,True,old_1,1.7464100600599515,0.40985201563133666,0.0,True
B0/seed0/stage2/Drishti_GS/pair07,0,2,Drishti_GS,7,P4,True,old_2,12.31205094074557,2.379559754515054,0.0,True
B0/seed0/stage2/Drishti_GS/pair07,0,2,Drishti_GS,7,P4,True,old_3,30.708990328492717,5.94753406769915,0.0,True
B0/seed0/stage2/Drishti_GS/pair07,0,2,Drishti_GS,7,P4,True,old_4,14.82914372619349,0.7310043449725709,0.0,True
B0/seed1/stage1/RIM_ONE_r3/pair00,1,1,RIM_ONE_r3,0,P1,False,global_supervised,5.48845313452681,29.987955498740575,0.0,True
B0/seed1/stage1/RIM_ONE_r3/pair00,1,1,RIM_ONE_r3,0,P2,False,global_supervised,5.48845313452681,21.52727261564329,0.0,True
B0/seed1/stage1/RIM_ONE_r3/pair00,1,1,RIM_ONE_r3,0,P2,False,class_sup_0,3.1770035798028675,9.902414128432472,0.0,True
B0/seed1/stage1/RIM_ONE_r3/pair00,1,1,RIM_ONE_r3,0,P2,False,class_old_0,1.5098464060118133,2.348528759395025,0.0,True
B0/seed1/stage1/RIM_ONE_r3/pair00,1,1,RIM_ONE_r3,0,P2,False,class_sup_1,17.9821656437599,5.728750807065808e-14,6.485203850765842,True
B0/seed1/stage1/RIM_ONE_r3/pair00,1,1,RIM_ONE_r3,0,P2,False,class_old_1,10.43115223975515,19.102199355305345,0.0,True
B0/seed1/stage1/RIM_ONE_r3/pair00,1,1,RIM_ONE_r3,0,P2,False,class_sup_2,36.57016831895018,8.637535131583718e-14,4.671713892909366,True
B0/seed1/stage1/RIM_ONE_r3/pair00,1,1,RIM_ONE_r3,0,P2,False,class_old_2,23.487443246102018,39.370480016522805,0.0,True
B0/seed1/stage1/RIM_ONE_r3/pair00,1,1,RIM_ONE_r3,0,P3,False,global_supervised,5.48845313452681,15.221824039753011,0.0,True
B0/seed1/stage1/RIM_ONE_r3/pair00,1,1,RIM_ONE_r3,0,P3,False,sup_0,5.741224369276624,14.981607119347508,0.0,True
B0/seed1/stage1/RIM_ONE_r3/pair00,1,1,RIM_ONE_r3,0,P3,False,sup_1,1.2210067023441686,2.942723850401065,0.0,True
B0/seed1/stage1/RIM_ONE_r3/pair00,1,1,RIM_ONE_r3,0,P3,False,sup_2,21.694243673161736,4.4853010194856324e-14,1.0301865266326837,True
B0/seed1/stage1/RIM_ONE_r3/pair00,1,1,RIM_ONE_r3,0,P3,False,sup_3,11.97151604661046,6.23945339839338e-14,8.482976606254454,True
B0/seed1/stage1/RIM_ONE_r3/pair00,1,1,RIM_ONE_r3,0,P3,False,sup_4,35.17380282887444,2.0607446064301365,0.0,True
B0/seed1/stage1/RIM_ONE_r3/pair00,1,1,RIM_ONE_r3,0,P3,False,sup_5,54.93898491364656,-1.234568003383174e-13,8.372216502718063,True
B0/seed1/stage1/RIM_ONE_r3/pair00,1,1,RIM_ONE_r3,0,P4,True,global_supervised,5.48845313452681,15.221824039753011,0.0,True
B0/seed1/stage1/RIM_ONE_r3/pair00,1,1,RIM_ONE_r3,0,P4,True,sup_0,5.741224369276624,14.98160711934751,0.0,True
B0/seed1/stage1/RIM_ONE_r3/pair00,1,1,RIM_ONE_r3,0,P4,True,sup_1,1.2210067023441686,2.942723850401066,0.0,True
B0/seed1/stage1/RIM_ONE_r3/pair00,1,1,RIM_ONE_r3,0,P4,True,sup_2,21.694243673161736,9.281464485866309e-14,1.0301865266326886,True
B0/seed1/stage1/RIM_ONE_r3/pair00,1,1,RIM_ONE_r3,0,P4,True,sup_3,11.97151604661046,9.015010959956271e-14,8.482976606254445,True
B0/seed1/stage1/RIM_ONE_r3/pair00,1,1,RIM_ONE_r3,0,P4,True,sup_4,35.17380282887444,2.060744606430079,0.0,True
B0/seed1/stage1/RIM_ONE_r3/pair00,1,1,RIM_ONE_r3,0,P4,True,sup_5,54.93898491364656,-2.5934809855243657e-13,8.372216502718056,True
B0/seed1/stage1/RIM_ONE_r3/pair00,1,1,RIM_ONE_r3,0,P4,True,old_0,1.7613987679606165,3.6902835522464814,0.0,True
B0/seed1/stage1/RIM_ONE_r3/pair00,1,1,RIM_ONE_r3,0,P4,True,old_1,1.9185646780847994,0.7978552596336929,0.0,True
B0/seed1/stage1/RIM_ONE_r3/pair00,1,1,RIM_ONE_r3,0,P4,True,old_2,13.253645140813692,18.07418266095899,0.0,True
B0/seed1/stage1/RIM_ONE_r3/pair00,1,1,RIM_ONE_r3,0,P4,True,old_3,9.330422192363315,7.770912689659262,0.0,True
B0/seed1/stage1/RIM_ONE_r3/pair00,1,1,RIM_ONE_r3,0,P4,True,old_4,23.816029461468016,14.163751075858269,0.0,True
B0/seed1/stage1/RIM_ONE_r3/pair00,1,1,RIM_ONE_r3,0,P4,True,old_5,22.115923784961012,21.779201960203654,0.0,True
B0/seed1/stage1/RIM_ONE_r3/pair01,1,1,RIM_ONE_r3,1,P1,False,global_supervised,4.3944130925769915,19.020433264404492,0.0,True
B0/seed1/stage1/RIM_ONE_r3/pair01,1,1,RIM_ONE_r3,1,P2,False,global_supervised,4.3944130925769915,13.196175781450213,0.0,True
B0/seed1/stage1/RIM_ONE_r3/pair01,1,1,RIM_ONE_r3,1,P2,False,class_sup_0,3.1770035798028675,8.554528191358544,0.0,True
B0/seed1/stage1/RIM_ONE_r3/pair01,1,1,RIM_ONE_r3,1,P2,False,class_old_0,1.5098464060118133,2.203306935571499,0.0,True
B0/seed1/stage1/RIM_ONE_r3/pair01,1,1,RIM_ONE_r3,1,P2,False,class_sup_1,17.9821656437599,4.4853010194856324e-14,5.635818746820847,True
B0/seed1/stage1/RIM_ONE_r3/pair01,1,1,RIM_ONE_r3,1,P2,False,class_old_1,10.43115223975515,14.774109058229094,0.0,True
B0/seed1/stage1/RIM_ONE_r3/pair01,1,1,RIM_ONE_r3,1,P2,False,class_sup_2,36.57016831895018,2.930988785010413e-14,6.096868858054691,True
B0/seed1/stage1/RIM_ONE_r3/pair01,1,1,RIM_ONE_r3,1,P2,False,class_old_2,23.487443246102018,19.992159376885034,0.0,True
B0/seed1/stage1/RIM_ONE_r3/pair01,1,1,RIM_ONE_r3,1,P3,False,global_supervised,4.3944130925769915,11.715137519384648,0.0,True
B0/seed1/stage1/RIM_ONE_r3/pair01,1,1,RIM_ONE_r3,1,P3,False,sup_0,5.741224369276624,13.844591939869622,0.0,True
B0/seed1/stage1/RIM_ONE_r3/pair01,1,1,RIM_ONE_r3,1,P3,False,sup_1,1.2210067023441686,2.7640478981198604,0.0,True
B0/seed1/stage1/RIM_ONE_r3/pair01,1,1,RIM_ONE_r3,1,P3,False,sup_2,21.694243673161736,1.1257661469699087e-13,0.4239974636681789,True
B0/seed1/stage1/RIM_ONE_r3/pair01,1,1,RIM_ONE_r3,1,P3,False,sup_3,11.97151604661046,-1.5765166949677223e-14,6.783692189222181,True
B0/seed1/stage1/RIM_ONE_r3/pair01,1,1,RIM_ONE_r3,1,P3,False,sup_4,35.17380282887444,-2.4424906541753444e-14,2.2673570262171916,True
B0/seed1/stage1/RIM_ONE_r3/pair01,1,1,RIM_ONE_r3,1,P3,False,sup_5,54.93898491364656,-9.103828801926284e-14,5.9765833741220735,True
B0/seed1/stage1/RIM_ONE_r3/pair01,1,1,RIM_ONE_r3,1,P4,True,global_supervised,4.3944130925769915,11.715137519384644,0.0,True
B0/seed1/stage1/RIM_ONE_r3/pair01,1,1,RIM_ONE_r3,1,P4,True,sup_0,5.741224369276624,13.844591939869616,0.0,True
B0/seed1/stage1/RIM_ONE_r3/pair01,1,1,RIM_ONE_r3,1,P4,True,sup_1,1.2210067023441686,2.764047898119859,0.0,True
B0/seed1/stage1/RIM_ONE_r3/pair01,1,1,RIM_ONE_r3,1,P4,True,sup_2,21.694243673161736,1.3433698597964394e-13,0.42399746366818025,True
B0/seed1/stage1/RIM_ONE_r3/pair01,1,1,RIM_ONE_r3,1,P4,True,sup_3,11.97151604661046,8.881784197001252e-16,6.783692189222183,True
B0/seed1/stage1/RIM_ONE_r3/pair01,1,1,RIM_ONE_r3,1,P4,True,sup_4,35.17380282887444,-3.2862601528904634e-14,2.267357026217194,True
B0/seed1/stage1/RIM_ONE_r3/pair01,1,1,RIM_ONE_r3,1,P4,True,sup_5,54.93898491364656,-1.638689184346731e-13,5.9765833741220735,True
B0/seed1/stage1/RIM_ONE_r3/pair01,1,1,RIM_ONE_r3,1,P4,True,old_0,1.7613987679606165,3.5335217948819793,0.0,True
B0/seed1/stage1/RIM_ONE_r3/pair01,1,1,RIM_ONE_r3,1,P4,True,old_1,1.9185646780847994,0.868803005074495,0.0,True
B0/seed1/stage1/RIM_ONE_r3/pair01,1,1,RIM_ONE_r3,1,P4,True,old_2,13.253645140813692,17.605403477039268,0.0,True
B0/seed1/stage1/RIM_ONE_r3/pair01,1,1,RIM_ONE_r3,1,P4,True,old_3,9.330422192363315,6.5300829675727465,0.0,True
B0/seed1/stage1/RIM_ONE_r3/pair01,1,1,RIM_ONE_r3,1,P4,True,old_4,23.816029461468016,12.687593461699503,0.0,True
B0/seed1/stage1/RIM_ONE_r3/pair01,1,1,RIM_ONE_r3,1,P4,True,old_5,22.115923784961012,18.19938122052714,0.0,True
B0/seed1/stage1/RIM_ONE_r3/pair02,1,1,RIM_ONE_r3,2,P1,False,global_supervised,2.3158585052987064,5.48667107195959,0.0,True
B0/seed1/stage1/RIM_ONE_r3/pair02,1,1,RIM_ONE_r3,2,P2,False,global_supervised,2.3158585052987064,4.098097789901928,0.0,True
B0/seed1/stage1/RIM_ONE_r3/pair02,1,1,RIM_ONE_r3,2,P2,False,class_sup_0,3.1770035798028675,4.377807988376107,0.0,True
B0/seed1/stage1/RIM_ONE_r3/pair02,1,1,RIM_ONE_r3,2,P2,False,class_old_0,1.5098464060118133,1.3604975152429066,0.0,True
B0/seed1/stage1/RIM_ONE_r3/pair02,1,1,RIM_ONE_r3,2,P2,False,class_sup_1,17.9821656437599,2.3314683517128287e-14,1.8876526204352393,True
B0/seed1/stage1/RIM_ONE_r3/pair02,1,1,RIM_ONE_r3,2,P2,False,class_old_1,10.43115223975515,8.45256414413205,0.0,True
B0/seed1/stage1/RIM_ONE_r3/pair02,1,1,RIM_ONE_r3,2,P2,False,class_sup_2,36.57016831895018,-2.6645352591003757e-15,2.7304693533364968,True
B0/seed1/stage1/RIM_ONE_r3/pair02,1,1,RIM_ONE_r3,2,P2,False,class_old_2,23.487443246102018,3.8805220762874946,0.0,True
B0/seed1/stage1/RIM_ONE_r3/pair02,1,1,RIM_ONE_r3,2,P3,False,global_supervised,2.3158585052987064,3.808731177288548,0.0,True
B0/seed1/stage1/RIM_ONE_r3/pair02,1,1,RIM_ONE_r3,2,P3,False,sup_0,5.741224369276624,7.600999216782233,0.0,True
B0/seed1/stage1/RIM_ONE_r3/pair02,1,1,RIM_ONE_r3,2,P3,False,sup_1,1.2210067023441686,1.5082173606890157,0.0,True
B0/seed1/stage1/RIM_ONE_r3/pair02,1,1,RIM_ONE_r3,2,P3,False,sup_2,21.694243673161736,0.1436022821160079,0.0,True
B0/seed1/stage1/RIM_ONE_r3/pair02,1,1,RIM_ONE_r3,2,P3,False,sup_3,11.97151604661046,-1.5515366769136563e-14,2.1454630188788655,True
B0/seed1/stage1/RIM_ONE_r3/pair02,1,1,RIM_ONE_r3,2,P3,False,sup_4,35.17380282887444,4.118927421359331e-14,1.6214454458831982,True
B0/seed1/stage1/RIM_ONE_r3/pair02,1,1,RIM_ONE_r3,2,P3,False,sup_5,54.93898491364656,6.88338275267597e-14,1.561476700070954,True
B0/seed1/stage1/RIM_ONE_r3/pair02,1,1,RIM_ONE_r3,2,P4,True,global_supervised,2.3158585052987064,3.808731177288549,0.0,True
B0/seed1/stage1/RIM_ONE_r3/pair02,1,1,RIM_ONE_r3,2,P4,True,sup_0,5.741224369276624,7.600999216782236,0.0,True
B0/seed1/stage1/RIM_ONE_r3/pair02,1,1,RIM_ONE_r3,2,P4,True,sup_1,1.2210067023441686,1.5082173606890161,0.0,True
B0/seed1/stage1/RIM_ONE_r3/pair02,1,1,RIM_ONE_r3,2,P4,True,sup_2,21.694243673161736,0.14360228211599768,0.0,True
B0/seed1/stage1/RIM_ONE_r3/pair02,1,1,RIM_ONE_r3,2,P4,True,sup_3,11.97151604661046,-2.5396351688300456e-14,2.145463018878864,True
B0/seed1/stage1/RIM_ONE_r3/pair02,1,1,RIM_ONE_r3,2,P4,True,sup_4,35.17380282887444,5.0182080713057076e-14,1.6214454458831977,True
B0/seed1/stage1/RIM_ONE_r3/pair02,1,1,RIM_ONE_r3,2,P4,True,sup_5,54.93898491364656,9.459100169806334e-14,1.5614767000709535,True
B0/seed1/stage1/RIM_ONE_r3/pair02,1,1,RIM_ONE_r3,2,P4,True,old_0,1.7613987679606165,2.1655347687524014,0.0,True
B0/seed1/stage1/RIM_ONE_r3/pair02,1,1,RIM_ONE_r3,2,P4,True,old_1,1.9185646780847994,0.6484327960696737,0.0,True
B0/seed1/stage1/RIM_ONE_r3/pair02,1,1,RIM_ONE_r3,2,P4,True,old_2,13.253645140813692,12.406895377217385,0.0,True
B0/seed1/stage1/RIM_ONE_r3/pair02,1,1,RIM_ONE_r3,2,P4,True,old_3,9.330422192363315,3.951298736251885,0.0,True
B0/seed1/stage1/RIM_ONE_r3/pair02,1,1,RIM_ONE_r3,2,P4,True,old_4,23.816029461468016,7.164904324738025,0.0,True
B0/seed1/stage1/RIM_ONE_r3/pair02,1,1,RIM_ONE_r3,2,P4,True,old_5,22.115923784961012,10.617648566780892,0.0,True
B0/seed1/stage1/RIM_ONE_r3/pair03,1,1,RIM_ONE_r3,3,P1,False,global_supervised,1.4772082594197964,2.072321515517983,0.0,True
B0/seed1/stage1/RIM_ONE_r3/pair03,1,1,RIM_ONE_r3,3,P2,False,global_supervised,1.4772082594197964,0.9929044541248432,0.0,True
B0/seed1/stage1/RIM_ONE_r3/pair03,1,1,RIM_ONE_r3,3,P2,False,class_sup_0,3.1770035798028675,1.2938335632729563,0.0,True
B0/seed1/stage1/RIM_ONE_r3/pair03,1,1,RIM_ONE_r3,3,P2,False,class_old_0,1.5098464060118133,0.25452793099915005,0.0,True
B0/seed1/stage1/RIM_ONE_r3/pair03,1,1,RIM_ONE_r3,3,P2,False,class_sup_1,17.9821656437599,1.0436096431476471e-14,0.9769472136554999,True
B0/seed1/stage1/RIM_ONE_r3/pair03,1,1,RIM_ONE_r3,3,P2,False,class_old_1,10.43115223975515,1.5343708675491108,0.0,True
B0/seed1/stage1/RIM_ONE_r3/pair03,1,1,RIM_ONE_r3,3,P2,False,class_sup_2,36.57016831895018,3.7664819336403106,0.0,True
B0/seed1/stage1/RIM_ONE_r3/pair03,1,1,RIM_ONE_r3,3,P2,False,class_old_2,23.487443246102018,11.058181714424194,0.0,True
B0/seed1/stage1/RIM_ONE_r3/pair03,1,1,RIM_ONE_r3,3,P3,False,global_supervised,1.4772082594197964,0.8457925180272515,0.0,True
B0/seed1/stage1/RIM_ONE_r3/pair03,1,1,RIM_ONE_r3,3,P3,False,sup_0,5.741224369276624,1.99190165184892,0.0,True
B0/seed1/stage1/RIM_ONE_r3/pair03,1,1,RIM_ONE_r3,3,P3,False,sup_1,1.2210067023441686,0.4158993813199724,0.0,True
B0/seed1/stage1/RIM_ONE_r3/pair03,1,1,RIM_ONE_r3,3,P3,False,sup_2,21.694243673161736,-2.7755575615628914e-15,1.3618535524243673,True
B0/seed1/stage1/RIM_ONE_r3/pair03,1,1,RIM_ONE_r3,3,P3,False,sup_3,11.97151604661046,0.25162812075380775,0.0,True
B0/seed1/stage1/RIM_ONE_r3/pair03,1,1,RIM_ONE_r3,3,P3,False,sup_4,35.17380282887444,6.691105978529874,0.0,True
B0/seed1/stage1/RIM_ONE_r3/pair03,1,1,RIM_ONE_r3,3,P3,False,sup_5,54.93898491364656,-1.554312234475219e-14,0.46014118712416013,True
B0/seed1/stage1/RIM_ONE_r3/pair03,1,1,RIM_ONE_r3,3,P4,True,global_supervised,1.4772082594197964,0.8457925180272515,0.0,True
B0/seed1/stage1/RIM_ONE_r3/pair03,1,1,RIM_ONE_r3,3,P4,True,sup_0,5.741224369276624,1.99190165184892,0.0,True
B0/seed1/stage1/RIM_ONE_r3/pair03,1,1,RIM_ONE_r3,3,P4,True,sup_1,1.2210067023441686,0.4158993813199724,0.0,True
B0/seed1/stage1/RIM_ONE_r3/pair03,1,1,RIM_ONE_r3,3,P4,True,sup_2,21.694243673161736,-2.7755575615628914e-15,1.3618535524243673,True
B0/seed1/stage1/RIM_ONE_r3/pair03,1,1,RIM_ONE_r3,3,P4,True,sup_3,11.97151604661046,0.2516281207538081,0.0,True
B0/seed1/stage1/RIM_ONE_r3/pair03,1,1,RIM_ONE_r3,3,P4,True,sup_4,35.17380282887444,6.691105978529876,0.0,True
B0/seed1/stage1/RIM_ONE_r3/pair03,1,1,RIM_ONE_r3,3,P4,True,sup_5,54.93898491364656,-1.5987211554602254e-14,0.46014118712416013,True
B0/seed1/stage1/RIM_ONE_r3/pair03,1,1,RIM_ONE_r3,3,P4,True,old_0,1.7613987679606165,0.3544850951147697,0.0,True
B0/seed1/stage1/RIM_ONE_r3/pair03,1,1,RIM_ONE_r3,3,P4,True,old_1,1.9185646780847994,0.10930920410623354,0.0,True
B0/seed1/stage1/RIM_ONE_r3/pair03,1,1,RIM_ONE_r3,3,P4,True,old_2,13.253645140813692,0.3926525119782014,0.0,True
B0/seed1/stage1/RIM_ONE_r3/pair03,1,1,RIM_ONE_r3,3,P4,True,old_3,9.330422192363315,0.7221651155573295,0.0,True
B0/seed1/stage1/RIM_ONE_r3/pair03,1,1,RIM_ONE_r3,3,P4,True,old_4,23.816029461468016,7.412955719045855,0.0,True
B0/seed1/stage1/RIM_ONE_r3/pair03,1,1,RIM_ONE_r3,3,P4,True,old_5,22.115923784961012,3.974087191546766,0.0,True
B0/seed1/stage1/RIM_ONE_r3/pair04,1,1,RIM_ONE_r3,4,P1,False,global_supervised,2.9674774783755553,9.671212792176377,0.0,True
B0/seed1/stage1/RIM_ONE_r3/pair04,1,1,RIM_ONE_r3,4,P2,False,global_supervised,2.9674774783755553,5.77886347717166,0.0,True
B0/seed1/stage1/RIM_ONE_r3/pair04,1,1,RIM_ONE_r3,4,P2,False,class_sup_0,3.1770035798028675,5.238051057165746,0.0,True
B0/seed1/stage1/RIM_ONE_r3/pair04,1,1,RIM_ONE_r3,4,P2,False,class_old_0,1.5098464060118133,1.807262037354705,0.0,True
B0/seed1/stage1/RIM_ONE_r3/pair04,1,1,RIM_ONE_r3,4,P2,False,class_sup_1,17.9821656437599,1.7319479184152442e-14,0.12567747304845334,True
B0/seed1/stage1/RIM_ONE_r3/pair04,1,1,RIM_ONE_r3,4,P2,False,class_old_1,10.43115223975515,10.706594030611635,0.0,True
B0/seed1/stage1/RIM_ONE_r3/pair04,1,1,RIM_ONE_r3,4,P2,False,class_sup_2,36.57016831895018,-3.2862601528904634e-14,2.3016198821249025,True
B0/seed1/stage1/RIM_ONE_r3/pair04,1,1,RIM_ONE_r3,4,P2,False,class_old_2,23.487443246102018,5.888886036412641,0.0,True
B0/seed1/stage1/RIM_ONE_r3/pair04,1,1,RIM_ONE_r3,4,P3,False,global_supervised,2.9674774783755553,5.49424998601434,0.0,True
B0/seed1/stage1/RIM_ONE_r3/pair04,1,1,RIM_ONE_r3,4,P3,False,sup_0,5.741224369276624,8.488496113392621,0.0,True
B0/seed1/stage1/RIM_ONE_r3/pair04,1,1,RIM_ONE_r3,4,P3,False,sup_1,1.2210067023441686,1.694363482625863,0.0,True
B0/seed1/stage1/RIM_ONE_r3/pair04,1,1,RIM_ONE_r3,4,P3,False,sup_2,21.694243673161736,3.0424756355121145,0.0,True
B0/seed1/stage1/RIM_ONE_r3/pair04,1,1,RIM_ONE_r3,4,P3,False,sup_3,11.97151604661046,-2.7755575615628914e-15,0.8407741435611907,True
B0/seed1/stage1/RIM_ONE_r3/pair04,1,1,RIM_ONE_r3,4,P3,False,sup_4,35.17380282887444,-2.919886554764162e-14,2.0620366738976337,True
B0/seed1/stage1/RIM_ONE_r3/pair04,1,1,RIM_ONE_r3,4,P3,False,sup_5,54.93898491364656,8.348877145181177e-14,1.153534407833471,True
B0/seed1/stage1/RIM_ONE_r3/pair04,1,1,RIM_ONE_r3,4,P4,True,global_supervised,2.9674774783755553,5.494249986014339,0.0,True
B0/seed1/stage1/RIM_ONE_r3/pair04,1,1,RIM_ONE_r3,4,P4,True,sup_0,5.741224369276624,8.488496113392616,0.0,True
B0/seed1/stage1/RIM_ONE_r3/pair04,1,1,RIM_ONE_r3,4,P4,True,sup_1,1.2210067023441686,1.694363482625862,0.0,True
B0/seed1/stage1/RIM_ONE_r3/pair04,1,1,RIM_ONE_r3,4,P4,True,sup_2,21.694243673161736,3.042475635512116,0.0,True
B0/seed1/stage1/RIM_ONE_r3/pair04,1,1,RIM_ONE_r3,4,P4,True,sup_3,11.97151604661046,3.219646771412954e-15,0.8407741435611936,True
B0/seed1/stage1/RIM_ONE_r3/pair04,1,1,RIM_ONE_r3,4,P4,True,sup_4,35.17380282887444,-2.5979218776228663e-14,2.062036673897636,True
B0/seed1/stage1/RIM_ONE_r3/pair04,1,1,RIM_ONE_r3,4,P4,True,sup_5,54.93898491364656,5.995204332975845e-14,1.153534407833472,True
B0/seed1/stage1/RIM_ONE_r3/pair04,1,1,RIM_ONE_r3,4,P4,True,old_0,1.7613987679606165,2.745228863070743,0.0,True
B0/seed1/stage1/RIM_ONE_r3/pair04,1,1,RIM_ONE_r3,4,P4,True,old_1,1.9185646780847994,0.774491908811301,0.0,True
B0/seed1/stage1/RIM_ONE_r3/pair04,1,1,RIM_ONE_r3,4,P4,True,old_2,13.253645140813692,14.197054621671715,0.0,True
B0/seed1/stage1/RIM_ONE_r3/pair04,1,1,RIM_ONE_r3,4,P4,True,old_3,9.330422192363315,5.557947614186559,0.0,True
B0/seed1/stage1/RIM_ONE_r3/pair04,1,1,RIM_ONE_r3,4,P4,True,old_4,23.816029461468016,9.303441754235124,0.0,True
B0/seed1/stage1/RIM_ONE_r3/pair04,1,1,RIM_ONE_r3,4,P4,True,old_5,22.115923784961012,15.997490642915071,0.0,True
B0/seed1/stage1/RIM_ONE_r3/pair05,1,1,RIM_ONE_r3,5,P1,False,global_supervised,2.6953353881109523,7.61220365056432,0.0,True
B0/seed1/stage1/RIM_ONE_r3/pair05,1,1,RIM_ONE_r3,5,P2,False,global_supervised,2.6953353881109523,4.467078916877135,0.0,True
B0/seed1/stage1/RIM_ONE_r3/pair05,1,1,RIM_ONE_r3,5,P2,False,class_sup_0,3.1770035798028675,4.701323508940758,0.0,True
B0/seed1/stage1/RIM_ONE_r3/pair05,1,1,RIM_ONE_r3,5,P2,False,class_old_0,1.5098464060118133,1.495787972382638,0.0,True
B0/seed1/stage1/RIM_ONE_r3/pair05,1,1,RIM_ONE_r3,5,P2,False,class_sup_1,17.9821656437599,1.9095836023552692e-14,1.6337213170786136,True
B0/seed1/stage1/RIM_ONE_r3/pair05,1,1,RIM_ONE_r3,5,P2,False,class_old_1,10.43115223975515,8.255198268701747,0.0,True
B0/seed1/stage1/RIM_ONE_r3/pair05,1,1,RIM_ONE_r3,5,P2,False,class_sup_2,36.57016831895018,1.9539925233402755e-14,3.3348228382288947,True
B0/seed1/stage1/RIM_ONE_r3/pair05,1,1,RIM_ONE_r3,5,P2,False,class_old_2,23.487443246102018,1.776754171791672,0.0,True
B0/seed1/stage1/RIM_ONE_r3/pair05,1,1,RIM_ONE_r3,5,P3,False,global_supervised,2.6953353881109523,3.891075598898062,0.0,True
B0/seed1/stage1/RIM_ONE_r3/pair05,1,1,RIM_ONE_r3,5,P3,False,sup_0,5.741224369276624,8.032644606173664,0.0,True
B0/seed1/stage1/RIM_ONE_r3/pair05,1,1,RIM_ONE_r3,5,P3,False,sup_1,1.2210067023441686,1.6047530707988027,0.0,True
B0/seed1/stage1/RIM_ONE_r3/pair05,1,1,RIM_ONE_r3,5,P3,False,sup_2,21.694243673161736,0.9616526468697212,0.0,True
B0/seed1/stage1/RIM_ONE_r3/pair05,1,1,RIM_ONE_r3,5,P3,False,sup_3,11.97151604661046,-1.2378986724570495e-14,1.9463921828565949,True
B0/seed1/stage1/RIM_ONE_r3/pair05,1,1,RIM_ONE_r3,5,P3,False,sup_4,35.17380282887444,8.826273045769994e-14,2.3384153837724964,True
B0/seed1/stage1/RIM_ONE_r3/pair05,1,1,RIM_ONE_r3,5,P3,False,sup_5,54.93898491364656,8.859579736508749e-14,1.5500732791231746,True
B0/seed1/stage1/RIM_ONE_r3/pair05,1,1,RIM_ONE_r3,5,P4,True,global_supervised,2.6953353881109523,3.891075598898068,0.0,True
B0/seed1/stage1/RIM_ONE_r3/pair05,1,1,RIM_ONE_r3,5,P4,True,sup_0,5.741224369276624,8.03264460617367,0.0,True
B0/seed1/stage1/RIM_ONE_r3/pair05,1,1,RIM_ONE_r3,5,P4,True,sup_1,1.2210067023441686,1.6047530707988042,0.0,True
B0/seed1/stage1/RIM_ONE_r3/pair05,1,1,RIM_ONE_r3,5,P4,True,sup_2,21.694243673161736,0.9616526468697396,0.0,True
B0/seed1/stage1/RIM_ONE_r3/pair05,1,1,RIM_ONE_r3,5,P4,True,sup_3,11.97151604661046,-1.3877787807814457e-14,1.9463921828565893,True
B0/seed1/stage1/RIM_ONE_r3/pair05,1,1,RIM_ONE_r3,5,P4,True,sup_4,35.17380282887444,5.995204332975845e-15,2.3384153837724924,True
B0/seed1/stage1/RIM_ONE_r3/pair05,1,1,RIM_ONE_r3,5,P4,True,sup_5,54.93898491364656,6.838973831690964e-14,1.5500732791231715,True
B0/seed1/stage1/RIM_ONE_r3/pair05,1,1,RIM_ONE_r3,5,P4,True,old_0,1.7613987679606165,2.295075135034822,0.0,True
B0/seed1/stage1/RIM_ONE_r3/pair05,1,1,RIM_ONE_r3,5,P4,True,old_1,1.9185646780847994,0.7211861034389828,0.0,True
B0/seed1/stage1/RIM_ONE_r3/pair05,1,1,RIM_ONE_r3,5,P4,True,old_2,13.253645140813692,11.879038733291427,0.0,True
B0/seed1/stage1/RIM_ONE_r3/pair05,1,1,RIM_ONE_r3,5,P4,True,old_3,9.330422192363315,4.354064196973809,0.0,True
B0/seed1/stage1/RIM_ONE_r3/pair05,1,1,RIM_ONE_r3,5,P4,True,old_4,23.816029461468016,7.188411458985914,0.0,True
B0/seed1/stage1/RIM_ONE_r3/pair05,1,1,RIM_ONE_r3,5,P4,True,old_5,22.115923784961012,13.105523061194688,0.0,True
B0/seed1/stage1/RIM_ONE_r3/pair06,1,1,RIM_ONE_r3,6,P1,False,global_supervised,2.053274129890553,4.713625914275246,0.0,True
B0/seed1/stage1/RIM_ONE_r3/pair06,1,1,RIM_ONE_r3,6,P2,False,global_supervised,2.053274129890553,2.8568479514339327,0.0,True
B0/seed1/stage1/RIM_ONE_r3/pair06,1,1,RIM_ONE_r3,6,P2,False,class_sup_0,3.1770035798028675,4.101632177915748,0.0,True
B0/seed1/stage1/RIM_ONE_r3/pair06,1,1,RIM_ONE_r3,6,P2,False,class_old_0,1.5098464060118133,1.1731047264444356,0.0,True
B0/seed1/stage1/RIM_ONE_r3/pair06,1,1,RIM_ONE_r3,6,P2,False,class_sup_1,17.9821656437599,2.1871393585115584e-14,1.2672176987996222,True
B0/seed1/stage1/RIM_ONE_r3/pair06,1,1,RIM_ONE_r3,6,P2,False,class_old_1,10.43115223975515,7.7575224303148635,0.0,True
B0/seed1/stage1/RIM_ONE_r3/pair06,1,1,RIM_ONE_r3,6,P2,False,class_sup_2,36.57016831895018,1.2212453270876722e-15,2.668024085154022,True
B0/seed1/stage1/RIM_ONE_r3/pair06,1,1,RIM_ONE_r3,6,P2,False,class_old_2,23.487443246102018,10.035715917357955,0.0,True
B0/seed1/stage1/RIM_ONE_r3/pair06,1,1,RIM_ONE_r3,6,P3,False,global_supervised,2.053274129890553,2.735437494722567,0.0,True
B0/seed1/stage1/RIM_ONE_r3/pair06,1,1,RIM_ONE_r3,6,P3,False,sup_0,5.741224369276624,7.0377751643550415,0.0,True
B0/seed1/stage1/RIM_ONE_r3/pair06,1,1,RIM_ONE_r3,6,P3,False,sup_1,1.2210067023441686,1.4021967753765912,0.0,True
B0/seed1/stage1/RIM_ONE_r3/pair06,1,1,RIM_ONE_r3,6,P3,False,sup_2,21.694243673161736,1.9761969838327786e-14,0.295504851289499,True
B0/seed1/stage1/RIM_ONE_r3/pair06,1,1,RIM_ONE_r3,6,P3,False,sup_3,11.97151604661046,-3.774758283725532e-15,1.4269869630136252,True
B0/seed1/stage1/RIM_ONE_r3/pair06,1,1,RIM_ONE_r3,6,P3,False,sup_4,35.17380282887444,-9.769962616701378e-15,1.3058210795948146,True
B0/seed1/stage1/RIM_ONE_r3/pair06,1,1,RIM_ONE_r3,6,P3,False,sup_5,54.93898491364656,-5.662137425588298e-15,2.1224478678816414,True
B0/seed1/stage1/RIM_ONE_r3/pair06,1,1,RIM_ONE_r3,6,P4,True,global_supervised,2.053274129890553,2.7354374947225657,0.0,True
B0/seed1/stage1/RIM_ONE_r3/pair06,1,1,RIM_ONE_r3,6,P4,True,sup_0,5.741224369276624,7.0377751643550415,0.0,True
B0/seed1/stage1/RIM_ONE_r3/pair06,1,1,RIM_ONE_r3,6,P4,True,sup_1,1.2210067023441686,1.4021967753765912,0.0,True
B0/seed1/stage1/RIM_ONE_r3/pair06,1,1,RIM_ONE_r3,6,P4,True,sup_2,21.694243673161736,9.992007221626409e-15,0.2955048512895099,True
B0/seed1/stage1/RIM_ONE_r3/pair06,1,1,RIM_ONE_r3,6,P4,True,sup_3,11.97151604661046,-1.2378986724570495e-14,1.426986963013615,True
B0/seed1/stage1/RIM_ONE_r3/pair06,1,1,RIM_ONE_r3,6,P4,True,sup_4,35.17380282887444,3.652633751016765e-14,1.305821079594821,True
B0/seed1/stage1/RIM_ONE_r3/pair06,1,1,RIM_ONE_r3,6,P4,True,sup_5,54.93898491364656,2.4868995751603507e-14,2.122447867881637,True
B0/seed1/stage1/RIM_ONE_r3/pair06,1,1,RIM_ONE_r3,6,P4,True,old_0,1.7613987679606165,1.9447401972675689,0.0,True
B0/seed1/stage1/RIM_ONE_r3/pair06,1,1,RIM_ONE_r3,6,P4,True,old_1,1.9185646780847994,0.5250519075830542,0.0,True
B0/seed1/stage1/RIM_ONE_r3/pair06,1,1,RIM_ONE_r3,6,P4,True,old_2,13.253645140813692,9.8936434046529,0.0,True
B0/seed1/stage1/RIM_ONE_r3/pair06,1,1,RIM_ONE_r3,6,P4,True,old_3,9.330422192363315,3.5204481623525936,0.0,True
B0/seed1/stage1/RIM_ONE_r3/pair06,1,1,RIM_ONE_r3,6,P4,True,old_4,23.816029461468016,5.814923433782953,0.0,True
B0/seed1/stage1/RIM_ONE_r3/pair06,1,1,RIM_ONE_r3,6,P4,True,old_5,22.115923784961012,8.93314656817135,0.0,True
B0/seed1/stage1/RIM_ONE_r3/pair07,1,1,RIM_ONE_r3,7,P1,False,global_supervised,0.6917647359909457,0.45811513706469786,0.0,True
B0/seed1/stage1/RIM_ONE_r3/pair07,1,1,RIM_ONE_r3,7,P2,False,global_supervised,0.6917647359909457,0.34982169363264237,0.0,True
B0/seed1/stage1/RIM_ONE_r3/pair07,1,1,RIM_ONE_r3,7,P2,False,class_sup_0,3.1770035798028675,1.1679035413336885,0.0,True
B0/seed1/stage1/RIM_ONE_r3/pair07,1,1,RIM_ONE_r3,7,P2,False,class_old_0,1.5098464060118133,0.3619717616248189,0.0,True
B0/seed1/stage1/RIM_ONE_r3/pair07,1,1,RIM_ONE_r3,7,P2,False,class_sup_1,17.9821656437599,7.66053886991358e-15,0.7877031403170526,True
B0/seed1/stage1/RIM_ONE_r3/pair07,1,1,RIM_ONE_r3,7,P2,False,class_old_1,10.43115223975515,2.8249362172205954,0.0,True
B0/seed1/stage1/RIM_ONE_r3/pair07,1,1,RIM_ONE_r3,7,P2,False,class_sup_2,36.57016831895018,3.219646771412954e-15,0.788758471825623,True
B0/seed1/stage1/RIM_ONE_r3/pair07,1,1,RIM_ONE_r3,7,P2,False,class_old_2,23.487443246102018,3.0647056299862863,0.0,True
B0/seed1/stage1/RIM_ONE_r3/pair07,1,1,RIM_ONE_r3,7,P3,False,global_supervised,0.6917647359909457,0.28857085455783693,0.0,True
B0/seed1/stage1/RIM_ONE_r3/pair07,1,1,RIM_ONE_r3,7,P3,False,sup_0,5.741224369276624,1.7099413432901185,0.0,True
B0/seed1/stage1/RIM_ONE_r3/pair07,1,1,RIM_ONE_r3,7,P3,False,sup_1,1.2210067023441686,0.3560423897940505,0.0,True
B0/seed1/stage1/RIM_ONE_r3/pair07,1,1,RIM_ONE_r3,7,P3,False,sup_2,21.694243673161736,0.387182774154744,0.0,True
B0/seed1/stage1/RIM_ONE_r3/pair07,1,1,RIM_ONE_r3,7,P3,False,sup_3,11.97151604661046,-9.686695889854491e-15,1.1149833918946235,True
B0/seed1/stage1/RIM_ONE_r3/pair07,1,1,RIM_ONE_r3,7,P3,False,sup_4,35.17380282887444,1.6542323066914832e-14,0.3067736034640424,True
B0/seed1/stage1/RIM_ONE_r3/pair07,1,1,RIM_ONE_r3,7,P3,False,sup_5,54.93898491364656,2.2537527399890678e-14,0.8766624440566905,True
B0/seed1/stage1/RIM_ONE_r3/pair07,1,1,RIM_ONE_r3,7,P4,True,global_supervised,0.6917647359909457,0.2885708545578369,0.0,True
B0/seed1/stage1/RIM_ONE_r3/pair07,1,1,RIM_ONE_r3,7,P4,True,sup_0,5.741224369276624,1.7099413432901178,0.0,True
B0/seed1/stage1/RIM_ONE_r3/pair07,1,1,RIM_ONE_r3,7,P4,True,sup_1,1.2210067023441686,0.3560423897940504,0.0,True
B0/seed1/stage1/RIM_ONE_r3/pair07,1,1,RIM_ONE_r3,7,P4,True,sup_2,21.694243673161736,0.3871827741547432,0.0,True
B0/seed1/stage1/RIM_ONE_r3/pair07,1,1,RIM_ONE_r3,7,P4,True,sup_3,11.97151604661046,-1.0103029524088925e-14,1.114983391894624,True
B0/seed1/stage1/RIM_ONE_r3/pair07,1,1,RIM_ONE_r3,7,P4,True,sup_4,35.17380282887444,2.1593837828959295e-14,0.30677360346404264,True
B0/seed1/stage1/RIM_ONE_r3/pair07,1,1,RIM_ONE_r3,7,P4,True,sup_5,54.93898491364656,2.5146551507759796e-14,0.8766624440566908,True
B0/seed1/stage1/RIM_ONE_r3/pair07,1,1,RIM_ONE_r3,7,P4,True,old_0,1.7613987679606165,0.4962847185549683,0.0,True
B0/seed1/stage1/RIM_ONE_r3/pair07,1,1,RIM_ONE_r3,7,P4,True,old_1,1.9185646780847994,0.16688041020728853,0.0,True
B0/seed1/stage1/RIM_ONE_r3/pair07,1,1,RIM_ONE_r3,7,P4,True,old_2,13.253645140813692,3.3709281479398037,0.0,True
B0/seed1/stage1/RIM_ONE_r3/pair07,1,1,RIM_ONE_r3,7,P4,True,old_3,9.330422192363315,1.2922928973462309,0.0,True
B0/seed1/stage1/RIM_ONE_r3/pair07,1,1,RIM_ONE_r3,7,P4,True,old_4,23.816029461468016,2.414111623459423,0.0,True
B0/seed1/stage1/RIM_ONE_r3/pair07,1,1,RIM_ONE_r3,7,P4,True,old_5,22.115923784961012,3.197766179664245,0.0,True
B0/seed1/stage2/Drishti_GS/pair00,1,2,Drishti_GS,0,P1,False,global_supervised,1.2772050444749603,1.4254986856365561,0.0,True
B0/seed1/stage2/Drishti_GS/pair00,1,2,Drishti_GS,0,P2,False,global_supervised,1.2772050444749603,0.5728407462331273,0.0,True
B0/seed1/stage2/Drishti_GS/pair00,1,2,Drishti_GS,0,P2,False,class_sup_0,0.49962948284743214,5.759281940243e-16,1.1102246397744908,True
B0/seed1/stage2/Drishti_GS/pair00,1,2,Drishti_GS,0,P2,False,class_old_0,1.9589207472483332,4.388850394221322e-16,0.017160576195815617,True
B0/seed1/stage2/Drishti_GS/pair00,1,2,Drishti_GS,0,P2,False,class_sup_1,8.679212622354576,-1.3322676295501878e-15,1.3966453263511915,True
B0/seed1/stage2/Drishti_GS/pair00,1,2,Drishti_GS,0,P2,False,class_old_1,11.788468445347462,0.3580908070879078,0.0,True
B0/seed1/stage2/Drishti_GS/pair00,1,2,Drishti_GS,0,P2,False,class_sup_2,20.469914810539667,5.818412381748066,0.0,True
B0/seed1/stage2/Drishti_GS/pair00,1,2,Drishti_GS,0,P2,False,class_old_2,15.581745806769213,4.163336342344337e-15,0.17923966096687005,True
B0/seed1/stage2/Drishti_GS/pair00,1,2,Drishti_GS,0,P3,False,global_supervised,1.2772050444749603,0.40693916389665913,0.0,True
B0/seed1/stage2/Drishti_GS/pair00,1,2,Drishti_GS,0,P3,False,sup_0,1.1597291540125696,-5.93275428784068e-16,0.6908700940292504,True
B0/seed1/stage2/Drishti_GS/pair00,1,2,Drishti_GS,0,P3,False,sup_1,0.06512252640682921,-1.8810907692623502e-17,0.030300710887490742,True
B0/seed1/stage2/Drishti_GS/pair00,1,2,Drishti_GS,0,P3,False,sup_2,12.088574200595486,0.8179789833941407,0.0,True
B0/seed1/stage2/Drishti_GS/pair00,1,2,Drishti_GS,0,P3,False,sup_3,7.456241112054723,8.326672684688674e-15,1.1420734895808593,True
B0/seed1/stage2/Drishti_GS/pair00,1,2,Drishti_GS,0,P3,False,sup_4,18.296697110486466,2.8762702398895534,0.0,True
B0/seed1/stage2/Drishti_GS/pair00,1,2,Drishti_GS,0,P3,False,sup_5,27.31072108539275,3.7450557295240685,0.0,True
B0/seed1/stage2/Drishti_GS/pair00,1,2,Drishti_GS,0,P4,True,global_supervised,1.2772050444749603,0.36335594762509515,0.0,True
B0/seed1/stage2/Drishti_GS/pair00,1,2,Drishti_GS,0,P4,True,sup_0,1.1597291540125696,-9.6710833785707e-16,0.6844256282997133,True
B0/seed1/stage2/Drishti_GS/pair00,1,2,Drishti_GS,0,P4,True,sup_1,0.06512252640682921,0.0014953912083652543,0.0,True
B0/seed1/stage2/Drishti_GS/pair00,1,2,Drishti_GS,0,P4,True,sup_2,12.088574200595486,0.5459147207175687,0.0,True
B0/seed1/stage2/Drishti_GS/pair00,1,2,Drishti_GS,0,P4,True,sup_3,7.456241112054723,7.105427357601002e-15,1.1726544098482679,True
B0/seed1/stage2/Drishti_GS/pair00,1,2,Drishti_GS,0,P4,True,sup_4,18.296697110486466,2.4459529960166613,0.0,True
B0/seed1/stage2/Drishti_GS/pair00,1,2,Drishti_GS,0,P4,True,sup_5,27.31072108539275,3.302915750370597,0.0,True
B0/seed1/stage2/Drishti_GS/pair00,1,2,Drishti_GS,0,P4,True,old_0,1.384673761144557,-6.175615574477433e-16,0.12392836590355893,True
B0/seed1/stage2/Drishti_GS/pair00,1,2,Drishti_GS,0,P4,True,old_1,3.0370380636239993,0.16467604919059065,0.0,True
B0/seed1/stage2/Drishti_GS/pair00,1,2,Drishti_GS,0,P4,True,old_2,8.577910054689445,0.936030921470338,0.0,True
B0/seed1/stage2/Drishti_GS/pair00,1,2,Drishti_GS,0,P4,True,old_3,14.199353452869133,1.1633896654764528,0.0,True
B0/seed1/stage2/Drishti_GS/pair00,1,2,Drishti_GS,0,P4,True,old_4,15.585989640439768,-2.7200464103316335e-15,0.1501179555077724,True
B0/seed1/stage2/Drishti_GS/pair01,1,2,Drishti_GS,1,P1,False,global_supervised,0.6713139026179088,0.34376867704261577,0.0,True
B0/seed1/stage2/Drishti_GS/pair01,1,2,Drishti_GS,1,P2,False,global_supervised,0.6713139026179088,0.2831821598101496,0.0,True
B0/seed1/stage2/Drishti_GS/pair01,1,2,Drishti_GS,1,P2,False,class_sup_0,0.49962948284743214,0.016195657702211975,0.0,True
B0/seed1/stage2/Drishti_GS/pair01,1,2,Drishti_GS,1,P2,False,class_old_0,1.9589207472483332,0.0542659055450506,0.0,True
B0/seed1/stage2/Drishti_GS/pair01,1,2,Drishti_GS,1,P2,False,class_sup_1,8.679212622354576,3.3306690738754696e-16,0.23101924917965244,True
B0/seed1/stage2/Drishti_GS/pair01,1,2,Drishti_GS,1,P2,False,class_old_1,11.788468445347462,0.2556870742776942,0.0,True
B0/seed1/stage2/Drishti_GS/pair01,1,2,Drishti_GS,1,P2,False,class_sup_2,20.469914810539667,2.2665388773535984,0.0,True
B0/seed1/stage2/Drishti_GS/pair01,1,2,Drishti_GS,1,P2,False,class_old_2,15.581745806769213,-1.096345236817342e-15,0.09191037206456681,True
B0/seed1/stage2/Drishti_GS/pair01,1,2,Drishti_GS,1,P3,False,global_supervised,0.6713139026179088,0.29750748562785534,0.0,True
B0/seed1/stage2/Drishti_GS/pair01,1,2,Drishti_GS,1,P3,False,sup_0,1.1597291540125696,0.017808564959170152,0.0,True
B0/seed1/stage2/Drishti_GS/pair01,1,2,Drishti_GS,1,P3,False,sup_1,0.06512252640682921,0.004352868734731171,0.0,True
B0/seed1/stage2/Drishti_GS/pair01,1,2,Drishti_GS,1,P3,False,sup_2,12.088574200595486,-2.7755575615628914e-16,0.11244697134669313,True
B0/seed1/stage2/Drishti_GS/pair01,1,2,Drishti_GS,1,P3,False,sup_3,7.456241112054723,6.106226635438361e-16,0.1045622344783602,True
B0/seed1/stage2/Drishti_GS/pair01,1,2,Drishti_GS,1,P3,False,sup_4,18.296697110486466,2.1482662672217723,0.0,True
B0/seed1/stage2/Drishti_GS/pair01,1,2,Drishti_GS,1,P3,False,sup_5,27.31072108539275,4.229295341426649,0.0,True
B0/seed1/stage2/Drishti_GS/pair01,1,2,Drishti_GS,1,P4,True,global_supervised,0.6713139026179088,0.28669521378833984,0.0,True
B0/seed1/stage2/Drishti_GS/pair01,1,2,Drishti_GS,1,P4,True,sup_0,1.1597291540125696,0.019330894377819173,0.0,True
B0/seed1/stage2/Drishti_GS/pair01,1,2,Drishti_GS,1,P4,True,sup_1,0.06512252640682921,0.00435811358596645,0.0,True
B0/seed1/stage2/Drishti_GS/pair01,1,2,Drishti_GS,1,P4,True,sup_2,12.088574200595486,-4.996003610813204e-16,0.2126569555947964,True
B0/seed1/stage2/Drishti_GS/pair01,1,2,Drishti_GS,1,P4,True,sup_3,7.456241112054723,3.3306690738754696e-16,0.0632788992807016,True
B0/seed1/stage2/Drishti_GS/pair01,1,2,Drishti_GS,1,P4,True,sup_4,18.296697110486466,1.984412793249944,0.0,True
B0/seed1/stage2/Drishti_GS/pair01,1,2,Drishti_GS,1,P4,True,sup_5,27.31072108539275,4.124073600593229,0.0,True
B0/seed1/stage2/Drishti_GS/pair01,1,2,Drishti_GS,1,P4,True,old_0,1.384673761144557,-3.0531133177191805e-16,0.03971686233715625,True
B0/seed1/stage2/Drishti_GS/pair01,1,2,Drishti_GS,1,P4,True,old_1,3.0370380636239993,0.14440872396013665,0.0,True
B0/seed1/stage2/Drishti_GS/pair01,1,2,Drishti_GS,1,P4,True,old_2,8.577910054689445,0.7692691235666629,0.0,True
B0/seed1/stage2/Drishti_GS/pair01,1,2,Drishti_GS,1,P4,True,old_3,14.199353452869133,2.7478019859472624e-15,0.050007038109704215,True
B0/seed1/stage2/Drishti_GS/pair01,1,2,Drishti_GS,1,P4,True,old_4,15.585989640439768,1.0824674490095276e-15,0.08186768485425469,True
B0/seed1/stage2/Drishti_GS/pair02,1,2,Drishti_GS,2,P1,False,global_supervised,0.6150364765687627,0.24089697824544676,0.0,True
B0/seed1/stage2/Drishti_GS/pair02,1,2,Drishti_GS,2,P2,False,global_supervised,0.6150364765687627,0.22278607768777964,0.0,True
B0/seed1/stage2/Drishti_GS/pair02,1,2,Drishti_GS,2,P2,False,class_sup_0,0.49962948284743214,0.0005973607771916981,0.0,True
B0/seed1/stage2/Drishti_GS/pair02,1,2,Drishti_GS,2,P2,False,class_old_0,1.9589207472483332,4.805184028455756e-16,0.07717824295652362,True
B0/seed1/stage2/Drishti_GS/pair02,1,2,Drishti_GS,2,P2,False,class_sup_1,8.679212622354576,0.8286670973608908,0.0,True
B0/seed1/stage2/Drishti_GS/pair02,1,2,Drishti_GS,2,P2,False,class_old_1,11.788468445347462,0.0882621069635838,0.0,True
B0/seed1/stage2/Drishti_GS/pair02,1,2,Drishti_GS,2,P2,False,class_sup_2,20.469914810539667,3.3306690738754696e-16,0.009211500208396981,True
B0/seed1/stage2/Drishti_GS/pair02,1,2,Drishti_GS,2,P2,False,class_old_2,15.581745806769213,5.551115123125783e-16,0.10004485346524662,True
B0/seed1/stage2/Drishti_GS/pair02,1,2,Drishti_GS,2,P3,False,global_supervised,0.6150364765687627,0.21804573491366666,0.0,True
B0/seed1/stage2/Drishti_GS/pair02,1,2,Drishti_GS,2,P3,False,sup_0,1.1597291540125696,0.10820859172728166,0.0,True
B0/seed1/stage2/Drishti_GS/pair02,1,2,Drishti_GS,2,P3,False,sup_1,0.06512252640682921,-6.505213034913027e-19,0.12745013833944957,True
B0/seed1/stage2/Drishti_GS/pair02,1,2,Drishti_GS,2,P3,False,sup_2,12.088574200595486,0.5097441075303619,0.0,True
B0/seed1/stage2/Drishti_GS/pair02,1,2,Drishti_GS,2,P3,False,sup_3,7.456241112054723,0.051643815555334746,0.0,True
B0/seed1/stage2/Drishti_GS/pair02,1,2,Drishti_GS,2,P3,False,sup_4,18.296697110486466,0.3875699686012097,0.0,True
B0/seed1/stage2/Drishti_GS/pair02,1,2,Drishti_GS,2,P3,False,sup_5,27.31072108539275,6.661338147750939e-16,0.011059989784374245,True
B0/seed1/stage2/Drishti_GS/pair02,1,2,Drishti_GS,2,P4,True,global_supervised,0.6150364765687627,0.14831691146199563,0.0,True
B0/seed1/stage2/Drishti_GS/pair02,1,2,Drishti_GS,2,P4,True,sup_0,1.1597291540125696,0.03814046122957567,0.0,True
B0/seed1/stage2/Drishti_GS/pair02,1,2,Drishti_GS,2,P4,True,sup_1,0.06512252640682921,-5.204170427930421e-18,0.04962753906554071,True
B0/seed1/stage2/Drishti_GS/pair02,1,2,Drishti_GS,2,P4,True,sup_2,12.088574200595486,0.4571965538236374,0.0,True
B0/seed1/stage2/Drishti_GS/pair02,1,2,Drishti_GS,2,P4,True,sup_3,7.456241112054723,0.005465196482119433,0.0,True
B0/seed1/stage2/Drishti_GS/pair02,1,2,Drishti_GS,2,P4,True,sup_4,18.296697110486466,0.739263640262638,0.0,True
B0/seed1/stage2/Drishti_GS/pair02,1,2,Drishti_GS,2,P4,True,sup_5,27.31072108539275,0.49641876658782513,0.0,True
B0/seed1/stage2/Drishti_GS/pair02,1,2,Drishti_GS,2,P4,True,old_0,1.384673761144557,-9.95297594341693e-16,0.27747264231974,True
B0/seed1/stage2/Drishti_GS/pair02,1,2,Drishti_GS,2,P4,True,old_1,3.0370380636239993,0.11704125970442164,0.0,True
B0/seed1/stage2/Drishti_GS/pair02,1,2,Drishti_GS,2,P4,True,old_2,8.577910054689445,0.38556087136428924,0.0,True
B0/seed1/stage2/Drishti_GS/pair02,1,2,Drishti_GS,2,P4,True,old_3,14.199353452869133,0.6585532142590553,0.0,True
B0/seed1/stage2/Drishti_GS/pair02,1,2,Drishti_GS,2,P4,True,old_4,15.585989640439768,9.159339953157541e-16,0.061869907290774566,True
B0/seed1/stage2/Drishti_GS/pair03,1,2,Drishti_GS,3,P1,False,global_supervised,1.086961995467441,1.0813718489616608,0.0,True
B0/seed1/stage2/Drishti_GS/pair03,1,2,Drishti_GS,3,P2,False,global_supervised,1.086961995467441,0.5048580241991338,0.0,True
B0/seed1/stage2/Drishti_GS/pair03,1,2,Drishti_GS,3,P2,False,class_sup_0,0.49962948284743214,4.978656376053436e-16,0.8941274880286852,True
B0/seed1/stage2/Drishti_GS/pair03,1,2,Drishti_GS,3,P2,False,class_old_0,1.9589207472483332,-6.696032617270475e-16,0.0427858972225419,True
B0/seed1/stage2/Drishti_GS/pair03,1,2,Drishti_GS,3,P2,False,class_sup_1,8.679212622354576,-4.551914400963142e-15,1.1804825317674446,True
B0/seed1/stage2/Drishti_GS/pair03,1,2,Drishti_GS,3,P2,False,class_old_1,11.788468445347462,2.1163626406917047e-16,0.019229217195112454,True
B0/seed1/stage2/Drishti_GS/pair03,1,2,Drishti_GS,3,P2,False,class_sup_2,20.469914810539667,5.63880660418234,0.0,True
B0/seed1/stage2/Drishti_GS/pair03,1,2,Drishti_GS,3,P2,False,class_old_2,15.581745806769213,4.218847493575595e-15,0.12926940396949874,True
B0/seed1/stage2/Drishti_GS/pair03,1,2,Drishti_GS,3,P3,False,global_supervised,1.086961995467441,0.33634896424168803,0.0,True
B0/seed1/stage2/Drishti_GS/pair03,1,2,Drishti_GS,3,P3,False,sup_0,1.1597291540125696,5.551115123125783e-17,0.4582512011726221,True
B0/seed1/stage2/Drishti_GS/pair03,1,2,Drishti_GS,3,P3,False,sup_1,0.06512252640682921,-2.47198095326695e-17,0.14649658547162048,True
B0/seed1/stage2/Drishti_GS/pair03,1,2,Drishti_GS,3,P3,False,sup_2,12.088574200595486,0.960698773670221,0.0,True
B0/seed1/stage2/Drishti_GS/pair03,1,2,Drishti_GS,3,P3,False,sup_3,7.456241112054723,2.220446049250313e-15,1.0067504902432474,True
B0/seed1/stage2/Drishti_GS/pair03,1,2,Drishti_GS,3,P3,False,sup_4,18.296697110486466,2.2833839337726354,0.0,True
B0/seed1/stage2/Drishti_GS/pair03,1,2,Drishti_GS,3,P3,False,sup_5,27.31072108539275,4.1525076456038175,0.0,True
B0/seed1/stage2/Drishti_GS/pair03,1,2,Drishti_GS,3,P4,True,global_supervised,1.086961995467441,0.3203354665023069,0.0,True
B0/seed1/stage2/Drishti_GS/pair03,1,2,Drishti_GS,3,P4,True,sup_0,1.1597291540125696,-4.163336342344337e-17,0.49006032701968727,True
B0/seed1/stage2/Drishti_GS/pair03,1,2,Drishti_GS,3,P4,True,sup_1,0.06512252640682921,-8.673617379884035e-19,0.07447837540058497,True
B0/seed1/stage2/Drishti_GS/pair03,1,2,Drishti_GS,3,P4,True,sup_2,12.088574200595486,0.8698097485046067,0.0,True
B0/seed1/stage2/Drishti_GS/pair03,1,2,Drishti_GS,3,P4,True,sup_3,7.456241112054723,1.6653345369377348e-16,1.0202234096140042,True
B0/seed1/stage2/Drishti_GS/pair03,1,2,Drishti_GS,3,P4,True,sup_4,18.296697110486466,1.9514346133716651,0.0,True
B0/seed1/stage2/Drishti_GS/pair03,1,2,Drishti_GS,3,P4,True,sup_5,27.31072108539275,3.8863993308479436,0.0,True
B0/seed1/stage2/Drishti_GS/pair03,1,2,Drishti_GS,3,P4,True,old_0,1.384673761144557,-4.657732532997727e-16,0.06599298657599238,True
B0/seed1/stage2/Drishti_GS/pair03,1,2,Drishti_GS,3,P4,True,old_1,3.0370380636239993,0.004939018394826782,0.0,True
B0/seed1/stage2/Drishti_GS/pair03,1,2,Drishti_GS,3,P4,True,old_2,8.577910054689445,0.5506859628461851,0.0,True
B0/seed1/stage2/Drishti_GS/pair03,1,2,Drishti_GS,3,P4,True,old_3,14.199353452869133,0.5624093715744114,0.0,True
B0/seed1/stage2/Drishti_GS/pair03,1,2,Drishti_GS,3,P4,True,old_4,15.585989640439768,1.942890293094024e-16,0.11330158661291201,True
B0/seed1/stage2/Drishti_GS/pair04,1,2,Drishti_GS,4,P1,False,global_supervised,1.9084512055304175,2.612565041121579,0.0,True
B0/seed1/stage2/Drishti_GS/pair04,1,2,Drishti_GS,4,P2,False,global_supervised,1.9084512055304175,1.0796743020462596,0.0,True
B0/seed1/stage2/Drishti_GS/pair04,1,2,Drishti_GS,4,P2,False,class_sup_0,0.49962948284743214,4.77048955893622e-16,1.1036937359079484,True
B0/seed1/stage2/Drishti_GS/pair04,1,2,Drishti_GS,4,P2,False,class_old_0,1.9589207472483332,-1.2524703496552547e-15,0.01089401395104474,True
B0/seed1/stage2/Drishti_GS/pair04,1,2,Drishti_GS,4,P2,False,class_sup_1,8.679212622354576,-5.551115123125783e-15,1.6523752238065834,True
B0/seed1/stage2/Drishti_GS/pair04,1,2,Drishti_GS,4,P2,False,class_old_1,11.788468445347462,8.104628079763643e-15,0.10624271558449586,True
B0/seed1/stage2/Drishti_GS/pair04,1,2,Drishti_GS,4,P2,False,class_sup_2,20.469914810539667,7.575595700957759,0.0,True
B0/seed1/stage2/Drishti_GS/pair04,1,2,Drishti_GS,4,P2,False,class_old_2,15.581745806769213,8.770761894538737e-15,0.14361886974216692,True
B0/seed1/stage2/Drishti_GS/pair04,1,2,Drishti_GS,4,P3,False,global_supervised,1.9084512055304175,0.7249676056562661,0.0,True
B0/seed1/stage2/Drishti_GS/pair04,1,2,Drishti_GS,4,P3,False,sup_0,1.1597291540125696,-7.771561172376096e-16,0.7313106606514497,True
B0/seed1/stage2/Drishti_GS/pair04,1,2,Drishti_GS,4,P3,False,sup_1,0.06512252640682921,0.0026810410461018735,0.0,True
B0/seed1/stage2/Drishti_GS/pair04,1,2,Drishti_GS,4,P3,False,sup_2,12.088574200595486,1.0825284188940916,0.0,True
B0/seed1/stage2/Drishti_GS/pair04,1,2,Drishti_GS,4,P3,False,sup_3,7.456241112054723,3.552713678800501e-15,1.4012009772324385,True
B0/seed1/stage2/Drishti_GS/pair04,1,2,Drishti_GS,4,P3,False,sup_4,18.296697110486466,3.708348143996868,0.0,True
B0/seed1/stage2/Drishti_GS/pair04,1,2,Drishti_GS,4,P3,False,sup_5,27.31072108539275,4.86348397471491,0.0,True
B0/seed1/stage2/Drishti_GS/pair04,1,2,Drishti_GS,4,P4,True,global_supervised,1.9084512055304175,0.6840145355373198,0.0,True
B0/seed1/stage2/Drishti_GS/pair04,1,2,Drishti_GS,4,P4,True,sup_0,1.1597291540125696,-6.123573870198129e-16,0.6918706661028553,True
B0/seed1/stage2/Drishti_GS/pair04,1,2,Drishti_GS,4,P4,True,sup_1,0.06512252640682921,0.0038169242301119327,0.0,True
B0/seed1/stage2/Drishti_GS/pair04,1,2,Drishti_GS,4,P4,True,sup_2,12.088574200595486,0.8856089913708776,0.0,True
B0/seed1/stage2/Drishti_GS/pair04,1,2,Drishti_GS,4,P4,True,sup_3,7.456241112054723,1.021405182655144e-14,1.4196842989177927,True
B0/seed1/stage2/Drishti_GS/pair04,1,2,Drishti_GS,4,P4,True,sup_4,18.296697110486466,3.3656740268583603,0.0,True
B0/seed1/stage2/Drishti_GS/pair04,1,2,Drishti_GS,4,P4,True,sup_5,27.31072108539275,4.493682700682427,0.0,True
B0/seed1/stage2/Drishti_GS/pair04,1,2,Drishti_GS,4,P4,True,old_0,1.384673761144557,-3.469446951953614e-16,0.0752922346188779,True
B0/seed1/stage2/Drishti_GS/pair04,1,2,Drishti_GS,4,P4,True,old_1,3.0370380636239993,0.11465787794783128,0.0,True
B0/seed1/stage2/Drishti_GS/pair04,1,2,Drishti_GS,4,P4,True,old_2,8.577910054689445,0.8926421038951181,0.0,True
B0/seed1/stage2/Drishti_GS/pair04,1,2,Drishti_GS,4,P4,True,old_3,14.199353452869133,0.28998181721739863,0.0,True
B0/seed1/stage2/Drishti_GS/pair04,1,2,Drishti_GS,4,P4,True,old_4,15.585989640439768,-2.7478019859472624e-15,0.14164004198295999,True
B0/seed1/stage2/Drishti_GS/pair05,1,2,Drishti_GS,5,P1,False,global_supervised,0.9530487708858792,0.2752867353321475,0.0,True
B0/seed1/stage2/Drishti_GS/pair05,1,2,Drishti_GS,5,P2,False,global_supervised,0.9530487708858792,0.14516081058623487,0.0,True
B0/seed1/stage2/Drishti_GS/pair05,1,2,Drishti_GS,5,P2,False,class_sup_0,0.49962948284743214,0.025229921776362376,0.0,True
B0/seed1/stage2/Drishti_GS/pair05,1,2,Drishti_GS,5,P2,False,class_old_0,1.9589207472483332,-1.0755285551056204e-16,0.02149597428091923,True
B0/seed1/stage2/Drishti_GS/pair05,1,2,Drishti_GS,5,P2,False,class_sup_1,8.679212622354576,-1.3877787807814457e-16,0.25041161763546294,True
B0/seed1/stage2/Drishti_GS/pair05,1,2,Drishti_GS,5,P2,False,class_old_1,11.788468445347462,0.6036508873406502,0.0,True
B0/seed1/stage2/Drishti_GS/pair05,1,2,Drishti_GS,5,P2,False,class_sup_2,20.469914810539667,0.2996773256767777,0.0,True
B0/seed1/stage2/Drishti_GS/pair05,1,2,Drishti_GS,5,P2,False,class_old_2,15.581745806769213,-2.7200464103316335e-15,0.11505531595074146,True
B0/seed1/stage2/Drishti_GS/pair05,1,2,Drishti_GS,5,P3,False,global_supervised,0.9530487708858792,0.17592519911454538,0.0,True
B0/seed1/stage2/Drishti_GS/pair05,1,2,Drishti_GS,5,P3,False,sup_0,1.1597291540125696,0.038508154914107834,0.0,True
B0/seed1/stage2/Drishti_GS/pair05,1,2,Drishti_GS,5,P3,False,sup_1,0.06512252640682921,0.004358720663811629,0.0,True
B0/seed1/stage2/Drishti_GS/pair05,1,2,Drishti_GS,5,P3,False,sup_2,12.088574200595486,0.08481184414197877,0.0,True
B0/seed1/stage2/Drishti_GS/pair05,1,2,Drishti_GS,5,P3,False,sup_3,7.456241112054723,4.996003610813204e-16,0.32542366144534934,True
B0/seed1/stage2/Drishti_GS/pair05,1,2,Drishti_GS,5,P3,False,sup_4,18.296697110486466,1.3373677226339957,0.0,True
B0/seed1/stage2/Drishti_GS/pair05,1,2,Drishti_GS,5,P3,False,sup_5,27.31072108539275,8.659739592076221e-15,0.1474444960163076,True
B0/seed1/stage2/Drishti_GS/pair05,1,2,Drishti_GS,5,P4,True,global_supervised,0.9530487708858792,0.15520131322013958,0.0,True
B0/seed1/stage2/Drishti_GS/pair05,1,2,Drishti_GS,5,P4,True,sup_0,1.1597291540125696,0.030206124518254114,0.0,True
B0/seed1/stage2/Drishti_GS/pair05,1,2,Drishti_GS,5,P4,True,sup_1,0.06512252640682921,0.004936030788158397,0.0,True
B0/seed1/stage2/Drishti_GS/pair05,1,2,Drishti_GS,5,P4,True,sup_2,12.088574200595486,-3.164135620181696e-15,0.0338780193120519,True
B0/seed1/stage2/Drishti_GS/pair05,1,2,Drishti_GS,5,P4,True,sup_3,7.456241112054723,-1.3877787807814457e-15,0.3695577795338647,True
B0/seed1/stage2/Drishti_GS/pair05,1,2,Drishti_GS,5,P4,True,sup_4,18.296697110486466,1.175920219170679,0.0,True
B0/seed1/stage2/Drishti_GS/pair05,1,2,Drishti_GS,5,P4,True,sup_5,27.31072108539275,1.0436096431476471e-14,0.18612813688036473,True
B0/seed1/stage2/Drishti_GS/pair05,1,2,Drishti_GS,5,P4,True,old_0,1.384673761144557,-3.5301622736128024e-16,0.08065915118589634,True
B0/seed1/stage2/Drishti_GS/pair05,1,2,Drishti_GS,5,P4,True,old_1,3.0370380636239993,0.06703274457212975,0.0,True
B0/seed1/stage2/Drishti_GS/pair05,1,2,Drishti_GS,5,P4,True,old_2,8.577910054689445,1.0244128272466193,0.0,True
B0/seed1/stage2/Drishti_GS/pair05,1,2,Drishti_GS,5,P4,True,old_3,14.199353452869133,0.2977156857695329,0.0,True
B0/seed1/stage2/Drishti_GS/pair05,1,2,Drishti_GS,5,P4,True,old_4,15.585989640439768,-1.2212453270876722e-15,0.1292068103117213,True
B0/seed1/stage2/Drishti_GS/pair06,1,2,Drishti_GS,6,P1,False,global_supervised,1.1201888495793866,0.48101565056973283,0.0,True
B0/seed1/stage2/Drishti_GS/pair06,1,2,Drishti_GS,6,P2,False,global_supervised,1.1201888495793866,0.29375585419776057,0.0,True
B0/seed1/stage2/Drishti_GS/pair06,1,2,Drishti_GS,6,P2,False,class_sup_0,0.49962948284743214,0.0009665827116740605,0.0,True
B0/seed1/stage2/Drishti_GS/pair06,1,2,Drishti_GS,6,P2,False,class_old_0,1.9589207472483332,0.05825718379080829,0.0,True
B0/seed1/stage2/Drishti_GS/pair06,1,2,Drishti_GS,6,P2,False,class_sup_1,8.679212622354576,8.881784197001252e-16,0.31092879553585906,True
B0/seed1/stage2/Drishti_GS/pair06,1,2,Drishti_GS,6,P2,False,class_old_1,11.788468445347462,4.163336342344337e-16,0.014892442145491666,True
B0/seed1/stage2/Drishti_GS/pair06,1,2,Drishti_GS,6,P2,False,class_sup_2,20.469914810539667,2.6656941401001317,0.0,True
B0/seed1/stage2/Drishti_GS/pair06,1,2,Drishti_GS,6,P2,False,class_old_2,15.581745806769213,-1.7208456881689926e-15,0.0633142300677702,True
B0/seed1/stage2/Drishti_GS/pair06,1,2,Drishti_GS,6,P3,False,global_supervised,1.1201888495793866,0.25235119831160424,0.0,True
B0/seed1/stage2/Drishti_GS/pair06,1,2,Drishti_GS,6,P3,False,sup_0,1.1597291540125696,0.02841212114553382,0.0,True
B0/seed1/stage2/Drishti_GS/pair06,1,2,Drishti_GS,6,P3,False,sup_1,0.06512252640682921,0.005446185409153714,0.0,True
B0/seed1/stage2/Drishti_GS/pair06,1,2,Drishti_GS,6,P3,False,sup_2,12.088574200595486,5.551115123125783e-17,0.028861348969821385,True
B0/seed1/stage2/Drishti_GS/pair06,1,2,Drishti_GS,6,P3,False,sup_3,7.456241112054723,-3.3306690738754696e-16,0.2761778950929447,True
B0/seed1/stage2/Drishti_GS/pair06,1,2,Drishti_GS,6,P3,False,sup_4,18.296697110486466,1.5861014879150235,0.0,True
B0/seed1/stage2/Drishti_GS/pair06,1,2,Drishti_GS,6,P3,False,sup_5,27.31072108539275,2.208128491141235,0.0,True
B0/seed1/stage2/Drishti_GS/pair06,1,2,Drishti_GS,6,P4,True,global_supervised,1.1201888495793866,0.2463791867147864,0.0,True
B0/seed1/stage2/Drishti_GS/pair06,1,2,Drishti_GS,6,P4,True,sup_0,1.1597291540125696,0.03091618747686286,0.0,True
B0/seed1/stage2/Drishti_GS/pair06,1,2,Drishti_GS,6,P4,True,sup_1,0.06512252640682921,0.005396856033160204,0.0,True
B0/seed1/stage2/Drishti_GS/pair06,1,2,Drishti_GS,6,P4,True,sup_2,12.088574200595486,-3.885780586188048e-16,0.052712369388043065,True
B0/seed1/stage2/Drishti_GS/pair06,1,2,Drishti_GS,6,P4,True,sup_3,7.456241112054723,-5.551115123125783e-17,0.2689035064589086,True
B0/seed1/stage2/Drishti_GS/pair06,1,2,Drishti_GS,6,P4,True,sup_4,18.296697110486466,1.4821075322771577,0.0,True
B0/seed1/stage2/Drishti_GS/pair06,1,2,Drishti_GS,6,P4,True,sup_5,27.31072108539275,2.1084503650831077,0.0,True
B0/seed1/stage2/Drishti_GS/pair06,1,2,Drishti_GS,6,P4,True,old_0,1.384673761144557,0.03033558579484593,0.0,True
B0/seed1/stage2/Drishti_GS/pair06,1,2,Drishti_GS,6,P4,True,old_1,3.0370380636239993,0.06746385962726989,0.0,True
B0/seed1/stage2/Drishti_GS/pair06,1,2,Drishti_GS,6,P4,True,old_2,8.577910054689445,0.5750017866976571,0.0,True
B0/seed1/stage2/Drishti_GS/pair06,1,2,Drishti_GS,6,P4,True,old_3,14.199353452869133,0.27050989523223445,0.0,True
B0/seed1/stage2/Drishti_GS/pair06,1,2,Drishti_GS,6,P4,True,old_4,15.585989640439768,1.7486012637846216e-15,0.05142557083871975,True
B0/seed1/stage2/Drishti_GS/pair07,1,2,Drishti_GS,7,P1,False,global_supervised,1.3478491328698354,1.6420115505005146,0.0,True
B0/seed1/stage2/Drishti_GS/pair07,1,2,Drishti_GS,7,P2,False,global_supervised,1.3478491328698354,0.7145208473855508,0.0,True
B0/seed1/stage2/Drishti_GS/pair07,1,2,Drishti_GS,7,P2,False,class_sup_0,0.49962948284743214,7.441963711940502e-16,1.1091627789143508,True
B0/seed1/stage2/Drishti_GS/pair07,1,2,Drishti_GS,7,P2,False,class_old_0,1.9589207472483332,-1.2420620087993939e-15,0.004814516737169769,True
B0/seed1/stage2/Drishti_GS/pair07,1,2,Drishti_GS,7,P2,False,class_sup_1,8.679212622354576,-8.215650382226158e-15,1.4845012918649747,True
B0/seed1/stage2/Drishti_GS/pair07,1,2,Drishti_GS,7,P2,False,class_old_1,11.788468445347462,4.3298697960381105e-15,0.00918249101225671,True
B0/seed1/stage2/Drishti_GS/pair07,1,2,Drishti_GS,7,P2,False,class_sup_2,20.469914810539667,7.564343834985339,0.0,True
B0/seed1/stage2/Drishti_GS/pair07,1,2,Drishti_GS,7,P2,False,class_old_2,15.581745806769213,8.992806499463768e-15,0.1246174408594031,True
B0/seed1/stage2/Drishti_GS/pair07,1,2,Drishti_GS,7,P3,False,global_supervised,1.3478491328698354,0.4665183042466352,0.0,True
B0/seed1/stage2/Drishti_GS/pair07,1,2,Drishti_GS,7,P3,False,sup_0,1.1597291540125696,-5.551115123125783e-16,0.6941928875033259,True
B0/seed1/stage2/Drishti_GS/pair07,1,2,Drishti_GS,7,P3,False,sup_1,0.06512252640682921,0.0004750534403644667,0.0,True
B0/seed1/stage2/Drishti_GS/pair07,1,2,Drishti_GS,7,P3,False,sup_2,12.088574200595486,1.150332515514447,0.0,True
B0/seed1/stage2/Drishti_GS/pair07,1,2,Drishti_GS,7,P3,False,sup_3,7.456241112054723,2.7755575615628914e-15,1.2443286337116206,True
B0/seed1/stage2/Drishti_GS/pair07,1,2,Drishti_GS,7,P3,False,sup_4,18.296697110486466,3.49973061912818,0.0,True
B0/seed1/stage2/Drishti_GS/pair07,1,2,Drishti_GS,7,P3,False,sup_5,27.31072108539275,5.71293993194525,0.0,True
B0/seed1/stage2/Drishti_GS/pair07,1,2,Drishti_GS,7,P4,True,global_supervised,1.3478491328698354,0.44314107326260854,0.0,True
B0/seed1/stage2/Drishti_GS/pair07,1,2,Drishti_GS,7,P4,True,sup_0,1.1597291540125696,-4.978656376053436e-16,0.6782500042031216,True
B0/seed1/stage2/Drishti_GS/pair07,1,2,Drishti_GS,7,P4,True,sup_1,0.06512252640682921,0.0021475239427100265,0.0,True
B0/seed1/stage2/Drishti_GS/pair07,1,2,Drishti_GS,7,P4,True,sup_2,12.088574200595486,0.893756596089347,0.0,True
B0/seed1/stage2/Drishti_GS/pair07,1,2,Drishti_GS,7,P4,True,sup_3,7.456241112054723,6.8833827526759706e-15,1.2723034932168997,True
B0/seed1/stage2/Drishti_GS/pair07,1,2,Drishti_GS,7,P4,True,sup_4,18.296697110486466,3.205822625836013,0.0,True
B0/seed1/stage2/Drishti_GS/pair07,1,2,Drishti_GS,7,P4,True,sup_5,27.31072108539275,5.374086919317922,0.0,True
B0/seed1/stage2/Drishti_GS/pair07,1,2,Drishti_GS,7,P4,True,old_0,1.384673761144557,-6.314393452555578e-16,0.1069752079703572,True
B0/seed1/stage2/Drishti_GS/pair07,1,2,Drishti_GS,7,P4,True,old_1,3.0370380636239993,0.17863041246675804,0.0,True
B0/seed1/stage2/Drishti_GS/pair07,1,2,Drishti_GS,7,P4,True,old_2,8.577910054689445,0.9556054163631919,0.0,True
B0/seed1/stage2/Drishti_GS/pair07,1,2,Drishti_GS,7,P4,True,old_3,14.199353452869133,0.6925348657787143,0.0,True
B0/seed1/stage2/Drishti_GS/pair07,1,2,Drishti_GS,7,P4,True,old_4,15.585989640439768,-2.6922908347160046e-15,0.09826256737569855,True
B0/seed2/stage1/RIM_ONE_r3/pair00,2,1,RIM_ONE_r3,0,P1,False,global_supervised,1.2156747244456283,1.482508238416969,0.0,True
B0/seed2/stage1/RIM_ONE_r3/pair00,2,1,RIM_ONE_r3,0,P2,False,global_supervised,1.2156747244456283,1.0727030557251886,0.0,True
B0/seed2/stage1/RIM_ONE_r3/pair00,2,1,RIM_ONE_r3,0,P2,False,class_sup_0,0.742385327928473,0.2763657602615476,0.0,True
B0/seed2/stage1/RIM_ONE_r3/pair00,2,1,RIM_ONE_r3,0,P2,False,class_old_0,1.7396642160991693,-9.71445146547012e-17,0.16520618915022786,True
B0/seed2/stage1/RIM_ONE_r3/pair00,2,1,RIM_ONE_r3,0,P2,False,class_sup_1,23.5626039382762,6.587646629176332,0.0,True
B0/seed2/stage1/RIM_ONE_r3/pair00,2,1,RIM_ONE_r3,0,P2,False,class_old_1,10.30135710977039,2.19374924781135,0.0,True
B0/seed2/stage1/RIM_ONE_r3/pair00,2,1,RIM_ONE_r3,0,P2,False,class_sup_2,6.133107769339195,-1.5543122344752192e-15,0.6299751683581203,True
B0/seed2/stage1/RIM_ONE_r3/pair00,2,1,RIM_ONE_r3,0,P2,False,class_old_2,5.915787835367721,0.46646311964848314,0.0,True
B0/seed2/stage1/RIM_ONE_r3/pair00,2,1,RIM_ONE_r3,0,P3,False,global_supervised,1.2156747244456283,1.0928740479052712,0.0,True
B0/seed2/stage1/RIM_ONE_r3/pair00,2,1,RIM_ONE_r3,0,P3,False,sup_0,0.14940755671656528,0.07391570868879271,0.0,True
B0/seed2/stage1/RIM_ONE_r3/pair00,2,1,RIM_ONE_r3,0,P3,False,sup_1,1.3684618209978934,0.5308600971874243,0.0,True
B0/seed2/stage1/RIM_ONE_r3/pair00,2,1,RIM_ONE_r3,0,P3,False,sup_2,24.521967149995223,7.143870858724824,0.0,True
B0/seed2/stage1/RIM_ONE_r3/pair00,2,1,RIM_ONE_r3,0,P3,False,sup_3,22.670603888840112,6.915334953570485,0.0,True
B0/seed2/stage1/RIM_ONE_r3/pair00,2,1,RIM_ONE_r3,0,P3,False,sup_4,6.377752800425103,0.04515768538364873,0.0,True
B0/seed2/stage1/RIM_ONE_r3/pair00,2,1,RIM_ONE_r3,0,P3,False,sup_5,5.934493189384333,-1.6653345369377348e-15,0.6265847905190642,True
B0/seed2/stage1/RIM_ONE_r3/pair00,2,1,RIM_ONE_r3,0,P4,True,global_supervised,1.2156747244456283,1.0288958296107886,0.0,True
B0/seed2/stage1/RIM_ONE_r3/pair00,2,1,RIM_ONE_r3,0,P4,True,sup_0,0.14940755671656528,0.0628738766021393,0.0,True
B0/seed2/stage1/RIM_ONE_r3/pair00,2,1,RIM_ONE_r3,0,P4,True,sup_1,1.3684618209978934,0.46700722957265256,0.0,True
B0/seed2/stage1/RIM_ONE_r3/pair00,2,1,RIM_ONE_r3,0,P4,True,sup_2,24.521967149995223,5.821859461616937,0.0,True
B0/seed2/stage1/RIM_ONE_r3/pair00,2,1,RIM_ONE_r3,0,P4,True,sup_3,22.670603888840112,5.758660970475697,0.0,True
B0/seed2/stage1/RIM_ONE_r3/pair00,2,1,RIM_ONE_r3,0,P4,True,sup_4,6.377752800425103,2.1094237467877974e-15,0.1455484482659687,True
B0/seed2/stage1/RIM_ONE_r3/pair00,2,1,RIM_ONE_r3,0,P4,True,sup_5,5.934493189384333,-2.3314683517128287e-15,0.48195357081682955,True
B0/seed2/stage1/RIM_ONE_r3/pair00,2,1,RIM_ONE_r3,0,P4,True,old_0,2.0925800384443445,0.23502152264124598,0.0,True
B0/seed2/stage1/RIM_ONE_r3/pair00,2,1,RIM_ONE_r3,0,P4,True,old_1,1.720423747819832,-1.0408340855860843e-16,0.26000608713185436,True
B0/seed2/stage1/RIM_ONE_r3/pair00,2,1,RIM_ONE_r3,0,P4,True,old_2,12.514630955887666,1.8881140955262383,0.0,True
B0/seed2/stage1/RIM_ONE_r3/pair00,2,1,RIM_ONE_r3,0,P4,True,old_3,9.81976887762162,2.141863518043549,0.0,True
B0/seed2/stage1/RIM_ONE_r3/pair00,2,1,RIM_ONE_r3,0,P4,True,old_4,16.446601392418412,-2.3314683517128287e-15,0.008539571609374498,True
B0/seed2/stage1/RIM_ONE_r3/pair00,2,1,RIM_ONE_r3,0,P4,True,old_5,5.438775709417012,0.4643334283055149,0.0,True
B0/seed2/stage1/RIM_ONE_r3/pair01,2,1,RIM_ONE_r3,1,P1,False,global_supervised,2.0792292293430124,4.25541372590932,0.0,True
B0/seed2/stage1/RIM_ONE_r3/pair01,2,1,RIM_ONE_r3,1,P2,False,global_supervised,2.0792292293430124,2.806854069047539,0.0,True
B0/seed2/stage1/RIM_ONE_r3/pair01,2,1,RIM_ONE_r3,1,P2,False,class_sup_0,0.742385327928473,0.837032870407384,0.0,True
B0/seed2/stage1/RIM_ONE_r3/pair01,2,1,RIM_ONE_r3,1,P2,False,class_old_0,1.7396642160991693,-4.85722573273506e-16,0.5800904465788583,True
B0/seed2/stage1/RIM_ONE_r3/pair01,2,1,RIM_ONE_r3,1,P2,False,class_sup_1,23.5626039382762,15.885747618759657,0.0,True
B0/seed2/stage1/RIM_ONE_r3/pair01,2,1,RIM_ONE_r3,1,P2,False,class_old_1,10.30135710977039,6.669766730324943,0.0,True
B0/seed2/stage1/RIM_ONE_r3/pair01,2,1,RIM_ONE_r3,1,P2,False,class_sup_2,6.133107769339195,-3.1086244689504383e-15,1.042871298163211,True
B0/seed2/stage1/RIM_ONE_r3/pair01,2,1,RIM_ONE_r3,1,P2,False,class_old_2,5.915787835367721,1.2297533608002498,0.0,True
B0/seed2/stage1/RIM_ONE_r3/pair01,2,1,RIM_ONE_r3,1,P3,False,global_supervised,2.0792292293430124,3.0694514798653585,0.0,True
B0/seed2/stage1/RIM_ONE_r3/pair01,2,1,RIM_ONE_r3,1,P3,False,sup_0,0.14940755671656528,0.13916287367835128,0.0,True
B0/seed2/stage1/RIM_ONE_r3/pair01,2,1,RIM_ONE_r3,1,P3,False,sup_1,1.3684618209978934,1.7153056562377662,0.0,True
B0/seed2/stage1/RIM_ONE_r3/pair01,2,1,RIM_ONE_r3,1,P3,False,sup_2,24.521967149995223,18.28048701172839,0.0,True
B0/seed2/stage1/RIM_ONE_r3/pair01,2,1,RIM_ONE_r3,1,P3,False,sup_3,22.670603888840112,17.245966072018213,0.0,True
B0/seed2/stage1/RIM_ONE_r3/pair01,2,1,RIM_ONE_r3,1,P3,False,sup_4,6.377752800425103,0.3626823528706926,0.0,True
B0/seed2/stage1/RIM_ONE_r3/pair01,2,1,RIM_ONE_r3,1,P3,False,sup_5,5.934493189384333,-1.7486012637846216e-15,1.0436785385799014,True
B0/seed2/stage1/RIM_ONE_r3/pair01,2,1,RIM_ONE_r3,1,P4,True,global_supervised,2.0792292293430124,2.7525100611326523,0.0,True
B0/seed2/stage1/RIM_ONE_r3/pair01,2,1,RIM_ONE_r3,1,P4,True,sup_0,0.14940755671656528,0.11540945290382736,0.0,True
B0/seed2/stage1/RIM_ONE_r3/pair01,2,1,RIM_ONE_r3,1,P4,True,sup_1,1.3684618209978934,1.5714308655926759,0.0,True
B0/seed2/stage1/RIM_ONE_r3/pair01,2,1,RIM_ONE_r3,1,P4,True,sup_2,24.521967149995223,15.173615243482217,0.0,True
B0/seed2/stage1/RIM_ONE_r3/pair01,2,1,RIM_ONE_r3,1,P4,True,sup_3,22.670603888840112,14.599686146352353,0.0,True
B0/seed2/stage1/RIM_ONE_r3/pair01,2,1,RIM_ONE_r3,1,P4,True,sup_4,6.377752800425103,0.21731223036617864,0.0,True
B0/seed2/stage1/RIM_ONE_r3/pair01,2,1,RIM_ONE_r3,1,P4,True,sup_5,5.934493189384333,-1.2212453270876722e-15,1.0550162793024718,True
B0/seed2/stage1/RIM_ONE_r3/pair01,2,1,RIM_ONE_r3,1,P4,True,old_0,2.0925800384443445,-1.7208456881689926e-15,0.23924652061732823,True
B0/seed2/stage1/RIM_ONE_r3/pair01,2,1,RIM_ONE_r3,1,P4,True,old_1,1.720423747819832,2.7755575615628914e-17,0.3823286893062175,True
B0/seed2/stage1/RIM_ONE_r3/pair01,2,1,RIM_ONE_r3,1,P4,True,old_2,12.514630955887666,6.151170312358204,0.0,True
B0/seed2/stage1/RIM_ONE_r3/pair01,2,1,RIM_ONE_r3,1,P4,True,old_3,9.81976887762162,6.578363262256353,0.0,True
B0/seed2/stage1/RIM_ONE_r3/pair01,2,1,RIM_ONE_r3,1,P4,True,old_4,16.446601392418412,3.098191515771676,0.0,True
B0/seed2/stage1/RIM_ONE_r3/pair01,2,1,RIM_ONE_r3,1,P4,True,old_5,5.438775709417012,1.1313044776970043,0.0,True
B0/seed2/stage1/RIM_ONE_r3/pair02,2,1,RIM_ONE_r3,2,P1,False,global_supervised,5.115244799867412,25.559509978089842,0.0,True
B0/seed2/stage1/RIM_ONE_r3/pair02,2,1,RIM_ONE_r3,2,P2,False,global_supervised,5.115244799867412,18.146283859830877,0.0,True
B0/seed2/stage1/RIM_ONE_r3/pair02,2,1,RIM_ONE_r3,2,P2,False,class_sup_0,0.742385327928473,1.5738328299267024,0.0,True
B0/seed2/stage1/RIM_ONE_r3/pair02,2,1,RIM_ONE_r3,2,P2,False,class_old_0,1.7396642160991693,1.1102230246251565e-15,1.6255523924086872,True
B0/seed2/stage1/RIM_ONE_r3/pair02,2,1,RIM_ONE_r3,2,P2,False,class_sup_1,23.5626039382762,51.9360241569467,0.0,True
B0/seed2/stage1/RIM_ONE_r3/pair02,2,1,RIM_ONE_r3,2,P2,False,class_old_1,10.30135710977039,14.146880395176154,0.0,True
B0/seed2/stage1/RIM_ONE_r3/pair02,2,1,RIM_ONE_r3,2,P2,False,class_sup_2,6.133107769339195,-7.729927808952652e-15,2.219092880079787,True
B0/seed2/stage1/RIM_ONE_r3/pair02,2,1,RIM_ONE_r3,2,P2,False,class_old_2,5.915787835367721,1.8503513049205211,0.0,True
B0/seed2/stage1/RIM_ONE_r3/pair02,2,1,RIM_ONE_r3,2,P3,False,global_supervised,5.115244799867412,20.254482159222277,0.0,True
B0/seed2/stage1/RIM_ONE_r3/pair02,2,1,RIM_ONE_r3,2,P3,False,sup_0,0.14940755671656528,0.3190963380518327,0.0,True
B0/seed2/stage1/RIM_ONE_r3/pair02,2,1,RIM_ONE_r3,2,P3,False,sup_1,1.3684618209978934,3.332449942121834,0.0,True
B0/seed2/stage1/RIM_ONE_r3/pair02,2,1,RIM_ONE_r3,2,P3,False,sup_2,24.521967149995223,58.289693632134025,0.0,True
B0/seed2/stage1/RIM_ONE_r3/pair02,2,1,RIM_ONE_r3,2,P3,False,sup_3,22.670603888840112,55.38031089689916,0.0,True
B0/seed2/stage1/RIM_ONE_r3/pair02,2,1,RIM_ONE_r3,2,P3,False,sup_4,6.377752800425103,1.5144618057902213,0.0,True
B0/seed2/stage1/RIM_ONE_r3/pair02,2,1,RIM_ONE_r3,2,P3,False,sup_5,5.934493189384333,-4.3298697960381105e-15,2.2590734425348384,True
B0/seed2/stage1/RIM_ONE_r3/pair02,2,1,RIM_ONE_r3,2,P4,True,global_supervised,5.115244799867412,16.79225482295956,0.0,True
B0/seed2/stage1/RIM_ONE_r3/pair02,2,1,RIM_ONE_r3,2,P4,True,sup_0,0.14940755671656528,0.23841899692734642,0.0,True
B0/seed2/stage1/RIM_ONE_r3/pair02,2,1,RIM_ONE_r3,2,P4,True,sup_1,1.3684618209978934,2.8680600678369457,0.0,True
B0/seed2/stage1/RIM_ONE_r3/pair02,2,1,RIM_ONE_r3,2,P4,True,sup_2,24.521967149995223,47.89998193013341,0.0,True
B0/seed2/stage1/RIM_ONE_r3/pair02,2,1,RIM_ONE_r3,2,P4,True,sup_3,22.670603888840112,46.44620661676459,0.0,True
B0/seed2/stage1/RIM_ONE_r3/pair02,2,1,RIM_ONE_r3,2,P4,True,sup_4,6.377752800425103,1.0298610116668434,0.0,True
B0/seed2/stage1/RIM_ONE_r3/pair02,2,1,RIM_ONE_r3,2,P4,True,sup_5,5.934493189384333,-4.718447854656915e-15,2.2386054643812057,True
B0/seed2/stage1/RIM_ONE_r3/pair02,2,1,RIM_ONE_r3,2,P4,True,old_0,2.0925800384443445,0.15020303015368452,0.0,True
B0/seed2/stage1/RIM_ONE_r3/pair02,2,1,RIM_ONE_r3,2,P4,True,old_1,1.720423747819832,1.4155343563970746e-15,1.842874538698674,True
B0/seed2/stage1/RIM_ONE_r3/pair02,2,1,RIM_ONE_r3,2,P4,True,old_2,12.514630955887666,9.589418063400592,0.0,True
B0/seed2/stage1/RIM_ONE_r3/pair02,2,1,RIM_ONE_r3,2,P4,True,old_3,9.81976887762162,14.760142352634364,0.0,True
B0/seed2/stage1/RIM_ONE_r3/pair02,2,1,RIM_ONE_r3,2,P4,True,old_4,16.446601392418412,5.668217368591668,0.0,True
B0/seed2/stage1/RIM_ONE_r3/pair02,2,1,RIM_ONE_r3,2,P4,True,old_5,5.438775709417012,1.605578417545153,0.0,True
B0/seed2/stage1/RIM_ONE_r3/pair03,2,1,RIM_ONE_r3,3,P1,False,global_supervised,2.665072522111886,6.9295847382174145,0.0,True
B0/seed2/stage1/RIM_ONE_r3/pair03,2,1,RIM_ONE_r3,3,P2,False,global_supervised,2.665072522111886,6.29420011967208,0.0,True
B0/seed2/stage1/RIM_ONE_r3/pair03,2,1,RIM_ONE_r3,3,P2,False,class_sup_0,0.742385327928473,1.194767383005717,0.0,True
B0/seed2/stage1/RIM_ONE_r3/pair03,2,1,RIM_ONE_r3,3,P2,False,class_old_0,1.7396642160991693,1.6132928326584306e-16,0.15713786258640017,True
B0/seed2/stage1/RIM_ONE_r3/pair03,2,1,RIM_ONE_r3,3,P2,False,class_sup_1,23.5626039382762,10.386606355960106,0.0,True
B0/seed2/stage1/RIM_ONE_r3/pair03,2,1,RIM_ONE_r3,3,P2,False,class_old_1,10.30135710977039,9.358644210412589,0.0,True
B0/seed2/stage1/RIM_ONE_r3/pair03,2,1,RIM_ONE_r3,3,P2,False,class_sup_2,6.133107769339195,-7.771561172376096e-16,0.6741599945189332,True
B0/seed2/stage1/RIM_ONE_r3/pair03,2,1,RIM_ONE_r3,3,P2,False,class_old_2,5.915787835367721,1.435214444027655,0.0,True
B0/seed2/stage1/RIM_ONE_r3/pair03,2,1,RIM_ONE_r3,3,P3,False,global_supervised,2.665072522111886,6.294593723934846,0.0,True
B0/seed2/stage1/RIM_ONE_r3/pair03,2,1,RIM_ONE_r3,3,P3,False,sup_0,0.14940755671656528,0.12201929822469075,0.0,True
B0/seed2/stage1/RIM_ONE_r3/pair03,2,1,RIM_ONE_r3,3,P3,False,sup_1,1.3684618209978934,2.3285902843868027,0.0,True
B0/seed2/stage1/RIM_ONE_r3/pair03,2,1,RIM_ONE_r3,3,P3,False,sup_2,24.521967149995223,10.564842746506047,0.0,True
B0/seed2/stage1/RIM_ONE_r3/pair03,2,1,RIM_ONE_r3,3,P3,False,sup_3,22.670603888840112,10.539808586715333,0.0,True
B0/seed2/stage1/RIM_ONE_r3/pair03,2,1,RIM_ONE_r3,3,P3,False,sup_4,6.377752800425103,0.18715135006151568,0.0,True
B0/seed2/stage1/RIM_ONE_r3/pair03,2,1,RIM_ONE_r3,3,P3,False,sup_5,5.934493189384333,-3.7192471324942744e-15,0.6827212526975496,True
B0/seed2/stage1/RIM_ONE_r3/pair03,2,1,RIM_ONE_r3,3,P4,True,global_supervised,2.665072522111886,6.22985646156693,0.0,True
B0/seed2/stage1/RIM_ONE_r3/pair03,2,1,RIM_ONE_r3,3,P4,True,sup_0,0.14940755671656528,0.1146951875191185,0.0,True
B0/seed2/stage1/RIM_ONE_r3/pair03,2,1,RIM_ONE_r3,3,P4,True,sup_1,1.3684618209978934,2.2789708358724305,0.0,True
B0/seed2/stage1/RIM_ONE_r3/pair03,2,1,RIM_ONE_r3,3,P4,True,sup_2,24.521967149995223,9.57165069271565,0.0,True
B0/seed2/stage1/RIM_ONE_r3/pair03,2,1,RIM_ONE_r3,3,P4,True,sup_3,22.670603888840112,9.712192442691633,0.0,True
B0/seed2/stage1/RIM_ONE_r3/pair03,2,1,RIM_ONE_r3,3,P4,True,sup_4,6.377752800425103,0.1403481268631736,0.0,True
B0/seed2/stage1/RIM_ONE_r3/pair03,2,1,RIM_ONE_r3,3,P4,True,sup_5,5.934493189384333,-4.107825191113079e-15,0.6989901002014605,True
B0/seed2/stage1/RIM_ONE_r3/pair03,2,1,RIM_ONE_r3,3,P4,True,old_0,2.0925800384443445,-2.220446049250313e-16,0.2497588442251535,True
B0/seed2/stage1/RIM_ONE_r3/pair03,2,1,RIM_ONE_r3,3,P4,True,old_1,1.720423747819832,0.3127978268689479,0.0,True
B0/seed2/stage1/RIM_ONE_r3/pair03,2,1,RIM_ONE_r3,3,P4,True,old_2,12.514630955887666,10.983017911628265,0.0,True
B0/seed2/stage1/RIM_ONE_r3/pair03,2,1,RIM_ONE_r3,3,P4,True,old_3,9.81976887762162,8.396942314531131,0.0,True
B0/seed2/stage1/RIM_ONE_r3/pair03,2,1,RIM_ONE_r3,3,P4,True,old_4,16.446601392418412,3.312675939403399,0.0,True
B0/seed2/stage1/RIM_ONE_r3/pair03,2,1,RIM_ONE_r3,3,P4,True,old_5,5.438775709417012,1.2286359673426872,0.0,True
B0/seed2/stage1/RIM_ONE_r3/pair04,2,1,RIM_ONE_r3,4,P1,False,global_supervised,0.7139700929628177,0.4148102112427423,0.0,True
B0/seed2/stage1/RIM_ONE_r3/pair04,2,1,RIM_ONE_r3,4,P2,False,global_supervised,0.7139700929628177,0.31145339826126,0.0,True
B0/seed2/stage1/RIM_ONE_r3/pair04,2,1,RIM_ONE_r3,4,P2,False,class_sup_0,0.742385327928473,0.12401402907932386,0.0,True
B0/seed2/stage1/RIM_ONE_r3/pair04,2,1,RIM_ONE_r3,4,P2,False,class_old_0,1.7396642160991693,-3.2959746043559335e-17,0.039977633397406585,True
B0/seed2/stage1/RIM_ONE_r3/pair04,2,1,RIM_ONE_r3,4,P2,False,class_sup_1,23.5626039382762,2.8807766549829497,0.0,True
B0/seed2/stage1/RIM_ONE_r3/pair04,2,1,RIM_ONE_r3,4,P2,False,class_old_1,10.30135710977039,1.942890293094024e-16,0.03234299124890973,True
B0/seed2/stage1/RIM_ONE_r3/pair04,2,1,RIM_ONE_r3,4,P2,False,class_sup_2,6.133107769339195,-7.4593109467002705e-16,0.2755157012096319,True
B0/seed2/stage1/RIM_ONE_r3/pair04,2,1,RIM_ONE_r3,4,P2,False,class_old_2,5.915787835367721,0.28341534023889503,0.0,True
B0/seed2/stage1/RIM_ONE_r3/pair04,2,1,RIM_ONE_r3,4,P3,False,global_supervised,0.7139700929628177,0.31275312718498555,0.0,True
B0/seed2/stage1/RIM_ONE_r3/pair04,2,1,RIM_ONE_r3,4,P3,False,sup_0,0.14940755671656528,0.006456666773201055,0.0,True
B0/seed2/stage1/RIM_ONE_r3/pair04,2,1,RIM_ONE_r3,4,P3,False,sup_1,1.3684618209978934,0.22698436244398199,0.0,True
B0/seed2/stage1/RIM_ONE_r3/pair04,2,1,RIM_ONE_r3,4,P3,False,sup_2,24.521967149995223,3.071367662318944,0.0,True
B0/seed2/stage1/RIM_ONE_r3/pair04,2,1,RIM_ONE_r3,4,P3,False,sup_3,22.670603888840112,3.0699896678648098,0.0,True
B0/seed2/stage1/RIM_ONE_r3/pair04,2,1,RIM_ONE_r3,4,P3,False,sup_4,6.377752800425103,-7.494005416219807e-16,0.26117108366484293,True
B0/seed2/stage1/RIM_ONE_r3/pair04,2,1,RIM_ONE_r3,4,P3,False,sup_5,5.934493189384333,0.02327346169616245,0.0,True
B0/seed2/stage1/RIM_ONE_r3/pair04,2,1,RIM_ONE_r3,4,P4,True,global_supervised,0.7139700929628177,0.30091481224158667,0.0,True
B0/seed2/stage1/RIM_ONE_r3/pair04,2,1,RIM_ONE_r3,4,P4,True,sup_0,0.14940755671656528,0.010443132326758971,0.0,True
B0/seed2/stage1/RIM_ONE_r3/pair04,2,1,RIM_ONE_r3,4,P4,True,sup_1,1.3684618209978934,0.26605604710966524,0.0,True
B0/seed2/stage1/RIM_ONE_r3/pair04,2,1,RIM_ONE_r3,4,P4,True,sup_2,24.521967149995223,2.6886695541591106,0.0,True
B0/seed2/stage1/RIM_ONE_r3/pair04,2,1,RIM_ONE_r3,4,P4,True,sup_3,22.670603888840112,2.734128454767312,0.0,True
B0/seed2/stage1/RIM_ONE_r3/pair04,2,1,RIM_ONE_r3,4,P4,True,sup_4,6.377752800425103,-9.020562075079397e-16,0.28465652104564104,True
B0/seed2/stage1/RIM_ONE_r3/pair04,2,1,RIM_ONE_r3,4,P4,True,sup_5,5.934493189384333,0.03268986001790754,0.0,True
B0/seed2/stage1/RIM_ONE_r3/pair04,2,1,RIM_ONE_r3,4,P4,True,old_0,2.0925800384443445,0.05288133648497534,0.0,True
B0/seed2/stage1/RIM_ONE_r3/pair04,2,1,RIM_ONE_r3,4,P4,True,old_1,1.720423747819832,-4.85722573273506e-17,0.07186547955883851,True
B0/seed2/stage1/RIM_ONE_r3/pair04,2,1,RIM_ONE_r3,4,P4,True,old_2,12.514630955887666,1.1657341758564144e-15,0.07416134303134293,True
B0/seed2/stage1/RIM_ONE_r3/pair04,2,1,RIM_ONE_r3,4,P4,True,old_3,9.81976887762162,0.4775645509031849,0.0,True
B0/seed2/stage1/RIM_ONE_r3/pair04,2,1,RIM_ONE_r3,4,P4,True,old_4,16.446601392418412,0.941833451074815,0.0,True
B0/seed2/stage1/RIM_ONE_r3/pair04,2,1,RIM_ONE_r3,4,P4,True,old_5,5.438775709417012,0.363951560586575,0.0,True
B0/seed2/stage1/RIM_ONE_r3/pair05,2,1,RIM_ONE_r3,5,P1,False,global_supervised,1.7246058193133045,2.516250897101514,0.0,True
B0/seed2/stage1/RIM_ONE_r3/pair05,2,1,RIM_ONE_r3,5,P2,False,global_supervised,1.7246058193133045,1.4937528484971923,0.0,True
B0/seed2/stage1/RIM_ONE_r3/pair05,2,1,RIM_ONE_r3,5,P2,False,class_sup_0,0.742385327928473,0.1027664326046109,0.0,True
B0/seed2/stage1/RIM_ONE_r3/pair05,2,1,RIM_ONE_r3,5,P2,False,class_old_0,1.7396642160991693,-1.4432899320127035e-15,0.37341220087128346,True
B0/seed2/stage1/RIM_ONE_r3/pair05,2,1,RIM_ONE_r3,5,P2,False,class_sup_1,23.5626039382762,11.953374284804553,0.0,True
B0/seed2/stage1/RIM_ONE_r3/pair05,2,1,RIM_ONE_r3,5,P2,False,class_old_1,10.30135710977039,2.6539479858412807,0.0,True
B0/seed2/stage1/RIM_ONE_r3/pair05,2,1,RIM_ONE_r3,5,P2,False,class_sup_2,6.133107769339195,-2.7755575615628914e-17,0.8760931345148362,True
B0/seed2/stage1/RIM_ONE_r3/pair05,2,1,RIM_ONE_r3,5,P2,False,class_old_2,5.915787835367721,4.2674197509029455e-16,0.05262226431598738,True
B0/seed2/stage1/RIM_ONE_r3/pair05,2,1,RIM_ONE_r3,5,P3,False,global_supervised,1.7246058193133045,1.621183018306379,0.0,True
B0/seed2/stage1/RIM_ONE_r3/pair05,2,1,RIM_ONE_r3,5,P3,False,sup_0,0.14940755671656528,0.036038608854314265,0.0,True
B0/seed2/stage1/RIM_ONE_r3/pair05,2,1,RIM_ONE_r3,5,P3,False,sup_1,1.3684618209978934,0.2565035863650753,0.0,True
B0/seed2/stage1/RIM_ONE_r3/pair05,2,1,RIM_ONE_r3,5,P3,False,sup_2,24.521967149995223,13.489004927636048,0.0,True
B0/seed2/stage1/RIM_ONE_r3/pair05,2,1,RIM_ONE_r3,5,P3,False,sup_3,22.670603888840112,12.781891891292178,0.0,True
B0/seed2/stage1/RIM_ONE_r3/pair05,2,1,RIM_ONE_r3,5,P3,False,sup_4,6.377752800425103,0.18811214604415638,0.0,True
B0/seed2/stage1/RIM_ONE_r3/pair05,2,1,RIM_ONE_r3,5,P3,False,sup_5,5.934493189384333,-1.4710455076283324e-15,0.868517189483498,True
B0/seed2/stage1/RIM_ONE_r3/pair05,2,1,RIM_ONE_r3,5,P4,True,global_supervised,1.7246058193133045,1.399529239890506,0.0,True
B0/seed2/stage1/RIM_ONE_r3/pair05,2,1,RIM_ONE_r3,5,P4,True,sup_0,0.14940755671656528,0.01915575671308456,0.0,True
B0/seed2/stage1/RIM_ONE_r3/pair05,2,1,RIM_ONE_r3,5,P4,True,sup_1,1.3684618209978934,0.17287176434169688,0.0,True
B0/seed2/stage1/RIM_ONE_r3/pair05,2,1,RIM_ONE_r3,5,P4,True,sup_2,24.521967149995223,11.091552556828447,0.0,True
B0/seed2/stage1/RIM_ONE_r3/pair05,2,1,RIM_ONE_r3,5,P4,True,sup_3,22.670603888840112,10.703185850757604,0.0,True
B0/seed2/stage1/RIM_ONE_r3/pair05,2,1,RIM_ONE_r3,5,P4,True,sup_4,6.377752800425103,0.08376453327364168,0.0,True
B0/seed2/stage1/RIM_ONE_r3/pair05,2,1,RIM_ONE_r3,5,P4,True,sup_5,5.934493189384333,-5.592748486549226e-15,0.8821976676883241,True
B0/seed2/stage1/RIM_ONE_r3/pair05,2,1,RIM_ONE_r3,5,P4,True,old_0,2.0925800384443445,0.06047792864396748,0.0,True
B0/seed2/stage1/RIM_ONE_r3/pair05,2,1,RIM_ONE_r3,5,P4,True,old_1,1.720423747819832,7.077671781985373e-16,0.43210125931794807,True
B0/seed2/stage1/RIM_ONE_r3/pair05,2,1,RIM_ONE_r3,5,P4,True,old_2,12.514630955887666,0.3668365132600643,0.0,True
B0/seed2/stage1/RIM_ONE_r3/pair05,2,1,RIM_ONE_r3,5,P4,True,old_3,9.81976887762162,3.3145819696430294,0.0,True
B0/seed2/stage1/RIM_ONE_r3/pair05,2,1,RIM_ONE_r3,5,P4,True,old_4,16.446601392418412,6.161737786669619e-15,0.07677282539652452,True
B0/seed2/stage1/RIM_ONE_r3/pair05,2,1,RIM_ONE_r3,5,P4,True,old_5,5.438775709417012,0.09478183756228133,0.0,True
B0/seed2/stage1/RIM_ONE_r3/pair06,2,1,RIM_ONE_r3,6,P1,False,global_supervised,1.716791285918029,2.920253204618491,0.0,True
B0/seed2/stage1/RIM_ONE_r3/pair06,2,1,RIM_ONE_r3,6,P2,False,global_supervised,1.716791285918029,1.1175177557966256,0.0,True
B0/seed2/stage1/RIM_ONE_r3/pair06,2,1,RIM_ONE_r3,6,P2,False,class_sup_0,0.742385327928473,0.3162436228427714,0.0,True
B0/seed2/stage1/RIM_ONE_r3/pair06,2,1,RIM_ONE_r3,6,P2,False,class_old_0,1.7396642160991693,8.049116928532385e-16,0.4708640476713673,True
B0/seed2/stage1/RIM_ONE_r3/pair06,2,1,RIM_ONE_r3,6,P2,False,class_sup_1,23.5626039382762,11.472508123606676,0.0,True
B0/seed2/stage1/RIM_ONE_r3/pair06,2,1,RIM_ONE_r3,6,P2,False,class_old_1,10.30135710977039,4.501904842060242,0.0,True
B0/seed2/stage1/RIM_ONE_r3/pair06,2,1,RIM_ONE_r3,6,P2,False,class_sup_2,6.133107769339195,6.106226635438361e-16,1.2742957388851721,True
B0/seed2/stage1/RIM_ONE_r3/pair06,2,1,RIM_ONE_r3,6,P2,False,class_old_2,5.915787835367721,0.24936005222183966,0.0,True
B0/seed2/stage1/RIM_ONE_r3/pair06,2,1,RIM_ONE_r3,6,P3,False,global_supervised,1.716791285918029,1.2506489174045239,0.0,True
B0/seed2/stage1/RIM_ONE_r3/pair06,2,1,RIM_ONE_r3,6,P3,False,sup_0,0.14940755671656528,0.09015072950202876,0.0,True
B0/seed2/stage1/RIM_ONE_r3/pair06,2,1,RIM_ONE_r3,6,P3,False,sup_1,1.3684618209978934,0.6890569294401465,0.0,True
B0/seed2/stage1/RIM_ONE_r3/pair06,2,1,RIM_ONE_r3,6,P3,False,sup_2,24.521967149995223,13.200866071921359,0.0,True
B0/seed2/stage1/RIM_ONE_r3/pair06,2,1,RIM_ONE_r3,6,P3,False,sup_3,22.670603888840112,12.073767312461152,0.0,True
B0/seed2/stage1/RIM_ONE_r3/pair06,2,1,RIM_ONE_r3,6,P3,False,sup_4,6.377752800425103,0.38100889665712745,0.0,True
B0/seed2/stage1/RIM_ONE_r3/pair06,2,1,RIM_ONE_r3,6,P3,False,sup_5,5.934493189384333,-2.9698465908722937e-15,1.2832226720347348,True
B0/seed2/stage1/RIM_ONE_r3/pair06,2,1,RIM_ONE_r3,6,P4,True,global_supervised,1.716791285918029,1.0244272506983738,0.0,True
B0/seed2/stage1/RIM_ONE_r3/pair06,2,1,RIM_ONE_r3,6,P4,True,sup_0,0.14940755671656528,0.06946833526149059,0.0,True
B0/seed2/stage1/RIM_ONE_r3/pair06,2,1,RIM_ONE_r3,6,P4,True,sup_1,1.3684618209978934,0.5674197155268446,0.0,True
B0/seed2/stage1/RIM_ONE_r3/pair06,2,1,RIM_ONE_r3,6,P4,True,sup_2,24.521967149995223,10.520037073071538,0.0,True
B0/seed2/stage1/RIM_ONE_r3/pair06,2,1,RIM_ONE_r3,6,P4,True,sup_3,22.670603888840112,9.77768700450346,0.0,True
B0/seed2/stage1/RIM_ONE_r3/pair06,2,1,RIM_ONE_r3,6,P4,True,sup_4,6.377752800425103,0.25580282740946547,0.0,True
B0/seed2/stage1/RIM_ONE_r3/pair06,2,1,RIM_ONE_r3,6,P4,True,sup_5,5.934493189384333,-8.881784197001252e-16,1.2842597203637443,True
B0/seed2/stage1/RIM_ONE_r3/pair06,2,1,RIM_ONE_r3,6,P4,True,old_0,2.0925800384443445,-4.579669976578771e-16,0.08658561090092759,True
B0/seed2/stage1/RIM_ONE_r3/pair06,2,1,RIM_ONE_r3,6,P4,True,old_1,1.720423747819832,4.718447854656915e-16,0.4144387400507807,True
B0/seed2/stage1/RIM_ONE_r3/pair06,2,1,RIM_ONE_r3,6,P4,True,old_2,12.514630955887666,4.137479670901287,0.0,True
B0/seed2/stage1/RIM_ONE_r3/pair06,2,1,RIM_ONE_r3,6,P4,True,old_3,9.81976887762162,4.277128830142488,0.0,True
B0/seed2/stage1/RIM_ONE_r3/pair06,2,1,RIM_ONE_r3,6,P4,True,old_4,16.446601392418412,0.18794877477192173,0.0,True
B0/seed2/stage1/RIM_ONE_r3/pair06,2,1,RIM_ONE_r3,6,P4,True,old_5,5.438775709417012,0.25061576804509567,0.0,True
B0/seed2/stage1/RIM_ONE_r3/pair07,2,1,RIM_ONE_r3,7,P1,False,global_supervised,1.3788696565521024,1.6076181804081646,0.0,True
B0/seed2/stage1/RIM_ONE_r3/pair07,2,1,RIM_ONE_r3,7,P2,False,global_supervised,1.3788696565521024,0.6106655116399793,0.0,True
B0/seed2/stage1/RIM_ONE_r3/pair07,2,1,RIM_ONE_r3,7,P2,False,class_sup_0,0.742385327928473,0.1447562996406167,0.0,True
B0/seed2/stage1/RIM_ONE_r3/pair07,2,1,RIM_ONE_r3,7,P2,False,class_old_0,1.7396642160991693,4.718447854656915e-16,0.30595873381398814,True
B0/seed2/stage1/RIM_ONE_r3/pair07,2,1,RIM_ONE_r3,7,P2,False,class_sup_1,23.5626039382762,8.328678405319703,0.0,True
B0/seed2/stage1/RIM_ONE_r3/pair07,2,1,RIM_ONE_r3,7,P2,False,class_old_1,10.30135710977039,2.6990468936926266,0.0,True
B0/seed2/stage1/RIM_ONE_r3/pair07,2,1,RIM_ONE_r3,7,P2,False,class_sup_2,6.133107769339195,-2.3314683517128287e-15,0.8838937439197231,True
B0/seed2/stage1/RIM_ONE_r3/pair07,2,1,RIM_ONE_r3,7,P2,False,class_old_2,5.915787835367721,0.17539846843795082,0.0,True
B0/seed2/stage1/RIM_ONE_r3/pair07,2,1,RIM_ONE_r3,7,P3,False,global_supervised,1.3788696565521024,0.6708259763590937,0.0,True
B0/seed2/stage1/RIM_ONE_r3/pair07,2,1,RIM_ONE_r3,7,P3,False,sup_0,0.14940755671656528,0.03846033511179022,0.0,True
B0/seed2/stage1/RIM_ONE_r3/pair07,2,1,RIM_ONE_r3,7,P3,False,sup_1,1.3684618209978934,0.34653215275681176,0.0,True
B0/seed2/stage1/RIM_ONE_r3/pair07,2,1,RIM_ONE_r3,7,P3,False,sup_2,24.521967149995223,9.36137791082644,0.0,True
B0/seed2/stage1/RIM_ONE_r3/pair07,2,1,RIM_ONE_r3,7,P3,False,sup_3,22.670603888840112,8.704397759643722,0.0,True
B0/seed2/stage1/RIM_ONE_r3/pair07,2,1,RIM_ONE_r3,7,P3,False,sup_4,6.377752800425103,0.2627875499065992,0.0,True
B0/seed2/stage1/RIM_ONE_r3/pair07,2,1,RIM_ONE_r3,7,P3,False,sup_5,5.934493189384333,-3.309852392163748e-15,0.8910872985055193,True
B0/seed2/stage1/RIM_ONE_r3/pair07,2,1,RIM_ONE_r3,7,P4,True,global_supervised,1.3788696565521024,0.5619422675329248,0.0,True
B0/seed2/stage1/RIM_ONE_r3/pair07,2,1,RIM_ONE_r3,7,P4,True,sup_0,0.14940755671656528,0.025342806009516255,0.0,True
B0/seed2/stage1/RIM_ONE_r3/pair07,2,1,RIM_ONE_r3,7,P4,True,sup_1,1.3684618209978934,0.2688604781815591,0.0,True
B0/seed2/stage1/RIM_ONE_r3/pair07,2,1,RIM_ONE_r3,7,P4,True,sup_2,24.521967149995223,7.657581568915797,0.0,True
B0/seed2/stage1/RIM_ONE_r3/pair07,2,1,RIM_ONE_r3,7,P4,True,sup_3,22.670603888840112,7.246975203988871,0.0,True
B0/seed2/stage1/RIM_ONE_r3/pair07,2,1,RIM_ONE_r3,7,P4,True,sup_4,6.377752800425103,0.18317960409004247,0.0,True
B0/seed2/stage1/RIM_ONE_r3/pair07,2,1,RIM_ONE_r3,7,P4,True,sup_5,5.934493189384333,-2.942091015256665e-15,0.893020371944295,True
B0/seed2/stage1/RIM_ONE_r3/pair07,2,1,RIM_ONE_r3,7,P4,True,old_0,2.0925800384443445,-8.049116928532385e-16,0.07248774938944044,True
B0/seed2/stage1/RIM_ONE_r3/pair07,2,1,RIM_ONE_r3,7,P4,True,old_1,1.720423747819832,-9.71445146547012e-17,0.2510815523081797,True
B0/seed2/stage1/RIM_ONE_r3/pair07,2,1,RIM_ONE_r3,7,P4,True,old_2,12.514630955887666,2.082011663781198,0.0,True
B0/seed2/stage1/RIM_ONE_r3/pair07,2,1,RIM_ONE_r3,7,P4,True,old_3,9.81976887762162,2.68897205865564,0.0,True
B0/seed2/stage1/RIM_ONE_r3/pair07,2,1,RIM_ONE_r3,7,P4,True,old_4,16.446601392418412,0.17791606033914986,0.0,True
B0/seed2/stage1/RIM_ONE_r3/pair07,2,1,RIM_ONE_r3,7,P4,True,old_5,5.438775709417012,0.17247306596432754,0.0,True
B0/seed2/stage2/Drishti_GS/pair00,2,2,Drishti_GS,0,P1,False,global_supervised,1.4834670333539501,2.0701103870524094,0.0,True
B0/seed2/stage2/Drishti_GS/pair00,2,2,Drishti_GS,0,P2,False,global_supervised,1.4834670333539501,0.3604975080122417,0.0,True
B0/seed2/stage2/Drishti_GS/pair00,2,2,Drishti_GS,0,P2,False,class_sup_0,0.5882469668790341,0.13515032454953266,0.0,True
B0/seed2/stage2/Drishti_GS/pair00,2,2,Drishti_GS,0,P2,False,class_old_0,0.48140254679485006,1.951563910473908e-16,0.3720800315823731,True
B0/seed2/stage2/Drishti_GS/pair00,2,2,Drishti_GS,0,P2,False,class_sup_1,25.91589746898738,-2.425837308805967e-14,0.8720730261525738,True
B0/seed2/stage2/Drishti_GS/pair00,2,2,Drishti_GS,0,P2,False,class_old_1,16.155646056635533,-2.450817326860033e-14,0.46940735104406495,True
B0/seed2/stage2/Drishti_GS/pair00,2,2,Drishti_GS,0,P2,False,class_sup_2,17.71407471996999,1.6788210422946945,0.0,True
B0/seed2/stage2/Drishti_GS/pair00,2,2,Drishti_GS,0,P2,False,class_old_2,6.8456415857367485,0.47004463677149594,0.0,True
B0/seed2/stage2/Drishti_GS/pair00,2,2,Drishti_GS,0,P3,False,global_supervised,1.4834670333539501,0.4218540424066129,0.0,True
B0/seed2/stage2/Drishti_GS/pair00,2,2,Drishti_GS,0,P3,False,sup_0,0.1118716613946213,-5.204170427930421e-17,0.2677210297114667,True
B0/seed2/stage2/Drishti_GS/pair00,2,2,Drishti_GS,0,P3,False,sup_1,1.1044448569405387,0.3663328492164997,0.0,True
B0/seed2/stage2/Drishti_GS/pair00,2,2,Drishti_GS,0,P3,False,sup_2,26.134891644583895,5.995204332975845e-15,1.2877276843890972,True
B0/seed2/stage2/Drishti_GS/pair00,2,2,Drishti_GS,0,P3,False,sup_3,25.8755384752996,0.7320987808475767,0.0,True
B0/seed2/stage2/Drishti_GS/pair00,2,2,Drishti_GS,0,P3,False,sup_4,24.360443700206822,2.3497975532273063,0.0,True
B0/seed2/stage2/Drishti_GS/pair00,2,2,Drishti_GS,0,P3,False,sup_5,14.929958831144038,0.7208302731357344,0.0,True
B0/seed2/stage2/Drishti_GS/pair00,2,2,Drishti_GS,0,P4,True,global_supervised,1.4834670333539501,0.32145292133654224,0.0,True
B0/seed2/stage2/Drishti_GS/pair00,2,2,Drishti_GS,0,P4,True,sup_0,0.1118716613946213,-2.3852447794681098e-18,0.017036341432970916,True
B0/seed2/stage2/Drishti_GS/pair00,2,2,Drishti_GS,0,P4,True,sup_1,1.1044448569405387,0.1541895282733277,0.0,True
B0/seed2/stage2/Drishti_GS/pair00,2,2,Drishti_GS,0,P4,True,sup_2,26.134891644583895,1.7541523789077473e-14,1.0747529090428896,True
B0/seed2/stage2/Drishti_GS/pair00,2,2,Drishti_GS,0,P4,True,sup_3,25.8755384752996,0.028246786959033487,0.0,True
B0/seed2/stage2/Drishti_GS/pair00,2,2,Drishti_GS,0,P4,True,sup_4,24.360443700206822,2.8907515463713516,0.0,True
B0/seed2/stage2/Drishti_GS/pair00,2,2,Drishti_GS,0,P4,True,sup_5,14.929958831144038,1.5723395085816068,0.0,True
B0/seed2/stage2/Drishti_GS/pair00,2,2,Drishti_GS,0,P4,True,old_0,0.10450189182025743,-2.7321894746634712e-17,0.1572814565338305,True
B0/seed2/stage2/Drishti_GS/pair00,2,2,Drishti_GS,0,P4,True,old_1,0.882900023463838,-1.196959198423997e-16,0.1709425911642027,True
B0/seed2/stage2/Drishti_GS/pair00,2,2,Drishti_GS,0,P4,True,old_2,12.218622766839811,-5.134781488891349e-15,0.2825093994327789,True
B0/seed2/stage2/Drishti_GS/pair00,2,2,Drishti_GS,0,P4,True,old_3,19.881693854397746,0.05995653262606912,0.0,True
B0/seed2/stage2/Drishti_GS/pair00,2,2,Drishti_GS,0,P4,True,old_4,5.969578899214422,-4.218847493575595e-15,0.003383593031582921,True
B0/seed2/stage2/Drishti_GS/pair00,2,2,Drishti_GS,0,P4,True,old_5,7.197378132931095,0.3276189365027247,0.0,True
B0/seed2/stage2/Drishti_GS/pair01,2,2,Drishti_GS,1,P1,False,global_supervised,2.603313231566168,6.766295760315941,0.0,True
B0/seed2/stage2/Drishti_GS/pair01,2,2,Drishti_GS,1,P2,False,global_supervised,2.603313231566168,4.304104854841189,0.0,True
B0/seed2/stage2/Drishti_GS/pair01,2,2,Drishti_GS,1,P2,False,class_sup_0,0.5882469668790341,0.49319369224412557,0.0,True
B0/seed2/stage2/Drishti_GS/pair01,2,2,Drishti_GS,1,P2,False,class_old_0,0.48140254679485006,5.204170427930421e-16,1.079776481794742,True
B0/seed2/stage2/Drishti_GS/pair01,2,2,Drishti_GS,1,P2,False,class_sup_1,25.91589746898738,-8.881784197001252e-15,1.5853885718970826,True
B0/seed2/stage2/Drishti_GS/pair01,2,2,Drishti_GS,1,P2,False,class_old_1,16.155646056635533,0.2568337954213398,0.0,True
B0/seed2/stage2/Drishti_GS/pair01,2,2,Drishti_GS,1,P2,False,class_sup_2,17.71407471996999,13.907835839767714,0.0,True
B0/seed2/stage2/Drishti_GS/pair01,2,2,Drishti_GS,1,P2,False,class_old_2,6.8456415857367485,7.556667377869134,0.0,True
B0/seed2/stage2/Drishti_GS/pair01,2,2,Drishti_GS,1,P3,False,global_supervised,2.603313231566168,4.955812153233017,0.0,True
B0/seed2/stage2/Drishti_GS/pair01,2,2,Drishti_GS,1,P3,False,sup_0,0.1118716613946213,-3.469446951953614e-18,0.3323764742291363,True
B0/seed2/stage2/Drishti_GS/pair01,2,2,Drishti_GS,1,P3,False,sup_1,1.1044448569405387,1.178523722297352,0.0,True
B0/seed2/stage2/Drishti_GS/pair01,2,2,Drishti_GS,1,P3,False,sup_2,26.134891644583895,-7.105427357601002e-15,1.397873504447164,True
B0/seed2/stage2/Drishti_GS/pair01,2,2,Drishti_GS,1,P3,False,sup_3,25.8755384752996,4.645518318778944,0.0,True
B0/seed2/stage2/Drishti_GS/pair01,2,2,Drishti_GS,1,P3,False,sup_4,24.360443700206822,19.42828113872079,0.0,True
B0/seed2/stage2/Drishti_GS/pair01,2,2,Drishti_GS,1,P3,False,sup_5,14.929958831144038,11.737197635488691,0.0,True
B0/seed2/stage2/Drishti_GS/pair01,2,2,Drishti_GS,1,P4,True,global_supervised,2.603313231566168,3.954039354702702,0.0,True
B0/seed2/stage2/Drishti_GS/pair01,2,2,Drishti_GS,1,P4,True,sup_0,0.1118716613946213,0.020531529669768678,0.0,True
B0/seed2/stage2/Drishti_GS/pair01,2,2,Drishti_GS,1,P4,True,sup_1,1.1044448569405387,0.6514655474335618,0.0,True
B0/seed2/stage2/Drishti_GS/pair01,2,2,Drishti_GS,1,P4,True,sup_2,26.134891644583895,1.9539925233402755e-14,0.9496025353446629,True
B0/seed2/stage2/Drishti_GS/pair01,2,2,Drishti_GS,1,P4,True,sup_3,25.8755384752996,2.279590813862553,0.0,True
B0/seed2/stage2/Drishti_GS/pair01,2,2,Drishti_GS,1,P4,True,sup_4,24.360443700206822,19.094365368984946,0.0,True
B0/seed2/stage2/Drishti_GS/pair01,2,2,Drishti_GS,1,P4,True,sup_5,14.929958831144038,13.081191091690176,0.0,True
B0/seed2/stage2/Drishti_GS/pair01,2,2,Drishti_GS,1,P4,True,old_0,0.10450189182025743,-3.469446951953614e-17,0.08273899868630247,True
B0/seed2/stage2/Drishti_GS/pair01,2,2,Drishti_GS,1,P4,True,old_1,0.882900023463838,-5.828670879282072e-16,0.6900962845898345,True
B0/seed2/stage2/Drishti_GS/pair01,2,2,Drishti_GS,1,P4,True,old_2,12.218622766839811,-1.687538997430238e-14,0.77117142977328,True
B0/seed2/stage2/Drishti_GS/pair01,2,2,Drishti_GS,1,P4,True,old_3,19.881693854397746,3.8653139568596977,0.0,True
B0/seed2/stage2/Drishti_GS/pair01,2,2,Drishti_GS,1,P4,True,old_4,5.969578899214422,5.652938948521903,0.0,True
B0/seed2/stage2/Drishti_GS/pair01,2,2,Drishti_GS,1,P4,True,old_5,7.197378132931095,7.042294165669247,0.0,True
B0/seed2/stage2/Drishti_GS/pair02,2,2,Drishti_GS,2,P1,False,global_supervised,1.3469769171968997,1.716009045238398,0.0,True
B0/seed2/stage2/Drishti_GS/pair02,2,2,Drishti_GS,2,P2,False,global_supervised,1.3469769171968997,0.6408397941218728,0.0,True
B0/seed2/stage2/Drishti_GS/pair02,2,2,Drishti_GS,2,P2,False,class_sup_0,0.5882469668790341,0.04735040457388846,0.0,True
B0/seed2/stage2/Drishti_GS/pair02,2,2,Drishti_GS,2,P2,False,class_old_0,0.48140254679485006,8.465450562766819e-16,0.8463127435852641,True
B0/seed2/stage2/Drishti_GS/pair02,2,2,Drishti_GS,2,P2,False,class_sup_1,25.91589746898738,8.21131741535544,0.0,True
B0/seed2/stage2/Drishti_GS/pair02,2,2,Drishti_GS,2,P2,False,class_old_1,16.155646056635533,5.3556627162163535,0.0,True
B0/seed2/stage2/Drishti_GS/pair02,2,2,Drishti_GS,2,P2,False,class_sup_2,17.71407471996999,-6.661338147750939e-15,0.4376788178394035,True
B0/seed2/stage2/Drishti_GS/pair02,2,2,Drishti_GS,2,P2,False,class_old_2,6.8456415857367485,0.9355657171513454,0.0,True
B0/seed2/stage2/Drishti_GS/pair02,2,2,Drishti_GS,2,P3,False,global_supervised,1.3469769171968997,1.128886418338475,0.0,True
B0/seed2/stage2/Drishti_GS/pair02,2,2,Drishti_GS,2,P3,False,sup_0,0.1118716613946213,-4.24465150528075e-17,0.4174541667647883,True
B0/seed2/stage2/Drishti_GS/pair02,2,2,Drishti_GS,2,P3,False,sup_1,1.1044448569405387,0.292726206096005,0.0,True
B0/seed2/stage2/Drishti_GS/pair02,2,2,Drishti_GS,2,P3,False,sup_2,26.134891644583895,9.94198355724931,0.0,True
B0/seed2/stage2/Drishti_GS/pair02,2,2,Drishti_GS,2,P3,False,sup_3,25.8755384752996,12.312085124289968,0.0,True
B0/seed2/stage2/Drishti_GS/pair02,2,2,Drishti_GS,2,P3,False,sup_4,24.360443700206822,0.6923063921242328,0.0,True
B0/seed2/stage2/Drishti_GS/pair02,2,2,Drishti_GS,2,P3,False,sup_5,14.929958831144038,3.3306690738754696e-16,0.5317870754620044,True
B0/seed2/stage2/Drishti_GS/pair02,2,2,Drishti_GS,2,P4,True,global_supervised,1.3469769171968997,0.6249916130113136,0.0,True
B0/seed2/stage2/Drishti_GS/pair02,2,2,Drishti_GS,2,P4,True,sup_0,0.1118716613946213,1.1340754724198376e-16,0.009161895010401877,True
B0/seed2/stage2/Drishti_GS/pair02,2,2,Drishti_GS,2,P4,True,sup_1,1.1044448569405387,0.1042055830203183,0.0,True
B0/seed2/stage2/Drishti_GS/pair02,2,2,Drishti_GS,2,P4,True,sup_2,26.134891644583895,7.413325284437394,0.0,True
B0/seed2/stage2/Drishti_GS/pair02,2,2,Drishti_GS,2,P4,True,sup_3,25.8755384752996,8.566579727753217,0.0,True
B0/seed2/stage2/Drishti_GS/pair02,2,2,Drishti_GS,2,P4,True,sup_4,24.360443700206822,5.10702591327572e-15,0.12302844831698678,True
B0/seed2/stage2/Drishti_GS/pair02,2,2,Drishti_GS,2,P4,True,sup_5,14.929958831144038,4.440892098500626e-16,0.3226590704762593,True
B0/seed2/stage2/Drishti_GS/pair02,2,2,Drishti_GS,2,P4,True,old_0,0.10450189182025743,0.005699352453484373,0.0,True
B0/seed2/stage2/Drishti_GS/pair02,2,2,Drishti_GS,2,P4,True,old_1,0.882900023463838,2.2837634561234665e-15,0.8439816458949736,True
B0/seed2/stage2/Drishti_GS/pair02,2,2,Drishti_GS,2,P4,True,old_2,12.218622766839811,2.0205290162584415,0.0,True
B0/seed2/stage2/Drishti_GS/pair02,2,2,Drishti_GS,2,P4,True,old_3,19.881693854397746,7.231219610963989,0.0,True
B0/seed2/stage2/Drishti_GS/pair02,2,2,Drishti_GS,2,P4,True,old_4,5.969578899214422,1.1773886472955613,0.0,True
B0/seed2/stage2/Drishti_GS/pair02,2,2,Drishti_GS,2,P4,True,old_5,7.197378132931095,0.883085206348392,0.0,True
B0/seed2/stage2/Drishti_GS/pair03,2,2,Drishti_GS,3,P1,False,global_supervised,3.544590604556789,13.055368913636883,0.0,True
B0/seed2/stage2/Drishti_GS/pair03,2,2,Drishti_GS,3,P2,False,global_supervised,3.544590604556789,1.9504042358621674,0.0,True
B0/seed2/stage2/Drishti_GS/pair03,2,2,Drishti_GS,3,P2,False,class_sup_0,0.5882469668790341,0.02060980520382885,0.0,True
B0/seed2/stage2/Drishti_GS/pair03,2,2,Drishti_GS,3,P2,False,class_old_0,0.48140254679485006,6.158268339717665e-16,0.3534943015446457,True
B0/seed2/stage2/Drishti_GS/pair03,2,2,Drishti_GS,3,P2,False,class_sup_1,25.91589746898738,-6.483702463810914e-14,3.5155502590901895,True
B0/seed2/stage2/Drishti_GS/pair03,2,2,Drishti_GS,3,P2,False,class_old_1,16.155646056635533,1.5218835774070503,0.0,True
B0/seed2/stage2/Drishti_GS/pair03,2,2,Drishti_GS,3,P2,False,class_sup_2,17.71407471996999,10.283160146974634,0.0,True
B0/seed2/stage2/Drishti_GS/pair03,2,2,Drishti_GS,3,P2,False,class_old_2,6.8456415857367485,1.5657817376074008,0.0,True
B0/seed2/stage2/Drishti_GS/pair03,2,2,Drishti_GS,3,P3,False,global_supervised,3.544590604556789,1.9809690433000426,0.0,True
B0/seed2/stage2/Drishti_GS/pair03,2,2,Drishti_GS,3,P3,False,sup_0,0.1118716613946213,-1.0755285551056204e-16,0.15223761725969498,True
B0/seed2/stage2/Drishti_GS/pair03,2,2,Drishti_GS,3,P3,False,sup_1,1.1044448569405387,0.04223818755302877,0.0,True
B0/seed2/stage2/Drishti_GS/pair03,2,2,Drishti_GS,3,P3,False,sup_2,26.134891644583895,1.0658141036401503e-14,3.072808514250873,True
B0/seed2/stage2/Drishti_GS/pair03,2,2,Drishti_GS,3,P3,False,sup_3,25.8755384752996,-5.684341886080802e-14,0.3748242405830222,True
B0/seed2/stage2/Drishti_GS/pair03,2,2,Drishti_GS,3,P3,False,sup_4,24.360443700206822,12.588018418147703,0.0,True
B0/seed2/stage2/Drishti_GS/pair03,2,2,Drishti_GS,3,P3,False,sup_5,14.929958831144038,9.303153711694126,0.0,True
B0/seed2/stage2/Drishti_GS/pair03,2,2,Drishti_GS,3,P4,True,global_supervised,3.544590604556789,1.9306458455733266,0.0,True
B0/seed2/stage2/Drishti_GS/pair03,2,2,Drishti_GS,3,P4,True,sup_0,0.1118716613946213,9.974659986866641e-18,0.06344193260851205,True
B0/seed2/stage2/Drishti_GS/pair03,2,2,Drishti_GS,3,P4,True,sup_1,1.1044448569405387,0.012641493571530146,0.0,True
B0/seed2/stage2/Drishti_GS/pair03,2,2,Drishti_GS,3,P4,True,sup_2,26.134891644583895,-5.3290705182007514e-14,2.511731490104295,True
B0/seed2/stage2/Drishti_GS/pair03,2,2,Drishti_GS,3,P4,True,sup_3,25.8755384752996,-7.505107646466058e-14,1.0046496782754577,True
B0/seed2/stage2/Drishti_GS/pair03,2,2,Drishti_GS,3,P4,True,sup_4,24.360443700206822,12.024442325882648,0.0,True
B0/seed2/stage2/Drishti_GS/pair03,2,2,Drishti_GS,3,P4,True,sup_5,14.929958831144038,9.173472775378533,0.0,True
B0/seed2/stage2/Drishti_GS/pair03,2,2,Drishti_GS,3,P4,True,old_0,0.10450189182025743,0.003675516302347905,0.0,True
B0/seed2/stage2/Drishti_GS/pair03,2,2,Drishti_GS,3,P4,True,old_1,0.882900023463838,1.5265566588595902e-16,0.2632446272226031,True
B0/seed2/stage2/Drishti_GS/pair03,2,2,Drishti_GS,3,P4,True,old_2,12.218622766839811,2.342834173135128,0.0,True
B0/seed2/stage2/Drishti_GS/pair03,2,2,Drishti_GS,3,P4,True,old_3,19.881693854397746,1.0602969619180334,0.0,True
B0/seed2/stage2/Drishti_GS/pair03,2,2,Drishti_GS,3,P4,True,old_4,5.969578899214422,0.11467908224919976,0.0,True
B0/seed2/stage2/Drishti_GS/pair03,2,2,Drishti_GS,3,P4,True,old_5,7.197378132931095,1.6102439975266936,0.0,True
B0/seed2/stage2/Drishti_GS/pair04,2,2,Drishti_GS,4,P1,False,global_supervised,2.391687005140806,5.754635946805914,0.0,True
B0/seed2/stage2/Drishti_GS/pair04,2,2,Drishti_GS,4,P2,False,global_supervised,2.391687005140806,1.7095279015560716,0.0,True
B0/seed2/stage2/Drishti_GS/pair04,2,2,Drishti_GS,4,P2,False,class_sup_0,0.5882469668790341,-4.3021142204224816e-16,1.0441370938358785,True
B0/seed2/stage2/Drishti_GS/pair04,2,2,Drishti_GS,4,P2,False,class_old_0,0.48140254679485006,4.683753385137379e-16,0.40874429383628835,True
B0/seed2/stage2/Drishti_GS/pair04,2,2,Drishti_GS,4,P2,False,class_sup_1,25.91589746898738,13.759304570227158,0.0,True
B0/seed2/stage2/Drishti_GS/pair04,2,2,Drishti_GS,4,P2,False,class_old_1,16.155646056635533,10.502481263027683,0.0,True
B0/seed2/stage2/Drishti_GS/pair04,2,2,Drishti_GS,4,P2,False,class_sup_2,17.71407471996999,2.525757381022231e-15,1.2380222215893026,True
B0/seed2/stage2/Drishti_GS/pair04,2,2,Drishti_GS,4,P2,False,class_old_2,6.8456415857367485,2.886579864025407e-15,0.2839522563990986,True
B0/seed2/stage2/Drishti_GS/pair04,2,2,Drishti_GS,4,P3,False,global_supervised,2.391687005140806,1.8724316160684036,0.0,True
B0/seed2/stage2/Drishti_GS/pair04,2,2,Drishti_GS,4,P3,False,sup_0,0.1118716613946213,-1.3357370765021415e-16,0.19562855821877395,True
B0/seed2/stage2/Drishti_GS/pair04,2,2,Drishti_GS,4,P3,False,sup_1,1.1044448569405387,3.885780586188048e-16,1.0809966348364277,True
B0/seed2/stage2/Drishti_GS/pair04,2,2,Drishti_GS,4,P3,False,sup_2,26.134891644583895,15.92986243058986,0.0,True
B0/seed2/stage2/Drishti_GS/pair04,2,2,Drishti_GS,4,P3,False,sup_3,25.8755384752996,16.00965960618,0.0,True
B0/seed2/stage2/Drishti_GS/pair04,2,2,Drishti_GS,4,P3,False,sup_4,24.360443700206822,-1.2601031329495527e-14,0.3959614855317904,True
B0/seed2/stage2/Drishti_GS/pair04,2,2,Drishti_GS,4,P3,False,sup_5,14.929958831144038,-7.466249840604178e-15,1.0645793653303461,True
B0/seed2/stage2/Drishti_GS/pair04,2,2,Drishti_GS,4,P4,True,global_supervised,2.391687005140806,1.6667016286255922,0.0,True
B0/seed2/stage2/Drishti_GS/pair04,2,2,Drishti_GS,4,P4,True,sup_0,0.1118716613946213,0.006557476873769792,0.0,True
B0/seed2/stage2/Drishti_GS/pair04,2,2,Drishti_GS,4,P4,True,sup_1,1.1044448569405387,-8.326672684688674e-16,0.9971646791209064,True
B0/seed2/stage2/Drishti_GS/pair04,2,2,Drishti_GS,4,P4,True,sup_2,26.134891644583895,13.691570836995275,0.0,True
B0/seed2/stage2/Drishti_GS/pair04,2,2,Drishti_GS,4,P4,True,sup_3,25.8755384752996,13.444777751424489,0.0,True
B0/seed2/stage2/Drishti_GS/pair04,2,2,Drishti_GS,4,P4,True,sup_4,24.360443700206822,3.419486915845482e-14,0.7708549835605754,True
B0/seed2/stage2/Drishti_GS/pair04,2,2,Drishti_GS,4,P4,True,sup_5,14.929958831144038,2.8310687127941492e-14,0.40411857359789205,True
B0/seed2/stage2/Drishti_GS/pair04,2,2,Drishti_GS,4,P4,True,old_0,0.10450189182025743,1.1145598333150986e-16,0.010372829745637649,True
B0/seed2/stage2/Drishti_GS/pair04,2,2,Drishti_GS,4,P4,True,old_1,0.882900023463838,5.655198531684391e-16,0.4935994943663075,True
B0/seed2/stage2/Drishti_GS/pair04,2,2,Drishti_GS,4,P4,True,old_2,12.218622766839811,7.572031170627176,0.0,True
B0/seed2/stage2/Drishti_GS/pair04,2,2,Drishti_GS,4,P4,True,old_3,19.881693854397746,11.733730863513014,0.0,True
B0/seed2/stage2/Drishti_GS/pair04,2,2,Drishti_GS,4,P4,True,old_4,5.969578899214422,1.0375757837149175,0.0,True
B0/seed2/stage2/Drishti_GS/pair04,2,2,Drishti_GS,4,P4,True,old_5,7.197378132931095,8.93729534823251e-15,0.416570493047447,True
B0/seed2/stage2/Drishti_GS/pair05,2,2,Drishti_GS,5,P1,False,global_supervised,7.02621089475548,48.89350704455127,0.0,True
B0/seed2/stage2/Drishti_GS/pair05,2,2,Drishti_GS,5,P2,False,global_supervised,7.02621089475548,15.427124571536778,0.0,True
B0/seed2/stage2/Drishti_GS/pair05,2,2,Drishti_GS,5,P2,False,class_sup_0,0.5882469668790341,0.21339148617808829,0.0,True
B0/seed2/stage2/Drishti_GS/pair05,2,2,Drishti_GS,5,P2,False,class_old_0,0.48140254679485006,1.0130785099704553e-15,1.2259559523411858,True
B0/seed2/stage2/Drishti_GS/pair05,2,2,Drishti_GS,5,P2,False,class_sup_1,25.91589746898738,-9.592326932761353e-14,6.058286607219135,True
B0/seed2/stage2/Drishti_GS/pair05,2,2,Drishti_GS,5,P2,False,class_old_1,16.155646056635533,3.4793459164456313,0.0,True
B0/seed2/stage2/Drishti_GS/pair05,2,2,Drishti_GS,5,P2,False,class_sup_2,17.71407471996999,34.84109350056231,0.0,True
B0/seed2/stage2/Drishti_GS/pair05,2,2,Drishti_GS,5,P2,False,class_old_2,6.8456415857367485,7.146384786905031,0.0,True
B0/seed2/stage2/Drishti_GS/pair05,2,2,Drishti_GS,5,P3,False,global_supervised,7.02621089475548,15.905545540969214,0.0,True
B0/seed2/stage2/Drishti_GS/pair05,2,2,Drishti_GS,5,P3,False,sup_0,0.1118716613946213,-7.849623728795052e-17,0.586470525627818,True
B0/seed2/stage2/Drishti_GS/pair05,2,2,Drishti_GS,5,P3,False,sup_1,1.1044448569405387,0.5655847208974947,0.0,True
B0/seed2/stage2/Drishti_GS/pair05,2,2,Drishti_GS,5,P3,False,sup_2,26.134891644583895,-2.930988785010413e-14,5.8329035168868195,True
B0/seed2/stage2/Drishti_GS/pair05,2,2,Drishti_GS,5,P3,False,sup_3,25.8755384752996,0.7343069331325083,0.0,True
B0/seed2/stage2/Drishti_GS/pair05,2,2,Drishti_GS,5,P3,False,sup_4,24.360443700206822,47.43157199479852,0.0,True
B0/seed2/stage2/Drishti_GS/pair05,2,2,Drishti_GS,5,P3,False,sup_5,14.929958831144038,29.397016010240492,0.0,True
B0/seed2/stage2/Drishti_GS/pair05,2,2,Drishti_GS,5,P4,True,global_supervised,7.02621089475548,15.335412478369674,0.0,True
B0/seed2/stage2/Drishti_GS/pair05,2,2,Drishti_GS,5,P4,True,sup_0,0.1118716613946213,1.7867651802561113e-16,0.06682784546676124,True
B0/seed2/stage2/Drishti_GS/pair05,2,2,Drishti_GS,5,P4,True,sup_1,1.1044448569405387,0.30204020199299275,0.0,True
B0/seed2/stage2/Drishti_GS/pair05,2,2,Drishti_GS,5,P4,True,sup_2,26.134891644583895,-1.4477308241112041e-13,4.827546066520372,True
B0/seed2/stage2/Drishti_GS/pair05,2,2,Drishti_GS,5,P4,True,sup_3,25.8755384752996,-2.7000623958883807e-13,1.1918699014586895,True
B0/seed2/stage2/Drishti_GS/pair05,2,2,Drishti_GS,5,P4,True,sup_4,24.360443700206822,45.85532317055747,0.0,True
B0/seed2/stage2/Drishti_GS/pair05,2,2,Drishti_GS,5,P4,True,sup_5,14.929958831144038,29.374689038042447,0.0,True
B0/seed2/stage2/Drishti_GS/pair05,2,2,Drishti_GS,5,P4,True,old_0,0.10450189182025743,-1.5612511283791264e-17,0.23202563433370094,True
B0/seed2/stage2/Drishti_GS/pair05,2,2,Drishti_GS,5,P4,True,old_1,0.882900023463838,-3.191891195797325e-16,0.9074697929201476,True
B0/seed2/stage2/Drishti_GS/pair05,2,2,Drishti_GS,5,P4,True,old_2,12.218622766839811,6.079669598855123,0.0,True
B0/seed2/stage2/Drishti_GS/pair05,2,2,Drishti_GS,5,P4,True,old_3,19.881693854397746,1.9057133137911046,0.0,True
B0/seed2/stage2/Drishti_GS/pair05,2,2,Drishti_GS,5,P4,True,old_4,5.969578899214422,3.779506666854828,0.0,True
B0/seed2/stage2/Drishti_GS/pair05,2,2,Drishti_GS,5,P4,True,old_5,7.197378132931095,7.3932729437757825,0.0,True
B0/seed2/stage2/Drishti_GS/pair06,2,2,Drishti_GS,6,P1,False,global_supervised,2.7072253836971436,7.600762121644609,0.0,True
B0/seed2/stage2/Drishti_GS/pair06,2,2,Drishti_GS,6,P2,False,global_supervised,2.7072253836971436,6.649919612577172,0.0,True
B0/seed2/stage2/Drishti_GS/pair06,2,2,Drishti_GS,6,P2,False,class_sup_0,0.5882469668790341,-4.440892098500626e-16,0.3546861880742757,True
B0/seed2/stage2/Drishti_GS/pair06,2,2,Drishti_GS,6,P2,False,class_old_0,0.48140254679485006,0.16783877758643562,0.0,True
B0/seed2/stage2/Drishti_GS/pair06,2,2,Drishti_GS,6,P2,False,class_sup_1,25.91589746898738,1.2656542480726785e-14,1.0810491105894608,True
B0/seed2/stage2/Drishti_GS/pair06,2,2,Drishti_GS,6,P2,False,class_old_1,16.155646056635533,1.0769163338864018e-14,0.25733875955267665,True
B0/seed2/stage2/Drishti_GS/pair06,2,2,Drishti_GS,6,P2,False,class_sup_2,17.71407471996999,0.5367074223558397,0.0,True
B0/seed2/stage2/Drishti_GS/pair06,2,2,Drishti_GS,6,P2,False,class_old_2,6.8456415857367485,2.713838031478115,0.0,True
B0/seed2/stage2/Drishti_GS/pair06,2,2,Drishti_GS,6,P3,False,global_supervised,2.7072253836971436,6.591930511094896,0.0,True
B0/seed2/stage2/Drishti_GS/pair06,2,2,Drishti_GS,6,P3,False,sup_0,0.1118716613946213,0.10281262844755851,0.0,True
B0/seed2/stage2/Drishti_GS/pair06,2,2,Drishti_GS,6,P3,False,sup_1,1.1044448569405387,3.3306690738754696e-16,0.38139765167138123,True
B0/seed2/stage2/Drishti_GS/pair06,2,2,Drishti_GS,6,P3,False,sup_2,26.134891644583895,0.2879683518012248,0.0,True
B0/seed2/stage2/Drishti_GS/pair06,2,2,Drishti_GS,6,P3,False,sup_3,25.8755384752996,2.220446049250313e-15,1.3814786668952572,True
B0/seed2/stage2/Drishti_GS/pair06,2,2,Drishti_GS,6,P3,False,sup_4,24.360443700206822,-6.8833827526759706e-15,0.05372246026647648,True
B0/seed2/stage2/Drishti_GS/pair06,2,2,Drishti_GS,6,P3,False,sup_5,14.929958831144038,1.354371096349078,0.0,True
B0/seed2/stage2/Drishti_GS/pair06,2,2,Drishti_GS,6,P4,True,global_supervised,2.7072253836971436,6.5559228722954055,0.0,True
B0/seed2/stage2/Drishti_GS/pair06,2,2,Drishti_GS,6,P4,True,sup_0,0.1118716613946213,0.10851600202569608,0.0,True
B0/seed2/stage2/Drishti_GS/pair06,2,2,Drishti_GS,6,P4,True,sup_1,1.1044448569405387,-1.942890293094024e-16,0.5072290734042262,True
B0/seed2/stage2/Drishti_GS/pair06,2,2,Drishti_GS,6,P4,True,sup_2,26.134891644583895,0.518144730209239,0.0,True
B0/seed2/stage2/Drishti_GS/pair06,2,2,Drishti_GS,6,P4,True,sup_3,25.8755384752996,6.661338147750939e-16,1.271035739852013,True
B0/seed2/stage2/Drishti_GS/pair06,2,2,Drishti_GS,6,P4,True,sup_4,24.360443700206822,-1.7263968032921184e-14,0.07220455276192067,True
B0/seed2/stage2/Drishti_GS/pair06,2,2,Drishti_GS,6,P4,True,sup_5,14.929958831144038,1.5119997486443568,0.0,True
B0/seed2/stage2/Drishti_GS/pair06,2,2,Drishti_GS,6,P4,True,old_0,0.10450189182025743,0.06250761243183492,0.0,True
B0/seed2/stage2/Drishti_GS/pair06,2,2,Drishti_GS,6,P4,True,old_1,0.882900023463838,0.20716862089957447,0.0,True
B0/seed2/stage2/Drishti_GS/pair06,2,2,Drishti_GS,6,P4,True,old_2,12.218622766839811,1.5543122344752192e-15,0.2498379529921838,True
B0/seed2/stage2/Drishti_GS/pair06,2,2,Drishti_GS,6,P4,True,old_3,19.881693854397746,0.2759561249105089,0.0,True
B0/seed2/stage2/Drishti_GS/pair06,2,2,Drishti_GS,6,P4,True,old_4,5.969578899214422,3.5648235141612146,0.0,True
B0/seed2/stage2/Drishti_GS/pair06,2,2,Drishti_GS,6,P4,True,old_5,7.197378132931095,2.940097354571466,0.0,True
B0/seed2/stage2/Drishti_GS/pair07,2,2,Drishti_GS,7,P1,False,global_supervised,2.784209389044502,8.290237084714622,0.0,True
B0/seed2/stage2/Drishti_GS/pair07,2,2,Drishti_GS,7,P2,False,global_supervised,2.784209389044502,2.548127948702937,0.0,True
B0/seed2/stage2/Drishti_GS/pair07,2,2,Drishti_GS,7,P2,False,class_sup_0,0.5882469668790341,-7.476658181460039e-16,0.5158976659854376,True
B0/seed2/stage2/Drishti_GS/pair07,2,2,Drishti_GS,7,P2,False,class_old_0,0.48140254679485006,8.430756093247282e-16,0.9376967543102145,True
B0/seed2/stage2/Drishti_GS/pair07,2,2,Drishti_GS,7,P2,False,class_sup_1,25.91589746898738,18.861657120548884,0.0,True
B0/seed2/stage2/Drishti_GS/pair07,2,2,Drishti_GS,7,P2,False,class_old_1,16.155646056635533,11.38822740281074,0.0,True
B0/seed2/stage2/Drishti_GS/pair07,2,2,Drishti_GS,7,P2,False,class_sup_2,17.71407471996999,-3.68594044175552e-14,2.0728345558993158,True
B0/seed2/stage2/Drishti_GS/pair07,2,2,Drishti_GS,7,P2,False,class_old_2,6.8456415857367485,1.766212840165599,0.0,True
B0/seed2/stage2/Drishti_GS/pair07,2,2,Drishti_GS,7,P3,False,global_supervised,2.784209389044502,3.1449610690126546,0.0,True
B0/seed2/stage2/Drishti_GS/pair07,2,2,Drishti_GS,7,P3,False,sup_0,0.1118716613946213,-1.5785983631388945e-16,0.5177724758014737,True
B0/seed2/stage2/Drishti_GS/pair07,2,2,Drishti_GS,7,P3,False,sup_1,1.1044448569405387,-3.608224830031759e-16,0.2997273817066623,True
B0/seed2/stage2/Drishti_GS/pair07,2,2,Drishti_GS,7,P3,False,sup_2,26.134891644583895,22.948631478331066,0.0,True
B0/seed2/stage2/Drishti_GS/pair07,2,2,Drishti_GS,7,P3,False,sup_3,25.8755384752996,24.886748742851264,0.0,True
B0/seed2/stage2/Drishti_GS/pair07,2,2,Drishti_GS,7,P3,False,sup_4,24.360443700206822,-1.0658141036401503e-14,0.7527504835127694,True
B0/seed2/stage2/Drishti_GS/pair07,2,2,Drishti_GS,7,P3,False,sup_5,14.929958831144038,-1.3766765505351941e-14,1.4756864001472576,True
B0/seed2/stage2/Drishti_GS/pair07,2,2,Drishti_GS,7,P4,True,global_supervised,2.784209389044502,2.5114217103720677,0.0,True
B0/seed2/stage2/Drishti_GS/pair07,2,2,Drishti_GS,7,P4,True,sup_0,0.1118716613946213,2.2442984970449942e-17,0.025987089518164697,True
B0/seed2/stage2/Drishti_GS/pair07,2,2,Drishti_GS,7,P4,True,sup_1,1.1044448569405387,5.898059818321144e-16,0.49515315703814927,True
B0/seed2/stage2/Drishti_GS/pair07,2,2,Drishti_GS,7,P4,True,sup_2,26.134891644583895,18.11263975505413,0.0,True
B0/seed2/stage2/Drishti_GS/pair07,2,2,Drishti_GS,7,P4,True,sup_3,25.8755384752996,19.10903705916334,0.0,True
B0/seed2/stage2/Drishti_GS/pair07,2,2,Drishti_GS,7,P4,True,sup_4,24.360443700206822,5.595524044110789e-14,1.038303198945243,True
B0/seed2/stage2/Drishti_GS/pair07,2,2,Drishti_GS,7,P4,True,sup_5,14.929958831144038,2.6645352591003757e-14,1.0736426767839697,True
B0/seed2/stage2/Drishti_GS/pair07,2,2,Drishti_GS,7,P4,True,old_0,0.10450189182025743,0.014297625085929147,0.0,True
B0/seed2/stage2/Drishti_GS/pair07,2,2,Drishti_GS,7,P4,True,old_1,0.882900023463838,9.818534874028728e-16,0.9745052743626977,True
B0/seed2/stage2/Drishti_GS/pair07,2,2,Drishti_GS,7,P4,True,old_2,12.218622766839811,5.242142861873347,0.0,True
B0/seed2/stage2/Drishti_GS/pair07,2,2,Drishti_GS,7,P4,True,old_3,19.881693854397746,14.802401419356608,0.0,True
B0/seed2/stage2/Drishti_GS/pair07,2,2,Drishti_GS,7,P4,True,old_4,5.969578899214422,2.3655404443059407,0.0,True
B0/seed2/stage2/Drishti_GS/pair07,2,2,Drishti_GS,7,P4,True,old_5,7.197378132931095,1.4236337472429506,0.0,True
