seed,transition,update_batch,variant,virtual_step_norm,raw_gradient_norm,objective,loss_sup,loss_assim_r0,loss_relation_r0,loss_ifc_continuous,loss_pfc_continuous,kappa_i,kappa_p,previous_val_loss_before,previous_val_loss_after,previous_val_loss_delta,previous_val_dice_before,previous_val_dice_after,previous_val_dice_delta,current_val_loss_before,current_val_loss_after,current_val_loss_delta,current_val_dice_before,current_val_dice_after,current_val_dice_delta,checkpoint_or_model_mutated
0,REFUGE->RIM_ONE_r3,0,C0,0.001,0.9699146747589111,0.0540037527680397,0.01610710099339485,0.021819960325956345,0.016076693311333656,0.5851904153823853,0.24074730277061462,0.07106708362698555,0.9289329163730145,0.6201920881867409,0.6221467182040215,0.0019546300172805786,0.7369811721146107,0.7362874485552311,-0.0006937235593795776,0.4998316541314125,0.5018956679850817,0.0020640138536691666,0.7476552985608578,0.7468655481934547,-0.0007897503674030304,False
0,REFUGE->RIM_ONE_r3,0,C1,0.001,0.9890003800392151,0.09559153020381927,0.01610710099339485,0.021819960325956345,0.016076693311333656,0.5851904153823853,0.24074730277061462,0.07106708362698555,0.9289329163730145,0.6201920881867409,0.622097784653306,0.0019056964665651321,0.7369811721146107,0.7363079972565174,-0.0006731748580932617,0.4998316541314125,0.5018644947558641,0.0020328406244516373,0.7476552985608578,0.7468915469944477,-0.0007637515664100647,False
0,REFUGE->RIM_ONE_r3,0,C2,0.001,2.1939923763275146,0.27764183282852173,0.01610710099339485,0.021819960325956345,0.016076693311333656,0.5851904153823853,0.24074730277061462,0.07106708362698555,0.9289329163730145,0.6201920881867409,0.6211375389248133,0.0009454507380723953,0.7369811721146107,0.7366760745644569,-0.0003050975501537323,0.4998316541314125,0.5005464870482683,0.0007148329168558121,0.7476552985608578,0.7473632805049419,-0.0002920180559158325,False
0,REFUGE->RIM_ONE_r3,0,C3,0.001,2.2238259315490723,0.3192296028137207,0.01610710099339485,0.021819960325956345,0.016076693311333656,0.5851904153823853,0.24074730277061462,0.07106708362698555,0.9289329163730145,0.6201920881867409,0.6211224365979433,0.0009303484112024307,0.7369811721146107,0.7366810999810696,-0.0003000721335411072,0.4998316541314125,0.5005410350859165,0.0007093809545040131,0.7476552985608578,0.7473725602030754,-0.0002827383577823639,False
0,REFUGE->RIM_ONE_r3,0,C4,0.001,2.1234076023101807,0.45118117332458496,0.01610710099339485,0.021819960325956345,0.016076693311333656,0.5851904153823853,0.24074730277061462,0.07106708362698555,0.9289329163730145,0.6201920881867409,0.6209465842694044,0.0007544960826635361,0.7369811721146107,0.7367858365178108,-0.00019533559679985046,0.4998316541314125,0.500815961509943,0.0009843073785305023,0.7476552985608578,0.7474029436707497,-0.0002523548901081085,False
0,REFUGE->RIM_ONE_r3,0,C5,0.001,1.8830368518829346,0.4596565365791321,0.01610710099339485,0.021819960325956345,0.016076693311333656,0.5851904153823853,0.24074730277061462,0.07106708362698555,0.9289329163730145,0.6201920881867409,0.6208485960960388,0.0006565079092979431,0.7369811721146107,0.736782144755125,-0.00019902735948562622,0.4998316541314125,0.5002500917762518,0.0004184376448392868,0.7476552985608578,0.7475525327026844,-0.00010276585817337036,False
0,REFUGE->RIM_ONE_r3,1,C0,0.001,0.28972241282463074,0.032474614679813385,0.017510956153273582,0.004288995638489723,0.010674661956727505,0.5712812542915344,0.2326531559228897,0.07106708362698555,0.9289329163730145,0.6201920881867409,0.6196253933012486,-0.0005666948854923248,0.7369811721146107,0.7373231835663319,0.0003420114517211914,0.4998316541314125,0.4991309717297554,-0.0007006824016571045,0.7476552985608578,0.7479623518884182,0.0003070533275604248,False
0,REFUGE->RIM_ONE_r3,1,C1,0.001,0.29196086525917053,0.07307390868663788,0.017510956153273582,0.004288995638489723,0.010674661956727505,0.5712812542915344,0.2326531559228897,0.07106708362698555,0.9289329163730145,0.6201920881867409,0.6194342449307442,-0.0007578432559967041,0.7369811721146107,0.7374034263193607,0.00042225420475006104,0.4998316541314125,0.4989916794002056,-0.0008399747312068939,0.7476552985608578,0.7480200864374638,0.00036478787660598755,False
0,REFUGE->RIM_ONE_r3,1,C2,0.001,2.0719802379608154,0.2485937774181366,0.017510956153273582,0.004288995638489723,0.010674661956727505,0.5712812542915344,0.2326531559228897,0.07106708362698555,0.9289329163730145,0.6201920881867409,0.62091257981956,0.0007204916328191757,0.7369811721146107,0.7368202768266201,-0.00016089528799057007,0.4998316541314125,0.5007720291614532,0.000940375030040741,0.7476552985608578,0.747381679713726,-0.0002736188471317291,False
0,REFUGE->RIM_ONE_r3,1,C3,0.001,2.0784740447998047,0.2891930937767029,0.017510956153273582,0.004288995638489723,0.010674661956727505,0.5712812542915344,0.2326531559228897,0.07106708362698555,0.9289329163730145,0.6201920881867409,0.6208822950720787,0.0006902068853378296,0.7369811721146107,0.7368320450186729,-0.00014912709593772888,0.4998316541314125,0.500752916559577,0.0009212624281644821,0.7476552985608578,0.7473881356418133,-0.00026716291904449463,False
0,REFUGE->RIM_ONE_r3,1,C4,0.001,1.5969098806381226,0.42397642135620117,0.017510956153273582,0.004288995638489723,0.010674661956727505,0.5712812542915344,0.2326531559228897,0.07106708362698555,0.9289329163730145,0.6201920881867409,0.6198078487068415,-0.00038423947989940643,0.7369811721146107,0.7372253015637398,0.00024412944912910461,0.4998316541314125,0.4999051205813885,7.346644997596741e-05,0.7476552985608578,0.7477399222552776,8.462369441986084e-05,False
0,REFUGE->RIM_ONE_r3,1,C5,0.001,1.6640212535858154,0.4339362382888794,0.017510956153273582,0.004288995638489723,0.010674661956727505,0.5712812542915344,0.2326531559228897,0.07106708362698555,0.9289329163730145,0.6201920881867409,0.6199089959263802,-0.0002830922603607178,0.7369811721146107,0.7371686957776546,0.00018752366304397583,0.4998316541314125,0.4999989252537489,0.00016727112233638763,0.7476552985608578,0.7476769089698792,2.1610409021377563e-05,False
0,REFUGE->RIM_ONE_r3,2,C0,0.001,0.4235030710697174,0.03326043486595154,0.016155516728758812,0.0035597248934209347,0.013545192778110504,0.5827450752258301,0.1961703896522522,0.07106708362698555,0.9289329163730145,0.6201920881867409,0.6206951681524515,0.00050307996571064,0.7369811721146107,0.7366482019424438,-0.00033297017216682434,0.4998316541314125,0.5003315825015306,0.0004999283701181412,0.7476552985608578,0.747282974421978,-0.000372324138879776,False
0,REFUGE->RIM_ONE_r3,2,C1,0.001,0.4189981520175934,0.07467442750930786,0.016155516728758812,0.0035597248934209347,0.013545192778110504,0.5827450752258301,0.1961703896522522,0.07106708362698555,0.9289329163730145,0.6201920881867409,0.6204723622649908,0.00028027407824993134,0.7369811721146107,0.7367394268512726,-0.000241745263338089,0.4998316541314125,0.5001258570700884,0.00029420293867588043,0.7476552985608578,0.747360922396183,-0.0002943761646747589,False
0,REFUGE->RIM_ONE_r3,2,C2,0.001,1.6320301294326782,0.21548956632614136,0.016155516728758812,0.0035597248934209347,0.013545192778110504,0.5827450752258301,0.1961703896522522,0.07106708362698555,0.9289329163730145,0.6201920881867409,0.6218313686549664,0.0016392804682254791,0.7369811721146107,0.7365119531750679,-0.0004692189395427704,0.4998316541314125,0.5013217069208622,0.0014900527894496918,0.7476552985608578,0.7471429221332073,-0.0005123764276504517,False
0,REFUGE->RIM_ONE_r3,2,C3,0.001,1.6148340702056885,0.2569035589694977,0.016155516728758812,0.0035597248934209347,0.013545192778110504,0.5827450752258301,0.1961703896522522,0.07106708362698555,0.9289329163730145,0.6201920881867409,0.6217917948961258,0.0015997067093849182,0.7369811721146107,0.7365312688052654,-0.00044990330934524536,0.4998316541314125,0.5012848544865847,0.0014532003551721573,0.7476552985608578,0.7471586838364601,-0.0004966147243976593,False
0,REFUGE->RIM_ONE_r3,2,C4,0.001,1.2160061597824097,0.40869733691215515,0.016155516728758812,0.0035597248934209347,0.013545192778110504,0.5827450752258301,0.1961703896522522,0.07106708362698555,0.9289329163730145,0.6201920881867409,0.6198780722916126,-0.0003140158951282501,0.7369811721146107,0.7372338734567165,0.0002527013421058655,0.4998316541314125,0.4998981561511755,6.650201976299286e-05,0.7476552985608578,0.747711542993784,5.624443292617798e-05,False
0,REFUGE->RIM_ONE_r3,2,C5,0.001,0.9130041003227234,0.41976693272590637,0.016155516728758812,0.0035597248934209347,0.013545192778110504,0.5827450752258301,0.1961703896522522,0.07106708362698555,0.9289329163730145,0.6201920881867409,0.6199354473501444,-0.00025664083659648895,0.7369811721146107,0.7371623478829861,0.00018117576837539673,0.4998316541314125,0.4997917115688324,-3.994256258010864e-05,0.7476552985608578,0.7476937882602215,3.8489699363708496e-05,False
0,REFUGE->RIM_ONE_r3,3,C0,0.001,0.662675142288208,0.03940913826227188,0.013668696396052837,0.013489611446857452,0.012250829488039017,0.5697659254074097,0.2672346532344818,0.07106708362698555,0.9289329163730145,0.6201920881867409,0.6198342200368643,-0.00035786814987659454,0.7369811721146107,0.7372749634087086,0.0002937912940979004,0.4998316541314125,0.4996893722563982,-0.00014228187501430511,0.7476552985608578,0.7478546276688576,0.00019932910799980164,False
0,REFUGE->RIM_ONE_r3,3,C1,0.001,0.6745600700378418,0.07990074157714844,0.013668696396052837,0.013489611446857452,0.012250829488039017,0.5697659254074097,0.2672346532344818,0.07106708362698555,0.9289329163730145,0.6201920881867409,0.6196751613169909,-0.0005169268697500229,0.7369811721146107,0.7373270653188229,0.0003458932042121887,0.4998316541314125,0.49949479661881924,-0.00033685751259326935,0.7476552985608578,0.7479232624173164,0.00026796385645866394,False
0,REFUGE->RIM_ONE_r3,3,C2,0.001,1.6870176792144775,0.2876521944999695,0.013668696396052837,0.013489611446857452,0.012250829488039017,0.5697659254074097,0.2672346532344818,0.07106708362698555,0.9289329163730145,0.6201920881867409,0.6195862498134375,-0.0006058383733034134,0.7369811721146107,0.7372670471668243,0.0002858750522136688,0.4998316541314125,0.49893801659345627,-0.0008936375379562378,0.7476552985608578,0.7479963079094887,0.00034100934863090515,False
0,REFUGE->RIM_ONE_r3,3,C3,0.001,1.7174904346466064,0.32814380526542664,0.013668696396052837,0.013489611446857452,0.012250829488039017,0.5697659254074097,0.2672346532344818,0.07106708362698555,0.9289329163730145,0.6201920881867409,0.6195287238806486,-0.0006633643060922623,0.7369811721146107,0.7372865341603756,0.0003053620457649231,0.4998316541314125,0.4988680649548769,-0.0009635891765356064,0.7476552985608578,0.7480218484997749,0.00036654993891716003,False
0,REFUGE->RIM_ONE_r3,3,C4,0.001,1.9886813163757324,0.45245474576950073,0.013668696396052837,0.013489611446857452,0.012250829488039017,0.5697659254074097,0.2672346532344818,0.07106708362698555,0.9289329163730145,0.6201920881867409,0.6184939965605736,-0.0016980916261672974,0.7369811721146107,0.7376456968486309,0.0006645247340202332,0.4998316541314125,0.4980791714042425,-0.0017524827271699905,0.7476552985608578,0.74834318831563,0.0006878897547721863,False
0,REFUGE->RIM_ONE_r3,3,C5,0.001,1.8336244821548462,0.45715826749801636,0.013668696396052837,0.013489611446857452,0.012250829488039017,0.5697659254074097,0.2672346532344818,0.07106708362698555,0.9289329163730145,0.6201920881867409,0.6185828410089016,-0.0016092471778392792,0.7369811721146107,0.7375753708183765,0.0005941987037658691,0.4998316541314125,0.49805036559700966,-0.0017812885344028473,0.7476552985608578,0.7483237721025944,0.0006684735417366028,False
0,REFUGE->RIM_ONE_r3,4,C0,0.001,0.738135576248169,0.04255130887031555,0.017087161540985107,0.008368464186787605,0.01709568314254284,0.5679457187652588,0.2253085970878601,0.07106708362698555,0.9289329163730145,0.6201920881867409,0.6213704906404018,0.001178402453660965,0.7369811721146107,0.736404862254858,-0.000576309859752655,0.4998316541314125,0.5005130190402269,0.0006813649088144302,0.7476552985608578,0.7473171390593052,-0.0003381595015525818,False
0,REFUGE->RIM_ONE_r3,4,C1,0.001,0.7491920590400696,0.08291354775428772,0.017087161540985107,0.008368464186787605,0.01709568314254284,0.5679457187652588,0.2253085970878601,0.07106708362698555,0.9289329163730145,0.6201920881867409,0.6213741879910231,0.0011820998042821884,0.7369811721146107,0.7364087402820587,-0.0005724318325519562,0.4998316541314125,0.500548966228962,0.0007173120975494385,0.7476552985608578,0.7473069056868553,-0.00034839287400245667,False
0,REFUGE->RIM_ONE_r3,4,C2,0.001,1.3521182537078857,0.25184786319732666,0.017087161540985107,0.008368464186787605,0.01709568314254284,0.5679457187652588,0.2253085970878601,0.07106708362698555,0.9289329163730145,0.6201920881867409,0.6212276201695204,0.0010355319827795029,0.7369811721146107,0.7365152724087238,-0.0004658997058868408,0.4998316541314125,0.5006045047193766,0.0007728505879640579,0.7476552985608578,0.7473384961485863,-0.00031680241227149963,False
0,REFUGE->RIM_ONE_r3,4,C3,0.001,1.3717455863952637,0.29221010208129883,0.017087161540985107,0.008368464186787605,0.01709568314254284,0.5679457187652588,0.2253085970878601,0.07106708362698555,0.9289329163730145,0.6201920881867409,0.6212231144309044,0.0010310262441635132,0.7369811721146107,0.7365204207599163,-0.00046075135469436646,0.4998316541314125,0.5006109327077866,0.000779278576374054,0.7476552985608578,0.7473403699696064,-0.0003149285912513733,False
0,REFUGE->RIM_ONE_r3,4,C4,0.001,1.4857186079025269,0.4227854609489441,0.017087161540985107,0.008368464186787605,0.01709568314254284,0.5679457187652588,0.2253085970878601,0.07106708362698555,0.9289329163730145,0.6201920881867409,0.6203754376620054,0.00018334947526454926,0.7369811721146107,0.7368114031851292,-0.00016976892948150635,0.4998316541314125,0.5002596620470285,0.00042800791561603546,0.7476552985608578,0.7475006580352783,-0.00015464052557945251,False
0,REFUGE->RIM_ONE_r3,4,C5,0.001,1.21992826461792,0.4389968514442444,0.017087161540985107,0.008368464186787605,0.01709568314254284,0.5679457187652588,0.2253085970878601,0.07106708362698555,0.9289329163730145,0.6201920881867409,0.6204855181276798,0.0002934299409389496,0.7369811721146107,0.7367353923618793,-0.00024577975273132324,0.4998316541314125,0.5001853220164776,0.00035366788506507874,0.7476552985608578,0.7474978491663933,-0.0001574493944644928,False
0,REFUGE->RIM_ONE_r3,5,C0,0.001,1.2876255512237549,0.05271189287304878,0.017493529245257378,0.017900988459587097,0.01731737330555916,0.5781276822090149,0.2350291609764099,0.07106708362698555,0.9289329163730145,0.6201920881867409,0.6192001234740019,-0.0009919647127389908,0.7369811721146107,0.7372926324605942,0.00031146034598350525,0.4998316541314125,0.4981604255735874,-0.0016712285578250885,0.7476552985608578,0.7482230067253113,0.0005677081644535065,False
0,REFUGE->RIM_ONE_r3,5,C1,0.001,1.2535407543182373,0.09379774332046509,0.017493529245257378,0.017900988459587097,0.01731737330555916,0.5781276822090149,0.2350291609764099,0.07106708362698555,0.9289329163730145,0.6201920881867409,0.619200287386775,-0.0009918007999658585,0.7369811721146107,0.7372960969805717,0.00031492486596107483,0.4998316541314125,0.49816931784152985,-0.00166233628988266,0.7476552985608578,0.7482225857675076,0.0005672872066497803,False
0,REFUGE->RIM_ONE_r3,5,C2,0.001,2.2589409351348877,0.2710382044315338,0.017493529245257378,0.017900988459587097,0.01731737330555916,0.5781276822090149,0.2350291609764099,0.07106708362698555,0.9289329163730145,0.6201920881867409,0.6192777287214994,-0.0009143594652414322,0.7369811721146107,0.7372472956776619,0.00026612356305122375,0.4998316541314125,0.49856499768793583,-0.001266656443476677,0.7476552985608578,0.7480495162308216,0.00039421766996383667,False
0,REFUGE->RIM_ONE_r3,5,C3,0.001,2.227346420288086,0.3121240735054016,0.017493529245257378,0.017900988459587097,0.01731737330555916,0.5781276822090149,0.2350291609764099,0.07106708362698555,0.9289329163730145,0.6201920881867409,0.6192820109426975,-0.0009100772440433502,0.7369811721146107,0.7372467406094074,0.00026556849479675293,0.4998316541314125,0.49857551977038383,-0.0012561343610286713,0.7476552985608578,0.7480475604534149,0.00039226189255714417,False
0,REFUGE->RIM_ONE_r3,5,C4,0.001,1.6177451610565186,0.4442816376686096,0.017493529245257378,0.017900988459587097,0.01731737330555916,0.5781276822090149,0.2350291609764099,0.07106708362698555,0.9289329163730145,0.6201920881867409,0.6191828902810812,-0.0010091979056596756,0.7369811721146107,0.7373417280614376,0.0003605559468269348,0.4998316541314125,0.49843445234000683,-0.0013972017914056778,0.7476552985608578,0.7481588199734688,0.0005035214126110077,False
0,REFUGE->RIM_ONE_r3,5,C5,0.001,1.6724624633789062,0.4518406093120575,0.017493529245257378,0.017900988459587097,0.01731737330555916,0.5781276822090149,0.2350291609764099,0.07106708362698555,0.9289329163730145,0.6201920881867409,0.6191435065120459,-0.001048581674695015,0.7369811721146107,0.7373279295861721,0.0003467574715614319,0.4998316541314125,0.4983119498938322,-0.0015197042375802994,0.7476552985608578,0.7481632940471172,0.0005079954862594604,False
0,REFUGE->RIM_ONE_r3,6,C0,0.001,0.5670897960662842,0.044665101915597916,0.018366368487477303,0.012105537578463554,0.014193194918334484,0.5629637837409973,0.251250296831131,0.07106708362698555,0.9289329163730145,0.6201920881867409,0.620612746104598,0.0004206579178571701,0.7369811721146107,0.7370119094848633,3.073737025260925e-05,0.4998316541314125,0.4998386614024639,7.00727105140686e-06,0.7476552985608578,0.7478067353367805,0.00015143677592277527,False
0,REFUGE->RIM_ONE_r3,6,C1,0.001,0.574142575263977,0.08467329293489456,0.018366368487477303,0.012105537578463554,0.014193194918334484,0.5629637837409973,0.251250296831131,0.07106708362698555,0.9289329163730145,0.6201920881867409,0.620565801858902,0.0003737136721611023,0.7369811721146107,0.737028818577528,4.764646291732788e-05,0.4998316541314125,0.49979926459491253,-3.238953649997711e-05,0.7476552985608578,0.7478199675679207,0.000164669007062912,False
0,REFUGE->RIM_ONE_r3,6,C2,0.001,1.627683162689209,0.27805978059768677,0.018366368487477303,0.012105537578463554,0.014193194918334484,0.5629637837409973,0.251250296831131,0.07106708362698555,0.9289329163730145,0.6201920881867409,0.6195550449192524,-0.0006370432674884796,0.7369811721146107,0.7372005395591259,0.00021936744451522827,0.4998316541314125,0.49875132739543915,-0.0010803267359733582,0.7476552985608578,0.7480427771806717,0.00038747861981391907,False
0,REFUGE->RIM_ONE_r3,6,C3,0.001,1.6396334171295166,0.3180679678916931,0.018366368487477303,0.012105537578463554,0.014193194918334484,0.5629637837409973,0.251250296831131,0.07106708362698555,0.9289329163730145,0.6201920881867409,0.6195497531443834,-0.0006423350423574448,0.7369811721146107,0.7372036874294281,0.0002225153148174286,0.4998316541314125,0.4987490866333246,-0.001082567498087883,0.7476552985608578,0.7480431869626045,0.0003878884017467499,False
0,REFUGE->RIM_ONE_r3,6,C4,0.001,1.728308081626892,0.4457239508628845,0.018366368487477303,0.012105537578463554,0.014193194918334484,0.5629637837409973,0.251250296831131,0.07106708362698555,0.9289329163730145,0.6201920881867409,0.6187621206045151,-0.0014299675822257996,0.7369811721146107,0.7374836355447769,0.0005024634301662445,0.4998316541314125,0.49825797602534294,-0.0015736781060695648,0.7476552985608578,0.7482712529599667,0.0006159543991088867,False
0,REFUGE->RIM_ONE_r3,6,C5,0.001,1.490470290184021,0.45630547404289246,0.018366368487477303,0.012105537578463554,0.014193194918334484,0.5629637837409973,0.251250296831131,0.07106708362698555,0.9289329163730145,0.6201920881867409,0.619138028472662,-0.0010540597140789032,0.7369811721146107,0.7373536750674248,0.00037250295281410217,0.4998316541314125,0.4984661266207695,-0.0013655275106430054,0.7476552985608578,0.7481751590967178,0.0005198605358600616,False
0,REFUGE->RIM_ONE_r3,7,C0,0.001,0.8230016231536865,0.04882340878248215,0.023024730384349823,0.007984427735209465,0.01781424880027771,0.5729019045829773,0.19801951944828033,0.07106708362698555,0.9289329163730145,0.6201920881867409,0.6211929265409708,0.001000838354229927,0.7369811721146107,0.7366104014217854,-0.0003707706928253174,0.4998316541314125,0.501134667545557,0.001303013414144516,0.7476552985608578,0.747175108641386,-0.0004801899194717407,False
0,REFUGE->RIM_ONE_r3,7,C1,0.001,0.8233553171157837,0.08953787386417389,0.023024730384349823,0.007984427735209465,0.01781424880027771,0.5729019045829773,0.19801951944828033,0.07106708362698555,0.9289329163730145,0.6201920881867409,0.6211863905191422,0.0009943023324012756,0.7369811721146107,0.7366150729358196,-0.00036609917879104614,0.4998316541314125,0.5011311713606119,0.0012995172291994095,0.7476552985608578,0.747179888188839,-0.0004754103720188141,False
0,REFUGE->RIM_ONE_r3,7,C2,0.001,1.3203459978103638,0.23277026414871216,0.023024730384349823,0.007984427735209465,0.01781424880027771,0.5729019045829773,0.19801951944828033,0.07106708362698555,0.9289329163730145,0.6201920881867409,0.6209060717374086,0.0007139835506677628,0.7369811721146107,0.7368106544017792,-0.0001705177128314972,0.4998316541314125,0.5009156838059425,0.0010840296745300293,0.7476552985608578,0.7472914792597294,-0.00036381930112838745,False
0,REFUGE->RIM_ONE_r3,7,C3,0.001,1.324617862701416,0.2734847068786621,0.023024730384349823,0.007984427735209465,0.01781424880027771,0.5729019045829773,0.19801951944828033,0.07106708362698555,0.9289329163730145,0.6201920881867409,0.6209027282893658,0.0007106401026248932,0.7369811721146107,0.7368134632706642,-0.0001677088439464569,0.4998316541314125,0.5009044054895639,0.0010727513581514359,0.7476552985608578,0.7472989112138748,-0.00035638734698295593,False
0,REFUGE->RIM_ONE_r3,7,C4,0.001,1.552385687828064,0.42844998836517334,0.023024730384349823,0.007984427735209465,0.01781424880027771,0.5729019045829773,0.19801951944828033,0.07106708362698555,0.9289329163730145,0.6201920881867409,0.6204856503754854,0.000293562188744545,0.7369811721146107,0.7369055934250355,-7.557868957519531e-05,0.4998316541314125,0.5005825292319059,0.0007508751004934311,0.7476552985608578,0.7474659644067287,-0.00018933415412902832,False
0,REFUGE->RIM_ONE_r3,7,C5,0.001,1.1922106742858887,0.44001200795173645,0.023024730384349823,0.007984427735209465,0.01781424880027771,0.5729019045829773,0.19801951944828033,0.07106708362698555,0.9289329163730145,0.6201920881867409,0.6205212138593197,0.00032912567257881165,0.7369811721146107,0.7368911169469357,-9.005516767501831e-05,0.4998316541314125,0.5005178898572922,0.0006862357258796692,0.7476552985608578,0.7474585808813572,-0.00019671767950057983,False
0,REFUGE->RIM_ONE_r3,8,C0,0.001,0.38120970129966736,0.03999641165137291,0.016373049467802048,0.00925063993781805,0.014372720383107662,0.5671389698982239,0.1647723764181137,0.07106708362698555,0.9289329163730145,0.6201920881867409,0.6192679572850466,-0.0009241309016942978,0.7369811721146107,0.7372494786977768,0.00026830658316612244,0.4998316541314125,0.4997967090457678,-3.4945085644721985e-05,0.7476552985608578,0.7477662861347198,0.0001109875738620758,False
0,REFUGE->RIM_ONE_r3,8,C1,0.001,0.39241862297058105,0.08030132204294205,0.016373049467802048,0.00925063993781805,0.014372720383107662,0.5671389698982239,0.1647723764181137,0.07106708362698555,0.9289329163730145,0.6201920881867409,0.6192588713020086,-0.0009332168847322464,0.7369811721146107,0.7372645027935505,0.00028333067893981934,0.4998316541314125,0.49978141486644745,-5.023926496505737e-05,0.7476552985608578,0.7477790415287018,0.0001237429678440094,False
0,REFUGE->RIM_ONE_r3,8,C2,0.001,0.8722280263900757,0.19305889308452606,0.016373049467802048,0.00925063993781805,0.014372720383107662,0.5671389698982239,0.1647723764181137,0.07106708362698555,0.9289329163730145,0.6201920881867409,0.6202347911894321,4.270300269126892e-05,0.7369811721146107,0.7370892502367496,0.00010807812213897705,0.4998316541314125,0.5000959187746048,0.00026426464319229126,0.7476552985608578,0.7476853504776955,3.005191683769226e-05,False
0,REFUGE->RIM_ONE_r3,8,C3,0.001,0.8780572414398193,0.2333638072013855,0.016373049467802048,0.00925063993781805,0.014372720383107662,0.5671389698982239,0.1647723764181137,0.07106708362698555,0.9289329163730145,0.6201920881867409,0.620223842561245,3.1754374504089355e-05,0.7369811721146107,0.7370964512228966,0.00011527910828590393,0.4998316541314125,0.5000884626060724,0.00025680847465991974,0.7476552985608578,0.747692633420229,3.73348593711853e-05,False
0,REFUGE->RIM_ONE_r3,8,C4,0.001,1.1856223344802856,0.39318206906318665,0.016373049467802048,0.00925063993781805,0.014372720383107662,0.5671389698982239,0.1647723764181137,0.07106708362698555,0.9289329163730145,0.6201920881867409,0.6185554098337889,-0.0016366783529520035,0.7369811721146107,0.7376018762588501,0.0006207041442394257,0.4998316541314125,0.4988635405898094,-0.0009681135416030884,0.7476552985608578,0.7481672540307045,0.0005119554698467255,False
0,REFUGE->RIM_ONE_r3,8,C5,0.001,0.8736607432365417,0.41576075553894043,0.016373049467802048,0.00925063993781805,0.014372720383107662,0.5671389698982239,0.1647723764181137,0.07106708362698555,0.9289329163730145,0.6201920881867409,0.6186351049691439,-0.0015569832175970078,0.7369811721146107,0.7375589795410633,0.0005778074264526367,0.4998316541314125,0.49904770217835903,-0.0007839519530534744,0.7476552985608578,0.7480908818542957,0.00043558329343795776,False
0,REFUGE->RIM_ONE_r3,9,C0,0.001,1.120641827583313,0.061703406274318695,0.017510956153273582,0.026419484987854958,0.017772963270545006,0.6320136785507202,0.20745795965194702,0.07106708362698555,0.9289329163730145,0.6201920881867409,0.6190769467502832,-0.001115141436457634,0.7369811721146107,0.7373612597584724,0.00038008764386177063,0.4998316541314125,0.4982278533279896,-0.0016038008034229279,0.7476552985608578,0.7482797428965569,0.0006244443356990814,False
0,REFUGE->RIM_ONE_r3,9,C1,0.001,1.2923270463943481,0.10661877691745758,0.017510956153273582,0.026419484987854958,0.017772963270545006,0.6320136785507202,0.20745795965194702,0.07106708362698555,0.9289329163730145,0.6201920881867409,0.6190104335546494,-0.0011816546320915222,0.7369811721146107,0.7373931184411049,0.0004119463264942169,0.4998316541314125,0.4981521535664797,-0.0016795005649328232,0.7476552985608578,0.7482920475304127,0.0006367489695549011,False
0,REFUGE->RIM_ONE_r3,9,C2,0.001,1.5595459938049316,0.25441792607307434,0.017510956153273582,0.026419484987854958,0.017772963270545006,0.6320136785507202,0.20745795965194702,0.07106708362698555,0.9289329163730145,0.6201920881867409,0.619772881269455,-0.0004192069172859192,0.7369811721146107,0.7372016459703445,0.00022047385573387146,0.4998316541314125,0.4991773031651974,-0.0006543509662151337,0.7476552985608578,0.7480224259197712,0.00036712735891342163,False
0,REFUGE->RIM_ONE_r3,9,C3,0.001,1.5631699562072754,0.2993333041667938,0.017510956153273582,0.026419484987854958,0.017772963270545006,0.6320136785507202,0.20745795965194702,0.07106708362698555,0.9289329163730145,0.6201920881867409,0.6195864863693714,-0.0006056018173694611,0.7369811721146107,0.7372717820107937,0.0002906098961830139,0.4998316541314125,0.4989351388067007,-0.0008965153247117996,0.7476552985608578,0.7481036633253098,0.0004483647644519806,False
0,REFUGE->RIM_ONE_r3,9,C4,0.001,2.7853431701660156,0.47675108909606934,0.017510956153273582,0.026419484987854958,0.017772963270545006,0.6320136785507202,0.20745795965194702,0.07106708362698555,0.9289329163730145,0.6201920881867409,0.6185690853744745,-0.0016230028122663498,0.7369811721146107,0.7375877611339092,0.0006065890192985535,0.4998316541314125,0.4980729818344116,-0.001758672297000885,0.7476552985608578,0.7483237236738205,0.0006684251129627228,False
0,REFUGE->RIM_ONE_r3,9,C5,0.001,2.3628666400909424,0.4701032042503357,0.017510956153273582,0.026419484987854958,0.017772963270545006,0.6320136785507202,0.20745795965194702,0.07106708362698555,0.9289329163730145,0.6201920881867409,0.6185508109629154,-0.0016412772238254547,0.7369811721146107,0.7375849857926369,0.0006038136780261993,0.4998316541314125,0.49797271750867367,-0.0018589366227388382,0.7476552985608578,0.7483581639826298,0.0007028654217720032,False
0,REFUGE->RIM_ONE_r3,10,C0,0.001,0.5799629092216492,0.03770497068762779,0.01567036099731922,0.004403156694024801,0.017631452530622482,0.5855079293251038,0.25804996490478516,0.07106708362698555,0.9289329163730145,0.6201920881867409,0.6198383923619986,-0.0003536958247423172,0.7369811721146107,0.7369501702487469,-3.100186586380005e-05,0.4998316541314125,0.4988672938197851,-0.000964360311627388,0.7476552985608578,0.7478085830807686,0.00015328451991081238,False
0,REFUGE->RIM_ONE_r3,10,C1,0.001,0.5776285529136658,0.07931530475616455,0.01567036099731922,0.004403156694024801,0.017631452530622482,0.5855079293251038,0.25804996490478516,0.07106708362698555,0.9289329163730145,0.6201920881867409,0.6197887565940619,-0.00040333159267902374,0.7369811721146107,0.7369815520942211,3.7997961044311523e-07,0.4998316541314125,0.49878508038818836,-0.001046573743224144,0.7476552985608578,0.7478438951075077,0.00018859654664993286,False
0,REFUGE->RIM_ONE_r3,10,C2,0.001,1.6285293102264404,0.27741608023643494,0.01567036099731922,0.004403156694024801,0.017631452530622482,0.5855079293251038,0.25804996490478516,0.07106708362698555,0.9289329163730145,0.6201920881867409,0.6202806867659092,8.85985791683197e-05,0.7369811721146107,0.736924797296524,-5.6374818086624146e-05,0.4998316541314125,0.4994779862463474,-0.00035366788506507874,0.7476552985608578,0.7477294765412807,7.417798042297363e-05,False
0,REFUGE->RIM_ONE_r3,10,C3,0.001,1.6532918214797974,0.3190264105796814,0.01567036099731922,0.004403156694024801,0.017631452530622482,0.5855079293251038,0.25804996490478516,0.07106708362698555,0.9289329163730145,0.6201920881867409,0.6202649157494307,7.282756268978119e-05,0.7369811721146107,0.7369354218244553,-4.5750290155410767e-05,0.4998316541314125,0.4994491543620825,-0.0003824997693300247,0.7476552985608578,0.7477448806166649,8.958205580711365e-05,False
0,REFUGE->RIM_ONE_r3,10,C4,0.001,1.6071267127990723,0.4649192988872528,0.01567036099731922,0.004403156694024801,0.017631452530622482,0.5855079293251038,0.25804996490478516,0.07106708362698555,0.9289329163730145,0.6201920881867409,0.6191673390567303,-0.0010247491300106049,0.7369811721146107,0.7373239137232304,0.00034274160861968994,0.4998316541314125,0.4984417948871851,-0.0013898592442274094,0.7476552985608578,0.7481472343206406,0.0004919357597827911,False
0,REFUGE->RIM_ONE_r3,10,C5,0.001,1.3891935348510742,0.465599924325943,0.01567036099731922,0.004403156694024801,0.017631452530622482,0.5855079293251038,0.25804996490478516,0.07106708362698555,0.9289329163730145,0.6201920881867409,0.6192868649959564,-0.0009052231907844543,0.7369811721146107,0.7372687123715878,0.0002875402569770813,0.4998316541314125,0.49846453219652176,-0.001367121934890747,0.7476552985608578,0.7481102533638477,0.0004549548029899597,False
0,REFUGE->RIM_ONE_r3,11,C0,0.001,0.666118860244751,0.03600021451711655,0.014900180511176586,0.010341711342334747,0.010758322663605213,0.5828986763954163,0.18497556447982788,0.07106708362698555,0.9289329163730145,0.6201920881867409,0.6185732558369637,-0.0016188323497772217,0.7369811721146107,0.7375568710267544,0.0005756989121437073,0.4998316541314125,0.4985768496990204,-0.0012548044323921204,0.7476552985608578,0.7481611929833889,0.0005058944225311279,False
0,REFUGE->RIM_ONE_r3,11,C1,0.001,0.7021020650863647,0.07742512226104736,0.014900180511176586,0.010341711342334747,0.010758322663605213,0.5828986763954163,0.18497556447982788,0.07106708362698555,0.9289329163730145,0.6201920881867409,0.6185455359518528,-0.0016465522348880768,0.7369811721146107,0.7375758662819862,0.0005946941673755646,0.4998316541314125,0.49858066998422146,-0.0012509841471910477,0.7476552985608578,0.7481648772954941,0.0005095787346363068,False
0,REFUGE->RIM_ONE_r3,11,C2,0.001,1.1609731912612915,0.20783010125160217,0.014900180511176586,0.010341711342334747,0.010758322663605213,0.5828986763954163,0.18497556447982788,0.07106708362698555,0.9289329163730145,0.6201920881867409,0.6202778480947018,8.575990796089172e-05,0.7369811721146107,0.7370827384293079,0.00010156631469726562,0.4998316541314125,0.49992023408412933,8.857995271682739e-05,0.7476552985608578,0.7477521300315857,9.683147072792053e-05,False
0,REFUGE->RIM_ONE_r3,11,C3,0.001,1.1806479692459106,0.2492550164461136,0.014900180511176586,0.010341711342334747,0.010758322663605213,0.5828986763954163,0.18497556447982788,0.07106708362698555,0.9289329163730145,0.6201920881867409,0.6202111840248108,1.909583806991577e-05,0.7369811721146107,0.7371118925511837,0.00013072043657302856,0.4998316541314125,0.49988132156431675,4.966743290424347e-05,0.7476552985608578,0.7477685175836086,0.00011321902275085449,False
0,REFUGE->RIM_ONE_r3,11,C4,0.001,1.5475763082504272,0.4113553762435913,0.014900180511176586,0.010341711342334747,0.010758322663605213,0.5828986763954163,0.18497556447982788,0.07106708362698555,0.9289329163730145,0.6201920881867409,0.6186738107353449,-0.0015182774513959885,0.7369811721146107,0.737622894346714,0.0006417222321033478,0.4998316541314125,0.49883256666362286,-0.00099908746778965,0.7476552985608578,0.7481231242418289,0.00046782568097114563,False
0,REFUGE->RIM_ONE_r3,11,C5,0.001,1.2374951839447021,0.4236268997192383,0.014900180511176586,0.010341711342334747,0.010758322663605213,0.5828986763954163,0.18497556447982788,0.07106708362698555,0.9289329163730145,0.6201920881867409,0.6185741741210222,-0.0016179140657186508,0.7369811721146107,0.7376470230519772,0.0006658509373664856,0.4998316541314125,0.4987511094659567,-0.0010805446654558182,0.7476552985608578,0.7481480576097965,0.0004927590489387512,False
0,REFUGE->RIM_ONE_r3,12,C0,0.001,0.883771538734436,0.040678881108760834,0.01741679012775421,0.010033302009105682,0.01322878710925579,0.5843425989151001,0.246830552816391,0.07106708362698555,0.9289329163730145,0.6201920881867409,0.620081102475524,-0.00011098571121692657,0.7369811721146107,0.7369400560855865,-4.1116029024124146e-05,0.4998316541314125,0.49898271076381207,-0.000848943367600441,0.7476552985608578,0.7477474398910999,9.214133024215698e-05,False
0,REFUGE->RIM_ONE_r3,12,C1,0.001,0.9498730301856995,0.08220639824867249,0.01741679012775421,0.010033302009105682,0.01322878710925579,0.5843425989151001,0.246830552816391,0.07106708362698555,0.9289329163730145,0.6201920881867409,0.619905011728406,-0.0002870764583349228,0.7369811721146107,0.7370034456253052,2.2273510694503784e-05,0.4998316541314125,0.4988301210105419,-0.0010015331208705902,0.7476552985608578,0.7478114701807499,0.00015617161989212036,False
0,REFUGE->RIM_ONE_r3,12,C2,0.001,1.4841045141220093,0.2699679136276245,0.01741679012775421,0.010033302009105682,0.01322878710925579,0.5843425989151001,0.246830552816391,0.07106708362698555,0.9289329163730145,0.6201920881867409,0.6214515864849091,0.0012594982981681824,0.7369811721146107,0.7365959398448467,-0.00038523226976394653,0.4998316541314125,0.5005557183176279,0.0007240641862154007,0.7476552985608578,0.7473314255475998,-0.00032387301325798035,False
0,REFUGE->RIM_ONE_r3,12,C3,0.001,1.4766714572906494,0.31149542331695557,0.01741679012775421,0.010033302009105682,0.01322878710925579,0.5843425989151001,0.246830552816391,0.07106708362698555,0.9289329163730145,0.6201920881867409,0.6213433835655451,0.0011512953788042068,0.7369811721146107,0.7366303764283657,-0.0003507956862449646,0.4998316541314125,0.5004231315106153,0.0005914773792028427,0.7476552985608578,0.7473743334412575,-0.000280965119600296,False
0,REFUGE->RIM_ONE_r3,12,C4,0.001,1.6926860809326172,0.44555747509002686,0.01741679012775421,0.010033302009105682,0.01322878710925579,0.5843425989151001,0.246830552816391,0.07106708362698555,0.9289329163730145,0.6201920881867409,0.6187347024679184,-0.0014573857188224792,0.7369811721146107,0.7374715618789196,0.0004903897643089294,0.4998316541314125,0.4983129296451807,-0.001518724486231804,0.7476552985608578,0.7481365464627743,0.0004812479019165039,False
0,REFUGE->RIM_ONE_r3,12,C5,0.001,1.3993322849273682,0.45457762479782104,0.01741679012775421,0.010033302009105682,0.01322878710925579,0.5843425989151001,0.246830552816391,0.07106708362698555,0.9289329163730145,0.6201920881867409,0.6191222164779902,-0.0010698717087507248,0.7369811721146107,0.7373310625553131,0.00034989044070243835,0.4998316541314125,0.4985587913542986,-0.0012728627771139145,0.7476552985608578,0.748012226074934,0.0003569275140762329,False
0,REFUGE->RIM_ONE_r3,13,C0,0.001,0.543290913105011,0.04150456190109253,0.01614653877913952,0.008432186208665371,0.016925835981965065,0.5843982100486755,0.20439381897449493,0.07106708362698555,0.9289329163730145,0.6201920881867409,0.6204759906977415,0.00028390251100063324,0.7369811721146107,0.736941821873188,-3.93502414226532e-05,0.4998316541314125,0.5001979749649763,0.0003663208335638046,0.7476552985608578,0.7475545778870583,-0.00010072067379951477,False
0,REFUGE->RIM_ONE_r3,13,C1,0.001,0.5579771995544434,0.08303603529930115,0.01614653877913952,0.008432186208665371,0.016925835981965065,0.5843982100486755,0.20439381897449493,0.07106708362698555,0.9289329163730145,0.6201920881867409,0.6203621570020914,0.00017006881535053253,0.7369811721146107,0.7369874864816666,6.314367055892944e-06,0.4998316541314125,0.5000629294663668,0.00023127533495426178,0.7476552985608578,0.7476052641868591,-5.003437399864197e-05,False
0,REFUGE->RIM_ONE_r3,13,C2,0.001,1.418957233428955,0.23137269914150238,0.01614653877913952,0.008432186208665371,0.016925835981965065,0.5843982100486755,0.20439381897449493,0.07106708362698555,0.9289329163730145,0.6201920881867409,0.6205406822264194,0.0003485940396785736,0.7369811721146107,0.7369094379246235,-7.173418998718262e-05,0.4998316541314125,0.5005392581224442,0.0007076039910316467,0.7476552985608578,0.7475076541304588,-0.00014764443039894104,False
0,REFUGE->RIM_ONE_r3,13,C3,0.001,1.4194862842559814,0.2729041576385498,0.01614653877913952,0.008432186208665371,0.016925835981965065,0.5843982100486755,0.20439381897449493,0.07106708362698555,0.9289329163730145,0.6201920881867409,0.620494082570076,0.0003019943833351135,0.7369811721146107,0.7369297631084919,-5.1409006118774414e-05,0.4998316541314125,0.5004877559840679,0.0006561018526554108,0.7476552985608578,0.7475289665162563,-0.00012633204460144043,False
0,REFUGE->RIM_ONE_r3,13,C4,0.001,1.8432420492172241,0.44917839765548706,0.01614653877913952,0.008432186208665371,0.016925835981965065,0.5843982100486755,0.20439381897449493,0.07106708362698555,0.9289329163730145,0.6201920881867409,0.6189251989126205,-0.0012668892741203308,0.7369811721146107,0.7374745234847069,0.0004933513700962067,0.4998316541314125,0.4986679945141077,-0.001163659617304802,0.7476552985608578,0.7481513135135174,0.0004960149526596069,False
0,REFUGE->RIM_ONE_r3,13,C5,0.001,1.2504066228866577,0.4450284242630005,0.01614653877913952,0.008432186208665371,0.016925835981965065,0.5843982100486755,0.20439381897449493,0.07106708362698555,0.9289329163730145,0.6201920881867409,0.6190207749605179,-0.001171313226222992,0.7369811721146107,0.7374339066445827,0.0004527345299720764,0.4998316541314125,0.49892907962203026,-0.0009025745093822479,0.7476552985608578,0.7480725683271885,0.000417269766330719,False
0,REFUGE->RIM_ONE_r3,14,C0,0.001,0.4033060371875763,0.04128917306661606,0.018366368487477303,0.0065202959813177586,0.016402510926127434,0.5791298151016235,0.2157987356185913,0.07106708362698555,0.9289329163730145,0.6201920881867409,0.6202114727348089,1.938454806804657e-05,0.7369811721146107,0.7370760887861252,9.491667151451111e-05,0.4998316541314125,0.499217189848423,-0.000614464282989502,0.7476552985608578,0.7478607296943665,0.00020543113350868225,False
0,REFUGE->RIM_ONE_r3,14,C1,0.001,0.40566229820251465,0.08244623243808746,0.018366368487477303,0.0065202959813177586,0.016402510926127434,0.5791298151016235,0.2157987356185913,0.07106708362698555,0.9289329163730145,0.6201920881867409,0.6201696377247572,-2.2450461983680725e-05,0.7369811721146107,0.7371019646525383,0.00012079253792762756,0.4998316541314125,0.499189805239439,-0.0006418488919734955,0.7476552985608578,0.7478748597204685,0.0002195611596107483,False
0,REFUGE->RIM_ONE_r3,14,C2,0.001,1.282494068145752,0.24175173044204712,0.018366368487477303,0.0065202959813177586,0.016402510926127434,0.5791298151016235,0.2157987356185913,0.07106708362698555,0.9289329163730145,0.6201920881867409,0.6195913031697273,-0.0006007850170135498,0.7369811721146107,0.7372017428278923,0.00022057071328163147,0.4998316541314125,0.4989077877253294,-0.000923866406083107,0.7476552985608578,0.7480088248848915,0.0003535263240337372,False
0,REFUGE->RIM_ONE_r3,14,C3,0.001,1.2827636003494263,0.2829087972640991,0.018366368487477303,0.0065202959813177586,0.016402510926127434,0.5791298151016235,0.2157987356185913,0.07106708362698555,0.9289329163730145,0.6201920881867409,0.6195747703313828,-0.0006173178553581238,0.7369811721146107,0.7372137047350407,0.00023253262042999268,0.4998316541314125,0.49889697693288326,-0.0009346771985292435,0.7476552985608578,0.7480150870978832,0.00035978853702545166,False
0,REFUGE->RIM_ONE_r3,14,C4,0.001,1.287643551826477,0.4285967946052551,0.018366368487477303,0.0065202959813177586,0.016402510926127434,0.5791298151016235,0.2157987356185913,0.07106708362698555,0.9289329163730145,0.6201920881867409,0.6189896184951067,-0.0012024696916341782,0.7369811721146107,0.7374840639531612,0.0005028918385505676,0.4998316541314125,0.4984342847019434,-0.0013973694294691086,0.7476552985608578,0.7482467740774155,0.0005914755165576935,False
0,REFUGE->RIM_ONE_r3,14,C5,0.001,0.9042744040489197,0.4357910752296448,0.018366368487477303,0.0065202959813177586,0.016402510926127434,0.5791298151016235,0.2157987356185913,0.07106708362698555,0.9289329163730145,0.6201920881867409,0.6191467177122831,-0.0010453704744577408,0.7369811721146107,0.7374310754239559,0.00044990330934524536,0.4998316541314125,0.4985361136496067,-0.0012955404818058014,0.7476552985608578,0.7481630221009254,0.0005077235400676727,False
0,REFUGE->RIM_ONE_r3,15,C0,0.001,1.0325486660003662,0.05251973122358322,0.023024730384349823,0.014059561304748058,0.015435438603162766,0.5857933163642883,0.27705901861190796,0.07106708362698555,0.9289329163730145,0.6201920881867409,0.6205694228410721,0.0003773346543312073,0.7369811721146107,0.736991859972477,1.0687857866287231e-05,0.4998316541314125,0.5003664493560791,0.0005347952246665955,0.7476552985608578,0.7475369535386562,-0.00011834502220153809,False
0,REFUGE->RIM_ONE_r3,15,C1,0.001,1.0317381620407104,0.0941503494977951,0.023024730384349823,0.014059561304748058,0.015435438603162766,0.5857933163642883,0.27705901861190796,0.07106708362698555,0.9289329163730145,0.6201920881867409,0.6204772368073463,0.00028514862060546875,0.7369811721146107,0.7370266355574131,4.54634428024292e-05,0.4998316541314125,0.500260865315795,0.00042921118438243866,0.7476552985608578,0.7475747130811214,-8.058547973632812e-05,False
0,REFUGE->RIM_ONE_r3,15,C2,0.001,2.8598265647888184,0.3098889887332916,0.023024730384349823,0.014059561304748058,0.015435438603162766,0.5857933163642883,0.27705901861190796,0.07106708362698555,0.9289329163730145,0.6201920881867409,0.619978778064251,-0.0002133101224899292,0.7369811721146107,0.7371216975152493,0.00014052540063858032,0.4998316541314125,0.49953316524624825,-0.00029848888516426086,0.7476552985608578,0.7477690577507019,0.00011375918984413147,False
0,REFUGE->RIM_ONE_r3,15,C3,0.001,2.87502384185791,0.3515195846557617,0.023024730384349823,0.014059561304748058,0.015435438603162766,0.5857933163642883,0.27705901861190796,0.07106708362698555,0.9289329163730145,0.6201920881867409,0.619945177808404,-0.00024691037833690643,0.7369811721146107,0.7371343597769737,0.00015318766236305237,0.4998316541314125,0.4995039366185665,-0.00032771751284599304,0.7476552985608578,0.7477766759693623,0.00012137740850448608,False
0,REFUGE->RIM_ONE_r3,15,C4,0.001,2.0625245571136475,0.4829123616218567,0.023024730384349823,0.014059561304748058,0.015435438603162766,0.5857933163642883,0.27705901861190796,0.07106708362698555,0.9289329163730145,0.6201920881867409,0.6192396879196167,-0.000952400267124176,0.7369811721146107,0.7373847514390945,0.00040357932448387146,0.4998316541314125,0.4988614246249199,-0.0009702295064926147,0.7476552985608578,0.7480242140591145,0.00036891549825668335,False
0,REFUGE->RIM_ONE_r3,15,C5,0.001,1.942751407623291,0.4818614721298218,0.023024730384349823,0.014059561304748058,0.015435438603162766,0.5857933163642883,0.27705901861190796,0.07106708362698555,0.9289329163730145,0.6201920881867409,0.6193781495094299,-0.0008139386773109436,0.7369811721146107,0.7373621389269829,0.00038096681237220764,0.4998316541314125,0.4989710282534361,-0.0008606258779764175,0.7476552985608578,0.747996062040329,0.00034076347947120667,False
0,REFUGE->RIM_ONE_r3,16,C0,0.001,1.5301284790039062,0.06448168307542801,0.01610710099339485,0.02859327755868435,0.01978130452334881,0.580864429473877,0.28293776512145996,0.07106708362698555,0.9289329163730145,0.6201920881867409,0.621116079390049,0.0009239912033081055,0.7369811721146107,0.7365951798856258,-0.00038599222898483276,0.4998316541314125,0.49999022483825684,0.00015857070684432983,0.7476552985608578,0.7475444972515106,-0.00011080130934715271,False
0,REFUGE->RIM_ONE_r3,16,C1,0.001,1.5474703311920166,0.10576201975345612,0.01610710099339485,0.02859327755868435,0.01978130452334881,0.580864429473877,0.28293776512145996,0.07106708362698555,0.9289329163730145,0.6201920881867409,0.6211009491235018,0.0009088609367609024,0.7369811721146107,0.7366034463047981,-0.0003777258098125458,0.4998316541314125,0.49999269656836987,0.00016104243695735931,0.7476552985608578,0.7475524321198463,-0.00010286644101142883,False
0,REFUGE->RIM_ONE_r3,16,C2,0.001,2.5444674491882324,0.3273118734359741,0.01610710099339485,0.02859327755868435,0.01978130452334881,0.580864429473877,0.28293776512145996,0.07106708362698555,0.9289329163730145,0.6201920881867409,0.6207793913781643,0.0005873031914234161,0.7369811721146107,0.736764021217823,-0.00021715089678764343,0.4998316541314125,0.49948618933558464,-0.0003454647958278656,0.7476552985608578,0.7477437630295753,8.846446871757507e-05,False
0,REFUGE->RIM_ONE_r3,16,C3,0.001,2.5739574432373047,0.36859220266342163,0.01610710099339485,0.02859327755868435,0.01978130452334881,0.580864429473877,0.28293776512145996,0.07106708362698555,0.9289329163730145,0.6201920881867409,0.6207697670906782,0.0005776789039373398,0.7369811721146107,0.7367677502334118,-0.00021342188119888306,0.4998316541314125,0.49948893301188946,-0.0003427211195230484,0.7476552985608578,0.7477497979998589,9.449943900108337e-05,False
0,REFUGE->RIM_ONE_r3,16,C4,0.001,2.522627115249634,0.4809498190879822,0.01610710099339485,0.02859327755868435,0.01978130452334881,0.580864429473877,0.28293776512145996,0.07106708362698555,0.9289329163730145,0.6201920881867409,0.6206279080361128,0.0004358198493719101,0.7369811721146107,0.7368418052792549,-0.00013936683535575867,0.4998316541314125,0.4997507743537426,-8.087977766990662e-05,0.7476552985608578,0.7477483376860619,9.30391252040863e-05,False
0,REFUGE->RIM_ONE_r3,16,C5,0.001,2.3941080570220947,0.4893866777420044,0.01610710099339485,0.02859327755868435,0.01978130452334881,0.580864429473877,0.28293776512145996,0.07106708362698555,0.9289329163730145,0.6201920881867409,0.6205192767083645,0.00032718852162361145,0.7369811721146107,0.7368552200496197,-0.00012595206499099731,0.4998316541314125,0.49930108338594437,-0.0005305707454681396,0.7476552985608578,0.7478642053902149,0.00020890682935714722,False
0,REFUGE->RIM_ONE_r3,17,C0,0.001,0.45810431241989136,0.03419337421655655,0.018201984465122223,0.0052748448215425014,0.010716542601585388,0.5677874088287354,0.25745588541030884,0.07106708362698555,0.9289329163730145,0.6201920881867409,0.6218622382730246,0.0016701500862836838,0.7369811721146107,0.7364268489181995,-0.0005543231964111328,0.4998316541314125,0.5014536529779434,0.0016219988465309143,0.7476552985608578,0.7471463494002819,-0.0005089491605758667,False
0,REFUGE->RIM_ONE_r3,17,C1,0.001,0.4470728933811188,0.07454437017440796,0.018201984465122223,0.0052748448215425014,0.010716542601585388,0.5677874088287354,0.25745588541030884,0.07106708362698555,0.9289329163730145,0.6201920881867409,0.6217929031699896,0.0016008149832487106,0.7369811721146107,0.7364599108695984,-0.0005212612450122833,0.4998316541314125,0.5014178548008204,0.0015862006694078445,0.7476552985608578,0.7471652328968048,-0.0004900656640529633,False
0,REFUGE->RIM_ONE_r3,17,C2,0.001,1.820381999015808,0.27335262298583984,0.018201984465122223,0.0052748448215425014,0.010716542601585388,0.5677874088287354,0.25745588541030884,0.07106708362698555,0.9289329163730145,0.6201920881867409,0.6215698160231113,0.0013777278363704681,0.7369811721146107,0.7365813888609409,-0.00039978325366973877,0.4998316541314125,0.5013500265777111,0.0015183724462985992,0.7476552985608578,0.7471809051930904,-0.000474393367767334,False
0,REFUGE->RIM_ONE_r3,17,C3,0.001,1.815974473953247,0.31370359659194946,0.018201984465122223,0.0052748448215425014,0.010716542601585388,0.5677874088287354,0.25745588541030884,0.07106708362698555,0.9289329163730145,0.6201920881867409,0.6215442791581154,0.0013521909713745117,0.7369811721146107,0.7365925759077072,-0.00038859620690345764,0.4998316541314125,0.5013297330588102,0.001498078927397728,0.7476552985608578,0.7471908368170261,-0.0004644617438316345,False
0,REFUGE->RIM_ONE_r3,17,C4,0.001,1.7096675634384155,0.4363985061645508,0.018201984465122223,0.0052748448215425014,0.010716542601585388,0.5677874088287354,0.25745588541030884,0.07106708362698555,0.9289329163730145,0.6201920881867409,0.6202719304710627,7.984228432178497e-05,0.7369811721146107,0.7370364591479301,5.5287033319473267e-05,0.4998316541314125,0.5004614070057869,0.0006297528743743896,0.7476552985608578,0.7475590817630291,-9.621679782867432e-05,False
0,REFUGE->RIM_ONE_r3,17,C5,0.001,1.134521245956421,0.4441641569137573,0.018201984465122223,0.0052748448215425014,0.010716542601585388,0.5677874088287354,0.25745588541030884,0.07106708362698555,0.9289329163730145,0.6201920881867409,0.6207118034362793,0.0005197152495384216,0.7369811721146107,0.736888263374567,-9.290874004364014e-05,0.4998316541314125,0.5008486192673445,0.0010169651359319687,0.7476552985608578,0.7474118359386921,-0.00024346262216567993,False
0,REFUGE->RIM_ONE_r3,18,C0,0.001,0.466060608625412,0.031328361481428146,0.016155516728758812,0.004446141887456179,0.010726704262197018,0.5776194334030151,0.20086264610290527,0.07106708362698555,0.9289329163730145,0.6201920881867409,0.6215111538767815,0.0013190656900405884,0.7369811721146107,0.7364601716399193,-0.000521000474691391,0.4998316541314125,0.5007933285087347,0.000961674377322197,0.7476552985608578,0.7471434287726879,-0.0005118697881698608,False
0,REFUGE->RIM_ONE_r3,18,C1,0.001,0.4506664574146271,0.07237808406352997,0.016155516728758812,0.004446141887456179,0.010726704262197018,0.5776194334030151,0.20086264610290527,0.07106708362698555,0.9289329163730145,0.6201920881867409,0.6213591434061527,0.00116705521941185,0.7369811721146107,0.7365275993943214,-0.00045357272028923035,0.4998316541314125,0.5006612185388803,0.0008295644074678421,0.7476552985608578,0.7471918500959873,-0.0004634484648704529,False
0,REFUGE->RIM_ONE_r3,18,C2,0.001,3.696538209915161,0.21791628003120422,0.016155516728758812,0.004446141887456179,0.010726704262197018,0.5776194334030151,0.20086264610290527,0.07106708362698555,0.9289329163730145,0.6201920881867409,0.620749942958355,0.0005578547716140747,0.7369811721146107,0.7368664629757404,-0.00011470913887023926,0.4998316541314125,0.5004479344934225,0.0006162803620100021,0.7476552985608578,0.7475140914320946,-0.00014120712876319885,False
0,REFUGE->RIM_ONE_r3,18,C3,0.001,3.6843607425689697,0.25896599888801575,0.016155516728758812,0.004446141887456179,0.010726704262197018,0.5776194334030151,0.20086264610290527,0.07106708362698555,0.9289329163730145,0.6201920881867409,0.6207276824861765,0.0005355942994356155,0.7369811721146107,0.7368755228817463,-0.00010564923286437988,0.4998316541314125,0.5004311371594667,0.0005994830280542374,0.7476552985608578,0.747519351541996,-0.00013594701886177063,False
0,REFUGE->RIM_ONE_r3,18,C4,0.001,1.3107198476791382,0.40231871604919434,0.016155516728758812,0.004446141887456179,0.010726704262197018,0.5776194334030151,0.20086264610290527,0.07106708362698555,0.9289329163730145,0.6201920881867409,0.6200591623783112,-0.00013292580842971802,0.7369811721146107,0.7371947951614857,0.000213623046875,0.4998316541314125,0.5000242795795202,0.00019262544810771942,0.7476552985608578,0.7476766109466553,2.131238579750061e-05,False
0,REFUGE->RIM_ONE_r3,18,C5,0.001,3.3937015533447266,0.415973037481308,0.016155516728758812,0.004446141887456179,0.010726704262197018,0.5776194334030151,0.20086264610290527,0.07106708362698555,0.9289329163730145,0.6201920881867409,0.6199352834373713,-0.0002568047493696213,0.7369811721146107,0.7371315509080887,0.00015037879347801208,0.4998316541314125,0.49977388978004456,-5.776435136795044e-05,0.7476552985608578,0.7477536238729954,9.832531213760376e-05,False
0,REFUGE->RIM_ONE_r3,19,C0,0.001,0.5622045993804932,0.039321184158325195,0.014768044464290142,0.011534428223967552,0.01301871333271265,0.5748065114021301,0.2721388041973114,0.07106708362698555,0.9289329163730145,0.6201920881867409,0.6193391159176826,-0.0008529722690582275,0.7369811721146107,0.7373692318797112,0.0003880597651004791,0.4998316541314125,0.500156482681632,0.00032482855021953583,0.7476552985608578,0.7476300969719887,-2.520158886909485e-05,False
0,REFUGE->RIM_ONE_r3,19,C1,0.001,0.5651993751525879,0.08017100393772125,0.014768044464290142,0.011534428223967552,0.01301871333271265,0.5748065114021301,0.2721388041973114,0.07106708362698555,0.9289329163730145,0.6201920881867409,0.6192213203758001,-0.0009707678109407425,0.7369811721146107,0.7374115996062756,0.0004304274916648865,0.4998316541314125,0.5000164061784744,0.00018475204706192017,0.7476552985608578,0.7476825304329395,2.7231872081756592e-05,False
0,REFUGE->RIM_ONE_r3,19,C2,0.001,2.0203030109405518,0.2921198606491089,0.014768044464290142,0.011534428223967552,0.01301871333271265,0.5748065114021301,0.2721388041973114,0.07106708362698555,0.9289329163730145,0.6201920881867409,0.6189776919782162,-0.001214396208524704,0.7369811721146107,0.7373748198151588,0.000393647700548172,0.4998316541314125,0.49865409173071384,-0.0011775624006986618,0.7476552985608578,0.748073298484087,0.00041799992322921753,False
0,REFUGE->RIM_ONE_r3,19,C3,0.001,2.047351121902466,0.33296966552734375,0.014768044464290142,0.011534428223967552,0.01301871333271265,0.5748065114021301,0.2721388041973114,0.07106708362698555,0.9289329163730145,0.6201920881867409,0.6189558524638414,-0.001236235722899437,0.7369811721146107,0.7373837940394878,0.00040262192487716675,0.4998316541314125,0.49862984381616116,-0.0012018103152513504,0.7476552985608578,0.7480813339352608,0.0004260353744029999,False
0,REFUGE->RIM_ONE_r3,19,C4,0.001,2.012032985687256,0.45926332473754883,0.014768044464290142,0.011534428223967552,0.01301871333271265,0.5748065114021301,0.2721388041973114,0.07106708362698555,0.9289329163730145,0.6201920881867409,0.6180568430572748,-0.002135245129466057,0.7369811721146107,0.7377256006002426,0.0007444284856319427,0.4998316541314125,0.4980201907455921,-0.0018114633858203888,0.7476552985608578,0.7483506947755814,0.000695396214723587,False
0,REFUGE->RIM_ONE_r3,19,C5,0.001,1.9370602369308472,0.4623942971229553,0.014768044464290142,0.011534428223967552,0.01301871333271265,0.5748065114021301,0.2721388041973114,0.07106708362698555,0.9289329163730145,0.6201920881867409,0.6184129640460014,-0.001779124140739441,0.7369811721146107,0.7375661879777908,0.0005850158631801605,0.4998316541314125,0.49819499626755714,-0.001636657863855362,0.7476552985608578,0.7482445761561394,0.000589277595281601,False
0,REFUGE->RIM_ONE_r3,20,C0,0.001,0.5052109360694885,0.042072661221027374,0.017160726711153984,0.00997923407703638,0.014932697638869286,0.5679016709327698,0.2432403862476349,0.07106708362698555,0.9289329163730145,0.6201920881867409,0.6202018037438393,9.715557098388672e-06,0.7369811721146107,0.7369370758533478,-4.409626126289368e-05,0.4998316541314125,0.499193636700511,-0.0006380174309015274,0.7476552985608578,0.7477947808802128,0.00013948231935501099,False
0,REFUGE->RIM_ONE_r3,20,C1,0.001,0.4904053807258606,0.08243177831172943,0.017160726711153984,0.00997923407703638,0.014932697638869286,0.5679016709327698,0.2432403862476349,0.07106708362698555,0.9289329163730145,0.6201920881867409,0.6202032808214426,1.119263470172882e-05,0.7369811721146107,0.7369385808706284,-4.2591243982315063e-05,0.4998316541314125,0.49923786520957947,-0.0005937889218330383,0.7476552985608578,0.74778001755476,0.00012471899390220642,False
0,REFUGE->RIM_ONE_r3,20,C2,0.001,1.2242474555969238,0.2680266499519348,0.017160726711153984,0.00997923407703638,0.014932697638869286,0.5679016709327698,0.2432403862476349,0.07106708362698555,0.9289329163730145,0.6201920881867409,0.6207792162895203,0.0005871281027793884,0.7369811721146107,0.7367557734251022,-0.0002253986895084381,0.4998316541314125,0.5002766419202089,0.00044498778879642487,0.7476552985608578,0.7475281320512295,-0.0001271665096282959,False
0,REFUGE->RIM_ONE_r3,20,C3,0.001,1.232916235923767,0.30838578939437866,0.017160726711153984,0.00997923407703638,0.014932697638869286,0.5679016709327698,0.2432403862476349,0.07106708362698555,0.9289329163730145,0.6201920881867409,0.6207827124744654,0.0005906242877244949,0.7369811721146107,0.7367561832070351,-0.0002249889075756073,0.4998316541314125,0.5003058295696974,0.00047417543828487396,0.7476552985608578,0.7475180849432945,-0.00013721361756324768,False
0,REFUGE->RIM_ONE_r3,20,C4,0.001,1.3665508031845093,0.42724111676216125,0.017160726711153984,0.00997923407703638,0.014932697638869286,0.5679016709327698,0.2432403862476349,0.07106708362698555,0.9289329163730145,0.6201920881867409,0.6197741087526083,-0.000417979434132576,0.7369811721146107,0.7370887286961079,0.00010755658149719238,0.4998316541314125,0.5000530891120434,0.00022143498063087463,0.7476552985608578,0.7476206570863724,-3.464147448539734e-05,False
0,REFUGE->RIM_ONE_r3,20,C5,0.001,0.9778096079826355,0.44791513681411743,0.017160726711153984,0.00997923407703638,0.014932697638869286,0.5679016709327698,0.2432403862476349,0.07106708362698555,0.9289329163730145,0.6201920881867409,0.6196619886904955,-0.0005300994962453842,0.7369811721146107,0.73709437251091,0.00011320039629936218,0.4998316541314125,0.49960940331220627,-0.0002222508192062378,0.7476552985608578,0.7477573379874229,0.00010203942656517029,False
0,REFUGE->RIM_ONE_r3,21,C0,0.001,0.5117518305778503,0.04477745294570923,0.0164008941501379,0.0132417818531394,0.015134776942431927,0.5768669843673706,0.20818445086479187,0.07106708362698555,0.9289329163730145,0.6201920881867409,0.6205679420381784,0.00037585385143756866,0.7369811721146107,0.736814696341753,-0.00016647577285766602,0.4998316541314125,0.5003008730709553,0.0004692189395427704,0.7476552985608578,0.7474854625761509,-0.00016983598470687866,False
0,REFUGE->RIM_ONE_r3,21,C1,0.001,0.5142748355865479,0.08577370643615723,0.0164008941501379,0.0132417818531394,0.015134776942431927,0.5768669843673706,0.20818445086479187,0.07106708362698555,0.9289329163730145,0.6201920881867409,0.6206434592604637,0.00045137107372283936,0.7369811721146107,0.7367980666458607,-0.00018310546875,0.4998316541314125,0.5004250686615705,0.0005934145301580429,0.7476552985608578,0.7474508732557297,-0.00020442530512809753,False
0,REFUGE->RIM_ONE_r3,21,C2,0.001,2.009066581726074,0.23816683888435364,0.0164008941501379,0.0132417818531394,0.015134776942431927,0.5768669843673706,0.20818445086479187,0.07106708362698555,0.9289329163730145,0.6201920881867409,0.6195379216223955,-0.0006541665643453598,0.7369811721146107,0.7371843121945858,0.00020314007997512817,0.4998316541314125,0.4991773087531328,-0.000654345378279686,0.7476552985608578,0.747859749943018,0.00020445138216018677,False
0,REFUGE->RIM_ONE_r3,21,C3,0.001,1.9932222366333008,0.27916309237480164,0.0164008941501379,0.0132417818531394,0.015134776942431927,0.5768669843673706,0.20818445086479187,0.07106708362698555,0.9289329163730145,0.6201920881867409,0.6195496059954166,-0.000642482191324234,0.7369811721146107,0.7371817380189896,0.000200565904378891,0.4998316541314125,0.4992148391902447,-0.0006168149411678314,0.7476552985608578,0.7478472366929054,0.0001919381320476532,False
0,REFUGE->RIM_ONE_r3,21,C4,0.001,1.5864887237548828,0.419829785823822,0.0164008941501379,0.0132417818531394,0.015134776942431927,0.5768669843673706,0.20818445086479187,0.07106708362698555,0.9289329163730145,0.6201920881867409,0.6197522971779108,-0.0004397910088300705,0.7369811721146107,0.7371703274548054,0.00018915534019470215,0.4998316541314125,0.4996214509010315,-0.00021020323038101196,0.7476552985608578,0.7478114552795887,0.00015615671873092651,False
0,REFUGE->RIM_ONE_r3,21,C5,0.001,1.2512166500091553,0.4326803982257843,0.0164008941501379,0.0132417818531394,0.015134776942431927,0.5768669843673706,0.20818445086479187,0.07106708362698555,0.9289329163730145,0.6201920881867409,0.6197141073644161,-0.0004779808223247528,0.7369811721146107,0.7371571324765682,0.00017596036195755005,0.4998316541314125,0.499411853030324,-0.00041980110108852386,0.7476552985608578,0.7477990239858627,0.0001437254250049591,False
0,REFUGE->RIM_ONE_r3,22,C0,0.001,0.7095686197280884,0.05809163302183151,0.019017310813069344,0.02168291062116623,0.01739141158759594,0.5628976821899414,0.26330244541168213,0.07106708362698555,0.9289329163730145,0.6201920881867409,0.6196354441344738,-0.0005566440522670746,0.7369811721146107,0.7372240424156189,0.0002428703010082245,0.4998316541314125,0.4999055005609989,7.384642958641052e-05,0.7476552985608578,0.7477500140666962,9.471550583839417e-05,False
0,REFUGE->RIM_ONE_r3,22,C1,0.001,0.7179122567176819,0.0980951264500618,0.019017310813069344,0.02168291062116623,0.01739141158759594,0.5628976821899414,0.26330244541168213,0.07106708362698555,0.9289329163730145,0.6201920881867409,0.6196068897843361,-0.0005851984024047852,0.7369811721146107,0.7372362874448299,0.0002551153302192688,0.4998316541314125,0.4998911712318659,5.951710045337677e-05,0.7476552985608578,0.7477581985294819,0.00010289996862411499,False
0,REFUGE->RIM_ONE_r3,22,C2,0.001,1.4598429203033447,0.30268195271492004,0.019017310813069344,0.02168291062116623,0.01739141158759594,0.5628976821899414,0.26330244541168213,0.07106708362698555,0.9289329163730145,0.6201920881867409,0.6191696301102638,-0.0010224580764770508,0.7369811721146107,0.7372925542294979,0.00031138211488723755,0.4998316541314125,0.49899796582758427,-0.0008336883038282394,0.7476552985608578,0.7479817718267441,0.00032647326588630676,False
0,REFUGE->RIM_ONE_r3,22,C3,0.001,1.4740397930145264,0.34268543124198914,0.019017310813069344,0.02168291062116623,0.01739141158759594,0.5628976821899414,0.26330244541168213,0.07106708362698555,0.9289329163730145,0.6201920881867409,0.6191574409604073,-0.0010346472263336182,0.7369811721146107,0.7372991666197777,0.00031799450516700745,0.4998316541314125,0.49899875558912754,-0.0008328985422849655,0.7476552985608578,0.7479841113090515,0.00032881274819374084,False
0,REFUGE->RIM_ONE_r3,22,C4,0.001,1.6382957696914673,0.46939319372177124,0.019017310813069344,0.02168291062116623,0.01739141158759594,0.5628976821899414,0.26330244541168213,0.07106708362698555,0.9289329163730145,0.6201920881867409,0.6184585578739643,-0.0017335303127765656,0.7369811721146107,0.7375595346093178,0.0005783624947071075,0.4998316541314125,0.49853047728538513,-0.0013011768460273743,0.7476552985608578,0.7482068277895451,0.0005515292286872864,False
0,REFUGE->RIM_ONE_r3,22,C5,0.001,1.4452711343765259,0.4783251881599426,0.019017310813069344,0.02168291062116623,0.01739141158759594,0.5628976821899414,0.26330244541168213,0.07106708362698555,0.9289329163730145,0.6201920881867409,0.6187262609601021,-0.001465827226638794,0.7369811721146107,0.7374548949301243,0.00047372281551361084,0.4998316541314125,0.49872115068137646,-0.0011105034500360489,0.7476552985608578,0.7481104470789433,0.00045514851808547974,False
0,REFUGE->RIM_ONE_r3,23,C0,0.001,0.5868873000144958,0.041418980807065964,0.01831764169037342,0.008662235923111439,0.01443910226225853,0.572262167930603,0.18766559660434723,0.07106708362698555,0.9289329163730145,0.6201920881867409,0.6189292687922716,-0.0012628193944692612,0.7369811721146107,0.7375133410096169,0.0005321688950061798,0.4998316541314125,0.4989726934581995,-0.0008589606732130051,0.7476552985608578,0.7479518167674541,0.0002965182065963745,False
0,REFUGE->RIM_ONE_r3,23,C1,0.001,0.5898915529251099,0.08208797872066498,0.01831764169037342,0.008662235923111439,0.01443910226225853,0.572262167930603,0.18766559660434723,0.07106708362698555,0.9289329163730145,0.6201920881867409,0.6189256776124239,-0.0012664105743169785,0.7369811721146107,0.7375181913375854,0.0005370192229747772,0.4998316541314125,0.49895957112312317,-0.0008720830082893372,0.7476552985608578,0.7479619458317757,0.00030664727091789246,False
0,REFUGE->RIM_ONE_r3,23,C2,0.001,1.5730550289154053,0.21574772894382477,0.01831764169037342,0.008662235923111439,0.01443910226225853,0.572262167930603,0.18766559660434723,0.07106708362698555,0.9289329163730145,0.6201920881867409,0.6202276572585106,3.5569071769714355e-05,0.7369811721146107,0.7370356842875481,5.451217293739319e-05,0.4998316541314125,0.5005599912256002,0.0007283370941877365,0.7476552985608578,0.7474078796803951,-0.0002474188804626465,False
0,REFUGE->RIM_ONE_r3,23,C3,0.001,1.5716384649276733,0.2564167380332947,0.01831764169037342,0.008662235923111439,0.01443910226225853,0.572262167930603,0.18766559660434723,0.07106708362698555,0.9289329163730145,0.6201920881867409,0.6202241461724043,3.2057985663414e-05,0.7369811721146107,0.7370385713875294,5.739927291870117e-05,0.4998316541314125,0.5005557667464018,0.0007241126149892807,0.7476552985608578,0.7474102713167667,-0.00024502724409103394,False
0,REFUGE->RIM_ONE_r3,23,C4,0.001,1.682153344154358,0.4184678792953491,0.01831764169037342,0.008662235923111439,0.01443910226225853,0.572262167930603,0.18766559660434723,0.07106708362698555,0.9289329163730145,0.6201920881867409,0.6198270451277494,-0.0003650430589914322,0.7369811721146107,0.7371663190424442,0.00018514692783355713,0.4998316541314125,0.500034885481,0.0002032313495874405,0.7476552985608578,0.7476317174732685,-2.3581087589263916e-05,False
0,REFUGE->RIM_ONE_r3,23,C5,0.001,1.407403588294983,0.4263156056404114,0.01831764169037342,0.008662235923111439,0.01443910226225853,0.572262167930603,0.18766559660434723,0.07106708362698555,0.9289329163730145,0.6201920881867409,0.6198169849812984,-0.0003751032054424286,0.7369811721146107,0.7371626161038876,0.00018144398927688599,0.4998316541314125,0.5000422298908234,0.00021057575941085815,0.7476552985608578,0.7476071082055569,-4.819035530090332e-05,False
0,REFUGE->RIM_ONE_r3,24,C0,0.001,0.48226314783096313,0.0420612208545208,0.016914645209908485,0.011162972077727318,0.01398360263556242,0.5633600354194641,0.19217121601104736,0.07106708362698555,0.9289329163730145,0.6201920881867409,0.6200186163187027,-0.0001734718680381775,0.7369811721146107,0.7370590418577194,7.786974310874939e-05,0.4998316541314125,0.5004624389111996,0.0006307847797870636,0.7476552985608578,0.7475280500948429,-0.00012724846601486206,False
0,REFUGE->RIM_ONE_r3,24,C1,0.001,0.48438361287117004,0.08209757506847382,0.016914645209908485,0.011162972077727318,0.01398360263556242,0.5633600354194641,0.19217121601104736,0.07106708362698555,0.9289329163730145,0.6201920881867409,0.6199869643896818,-0.00020512379705905914,0.7369811721146107,0.7370799891650677,9.881705045700073e-05,0.4998316541314125,0.500440988689661,0.0006093345582485199,0.7476552985608578,0.74754299223423,-0.00011230632662773132,False
0,REFUGE->RIM_ONE_r3,24,C2,0.001,1.0037217140197754,0.22057539224624634,0.016914645209908485,0.011162972077727318,0.01398360263556242,0.5633600354194641,0.19217121601104736,0.07106708362698555,0.9289329163730145,0.6201920881867409,0.6206902954727411,0.0004982072860002518,0.7369811721146107,0.7368916906416416,-8.948147296905518e-05,0.4998316541314125,0.5007617436349392,0.0009300895035266876,0.7476552985608578,0.7474433146417141,-0.00021198391914367676,False
0,REFUGE->RIM_ONE_r3,24,C3,0.001,1.0075173377990723,0.26061174273490906,0.016914645209908485,0.011162972077727318,0.01398360263556242,0.5633600354194641,0.19217121601104736,0.07106708362698555,0.9289329163730145,0.6201920881867409,0.6206700764596462,0.00047798827290534973,0.7369811721146107,0.7369024530053139,-7.87191092967987e-05,0.4998316541314125,0.5007472224533558,0.0009155683219432831,0.7476552985608578,0.7474518977105618,-0.0002034008502960205,False
0,REFUGE->RIM_ONE_r3,24,C4,0.001,1.0848180055618286,0.4098014235496521,0.016914645209908485,0.011162972077727318,0.01398360263556242,0.5633600354194641,0.19217121601104736,0.07106708362698555,0.9289329163730145,0.6201920881867409,0.6187988482415676,-0.0013932399451732635,0.7369811721146107,0.7375177778303623,0.000536605715751648,0.4998316541314125,0.49933978356420994,-0.000491870567202568,0.7476552985608578,0.7480161264538765,0.00036082789301872253,False
0,REFUGE->RIM_ONE_r3,24,C5,0.001,0.8479218482971191,0.43215808272361755,0.016914645209908485,0.011162972077727318,0.01398360263556242,0.5633600354194641,0.19217121601104736,0.07106708362698555,0.9289329163730145,0.6201920881867409,0.6190654449164867,-0.0011266432702541351,0.7369811721146107,0.7374150305986404,0.0004338584840297699,0.4998316541314125,0.499670734629035,-0.00016091950237751007,0.7476552985608578,0.7478751540184021,0.00021985545754432678,False
0,REFUGE->RIM_ONE_r3,25,C0,0.001,1.1910475492477417,0.0627492144703865,0.018201984465122223,0.024985965341329575,0.019561264663934708,0.6320451498031616,0.24576669931411743,0.07106708362698555,0.9289329163730145,0.6201920881867409,0.6198381502181292,-0.0003539379686117172,0.7369811721146107,0.7370682843029499,8.71121883392334e-05,0.4998316541314125,0.4989847857505083,-0.0008468683809041977,0.7476552985608578,0.7479966320097446,0.00034133344888687134,False
0,REFUGE->RIM_ONE_r3,25,C1,0.001,1.3677978515625,0.10766682028770447,0.018201984465122223,0.024985965341329575,0.019561264663934708,0.6320451498031616,0.24576669931411743,0.07106708362698555,0.9289329163730145,0.6201920881867409,0.6196629423648119,-0.000529145821928978,0.7369811721146107,0.7371387742459774,0.00015760213136672974,0.4998316541314125,0.4988209716975689,-0.0010106824338436127,0.7476552985608578,0.7480413839221001,0.0003860853612422943,False
0,REFUGE->RIM_ONE_r3,25,C2,0.001,1.7278624773025513,0.291049987077713,0.018201984465122223,0.024985965341329575,0.019561264663934708,0.6320451498031616,0.24576669931411743,0.07106708362698555,0.9289329163730145,0.6201920881867409,0.6202948316931725,0.00010274350643157959,0.7369811721146107,0.7369791567325592,-2.0153820514678955e-06,0.4998316541314125,0.5000068470835686,0.0001751929521560669,0.7476552985608578,0.7477225922048092,6.729364395141602e-05,False
0,REFUGE->RIM_ONE_r3,25,C3,0.001,1.699168086051941,0.3359676003456116,0.018201984465122223,0.024985965341329575,0.019561264663934708,0.6320451498031616,0.24576669931411743,0.07106708362698555,0.9289329163730145,0.6201920881867409,0.6201259531080723,-6.613507866859436e-05,0.7369811721146107,0.7370438277721405,6.265565752983093e-05,0.4998316541314125,0.49978059716522694,-5.105696618556976e-05,0.7476552985608578,0.7478025630116463,0.00014726445078849792,False
0,REFUGE->RIM_ONE_r3,25,C4,0.001,2.731001615524292,0.49608302116394043,0.018201984465122223,0.024985965341329575,0.019561264663934708,0.6320451498031616,0.24576669931411743,0.07106708362698555,0.9289329163730145,0.6201920881867409,0.6188476365059614,-0.001344451680779457,0.7369811721146107,0.7374671995639801,0.00048602744936943054,0.4998316541314125,0.49840312264859676,-0.0014285314828157425,0.7476552985608578,0.7482122033834457,0.0005569048225879669,False
0,REFUGE->RIM_ONE_r3,25,C5,0.001,2.2990081310272217,0.4936942756175995,0.018201984465122223,0.024985965341329575,0.019561264663934708,0.6320451498031616,0.24576669931411743,0.07106708362698555,0.9289329163730145,0.6201920881867409,0.6189234182238579,-0.0012686699628829956,0.7369811721146107,0.7374326437711716,0.00045147165656089783,0.4998316541314125,0.49839651957154274,-0.0014351345598697662,0.7476552985608578,0.7482102364301682,0.000554937869310379,False
0,REFUGE->RIM_ONE_r3,26,C0,0.001,0.7075272798538208,0.04064023494720459,0.016791148111224174,0.004737726412713528,0.019111359491944313,0.6030223965644836,0.2539982795715332,0.07106708362698555,0.9289329163730145,0.6201920881867409,0.6188595350831747,-0.0013325531035661697,0.7369811721146107,0.7373760379850864,0.00039486587047576904,0.4998316541314125,0.4984259679913521,-0.0014056861400604248,0.7476552985608578,0.7480385266244411,0.000383228063583374,False
0,REFUGE->RIM_ONE_r3,26,C1,0.001,0.7211452126502991,0.08349527418613434,0.016791148111224174,0.004737726412713528,0.019111359491944313,0.6030223965644836,0.2539982795715332,0.07106708362698555,0.9289329163730145,0.6201920881867409,0.6188200507313013,-0.0013720374554395676,0.7369811721146107,0.7373985014855862,0.0004173293709754944,0.4998316541314125,0.49837236292660236,-0.0014592912048101425,0.7476552985608578,0.7480638176202774,0.00040851905941963196,False
0,REFUGE->RIM_ONE_r3,26,C2,0.001,1.8097387552261353,0.2765876054763794,0.016791148111224174,0.004737726412713528,0.019111359491944313,0.6030223965644836,0.2539982795715332,0.07106708362698555,0.9289329163730145,0.6201920881867409,0.6202342826873064,4.219450056552887e-05,0.7369811721146107,0.7369876354932785,6.463378667831421e-06,0.4998316541314125,0.49969280883669853,-0.000138845294713974,0.7476552985608578,0.747668631374836,1.333281397819519e-05,False
0,REFUGE->RIM_ONE_r3,26,C3,0.001,1.8250360488891602,0.31944262981414795,0.016791148111224174,0.004737726412713528,0.019111359491944313,0.6030223965644836,0.2539982795715332,0.07106708362698555,0.9289329163730145,0.6201920881867409,0.6202039942145348,1.1906027793884277e-05,0.7369811721146107,0.737000685185194,1.9513070583343506e-05,0.4998316541314125,0.49966287054121494,-0.00016878359019756317,0.7476552985608578,0.7476802654564381,2.4966895580291748e-05,False
0,REFUGE->RIM_ONE_r3,26,C4,0.001,1.7460945844650269,0.47968998551368713,0.016791148111224174,0.004737726412713528,0.019111359491944313,0.6030223965644836,0.2539982795715332,0.07106708362698555,0.9289329163730145,0.6201920881867409,0.6189743969589472,-0.0012176912277936935,0.7369811721146107,0.737423449754715,0.0004422776401042938,0.4998316541314125,0.49862490594387054,-0.0012067481875419617,0.7476552985608578,0.7480999380350113,0.0004446394741535187,False
0,REFUGE->RIM_ONE_r3,26,C5,0.001,1.5418331623077393,0.4752327799797058,0.016791148111224174,0.004737726412713528,0.019111359491944313,0.6030223965644836,0.2539982795715332,0.07106708362698555,0.9289329163730145,0.6201920881867409,0.6190590281039476,-0.0011330600827932358,0.7369811721146107,0.7373844310641289,0.00040325894951820374,0.4998316541314125,0.4986745771020651,-0.0011570770293474197,0.7476552985608578,0.7480501234531403,0.00039482489228248596,False
0,REFUGE->RIM_ONE_r3,27,C0,0.001,0.5223314166069031,0.03337431699037552,0.014229896478354931,0.009219666011631489,0.009924753569066525,0.5816788077354431,0.20219027996063232,0.07106708362698555,0.9289329163730145,0.6201920881867409,0.6185188964009285,-0.001673191785812378,0.7369811721146107,0.7376086264848709,0.0006274543702602386,0.4998316541314125,0.4984751269221306,-0.0013565272092819214,0.7476552985608578,0.7481530122458935,0.0004977136850357056,False
0,REFUGE->RIM_ONE_r3,27,C1,0.001,0.5448352098464966,0.07471252977848053,0.014229896478354931,0.009219666011631489,0.009924753569066525,0.5816788077354431,0.20219027996063232,0.07106708362698555,0.9289329163730145,0.6201920881867409,0.6184701714664698,-0.0017219167202711105,0.7369811721146107,0.7376361526548862,0.0006549805402755737,0.4998316541314125,0.49846509099006653,-0.0013665631413459778,0.7476552985608578,0.7481677494943142,0.0005124509334564209,False
0,REFUGE->RIM_ONE_r3,27,C2,0.001,1.2498115301132202,0.2211955189704895,0.014229896478354931,0.009219666011631489,0.009924753569066525,0.5816788077354431,0.20219027996063232,0.07106708362698555,0.9289329163730145,0.6201920881867409,0.6199466362595558,-0.0002454519271850586,0.7369811721146107,0.7372007519006729,0.0002195797860622406,0.4998316541314125,0.49999281764030457,0.00016116350889205933,0.7476552985608578,0.7477423176169395,8.701905608177185e-05,False
0,REFUGE->RIM_ONE_r3,27,C3,0.001,1.2702230215072632,0.2625337243080139,0.014229896478354931,0.009219666011631489,0.009924753569066525,0.5816788077354431,0.20219027996063232,0.07106708362698555,0.9289329163730145,0.6201920881867409,0.6198935322463512,-0.0002985559403896332,0.7369811721146107,0.7372223064303398,0.00024113431572914124,0.4998316541314125,0.4999659862369299,0.0001343321055173874,0.7476552985608578,0.7477543763816357,9.907782077789307e-05,False
0,REFUGE->RIM_ONE_r3,27,C4,0.001,1.4120707511901855,0.41367271542549133,0.014229896478354931,0.009219666011631489,0.009924753569066525,0.5816788077354431,0.20219027996063232,0.07106708362698555,0.9289329163730145,0.6201920881867409,0.6186037231236696,-0.001588365063071251,0.7369811721146107,0.7376344315707684,0.0006532594561576843,0.4998316541314125,0.4989791288971901,-0.0008525252342224121,0.7476552985608578,0.7480708695948124,0.00041557103395462036,False
0,REFUGE->RIM_ONE_r3,27,C5,0.001,1.1530981063842773,0.4256790280342102,0.014229896478354931,0.009219666011631489,0.009924753569066525,0.5816788077354431,0.20219027996063232,0.07106708362698555,0.9289329163730145,0.6201920881867409,0.6184993404895067,-0.0016927476972341537,0.7369811721146107,0.7376843728125095,0.0007032006978988647,0.4998316541314125,0.49883414059877396,-0.0009975135326385498,0.7476552985608578,0.7481255270540714,0.00047022849321365356,False
0,REFUGE->RIM_ONE_r3,28,C0,0.001,0.5090435147285461,0.03838881850242615,0.016867300495505333,0.007135700434446335,0.01438581570982933,0.5852178335189819,0.2292957603931427,0.07106708362698555,0.9289329163730145,0.6201920881867409,0.6200137101113796,-0.00017837807536125183,0.7369811721146107,0.7369590401649475,-2.213194966316223e-05,0.4998316541314125,0.49896993301808834,-0.0008617211133241653,0.7476552985608578,0.7477851510047913,0.00012985244393348694,False
0,REFUGE->RIM_ONE_r3,28,C1,0.001,0.54828280210495,0.07997854053974152,0.016867300495505333,0.007135700434446335,0.01438581570982933,0.5852178335189819,0.2292957603931427,0.07106708362698555,0.9289329163730145,0.6201920881867409,0.6196707934141159,-0.0005212947726249695,0.7369811721146107,0.7370797097682953,9.853765368461609e-05,0.4998316541314125,0.4986243098974228,-0.0012073442339897156,0.7476552985608578,0.7479116208851337,0.00025632232427597046,False
0,REFUGE->RIM_ONE_r3,28,C2,0.001,1.446199893951416,0.25138920545578003,0.016867300495505333,0.007135700434446335,0.01438581570982933,0.5852178335189819,0.2292957603931427,0.07106708362698555,0.9289329163730145,0.6201920881867409,0.6209891252219677,0.0007970370352268219,0.7369811721146107,0.7367752082645893,-0.0002059638500213623,0.4998316541314125,0.500456253066659,0.0006245989352464676,0.7476552985608578,0.7474604323506355,-0.00019486621022224426,False
0,REFUGE->RIM_ONE_r3,28,C3,0.001,1.4176661968231201,0.2929789125919342,0.016867300495505333,0.007135700434446335,0.01438581570982933,0.5852178335189819,0.2292957603931427,0.07106708362698555,0.9289329163730145,0.6201920881867409,0.620868070051074,0.0006759818643331528,0.7369811721146107,0.7368179187178612,-0.00016325339674949646,0.4998316541314125,0.5002982821315527,0.0004666280001401901,0.7476552985608578,0.7475165650248528,-0.00013873353600502014,False
0,REFUGE->RIM_ONE_r3,28,C4,0.001,1.620297908782959,0.4386516809463501,0.016867300495505333,0.007135700434446335,0.01438581570982933,0.5852178335189819,0.2292957603931427,0.07106708362698555,0.9289329163730145,0.6201920881867409,0.6182481572031975,-0.001943930983543396,0.7369811721146107,0.7376559749245644,0.0006748028099536896,0.4998316541314125,0.49807483330368996,-0.0017568208277225494,0.7476552985608578,0.7482884936034679,0.0006331950426101685,False
0,REFUGE->RIM_ONE_r3,28,C5,0.001,1.2104988098144531,0.4447106719017029,0.016867300495505333,0.007135700434446335,0.01438581570982933,0.5852178335189819,0.2292957603931427,0.07106708362698555,0.9289329163730145,0.6201920881867409,0.6185437384992838,-0.0016483496874570847,0.7369811721146107,0.7375512570142746,0.0005700848996639252,0.4998316541314125,0.49829673767089844,-0.0015349164605140686,0.7476552985608578,0.7481945678591728,0.0005392692983150482,False
0,REFUGE->RIM_ONE_r3,29,C0,0.001,1.0066388845443726,0.05077748000621796,0.016207702457904816,0.015402541495859623,0.019167236983776093,0.5840808153152466,0.233551487326622,0.07106708362698555,0.9289329163730145,0.6201920881867409,0.6208514738827944,0.0006593856960535049,0.7369811721146107,0.7368913367390633,-8.983537554740906e-05,0.4998316541314125,0.5007513500750065,0.0009196959435939789,0.7476552985608578,0.7474001720547676,-0.0002551265060901642,False
0,REFUGE->RIM_ONE_r3,29,C1,0.001,1.0140419006347656,0.09228639304637909,0.016207702457904816,0.015402541495859623,0.019167236983776093,0.5840808153152466,0.233551487326622,0.07106708362698555,0.9289329163730145,0.6201920881867409,0.6207796763628721,0.0005875881761312485,0.7369811721146107,0.7369195967912674,-6.157532334327698e-05,0.4998316541314125,0.5006722807884216,0.0008406266570091248,0.7476552985608578,0.7474289834499359,-0.00022631511092185974,False
0,REFUGE->RIM_ONE_r3,29,C2,0.001,2.074577808380127,0.2677311301231384,0.016207702457904816,0.015402541495859623,0.019167236983776093,0.5840808153152466,0.233551487326622,0.07106708362698555,0.9289329163730145,0.6201920881867409,0.6201572567224503,-3.4831464290618896e-05,0.7369811721146107,0.7370632439851761,8.207187056541443e-05,0.4998316541314125,0.5000323355197906,0.0002006813883781433,0.7476552985608578,0.7476592436432838,3.945082426071167e-06,False
0,REFUGE->RIM_ONE_r3,29,C3,0.001,2.0907866954803467,0.30924004316329956,0.016207702457904816,0.015402541495859623,0.019167236983776093,0.5840808153152466,0.233551487326622,0.07106708362698555,0.9289329163730145,0.6201920881867409,0.6201258357614279,-6.625242531299591e-05,0.7369811721146107,0.7370757088065147,9.453669190406799e-05,0.4998316541314125,0.4999927915632725,0.0001611374318599701,0.7476552985608578,0.7476736679673195,1.8369406461715698e-05,False
0,REFUGE->RIM_ONE_r3,29,C4,0.001,2.1689095497131348,0.4714927077293396,0.016207702457904816,0.015402541495859623,0.019167236983776093,0.5840808153152466,0.233551487326622,0.07106708362698555,0.9289329163730145,0.6201920881867409,0.61937047354877,-0.0008216146379709244,0.7369811721146107,0.7373520322144032,0.00037086009979248047,0.4998316541314125,0.49929565377533436,-0.0005360003560781479,0.7476552985608578,0.7479366101324558,0.000281311571598053,False
0,REFUGE->RIM_ONE_r3,29,C5,0.001,1.8190838098526,0.46682578325271606,0.016207702457904816,0.015402541495859623,0.019167236983776093,0.5840808153152466,0.233551487326622,0.07106708362698555,0.9289329163730145,0.6201920881867409,0.6193960700184107,-0.0007960181683301926,0.7369811721146107,0.7373430654406548,0.00036189332604408264,0.4998316541314125,0.4993294570595026,-0.0005021970719099045,0.7476552985608578,0.7479239143431187,0.0002686157822608948,False
0,REFUGE->RIM_ONE_r3,30,C0,0.001,0.31702670454978943,0.04266451671719551,0.018911631777882576,0.0052774385549128056,0.018475446850061417,0.5775502324104309,0.21192589402198792,0.07106708362698555,0.9289329163730145,0.6201920881867409,0.6206435188651085,0.00045143067836761475,0.7369811721146107,0.7368294931948185,-0.0001516789197921753,0.4998316541314125,0.49987245351076126,4.079937934875488e-05,0.7476552985608578,0.7476593069732189,4.0084123611450195e-06,False
0,REFUGE->RIM_ONE_r3,30,C1,0.001,0.31997981667518616,0.08370932936668396,0.018911631777882576,0.0052774385549128056,0.018475446850061417,0.5775502324104309,0.21192589402198792,0.07106708362698555,0.9289329163730145,0.6201920881867409,0.6206061001867056,0.00041401199996471405,0.7369811721146107,0.7368578724563122,-0.00012329965829849243,0.4998316541314125,0.4998706877231598,3.9033591747283936e-05,0.7476552985608578,0.7476615011692047,6.202608346939087e-06,False
0,REFUGE->RIM_ONE_r3,30,C2,0.001,1.2359906435012817,0.23952944576740265,0.018911631777882576,0.0052774385549128056,0.018475446850061417,0.5775502324104309,0.21192589402198792,0.07106708362698555,0.9289329163730145,0.6201920881867409,0.6204632055014372,0.00027111731469631195,0.7369811721146107,0.7369242869317532,-5.688518285751343e-05,0.4998316541314125,0.5000161696225405,0.00018451549112796783,0.7476552985608578,0.7476437203586102,-1.1578202247619629e-05,False
0,REFUGE->RIM_ONE_r3,30,C3,0.001,1.2389090061187744,0.2805742621421814,0.018911631777882576,0.0052774385549128056,0.018475446850061417,0.5775502324104309,0.21192589402198792,0.07106708362698555,0.9289329163730145,0.6201920881867409,0.620451932772994,0.0002598445862531662,0.7369811721146107,0.7369328662753105,-4.830583930015564e-05,0.4998316541314125,0.5000111665576696,0.00017951242625713348,0.7476552985608578,0.7476464360952377,-8.862465620040894e-06,False
0,REFUGE->RIM_ONE_r3,30,C4,0.001,1.238181233406067,0.4249596893787384,0.018911631777882576,0.0052774385549128056,0.018475446850061417,0.5775502324104309,0.21192589402198792,0.07106708362698555,0.9289329163730145,0.6201920881867409,0.6196400672197342,-0.0005520209670066833,0.7369811721146107,0.7372822687029839,0.0003010965883731842,0.4998316541314125,0.4995593037456274,-0.00027235038578510284,0.7476552985608578,0.7478844709694386,0.00022917240858078003,False
0,REFUGE->RIM_ONE_r3,30,C5,0.001,0.9460529088973999,0.43091362714767456,0.018911631777882576,0.0052774385549128056,0.018475446850061417,0.5775502324104309,0.21192589402198792,0.07106708362698555,0.9289329163730145,0.6201920881867409,0.6199667789041996,-0.00022530928254127502,0.7369811721146107,0.7371306121349335,0.00014944002032279968,0.4998316541314125,0.4996648635715246,-0.00016679055988788605,0.7476552985608578,0.7477660365402699,0.00011073797941207886,False
0,REFUGE->RIM_ONE_r3,31,C0,0.001,0.7685368657112122,0.04449411854147911,0.023006679490208626,0.006010658573359251,0.015476780943572521,0.5874075889587402,0.22544321417808533,0.07106708362698555,0.9289329163730145,0.6201920881867409,0.6211020816117525,0.0009099934250116348,0.7369811721146107,0.7366459295153618,-0.0003352425992488861,0.4998316541314125,0.5009688790887594,0.0011372249573469162,0.7476552985608578,0.7471351437270641,-0.0005201548337936401,False
0,REFUGE->RIM_ONE_r3,31,C1,0.001,0.7445715665817261,0.08623945713043213,0.023006679490208626,0.006010658573359251,0.015476780943572521,0.5874075889587402,0.22544321417808533,0.07106708362698555,0.9289329163730145,0.6201920881867409,0.6209884565323591,0.000796368345618248,0.7369811721146107,0.7366891615092754,-0.0002920106053352356,0.4998316541314125,0.5008462052792311,0.0010145511478185654,0.7476552985608578,0.7471729889512062,-0.00048230960965156555,False
0,REFUGE->RIM_ONE_r3,31,C2,0.001,1.8908307552337646,0.2539157271385193,0.023006679490208626,0.006010658573359251,0.015476780943572521,0.5874075889587402,0.22544321417808533,0.07106708362698555,0.9289329163730145,0.6201920881867409,0.6202971152961254,0.00010502710938453674,0.7369811721146107,0.7369034215807915,-7.775053381919861e-05,0.4998316541314125,0.49977869540452957,-5.295872688293457e-05,0.7476552985608578,0.7475764639675617,-7.883459329605103e-05,False
0,REFUGE->RIM_ONE_r3,31,C3,0.001,1.8937647342681885,0.2956610918045044,0.023006679490208626,0.006010658573359251,0.015476780943572521,0.5874075889587402,0.22544321417808533,0.07106708362698555,0.9289329163730145,0.6201920881867409,0.6202347259968519,4.263781011104584e-05,0.7369811721146107,0.7369264476001263,-5.472451448440552e-05,0.4998316541314125,0.49970443174242973,-0.00012722238898277283,0.7476552985608578,0.7476053349673748,-4.996359348297119e-05,False
0,REFUGE->RIM_ONE_r3,31,C4,0.001,1.6173847913742065,0.45067036151885986,0.023006679490208626,0.006010658573359251,0.015476780943572521,0.5874075889587402,0.22544321417808533,0.07106708362698555,0.9289329163730145,0.6201920881867409,0.6191760618239641,-0.0010160263627767563,0.7369811721146107,0.7372931614518166,0.00031198933720588684,0.4998316541314125,0.49876430071890354,-0.0010673534125089645,0.7476552985608578,0.747936025261879,0.00028072670102119446,False
0,REFUGE->RIM_ONE_r3,31,C5,0.001,1.2706758975982666,0.44576188921928406,0.023006679490208626,0.006010658573359251,0.015476780943572521,0.5874075889587402,0.22544321417808533,0.07106708362698555,0.9289329163730145,0.6201920881867409,0.6193690318614244,-0.0008230563253164291,0.7369811721146107,0.7372571602463722,0.0002759881317615509,0.4998316541314125,0.49898592568933964,-0.0008457284420728683,0.7476552985608578,0.7478773854672909,0.00022208690643310547,False
0,RIM_ONE_r3->Drishti_GS,0,C0,0.001,0.554517388343811,0.03290853649377823,0.017842590808868408,0.006872440688312054,0.008193505927920341,0.6305230259895325,0.18307706713676453,0.11247364431619644,0.8875263556838036,0.6899990402162075,0.6929863933473825,0.002987353131175041,0.6696200221776962,0.6682338193058968,-0.001386202871799469,0.7460956051945686,0.7457143403589725,-0.0003812648355960846,0.6919702626764774,0.692212026566267,0.0002417638897895813,False
0,RIM_ONE_r3->Drishti_GS,0,C1,0.001,0.5470615029335022,0.10382575541734695,0.017842590808868408,0.006872440688312054,0.008193505927920341,0.6305230259895325,0.18307706713676453,0.11247364431619644,0.8875263556838036,0.6899990402162075,0.6926563438028097,0.002657303586602211,0.6696200221776962,0.6684226840734482,-0.0011973381042480469,0.7460956051945686,0.7459660619497299,-0.0001295432448387146,0.6919702626764774,0.6920874826610088,0.00011721998453140259,False
0,RIM_ONE_r3->Drishti_GS,0,C2,0.001,1.8232542276382446,0.19539424777030945,0.017842590808868408,0.006872440688312054,0.008193505927920341,0.6305230259895325,0.18307706713676453,0.11247364431619644,0.8875263556838036,0.6899990402162075,0.6917775422334671,0.0017785020172595978,0.6696200221776962,0.6689043790102005,-0.0007156431674957275,0.7460956051945686,0.7462738528847694,0.00017824769020080566,0.6919702626764774,0.6919487826526165,-2.1480023860931396e-05,False
0,RIM_ONE_r3->Drishti_GS,0,C3,0.001,1.8636999130249023,0.2663114666938782,0.017842590808868408,0.006872440688312054,0.008193505927920341,0.6305230259895325,0.18307706713676453,0.11247364431619644,0.8875263556838036,0.6899990402162075,0.6916279308497906,0.0016288906335830688,0.6696200221776962,0.6689825616776943,-0.0006374605000019073,0.7460956051945686,0.746350608766079,0.00025500357151031494,0.6919702626764774,0.6919104121625423,-5.985051393508911e-05,False
0,RIM_ONE_r3->Drishti_GS,0,C4,0.001,1.88386070728302,0.45863011479377747,0.017842590808868408,0.006872440688312054,0.008193505927920341,0.6305230259895325,0.18307706713676453,0.11247364431619644,0.8875263556838036,0.6899990402162075,0.6905500404536724,0.0005510002374649048,0.6696200221776962,0.6695633567869663,-5.6665390729904175e-05,0.7460956051945686,0.7464024238288403,0.0003068186342716217,0.6919702626764774,0.6918237842619419,-0.00014647841453552246,False
0,RIM_ONE_r3->Drishti_GS,0,C5,0.001,1.8425554037094116,0.44588205218315125,0.017842590808868408,0.006872440688312054,0.008193505927920341,0.6305230259895325,0.18307706713676453,0.11247364431619644,0.8875263556838036,0.6899990402162075,0.6903907712548971,0.00039173103868961334,0.6696200221776962,0.6696956641972065,7.564201951026917e-05,0.7460956051945686,0.7458210699260235,-0.00027453526854515076,0.6919702626764774,0.6921009160578251,0.00013065338134765625,False
0,RIM_ONE_r3->Drishti_GS,1,C0,0.001,0.56195068359375,0.02728506550192833,0.016522401943802834,0.00483937282115221,0.005923289339989424,0.6270354986190796,0.15211309492588043,0.11247364431619644,0.8875263556838036,0.6899990402162075,0.6881569940596819,-0.0018420461565256119,0.6696200221776962,0.6707294806838036,0.0011094585061073303,0.7460956051945686,0.7455374673008919,-0.0005581378936767578,0.6919702626764774,0.6920493133366108,7.905066013336182e-05,False
0,RIM_ONE_r3->Drishti_GS,1,C1,0.001,0.618441104888916,0.09781002998352051,0.016522401943802834,0.00483937282115221,0.005923289339989424,0.6270354986190796,0.15211309492588043,0.11247364431619644,0.8875263556838036,0.6899990402162075,0.687971543520689,-0.0020274966955184937,0.6696200221776962,0.6707796826958656,0.001159660518169403,0.7460956051945686,0.7461023293435574,6.724148988723755e-06,0.6919702626764774,0.6917783915996552,-0.00019187107682228088,False
0,RIM_ONE_r3->Drishti_GS,1,C2,0.001,2.468721866607666,0.16228944063186646,0.016522401943802834,0.00483937282115221,0.005923289339989424,0.6270354986190796,0.15211309492588043,0.11247364431619644,0.8875263556838036,0.6899990402162075,0.6889181099832058,-0.001080930233001709,0.6696200221776962,0.6698875166475773,0.00026749446988105774,0.7460956051945686,0.7500543929636478,0.003958787769079208,0.6919702626764774,0.6900561414659023,-0.0019141212105751038,False
0,RIM_ONE_r3->Drishti_GS,1,C3,0.001,2.552715301513672,0.23281440138816833,0.016522401943802834,0.00483937282115221,0.005923289339989424,0.6270354986190796,0.15211309492588043,0.11247364431619644,0.8875263556838036,0.6899990402162075,0.6888634227216244,-0.0011356174945831299,0.6696200221776962,0.6699177548289299,0.0002977326512336731,0.7460956051945686,0.7500518932938576,0.00395628809928894,0.6919702626764774,0.6900532804429531,-0.0019169822335243225,False
0,RIM_ONE_r3->Drishti_GS,1,C4,0.001,2.213359832763672,0.4283994436264038,0.016522401943802834,0.00483937282115221,0.005923289339989424,0.6270354986190796,0.15211309492588043,0.11247364431619644,0.8875263556838036,0.6899990402162075,0.6893072817474604,-0.000691758468747139,0.6696200221776962,0.6697928756475449,0.0001728534698486328,0.7460956051945686,0.7494588866829872,0.003363281488418579,0.6919702626764774,0.6903150603175163,-0.0016552023589611053,False
0,RIM_ONE_r3->Drishti_GS,1,C5,0.001,2.0554816722869873,0.41387173533439636,0.016522401943802834,0.00483937282115221,0.005923289339989424,0.6270354986190796,0.15211309492588043,0.11247364431619644,0.8875263556838036,0.6899990402162075,0.688797241076827,-0.001201799139380455,0.6696200221776962,0.6700274683535099,0.0004074461758136749,0.7460956051945686,0.7495777159929276,0.0034821107983589172,0.6919702626764774,0.6902628690004349,-0.0017073936760425568,False
0,RIM_ONE_r3->Drishti_GS,2,C0,0.001,1.116021752357483,0.050774432718753815,0.020353153347969055,0.02130783721804619,0.00911344401538372,0.6407515406608582,0.19736731052398682,0.11247364431619644,0.8875263556838036,0.6899990402162075,0.6914283111691475,0.0014292709529399872,0.6696200221776962,0.6692135222256184,-0.0004064999520778656,0.7460956051945686,0.7455867268145084,-0.0005088783800601959,0.6919702626764774,0.6921630054712296,0.00019274279475212097,False
0,RIM_ONE_r3->Drishti_GS,2,C1,0.001,1.1505417823791504,0.12284209579229355,0.020353153347969055,0.02130783721804619,0.00911344401538372,0.6407515406608582,0.19736731052398682,0.11247364431619644,0.8875263556838036,0.6899990402162075,0.6915930900722742,0.0015940498560667038,0.6696200221776962,0.6692022122442722,-0.00041780993342399597,0.7460956051945686,0.7453083954751492,-0.0007872097194194794,0.6919702626764774,0.6922805085778236,0.00031024590134620667,False
0,RIM_ONE_r3->Drishti_GS,2,C2,0.001,2.0396676063537598,0.22594311833381653,0.020353153347969055,0.02130783721804619,0.00911344401538372,0.6407515406608582,0.19736731052398682,0.11247364431619644,0.8875263556838036,0.6899990402162075,0.688016589730978,-0.001982450485229492,0.6696200221776962,0.6702810227870941,0.0006610006093978882,0.7460956051945686,0.7479732409119606,0.0018776357173919678,0.6919702626764774,0.6910697966814041,-0.0009004659950733185,False
0,RIM_ONE_r3->Drishti_GS,2,C3,0.001,1.9610036611557007,0.29801076650619507,0.020353153347969055,0.02130783721804619,0.00911344401538372,0.6407515406608582,0.19736731052398682,0.11247364431619644,0.8875263556838036,0.6899990402162075,0.6880671381950378,-0.0019319020211696625,0.6696200221776962,0.6702872850000858,0.0006672628223896027,0.7460956051945686,0.7478944137692451,0.0017988085746765137,0.6919702626764774,0.6910985037684441,-0.000871758908033371,False
0,RIM_ONE_r3->Drishti_GS,2,C4,0.001,1.6272432804107666,0.4394262433052063,0.020353153347969055,0.02130783721804619,0.00911344401538372,0.6407515406608582,0.19736731052398682,0.11247364431619644,0.8875263556838036,0.6899990402162075,0.6902587823569775,0.0002597421407699585,0.6696200221776962,0.6697752475738525,0.00015522539615631104,0.7460956051945686,0.7457425035536289,-0.0003531016409397125,0.6919702626764774,0.6920257434248924,5.5480748414993286e-05,False
0,RIM_ONE_r3->Drishti_GS,2,C5,0.001,1.4201161861419678,0.4393730163574219,0.020353153347969055,0.02130783721804619,0.00911344401538372,0.6407515406608582,0.19736731052398682,0.11247364431619644,0.8875263556838036,0.6899990402162075,0.6900124736130238,1.3433396816253662e-05,0.6696200221776962,0.6699718460440636,0.0003518238663673401,0.7460956051945686,0.744906447827816,-0.0011891573667526245,0.6919702626764774,0.6924235075712204,0.0004532448947429657,False
0,RIM_ONE_r3->Drishti_GS,3,C0,0.001,1.768507719039917,0.04805964604020119,0.020955724641680717,0.016604676842689514,0.010499241761863232,0.6571722030639648,0.23748844861984253,0.11247364431619644,0.8875263556838036,0.6899990402162075,0.6918069142848253,0.0018078740686178207,0.6696200221776962,0.6692750602960587,-0.00034496188163757324,0.7460956051945686,0.7415508069097996,-0.004544798284769058,0.6919702626764774,0.694157425314188,0.0021871626377105713,False
0,RIM_ONE_r3->Drishti_GS,3,C1,0.001,1.601986289024353,0.12197420001029968,0.020955724641680717,0.016604676842689514,0.010499241761863232,0.6571722030639648,0.23748844861984253,0.11247364431619644,0.8875263556838036,0.6899990402162075,0.6919407043606043,0.001941664144396782,0.6696200221776962,0.6692091152071953,-0.00041090697050094604,0.7460956051945686,0.7417142540216446,-0.004381351172924042,0.6919702626764774,0.6940885633230209,0.002118300646543503,False
0,RIM_ONE_r3->Drishti_GS,3,C2,0.001,2.2272822856903076,0.25883689522743225,0.020955724641680717,0.016604676842689514,0.010499241761863232,0.6571722030639648,0.23748844861984253,0.11247364431619644,0.8875263556838036,0.6899990402162075,0.6908856313675642,0.0008865911513566971,0.6696200221776962,0.6692976132035255,-0.0003224089741706848,0.7460956051945686,0.7449786849319935,-0.0011169202625751495,0.6919702626764774,0.6926395371556282,0.0006692744791507721,False
0,RIM_ONE_r3->Drishti_GS,3,C3,0.001,2.1801483631134033,0.33275145292282104,0.020955724641680717,0.016604676842689514,0.010499241761863232,0.6571722030639648,0.23748844861984253,0.11247364431619644,0.8875263556838036,0.6899990402162075,0.690862849354744,0.0008638091385364532,0.6696200221776962,0.6692690216004848,-0.00035100057721138,0.7460956051945686,0.7454039789736271,-0.0006916262209415436,0.6919702626764774,0.6924413628876209,0.00047110021114349365,False
0,RIM_ONE_r3->Drishti_GS,3,C4,0.001,2.143885612487793,0.511156439781189,0.020955724641680717,0.016604676842689514,0.010499241761863232,0.6571722030639648,0.23748844861984253,0.11247364431619644,0.8875263556838036,0.6899990402162075,0.6915399711579084,0.0015409309417009354,0.6696200221776962,0.6688370741903782,-0.0007829479873180389,0.7460956051945686,0.7468317598104477,0.0007361546158790588,0.6919702626764774,0.6917502284049988,-0.00022003427147865295,False
0,RIM_ONE_r3->Drishti_GS,3,C5,0.001,2.0744707584381104,0.4986889958381653,0.020955724641680717,0.016604676842689514,0.010499241761863232,0.6571722030639648,0.23748844861984253,0.11247364431619644,0.8875263556838036,0.6899990402162075,0.6915565710514784,0.0015575308352708817,0.6696200221776962,0.6689437590539455,-0.0006762631237506866,0.7460956051945686,0.7462181970477104,0.00012259185314178467,0.6919702626764774,0.6920270547270775,5.679205060005188e-05,False
0,RIM_ONE_r3->Drishti_GS,4,C0,0.001,0.8449028730392456,0.039038848131895065,0.01525475550442934,0.01734575815498829,0.006438334006816149,0.6437515616416931,0.2399412989616394,0.11247364431619644,0.8875263556838036,0.6899990402162075,0.6920220870524645,0.002023046836256981,0.6696200221776962,0.6690615005791187,-0.0005585215985774994,0.7460956051945686,0.7437161989510059,-0.0023794062435626984,0.6919702626764774,0.6928684525191784,0.0008981898427009583,False
0,RIM_ONE_r3->Drishti_GS,4,C1,0.001,0.8957675099372864,0.11144393682479858,0.01525475550442934,0.01734575815498829,0.006438334006816149,0.6437515616416931,0.2399412989616394,0.11247364431619644,0.8875263556838036,0.6899990402162075,0.6919800862669945,0.001981046050786972,0.6696200221776962,0.6690806150436401,-0.0005394071340560913,0.7460956051945686,0.7438668943941593,-0.002228710800409317,0.6919702626764774,0.6927837021648884,0.0008134394884109497,False
0,RIM_ONE_r3->Drishti_GS,4,C2,0.001,2.348139524459839,0.2519930601119995,0.01525475550442934,0.01734575815498829,0.006438334006816149,0.6437515616416931,0.2399412989616394,0.11247364431619644,0.8875263556838036,0.6899990402162075,0.6924254968762398,0.0024264566600322723,0.6696200221776962,0.668699886649847,-0.0009201355278491974,0.7460956051945686,0.7452990859746933,-0.0007965192198753357,0.6919702626764774,0.6922985687851906,0.00032830610871315,False
0,RIM_ONE_r3->Drishti_GS,4,C3,0.001,2.385314702987671,0.3243981599807739,0.01525475550442934,0.01734575815498829,0.006438334006816149,0.6437515616416931,0.2399412989616394,0.11247364431619644,0.8875263556838036,0.6899990402162075,0.6924098618328571,0.0024108216166496277,0.6696200221776962,0.6687113121151924,-0.0009087100625038147,0.7460956051945686,0.7453143149614334,-0.0007812902331352234,0.6919702626764774,0.692282397300005,0.00031213462352752686,False
0,RIM_ONE_r3->Drishti_GS,4,C4,0.001,2.406667709350586,0.49954459071159363,0.01525475550442934,0.01734575815498829,0.006438334006816149,0.6437515616416931,0.2399412989616394,0.11247364431619644,0.8875263556838036,0.6899990402162075,0.6923784110695124,0.002379370853304863,0.6696200221776962,0.6688098385930061,-0.000810183584690094,0.7460956051945686,0.7453169301152229,-0.0007786750793457031,0.6919702626764774,0.6921822391450405,0.00021197646856307983,False
0,RIM_ONE_r3->Drishti_GS,4,C5,0.001,2.4939773082733154,0.4866310954093933,0.01525475550442934,0.01734575815498829,0.006438334006816149,0.6437515616416931,0.2399412989616394,0.11247364431619644,0.8875263556838036,0.6899990402162075,0.6924658678472042,0.002466827630996704,0.6696200221776962,0.6689015813171864,-0.0007184408605098724,0.7460956051945686,0.7443015463650227,-0.0017940588295459747,0.6919702626764774,0.6926549263298512,0.0006846636533737183,False
0,RIM_ONE_r3->Drishti_GS,5,C0,0.001,0.42521896958351135,0.028599511831998825,0.01786263845860958,0.004186035133898258,0.006550836376845837,0.6191734671592712,0.18178153038024902,0.11247364431619644,0.8875263556838036,0.6899990402162075,0.6919937171041965,0.001994676887989044,0.6696200221776962,0.6687260754406452,-0.0008939467370510101,0.7460956051945686,0.7448608838021755,-0.0012347213923931122,0.6919702626764774,0.6926656477153301,0.0006953850388526917,False
0,RIM_ONE_r3->Drishti_GS,5,C1,0.001,0.4031786024570465,0.0982402116060257,0.01786263845860958,0.004186035133898258,0.006550836376845837,0.6191734671592712,0.18178153038024902,0.11247364431619644,0.8875263556838036,0.6899990402162075,0.6911800540983677,0.0011810138821601868,0.6696200221776962,0.6690796203911304,-0.0005404017865657806,0.7460956051945686,0.7458295449614525,-0.0002660602331161499,0.6919702626764774,0.6922129467129707,0.0002426840364933014,False
0,RIM_ONE_r3->Drishti_GS,5,C2,0.001,2.285154104232788,0.18993541598320007,0.01786263845860958,0.004186035133898258,0.006550836376845837,0.6191734671592712,0.18178153038024902,0.11247364431619644,0.8875263556838036,0.6899990402162075,0.6878640316426754,-0.0021350085735321045,0.6696200221776962,0.6705636829137802,0.0009436607360839844,0.7460956051945686,0.7469293214380741,0.0008337162435054779,0.6919702626764774,0.6914105638861656,-0.0005596987903118134,False
0,RIM_ONE_r3->Drishti_GS,5,C3,0.001,2.3663883209228516,0.25957611203193665,0.01786263845860958,0.004186035133898258,0.006550836376845837,0.6191734671592712,0.18178153038024902,0.11247364431619644,0.8875263556838036,0.6899990402162075,0.6877752467989922,-0.0022237934172153473,0.6696200221776962,0.6706023961305618,0.0009823739528656006,0.7460956051945686,0.7470643222332001,0.0009687170386314392,0.6919702626764774,0.6913476586341858,-0.0006226040422916412,False
0,RIM_ONE_r3->Drishti_GS,5,C4,0.001,1.9506844282150269,0.43303704261779785,0.01786263845860958,0.004186035133898258,0.006550836376845837,0.6191734671592712,0.18178153038024902,0.11247364431619644,0.8875263556838036,0.6899990402162075,0.6874226965010166,-0.0025763437151908875,0.6696200221776962,0.6707932874560356,0.001173265278339386,0.7460956051945686,0.747495386749506,0.0013997815549373627,0.6919702626764774,0.6912022680044174,-0.0007679946720600128,False
0,RIM_ONE_r3->Drishti_GS,5,C5,0.001,2.170822858810425,0.4171893298625946,0.01786263845860958,0.004186035133898258,0.006550836376845837,0.6191734671592712,0.18178153038024902,0.11247364431619644,0.8875263556838036,0.6899990402162075,0.6872236616909504,-0.0027753785252571106,0.6696200221776962,0.6708862408995628,0.0012662187218666077,0.7460956051945686,0.7471992112696171,0.0011036060750484467,0.6919702626764774,0.691306822001934,-0.0006634406745433807,False
0,RIM_ONE_r3->Drishti_GS,6,C0,0.001,0.5226030945777893,0.029729820787906647,0.01658228412270546,0.006058358587324619,0.0070891790091991425,0.6007486581802368,0.1584630161523819,0.11247364431619644,0.8875263556838036,0.6899990402162075,0.6895506028085947,-0.0004484374076128006,0.6696200221776962,0.6700606532394886,0.00044063106179237366,0.7460956051945686,0.7443139366805553,-0.0017816685140132904,0.6919702626764774,0.6927066445350647,0.000736381858587265,False
0,RIM_ONE_r3->Drishti_GS,6,C1,0.001,0.5861150026321411,0.09729821234941483,0.01658228412270546,0.006058358587324619,0.0070891790091991425,0.6007486581802368,0.1584630161523819,0.11247364431619644,0.8875263556838036,0.6899990402162075,0.688932117074728,-0.0010669231414794922,0.6696200221776962,0.6703387089073658,0.0007186867296695709,0.7460956051945686,0.7445623129606247,-0.0015332922339439392,0.6919702626764774,0.6926002949476242,0.0006300322711467743,False
0,RIM_ONE_r3->Drishti_GS,6,C2,0.001,2.1238625049591064,0.1703699231147766,0.01658228412270546,0.006058358587324619,0.0070891790091991425,0.6007486581802368,0.1584630161523819,0.11247364431619644,0.8875263556838036,0.6899990402162075,0.6910042837262154,0.0010052435100078583,0.6696200221776962,0.6691545993089676,-0.0004654228687286377,0.7460956051945686,0.7473165281116962,0.0012209229171276093,0.6919702626764774,0.6914099156856537,-0.0005603469908237457,False
0,RIM_ONE_r3->Drishti_GS,6,C3,0.001,2.1545016765594482,0.2379383146762848,0.01658228412270546,0.006058358587324619,0.0070891790091991425,0.6007486581802368,0.1584630161523819,0.11247364431619644,0.8875263556838036,0.6899990402162075,0.6908098552376032,0.0008108150213956833,0.6696200221776962,0.6692493967711926,-0.00037062540650367737,0.7460956051945686,0.7473246827721596,0.0012290775775909424,0.6919702626764774,0.6914066635072231,-0.000563599169254303,False
0,RIM_ONE_r3->Drishti_GS,6,C4,0.001,2.2070813179016113,0.4107721447944641,0.01658228412270546,0.006058358587324619,0.0070891790091991425,0.6007486581802368,0.1584630161523819,0.11247364431619644,0.8875263556838036,0.6899990402162075,0.6892239823937416,-0.0007750578224658966,0.6696200221776962,0.6699257008731365,0.00030567869544029236,0.7460956051945686,0.747683946043253,0.001588340848684311,0.6919702626764774,0.691214133054018,-0.0007561296224594116,False
0,RIM_ONE_r3->Drishti_GS,6,C5,0.001,2.08329176902771,0.4035707712173462,0.01658228412270546,0.006058358587324619,0.0070891790091991425,0.6007486581802368,0.1584630161523819,0.11247364431619644,0.8875263556838036,0.6899990402162075,0.6894695870578289,-0.0005294531583786011,0.6696200221776962,0.6698490642011166,0.00022904202342033386,0.7460956051945686,0.7474388554692268,0.0013432502746582031,0.6919702626764774,0.691349633038044,-0.0006206296384334564,False
0,RIM_ONE_r3->Drishti_GS,7,C0,0.001,0.883209764957428,0.04517694562673569,0.02195543795824051,0.014678874984383583,0.008542636409401894,0.6502470374107361,0.17821703851222992,0.11247364431619644,0.8875263556838036,0.6899990402162075,0.6891302857547998,-0.0008687544614076614,0.6696200221776962,0.670153982937336,0.00053396075963974,0.7460956051945686,0.7457417547702789,-0.00035385042428970337,0.6919702626764774,0.6920492239296436,7.896125316619873e-05,False
0,RIM_ONE_r3->Drishti_GS,7,C1,0.001,0.8440119624137878,0.11831259727478027,0.02195543795824051,0.014678874984383583,0.008542636409401894,0.6502470374107361,0.17821703851222992,0.11247364431619644,0.8875263556838036,0.6899990402162075,0.6892147921025753,-0.0007842481136322021,0.6696200221776962,0.6701145693659782,0.0004945471882820129,0.7460956051945686,0.7459987513720989,-9.68538224697113e-05,0.6919702626764774,0.6919335126876831,-3.674998879432678e-05,False
0,RIM_ONE_r3->Drishti_GS,7,C2,0.001,2.594691038131714,0.2033492624759674,0.02195543795824051,0.014678874984383583,0.008542636409401894,0.6502470374107361,0.17821703851222992,0.11247364431619644,0.8875263556838036,0.6899990402162075,0.6884771939367056,-0.001521846279501915,0.6696200221776962,0.6704813055694103,0.0008612833917140961,0.7460956051945686,0.7451296523213387,-0.0009659528732299805,0.6919702626764774,0.6922869272530079,0.00031666457653045654,False
0,RIM_ONE_r3->Drishti_GS,7,C3,0.001,2.5338172912597656,0.2764849066734314,0.02195543795824051,0.014678874984383583,0.008542636409401894,0.6502470374107361,0.17821703851222992,0.11247364431619644,0.8875263556838036,0.6899990402162075,0.6884839497506618,-0.0015150904655456543,0.6696200221776962,0.6704787164926529,0.000858694314956665,0.7460956051945686,0.7451976165175438,-0.0008979886770248413,0.6919702626764774,0.6922553479671478,0.0002850852906703949,False
0,RIM_ONE_r3->Drishti_GS,7,C4,0.001,1.9433602094650269,0.4572906494140625,0.02195543795824051,0.014678874984383583,0.008542636409401894,0.6502470374107361,0.17821703851222992,0.11247364431619644,0.8875263556838036,0.6899990402162075,0.6889801230281591,-0.0010189171880483627,0.6696200221776962,0.670344889163971,0.0007248669862747192,0.7460956051945686,0.7452181875705719,-0.0008774176239967346,0.6919702626764774,0.6922222748398781,0.00025201216340065,False
0,RIM_ONE_r3->Drishti_GS,7,C5,0.001,1.8696526288986206,0.4494136869907379,0.02195543795824051,0.014678874984383583,0.008542636409401894,0.6502470374107361,0.17821703851222992,0.11247364431619644,0.8875263556838036,0.6899990402162075,0.6890331096947193,-0.0009659305214881897,0.6696200221776962,0.670327540487051,0.0007075183093547821,0.7460956051945686,0.7450174018740654,-0.0010782033205032349,0.6919702626764774,0.6923602484166622,0.00038998574018478394,False
0,RIM_ONE_r3->Drishti_GS,8,C0,0.001,0.9219340085983276,0.043517760932445526,0.021127356216311455,0.0152418352663517,0.0071485694497823715,0.6762264966964722,0.16485920548439026,0.11247364431619644,0.8875263556838036,0.6899990402162075,0.6881316136568785,-0.001867426559329033,0.6696200221776962,0.6703683398663998,0.000748317688703537,0.7460956051945686,0.7473072186112404,0.001211613416671753,0.6919702626764774,0.691307321190834,-0.0006629414856433868,False
0,RIM_ONE_r3->Drishti_GS,8,C1,0.001,1.009438395500183,0.11957541853189468,0.021127356216311455,0.0152418352663517,0.0071485694497823715,0.6762264966964722,0.16485920548439026,0.11247364431619644,0.8875263556838036,0.6899990402162075,0.6879782117903233,-0.002020828425884247,0.6696200221776962,0.6704440899193287,0.0008240677416324615,0.7460956051945686,0.7473670653998852,0.0012714602053165436,0.6919702626764774,0.6912671215832233,-0.0007031410932540894,False
0,RIM_ONE_r3->Drishti_GS,8,C2,0.001,2.9207048416137695,0.18983465433120728,0.021127356216311455,0.0152418352663517,0.0071485694497823715,0.6762264966964722,0.16485920548439026,0.11247364431619644,0.8875263556838036,0.6899990402162075,0.6882261503487825,-0.001772889867424965,0.6696200221776962,0.6703899577260017,0.0007699355483055115,0.7460956051945686,0.7470790073275566,0.000983402132987976,0.6919702626764774,0.691309243440628,-0.0006610192358493805,False
0,RIM_ONE_r3->Drishti_GS,8,C3,0.001,2.9982402324676514,0.26589229702949524,0.021127356216311455,0.0152418352663517,0.0071485694497823715,0.6762264966964722,0.16485920548439026,0.11247364431619644,0.8875263556838036,0.6899990402162075,0.6881648097187281,-0.0018342304974794388,0.6696200221776962,0.6704178005456924,0.0007977783679962158,0.7460956051945686,0.7471050508320332,0.0010094456374645233,0.6919702626764774,0.6912954077124596,-0.000674854964017868,False
0,RIM_ONE_r3->Drishti_GS,8,C4,0.001,2.777550220489502,0.4737250506877899,0.021127356216311455,0.0152418352663517,0.0071485694497823715,0.6762264966964722,0.16485920548439026,0.11247364431619644,0.8875263556838036,0.6899990402162075,0.6883669570088387,-0.0016320832073688507,0.6696200221776962,0.6703852750360966,0.0007652528584003448,0.7460956051945686,0.746925625950098,0.0008300207555294037,0.6919702626764774,0.6914247497916222,-0.0005455128848552704,False
0,RIM_ONE_r3->Drishti_GS,8,C5,0.001,2.5794575214385986,0.4596133828163147,0.021127356216311455,0.0152418352663517,0.0071485694497823715,0.6762264966964722,0.16485920548439026,0.11247364431619644,0.8875263556838036,0.6899990402162075,0.6884021311998367,-0.0015969090163707733,0.6696200221776962,0.6703985929489136,0.0007785707712173462,0.7460956051945686,0.7468115501105785,0.000715944916009903,0.6919702626764774,0.6914685070514679,-0.0005017556250095367,False
0,RIM_ONE_r3->Drishti_GS,9,C0,0.001,1.3019939661026,0.040871210396289825,0.01554260216653347,0.016924578696489334,0.00840403325855732,0.5878423452377319,0.20371228456497192,0.11247364431619644,0.8875263556838036,0.6899990402162075,0.6880679577589035,-0.0019310824573040009,0.6696200221776962,0.67009536921978,0.00047534704208374023,0.7460956051945686,0.7495902664959431,0.0034946613013744354,0.6919702626764774,0.690192461013794,-0.001777801662683487,False
0,RIM_ONE_r3->Drishti_GS,9,C1,0.001,1.37294602394104,0.10698798298835754,0.01554260216653347,0.016924578696489334,0.00840403325855732,0.5878423452377319,0.20371228456497192,0.11247364431619644,0.8875263556838036,0.6899990402162075,0.6879468318074942,-0.0020522084087133408,0.6696200221776962,0.6701677367091179,0.0005477145314216614,0.7460956051945686,0.7495767958462238,0.003481190651655197,0.6919702626764774,0.6901963911950588,-0.0017738714814186096,False
0,RIM_ONE_r3->Drishti_GS,9,C2,0.001,3.5275871753692627,0.2216712236404419,0.01554260216653347,0.016924578696489334,0.00840403325855732,0.5878423452377319,0.20371228456497192,0.11247364431619644,0.8875263556838036,0.6899990402162075,0.688322588801384,-0.001676451414823532,0.6696200221776962,0.6701489575207233,0.0005289353430271149,0.7460956051945686,0.7488715387880802,0.0027759335935115814,0.6919702626764774,0.6905205547809601,-0.0014497078955173492,False
0,RIM_ONE_r3->Drishti_GS,9,C3,0.001,3.6110520362854004,0.2877880036830902,0.01554260216653347,0.016924578696489334,0.00840403325855732,0.5878423452377319,0.20371228456497192,0.11247364431619644,0.8875263556838036,0.6899990402162075,0.6882793139666319,-0.001719726249575615,0.6696200221776962,0.6701719276607037,0.000551905483007431,0.7460956051945686,0.7488706856966019,0.0027750805020332336,0.6919702626764774,0.6905212737619877,-0.001448988914489746,False
0,RIM_ONE_r3->Drishti_GS,9,C4,0.001,3.830493688583374,0.42374151945114136,0.01554260216653347,0.016924578696489334,0.00840403325855732,0.5878423452377319,0.20371228456497192,0.11247364431619644,0.8875263556838036,0.6899990402162075,0.687724344432354,-0.002274695783853531,0.6696200221776962,0.6703800857067108,0.0007600635290145874,0.7460956051945686,0.7492172010242939,0.0031215958297252655,0.6919702626764774,0.6903667151927948,-0.0016035474836826324,False
0,RIM_ONE_r3->Drishti_GS,9,C5,0.001,3.7561728954315186,0.41541507840156555,0.01554260216653347,0.016924578696489334,0.00840403325855732,0.5878423452377319,0.20371228456497192,0.11247364431619644,0.8875263556838036,0.6899990402162075,0.6877751629799604,-0.0022238772362470627,0.6696200221776962,0.6703843139111996,0.0007642917335033417,0.7460956051945686,0.7491094581782818,0.00301385298371315,0.6919702626764774,0.6904229484498501,-0.0015473142266273499,False
0,RIM_ONE_r3->Drishti_GS,10,C0,0.001,0.5969699621200562,0.03492690995335579,0.01784924790263176,0.0062535894103348255,0.010824073106050491,0.6263863444328308,0.17812106013298035,0.11247364431619644,0.8875263556838036,0.6899990402162075,0.6905691847205162,0.0005701445043087006,0.6696200221776962,0.6691566109657288,-0.00046341121196746826,0.7460956051945686,0.7457853071391582,-0.00031029805541038513,0.6919702626764774,0.6922316998243332,0.00026143714785575867,False
0,RIM_ONE_r3->Drishti_GS,10,C1,0.001,0.6965522170066833,0.10537886619567871,0.01784924790263176,0.0062535894103348255,0.010824073106050491,0.6263863444328308,0.17812106013298035,0.11247364431619644,0.8875263556838036,0.6899990402162075,0.6908978689461946,0.0008988287299871445,0.6696200221776962,0.6689239777624607,-0.0006960444152355194,0.7460956051945686,0.7466607689857483,0.000565163791179657,0.6919702626764774,0.6918390803039074,-0.00013118237257003784,False
0,RIM_ONE_r3->Drishti_GS,10,C2,0.001,3.4136152267456055,0.19301404058933258,0.01784924790263176,0.0062535894103348255,0.010824073106050491,0.6263863444328308,0.17812106013298035,0.11247364431619644,0.8875263556838036,0.6899990402162075,0.6903757862746716,0.0003767460584640503,0.6696200221776962,0.6696731187403202,5.309656262397766e-05,0.7460956051945686,0.7463065162301064,0.00021091103553771973,0.6919702626764774,0.6916618198156357,-0.0003084428608417511,False
0,RIM_ONE_r3->Drishti_GS,10,C3,0.001,3.3925940990448,0.2634660005569458,0.01784924790263176,0.0062535894103348255,0.010824073106050491,0.6263863444328308,0.17812106013298035,0.11247364431619644,0.8875263556838036,0.6899990402162075,0.6904561743140221,0.00045713409781455994,0.6696200221776962,0.669614888727665,-5.133450031280518e-06,0.7460956051945686,0.7465140894055367,0.0004184842109680176,0.6919702626764774,0.6915750354528427,-0.00039522722363471985,False
0,RIM_ONE_r3->Drishti_GS,10,C4,0.001,3.2679860591888428,0.4461981952190399,0.01784924790263176,0.0062535894103348255,0.010824073106050491,0.6263863444328308,0.17812106013298035,0.11247364431619644,0.8875263556838036,0.6899990402162075,0.6905266977846622,0.0005276575684547424,0.6696200221776962,0.6691761016845703,-0.00044392049312591553,0.7460956051945686,0.7492021173238754,0.003106512129306793,0.6919702626764774,0.6904645785689354,-0.001505684107542038,False
0,RIM_ONE_r3->Drishti_GS,10,C5,0.001,3.012363910675049,0.43179401755332947,0.01784924790263176,0.0062535894103348255,0.010824073106050491,0.6263863444328308,0.17812106013298035,0.11247364431619644,0.8875263556838036,0.6899990402162075,0.6905383914709091,0.0005393512547016144,0.6696200221776962,0.6692161448299885,-0.0004038773477077484,0.7460956051945686,0.7490033209323883,0.0029077157378196716,0.6919702626764774,0.6905301734805107,-0.0014400891959667206,False
0,RIM_ONE_r3->Drishti_GS,11,C0,0.001,0.8133344650268555,0.03255920857191086,0.016470173373818398,0.007948918268084526,0.008140115067362785,0.6268041133880615,0.1702929139137268,0.11247364431619644,0.8875263556838036,0.6899990402162075,0.6909274198114872,0.0009283795952796936,0.6696200221776962,0.6686969473958015,-0.0009230747818946838,0.7460956051945686,0.7498241290450096,0.003728523850440979,0.6919702626764774,0.6903134062886238,-0.0016568563878536224,False
0,RIM_ONE_r3->Drishti_GS,11,C1,0.001,0.7989611029624939,0.10305815190076828,0.016470173373818398,0.007948918268084526,0.008140115067362785,0.6268041133880615,0.1702929139137268,0.11247364431619644,0.8875263556838036,0.6899990402162075,0.6907727494835854,0.0007737092673778534,0.6696200221776962,0.6688119433820248,-0.000808078795671463,0.7460956051945686,0.7498214989900589,0.003725893795490265,0.6919702626764774,0.6902963556349277,-0.0016739070415496826,False
0,RIM_ONE_r3->Drishti_GS,11,C2,0.001,1.906694769859314,0.1836986541748047,0.016470173373818398,0.007948918268084526,0.008140115067362785,0.6268041133880615,0.1702929139137268,0.11247364431619644,0.8875263556838036,0.6899990402162075,0.6903321836143732,0.0003331433981657028,0.6696200221776962,0.6691858731210232,-0.0004341490566730499,0.7460956051945686,0.7486402727663517,0.002544667571783066,0.6919702626764774,0.6908738762140274,-0.0010963864624500275,False
0,RIM_ONE_r3->Drishti_GS,11,C3,0.001,1.919776201248169,0.2541975975036621,0.016470173373818398,0.007948918268084526,0.008140115067362785,0.6268041133880615,0.1702929139137268,0.11247364431619644,0.8875263556838036,0.6899990402162075,0.6902622170746326,0.0002631768584251404,0.6696200221776962,0.6692414619028568,-0.00037856027483940125,0.7460956051945686,0.7485968805849552,0.0025012753903865814,0.6919702626764774,0.6908838897943497,-0.0010863728821277618,False
0,RIM_ONE_r3->Drishti_GS,11,C4,0.001,1.8458698987960815,0.4482462406158447,0.016470173373818398,0.007948918268084526,0.008140115067362785,0.6268041133880615,0.1702929139137268,0.11247364431619644,0.8875263556838036,0.6899990402162075,0.6895985640585423,-0.0004004761576652527,0.6696200221776962,0.6697342842817307,0.00011426210403442383,0.7460956051945686,0.7481169737875462,0.002021368592977524,0.6919702626764774,0.6910321861505508,-0.00093807652592659,False
0,RIM_ONE_r3->Drishti_GS,11,C5,0.001,1.7795907258987427,0.43832844495773315,0.016470173373818398,0.007948918268084526,0.008140115067362785,0.6268041133880615,0.1702929139137268,0.11247364431619644,0.8875263556838036,0.6899990402162075,0.6897115502506495,-0.00028748996555805206,0.6696200221776962,0.669703770428896,8.374825119972229e-05,0.7460956051945686,0.7477876469492912,0.0016920417547225952,0.6919702626764774,0.6912009865045547,-0.0007692761719226837,False
0,RIM_ONE_r3->Drishti_GS,12,C0,0.001,0.4816829264163971,0.03266923129558563,0.0203342754393816,0.006402746774256229,0.005932208150625229,0.6270053386688232,0.14184561371803284,0.11247364431619644,0.8875263556838036,0.6899990402162075,0.690695233643055,0.0006961934268474579,0.6696200221776962,0.6690486334264278,-0.0005713887512683868,0.7460956051945686,0.7491341643035412,0.0030385591089725494,0.6919702626764774,0.690516859292984,-0.0014534033834934235,False
0,RIM_ONE_r3->Drishti_GS,12,C1,0.001,0.5401021242141724,0.10319080948829651,0.0203342754393816,0.006402746774256229,0.005932208150625229,0.6270053386688232,0.14184561371803284,0.11247364431619644,0.8875263556838036,0.6899990402162075,0.6902438271790743,0.00024478696286678314,0.6696200221776962,0.6692714616656303,-0.00034856051206588745,0.7460956051945686,0.7493351362645626,0.0032395310699939728,0.6919702626764774,0.6904000826179981,-0.001570180058479309,False
0,RIM_ONE_r3->Drishti_GS,12,C2,0.001,2.414933204650879,0.15856094658374786,0.0203342754393816,0.006402746774256229,0.005932208150625229,0.6270053386688232,0.14184561371803284,0.11247364431619644,0.8875263556838036,0.6899990402162075,0.6896648295223713,-0.00033421069383621216,0.6696200221776962,0.6694425866007805,-0.00017743557691574097,0.7460956051945686,0.7505042776465416,0.004408672451972961,0.6919702626764774,0.6898774541914463,-0.002092808485031128,False
0,RIM_ONE_r3->Drishti_GS,12,C3,0.001,2.4862382411956787,0.22908252477645874,0.0203342754393816,0.006402746774256229,0.005932208150625229,0.6270053386688232,0.14184561371803284,0.11247364431619644,0.8875263556838036,0.6899990402162075,0.6895854491740465,-0.00041359104216098785,0.6696200221776962,0.6694855503737926,-0.0001344718039035797,0.7460956051945686,0.7505089640617371,0.0044133588671684265,0.6919702626764774,0.6898706778883934,-0.00209958478808403,False
0,RIM_ONE_r3->Drishti_GS,12,C4,0.001,2.240183115005493,0.43545669317245483,0.0203342754393816,0.006402746774256229,0.005932208150625229,0.6270053386688232,0.14184561371803284,0.11247364431619644,0.8875263556838036,0.6899990402162075,0.6900429762899876,4.3936073780059814e-05,0.6696200221776962,0.6693556606769562,-0.00026436150074005127,0.7460956051945686,0.7498896680772305,0.0037940628826618195,0.6919702626764774,0.6901405043900013,-0.0018297582864761353,False
0,RIM_ONE_r3->Drishti_GS,12,C5,0.001,2.0234804153442383,0.41575944423675537,0.0203342754393816,0.006402746774256229,0.005932208150625229,0.6270053386688232,0.14184561371803284,0.11247364431619644,0.8875263556838036,0.6899990402162075,0.6895532198250294,-0.0004458203911781311,0.6696200221776962,0.6695602387189865,-5.97834587097168e-05,0.7460956051945686,0.7501430511474609,0.0040474459528923035,0.6919702626764774,0.6900276988744736,-0.0019425638020038605,False
0,RIM_ONE_r3->Drishti_GS,13,C0,0.001,1.5842489004135132,0.0444888211786747,0.02042558416724205,0.015738924965262413,0.00832431297749281,0.6406379342079163,0.1892843246459961,0.11247364431619644,0.8875263556838036,0.6899990402162075,0.6916367020457983,0.0016376618295907974,0.6696200221776962,0.6692392416298389,-0.00038078054785728455,0.7460956051945686,0.7442827448248863,-0.001812860369682312,0.6919702626764774,0.6927622556686401,0.0007919929921627045,False
0,RIM_ONE_r3->Drishti_GS,13,C1,0.001,1.6321260929107666,0.116543710231781,0.02042558416724205,0.015738924965262413,0.00832431297749281,0.6406379342079163,0.1892843246459961,0.11247364431619644,0.8875263556838036,0.6899990402162075,0.6917213536798954,0.0017223134636878967,0.6696200221776962,0.6692412570118904,-0.00037876516580581665,0.7460956051945686,0.744109995663166,-0.001985609531402588,0.6919702626764774,0.6928325779736042,0.00086231529712677,False
0,RIM_ONE_r3->Drishti_GS,13,C2,0.001,2.20886492729187,0.21248364448547363,0.02042558416724205,0.015738924965262413,0.00832431297749281,0.6406379342079163,0.1892843246459961,0.11247364431619644,0.8875263556838036,0.6899990402162075,0.6892649382352829,-0.0007341019809246063,0.6696200221776962,0.6700813621282578,0.00046133995056152344,0.7460956051945686,0.745678748935461,-0.0004168562591075897,0.6919702626764774,0.6920474618673325,7.719919085502625e-05,False
0,RIM_ONE_r3->Drishti_GS,13,C3,0.001,2.195504903793335,0.28453853726387024,0.02042558416724205,0.015738924965262413,0.00832431297749281,0.6406379342079163,0.1892843246459961,0.11247364431619644,0.8875263556838036,0.6899990402162075,0.689357727766037,-0.000641312450170517,0.6696200221776962,0.6700785495340824,0.0004585273563861847,0.7460956051945686,0.7455041855573654,-0.0005914196372032166,0.6919702626764774,0.6921206153929234,0.00015035271644592285,False
0,RIM_ONE_r3->Drishti_GS,13,C4,0.001,2.1535394191741943,0.42643916606903076,0.02042558416724205,0.015738924965262413,0.00832431297749281,0.6406379342079163,0.1892843246459961,0.11247364431619644,0.8875263556838036,0.6899990402162075,0.6908884420990944,0.0008894018828868866,0.6696200221776962,0.6696632169187069,4.3194741010665894e-05,0.7460956051945686,0.7442081794142723,-0.0018874257802963257,0.6919702626764774,0.6927163489162922,0.0007460862398147583,False
0,RIM_ONE_r3->Drishti_GS,13,C5,0.001,2.0580976009368896,0.42756569385528564,0.02042558416724205,0.015738924965262413,0.00832431297749281,0.6406379342079163,0.1892843246459961,0.11247364431619644,0.8875263556838036,0.6899990402162075,0.6906331889331341,0.0006341487169265747,0.6696200221776962,0.6698657870292664,0.0002457648515701294,0.7460956051945686,0.7434353455901146,-0.0026602596044540405,0.6919702626764774,0.6930625848472118,0.0010923221707344055,False
0,RIM_ONE_r3->Drishti_GS,14,C0,0.001,0.6650923490524292,0.03908663988113403,0.01601589098572731,0.012328983284533024,0.010741768404841423,0.65263831615448,0.23018492758274078,0.11247364431619644,0.8875263556838036,0.6899990402162075,0.6904338076710701,0.0004347674548625946,0.6696200221776962,0.6693692058324814,-0.00025081634521484375,0.7460956051945686,0.7450741641223431,-0.0010214410722255707,0.6919702626764774,0.6925375200808048,0.0005672574043273926,False
0,RIM_ONE_r3->Drishti_GS,14,C1,0.001,0.6779957413673401,0.11249125003814697,0.01601589098572731,0.012328983284533024,0.010741768404841423,0.65263831615448,0.23018492758274078,0.11247364431619644,0.8875263556838036,0.6899990402162075,0.6902980133891106,0.0002989731729030609,0.6696200221776962,0.669316329061985,-0.00030369311571121216,0.7460956051945686,0.7464067935943604,0.00031118839979171753,0.6919702626764774,0.6918909028172493,-7.935985922813416e-05,False
0,RIM_ONE_r3->Drishti_GS,14,C2,0.001,2.4143295288085938,0.2433818280696869,0.01601589098572731,0.012328983284533024,0.010741768404841423,0.65263831615448,0.23018492758274078,0.11247364431619644,0.8875263556838036,0.6899990402162075,0.6893546190112829,-0.0006444212049245834,0.6696200221776962,0.6695340536534786,-8.596852421760559e-05,0.7460956051945686,0.7486277408897877,0.00253213569521904,0.6919702626764774,0.6908606514334679,-0.0011096112430095673,False
0,RIM_ONE_r3->Drishti_GS,14,C3,0.001,2.5128142833709717,0.31678643822669983,0.01601589098572731,0.012328983284533024,0.010741768404841423,0.65263831615448,0.23018492758274078,0.11247364431619644,0.8875263556838036,0.6899990402162075,0.6893486678600311,-0.0006503723561763763,0.6696200221776962,0.66952034085989,-9.96813178062439e-05,0.7460956051945686,0.7488910518586636,0.002795446664094925,0.6919702626764774,0.6907299235463142,-0.0012403391301631927,False
0,RIM_ONE_r3->Drishti_GS,14,C4,0.001,2.716701030731201,0.49691304564476013,0.01601589098572731,0.012328983284533024,0.010741768404841423,0.65263831615448,0.23018492758274078,0.11247364431619644,0.8875263556838036,0.6899990402162075,0.6899577416479588,-4.129856824874878e-05,0.6696200221776962,0.6692282147705555,-0.0003918074071407318,0.7460956051945686,0.7495076842606068,0.0034120790660381317,0.6919702626764774,0.690421462059021,-0.0015488006174564362,False
0,RIM_ONE_r3->Drishti_GS,14,C5,0.001,2.593409776687622,0.4846150577068329,0.01601589098572731,0.012328983284533024,0.010741768404841423,0.65263831615448,0.23018492758274078,0.11247364431619644,0.8875263556838036,0.6899990402162075,0.6898737903684378,-0.00012524984776973724,0.6696200221776962,0.6693086661398411,-0.0003113560378551483,0.7460956051945686,0.7493431158363819,0.003247510641813278,0.6919702626764774,0.6904841214418411,-0.0014861412346363068,False
0,RIM_ONE_r3->Drishti_GS,15,C0,0.001,0.959704577922821,0.041970979422330856,0.01869525946676731,0.015118265524506569,0.008157453499734402,0.6431880593299866,0.21087494492530823,0.11247364431619644,0.8875263556838036,0.6899990402162075,0.6901386547833681,0.00013961456716060638,0.6696200221776962,0.6689807288348675,-0.0006392933428287506,0.7460956051945686,0.7489489540457726,0.0028533488512039185,0.6919702626764774,0.6908115372061729,-0.0011587254703044891,False
0,RIM_ONE_r3->Drishti_GS,15,C1,0.001,0.9660524129867554,0.11431267857551575,0.01869525946676731,0.015118265524506569,0.008157453499734402,0.6431880593299866,0.21087494492530823,0.11247364431619644,0.8875263556838036,0.6899990402162075,0.69020183570683,0.00020279549062252045,0.6696200221776962,0.6689600609242916,-0.0006599612534046173,0.7460956051945686,0.7489963211119175,0.0029007159173488617,0.6919702626764774,0.6907721012830734,-0.001198161393404007,False
0,RIM_ONE_r3->Drishti_GS,15,C2,0.001,3.02878737449646,0.22912804782390594,0.01869525946676731,0.015118265524506569,0.008157453499734402,0.6431880593299866,0.21087494492530823,0.11247364431619644,0.8875263556838036,0.6899990402162075,0.6919353771954775,0.0019363369792699814,0.6696200221776962,0.6685748174786568,-0.0010452046990394592,0.7460956051945686,0.7478603608906269,0.0017647556960582733,0.6919702626764774,0.6912135630846024,-0.0007566995918750763,False
0,RIM_ONE_r3->Drishti_GS,15,C3,0.001,3.067852258682251,0.30146974325180054,0.01869525946676731,0.015118265524506569,0.008157453499734402,0.6431880593299866,0.21087494492530823,0.11247364431619644,0.8875263556838036,0.6899990402162075,0.6919390186667442,0.001939978450536728,0.6696200221776962,0.6685758866369724,-0.0010441355407238007,0.7460956051945686,0.7478608787059784,0.0017652735114097595,0.6919702626764774,0.6912061870098114,-0.0007640756666660309,False
0,RIM_ONE_r3->Drishti_GS,15,C4,0.001,2.4745354652404785,0.4905654191970825,0.01869525946676731,0.015118265524506569,0.008157453499734402,0.6431880593299866,0.21087494492530823,0.11247364431619644,0.8875263556838036,0.6899990402162075,0.6920195911079645,0.0020205508917570114,0.6696200221776962,0.6686044186353683,-0.0010156035423278809,0.7460956051945686,0.7476592436432838,0.00156363844871521,0.6919702626764774,0.6912213079631329,-0.000748954713344574,False
0,RIM_ONE_r3->Drishti_GS,15,C5,0.001,2.3851048946380615,0.47604310512542725,0.01869525946676731,0.015118265524506569,0.008157453499734402,0.6431880593299866,0.21087494492530823,0.11247364431619644,0.8875263556838036,0.6899990402162075,0.6923073679208755,0.002308327704668045,0.6696200221776962,0.6685801073908806,-0.0010399147868156433,0.7460956051945686,0.7469492889940739,0.0008536837995052338,0.6919702626764774,0.6915618777275085,-0.00040838494896888733,False
0,RIM_ONE_r3->Drishti_GS,16,C0,0.001,0.5390132665634155,0.031243354082107544,0.016871822997927666,0.008541032671928406,0.005830497946590185,0.6189339756965637,0.18173739314079285,0.11247364431619644,0.8875263556838036,0.6899990402162075,0.6899387985467911,-6.024166941642761e-05,0.6696200221776962,0.6694512665271759,-0.0001687556505203247,0.7460956051945686,0.7477206513285637,0.0016250461339950562,0.6919702626764774,0.6911862008273602,-0.000784061849117279,False
0,RIM_ONE_r3->Drishti_GS,16,C1,0.001,0.6016616225242615,0.10085711628198624,0.016871822997927666,0.008541032671928406,0.005830497946590185,0.6189339756965637,0.18173739314079285,0.11247364431619644,0.8875263556838036,0.6899990402162075,0.6894737221300602,-0.0005253180861473083,0.6696200221776962,0.6696546636521816,3.464147448539734e-05,0.7460956051945686,0.7482878752052784,0.0021922700107097626,0.6919702626764774,0.6909126453101635,-0.0010576173663139343,False
0,RIM_ONE_r3->Drishti_GS,16,C2,0.001,1.8394505977630615,0.19254007935523987,0.016871822997927666,0.008541032671928406,0.005830497946590185,0.6189339756965637,0.18173739314079285,0.11247364431619644,0.8875263556838036,0.6899990402162075,0.688430268317461,-0.0015687718987464905,0.6696200221776962,0.6703247763216496,0.0007047541439533234,0.7460956051945686,0.7464659735560417,0.0003703683614730835,0.6919702626764774,0.6916071847081184,-0.00036307796835899353,False
0,RIM_ONE_r3->Drishti_GS,16,C3,0.001,1.890014886856079,0.26215383410453796,0.016871822997927666,0.008541032671928406,0.005830497946590185,0.6189339756965637,0.18173739314079285,0.11247364431619644,0.8875263556838036,0.6899990402162075,0.6883210353553295,-0.0016780048608779907,0.6696200221776962,0.6703657507896423,0.000745728611946106,0.7460956051945686,0.7466864585876465,0.0005908533930778503,0.6919702626764774,0.6915031038224697,-0.00046715885400772095,False
0,RIM_ONE_r3->Drishti_GS,16,C4,0.001,1.9099026918411255,0.4385387599468231,0.016871822997927666,0.008541032671928406,0.005830497946590185,0.6189339756965637,0.18173739314079285,0.11247364431619644,0.8875263556838036,0.6899990402162075,0.687934584915638,-0.0020644553005695343,0.6696200221776962,0.6705238185822964,0.0009037964046001434,0.7460956051945686,0.7475040107965469,0.001408405601978302,0.6919702626764774,0.6911828182637691,-0.0007874444127082825,False
0,RIM_ONE_r3->Drishti_GS,16,C5,0.001,1.9420416355133057,0.4206884503364563,0.016871822997927666,0.008541032671928406,0.005830497946590185,0.6189339756965637,0.18173739314079285,0.11247364431619644,0.8875263556838036,0.6899990402162075,0.6874656025320292,-0.0025334376841783524,0.6696200221776962,0.67073730006814,0.0011172778904438019,0.7460956051945686,0.7474144399166107,0.0013188347220420837,0.6919702626764774,0.6911805495619774,-0.0007897131145000458,False
0,RIM_ONE_r3->Drishti_GS,17,C0,0.001,0.6303308010101318,0.03886838257312775,0.021304717287421227,0.009907490573823452,0.007656176574528217,0.6045241951942444,0.1536317616701126,0.11247364431619644,0.8875263556838036,0.6899990402162075,0.6902019865810871,0.00020294636487960815,0.6696200221776962,0.6692444197833538,-0.0003756023943424225,0.7460956051945686,0.7487781643867493,0.0026825591921806335,0.6919702626764774,0.6906073316931725,-0.0013629309833049774,False
0,RIM_ONE_r3->Drishti_GS,17,C1,0.001,0.6242333054542542,0.1068614199757576,0.021304717287421227,0.009907490573823452,0.007656176574528217,0.6045241951942444,0.1536317616701126,0.11247364431619644,0.8875263556838036,0.6899990402162075,0.6895535625517368,-0.0004454776644706726,0.6696200221776962,0.6695897169411182,-3.030523657798767e-05,0.7460956051945686,0.7486815974116325,0.002585992217063904,0.6919702626764774,0.6906382329761982,-0.0013320297002792358,False
0,RIM_ONE_r3->Drishti_GS,17,C2,0.001,1.905434489250183,0.17522062361240387,0.021304717287421227,0.009907490573823452,0.007656176574528217,0.6045241951942444,0.1536317616701126,0.11247364431619644,0.8875263556838036,0.6899990402162075,0.6905676387250423,0.0005685985088348389,0.6696200221776962,0.6691712811589241,-0.00044874101877212524,0.7460956051945686,0.749091349542141,0.0029957443475723267,0.6919702626764774,0.6905443929135799,-0.0014258697628974915,False
0,RIM_ONE_r3->Drishti_GS,17,C3,0.001,1.899167776107788,0.24321365356445312,0.021304717287421227,0.009907490573823452,0.007656176574528217,0.6045241951942444,0.1536317616701126,0.11247364431619644,0.8875263556838036,0.6899990402162075,0.69035922922194,0.0003601890057325363,0.6696200221776962,0.6692828759551048,-0.00033714622259140015,0.7460956051945686,0.7490704134106636,0.0029748082160949707,0.6919702626764774,0.6905514746904373,-0.0014187879860401154,False
0,RIM_ONE_r3->Drishti_GS,17,C4,0.001,2.0135180950164795,0.4178023636341095,0.021304717287421227,0.009907490573823452,0.007656176574528217,0.6045241951942444,0.1536317616701126,0.11247364431619644,0.8875263556838036,0.6899990402162075,0.6891917195171118,-0.000807320699095726,0.6696200221776962,0.6699396669864655,0.0003196448087692261,0.7460956051945686,0.7482456602156162,0.002150055021047592,0.6919702626764774,0.6908741183578968,-0.0010961443185806274,False
0,RIM_ONE_r3->Drishti_GS,17,C5,0.001,1.7565703392028809,0.4109792411327362,0.021304717287421227,0.009907490573823452,0.007656176574528217,0.6045241951942444,0.1536317616701126,0.11247364431619644,0.8875263556838036,0.6899990402162075,0.68931844830513,-0.0006805919110774994,0.6696200221776962,0.6698909848928452,0.0002709627151489258,0.7460956051945686,0.7482977919280529,0.002202186733484268,0.6919702626764774,0.6908794492483139,-0.0010908134281635284,False
0,RIM_ONE_r3->Drishti_GS,18,C0,0.001,0.7055729031562805,0.038015034049749374,0.02063731849193573,0.009497391059994698,0.007880325429141521,0.655689537525177,0.1704833209514618,0.11247364431619644,0.8875263556838036,0.6899990402162075,0.6896122228354216,-0.0003868173807859421,0.6696200221776962,0.6702001318335533,0.0005801096558570862,0.7460956051945686,0.7436562441289425,-0.0024393610656261444,0.6919702626764774,0.692932952195406,0.0009626895189285278,False
0,RIM_ONE_r3->Drishti_GS,18,C1,0.001,0.6806896924972534,0.11176282167434692,0.02063731849193573,0.009497391059994698,0.007880325429141521,0.655689537525177,0.1704833209514618,0.11247364431619644,0.8875263556838036,0.6899990402162075,0.6898310594260693,-0.00016798079013824463,0.6696200221776962,0.6701274812221527,0.0005074590444564819,0.7460956051945686,0.7438516840338707,-0.002243921160697937,0.6919702626764774,0.6928236894309521,0.0008534267544746399,False
0,RIM_ONE_r3->Drishti_GS,18,C2,0.001,2.139256238937378,0.18932346999645233,0.02063731849193573,0.009497391059994698,0.007880325429141521,0.655689537525177,0.1704833209514618,0.11247364431619644,0.8875263556838036,0.6899990402162075,0.6893248427659273,-0.0006741974502801895,0.6696200221776962,0.6701969467103481,0.0005769245326519012,0.7460956051945686,0.7442588470876217,-0.0018367581069469452,0.6919702626764774,0.6927499920129776,0.0007797293365001678,False
0,RIM_ONE_r3->Drishti_GS,18,C3,0.001,2.073359251022339,0.2630712389945984,0.02063731849193573,0.009497391059994698,0.007880325429141521,0.655689537525177,0.1704833209514618,0.11247364431619644,0.8875263556838036,0.6899990402162075,0.689376825466752,-0.000622214749455452,0.6696200221776962,0.6701855659484863,0.0005655437707901001,0.7460956051945686,0.7443056255578995,-0.001789979636669159,0.6919702626764774,0.6927219517529011,0.000751689076423645,False
0,RIM_ONE_r3->Drishti_GS,18,C4,0.001,1.626292109489441,0.4419810175895691,0.02063731849193573,0.009497391059994698,0.007880325429141521,0.655689537525177,0.1704833209514618,0.11247364431619644,0.8875263556838036,0.6899990402162075,0.6897489130496979,-0.0002501271665096283,0.6696200221776962,0.6700816825032234,0.00046166032552719116,0.7460956051945686,0.7446935959160328,-0.001402009278535843,0.6919702626764774,0.6924685314297676,0.0004982687532901764,False
0,RIM_ONE_r3->Drishti_GS,18,C5,0.001,1.5766801834106445,0.43811964988708496,0.02063731849193573,0.009497391059994698,0.007880325429141521,0.655689537525177,0.1704833209514618,0.11247364431619644,0.8875263556838036,0.6899990402162075,0.6897929571568966,-0.00020608305931091309,0.6696200221776962,0.6700832583010197,0.00046323612332344055,0.7460956051945686,0.7443430945277214,-0.001752510666847229,0.6919702626764774,0.6926862150430679,0.0007159523665904999,False
0,RIM_ONE_r3->Drishti_GS,19,C0,0.001,1.1127018928527832,0.0354473739862442,0.015146259218454361,0.013483060523867607,0.006818052846938372,0.6800793409347534,0.17220646142959595,0.11247364431619644,0.8875263556838036,0.6899990402162075,0.6871354766190052,-0.002863563597202301,0.6696200221776962,0.6704337522387505,0.0008137300610542297,0.7460956051945686,0.7500814646482468,0.003985859453678131,0.6919702626764774,0.6901986822485924,-0.0017715804278850555,False
0,RIM_ONE_r3->Drishti_GS,19,C1,0.001,1.1654022932052612,0.11193837225437164,0.015146259218454361,0.013483060523867607,0.006818052846938372,0.6800793409347534,0.17220646142959595,0.11247364431619644,0.8875263556838036,0.6899990402162075,0.6870034392923117,-0.002995600923895836,0.6696200221776962,0.6705270856618881,0.0009070634841918945,0.7460956051945686,0.7499763891100883,0.0038807839155197144,0.6919702626764774,0.6902241930365562,-0.0017460696399211884,False
0,RIM_ONE_r3->Drishti_GS,19,C2,0.001,2.7562272548675537,0.18828514218330383,0.015146259218454361,0.013483060523867607,0.006818052846938372,0.6800793409347534,0.17220646142959595,0.11247364431619644,0.8875263556838036,0.6899990402162075,0.6881305873394012,-0.0018684528768062592,0.6696200221776962,0.6702544912695885,0.0006344690918922424,0.7460956051945686,0.7489148490130901,0.0028192438185214996,0.6919702626764774,0.6905527673661709,-0.001417495310306549,False
0,RIM_ONE_r3->Drishti_GS,19,C3,0.001,2.832279920578003,0.2647761404514313,0.015146259218454361,0.013483060523867607,0.006818052846938372,0.6800793409347534,0.17220646142959595,0.11247364431619644,0.8875263556838036,0.6899990402162075,0.6880735661834478,-0.0019254740327596664,0.6696200221776962,0.6702915243804455,0.0006715022027492523,0.7460956051945686,0.7488672398030758,0.0027716346085071564,0.6919702626764774,0.6905696168541908,-0.0014006458222866058,False
0,RIM_ONE_r3->Drishti_GS,19,C4,0.001,2.424135684967041,0.4733023941516876,0.015146259218454361,0.013483060523867607,0.006818052846938372,0.6800793409347534,0.17220646142959595,0.11247364431619644,0.8875263556838036,0.6899990402162075,0.6883537545800209,-0.0016452856361865997,0.6696200221776962,0.6702466756105423,0.0006266534328460693,0.7460956051945686,0.7485564462840557,0.002460841089487076,0.6919702626764774,0.6907639093697071,-0.0012063533067703247,False
0,RIM_ONE_r3->Drishti_GS,19,C5,0.001,2.439389705657959,0.46050140261650085,0.015146259218454361,0.013483060523867607,0.006818052846938372,0.6800793409347534,0.17220646142959595,0.11247364431619644,0.8875263556838036,0.6899990402162075,0.6879288554191589,-0.0020701847970485687,0.6696200221776962,0.6704220175743103,0.0008019953966140747,0.7460956051945686,0.7486101388931274,0.0025145336985588074,0.6919702626764774,0.6907178983092308,-0.0012523643672466278,False
0,RIM_ONE_r3->Drishti_GS,20,C0,0.001,1.282009482383728,0.03279414772987366,0.017272403463721275,0.009898131713271141,0.00562361441552639,0.5841125845909119,0.19193944334983826,0.11247364431619644,0.8875263556838036,0.6899990402162075,0.6928296592086554,0.002830618992447853,0.6696200221776962,0.6687338724732399,-0.0008861497044563293,0.7460956051945686,0.7431383393704891,-0.0029572658240795135,0.6919702626764774,0.6933797262609005,0.0014094635844230652,False
0,RIM_ONE_r3->Drishti_GS,20,C1,0.001,1.218651533126831,0.09849141538143158,0.017272403463721275,0.009898131713271141,0.00562361441552639,0.5841125845909119,0.19193944334983826,0.11247364431619644,0.8875263556838036,0.6899990402162075,0.6927537340670824,0.002754693850874901,0.6696200221776962,0.668782114982605,-0.0008379071950912476,0.7460956051945686,0.7432390376925468,-0.0028565675020217896,0.6919702626764774,0.6933307200670242,0.0013604573905467987,False
0,RIM_ONE_r3->Drishti_GS,20,C2,0.001,2.7556185722351074,0.20314545929431915,0.017272403463721275,0.009898131713271141,0.00562361441552639,0.5841125845909119,0.19193944334983826,0.11247364431619644,0.8875263556838036,0.6899990402162075,0.6889551226049662,-0.0010439176112413406,0.6696200221776962,0.67012994363904,0.0005099214613437653,0.7460956051945686,0.7470458559691906,0.0009502507746219635,0.6919702626764774,0.6914097666740417,-0.0005604960024356842,False
0,RIM_ONE_r3->Drishti_GS,20,C3,0.001,2.818060874938965,0.2688427269458771,0.017272403463721275,0.009898131713271141,0.00562361441552639,0.5841125845909119,0.19193944334983826,0.11247364431619644,0.8875263556838036,0.6899990402162075,0.6888896599411964,-0.0011093802750110626,0.6696200221776962,0.6701539866626263,0.0005339644849300385,0.7460956051945686,0.7471251375973225,0.00102953240275383,0.6919702626764774,0.6913706623017788,-0.0005996003746986389,False
0,RIM_ONE_r3->Drishti_GS,20,C4,0.001,2.586224317550659,0.40806055068969727,0.017272403463721275,0.009898131713271141,0.00562361441552639,0.5841125845909119,0.19193944334983826,0.11247364431619644,0.8875263556838036,0.6899990402162075,0.6884434726089239,-0.0015555676072835922,0.6696200221776962,0.6702284067869186,0.0006083846092224121,0.7460956051945686,0.74843954667449,0.002343941479921341,0.6919702626764774,0.6907823495566845,-0.0011879131197929382,False
0,RIM_ONE_r3->Drishti_GS,20,C5,0.001,2.655869245529175,0.3998764455318451,0.017272403463721275,0.009898131713271141,0.00562361441552639,0.5841125845909119,0.19193944334983826,0.11247364431619644,0.8875263556838036,0.6899990402162075,0.6885224282741547,-0.0014766119420528412,0.6696200221776962,0.6702850945293903,0.0006650723516941071,0.7460956051945686,0.7478201761841774,0.0017245709896087646,0.6919702626764774,0.6910666562616825,-0.0009036064147949219,False
0,RIM_ONE_r3->Drishti_GS,21,C0,0.001,1.1917684078216553,0.039185505360364914,0.016470173373818398,0.013230728916823864,0.009484604001045227,0.6252043843269348,0.195795476436615,0.11247364431619644,0.8875263556838036,0.6899990402162075,0.6893354039639235,-0.00066363625228405,0.6696200221776962,0.6698897927999496,0.00026977062225341797,0.7460956051945686,0.7444118671119213,-0.0016837380826473236,0.6919702626764774,0.6927645653486252,0.0007943026721477509,False
0,RIM_ONE_r3->Drishti_GS,21,C1,0.001,1.150213360786438,0.10950452089309692,0.016470173373818398,0.013230728916823864,0.009484604001045227,0.6252043843269348,0.195795476436615,0.11247364431619644,0.8875263556838036,0.6899990402162075,0.6894815042614937,-0.0005175359547138214,0.6696200221776962,0.6697366423904896,0.00011662021279335022,0.7460956051945686,0.7450135238468647,-0.0010820813477039337,0.6919702626764774,0.6925140544772148,0.000543791800737381,False
0,RIM_ONE_r3->Drishti_GS,21,C2,0.001,3.6486940383911133,0.2129591554403305,0.016470173373818398,0.013230728916823864,0.009484604001045227,0.6252043843269348,0.195795476436615,0.11247364431619644,0.8875263556838036,0.6899990402162075,0.6899895910173655,-9.449198842048645e-06,0.6696200221776962,0.6697697713971138,0.00014974921941757202,0.7460956051945686,0.7464821301400661,0.0003865249454975128,0.6919702626764774,0.69160021468997,-0.00037004798650741577,False
0,RIM_ONE_r3->Drishti_GS,21,C3,0.001,3.606630563735962,0.2832781672477722,0.016470173373818398,0.013230728916823864,0.009484604001045227,0.6252043843269348,0.195795476436615,0.11247364431619644,0.8875263556838036,0.6899990402162075,0.6900498084723949,5.0768256187438965e-05,0.6696200221776962,0.6697147600352764,9.473785758018494e-05,0.7460956051945686,0.7467055283486843,0.0006099231541156769,0.6919702626764774,0.6915082484483719,-0.00046201422810554504,False
0,RIM_ONE_r3->Drishti_GS,21,C4,0.001,3.1954851150512695,0.45220834016799927,0.016470173373818398,0.013230728916823864,0.009484604001045227,0.6252043843269348,0.195795476436615,0.11247364431619644,0.8875263556838036,0.6899990402162075,0.6899871677160263,-1.187250018119812e-05,0.6696200221776962,0.6693829670548439,-0.00023705512285232544,0.7460956051945686,0.749147430062294,0.0030518248677253723,0.6919702626764774,0.690471775829792,-0.0014984868466854095,False
0,RIM_ONE_r3->Drishti_GS,21,C5,0.001,3.0337579250335693,0.44169512391090393,0.016470173373818398,0.013230728916823864,0.009484604001045227,0.6252043843269348,0.195795476436615,0.11247364431619644,0.8875263556838036,0.6899990402162075,0.6900556739419699,5.663372576236725e-05,0.6696200221776962,0.6694028414785862,-0.00021718069911003113,0.7460956051945686,0.7488915286958218,0.002795923501253128,0.6919702626764774,0.6905691102147102,-0.0014011524617671967,False
0,RIM_ONE_r3->Drishti_GS,22,C0,0.001,0.6560257077217102,0.03689698129892349,0.021549204364418983,0.007528990041464567,0.007818787358701229,0.6277289390563965,0.20124487578868866,0.11247364431619644,0.8875263556838036,0.6899990402162075,0.6909317187964916,0.0009326785802841187,0.6696200221776962,0.6689589470624924,-0.0006610751152038574,0.7460956051945686,0.7478992491960526,0.0018036440014839172,0.6919702626764774,0.6912436485290527,-0.0007266141474246979,False
0,RIM_ONE_r3->Drishti_GS,22,C1,0.001,0.6647909283638,0.10749994218349457,0.021549204364418983,0.007528990041464567,0.007818787358701229,0.6277289390563965,0.20124487578868866,0.11247364431619644,0.8875263556838036,0.6899990402162075,0.6906383093446493,0.0006392691284418106,0.6696200221776962,0.6691352874040604,-0.00048473477363586426,0.7460956051945686,0.7480813153088093,0.0019857101142406464,0.6919702626764774,0.6911368481814861,-0.0008334144949913025,False
0,RIM_ONE_r3->Drishti_GS,22,C2,0.001,1.9208282232284546,0.2155071198940277,0.021549204364418983,0.007528990041464567,0.007818787358701229,0.6277289390563965,0.20124487578868866,0.11247364431619644,0.8875263556838036,0.6899990402162075,0.6902548521757126,0.0002558119595050812,0.6696200221776962,0.6694223321974277,-0.0001976899802684784,0.7460956051945686,0.7481712698936462,0.002075664699077606,0.6919702626764774,0.6910290271043777,-0.0009412355720996857,False
0,RIM_ONE_r3->Drishti_GS,22,C3,0.001,1.9913986921310425,0.2861100733280182,0.021549204364418983,0.007528990041464567,0.007818787358701229,0.6277289390563965,0.20124487578868866,0.11247364431619644,0.8875263556838036,0.6899990402162075,0.6901561263948679,0.00015708617866039276,0.6696200221776962,0.6694829314947128,-0.00013709068298339844,0.7460956051945686,0.7481569796800613,0.0020613744854927063,0.6919702626764774,0.6910257786512375,-0.0009444840252399445,False
0,RIM_ONE_r3->Drishti_GS,22,C4,0.001,1.9971342086791992,0.4649011492729187,0.021549204364418983,0.007528990041464567,0.007818787358701229,0.6277289390563965,0.20124487578868866,0.11247364431619644,0.8875263556838036,0.6899990402162075,0.6896715871989727,-0.00032745301723480225,0.6696200221776962,0.6698102317750454,0.00019020959734916687,0.7460956051945686,0.7478148974478245,0.0017192922532558441,0.6919702626764774,0.6911460235714912,-0.0008242391049861908,False
0,RIM_ONE_r3->Drishti_GS,22,C5,0.001,1.8971461057662964,0.4552643895149231,0.021549204364418983,0.007528990041464567,0.007818787358701229,0.6277289390563965,0.20124487578868866,0.11247364431619644,0.8875263556838036,0.6899990402162075,0.6894772946834564,-0.0005217455327510834,0.6696200221776962,0.6699383743107319,0.0003183521330356598,0.7460956051945686,0.7474995814263821,0.0014039762318134308,0.6919702626764774,0.6913119927048683,-0.0006582699716091156,False
0,RIM_ONE_r3->Drishti_GS,23,C0,0.001,0.49335038661956787,0.02988876774907112,0.020597396418452263,0.0035911276936531067,0.005700243171304464,0.6265959143638611,0.16527479887008667,0.11247364431619644,0.8875263556838036,0.6899990402162075,0.6877702735364437,-0.002228766679763794,0.6696200221776962,0.6710161417722702,0.0013961195945739746,0.7460956051945686,0.7437477111816406,-0.002347894012928009,0.6919702626764774,0.6930107399821281,0.001040477305650711,False
0,RIM_ONE_r3->Drishti_GS,23,C1,0.001,0.5337826013565063,0.10036429762840271,0.020597396418452263,0.0035911276936531067,0.005700243171304464,0.6265959143638611,0.16527479887008667,0.11247364431619644,0.8875263556838036,0.6899990402162075,0.6874938309192657,-0.002505209296941757,0.6696200221776962,0.6711040176451206,0.0014839954674243927,0.7460956051945686,0.7445181384682655,-0.0015774667263031006,0.6919702626764774,0.6926306262612343,0.0006603635847568512,False
0,RIM_ONE_r3->Drishti_GS,23,C2,0.001,2.179971694946289,0.1765744984149933,0.020597396418452263,0.0035911276936531067,0.005700243171304464,0.6265959143638611,0.16527479887008667,0.11247364431619644,0.8875263556838036,0.6899990402162075,0.6886460371315479,-0.0013530030846595764,0.6696200221776962,0.6699552088975906,0.0003351867198944092,0.7460956051945686,0.7500859275460243,0.0039903223514556885,0.6919702626764774,0.6900747492909431,-0.0018955133855342865,False
0,RIM_ONE_r3->Drishti_GS,23,C3,0.001,2.253037214279175,0.24705003201961517,0.020597396418452263,0.0035911276936531067,0.005700243171304464,0.6265959143638611,0.16527479887008667,0.11247364431619644,0.8875263556838036,0.6899990402162075,0.6885840576142073,-0.0014149826020002365,0.6696200221776962,0.6699890531599522,0.00036903098225593567,0.7460956051945686,0.7501066736876965,0.004011068493127823,0.6919702626764774,0.6900603584945202,-0.0019099041819572449,False
0,RIM_ONE_r3->Drishti_GS,23,C4,0.001,1.739210605621338,0.43815362453460693,0.020597396418452263,0.0035911276936531067,0.005700243171304464,0.6265959143638611,0.16527479887008667,0.11247364431619644,0.8875263556838036,0.6899990402162075,0.6891827899962664,-0.0008162502199411392,0.6696200221776962,0.6698347888886929,0.0002147667109966278,0.7460956051945686,0.7493761330842972,0.003280527889728546,0.6919702626764774,0.6903953887522221,-0.001574873924255371,False
0,RIM_ONE_r3->Drishti_GS,23,C5,0.001,1.7943111658096313,0.42333346605300903,0.020597396418452263,0.0035911276936531067,0.005700243171304464,0.6265959143638611,0.16527479887008667,0.11247364431619644,0.8875263556838036,0.6899990402162075,0.6884140912443399,-0.0015849489718675613,0.6696200221776962,0.6701846793293953,0.0005646571516990662,0.7460956051945686,0.7494780384004116,0.003382433205842972,0.6919702626764774,0.6903413757681847,-0.0016288869082927704,False
0,RIM_ONE_r3->Drishti_GS,24,C0,0.001,1.2453752756118774,0.03452048823237419,0.015020044520497322,0.011077280156314373,0.008423165418207645,0.6350796818733215,0.16340550780296326,0.11247364431619644,0.8875263556838036,0.6899990402162075,0.6919384095817804,0.0019393693655729294,0.6696200221776962,0.6693020351231098,-0.0003179870545864105,0.7460956051945686,0.7427654936909676,-0.0033301115036010742,0.6919702626764774,0.6933172792196274,0.0013470165431499481,False
0,RIM_ONE_r3->Drishti_GS,24,C1,0.001,1.3786762952804565,0.10595022141933441,0.015020044520497322,0.011077280156314373,0.008423165418207645,0.6350796818733215,0.16340550780296326,0.11247364431619644,0.8875263556838036,0.6899990402162075,0.6919457837939262,0.0019467435777187347,0.6696200221776962,0.6693265587091446,-0.00029346346855163574,0.7460956051945686,0.7427218221127987,-0.0033737830817699432,0.6919702626764774,0.6933305859565735,0.001360323280096054,False
0,RIM_ONE_r3->Drishti_GS,24,C2,0.001,1.6651082038879395,0.17954717576503754,0.015020044520497322,0.011077280156314373,0.008423165418207645,0.6350796818733215,0.16340550780296326,0.11247364431619644,0.8875263556838036,0.6899990402162075,0.6890747379511595,-0.000924302265048027,0.6696200221776962,0.67002909258008,0.0004090704023838043,0.7460956051945686,0.746441662311554,0.00034605711698532104,0.6919702626764774,0.6917020231485367,-0.0002682395279407501,False
0,RIM_ONE_r3->Drishti_GS,24,C3,0.001,1.650136947631836,0.25097692012786865,0.015020044520497322,0.011077280156314373,0.008423165418207645,0.6350796818733215,0.16340550780296326,0.11247364431619644,0.8875263556838036,0.6899990402162075,0.6892274916172028,-0.0007715485990047455,0.6696200221776962,0.6700262427330017,0.00040622055530548096,0.7460956051945686,0.7461420558393002,4.6450644731521606e-05,0.6919702626764774,0.6918213777244091,-0.00014888495206832886,False
0,RIM_ONE_r3->Drishti_GS,24,C4,0.001,2.0638837814331055,0.4056989848613739,0.015020044520497322,0.011077280156314373,0.008423165418207645,0.6350796818733215,0.16340550780296326,0.11247364431619644,0.8875263556838036,0.6899990402162075,0.6910770181566477,0.001077977940440178,0.6696200221776962,0.6696807891130447,6.076693534851074e-05,0.7460956051945686,0.7433082386851311,-0.002787366509437561,0.6919702626764774,0.693063098937273,0.0010928362607955933,False
0,RIM_ONE_r3->Drishti_GS,24,C5,0.001,1.8799285888671875,0.4046218991279602,0.015020044520497322,0.011077280156314373,0.008423165418207645,0.6350796818733215,0.16340550780296326,0.11247364431619644,0.8875263556838036,0.6899990402162075,0.690883656963706,0.0008846167474985123,0.6696200221776962,0.6698225028812885,0.00020248070359230042,0.7460956051945686,0.7428220137953758,-0.00327359139919281,0.6919702626764774,0.6932726837694645,0.0013024210929870605,False
0,RIM_ONE_r3->Drishti_GS,25,C0,0.001,1.3100535869598389,0.04310254752635956,0.017272403463721275,0.015416176058351994,0.01041396614164114,0.6574156284332275,0.2359391450881958,0.11247364431619644,0.8875263556838036,0.6899990402162075,0.6924945991486311,0.0024955589324235916,0.6696200221776962,0.6688944809138775,-0.0007255412638187408,0.7460956051945686,0.7441509291529655,-0.0019446760416030884,0.6919702626764774,0.6928252577781677,0.0008549951016902924,False
0,RIM_ONE_r3->Drishti_GS,25,C1,0.001,1.3735109567642212,0.11704447865486145,0.017272403463721275,0.015416176058351994,0.01041396614164114,0.6574156284332275,0.2359391450881958,0.11247364431619644,0.8875263556838036,0.6899990402162075,0.6923368703573942,0.002337830141186714,0.6696200221776962,0.6688866764307022,-0.0007333457469940186,0.7460956051945686,0.7449246421456337,-0.0011709630489349365,0.6919702626764774,0.6924661584198475,0.0004958957433700562,False
0,RIM_ONE_r3->Drishti_GS,25,C2,0.001,2.6432738304138184,0.25250476598739624,0.017272403463721275,0.015416176058351994,0.01041396614164114,0.6574156284332275,0.2359391450881958,0.11247364431619644,0.8875263556838036,0.6899990402162075,0.6900757122784853,7.667206227779388e-05,0.6696200221776962,0.6692214570939541,-0.0003985650837421417,0.7460956051945686,0.7493019104003906,0.003206305205821991,0.6919702626764774,0.6905336603522301,-0.0014366023242473602,False
0,RIM_ONE_r3->Drishti_GS,25,C3,0.001,2.7942416667938232,0.32644668221473694,0.017272403463721275,0.015416176058351994,0.01041396614164114,0.6574156284332275,0.2359391450881958,0.11247364431619644,0.8875263556838036,0.6899990402162075,0.6900594010949135,6.0360878705978394e-05,0.6696200221776962,0.6692186333239079,-0.00040138885378837585,0.7460956051945686,0.7494607120752335,0.0033651068806648254,0.6919702626764774,0.6904541179537773,-0.001516144722700119,False
0,RIM_ONE_r3->Drishti_GS,25,C4,0.001,3.208995819091797,0.5061045289039612,0.017272403463721275,0.015416176058351994,0.01041396614164114,0.6574156284332275,0.2359391450881958,0.11247364431619644,0.8875263556838036,0.6899990402162075,0.69074946641922,0.0007504262030124664,0.6696200221776962,0.6689793989062309,-0.0006406232714653015,0.7460956051945686,0.749353788793087,0.0032581835985183716,0.6919702626764774,0.6904781758785248,-0.001492086797952652,False
0,RIM_ONE_r3->Drishti_GS,25,C5,0.001,2.9395751953125,0.4934007525444031,0.017272403463721275,0.015416176058351994,0.01041396614164114,0.6574156284332275,0.2359391450881958,0.11247364431619644,0.8875263556838036,0.6899990402162075,0.6906911581754684,0.0006921179592609406,0.6696200221776962,0.6690504364669323,-0.0005695857107639313,0.7460956051945686,0.7491778619587421,0.0030822567641735077,0.6919702626764774,0.6905501186847687,-0.0014201439917087555,False
0,RIM_ONE_r3->Drishti_GS,26,C0,0.001,0.6471173763275146,0.0376112274825573,0.016634570434689522,0.013827535323798656,0.007149121258407831,0.6356494426727295,0.21157719194889069,0.11247364431619644,0.8875263556838036,0.6899990402162075,0.6911847684532404,0.0011857282370328903,0.6696200221776962,0.6692874878644943,-0.0003325343132019043,0.7460956051945686,0.7438935562968254,-0.002202048897743225,0.6919702626764774,0.692956954240799,0.000986691564321518,False
0,RIM_ONE_r3->Drishti_GS,26,C1,0.001,0.6563838124275208,0.10910503566265106,0.016634570434689522,0.013827535323798656,0.007149121258407831,0.6356494426727295,0.21157719194889069,0.11247364431619644,0.8875263556838036,0.6899990402162075,0.6912904810160398,0.001291440799832344,0.6696200221776962,0.6692538149654865,-0.00036620721220970154,0.7460956051945686,0.7440217919647694,-0.0020738132297992706,0.6919702626764774,0.6928656026721001,0.0008953399956226349,False
0,RIM_ONE_r3->Drishti_GS,26,C2,0.001,3.197089433670044,0.22539156675338745,0.016634570434689522,0.013827535323798656,0.007149121258407831,0.6356494426727295,0.21157719194889069,0.11247364431619644,0.8875263556838036,0.6899990402162075,0.692350784316659,0.0023517441004514694,0.6696200221776962,0.6687993071973324,-0.0008207149803638458,0.7460956051945686,0.7451421357691288,-0.0009534694254398346,0.6919702626764774,0.6923760958015919,0.0004058331251144409,False
0,RIM_ONE_r3->Drishti_GS,26,C3,0.001,3.2333359718322754,0.2968853712081909,0.016634570434689522,0.013827535323798656,0.007149121258407831,0.6356494426727295,0.21157719194889069,0.11247364431619644,0.8875263556838036,0.6899990402162075,0.6923529636114836,0.0023539233952760696,0.6696200221776962,0.6688003540039062,-0.000819668173789978,0.7460956051945686,0.7451691143214703,-0.0009264908730983734,0.6919702626764774,0.6923576444387436,0.00038738176226615906,False
0,RIM_ONE_r3->Drishti_GS,26,C4,0.001,2.9217264652252197,0.48362046480178833,0.016634570434689522,0.013827535323798656,0.007149121258407831,0.6356494426727295,0.21157719194889069,0.11247364431619644,0.8875263556838036,0.6899990402162075,0.6923166401684284,0.0023175999522209167,0.6696200221776962,0.668876126408577,-0.0007438957691192627,0.7460956051945686,0.7450830601155758,-0.0010125450789928436,0.6919702626764774,0.6923323720693588,0.00036210939288139343,False
0,RIM_ONE_r3->Drishti_GS,26,C5,0.001,2.9087154865264893,0.4698635935783386,0.016634570434689522,0.013827535323798656,0.007149121258407831,0.6356494426727295,0.21157719194889069,0.11247364431619644,0.8875263556838036,0.6899990402162075,0.6923797596246004,0.002380719408392906,0.6696200221776962,0.6689312420785427,-0.0006887800991535187,0.7460956051945686,0.7444299124181271,-0.001665692776441574,0.6919702626764774,0.6926278695464134,0.0006576068699359894,False
0,RIM_ONE_r3->Drishti_GS,27,C0,0.001,0.5339191555976868,0.03267202898859978,0.020353153347969055,0.004554437007755041,0.007764438632875681,0.6207761168479919,0.14918339252471924,0.11247364431619644,0.8875263556838036,0.6899990402162075,0.6893779933452606,-0.0006210468709468842,0.6696200221776962,0.6696047782897949,-1.5243887901306152e-05,0.7460956051945686,0.7486690580844879,0.002573452889919281,0.6919702626764774,0.6907709315419197,-0.001199331134557724,False
0,RIM_ONE_r3->Drishti_GS,27,C1,0.001,0.5842756032943726,0.10249298810958862,0.020353153347969055,0.004554437007755041,0.007764438632875681,0.6207761168479919,0.14918339252471924,0.11247364431619644,0.8875263556838036,0.6899990402162075,0.6888923160731792,-0.0011067241430282593,0.6696200221776962,0.6698430851101875,0.0002230629324913025,0.7460956051945686,0.749076422303915,0.0029808171093463898,0.6919702626764774,0.6905568279325962,-0.0014134347438812256,False
0,RIM_ONE_r3->Drishti_GS,27,C2,0.001,1.3536897897720337,0.16507622599601746,0.020353153347969055,0.004554437007755041,0.007764438632875681,0.6207761168479919,0.14918339252471924,0.11247364431619644,0.8875263556838036,0.6899990402162075,0.6878697015345097,-0.0021293386816978455,0.6696200221776962,0.6706058420240879,0.0009858198463916779,0.7460956051945686,0.7462466657161713,0.00015106052160263062,0.6919702626764774,0.6918032430112362,-0.00016701966524124146,False
0,RIM_ONE_r3->Drishti_GS,27,C3,0.001,1.3978822231292725,0.234897181391716,0.020353153347969055,0.004554437007755041,0.007764438632875681,0.6207761168479919,0.14918339252471924,0.11247364431619644,0.8875263556838036,0.6899990402162075,0.6877021286636591,-0.0022969115525484085,0.6696200221776962,0.6706790626049042,0.0010590404272079468,0.7460956051945686,0.7465098686516285,0.00041426345705986023,0.6919702626764774,0.6916749626398087,-0.00029530003666877747,False
0,RIM_ONE_r3->Drishti_GS,27,C4,0.001,1.7348055839538574,0.4255971312522888,0.020353153347969055,0.004554437007755041,0.007764438632875681,0.6207761168479919,0.14918339252471924,0.11247364431619644,0.8875263556838036,0.6899990402162075,0.6873514410108328,-0.0026475992053747177,0.6696200221776962,0.6708204746246338,0.001200452446937561,0.7460956051945686,0.7475076206028461,0.0014120154082775116,0.6919702626764774,0.6912153512239456,-0.0007549114525318146,False
0,RIM_ONE_r3->Drishti_GS,27,C5,0.001,1.7602999210357666,0.4057554602622986,0.020353153347969055,0.004554437007755041,0.007764438632875681,0.6207761168479919,0.14918339252471924,0.11247364431619644,0.8875263556838036,0.6899990402162075,0.6870755106210709,-0.0029235295951366425,0.6696200221776962,0.6709228977560997,0.001302875578403473,0.7460956051945686,0.7474666945636272,0.001371089369058609,0.6919702626764774,0.6912071704864502,-0.0007630921900272369,False
0,RIM_ONE_r3->Drishti_GS,28,C0,0.001,1.4869457483291626,0.04444669559597969,0.02052353508770466,0.01637800969183445,0.007545151747763157,0.6015018224716187,0.1780022382736206,0.11247364431619644,0.8875263556838036,0.6899990402162075,0.691597631201148,0.0015985909849405289,0.6696200221776962,0.6694952920079231,-0.0001247301697731018,0.7460956051945686,0.7416148707270622,-0.004480734467506409,0.6919702626764774,0.6938462480902672,0.0018759854137897491,False
0,RIM_ONE_r3->Drishti_GS,28,C1,0.001,1.447981834411621,0.1120997965335846,0.02052353508770466,0.01637800969183445,0.007545151747763157,0.6015018224716187,0.1780022382736206,0.11247364431619644,0.8875263556838036,0.6899990402162075,0.6914004143327475,0.0014013741165399551,0.6696200221776962,0.6696018874645233,-1.8134713172912598e-05,0.7460956051945686,0.7415573224425316,-0.004538282752037048,0.6919702626764774,0.693872906267643,0.0019026435911655426,False
0,RIM_ONE_r3->Drishti_GS,28,C2,0.001,2.1662380695343018,0.20242837071418762,0.02052353508770466,0.01637800969183445,0.007545151747763157,0.6015018224716187,0.1780022382736206,0.11247364431619644,0.8875263556838036,0.6899990402162075,0.6909408010542393,0.0009417608380317688,0.6696200221776962,0.6695587821304798,-6.12400472164154e-05,0.7460956051945686,0.7445913814008236,-0.001504223793745041,0.6919702626764774,0.6925263553857803,0.0005560927093029022,False
0,RIM_ONE_r3->Drishti_GS,28,C3,0.001,2.1850037574768066,0.27008146047592163,0.02052353508770466,0.01637800969183445,0.007545151747763157,0.6015018224716187,0.1780022382736206,0.11247364431619644,0.8875263556838036,0.6899990402162075,0.6907665338367224,0.0007674936205148697,0.6696200221776962,0.6696353182196617,1.529604196548462e-05,0.7460956051945686,0.744642861187458,-0.0014527440071105957,0.6919702626764774,0.6925050057470798,0.000534743070602417,False
0,RIM_ONE_r3->Drishti_GS,28,C4,0.001,2.1426568031311035,0.43247565627098083,0.02052353508770466,0.01637800969183445,0.007545151747763157,0.6015018224716187,0.1780022382736206,0.11247364431619644,0.8875263556838036,0.6899990402162075,0.6895285155624151,-0.0004705246537923813,0.6696200221776962,0.6701640263199806,0.0005440041422843933,0.7460956051945686,0.744976419955492,-0.0011191852390766144,0.6919702626764774,0.6923556104302406,0.00038534775376319885,False
0,RIM_ONE_r3->Drishti_GS,28,C5,0.001,1.9922322034835815,0.4263836443424225,0.02052353508770466,0.01637800969183445,0.007545151747763157,0.6015018224716187,0.1780022382736206,0.11247364431619644,0.8875263556838036,0.6899990402162075,0.6900877468287945,8.87066125869751e-05,0.6696200221776962,0.6699403449892998,0.00032032281160354614,0.7460956051945686,0.7447229251265526,-0.0013726800680160522,0.6919702626764774,0.6924902126193047,0.0005199499428272247,False
0,RIM_ONE_r3->Drishti_GS,29,C0,0.001,0.9190841913223267,0.037392038851976395,0.017886998131871223,0.012356010265648365,0.007149029057472944,0.6518875360488892,0.15391439199447632,0.11247364431619644,0.8875263556838036,0.6899990402162075,0.6885075829923153,-0.001491457223892212,0.6696200221776962,0.670378178358078,0.0007581561803817749,0.7460956051945686,0.7465394325554371,0.000443827360868454,0.6919702626764774,0.6915052384138107,-0.00046502426266670227,False
0,RIM_ONE_r3->Drishti_GS,29,C1,0.001,0.9413289427757263,0.1107122004032135,0.017886998131871223,0.012356010265648365,0.007149029057472944,0.6518875360488892,0.15391439199447632,0.11247364431619644,0.8875263556838036,0.6899990402162075,0.6886476706713438,-0.0013513695448637009,0.6696200221776962,0.6703301258385181,0.0007101036608219147,0.7460956051945686,0.7466806955635548,0.0005850903689861298,0.6919702626764774,0.6914421990513802,-0.0005280636250972748,False
0,RIM_ONE_r3->Drishti_GS,29,C2,0.001,2.2824337482452393,0.17399510741233826,0.017886998131871223,0.012356010265648365,0.007149029057472944,0.6518875360488892,0.15391439199447632,0.11247364431619644,0.8875263556838036,0.6899990402162075,0.6888789124786854,-0.0011201277375221252,0.6696200221776962,0.6700289435684681,0.00040892139077186584,0.7460956051945686,0.7464394941926003,0.0003438889980316162,0.6919702626764774,0.6917939111590385,-0.00017635151743888855,False
0,RIM_ONE_r3->Drishti_GS,29,C3,0.001,2.2391357421875,0.24731527268886566,0.017886998131871223,0.012356010265648365,0.007149029057472944,0.6518875360488892,0.15391439199447632,0.11247364431619644,0.8875263556838036,0.6899990402162075,0.688905194401741,-0.0010938458144664764,0.6696200221776962,0.6700219474732876,0.00040192529559135437,0.7460956051945686,0.7465037144720554,0.00040810927748680115,0.6919702626764774,0.6917605996131897,-0.00020966306328773499,False
0,RIM_ONE_r3->Drishti_GS,29,C4,0.001,1.9355015754699707,0.432315856218338,0.017886998131871223,0.012356010265648365,0.007149029057472944,0.6518875360488892,0.15391439199447632,0.11247364431619644,0.8875263556838036,0.6899990402162075,0.6897108759731054,-0.00028816424310207367,0.6696200221776962,0.6698556542396545,0.000235632061958313,0.7460956051945686,0.7456243447959423,-0.0004712603986263275,0.6919702626764774,0.6921298056840897,0.0001595430076122284,False
0,RIM_ONE_r3->Drishti_GS,29,C5,0.001,1.6540842056274414,0.4287290871143341,0.017886998131871223,0.012356010265648365,0.007149029057472944,0.6518875360488892,0.15391439199447632,0.11247364431619644,0.8875263556838036,0.6899990402162075,0.6890303045511246,-0.0009687356650829315,0.6696200221776962,0.6701551340520382,0.0005351118743419647,0.7460956051945686,0.7461659945547581,7.038936018943787e-05,0.6919702626764774,0.6918396912515163,-0.0001305714249610901,False
0,RIM_ONE_r3->Drishti_GS,30,C0,0.001,1.3444219827651978,0.05341926962137222,0.01784241758286953,0.026701487600803375,0.008875363506376743,0.6829406023025513,0.19411468505859375,0.11247364431619644,0.8875263556838036,0.6899990402162075,0.6874019578099251,-0.002597082406282425,0.6696200221776962,0.6705536618828773,0.0009336397051811218,0.7460956051945686,0.7488535456359386,0.0027579404413700104,0.6919702626764774,0.6905692219734192,-0.0014010407030582428,False
0,RIM_ONE_r3->Drishti_GS,30,C1,0.001,1.4143308401107788,0.1302320957183838,0.01784241758286953,0.026701487600803375,0.008875363506376743,0.6829406023025513,0.19411468505859375,0.11247364431619644,0.8875263556838036,0.6899990402162075,0.6873129326850176,-0.0026861075311899185,0.6696200221776962,0.6706101223826408,0.0009901002049446106,0.7460956051945686,0.7488028220832348,0.002707216888666153,0.6919702626764774,0.690578781068325,-0.0013914816081523895,False
0,RIM_ONE_r3->Drishti_GS,30,C2,0.001,2.712341070175171,0.22570115327835083,0.01784241758286953,0.026701487600803375,0.008875363506376743,0.6829406023025513,0.19411468505859375,0.11247364431619644,0.8875263556838036,0.6899990402162075,0.6892581861466169,-0.0007408540695905685,0.6696200221776962,0.6698454357683659,0.00022541359066963196,0.7460956051945686,0.7488122172653675,0.002716612070798874,0.6919702626764774,0.6906140074133873,-0.0013562552630901337,False
0,RIM_ONE_r3->Drishti_GS,30,C3,0.001,2.7689568996429443,0.302513986825943,0.01784241758286953,0.026701487600803375,0.008875363506376743,0.6829406023025513,0.19411468505859375,0.11247364431619644,0.8875263556838036,0.6899990402162075,0.6891605239361525,-0.0008385162800550461,0.6696200221776962,0.6698928512632847,0.0002728290855884552,0.7460956051945686,0.7488025091588497,0.002706903964281082,0.6919702626764774,0.6906109228730202,-0.0013593398034572601,False
0,RIM_ONE_r3->Drishti_GS,30,C4,0.001,2.359403133392334,0.500167727470398,0.01784241758286953,0.026701487600803375,0.008875363506376743,0.6829406023025513,0.19411468505859375,0.11247364431619644,0.8875263556838036,0.6899990402162075,0.6892918813973665,-0.0007071588188409805,0.6696200221776962,0.6698931753635406,0.0002731531858444214,0.7460956051945686,0.7484849095344543,0.0023893043398857117,0.6919702626764774,0.6907876953482628,-0.0011825673282146454,False
0,RIM_ONE_r3->Drishti_GS,30,C5,0.001,2.4134092330932617,0.4869176745414734,0.01784241758286953,0.026701487600803375,0.008875363506376743,0.6829406023025513,0.19411468505859375,0.11247364431619644,0.8875263556838036,0.6899990402162075,0.6886949520558119,-0.0013040881603956223,0.6696200221776962,0.6701755188405514,0.0005554966628551483,0.7460956051945686,0.7483470030128956,0.00225139781832695,0.6919702626764774,0.6907994002103806,-0.001170862466096878,False
0,RIM_ONE_r3->Drishti_GS,31,C0,0.001,0.6442869901657104,0.03148631379008293,0.016634570434689522,0.007931930013000965,0.006919811945408583,0.5872071981430054,0.17869596183300018,0.11247364431619644,0.8875263556838036,0.6899990402162075,0.6903081256896257,0.0003090854734182358,0.6696200221776962,0.6700941435992718,0.00047412142157554626,0.7460956051945686,0.7420256249606609,-0.0040699802339077,0.6919702626764774,0.69374018907547,0.0017699263989925385,False
0,RIM_ONE_r3->Drishti_GS,31,C1,0.001,0.6393481492996216,0.09753164649009705,0.016634570434689522,0.007931930013000965,0.006919811945408583,0.5872071981430054,0.17869596183300018,0.11247364431619644,0.8875263556838036,0.6899990402162075,0.6898676063865423,-0.00013143382966518402,0.6696200221776962,0.6702914983034134,0.0006714761257171631,0.7460956051945686,0.7423352673649788,-0.0037603378295898438,0.6919702626764774,0.6935807764530182,0.0016105137765407562,False
0,RIM_ONE_r3->Drishti_GS,31,C2,0.001,3.2422871589660645,0.19008368253707886,0.016634570434689522,0.007931930013000965,0.006919811945408583,0.5872071981430054,0.17869596183300018,0.11247364431619644,0.8875263556838036,0.6899990402162075,0.6880521737039089,-0.001946866512298584,0.6696200221776962,0.6705666109919548,0.0009465888142585754,0.7460956051945686,0.7464942932128906,0.00039868801832199097,0.6919702626764774,0.6915806569159031,-0.0003896057605743408,False
0,RIM_ONE_r3->Drishti_GS,31,C3,0.001,3.315636157989502,0.25612902641296387,0.016634570434689522,0.007931930013000965,0.006919811945408583,0.5872071981430054,0.17869596183300018,0.11247364431619644,0.8875263556838036,0.6899990402162075,0.6880046594887972,-0.0019943807274103165,0.6696200221776962,0.6705845519900322,0.000964529812335968,0.7460956051945686,0.7465520314872265,0.00045642629265785217,0.6919702626764774,0.6915535181760788,-0.00041674450039863586,False
0,RIM_ONE_r3->Drishti_GS,31,C4,0.001,3.049464702606201,0.4016276001930237,0.016634570434689522,0.007931930013000965,0.006919811945408583,0.5872071981430054,0.17869596183300018,0.11247364431619644,0.8875263556838036,0.6899990402162075,0.6875522900372744,-0.0024467501789331436,0.6696200221776962,0.6706832386553288,0.0010632164776325226,0.7460956051945686,0.7476193644106388,0.0015237592160701752,0.6919702626764774,0.6910925172269344,-0.0008777454495429993,False
0,RIM_ONE_r3->Drishti_GS,31,C5,0.001,3.1066033840179443,0.3935614824295044,0.016634570434689522,0.007931930013000965,0.006919811945408583,0.5872071981430054,0.17869596183300018,0.11247364431619644,0.8875263556838036,0.6899990402162075,0.6876762174069881,-0.0023228228092193604,0.6696200221776962,0.6706852354109287,0.0010652132332324982,0.7460956051945686,0.7472322210669518,0.0011366158723831177,0.6919702626764774,0.6912659108638763,-0.0007043518126010895,False
1,REFUGE->RIM_ONE_r3,0,C0,0.001,0.9349939227104187,0.03731318563222885,0.017507202923297882,0.01126855332404375,0.008537431247532368,0.5750545263290405,0.10593222081661224,0.09018471091985703,0.909815289080143,0.8373872507363558,0.8408183138817549,0.0034310631453990936,0.6578316576778889,0.6567302532494068,-0.0011014044284820557,0.5367860458791256,0.5368757732212543,8.972734212875366e-05,0.7522060461342335,0.7520133852958679,-0.0001926608383655548,False
1,REFUGE->RIM_ONE_r3,0,C1,0.001,0.852507472038269,0.0891743153333664,0.017507202923297882,0.01126855332404375,0.008537431247532368,0.5750545263290405,0.10593222081661224,0.09018471091985703,0.909815289080143,0.8373872507363558,0.8405420370399952,0.003154786303639412,0.6578316576778889,0.656816765666008,-0.0010148920118808746,0.5367860458791256,0.5368327628821135,4.671700298786163e-05,0.7522060461342335,0.7520335800945759,-0.00017246603965759277,False
1,REFUGE->RIM_ONE_r3,0,C2,0.001,1.7899632453918457,0.1336919367313385,0.017507202923297882,0.01126855332404375,0.008537431247532368,0.5750545263290405,0.10593222081661224,0.09018471091985703,0.909815289080143,0.8373872507363558,0.8378684241324663,0.00048117339611053467,0.6578316576778889,0.6576218008995056,-0.000209856778383255,0.5367860458791256,0.53683309443295,4.7048553824424744e-05,0.7522060461342335,0.7521839737892151,-2.207234501838684e-05,False
1,REFUGE->RIM_ONE_r3,0,C3,0.001,1.7529112100601196,0.18555307388305664,0.017507202923297882,0.01126855332404375,0.008537431247532368,0.5750545263290405,0.10593222081661224,0.09018471091985703,0.909815289080143,0.8373872507363558,0.8375975172966719,0.00021026656031608582,0.6578316576778889,0.6577061265707016,-0.00012553110718727112,0.5367860458791256,0.536809865385294,2.381950616836548e-05,0.7522060461342335,0.7522007375955582,-5.3085386753082275e-06,False
1,REFUGE->RIM_ONE_r3,0,C4,0.001,1.4925143718719482,0.3037072420120239,0.017507202923297882,0.01126855332404375,0.008537431247532368,0.5750545263290405,0.10593222081661224,0.09018471091985703,0.909815289080143,0.8373872507363558,0.8347146306186914,-0.002672620117664337,0.6578316576778889,0.6586334630846977,0.0008018054068088531,0.5367860458791256,0.536523787304759,-0.0002622585743665695,0.7522060461342335,0.7523351162672043,0.00012907013297080994,False
1,REFUGE->RIM_ONE_r3,0,C5,0.001,1.415709137916565,0.300386905670166,0.017507202923297882,0.01126855332404375,0.008537431247532368,0.5750545263290405,0.10593222081661224,0.09018471091985703,0.909815289080143,0.8373872507363558,0.8357921354472637,-0.001595115289092064,0.6578316576778889,0.6582869403064251,0.00045528262853622437,0.5367860458791256,0.5364830810576677,-0.00030296482145786285,0.7522060461342335,0.7523500435054302,0.00014399737119674683,False
1,REFUGE->RIM_ONE_r3,1,C0,0.001,0.4163261353969574,0.028352515771985054,0.013581190258264542,0.00477062352001667,0.010000701993703842,0.5666096210479736,0.09862765669822693,0.09018471091985703,0.909815289080143,0.8373872507363558,0.8369047679007053,-0.00048248283565044403,0.6578316576778889,0.6578478030860424,1.6145408153533936e-05,0.5367860458791256,0.536368902772665,-0.0004171431064605713,0.7522060461342335,0.7524115443229675,0.00020549818873405457,False
1,REFUGE->RIM_ONE_r3,1,C1,0.001,0.4140731692314148,0.0794520378112793,0.013581190258264542,0.00477062352001667,0.010000701993703842,0.5666096210479736,0.09862765669822693,0.09018471091985703,0.909815289080143,0.8373872507363558,0.8363406360149384,-0.001046614721417427,0.6578316576778889,0.6580300554633141,0.00019839778542518616,0.5367860458791256,0.5363487210124731,-0.0004373248666524887,0.7522060461342335,0.7524358034133911,0.00022975727915763855,False
1,REFUGE->RIM_ONE_r3,1,C2,0.001,1.0713258981704712,0.11808546632528305,0.013581190258264542,0.00477062352001667,0.010000701993703842,0.5666096210479736,0.09862765669822693,0.09018471091985703,0.909815289080143,0.8373872507363558,0.8349070530384779,-0.002480197697877884,0.6578316576778889,0.6585209704935551,0.0006893128156661987,0.5367860458791256,0.5363951586186886,-0.0003908872604370117,0.7522060461342335,0.7524705938994884,0.00026454776525497437,False
1,REFUGE->RIM_ONE_r3,1,C3,0.001,1.0942095518112183,0.16918498277664185,0.013581190258264542,0.00477062352001667,0.010000701993703842,0.5666096210479736,0.09862765669822693,0.09018471091985703,0.909815289080143,0.8373872507363558,0.834742434322834,-0.0026448164135217667,0.6578316576778889,0.658575028181076,0.0007433705031871796,0.5367860458791256,0.536402365192771,-0.00038368068635463715,0.7522060461342335,0.7524699233472347,0.0002638772130012512,False
1,REFUGE->RIM_ONE_r3,1,C4,0.001,1.2761279344558716,0.28865838050842285,0.013581190258264542,0.00477062352001667,0.010000701993703842,0.5666096210479736,0.09862765669822693,0.09018471091985703,0.909815289080143,0.8373872507363558,0.8335137777030468,-0.003873473033308983,0.6578316576778889,0.6589437797665596,0.0011121220886707306,0.5367860458791256,0.5363974552601576,-0.00038859061896800995,0.7522060461342335,0.7524411827325821,0.00023513659834861755,False
1,REFUGE->RIM_ONE_r3,1,C5,0.001,1.1015115976333618,0.2862264811992645,0.013581190258264542,0.00477062352001667,0.010000701993703842,0.5666096210479736,0.09862765669822693,0.09018471091985703,0.909815289080143,0.8373872507363558,0.8334790598601103,-0.003908190876245499,0.6578316576778889,0.6589608266949654,0.0011291690170764923,0.5367860458791256,0.536217387765646,-0.0005686581134796143,0.7522060461342335,0.7525043785572052,0.00029833242297172546,False
1,REFUGE->RIM_ONE_r3,2,C0,0.001,1.063559889793396,0.0436551533639431,0.014213476330041885,0.020475754514336586,0.008965919725596905,0.5531871914863586,0.12582099437713623,0.09018471091985703,0.909815289080143,0.8373872507363558,0.8399315886199474,0.002544337883591652,0.6578316576778889,0.6569868735969067,-0.0008447840809822083,0.5367860458791256,0.5368745028972626,8.845701813697815e-05,0.7522060461342335,0.7520055659115314,-0.00020048022270202637,False
1,REFUGE->RIM_ONE_r3,2,C1,0.001,1.0550410747528076,0.09354418516159058,0.014213476330041885,0.020475754514336586,0.008965919725596905,0.5531871914863586,0.12582099437713623,0.09018471091985703,0.909815289080143,0.8373872507363558,0.8398066777735949,0.0024194270372390747,0.6578316576778889,0.6570244766771793,-0.0008071810007095337,0.5367860458791256,0.5368555430322886,6.949715316295624e-05,0.7522060461342335,0.7520101182162762,-0.0001959279179573059,False
1,REFUGE->RIM_ONE_r3,2,C2,0.001,2.2449188232421875,0.158129021525383,0.014213476330041885,0.020475754514336586,0.008965919725596905,0.5531871914863586,0.12582099437713623,0.09018471091985703,0.909815289080143,0.8373872507363558,0.836072476580739,-0.0013147741556167603,0.6578316576778889,0.658108863979578,0.00027720630168914795,0.5367860458791256,0.5366323385387659,-0.0001537073403596878,0.7522060461342335,0.7522341087460518,2.80626118183136e-05,False
1,REFUGE->RIM_ONE_r3,2,C3,0.001,2.2588253021240234,0.20801804959774017,0.014213476330041885,0.020475754514336586,0.008965919725596905,0.5531871914863586,0.12582099437713623,0.09018471091985703,0.909815289080143,0.8373872507363558,0.8360102530568838,-0.0013769976794719696,0.6578316576778889,0.6581284515559673,0.0002967938780784607,0.5367860458791256,0.5366154368966818,-0.0001706089824438095,0.7522060461342335,0.7522415407001972,3.549456596374512e-05,False
1,REFUGE->RIM_ONE_r3,2,C4,0.001,1.6952131986618042,0.28683775663375854,0.014213476330041885,0.020475754514336586,0.008965919725596905,0.5531871914863586,0.12582099437713623,0.09018471091985703,0.909815289080143,0.8373872507363558,0.8356468286365271,-0.00174042209982872,0.6578316576778889,0.6582545675337315,0.00042290985584259033,0.5367860458791256,0.5365461073815823,-0.00023993849754333496,0.7522060461342335,0.7522185631096363,1.2516975402832031e-05,False
1,REFUGE->RIM_ONE_r3,2,C5,0.001,1.9346511363983154,0.30179110169410706,0.014213476330041885,0.020475754514336586,0.008965919725596905,0.5531871914863586,0.12582099437713623,0.09018471091985703,0.909815289080143,0.8373872507363558,0.8356268405914307,-0.0017604101449251175,0.6578316576778889,0.6582484170794487,0.0004167594015598297,0.5367860458791256,0.5364510398358107,-0.0003350060433149338,0.7522060461342335,0.7522697634994984,6.371736526489258e-05,False
1,REFUGE->RIM_ONE_r3,3,C0,0.001,1.130163550376892,0.03297436609864235,0.014403842389583588,0.01192737277597189,0.006643151398748159,0.560200572013855,0.1308944970369339,0.09018471091985703,0.909815289080143,0.8373872507363558,0.8352976739406586,-0.0020895767956972122,0.6578316576778889,0.658367570489645,0.000535912811756134,0.5367860458791256,0.5364477261900902,-0.00033831968903541565,0.7522060461342335,0.7524902895092964,0.0002842433750629425,False
1,REFUGE->RIM_ONE_r3,3,C1,0.001,1.1695034503936768,0.08349589258432388,0.014403842389583588,0.01192737277597189,0.006643151398748159,0.560200572013855,0.1308944970369339,0.09018471091985703,0.909815289080143,0.8373872507363558,0.8350967280566692,-0.0022905226796865463,0.6578316576778889,0.6584318652749062,0.0006002075970172882,0.5367860458791256,0.5364252775907516,-0.00036076828837394714,0.7522060461342335,0.7524963282048702,0.00029028207063674927,False
1,REFUGE->RIM_ONE_r3,3,C2,0.001,2.811833381652832,0.15206418931484222,0.014403842389583588,0.01192737277597189,0.006643151398748159,0.560200572013855,0.1308944970369339,0.09018471091985703,0.909815289080143,0.8373872507363558,0.8359357584267855,-0.0014514923095703125,0.6578316576778889,0.6581866331398487,0.00035497546195983887,0.5367860458791256,0.5367403794080019,-4.5666471123695374e-05,0.7522060461342335,0.7523156479001045,0.00010960176587104797,False
1,REFUGE->RIM_ONE_r3,3,C3,0.001,2.849893569946289,0.20258571207523346,0.014403842389583588,0.01192737277597189,0.006643151398748159,0.560200572013855,0.1308944970369339,0.09018471091985703,0.909815289080143,0.8373872507363558,0.8358512464910746,-0.0015360042452812195,0.6578316576778889,0.6582125723361969,0.0003809146583080292,0.5367860458791256,0.5367323327809572,-5.371309816837311e-05,0.7522060461342335,0.752317551523447,0.00011150538921356201,False
1,REFUGE->RIM_ONE_r3,3,C4,0.001,2.5338613986968994,0.2835098206996918,0.014403842389583588,0.01192737277597189,0.006643151398748159,0.560200572013855,0.1308944970369339,0.09018471091985703,0.909815289080143,0.8373872507363558,0.8342700432986021,-0.0031172074377536774,0.6578316576778889,0.6586982049047947,0.0008665472269058228,0.5367860458791256,0.5366795118898153,-0.00010653398931026459,0.7522060461342335,0.7523145899176598,0.00010854378342628479,False
1,REFUGE->RIM_ONE_r3,3,C5,0.001,2.430396318435669,0.3009417653083801,0.014403842389583588,0.01192737277597189,0.006643151398748159,0.560200572013855,0.1308944970369339,0.09018471091985703,0.909815289080143,0.8373872507363558,0.8345842026174068,-0.0028030481189489365,0.6578316576778889,0.6586002223193645,0.0007685646414756775,0.5367860458791256,0.5365486200898886,-0.0002374257892370224,0.7522060461342335,0.7523860298097134,0.00017998367547988892,False
1,REFUGE->RIM_ONE_r3,4,C0,0.001,0.5889346599578857,0.021725784987211227,0.01260831393301487,0.0025165516417473555,0.006600918248295784,0.5676178932189941,0.0560469925403595,0.09018471091985703,0.909815289080143,0.8373872507363558,0.8382471650838852,0.0008599143475294113,0.6578316576778889,0.6576183252036572,-0.00021333247423171997,0.5367860458791256,0.5360128823667765,-0.0007731635123491287,0.7522060461342335,0.7525327354669571,0.00032668933272361755,False
1,REFUGE->RIM_ONE_r3,4,C1,0.001,0.6038705706596375,0.07291623950004578,0.01260831393301487,0.0025165516417473555,0.006600918248295784,0.5676178932189941,0.0560469925403595,0.09018471091985703,0.909815289080143,0.8373872507363558,0.8379666320979595,0.0005793813616037369,0.6578316576778889,0.657705795019865,-0.00012586265802383423,0.5367860458791256,0.5358264520764351,-0.000959593802690506,0.7522060461342335,0.7526056617498398,0.000399615615606308,False
1,REFUGE->RIM_ONE_r3,4,C2,0.001,1.8337600231170654,0.07271819561719894,0.01260831393301487,0.0025165516417473555,0.006600918248295784,0.5676178932189941,0.0560469925403595,0.09018471091985703,0.909815289080143,0.8373872507363558,0.8362380973994732,-0.0011491533368825912,0.6578316576778889,0.6581511311233044,0.0003194734454154968,0.5367860458791256,0.535576468333602,-0.0012095775455236435,0.7522060461342335,0.7527418732643127,0.0005358271300792694,False
1,REFUGE->RIM_ONE_r3,4,C3,0.001,1.8885412216186523,0.12390865385532379,0.01260831393301487,0.0025165516417473555,0.006600918248295784,0.5676178932189941,0.0560469925403595,0.09018471091985703,0.909815289080143,0.8373872507363558,0.8361837863922119,-0.0012034643441438675,0.6578316576778889,0.658169262111187,0.00033760443329811096,0.5367860458791256,0.5355502814054489,-0.0012357644736766815,0.7522060461342335,0.7527487650513649,0.000542718917131424,False
1,REFUGE->RIM_ONE_r3,4,C4,0.001,2.1026737689971924,0.24837063252925873,0.01260831393301487,0.0025165516417473555,0.006600918248295784,0.5676178932189941,0.0560469925403595,0.09018471091985703,0.909815289080143,0.8373872507363558,0.8354942463338375,-0.0018930044025182724,0.6578316576778889,0.658431138843298,0.0005994811654090881,0.5367860458791256,0.5352905280888081,-0.0014955177903175354,0.7522060461342335,0.7528128400444984,0.0006067939102649689,False
1,REFUGE->RIM_ONE_r3,4,C5,0.001,2.1785888671875,0.25593969225883484,0.01260831393301487,0.0025165516417473555,0.006600918248295784,0.5676178932189941,0.0560469925403595,0.09018471091985703,0.909815289080143,0.8373872507363558,0.8360893856734037,-0.0012978650629520416,0.6578316576778889,0.6582359112799168,0.00040425360202789307,0.5367860458791256,0.5353764519095421,-0.0014095939695835114,0.7522060461342335,0.7527685612440109,0.0005625151097774506,False
1,REFUGE->RIM_ONE_r3,5,C0,0.001,0.30955973267555237,0.024788912385702133,0.015343218110501766,0.002628512214869261,0.006817182991653681,0.5466861724853516,0.097492516040802,0.09018471091985703,0.909815289080143,0.8373872507363558,0.8374801091849804,9.28584486246109e-05,0.6578316576778889,0.6577112749218941,-0.00012038275599479675,0.5367860458791256,0.5370705761015415,0.00028453022241592407,0.7522060461342335,0.7521654106676579,-4.063546657562256e-05,False
1,REFUGE->RIM_ONE_r3,5,C1,0.001,0.3149251639842987,0.07409164309501648,0.015343218110501766,0.002628512214869261,0.006817182991653681,0.5466861724853516,0.097492516040802,0.09018471091985703,0.909815289080143,0.8373872507363558,0.836964912712574,-0.00042233802378177643,0.6578316576778889,0.6578718721866608,4.021450877189636e-05,0.5367860458791256,0.536944605410099,0.00015855953097343445,0.7522060461342335,0.7522142231464386,8.177012205123901e-06,False
1,REFUGE->RIM_ONE_r3,5,C2,0.001,1.1012825965881348,0.11348909139633179,0.015343218110501766,0.002628512214869261,0.006817182991653681,0.5466861724853516,0.097492516040802,0.09018471091985703,0.909815289080143,0.8373872507363558,0.8360099550336599,-0.0013772957026958466,0.6578316576778889,0.6581766977906227,0.00034504011273384094,0.5367860458791256,0.5364909842610359,-0.0002950616180896759,0.7522060461342335,0.7523828446865082,0.00017679855227470398,False
1,REFUGE->RIM_ONE_r3,5,C3,0.001,1.1098278760910034,0.16279181838035583,0.015343218110501766,0.002628512214869261,0.006817182991653681,0.5466861724853516,0.097492516040802,0.09018471091985703,0.909815289080143,0.8373872507363558,0.8358661346137524,-0.0015211161226034164,0.6578316576778889,0.658224031329155,0.000392373651266098,0.5367860458791256,0.53645951859653,-0.00032652728259563446,0.7522060461342335,0.752394787967205,0.00018874183297157288,False
1,REFUGE->RIM_ONE_r3,5,C4,0.001,1.3376572132110596,0.257231742143631,0.015343218110501766,0.002628512214869261,0.006817182991653681,0.5466861724853516,0.097492516040802,0.09018471091985703,0.909815289080143,0.8373872507363558,0.8337206430733204,-0.0036666076630353928,0.6578316576778889,0.6588903553783894,0.0010586977005004883,0.5367860458791256,0.5360095500946045,-0.0007764957845211029,0.7522060461342335,0.7525775209069252,0.0003714747726917267,False
1,REFUGE->RIM_ONE_r3,5,C5,0.001,1.0602600574493408,0.2628839612007141,0.015343218110501766,0.002628512214869261,0.006817182991653681,0.5466861724853516,0.097492516040802,0.09018471091985703,0.909815289080143,0.8373872507363558,0.8343397006392479,-0.0030475500971078873,0.6578316576778889,0.6586859300732613,0.0008542723953723907,0.5367860458791256,0.5361411664634943,-0.0006448794156312943,0.7522060461342335,0.7524898871779442,0.0002838410437107086,False
1,REFUGE->RIM_ONE_r3,6,C0,0.001,0.3692477345466614,0.025491988286376,0.014493399299681187,0.004085729364305735,0.006912859622389078,0.5479462742805481,0.12130081653594971,0.09018471091985703,0.909815289080143,0.8373872507363558,0.8344364184886217,-0.00295083224773407,0.6578316576778889,0.658756822347641,0.000925164669752121,0.5367860458791256,0.5371467228978872,0.0003606770187616348,0.7522060461342335,0.7519843839108944,-0.0002216622233390808,False
1,REFUGE->RIM_ONE_r3,6,C1,0.001,0.3818301558494568,0.07490836828947067,0.014493399299681187,0.004085729364305735,0.006912859622389078,0.5479462742805481,0.12130081653594971,0.09018471091985703,0.909815289080143,0.8373872507363558,0.8342447895556688,-0.0031424611806869507,0.6578316576778889,0.6588150709867477,0.0009834133088588715,0.5367860458791256,0.5371020212769508,0.0003159753978252411,0.7522060461342335,0.7520053349435329,-0.000200711190700531,False
1,REFUGE->RIM_ONE_r3,6,C2,0.001,1.4477342367172241,0.13585332036018372,0.014493399299681187,0.004085729364305735,0.006912859622389078,0.5479462742805481,0.12130081653594971,0.09018471091985703,0.909815289080143,0.8373872507363558,0.8344234861433506,-0.0029637645930051804,0.6578316576778889,0.6586903817951679,0.0008587241172790527,0.5367860458791256,0.5368821937590837,9.614787995815277e-05,0.7522060461342335,0.7522092014551163,3.155320882797241e-06,False
1,REFUGE->RIM_ONE_r3,6,C3,0.001,1.470572829246521,0.18526971340179443,0.014493399299681187,0.004085729364305735,0.006912859622389078,0.5479462742805481,0.12130081653594971,0.09018471091985703,0.909815289080143,0.8373872507363558,0.8343890979886055,-0.0029981527477502823,0.6578316576778889,0.6587015651166439,0.0008699074387550354,0.5367860458791256,0.5368689931929111,8.294731378555298e-05,0.7522060461342335,0.7522149682044983,8.922070264816284e-06,False
1,REFUGE->RIM_ONE_r3,6,C4,0.001,1.709367275238037,0.26978805661201477,0.014493399299681187,0.004085729364305735,0.006912859622389078,0.5479462742805481,0.12130081653594971,0.09018471091985703,0.909815289080143,0.8373872507363558,0.8335014563053846,-0.0038857944309711456,0.6578316576778889,0.6589497178792953,0.0011180602014064789,0.5367860458791256,0.5366358160972595,-0.0001502297818660736,0.7522060461342335,0.7523078434169292,0.00010179728269577026,False
1,REFUGE->RIM_ONE_r3,6,C5,0.001,1.424446940422058,0.27830687165260315,0.014493399299681187,0.004085729364305735,0.006912859622389078,0.5479462742805481,0.12130081653594971,0.09018471091985703,0.909815289080143,0.8373872507363558,0.8335963115096092,-0.003790939226746559,0.6578316576778889,0.6589244455099106,0.0010927878320217133,0.5367860458791256,0.5366151370108128,-0.0001709088683128357,0.7522060461342335,0.7523004822432995,9.443610906600952e-05,False
1,REFUGE->RIM_ONE_r3,7,C0,0.001,0.3193642795085907,0.026470350101590157,0.011678773909807205,0.007497136015444994,0.007294441107660532,0.5918325185775757,0.12811735272407532,0.09018471091985703,0.909815289080143,0.8373872507363558,0.836857495829463,-0.0005297549068927765,0.6578316576778889,0.6581240594387054,0.0002924017608165741,0.5367860458791256,0.5368876196444035,0.00010157376527786255,0.7522060461342335,0.7522191852331161,1.3139098882675171e-05,False
1,REFUGE->RIM_ONE_r3,7,C1,0.001,0.3186207413673401,0.07984459400177002,0.011678773909807205,0.007497136015444994,0.007294441107660532,0.5918325185775757,0.12811735272407532,0.09018471091985703,0.909815289080143,0.8373872507363558,0.8369353469461203,-0.0004519037902355194,0.6578316576778889,0.6581158526241779,0.0002841949462890625,0.5367860458791256,0.5367833133786917,-2.732500433921814e-06,0.7522060461342335,0.7522555105388165,4.9464404582977295e-05,False
1,REFUGE->RIM_ONE_r3,7,C2,0.001,2.8520147800445557,0.1430334746837616,0.011678773909807205,0.007497136015444994,0.007294441107660532,0.5918325185775757,0.12811735272407532,0.09018471091985703,0.909815289080143,0.8373872507363558,0.8356272578239441,-0.0017599929124116898,0.6578316576778889,0.6583296209573746,0.0004979632794857025,0.5367860458791256,0.5371660068631172,0.0003799609839916229,0.7522060461342335,0.7520764991641045,-0.00012954697012901306,False
1,REFUGE->RIM_ONE_r3,7,C3,0.001,2.886857748031616,0.1964077204465866,0.011678773909807205,0.007497136015444994,0.007294441107660532,0.5918325185775757,0.12811735272407532,0.09018471091985703,0.909815289080143,0.8373872507363558,0.8356535416096449,-0.0017337091267108917,0.6578316576778889,0.6583251245319843,0.000493466854095459,0.5367860458791256,0.537155844271183,0.0003697983920574188,0.7522060461342335,0.7520782873034477,-0.00012775883078575134,False
1,REFUGE->RIM_ONE_r3,7,C4,0.001,2.081746816635132,0.31906217336654663,0.011678773909807205,0.007497136015444994,0.007294441107660532,0.5918325185775757,0.12811735272407532,0.09018471091985703,0.909815289080143,0.8373872507363558,0.836778050288558,-0.0006092004477977753,0.6578316576778889,0.658039964735508,0.00020830705761909485,0.5367860458791256,0.5365391373634338,-0.0002469085156917572,0.7522060461342335,0.7523139752447605,0.00010792911052703857,False
1,REFUGE->RIM_ONE_r3,7,C5,0.001,2.385183572769165,0.32290810346603394,0.011678773909807205,0.007497136015444994,0.007294441107660532,0.5918325185775757,0.12811735272407532,0.09018471091985703,0.909815289080143,0.8373872507363558,0.8366482239216566,-0.000739026814699173,0.6578316576778889,0.6580622233450413,0.00023056566715240479,0.5367860458791256,0.5367971248924732,1.1079013347625732e-05,0.7522060461342335,0.752186007797718,-2.0038336515426636e-05,False
1,REFUGE->RIM_ONE_r3,8,C0,0.001,0.47212281823158264,0.027276765555143356,0.017310895025730133,0.003683941438794136,0.006281929090619087,0.594340980052948,0.1293247938156128,0.09018471091985703,0.909815289080143,0.8373872507363558,0.8355982284992933,-0.0017890222370624542,0.6578316576778889,0.658356498926878,0.0005248412489891052,0.5367860458791256,0.5362394042313099,-0.0005466416478157043,0.7522060461342335,0.7525388039648533,0.000332757830619812,False
1,REFUGE->RIM_ONE_r3,8,C1,0.001,0.45667123794555664,0.08087722957134247,0.017310895025730133,0.003683941438794136,0.006281929090619087,0.594340980052948,0.1293247938156128,0.09018471091985703,0.909815289080143,0.8373872507363558,0.8351633902639151,-0.0022238604724407196,0.6578316576778889,0.6585076451301575,0.0006759874522686005,0.5367860458791256,0.5361715741455555,-0.0006144717335700989,0.7522060461342335,0.7525503598153591,0.00034431368112564087,False
1,REFUGE->RIM_ONE_r3,8,C2,0.001,1.6414945125579834,0.14493843913078308,0.017310895025730133,0.003683941438794136,0.006281929090619087,0.594340980052948,0.1293247938156128,0.09018471091985703,0.909815289080143,0.8373872507363558,0.8353443369269371,-0.0020429138094186783,0.6578316576778889,0.6584401205182076,0.0006084628403186798,0.5367860458791256,0.5369435306638479,0.00015748478472232819,0.7522060461342335,0.7522309869527817,2.4940818548202515e-05,False
1,REFUGE->RIM_ONE_r3,8,C3,0.001,1.6345232725143433,0.1985388994216919,0.017310895025730133,0.003683941438794136,0.006281929090619087,0.594340980052948,0.1293247938156128,0.09018471091985703,0.909815289080143,0.8373872507363558,0.8352344334125519,-0.0021528173238039017,0.6578316576778889,0.6584813706576824,0.0006497129797935486,0.5367860458791256,0.5369441341608763,0.00015808828175067902,0.7522060461342335,0.7522231489419937,1.7102807760238647e-05,False
1,REFUGE->RIM_ONE_r3,8,C4,0.001,1.5307875871658325,0.30052274465560913,0.017310895025730133,0.003683941438794136,0.006281929090619087,0.594340980052948,0.1293247938156128,0.09018471091985703,0.909815289080143,0.8373872507363558,0.8347196225076914,-0.002667628228664398,0.6578316576778889,0.6587158292531967,0.0008841715753078461,0.5367860458791256,0.5364890694618225,-0.00029697641730308533,0.7522060461342335,0.7522530853748322,4.703924059867859e-05,False
1,REFUGE->RIM_ONE_r3,8,C5,0.001,1.310530662536621,0.3053315281867981,0.017310895025730133,0.003683941438794136,0.006281929090619087,0.594340980052948,0.1293247938156128,0.09018471091985703,0.909815289080143,0.8373872507363558,0.833786852657795,-0.003600398078560829,0.6578316576778889,0.6589535996317863,0.0011219419538974762,0.5367860458791256,0.536615489050746,-0.00017055682837963104,0.7522060461342335,0.7522812746465206,7.522851228713989e-05,False
1,REFUGE->RIM_ONE_r3,9,C0,0.001,0.5116010308265686,0.023558449000120163,0.0131971575319767,0.004670781549066305,0.005690508522093296,0.5420522689819336,0.10872077941894531,0.09018471091985703,0.909815289080143,0.8373872507363558,0.8371334988623857,-0.00025375187397003174,0.6578316576778889,0.65779609978199,-3.555789589881897e-05,0.5367860458791256,0.536427142098546,-0.00035890378057956696,0.7522060461342335,0.7524876445531845,0.00028159841895103455,False
1,REFUGE->RIM_ONE_r3,9,C1,0.001,0.5133256316184998,0.07244327664375305,0.0131971575319767,0.004670781549066305,0.005690508522093296,0.5420522689819336,0.10872077941894531,0.09018471091985703,0.909815289080143,0.8373872507363558,0.8365934547036886,-0.00079379603266716,0.6578316576778889,0.6579610034823418,0.00012934580445289612,0.5367860458791256,0.5363934431225061,-0.00039260275661945343,0.7522060461342335,0.7525043152272701,0.0002982690930366516,False
1,REFUGE->RIM_ONE_r3,9,C2,0.001,1.451741099357605,0.12247428297996521,0.0131971575319767,0.004670781549066305,0.005690508522093296,0.5420522689819336,0.10872077941894531,0.09018471091985703,0.909815289080143,0.8373872507363558,0.8352898992598057,-0.0020973514765501022,0.6578316576778889,0.6584128551185131,0.0005811974406242371,0.5367860458791256,0.536759639158845,-2.6406720280647278e-05,0.7522060461342335,0.7522742971777916,6.825104355812073e-05,False
1,REFUGE->RIM_ONE_r3,9,C3,0.001,1.4888811111450195,0.1713591068983078,0.0131971575319767,0.004670781549066305,0.005690508522093296,0.5420522689819336,0.10872077941894531,0.09018471091985703,0.909815289080143,0.8373872507363558,0.8351644575595856,-0.0022227931767702103,0.6578316576778889,0.6584522277116776,0.000620570033788681,0.5367860458791256,0.5367510002106428,-3.5045668482780457e-05,0.7522060461342335,0.7522771470248699,7.110089063644409e-05,False
1,REFUGE->RIM_ONE_r3,9,C4,0.001,1.6986063718795776,0.25279009342193604,0.0131971575319767,0.004670781549066305,0.005690508522093296,0.5420522689819336,0.10872077941894531,0.09018471091985703,0.909815289080143,0.8373872507363558,0.8334639053791761,-0.003923345357179642,0.6578316576778889,0.658947616815567,0.0011159591376781464,0.5367860458791256,0.5365898422896862,-0.0001962035894393921,0.7522060461342335,0.7523291930556297,0.0001231469213962555,False
1,REFUGE->RIM_ONE_r3,9,C5,0.001,1.4692752361297607,0.2639540731906891,0.0131971575319767,0.004670781549066305,0.005690508522093296,0.5420522689819336,0.10872077941894531,0.09018471091985703,0.909815289080143,0.8373872507363558,0.833706758916378,-0.0036804918199777603,0.6578316576778889,0.658866323530674,0.0010346658527851105,0.5367860458791256,0.5365001726895571,-0.0002858731895685196,0.7522060461342335,0.7523882389068604,0.00018219277262687683,False
1,REFUGE->RIM_ONE_r3,10,C0,0.001,0.42445969581604004,0.023826589807868004,0.014365111477673054,0.00267049134708941,0.006790986284613609,0.544040858745575,0.06465951353311539,0.09018471091985703,0.909815289080143,0.8373872507363558,0.835788307711482,-0.0015989430248737335,0.6578316576778889,0.6582291014492512,0.0003974437713623047,0.5367860458791256,0.5367336925119162,-5.235336720943451e-05,0.7522060461342335,0.7521794736385345,-2.6572495698928833e-05,False
1,REFUGE->RIM_ONE_r3,10,C1,0.001,0.42845502495765686,0.0728907585144043,0.014365111477673054,0.00267049134708941,0.006790986284613609,0.544040858745575,0.06465951353311539,0.09018471091985703,0.909815289080143,0.8373872507363558,0.835610456764698,-0.001776793971657753,0.6578316576778889,0.6582924425601959,0.0004607848823070526,0.5367860458791256,0.5366896502673626,-9.639561176300049e-05,0.7522060461342335,0.7521994113922119,-6.634742021560669e-06,False
1,REFUGE->RIM_ONE_r3,10,C2,0.001,0.9019795060157776,0.08265480399131775,0.014365111477673054,0.00267049134708941,0.006790986284613609,0.544040858745575,0.06465951353311539,0.09018471091985703,0.909815289080143,0.8373872507363558,0.8355174232274294,-0.0018698275089263916,0.6578316576778889,0.6582896932959557,0.0004580356180667877,0.5367860458791256,0.5367929954081774,6.949529051780701e-06,0.7522060461342335,0.7522516027092934,4.555657505989075e-05,False
1,REFUGE->RIM_ONE_r3,10,C3,0.001,0.9023893475532532,0.1317189782857895,0.014365111477673054,0.00267049134708941,0.006790986284613609,0.544040858745575,0.06465951353311539,0.09018471091985703,0.909815289080143,0.8373872507363558,0.8354321792721748,-0.0019550714641809464,0.6578316576778889,0.6583202295005322,0.00048857182264328,0.5367860458791256,0.5367675144225359,-1.853145658969879e-05,0.7522060461342335,0.7522628270089626,5.6780874729156494e-05,False
1,REFUGE->RIM_ONE_r3,10,C4,0.001,0.9407551884651184,0.2348489612340927,0.014365111477673054,0.00267049134708941,0.006790986284613609,0.544040858745575,0.06465951353311539,0.09018471091985703,0.909815289080143,0.8373872507363558,0.8338700383901596,-0.0035172123461961746,0.6578316576778889,0.6588600724935532,0.0010284148156642914,0.5367860458791256,0.5362863931804895,-0.000499652698636055,0.7522060461342335,0.752456795424223,0.00025074928998947144,False
1,REFUGE->RIM_ONE_r3,10,C5,0.001,0.831615149974823,0.24298253655433655,0.014365111477673054,0.00267049134708941,0.006790986284613609,0.544040858745575,0.06465951353311539,0.09018471091985703,0.909815289080143,0.8373872507363558,0.834163274616003,-0.003223976120352745,0.6578316576778889,0.6587259024381638,0.0008942447602748871,0.5367860458791256,0.5362219903618097,-0.0005640555173158646,0.7522060461342335,0.7524614594876766,0.00025541335344314575,False
1,REFUGE->RIM_ONE_r3,11,C0,0.001,1.465916633605957,0.03183415159583092,0.014304982498288155,0.010139965452253819,0.00738920271396637,0.5819191336631775,0.12635333836078644,0.09018471091985703,0.909815289080143,0.8373872507363558,0.8351170420646667,-0.0022702086716890335,0.6578316576778889,0.6584697216749191,0.0006380639970302582,0.5367860458791256,0.536840258166194,5.4212287068367004e-05,0.7522060461342335,0.7523358315229416,0.00012978538870811462,False
1,REFUGE->RIM_ONE_r3,11,C1,0.001,1.4700357913970947,0.08431436121463776,0.014304982498288155,0.010139965452253819,0.00738920271396637,0.5819191336631775,0.12635333836078644,0.09018471091985703,0.909815289080143,0.8373872507363558,0.8348293974995613,-0.0025578532367944717,0.6578316576778889,0.6585592590272427,0.0007276013493537903,0.5367860458791256,0.5368162170052528,3.0171126127243042e-05,0.7522060461342335,0.7523446455597878,0.0001385994255542755,False
1,REFUGE->RIM_ONE_r3,11,C2,0.001,2.1793689727783203,0.14679235219955444,0.014304982498288155,0.010139965452253819,0.00738920271396637,0.5819191336631775,0.12635333836078644,0.09018471091985703,0.909815289080143,0.8373872507363558,0.8354975394904613,-0.001889711245894432,0.6578316576778889,0.6583321914076805,0.0005005337297916412,0.5367860458791256,0.5367902871221304,4.241243004798889e-06,0.7522060461342335,0.7523435615003109,0.0001375153660774231,False
1,REFUGE->RIM_ONE_r3,11,C3,0.001,2.1884210109710693,0.19927257299423218,0.014304982498288155,0.010139965452253819,0.00738920271396637,0.5819191336631775,0.12635333836078644,0.09018471091985703,0.909815289080143,0.8373872507363558,0.835312407463789,-0.0020748432725667953,0.6578316576778889,0.6583916246891022,0.0005599670112133026,0.5367860458791256,0.5367737580090761,-1.2287870049476624e-05,0.7522060461342335,0.7523487657308578,0.0001427195966243744,False
1,REFUGE->RIM_ONE_r3,11,C4,0.001,2.164917469024658,0.30047592520713806,0.014304982498288155,0.010139965452253819,0.00738920271396637,0.5819191336631775,0.12635333836078644,0.09018471091985703,0.909815289080143,0.8373872507363558,0.8330004122108221,-0.004386838525533676,0.6578316576778889,0.6591098941862583,0.0012782365083694458,0.5367860458791256,0.5366562977433205,-0.00012974813580513,0.7522060461342335,0.7523587010800838,0.00015265494585037231,False
1,REFUGE->RIM_ONE_r3,11,C5,0.001,2.040673017501831,0.30646032094955444,0.014304982498288155,0.010139965452253819,0.00738920271396637,0.5819191336631775,0.12635333836078644,0.09018471091985703,0.909815289080143,0.8373872507363558,0.8333564437925816,-0.004030806943774223,0.6578316576778889,0.6589968986809254,0.001165241003036499,0.5367860458791256,0.5365827139467001,-0.00020333193242549896,0.7522060461342335,0.7524055652320385,0.0001995190978050232,False
1,REFUGE->RIM_ONE_r3,12,C0,0.001,0.7639033794403076,0.029290001839399338,0.012199850752949715,0.009219028055667877,0.007871122099459171,0.5435491800308228,0.08473052829504013,0.09018471091985703,0.909815289080143,0.8373872507363558,0.8334398381412029,-0.003947412595152855,0.6578316576778889,0.6591047123074532,0.0012730546295642853,0.5367860458791256,0.5364229250699282,-0.00036312080919742584,0.7522060461342335,0.7523661591112614,0.00016011297702789307,False
1,REFUGE->RIM_ONE_r3,12,C1,0.001,0.7767691016197205,0.07830982655286789,0.012199850752949715,0.009219028055667877,0.007871122099459171,0.5435491800308228,0.08473052829504013,0.09018471091985703,0.909815289080143,0.8373872507363558,0.8334124926477671,-0.003974758088588715,0.6578316576778889,0.6591166667640209,0.0012850090861320496,0.5367860458791256,0.5364425182342529,-0.0003435276448726654,0.7522060461342335,0.7523554041981697,0.00014935806393623352,False
1,REFUGE->RIM_ONE_r3,12,C2,0.001,1.4481843709945679,0.10637913644313812,0.012199850752949715,0.009219028055667877,0.007871122099459171,0.5435491800308228,0.08473052829504013,0.09018471091985703,0.909815289080143,0.8373872507363558,0.8337219431996346,-0.0036653075367212296,0.6578316576778889,0.6589549705386162,0.0011233128607273102,0.5367860458791256,0.5364157538861036,-0.000370291993021965,0.7522060461342335,0.752361785620451,0.00015573948621749878,False
1,REFUGE->RIM_ONE_r3,12,C3,0.001,1.4577703475952148,0.15539896488189697,0.012199850752949715,0.009219028055667877,0.007871122099459171,0.5435491800308228,0.08473052829504013,0.09018471091985703,0.909815289080143,0.8373872507363558,0.8337063733488321,-0.003680877387523651,0.6578316576778889,0.658960584551096,0.0011289268732070923,0.5367860458791256,0.5364208370447159,-0.00036520883440971375,0.7522060461342335,0.7523595988750458,0.00015355274081230164,False
1,REFUGE->RIM_ONE_r3,12,C4,0.001,1.654244065284729,0.2541530728340149,0.012199850752949715,0.009219028055667877,0.007871122099459171,0.5435491800308228,0.08473052829504013,0.09018471091985703,0.909815289080143,0.8373872507363558,0.8328140359371901,-0.004573214799165726,0.6578316576778889,0.6592196859419346,0.0013880282640457153,0.5367860458791256,0.5363859906792641,-0.0004000551998615265,0.7522060461342335,0.7523863576352596,0.00018031150102615356,False
1,REFUGE->RIM_ONE_r3,12,C5,0.001,1.6472588777542114,0.26341286301612854,0.012199850752949715,0.009219028055667877,0.007871122099459171,0.5435491800308228,0.08473052829504013,0.09018471091985703,0.909815289080143,0.8373872507363558,0.8332146294414997,-0.0041726212948560715,0.6578316576778889,0.6591015458106995,0.0012698881328105927,0.5367860458791256,0.5364611819386482,-0.0003248639404773712,0.7522060461342335,0.7523088976740837,0.00010285153985023499,False
1,REFUGE->RIM_ONE_r3,13,C0,0.001,0.5634509325027466,0.0304596908390522,0.01434757374227047,0.005014023743569851,0.01109809335321188,0.5806421041488647,0.09883834421634674,0.09018471091985703,0.909815289080143,0.8373872507363558,0.8354568425565958,-0.0019304081797599792,0.6578316576778889,0.6584119871258736,0.0005803294479846954,0.5367860458791256,0.5369318258017302,0.00014577992260456085,0.7522060461342335,0.7521514929831028,-5.455315113067627e-05,False
1,REFUGE->RIM_ONE_r3,13,C1,0.001,0.5574150681495667,0.08282472938299179,0.01434757374227047,0.005014023743569851,0.01109809335321188,0.5806421041488647,0.09883834421634674,0.09018471091985703,0.909815289080143,0.8373872507363558,0.835108507424593,-0.0022787433117628098,0.6578316576778889,0.6585307195782661,0.0006990619003772736,0.5367860458791256,0.5365492384880781,-0.00023680739104747772,0.7522060461342335,0.7523296251893044,0.00012357905507087708,False
1,REFUGE->RIM_ONE_r3,13,C2,0.001,2.1203455924987793,0.1203843355178833,0.01434757374227047,0.005014023743569851,0.01109809335321188,0.5806421041488647,0.09883834421634674,0.09018471091985703,0.909815289080143,0.8373872507363558,0.8358021415770054,-0.0015851091593503952,0.6578316576778889,0.6582470238208771,0.00041536614298820496,0.5367860458791256,0.5361137334257364,-0.0006723124533891678,0.7522060461342335,0.7525870949029922,0.0003810487687587738,False
1,REFUGE->RIM_ONE_r3,13,C3,0.001,2.1993002891540527,0.1727493703365326,0.01434757374227047,0.005014023743569851,0.01109809335321188,0.5806421041488647,0.09883834421634674,0.09018471091985703,0.909815289080143,0.8373872507363558,0.8357682358473539,-0.0016190148890018463,0.6578316576778889,0.658263199031353,0.0004315413534641266,0.5367860458791256,0.5360406916588545,-0.0007453542202711105,0.7522060461342335,0.7526204213500023,0.0004143752157688141,False
1,REFUGE->RIM_ONE_r3,13,C4,0.001,2.375641345977783,0.29701656103134155,0.01434757374227047,0.005014023743569851,0.01109809335321188,0.5806421041488647,0.09883834421634674,0.09018471091985703,0.909815289080143,0.8373872507363558,0.8350223526358604,-0.0023648981004953384,0.6578316576778889,0.6585444360971451,0.0007127784192562103,0.5367860458791256,0.535775687545538,-0.0010103583335876465,0.7522060461342335,0.752705879509449,0.0004998333752155304,False
1,REFUGE->RIM_ONE_r3,13,C5,0.001,2.1976113319396973,0.2961726784706116,0.01434757374227047,0.005014023743569851,0.01109809335321188,0.5806421041488647,0.09883834421634674,0.09018471091985703,0.909815289080143,0.8373872507363558,0.8351474814116955,-0.002239769324660301,0.6578316576778889,0.6584968939423561,0.0006652362644672394,0.5367860458791256,0.5356984734535217,-0.0010875724256038666,0.7522060461342335,0.7527467422187328,0.0005406960844993591,False
1,REFUGE->RIM_ONE_r3,14,C0,0.001,0.5661728382110596,0.025556426495313644,0.014718799851834774,0.005122951697558165,0.005714674945920706,0.5490090847015381,0.09711658954620361,0.09018471091985703,0.909815289080143,0.8373872507363558,0.8340524099767208,-0.0033348407596349716,0.6578316576778889,0.658898115158081,0.0010664574801921844,0.5367860458791256,0.536594906821847,-0.00019113905727863312,0.7522060461342335,0.7523911446332932,0.00018509849905967712,False
1,REFUGE->RIM_ONE_r3,14,C1,0.001,0.5903602838516235,0.0750686526298523,0.014718799851834774,0.005122951697558165,0.005714674945920706,0.5490090847015381,0.09711658954620361,0.09018471091985703,0.909815289080143,0.8373872507363558,0.8338661510497332,-0.0035210996866226196,0.6578316576778889,0.658955343067646,0.0011236853897571564,0.5367860458791256,0.5365544278174639,-0.00023161806166172028,0.7522060461342335,0.7524031065404415,0.00019706040620803833,False
1,REFUGE->RIM_ONE_r3,14,C2,0.001,1.4575062990188599,0.1139145940542221,0.014718799851834774,0.005122951697558165,0.005714674945920706,0.5490090847015381,0.09711658954620361,0.09018471091985703,0.909815289080143,0.8373872507363558,0.8346902057528496,-0.0026970449835062027,0.6578316576778889,0.6586216278374195,0.0007899701595306396,0.5367860458791256,0.5371764712035656,0.00039042532444000244,0.7522060461342335,0.7520736828446388,-0.00013236328959465027,False
1,REFUGE->RIM_ONE_r3,14,C3,0.001,1.4837067127227783,0.16342681646347046,0.014718799851834774,0.005122951697558165,0.005714674945920706,0.5490090847015381,0.09711658954620361,0.09018471091985703,0.909815289080143,0.8373872507363558,0.834598783403635,-0.0027884673327207565,0.6578316576778889,0.6586517207324505,0.000820063054561615,0.5367860458791256,0.5371497087180614,0.00036366283893585205,0.7522060461342335,0.7520859651267529,-0.00012008100748062134,False
1,REFUGE->RIM_ONE_r3,14,C4,0.001,1.545451283454895,0.24889737367630005,0.014718799851834774,0.005122951697558165,0.005714674945920706,0.5490090847015381,0.09711658954620361,0.09018471091985703,0.909815289080143,0.8373872507363558,0.8335117865353823,-0.0038754642009735107,0.6578316576778889,0.6590099260210991,0.0011782683432102203,0.5367860458791256,0.5368396155536175,5.3569674491882324e-05,0.7522060461342335,0.7522126287221909,6.582587957382202e-06,False
1,REFUGE->RIM_ONE_r3,14,C5,0.001,1.3711007833480835,0.26533734798431396,0.014718799851834774,0.005122951697558165,0.005714674945920706,0.5490090847015381,0.09711658954620361,0.09018471091985703,0.909815289080143,0.8373872507363558,0.8334693070501089,-0.003917943686246872,0.6578316576778889,0.6590060703456402,0.0011744126677513123,0.5367860458791256,0.5368648078292608,7.876195013523102e-05,0.7522060461342335,0.7521920390427113,-1.4007091522216797e-05,False
1,REFUGE->RIM_ONE_r3,15,C0,0.001,0.6535587310791016,0.025570891797542572,0.011344348080456257,0.006315732374787331,0.007910809479653835,0.5646761655807495,0.09166277199983597,0.09018471091985703,0.909815289080143,0.8373872507363558,0.8350196518003941,-0.0023675989359617233,0.6578316576778889,0.6585694886744022,0.0007378309965133667,0.5367860458791256,0.5357283726334572,-0.0010576732456684113,0.7522060461342335,0.7528369016945362,0.0006308555603027344,False
1,REFUGE->RIM_ONE_r3,15,C1,0.001,0.6886073350906372,0.07649604976177216,0.011344348080456257,0.006315732374787331,0.007910809479653835,0.5646761655807495,0.09166277199983597,0.09018471091985703,0.909815289080143,0.8373872507363558,0.8347642458975315,-0.002623004838824272,0.6578316576778889,0.6586513631045818,0.0008197054266929626,0.5367860458791256,0.5357014145702124,-0.001084631308913231,0.7522060461342335,0.752848420292139,0.0006423741579055786,False
1,REFUGE->RIM_ONE_r3,15,C2,0.001,2.5576047897338867,0.10896708816289902,0.011344348080456257,0.006315732374787331,0.007910809479653835,0.5646761655807495,0.09166277199983597,0.09018471091985703,0.909815289080143,0.8373872507363558,0.8355777636170387,-0.0018094871193170547,0.6578316576778889,0.6583641543984413,0.0005324967205524445,0.5367860458791256,0.5362170152366161,-0.0005690306425094604,0.7522060461342335,0.7525549978017807,0.00034895166754722595,False
1,REFUGE->RIM_ONE_r3,15,C3,0.001,2.5904386043548584,0.1598922461271286,0.011344348080456257,0.006315732374787331,0.007910809479653835,0.5646761655807495,0.09166277199983597,0.09018471091985703,0.909815289080143,0.8373872507363558,0.835504712536931,-0.0018825381994247437,0.6578316576778889,0.6583873555064201,0.0005556978285312653,0.5367860458791256,0.536205006763339,-0.0005810391157865524,0.7522060461342335,0.7525605820119381,0.00035453587770462036,False
1,REFUGE->RIM_ONE_r3,15,C4,0.001,1.9515503644943237,0.2684756815433502,0.011344348080456257,0.006315732374787331,0.007910809479653835,0.5646761655807495,0.09166277199983597,0.09018471091985703,0.909815289080143,0.8373872507363558,0.8338034152984619,-0.0035838354378938675,0.6578316576778889,0.658919233828783,0.001087576150894165,0.5367860458791256,0.535841915756464,-0.0009441301226615906,0.7522060461342335,0.7527496218681335,0.0005435757339000702,False
1,REFUGE->RIM_ONE_r3,15,C5,0.001,2.4214649200439453,0.270883172750473,0.011344348080456257,0.006315732374787331,0.007910809479653835,0.5646761655807495,0.09166277199983597,0.09018471091985703,0.909815289080143,0.8373872507363558,0.8344945572316647,-0.002892693504691124,0.6578316576778889,0.6587090641260147,0.0008774064481258392,0.5367860458791256,0.536033496260643,-0.0007525496184825897,0.7522060461342335,0.7526098638772964,0.000403817743062973,False
1,REFUGE->RIM_ONE_r3,16,C0,0.001,0.7807402610778809,0.04385560750961304,0.01599597930908203,0.01727517694234848,0.0105844521895051,0.5786786675453186,0.11349575221538544,0.09018471091985703,0.909815289080143,0.8373872507363558,0.8378843236714602,0.0004970729351043701,0.6578316576778889,0.6576285436749458,-0.00020311400294303894,0.5367860458791256,0.5372047647833824,0.0004187189042568207,0.7522060461342335,0.7519126050174236,-0.00029344111680984497,False
1,REFUGE->RIM_ONE_r3,16,C1,0.001,0.775424599647522,0.09604357182979584,0.01599597930908203,0.01727517694234848,0.0105844521895051,0.5786786675453186,0.11349575221538544,0.09018471091985703,0.909815289080143,0.8373872507363558,0.8371868059039116,-0.00020044483244419098,0.6578316576778889,0.6578515879809856,1.993030309677124e-05,0.5367860458791256,0.5371202155947685,0.0003341697156429291,0.7522060461342335,0.7519672401249409,-0.00023880600929260254,False
1,REFUGE->RIM_ONE_r3,16,C2,0.001,1.9235572814941406,0.1471157819032669,0.01599597930908203,0.01727517694234848,0.0105844521895051,0.5786786675453186,0.11349575221538544,0.09018471091985703,0.909815289080143,0.8373872507363558,0.8349744826555252,-0.002412768080830574,0.6578316576778889,0.6585081368684769,0.0006764791905879974,0.5367860458791256,0.5369026884436607,0.00011664256453514099,0.7522060461342335,0.7522091753780842,3.129243850708008e-06,False
1,REFUGE->RIM_ONE_r3,16,C3,0.001,1.931164026260376,0.1993037462234497,0.01599597930908203,0.01727517694234848,0.0105844521895051,0.5786786675453186,0.11349575221538544,0.09018471091985703,0.909815289080143,0.8373872507363558,0.8347167242318392,-0.0026705265045166016,0.6578316576778889,0.6585912518203259,0.0007595941424369812,0.5367860458791256,0.5368673671036959,8.132122457027435e-05,0.7522060461342335,0.7522296085953712,2.3562461137771606e-05,False
1,REFUGE->RIM_ONE_r3,16,C4,0.001,1.7530521154403687,0.3133411407470703,0.01599597930908203,0.01727517694234848,0.0105844521895051,0.5786786675453186,0.11349575221538544,0.09018471091985703,0.909815289080143,0.8373872507363558,0.832831047475338,-0.004556203261017799,0.6578316576778889,0.6592066548764706,0.0013749971985816956,0.5367860458791256,0.5364832729101181,-0.00030277296900749207,0.7522060461342335,0.7523866482079029,0.0001806020736694336,False
1,REFUGE->RIM_ONE_r3,16,C5,0.001,1.706376314163208,0.3124854564666748,0.01599597930908203,0.01727517694234848,0.0105844521895051,0.5786786675453186,0.11349575221538544,0.09018471091985703,0.909815289080143,0.8373872507363558,0.8331810105592012,-0.004206240177154541,0.6578316576778889,0.6591014824807644,0.0012698248028755188,0.5367860458791256,0.5365842096507549,-0.0002018362283706665,0.7522060461342335,0.7523490823805332,0.00014303624629974365,False
1,REFUGE->RIM_ONE_r3,17,C0,0.001,0.6777395606040955,0.02974424883723259,0.013258906081318855,0.0060769435949623585,0.010408400557935238,0.5681338310241699,0.09949058294296265,0.09018471091985703,0.909815289080143,0.8373872507363558,0.8410011697560549,0.0036139190196990967,0.6578316576778889,0.6567091904580593,-0.0011224672198295593,0.5367860458791256,0.5358501952141523,-0.000935850664973259,0.7522060461342335,0.7526766061782837,0.0004705600440502167,False
1,REFUGE->RIM_ONE_r3,17,C1,0.001,0.6684580445289612,0.08098123967647552,0.013258906081318855,0.0060769435949623585,0.010408400557935238,0.5681338310241699,0.09949058294296265,0.09018471091985703,0.909815289080143,0.8373872507363558,0.8407627567648888,0.003375506028532982,0.6578316576778889,0.6567882932722569,-0.001043364405632019,0.5367860458791256,0.535818999633193,-0.000967046245932579,0.7522060461342335,0.7526979371905327,0.0004918910562992096,False
1,REFUGE->RIM_ONE_r3,17,C2,0.001,1.4229291677474976,0.12026230990886688,0.013258906081318855,0.0060769435949623585,0.010408400557935238,0.5681338310241699,0.09949058294296265,0.09018471091985703,0.909815289080143,0.8373872507363558,0.8367738407105207,-0.0006134100258350372,0.6578316576778889,0.6579956412315369,0.000163983553647995,0.5367860458791256,0.5362753625959158,-0.0005106832832098007,0.7522060461342335,0.7525409832596779,0.00033493712544441223,False
1,REFUGE->RIM_ONE_r3,17,C3,0.001,1.434769630432129,0.17149929702281952,0.013258906081318855,0.0060769435949623585,0.010408400557935238,0.5681338310241699,0.09949058294296265,0.09018471091985703,0.909815289080143,0.8373872507363558,0.8366422560065985,-0.000744994729757309,0.6578316576778889,0.6580386944115162,0.00020703673362731934,0.5367860458791256,0.5362726952880621,-0.0005133505910634995,0.7522060461342335,0.7525445483624935,0.0003385022282600403,False
1,REFUGE->RIM_ONE_r3,17,C4,0.001,1.0957354307174683,0.2848639488220215,0.013258906081318855,0.0060769435949623585,0.010408400557935238,0.5681338310241699,0.09949058294296265,0.09018471091985703,0.909815289080143,0.8373872507363558,0.8353632129728794,-0.0020240377634763718,0.6578316576778889,0.6583833433687687,0.0005516856908798218,0.5367860458791256,0.5362055134028196,-0.0005805324763059616,0.7522060461342335,0.7525213472545147,0.0003153011202812195,False
1,REFUGE->RIM_ONE_r3,17,C5,0.001,1.1375459432601929,0.28767165541648865,0.013258906081318855,0.0060769435949623585,0.010408400557935238,0.5681338310241699,0.09949058294296265,0.09018471091985703,0.909815289080143,0.8373872507363558,0.8356032613664865,-0.0017839893698692322,0.6578316576778889,0.658355712890625,0.0005240552127361298,0.5367860458791256,0.5357905887067318,-0.0009954571723937988,0.7522060461342335,0.7527144327759743,0.000508386641740799,False
1,REFUGE->RIM_ONE_r3,18,C0,0.001,0.6520589590072632,0.02991199865937233,0.013498467393219471,0.007852342911064625,0.008561189286410809,0.5521834492683411,0.09830205887556076,0.09018471091985703,0.909815289080143,0.8373872507363558,0.8383759055286646,0.0009886547923088074,0.6578316576778889,0.65741902962327,-0.00041262805461883545,0.5367860458791256,0.5370867159217596,0.0003006700426340103,0.7522060461342335,0.7519767545163631,-0.0002292916178703308,False
1,REFUGE->RIM_ONE_r3,18,C1,0.001,0.658176600933075,0.07971049845218658,0.013498467393219471,0.007852342911064625,0.008561189286410809,0.5521834492683411,0.09830205887556076,0.09018471091985703,0.909815289080143,0.8373872507363558,0.8381278533488512,0.0007406026124954224,0.6578316576778889,0.6574924476444721,-0.00033921003341674805,0.5367860458791256,0.5370573960244656,0.0002713501453399658,0.7522060461342335,0.7519859448075294,-0.00022010132670402527,False
1,REFUGE->RIM_ONE_r3,18,C2,0.001,1.8938801288604736,0.11934871971607208,0.013498467393219471,0.007852342911064625,0.008561189286410809,0.5521834492683411,0.09830205887556076,0.09018471091985703,0.909815289080143,0.8373872507363558,0.8359348550438881,-0.0014523956924676895,0.6578316576778889,0.6581454202532768,0.0003137625753879547,0.5367860458791256,0.5367282573133707,-5.778856575489044e-05,0.7522060461342335,0.7522703036665916,6.425753235816956e-05,False
1,REFUGE->RIM_ONE_r3,18,C3,0.001,1.907576560974121,0.16914722323417664,0.013498467393219471,0.007852342911064625,0.008561189286410809,0.5521834492683411,0.09830205887556076,0.09018471091985703,0.909815289080143,0.8373872507363558,0.8358574472367764,-0.0015298034995794296,0.6578316576778889,0.6581692397594452,0.0003375820815563202,0.5367860458791256,0.5367168113589287,-6.923452019691467e-05,0.7522060461342335,0.7522734589874744,6.74128532409668e-05,False
1,REFUGE->RIM_ONE_r3,18,C4,0.001,1.5080878734588623,0.2619948387145996,0.013498467393219471,0.007852342911064625,0.008561189286410809,0.5521834492683411,0.09830205887556076,0.09018471091985703,0.909815289080143,0.8373872507363558,0.8345269206911325,-0.002860330045223236,0.6578316576778889,0.6585982702672482,0.0007666125893592834,0.5367860458791256,0.5366569738835096,-0.00012907199561595917,0.7522060461342335,0.7522494569420815,4.3410807847976685e-05,False
1,REFUGE->RIM_ONE_r3,18,C5,0.001,1.5468757152557373,0.26896363496780396,0.013498467393219471,0.007852342911064625,0.008561189286410809,0.5521834492683411,0.09830205887556076,0.09018471091985703,0.909815289080143,0.8373872507363558,0.834953885525465,-0.00243336521089077,0.6578316576778889,0.658436581492424,0.000604923814535141,0.5367860458791256,0.5365736540406942,-0.00021239183843135834,0.7522060461342335,0.7522910088300705,8.496269583702087e-05,False
1,REFUGE->RIM_ONE_r3,19,C0,0.001,0.7970163822174072,0.029164155945181847,0.014827804639935493,0.00758360093459487,0.006752749904990196,0.5578520894050598,0.11572280526161194,0.09018471091985703,0.909815289080143,0.8373872507363558,0.8359486348927021,-0.001438615843653679,0.6578316576778889,0.6581569090485573,0.00032525137066841125,0.5367860458791256,0.5366666503250599,-0.00011939555406570435,0.7522060461342335,0.7523566409945488,0.00015059486031532288,False
1,REFUGE->RIM_ONE_r3,19,C1,0.001,0.8276317715644836,0.07947388291358948,0.014827804639935493,0.00758360093459487,0.006752749904990196,0.5578520894050598,0.11572280526161194,0.09018471091985703,0.909815289080143,0.8373872507363558,0.8356273286044598,-0.001759922131896019,0.6578316576778889,0.6582606434822083,0.0004289858043193817,0.5367860458791256,0.5366507228463888,-0.00013532303273677826,0.7522060461342335,0.75236015021801,0.000154104083776474,False
1,REFUGE->RIM_ONE_r3,19,C2,0.001,2.291769027709961,0.1344505399465561,0.014827804639935493,0.00758360093459487,0.006752749904990196,0.5578520894050598,0.11572280526161194,0.09018471091985703,0.909815289080143,0.8373872507363558,0.8362659346312284,-0.0011213161051273346,0.6578316576778889,0.6580732055008411,0.0002415478229522705,0.5367860458791256,0.5370027422904968,0.00021669641137123108,0.7522060461342335,0.7521537467837334,-5.229935050010681e-05,False
1,REFUGE->RIM_ONE_r3,19,C3,0.001,2.3238511085510254,0.18476027250289917,0.014827804639935493,0.00758360093459487,0.006752749904990196,0.5578520894050598,0.11572280526161194,0.09018471091985703,0.909815289080143,0.8373872507363558,0.8361508250236511,-0.0012364257127046585,0.6578316576778889,0.658109400421381,0.00027774274349212646,0.5367860458791256,0.5369823593646288,0.00019631348550319672,0.7522060461342335,0.7521632127463818,-4.283338785171509e-05,False
1,REFUGE->RIM_ONE_r3,19,C4,0.001,2.1259045600891113,0.2737826406955719,0.014827804639935493,0.00758360093459487,0.006752749904990196,0.5578520894050598,0.11572280526161194,0.09018471091985703,0.909815289080143,0.8373872507363558,0.834447031840682,-0.002940218895673752,0.6578316576778889,0.6586535684764385,0.0008219107985496521,0.5367860458791256,0.536841282621026,5.523674190044403e-05,0.7522060461342335,0.7522199302911758,1.3884156942367554e-05,False
1,REFUGE->RIM_ONE_r3,19,C5,0.001,1.9126337766647339,0.2860299050807953,0.014827804639935493,0.00758360093459487,0.006752749904990196,0.5578520894050598,0.11572280526161194,0.09018471091985703,0.909815289080143,0.8373872507363558,0.8347183261066675,-0.002668924629688263,0.6578316576778889,0.6585572883486748,0.0007256306707859039,0.5367860458791256,0.536766154691577,-1.989118754863739e-05,0.7522060461342335,0.7522463090717793,4.026293754577637e-05,False
1,REFUGE->RIM_ONE_r3,20,C0,0.001,0.2539123296737671,0.02246030420064926,0.01260816864669323,0.0030386862345039845,0.006813450716435909,0.5676805377006531,0.05944650620222092,0.09018471091985703,0.909815289080143,0.8373872507363558,0.8365153819322586,-0.0008718688040971756,0.6578316576778889,0.6582845821976662,0.000452924519777298,0.5367860458791256,0.5366379898041487,-0.00014805607497692108,0.7522060461342335,0.7522927559912205,8.670985698699951e-05,False
1,REFUGE->RIM_ONE_r3,20,C1,0.001,0.2661289572715759,0.07365640997886658,0.01260816864669323,0.0030386862345039845,0.006813450716435909,0.5676805377006531,0.05944650620222092,0.09018471091985703,0.909815289080143,0.8373872507363558,0.835941419005394,-0.0014458317309617996,0.6578316576778889,0.6584549471735954,0.0006232894957065582,0.5367860458791256,0.5361835826188326,-0.0006024632602930069,0.7522060461342335,0.752471748739481,0.00026570260524749756,False
1,REFUGE->RIM_ONE_r3,20,C2,0.001,1.2818939685821533,0.07654564082622528,0.01260816864669323,0.0030386862345039845,0.006813450716435909,0.5676805377006531,0.05944650620222092,0.09018471091985703,0.909815289080143,0.8373872507363558,0.836179044097662,-0.0012082066386938095,0.6578316576778889,0.6581573076546192,0.0003256499767303467,0.5367860458791256,0.5361709445714951,-0.0006151013076305389,0.7522060461342335,0.7524843476712704,0.00027830153703689575,False
1,REFUGE->RIM_ONE_r3,20,C3,0.001,1.331236720085144,0.1277417540550232,0.01260816864669323,0.0030386862345039845,0.006813450716435909,0.5676805377006531,0.05944650620222092,0.09018471091985703,0.909815289080143,0.8373872507363558,0.8360994700342417,-0.0012877807021141052,0.6578316576778889,0.6581828221678734,0.00035116448998451233,0.5367860458791256,0.5360942333936691,-0.0006918124854564667,0.7522060461342335,0.752515159547329,0.00030911341309547424,False
1,REFUGE->RIM_ONE_r3,20,C4,0.001,1.844972848892212,0.25168895721435547,0.01260816864669323,0.0030386862345039845,0.006813450716435909,0.5676805377006531,0.05944650620222092,0.09018471091985703,0.909815289080143,0.8373872507363558,0.8353880252689123,-0.001999225467443466,0.6578316576778889,0.6584810055792332,0.0006493479013442993,0.5367860458791256,0.5355349965393543,-0.0012510493397712708,0.7522060461342335,0.7527108080685139,0.0005047619342803955,False
1,REFUGE->RIM_ONE_r3,20,C5,0.001,1.7212135791778564,0.26015686988830566,0.01260816864669323,0.0030386862345039845,0.006813450716435909,0.5676805377006531,0.05944650620222092,0.09018471091985703,0.909815289080143,0.8373872507363558,0.8355964533984661,-0.0017907973378896713,0.6578316576778889,0.6583822965621948,0.000550638884305954,0.5367860458791256,0.535627506673336,-0.001158539205789566,0.7522060461342335,0.7526479475200176,0.00044190138578414917,False
1,REFUGE->RIM_ONE_r3,21,C0,0.001,0.41755443811416626,0.023535732179880142,0.01434757374227047,0.003034867811948061,0.006153290160000324,0.5462361574172974,0.08563466370105743,0.09018471091985703,0.909815289080143,0.8373872507363558,0.8379211127758026,0.0005338620394468307,0.6578316576778889,0.6576197445392609,-0.00021191313862800598,0.5367860458791256,0.5366765316575766,-0.00010951422154903412,0.7522060461342335,0.752287968993187,8.192285895347595e-05,False
1,REFUGE->RIM_ONE_r3,21,C1,0.001,0.41701027750968933,0.07279787957668304,0.01434757374227047,0.003034867811948061,0.006153290160000324,0.5462361574172974,0.08563466370105743,0.09018471091985703,0.909815289080143,0.8373872507363558,0.8375869207084179,0.0001996699720621109,0.6578316576778889,0.657725315541029,-0.0001063421368598938,0.5367860458791256,0.5365950651466846,-0.00019098073244094849,0.7522060461342335,0.7523215785622597,0.00011553242802619934,False
1,REFUGE->RIM_ONE_r3,21,C2,0.001,0.9040553569793701,0.1014474630355835,0.01434757374227047,0.003034867811948061,0.006153290160000324,0.5462361574172974,0.08563466370105743,0.09018471091985703,0.909815289080143,0.8373872507363558,0.8365911096334457,-0.0007961411029100418,0.6578316576778889,0.6580290272831917,0.00019736960530281067,0.5367860458791256,0.5364521909505129,-0.00033385492861270905,0.7522060461342335,0.7523633204400539,0.0001572743058204651,False
1,REFUGE->RIM_ONE_r3,21,C3,0.001,0.9174495935440063,0.1507095992565155,0.01434757374227047,0.003034867811948061,0.006153290160000324,0.5462361574172974,0.08563466370105743,0.09018471091985703,0.909815289080143,0.8373872507363558,0.8364316988736391,-0.0009555518627166748,0.6578316576778889,0.658079594373703,0.0002479366958141327,0.5367860458791256,0.5364185087382793,-0.00036753714084625244,0.7522060461342335,0.7523774951696396,0.00017144903540611267,False
1,REFUGE->RIM_ONE_r3,21,C4,0.001,1.2427520751953125,0.24854765832424164,0.01434757374227047,0.003034867811948061,0.006153290160000324,0.5462361574172974,0.08563466370105743,0.09018471091985703,0.909815289080143,0.8373872507363558,0.8340029828250408,-0.0033842679113149643,0.6578316576778889,0.6588238216936588,0.0009921640157699585,0.5367860458791256,0.5360315777361393,-0.0007544681429862976,0.7522060461342335,0.7525437213480473,0.00033767521381378174,False
1,REFUGE->RIM_ONE_r3,21,C5,0.001,1.0139862298965454,0.2567025125026703,0.01434757374227047,0.003034867811948061,0.006153290160000324,0.5462361574172974,0.08563466370105743,0.09018471091985703,0.909815289080143,0.8373872507363558,0.834505669772625,-0.002881580963730812,0.6578316576778889,0.6586568579077721,0.000825200229883194,0.5367860458791256,0.5360998101532459,-0.0006862357258796692,0.7522060461342335,0.7524841241538525,0.00027807801961898804,False
1,REFUGE->RIM_ONE_r3,22,C0,0.001,2.4586877822875977,0.039564017206430435,0.014718799851834774,0.014521443285048008,0.010323775000870228,0.548229455947876,0.1531725525856018,0.09018471091985703,0.909815289080143,0.8373872507363558,0.8420201651751995,0.004632914438843727,0.6578316576778889,0.6564587652683258,-0.0013728924095630646,0.5367860458791256,0.53729004599154,0.00050400011241436,0.7522060461342335,0.7518977783620358,-0.0003082677721977234,False
1,REFUGE->RIM_ONE_r3,22,C1,0.001,2.452075719833374,0.08900593221187592,0.014718799851834774,0.014521443285048008,0.010323775000870228,0.548229455947876,0.1531725525856018,0.09018471091985703,0.909815289080143,0.8373872507363558,0.841983824968338,0.004596574231982231,0.6578316576778889,0.6564717330038548,-0.0013599246740341187,0.5367860458791256,0.5372917987406254,0.0005057528614997864,0.7522060461342335,0.7518962360918522,-0.0003098100423812866,False
1,REFUGE->RIM_ONE_r3,22,C2,0.001,3.128157138824463,0.17892274260520935,0.014718799851834774,0.014521443285048008,0.010323775000870228,0.548229455947876,0.1531725525856018,0.09018471091985703,0.909815289080143,0.8373872507363558,0.8404295425862074,0.0030422918498516083,0.6578316576778889,0.656896848231554,-0.0009348094463348389,0.5367860458791256,0.5373552199453115,0.0005691740661859512,0.7522060461342335,0.7518876641988754,-0.0003183819353580475,False
1,REFUGE->RIM_ONE_r3,22,C3,0.001,3.131303548812866,0.22836466133594513,0.014718799851834774,0.014521443285048008,0.010323775000870228,0.548229455947876,0.1531725525856018,0.09018471091985703,0.909815289080143,0.8373872507363558,0.8403960764408112,0.0030088257044553757,0.6578316576778889,0.6569064632058144,-0.0009251944720745087,0.5367860458791256,0.5373521819710732,0.0005661360919475555,0.7522060461342335,0.7518879808485508,-0.0003180652856826782,False
1,REFUGE->RIM_ONE_r3,22,C4,0.001,2.710026264190674,0.29597008228302,0.014718799851834774,0.014521443285048008,0.010323775000870228,0.548229455947876,0.1531725525856018,0.09018471091985703,0.909815289080143,0.8373872507363558,0.8399612922221422,0.002574041485786438,0.6578316576778889,0.6570362709462643,-0.0007953867316246033,0.5367860458791256,0.5372186806052923,0.00043263472616672516,0.7522060461342335,0.7519462816417217,-0.00025976449251174927,False
1,REFUGE->RIM_ONE_r3,22,C5,0.001,2.69712495803833,0.30635207891464233,0.014718799851834774,0.014521443285048008,0.010323775000870228,0.548229455947876,0.1531725525856018,0.09018471091985703,0.909815289080143,0.8373872507363558,0.8403235413134098,0.0029362905770540237,0.6578316576778889,0.6569353267550468,-0.0008963309228420258,0.5367860458791256,0.537212485447526,0.000426439568400383,0.7522060461342335,0.7519374378025532,-0.00026860833168029785,False
1,REFUGE->RIM_ONE_r3,23,C0,0.001,1.2633287906646729,0.040942952036857605,0.012369997799396515,0.01684398204088211,0.01172897033393383,0.5919668078422546,0.20814889669418335,0.09018471091985703,0.909815289080143,0.8373872507363558,0.8377245869487524,0.0003373362123966217,0.6578316576778889,0.6577044427394867,-0.0001272149384021759,0.5367860458791256,0.5372751113027334,0.0004890654236078262,0.7522060461342335,0.7519785314798355,-0.00022751465439796448,False
1,REFUGE->RIM_ONE_r3,23,C1,0.001,1.2118875980377197,0.09432931244373322,0.012369997799396515,0.01684398204088211,0.01172897033393383,0.5919668078422546,0.20814889669418335,0.09018471091985703,0.909815289080143,0.8373872507363558,0.8377299569547176,0.00034270621836185455,0.6578316576778889,0.6577051430940628,-0.00012651458382606506,0.5367860458791256,0.5372813642024994,0.0004953183233737946,0.7522060461342335,0.7519734650850296,-0.00023258104920387268,False
1,REFUGE->RIM_ONE_r3,23,C2,0.001,3.6557769775390625,0.230320006608963,0.012369997799396515,0.01684398204088211,0.01172897033393383,0.5919668078422546,0.20814889669418335,0.09018471091985703,0.909815289080143,0.8373872507363558,0.8359026573598385,-0.0014845933765172958,0.6578316576778889,0.6582085117697716,0.0003768540918827057,0.5367860458791256,0.53691541031003,0.00012936443090438843,0.7522060461342335,0.7522198222577572,1.3776123523712158e-05,False
1,REFUGE->RIM_ONE_r3,23,C3,0.001,3.6722543239593506,0.2837063670158386,0.012369997799396515,0.01684398204088211,0.01172897033393383,0.5919668078422546,0.20814889669418335,0.09018471091985703,0.909815289080143,0.8373872507363558,0.8359101954847574,-0.0014770552515983582,0.6578316576778889,0.6582059003412724,0.0003742426633834839,0.5367860458791256,0.5368989333510399,0.00011288747191429138,0.7522060461342335,0.7522273063659668,2.1260231733322144e-05,False
1,REFUGE->RIM_ONE_r3,23,C4,0.001,1.978308916091919,0.3609863817691803,0.012369997799396515,0.01684398204088211,0.01172897033393383,0.5919668078422546,0.20814889669418335,0.09018471091985703,0.909815289080143,0.8373872507363558,0.8367476258426905,-0.0006396248936653137,0.6578316576778889,0.657988827675581,0.00015716999769210815,0.5367860458791256,0.5367025528103113,-8.349306881427765e-05,0.7522060461342335,0.7522383891046047,3.234297037124634e-05,False
1,REFUGE->RIM_ONE_r3,23,C5,0.001,2.332566261291504,0.3796756863594055,0.012369997799396515,0.01684398204088211,0.01172897033393383,0.5919668078422546,0.20814889669418335,0.09018471091985703,0.909815289080143,0.8373872507363558,0.8369862921535969,-0.0004009585827589035,0.6578316576778889,0.657905213534832,7.355585694313049e-05,0.5367860458791256,0.5367405191063881,-4.552677273750305e-05,0.7522060461342335,0.7522355914115906,2.954527735710144e-05,False
1,REFUGE->RIM_ONE_r3,24,C0,0.001,0.6892392635345459,0.030220821499824524,0.01599597930908203,0.006809343583881855,0.0074155000038445,0.5990058779716492,0.12363676726818085,0.09018471091985703,0.909815289080143,0.8373872507363558,0.8385353349149227,0.0011480841785669327,0.6578316576778889,0.6575318984687328,-0.0002997592091560364,0.5367860458791256,0.5367898903787136,3.844499588012695e-06,0.7522060461342335,0.7520549409091473,-0.00015110522508621216,False
1,REFUGE->RIM_ONE_r3,24,C1,0.001,0.7491379380226135,0.08424199372529984,0.01599597930908203,0.006809343583881855,0.0074155000038445,0.5990058779716492,0.12363676726818085,0.09018471091985703,0.909815289080143,0.8373872507363558,0.838175643235445,0.000788392499089241,0.6578316576778889,0.6576496548950672,-0.00018200278282165527,0.5367860458791256,0.5367463789880276,-3.966689109802246e-05,0.7522060461342335,0.7520704008638859,-0.00013564527034759521,False
1,REFUGE->RIM_ONE_r3,24,C2,0.001,2.0009052753448486,0.1427074372768402,0.01599597930908203,0.006809343583881855,0.0074155000038445,0.5990058779716492,0.12363676726818085,0.09018471091985703,0.909815289080143,0.8373872507363558,0.8357761316001415,-0.0016111191362142563,0.6578316576778889,0.658367283642292,0.0005356259644031525,0.5367860458791256,0.5370684694498777,0.00028242357075214386,0.7522060461342335,0.7520933784544468,-0.00011266767978668213,False
1,REFUGE->RIM_ONE_r3,24,C3,0.001,2.0340259075164795,0.19672861695289612,0.01599597930908203,0.006809343583881855,0.0074155000038445,0.5990058779716492,0.12363676726818085,0.09018471091985703,0.909815289080143,0.8373872507363558,0.835698327049613,-0.0016889236867427826,0.6578316576778889,0.6583956032991409,0.0005639456212520599,0.5367860458791256,0.5370492078363895,0.00026316195726394653,0.7522060461342335,0.752097200602293,-0.0001088455319404602,False
1,REFUGE->RIM_ONE_r3,24,C4,0.001,1.727170467376709,0.31280457973480225,0.01599597930908203,0.006809343583881855,0.0074155000038445,0.5990058779716492,0.12363676726818085,0.09018471091985703,0.909815289080143,0.8373872507363558,0.8346944451332092,-0.002692805603146553,0.6578316576778889,0.6587194167077541,0.0008877590298652649,0.5367860458791256,0.5366654396057129,-0.00012060627341270447,0.7522060461342335,0.7521442286670208,-6.1817467212677e-05,False
1,REFUGE->RIM_ONE_r3,24,C5,0.001,2.096599578857422,0.30797338485717773,0.01599597930908203,0.006809343583881855,0.0074155000038445,0.5990058779716492,0.12363676726818085,0.09018471091985703,0.909815289080143,0.8373872507363558,0.8350772559642792,-0.0023099947720766068,0.6578316576778889,0.6585828550159931,0.000751197338104248,0.5367860458791256,0.5368075557053089,2.1509826183319092e-05,0.7522060461342335,0.7521329559385777,-7.309019565582275e-05,False
1,REFUGE->RIM_ONE_r3,25,C0,0.001,0.3857438564300537,0.022217797115445137,0.013414384797215462,0.0021918113343417645,0.0066116005182266235,0.5435706973075867,0.09090767800807953,0.09018471091985703,0.909815289080143,0.8373872507363558,0.8359016478061676,-0.001485602930188179,0.6578316576778889,0.6583251468837261,0.0004934892058372498,0.5367860458791256,0.537033399567008,0.0002473536878824234,0.7522060461342335,0.7521678693592548,-3.8176774978637695e-05,False
1,REFUGE->RIM_ONE_r3,25,C1,0.001,0.41315194964408875,0.07123956084251404,0.013414384797215462,0.0021918113343417645,0.0066116005182266235,0.5435706973075867,0.09090767800807953,0.09018471091985703,0.909815289080143,0.8373872507363558,0.8352674748748541,-0.0021197758615016937,0.6578316576778889,0.658515490591526,0.0006838329136371613,0.5367860458791256,0.5369609333574772,0.00017488747835159302,0.7522060461342335,0.7521996721625328,-6.373971700668335e-06,False
1,REFUGE->RIM_ONE_r3,25,C2,0.001,1.53493070602417,0.10492699593305588,0.013414384797215462,0.0021918113343417645,0.0066116005182266235,0.5435706973075867,0.09090767800807953,0.09018471091985703,0.909815289080143,0.8373872507363558,0.835045387968421,-0.002341862767934799,0.6578316576778889,0.6585081145167351,0.0006764568388462067,0.5367860458791256,0.5369633864611387,0.0001773405820131302,0.7522060461342335,0.752190038561821,-1.6007572412490845e-05,False
1,REFUGE->RIM_ONE_r3,25,C3,0.001,1.5790077447891235,0.15394875407218933,0.013414384797215462,0.0021918113343417645,0.0066116005182266235,0.5435706973075867,0.09090767800807953,0.09018471091985703,0.909815289080143,0.8373872507363558,0.834909200668335,-0.0024780500680208206,0.6578316576778889,0.6585510075092316,0.0007193498313426971,0.5367860458791256,0.5369435846805573,0.00015753880143165588,0.7522060461342335,0.7521996311843395,-6.414949893951416e-06,False
1,REFUGE->RIM_ONE_r3,25,C4,0.001,1.7548357248306274,0.24613884091377258,0.013414384797215462,0.0021918113343417645,0.0066116005182266235,0.5435706973075867,0.09090767800807953,0.09018471091985703,0.909815289080143,0.8373872507363558,0.83329045958817,-0.00409679114818573,0.6578316576778889,0.6590433195233345,0.001211661845445633,0.5367860458791256,0.5366298537701368,-0.0001561921089887619,0.7522060461342335,0.752319660037756,0.00011361390352249146,False
1,REFUGE->RIM_ONE_r3,25,C5,0.001,1.5187244415283203,0.25264909863471985,0.013414384797215462,0.0021918113343417645,0.0066116005182266235,0.5435706973075867,0.09090767800807953,0.09018471091985703,0.909815289080143,0.8373872507363558,0.8334656227380037,-0.003921627998352051,0.6578316576778889,0.6589815318584442,0.0011498741805553436,0.5367860458791256,0.5367207285016775,-6.531737744808197e-05,0.7522060461342335,0.7522844783961773,7.843226194381714e-05,False
1,REFUGE->RIM_ONE_r3,26,C0,0.001,0.40359461307525635,0.024673882871866226,0.013667439110577106,0.004236175678670406,0.006770267616957426,0.545952320098877,0.08299922943115234,0.09018471091985703,0.909815289080143,0.8373872507363558,0.8351107258349657,-0.0022765249013900757,0.6578316576778889,0.6585566736757755,0.0007250159978866577,0.5367860458791256,0.5363677013665438,-0.00041834451258182526,0.7522060461342335,0.7525417357683182,0.00033568963408470154,False
1,REFUGE->RIM_ONE_r3,26,C1,0.001,0.40584495663642883,0.0739104300737381,0.013667439110577106,0.004236175678670406,0.006770267616957426,0.545952320098877,0.08299922943115234,0.09018471091985703,0.909815289080143,0.8373872507363558,0.8349513523280621,-0.002435898408293724,0.6578316576778889,0.6586124747991562,0.0007808171212673187,0.5367860458791256,0.5363313853740692,-0.0004546605050563812,0.7522060461342335,0.7525558434426785,0.0003497973084449768,False
1,REFUGE->RIM_ONE_r3,26,C2,0.001,1.2555053234100342,0.10018785297870636,0.013667439110577106,0.004236175678670406,0.006770267616957426,0.545952320098877,0.08299922943115234,0.09018471091985703,0.909815289080143,0.8373872507363558,0.8351766113191843,-0.0022106394171714783,0.6578316576778889,0.6584561243653297,0.0006244666874408722,0.5367860458791256,0.5363038182258606,-0.0004822276532649994,0.7522060461342335,0.7525514662265778,0.00034542009234428406,False
1,REFUGE->RIM_ONE_r3,26,C3,0.001,1.255951166152954,0.14942440390586853,0.013667439110577106,0.004236175678670406,0.006770267616957426,0.545952320098877,0.08299922943115234,0.09018471091985703,0.909815289080143,0.8373872507363558,0.8351204767823219,-0.0022667739540338516,0.6578316576778889,0.6584757566452026,0.0006440989673137665,0.5367860458791256,0.5362910069525242,-0.0004950389266014099,0.7522060461342335,0.7525575309991837,0.00035148486495018005,False
1,REFUGE->RIM_ONE_r3,26,C4,0.001,1.053962230682373,0.24370118975639343,0.013667439110577106,0.004236175678670406,0.006770267616957426,0.545952320098877,0.08299922943115234,0.09018471091985703,0.909815289080143,0.8373872507363558,0.8338831271976233,-0.0035041235387325287,0.6578316576778889,0.6588908582925797,0.0010592006146907806,0.5367860458791256,0.5360378250479698,-0.000748220831155777,0.7522060461342335,0.7526606842875481,0.00045463815331459045,False
1,REFUGE->RIM_ONE_r3,26,C5,0.001,1.0323455333709717,0.2565377950668335,0.013667439110577106,0.004236175678670406,0.006770267616957426,0.545952320098877,0.08299922943115234,0.09018471091985703,0.909815289080143,0.8373872507363558,0.8338655792176723,-0.0035216715186834335,0.6578316576778889,0.6588761247694492,0.0010444670915603638,0.5367860458791256,0.535905858501792,-0.000880187377333641,0.7522060461342335,0.7527040466666222,0.0004980005323886871,False
1,REFUGE->RIM_ONE_r3,27,C0,0.001,0.33944806456565857,0.026810158044099808,0.015255706384778023,0.005499967839568853,0.006054482888430357,0.5797501802444458,0.11711040139198303,0.09018471091985703,0.909815289080143,0.8373872507363558,0.8388293199241161,0.001442069187760353,0.6578316576778889,0.6574094332754612,-0.00042222440242767334,0.5367860458791256,0.5364100467413664,-0.0003759991377592087,0.7522060461342335,0.7524601146578789,0.000254068523645401,False
1,REFUGE->RIM_ONE_r3,27,C1,0.001,0.34085261821746826,0.07909476011991501,0.015255706384778023,0.005499967839568853,0.006054482888430357,0.5797501802444458,0.11711040139198303,0.09018471091985703,0.909815289080143,0.8373872507363558,0.8376851007342339,0.00029784999787807465,0.6578316576778889,0.6577659696340561,-6.568804383277893e-05,0.5367860458791256,0.5362802371382713,-0.0005058087408542633,0.7522060461342335,0.7525059878826141,0.000299941748380661,False
1,REFUGE->RIM_ONE_r3,27,C2,0.001,1.2719097137451172,0.13335900008678436,0.015255706384778023,0.005499967839568853,0.006054482888430357,0.5797501802444458,0.11711040139198303,0.09018471091985703,0.909815289080143,0.8373872507363558,0.8373097907751799,-7.745996117591858e-05,0.6578316576778889,0.6577997542917728,-3.190338611602783e-05,0.5367860458791256,0.5369756668806076,0.0001896210014820099,0.7522060461342335,0.7521596178412437,-4.6428292989730835e-05,False
1,REFUGE->RIM_ONE_r3,27,C3,0.001,1.2925713062286377,0.18564359843730927,0.015255706384778023,0.005499967839568853,0.006054482888430357,0.5797501802444458,0.11711040139198303,0.09018471091985703,0.909815289080143,0.8373872507363558,0.83702159114182,-0.00036565959453582764,0.6578316576778889,0.657890573143959,5.891546607017517e-05,0.5367860458791256,0.5369387939572334,0.00015274807810783386,0.7522060461342335,0.7521735541522503,-3.2491981983184814e-05,False
1,REFUGE->RIM_ONE_r3,27,C4,0.001,1.5350457429885864,0.2930084764957428,0.015255706384778023,0.005499967839568853,0.006054482888430357,0.5797501802444458,0.11711040139198303,0.09018471091985703,0.909815289080143,0.8373872507363558,0.8339032474905252,-0.003484003245830536,0.6578316576778889,0.6588754206895828,0.0010437630116939545,0.5367860458791256,0.5364871025085449,-0.0002989433705806732,0.7522060461342335,0.7523379847407341,0.0001319386065006256,False
1,REFUGE->RIM_ONE_r3,27,C5,0.001,1.335579752922058,0.29723626375198364,0.015255706384778023,0.005499967839568853,0.006054482888430357,0.5797501802444458,0.11711040139198303,0.09018471091985703,0.909815289080143,0.8373872507363558,0.8341438267379999,-0.0032434239983558655,0.6578316576778889,0.6587843783199787,0.0009527206420898438,0.5367860458791256,0.5363876949995756,-0.00039835087954998016,0.7522060461342335,0.7523764371871948,0.0001703910529613495,False
1,REFUGE->RIM_ONE_r3,28,C0,0.001,0.46638303995132446,0.028017867356538773,0.013038885779678822,0.007492004428058863,0.007486977614462376,0.5422672629356384,0.08863291144371033,0.09018471091985703,0.909815289080143,0.8373872507363558,0.8396749682724476,0.0022877175360918045,0.6578316576778889,0.6572077050805092,-0.0006239525973796844,0.5367860458791256,0.5362267252057791,-0.0005593206733465195,0.7522060461342335,0.7524392902851105,0.0002332441508769989,False
1,REFUGE->RIM_ONE_r3,28,C1,0.001,0.47121983766555786,0.07692208886146545,0.013038885779678822,0.007492004428058863,0.007486977614462376,0.5422672629356384,0.08863291144371033,0.09018471091985703,0.909815289080143,0.8373872507363558,0.8395168781280518,0.0021296273916959763,0.6578316576778889,0.6572638340294361,-0.0005678236484527588,0.5367860458791256,0.5362539980560541,-0.0005320478230714798,0.7522060461342335,0.7524253278970718,0.00021928176283836365,False
1,REFUGE->RIM_ONE_r3,28,C2,0.001,1.1423667669296265,0.10865744948387146,0.013038885779678822,0.007492004428058863,0.007486977614462376,0.5422672629356384,0.08863291144371033,0.09018471091985703,0.909815289080143,0.8373872507363558,0.8360568378120661,-0.0013304129242897034,0.6578316576778889,0.6581849679350853,0.0003533102571964264,0.5367860458791256,0.5360004995018244,-0.0007855463773012161,0.7522060461342335,0.7526415176689625,0.0004354715347290039,False
1,REFUGE->RIM_ONE_r3,28,C3,0.001,1.1470192670822144,0.15756165981292725,0.013038885779678822,0.007492004428058863,0.007486977614462376,0.5422672629356384,0.08863291144371033,0.09018471091985703,0.909815289080143,0.8373872507363558,0.836022175848484,-0.0013650748878717422,0.6578316576778889,0.6581990122795105,0.0003673546016216278,0.5367860458791256,0.5360117666423321,-0.0007742792367935181,0.7522060461342335,0.7526352666318417,0.0004292204976081848,False
1,REFUGE->RIM_ONE_r3,28,C4,0.001,1.0511648654937744,0.249336376786232,0.013038885779678822,0.007492004428058863,0.007486977614462376,0.5422672629356384,0.08863291144371033,0.09018471091985703,0.909815289080143,0.8373872507363558,0.8346386905759573,-0.0027485601603984833,0.6578316576778889,0.6586552187800407,0.0008235611021518707,0.5367860458791256,0.5362423192709684,-0.0005437266081571579,0.7522060461342335,0.7524433881044388,0.000237341970205307,False
1,REFUGE->RIM_ONE_r3,28,C5,0.001,1.0518194437026978,0.2651776075363159,0.013038885779678822,0.007492004428058863,0.007486977614462376,0.5422672629356384,0.08863291144371033,0.09018471091985703,0.909815289080143,0.8373872507363558,0.834448853507638,-0.002938397228717804,0.6578316576778889,0.6586840189993382,0.0008523613214492798,0.5367860458791256,0.5360609423369169,-0.0007251035422086716,0.7522060461342335,0.7525345012545586,0.0003284551203250885,False
1,REFUGE->RIM_ONE_r3,29,C0,0.001,0.7012202143669128,0.03233713656663895,0.01434757374227047,0.007627739571034908,0.010361825115978718,0.5809160470962524,0.13836301863193512,0.09018471091985703,0.909815289080143,0.8373872507363558,0.8382314424961805,0.0008441917598247528,0.6578316576778889,0.6575606055557728,-0.00027105212211608887,0.5367860458791256,0.5369313936680555,0.00014534778892993927,0.7522060461342335,0.7521248832345009,-8.116289973258972e-05,False
1,REFUGE->RIM_ONE_r3,29,C1,0.001,0.6731218099594116,0.08472688496112823,0.01434757374227047,0.007627739571034908,0.010361825115978718,0.5809160470962524,0.13836301863193512,0.09018471091985703,0.909815289080143,0.8373872507363558,0.8381543681025505,0.000767117366194725,0.6578316576778889,0.6575927808880806,-0.00023887678980827332,0.5367860458791256,0.5365762375295162,-0.000209808349609375,0.7522060461342335,0.7522994875907898,9.344145655632019e-05,False
1,REFUGE->RIM_ONE_r3,29,C2,0.001,2.5403006076812744,0.15822193026542664,0.01434757374227047,0.007627739571034908,0.010361825115978718,0.5809160470962524,0.13836301863193512,0.09018471091985703,0.909815289080143,0.8373872507363558,0.8374538142234087,6.656348705291748e-05,0.6578316576778889,0.6577568352222443,-7.482245564460754e-05,0.5367860458791256,0.5360531955957413,-0.0007328502833843231,0.7522060461342335,0.7526083812117577,0.0004023350775241852,False
1,REFUGE->RIM_ONE_r3,29,C3,0.001,2.6144464015960693,0.21061167120933533,0.01434757374227047,0.007627739571034908,0.010361825115978718,0.5809160470962524,0.13836301863193512,0.09018471091985703,0.909815289080143,0.8373872507363558,0.837421678006649,3.442727029323578e-05,0.6578316576778889,0.6577711179852486,-6.0539692640304565e-05,0.5367860458791256,0.5359867289662361,-0.0007993169128894806,0.7522060461342335,0.7526393756270409,0.0004333294928073883,False
1,REFUGE->RIM_ONE_r3,29,C4,0.001,2.4046823978424072,0.31408408284187317,0.01434757374227047,0.007627739571034908,0.010361825115978718,0.5809160470962524,0.13836301863193512,0.09018471091985703,0.909815289080143,0.8373872507363558,0.8361243102699518,-0.0012629404664039612,0.6578316576778889,0.6582053266465664,0.00037366896867752075,0.5367860458791256,0.5356518477201462,-0.001134198158979416,0.7522060461342335,0.7527873106300831,0.0005812644958496094,False
1,REFUGE->RIM_ONE_r3,29,C5,0.001,2.1704835891723633,0.32012930512428284,0.01434757374227047,0.007627739571034908,0.010361825115978718,0.5809160470962524,0.13836301863193512,0.09018471091985703,0.909815289080143,0.8373872507363558,0.8367116469889879,-0.0006756037473678589,0.6578316576778889,0.6580154113471508,0.00018375366926193237,0.5367860458791256,0.5356978420168161,-0.0010882038623094559,0.7522060461342335,0.7527477368712425,0.0005416907370090485,False
1,REFUGE->RIM_ONE_r3,30,C0,0.001,0.6176615357398987,0.025163423269987106,0.014205757528543472,0.004822009243071079,0.006135657429695129,0.5453200340270996,0.09594215452671051,0.09018471091985703,0.909815289080143,0.8373872507363558,0.8341928385198116,-0.0031944122165441513,0.6578316576778889,0.6588883399963379,0.0010566823184490204,0.5367860458791256,0.5370446741580963,0.0002586282789707184,0.7522060461342335,0.7521670758724213,-3.897026181221008e-05,False
1,REFUGE->RIM_ONE_r3,30,C1,0.001,0.6332175135612488,0.07434295117855072,0.014205757528543472,0.004822009243071079,0.006135657429695129,0.5453200340270996,0.09594215452671051,0.09018471091985703,0.909815289080143,0.8373872507363558,0.834009513258934,-0.0033777374774217606,0.6578316576778889,0.6589444130659103,0.0011127553880214691,0.5367860458791256,0.5369945112615824,0.00020846538245677948,0.7522060461342335,0.7521884962916374,-1.7549842596054077e-05,False
1,REFUGE->RIM_ONE_r3,30,C2,0.001,1.4481981992721558,0.11245305836200714,0.014205757528543472,0.004822009243071079,0.006135657429695129,0.5453200340270996,0.09594215452671051,0.09018471091985703,0.909815289080143,0.8373872507363558,0.8343128897249699,-0.0030743610113859177,0.6578316576778889,0.6587601713836193,0.0009285137057304382,0.5367860458791256,0.5371544826775789,0.000368436798453331,0.7522060461342335,0.7520914822816849,-0.00011456385254859924,False
1,REFUGE->RIM_ONE_r3,30,C3,0.001,1.4738885164260864,0.16163259744644165,0.014205757528543472,0.004822009243071079,0.006135657429695129,0.5453200340270996,0.09594215452671051,0.09018471091985703,0.909815289080143,0.8373872507363558,0.8342534974217415,-0.003133753314614296,0.6578316576778889,0.6587805189192295,0.0009488612413406372,0.5367860458791256,0.5371250435709953,0.0003389976918697357,0.7522060461342335,0.7521041668951511,-0.00010187923908233643,False
1,REFUGE->RIM_ONE_r3,30,C4,0.001,1.5366190671920776,0.24255363643169403,0.014205757528543472,0.004822009243071079,0.006135657429695129,0.5453200340270996,0.09594215452671051,0.09018471091985703,0.909815289080143,0.8373872507363558,0.8334246668964624,-0.003962583839893341,0.6578316576778889,0.6590530462563038,0.001221388578414917,0.5367860458791256,0.536903765052557,0.00011771917343139648,0.7522060461342335,0.7521924190223217,-1.3627111911773682e-05,False
1,REFUGE->RIM_ONE_r3,30,C5,0.001,1.3858658075332642,0.26033878326416016,0.014205757528543472,0.004822009243071079,0.006135657429695129,0.5453200340270996,0.09594215452671051,0.09018471091985703,0.909815289080143,0.8373872507363558,0.8333341330289841,-0.004053117707371712,0.6578316576778889,0.6590590216219425,0.00122736394405365,0.5367860458791256,0.5368426777422428,5.663186311721802e-05,0.7522060461342335,0.7522174566984177,1.1410564184188843e-05,False
1,REFUGE->RIM_ONE_r3,31,C0,0.001,0.6956942081451416,0.026591885834932327,0.011344348080456257,0.00895101297646761,0.006296524778008461,0.5586960315704346,0.07059192657470703,0.09018471091985703,0.909815289080143,0.8373872507363558,0.8358352985233068,-0.001551952213048935,0.6578316576778889,0.6583020500838757,0.0004703924059867859,0.5367860458791256,0.5364321395754814,-0.0003539063036441803,0.7522060461342335,0.7524501234292984,0.00024407729506492615,False
1,REFUGE->RIM_ONE_r3,31,C1,0.001,0.6935518980026245,0.07697772979736328,0.011344348080456257,0.00895101297646761,0.006296524778008461,0.5586960315704346,0.07059192657470703,0.09018471091985703,0.909815289080143,0.8373872507363558,0.8354240842163563,-0.001963166519999504,0.6578316576778889,0.6584254465997219,0.0005937889218330383,0.5367860458791256,0.5363535303622484,-0.0004325155168771744,0.7522060461342335,0.7524912543594837,0.00028520822525024414,False
1,REFUGE->RIM_ONE_r3,31,C2,0.001,1.7100073099136353,0.09081749618053436,0.011344348080456257,0.00895101297646761,0.006296524778008461,0.5586960315704346,0.07059192657470703,0.09018471091985703,0.909815289080143,0.8373872507363558,0.8349180780351162,-0.002469172701239586,0.6578316576778889,0.6585331335663795,0.0007014758884906769,0.5367860458791256,0.5367478989064693,-3.814697265625e-05,0.7522060461342335,0.7523020766675472,9.603053331375122e-05,False
1,REFUGE->RIM_ONE_r3,31,C3,0.001,1.7443649768829346,0.14120334386825562,0.011344348080456257,0.00895101297646761,0.006296524778008461,0.5586960315704346,0.07059192657470703,0.09018471091985703,0.909815289080143,0.8373872507363558,0.8348006382584572,-0.0025866124778985977,0.6578316576778889,0.6585682965815067,0.0007366389036178589,0.5367860458791256,0.5367170758545399,-6.897002458572388e-05,0.7522060461342335,0.7523173391819,0.00011129304766654968,False
1,REFUGE->RIM_ONE_r3,31,C4,0.001,1.7535595893859863,0.2530015707015991,0.011344348080456257,0.00895101297646761,0.006296524778008461,0.5586960315704346,0.07059192657470703,0.09018471091985703,0.909815289080143,0.8373872507363558,0.8331937752664089,-0.004193475469946861,0.6578316576778889,0.6590631306171417,0.0012314729392528534,0.5367860458791256,0.5361726693809032,-0.0006133764982223511,0.7522060461342335,0.7525663413107395,0.0003602951765060425,False
1,REFUGE->RIM_ONE_r3,31,C5,0.001,1.9587193727493286,0.2543795704841614,0.011344348080456257,0.00895101297646761,0.006296524778008461,0.5586960315704346,0.07059192657470703,0.09018471091985703,0.909815289080143,0.8373872507363558,0.8335347380489111,-0.003852512687444687,0.6578316576778889,0.6589417681097984,0.0011101104319095612,0.5367860458791256,0.536241851747036,-0.0005441941320896149,0.7522060461342335,0.7525111883878708,0.00030514225363731384,False
1,RIM_ONE_r3->Drishti_GS,0,C0,0.001,0.7067817449569702,0.029238153249025345,0.01357919629663229,0.010860625654459,0.004798329435288906,0.32978469133377075,0.10716365277767181,0.05191849323455244,0.9480815067654476,0.918781653046608,0.9229256063699722,0.004143953323364258,0.6034763008356094,0.6024899892508984,-0.0009863115847110748,0.7028070762753487,0.6981617249548435,-0.004645351320505142,0.7318836450576782,0.7330944053828716,0.0012107603251934052,False
1,RIM_ONE_r3->Drishti_GS,0,C1,0.001,0.5522240400314331,0.0463600754737854,0.01357919629663229,0.010860625654459,0.004798329435288906,0.32978469133377075,0.10716365277767181,0.05191849323455244,0.9480815067654476,0.918781653046608,0.9219136089086533,0.003131955862045288,0.6034763008356094,0.602683424949646,-0.0007928758859634399,0.7028070762753487,0.6991561576724052,-0.0036509186029434204,0.7318836450576782,0.7329041212797165,0.001020476222038269,False
1,RIM_ONE_r3->Drishti_GS,0,C2,0.001,1.6717370748519897,0.1308380365371704,0.01357919629663229,0.010860625654459,0.004798329435288906,0.32978469133377075,0.10716365277767181,0.05191849323455244,0.9480815067654476,0.918781653046608,0.9183449856936932,-0.0004366673529148102,0.6034763008356094,0.6037704311311245,0.0002941302955150604,0.7028070762753487,0.6976030208170414,-0.005204055458307266,0.7318836450576782,0.7331337109208107,0.0012500658631324768,False
1,RIM_ONE_r3->Drishti_GS,0,C3,0.001,1.6334320306777954,0.14795994758605957,0.01357919629663229,0.010860625654459,0.004798329435288906,0.32978469133377075,0.10716365277767181,0.05191849323455244,0.9480815067654476,0.918781653046608,0.9175825752317905,-0.0011990778148174286,0.6034763008356094,0.6039413511753082,0.0004650503396987915,0.7028070762753487,0.6982427537441254,-0.004564322531223297,0.7318836450576782,0.7329910695552826,0.0011074244976043701,False
1,RIM_ONE_r3->Drishti_GS,0,C4,0.001,2.277398109436035,0.33092623949050903,0.01357919629663229,0.010860625654459,0.004798329435288906,0.32978469133377075,0.10716365277767181,0.05191849323455244,0.9480815067654476,0.918781653046608,0.9152429066598415,-0.0035387463867664337,0.6034763008356094,0.6043063998222351,0.0008300989866256714,0.7028070762753487,0.7047300599515438,0.0019229836761951447,0.7318836450576782,0.7314778566360474,-0.0004057884216308594,False
1,RIM_ONE_r3->Drishti_GS,0,C5,0.001,1.8806078433990479,0.3285057842731476,0.01357919629663229,0.010860625654459,0.004798329435288906,0.32978469133377075,0.10716365277767181,0.05191849323455244,0.9480815067654476,0.918781653046608,0.914791900664568,-0.003989752382040024,0.6034763008356094,0.6044693738222122,0.0009930729866027832,0.7028070762753487,0.7033145092427731,0.0005074329674243927,0.7318836450576782,0.7318039461970329,-7.969886064529419e-05,False
1,RIM_ONE_r3->Drishti_GS,1,C0,0.001,1.1088052988052368,0.030326159670948982,0.015307807363569736,0.009634830057621002,0.005383523181080818,0.291532963514328,0.08861905336380005,0.05191849323455244,0.9480815067654476,0.918781653046608,0.9217742569744587,0.0029926039278507233,0.6034763008356094,0.602944154292345,-0.000532146543264389,0.7028070762753487,0.697079710662365,-0.005727365612983704,0.7318836450576782,0.7333465069532394,0.0014628618955612183,False
1,RIM_ONE_r3->Drishti_GS,1,C1,0.001,1.3944892883300781,0.04546210914850235,0.015307807363569736,0.009634830057621002,0.005383523181080818,0.291532963514328,0.08861905336380005,0.05191849323455244,0.9480815067654476,0.918781653046608,0.9221707172691822,0.003389064222574234,0.6034763008356094,0.6028314903378487,-0.0006448104977607727,0.7028070762753487,0.6975851207971573,-0.005221955478191376,0.7318836450576782,0.7332464754581451,0.001362830400466919,False
1,RIM_ONE_r3->Drishti_GS,1,C2,0.001,2.8383779525756836,0.11434423923492432,0.015307807363569736,0.009634830057621002,0.005383523181080818,0.291532963514328,0.08861905336380005,0.05191849323455244,0.9480815067654476,0.918781653046608,0.9223406910896301,0.0035590380430221558,0.6034763008356094,0.602735374122858,-0.0007409267127513885,0.7028070762753487,0.6981120333075523,-0.004695042967796326,0.7318836450576782,0.7331239134073257,0.001240268349647522,False
1,RIM_ONE_r3->Drishti_GS,1,C3,0.001,3.1133577823638916,0.12948018312454224,0.015307807363569736,0.009634830057621002,0.005383523181080818,0.291532963514328,0.08861905336380005,0.05191849323455244,0.9480815067654476,0.918781653046608,0.9224795401096344,0.0036978870630264282,0.6034763008356094,0.6027008593082428,-0.0007754415273666382,0.7028070762753487,0.6982296630740166,-0.004577413201332092,0.7318836450576782,0.7331057637929916,0.0012221187353134155,False
1,RIM_ONE_r3->Drishti_GS,1,C4,0.001,5.09371280670166,0.3000825345516205,0.015307807363569736,0.009634830057621002,0.005383523181080818,0.291532963514328,0.08861905336380005,0.05191849323455244,0.9480815067654476,0.918781653046608,0.9227890372276306,0.004007384181022644,0.6034763008356094,0.6026299558579922,-0.0008463449776172638,0.7028070762753487,0.6988673098385334,-0.003939766436815262,0.7318836450576782,0.7329841963946819,0.0011005513370037079,False
1,RIM_ONE_r3->Drishti_GS,1,C5,0.001,3.9953038692474365,0.30662983655929565,0.015307807363569736,0.009634830057621002,0.005383523181080818,0.291532963514328,0.08861905336380005,0.05191849323455244,0.9480815067654476,0.918781653046608,0.9227181114256382,0.003936458379030228,0.6034763008356094,0.6026631258428097,-0.0008131749927997589,0.7028070762753487,0.6985898949205875,-0.004217181354761124,0.7318836450576782,0.7330367043614388,0.0011530593037605286,False
1,RIM_ONE_r3->Drishti_GS,2,C0,0.001,0.9398024082183838,0.041335999965667725,0.016543762758374214,0.018164023756980896,0.006628216709941626,0.3285340368747711,0.1093471571803093,0.05191849323455244,0.9480815067654476,0.918781653046608,0.9155110791325569,-0.003270573914051056,0.6034763008356094,0.604272373020649,0.0007960721850395203,0.7028070762753487,0.706203144043684,0.0033960677683353424,0.7318836450576782,0.7309335097670555,-0.0009501352906227112,False
1,RIM_ONE_r3->Drishti_GS,2,C1,0.001,1.0988714694976807,0.05839299410581589,0.016543762758374214,0.018164023756980896,0.006628216709941626,0.3285340368747711,0.1093471571803093,0.05191849323455244,0.9480815067654476,0.918781653046608,0.9148440137505531,-0.00393763929605484,0.6034763008356094,0.6044449917972088,0.00096869096159935,0.7028070762753487,0.7069143876433372,0.004107311367988586,0.7318836450576782,0.7307577654719353,-0.0011258795857429504,False
1,RIM_ONE_r3->Drishti_GS,2,C2,0.001,2.941805124282837,0.14500601589679718,0.016543762758374214,0.018164023756980896,0.006628216709941626,0.3285340368747711,0.1093471571803093,0.05191849323455244,0.9480815067654476,0.918781653046608,0.9179170578718185,-0.0008645951747894287,0.6034763008356094,0.6040269918739796,0.0005506910383701324,0.7028070762753487,0.6974730864167213,-0.005333989858627319,0.7318836450576782,0.73314468562603,0.0012610405683517456,False
1,RIM_ONE_r3->Drishti_GS,2,C3,0.001,2.899890899658203,0.16206300258636475,0.016543762758374214,0.018164023756980896,0.006628216709941626,0.3285340368747711,0.1093471571803093,0.05191849323455244,0.9480815067654476,0.918781653046608,0.9174639880657196,-0.0013176649808883667,0.6034763008356094,0.6041464284062386,0.0006701275706291199,0.7028070762753487,0.6978146620094776,-0.004992414265871048,0.7318836450576782,0.7330592051148415,0.0011755600571632385,False
1,RIM_ONE_r3->Drishti_GS,2,C4,0.001,2.791924476623535,0.3384932279586792,0.016543762758374214,0.018164023756980896,0.006628216709941626,0.3285340368747711,0.1093471571803093,0.05191849323455244,0.9480815067654476,0.918781653046608,0.9137914888560772,-0.004990164190530777,0.6034763008356094,0.604929868131876,0.0014535672962665558,0.7028070762753487,0.7042231634259224,0.0014160871505737305,0.7318836450576782,0.7314409762620926,-0.0004426687955856323,False
1,RIM_ONE_r3->Drishti_GS,2,C5,0.001,2.4958481788635254,0.33272475004196167,0.016543762758374214,0.018164023756980896,0.006628216709941626,0.3285340368747711,0.1093471571803093,0.05191849323455244,0.9480815067654476,0.918781653046608,0.914183996617794,-0.004597656428813934,0.6034763008356094,0.604882501065731,0.0014062002301216125,0.7028070762753487,0.7022594884037971,-0.0005475878715515137,0.7318836450576782,0.7319358140230179,5.2168965339660645e-05,False
1,RIM_ONE_r3->Drishti_GS,3,C0,0.001,0.44147399067878723,0.025686876848340034,0.017298325896263123,0.004173471126705408,0.0042150807566940784,0.21720466017723083,0.08713746815919876,0.05191849323455244,0.9480815067654476,0.918781653046608,0.9220561496913433,0.0032744966447353363,0.6034763008356094,0.6025012731552124,-0.0009750276803970337,0.7028070762753487,0.7042820379137993,0.0014749616384506226,0.7318836450576782,0.7316576316952705,-0.00022601336240768433,False
1,RIM_ONE_r3->Drishti_GS,3,C1,0.001,0.46040400862693787,0.0369638130068779,0.017298325896263123,0.004173471126705408,0.0042150807566940784,0.21720466017723083,0.08713746815919876,0.05191849323455244,0.9480815067654476,0.918781653046608,0.9205169603228569,0.0017353072762489319,0.6034763008356094,0.6028762608766556,-0.0006000399589538574,0.7028070762753487,0.7066814415156841,0.0038743652403354645,0.7318836450576782,0.7310390807688236,-0.000844564288854599,False
1,RIM_ONE_r3->Drishti_GS,3,C2,0.001,2.174076795578003,0.10830029845237732,0.017298325896263123,0.004173471126705408,0.0042150807566940784,0.21720466017723083,0.08713746815919876,0.05191849323455244,0.9480815067654476,0.918781653046608,0.922778706997633,0.003997053951025009,0.6034763008356094,0.6026212349534035,-0.0008550658822059631,0.7028070762753487,0.6988480649888515,-0.003959011286497116,0.7318836450576782,0.7329585961997509,0.0010749511420726776,False
1,RIM_ONE_r3->Drishti_GS,3,C3,0.001,2.0706582069396973,0.11957723647356033,0.017298325896263123,0.004173471126705408,0.0042150807566940784,0.21720466017723083,0.08713746815919876,0.05191849323455244,0.9480815067654476,0.918781653046608,0.9226643294095993,0.003882676362991333,0.6034763008356094,0.6026541665196419,-0.0008221343159675598,0.7028070762753487,0.6991592645645142,-0.003647811710834503,0.7318836450576782,0.7328850999474525,0.0010014548897743225,False
1,RIM_ONE_r3->Drishti_GS,3,C4,0.001,1.4067703485488892,0.25159335136413574,0.017298325896263123,0.004173471126705408,0.0042150807566940784,0.21720466017723083,0.08713746815919876,0.05191849323455244,0.9480815067654476,0.918781653046608,0.9189448691904545,0.00016321614384651184,0.6034763008356094,0.6034715101122856,-4.7907233238220215e-06,0.7028070762753487,0.7063611596822739,0.0035540834069252014,0.7318836450576782,0.7310847342014313,-0.0007989108562469482,False
1,RIM_ONE_r3->Drishti_GS,3,C5,0.001,1.0530978441238403,0.26933684945106506,0.017298325896263123,0.004173471126705408,0.0042150807566940784,0.21720466017723083,0.08713746815919876,0.05191849323455244,0.9480815067654476,0.918781653046608,0.9194538369774818,0.0006721839308738708,0.6034763008356094,0.6034961268305779,1.9825994968414307e-05,0.7028070762753487,0.7029334865510464,0.00012641027569770813,0.7318836450576782,0.7319448888301849,6.124377250671387e-05,False
1,RIM_ONE_r3->Drishti_GS,4,C0,0.001,1.2699685096740723,0.0337621346116066,0.015309931710362434,0.012545650824904442,0.005906551145017147,0.2666551172733307,0.11827361583709717,0.05191849323455244,0.9480815067654476,0.918781653046608,0.9182079508900642,-0.0005737021565437317,0.6034763008356094,0.6032874099910259,-0.00018889084458351135,0.7028070762753487,0.7104028351604939,0.007595758885145187,0.7318836450576782,0.7299860715866089,-0.001897573471069336,False
1,RIM_ONE_r3->Drishti_GS,4,C1,0.001,1.400619387626648,0.047606468200683594,0.015309931710362434,0.012545650824904442,0.005906551145017147,0.2666551172733307,0.11827361583709717,0.05191849323455244,0.9480815067654476,0.918781653046608,0.9177154861390591,-0.0010661669075489044,0.6034763008356094,0.6034513376653194,-2.4963170289993286e-05,0.7028070762753487,0.7105290442705154,0.0077219679951667786,0.7318836450576782,0.7299496531486511,-0.0019339919090270996,False
1,RIM_ONE_r3->Drishti_GS,4,C2,0.001,1.456721544265747,0.14589515328407288,0.015309931710362434,0.012545650824904442,0.005906551145017147,0.2666551172733307,0.11827361583709717,0.05191849323455244,0.9480815067654476,0.918781653046608,0.9178571254014969,-0.000924527645111084,0.6034763008356094,0.603921290487051,0.0004449896514415741,0.7028070762753487,0.7021686770021915,-0.0006383992731571198,0.7318836450576782,0.7319510877132416,6.744265556335449e-05,False
1,RIM_ONE_r3->Drishti_GS,4,C3,0.001,1.5055066347122192,0.15973949432373047,0.015309931710362434,0.012545650824904442,0.005906551145017147,0.2666551172733307,0.11827361583709717,0.05191849323455244,0.9480815067654476,0.918781653046608,0.9173769056797028,-0.0014047473669052124,0.6034763008356094,0.6040392182767391,0.0005629174411296844,0.7028070762753487,0.7029153555631638,0.000108279287815094,0.7318836450576782,0.7317718639969826,-0.0001117810606956482,False
1,RIM_ONE_r3->Drishti_GS,4,C4,0.001,2.4177846908569336,0.31663402915000916,0.015309931710362434,0.012545650824904442,0.005906551145017147,0.2666551172733307,0.11827361583709717,0.05191849323455244,0.9480815067654476,0.918781653046608,0.9150356389582157,-0.0037460140883922577,0.6034763008356094,0.6044430211186409,0.0009667202830314636,0.7028070762753487,0.7080968171358109,0.005289740860462189,0.7318836450576782,0.7305258065462112,-0.00135783851146698,False
1,RIM_ONE_r3->Drishti_GS,4,C5,0.001,1.9194597005844116,0.3239712119102478,0.015309931710362434,0.012545650824904442,0.005906551145017147,0.2666551172733307,0.11827361583709717,0.05191849323455244,0.9480815067654476,0.918781653046608,0.9147591665387154,-0.004022486507892609,0.6034763008356094,0.6045538708567619,0.0010775700211524963,0.7028070762753487,0.7072526887059212,0.00444561243057251,0.7318836450576782,0.7307133302092552,-0.0011703148484230042,False
1,RIM_ONE_r3->Drishti_GS,5,C0,0.001,0.41434696316719055,0.025182778015732765,0.013867545872926712,0.006147902458906174,0.0051673296838998795,0.2072525918483734,0.09675471484661102,0.05191849323455244,0.9480815067654476,0.918781653046608,0.9189664907753468,0.0001848377287387848,0.6034763008356094,0.603756133466959,0.0002798326313495636,0.7028070762753487,0.6981460228562355,-0.004661053419113159,0.7318836450576782,0.7330633997917175,0.0011797547340393066,False
1,RIM_ONE_r3->Drishti_GS,5,C1,0.001,0.4136448800563812,0.03594302013516426,0.013867545872926712,0.006147902458906174,0.0051673296838998795,0.2072525918483734,0.09675471484661102,0.05191849323455244,0.9480815067654476,0.918781653046608,0.9177597127854824,-0.0010219402611255646,0.6034763008356094,0.6040767394006252,0.0006004385650157928,0.7028070762753487,0.6993267051875591,-0.0034803710877895355,0.7318836450576782,0.7327827624976635,0.0008991174399852753,False
1,RIM_ONE_r3->Drishti_GS,5,C2,0.001,1.2689030170440674,0.11691413074731827,0.013867545872926712,0.006147902458906174,0.0051673296838998795,0.2072525918483734,0.09675471484661102,0.05191849323455244,0.9480815067654476,0.918781653046608,0.9199776761233807,0.0011960230767726898,0.6034763008356094,0.6032897755503654,-0.00018652528524398804,0.7028070762753487,0.6999450251460075,-0.0028620511293411255,0.7318836450576782,0.7326555401086807,0.0007718950510025024,False
1,RIM_ONE_r3->Drishti_GS,5,C3,0.001,1.262742280960083,0.12767437100410461,0.013867545872926712,0.006147902458906174,0.0051673296838998795,0.2072525918483734,0.09675471484661102,0.05191849323455244,0.9480815067654476,0.918781653046608,0.9195968620479107,0.0008152090013027191,0.6034763008356094,0.6033907011151314,-8.559972047805786e-05,0.7028070762753487,0.7003290019929409,-0.0024780742824077606,0.7318836450576782,0.7325601354241371,0.0006764903664588928,False
1,RIM_ONE_r3->Drishti_GS,5,C4,0.001,1.313645601272583,0.26225534081459045,0.013867545872926712,0.006147902458906174,0.0051673296838998795,0.2072525918483734,0.09675471484661102,0.05191849323455244,0.9480815067654476,0.918781653046608,0.9157520309090614,-0.0030296221375465393,0.6034763008356094,0.604366697371006,0.0008903965353965759,0.7028070762753487,0.7044585309922695,0.0016514547169208527,0.7318836450576782,0.7315082512795925,-0.0003753937780857086,False
1,RIM_ONE_r3->Drishti_GS,5,C5,0.001,1.1269381046295166,0.27733057737350464,0.013867545872926712,0.006147902458906174,0.0051673296838998795,0.2072525918483734,0.09675471484661102,0.05191849323455244,0.9480815067654476,0.918781653046608,0.9152323268353939,-0.0035493262112140656,0.6034763008356094,0.604556281119585,0.0010799802839756012,0.7028070762753487,0.7028010077774525,-6.068497896194458e-06,0.7318836450576782,0.7319195680320263,3.592297434806824e-05,False
1,RIM_ONE_r3->Drishti_GS,6,C0,0.001,0.5471897721290588,0.02867080830037594,0.013879500329494476,0.007899508811533451,0.006891800556331873,0.27058982849121094,0.06352203339338303,0.05191849323455244,0.9480815067654476,0.918781653046608,0.9149626605212688,-0.0038189925253391266,0.6034763008356094,0.6044327616691589,0.0009564608335494995,0.7028070762753487,0.7034742049872875,0.000667128711938858,0.7318836450576782,0.7316685020923615,-0.00021514296531677246,False
1,RIM_ONE_r3->Drishti_GS,6,C1,0.001,0.6779087781906128,0.04271942377090454,0.013879500329494476,0.007899508811533451,0.006891800556331873,0.27058982849121094,0.06352203339338303,0.05191849323455244,0.9480815067654476,0.918781653046608,0.9141245186328888,-0.004657134413719177,0.6034763008356094,0.6047172844409943,0.0012409836053848267,0.7028070762753487,0.7034243978559971,0.0006173215806484222,0.7318836450576782,0.7316870503127575,-0.0001965947449207306,False
1,RIM_ONE_r3->Drishti_GS,6,C2,0.001,1.377357840538025,0.08889487385749817,0.013879500329494476,0.007899508811533451,0.006891800556331873,0.27058982849121094,0.06352203339338303,0.05191849323455244,0.9480815067654476,0.918781653046608,0.917037408798933,-0.001744244247674942,0.6034763008356094,0.6038918495178223,0.0004155486822128296,0.7028070762753487,0.7028658799827099,5.8803707361221313e-05,0.7318836450576782,0.731775090098381,-0.00010855495929718018,False
1,RIM_ONE_r3->Drishti_GS,6,C3,0.001,1.4705008268356323,0.10294348746538162,0.013879500329494476,0.007899508811533451,0.006891800556331873,0.27058982849121094,0.06352203339338303,0.05191849323455244,0.9480815067654476,0.918781653046608,0.9164159260690212,-0.002365726977586746,0.6034763008356094,0.6040838584303856,0.0006075575947761536,0.7028070762753487,0.7029003612697124,9.328499436378479e-05,0.7318836450576782,0.7317719087004662,-0.00011173635721206665,False
1,RIM_ONE_r3->Drishti_GS,6,C4,0.001,2.537069320678711,0.2824500799179077,0.013879500329494476,0.007899508811533451,0.006891800556331873,0.27058982849121094,0.06352203339338303,0.05191849323455244,0.9480815067654476,0.918781653046608,0.9140851125121117,-0.004696540534496307,0.6034763008356094,0.6048203408718109,0.001344040036201477,0.7028070762753487,0.7026036605238914,-0.00020341575145721436,0.7318836450576782,0.7318979352712631,1.4290213584899902e-05,False
1,RIM_ONE_r3->Drishti_GS,6,C5,0.001,2.00239634513855,0.2894744277000427,0.013879500329494476,0.007899508811533451,0.006891800556331873,0.27058982849121094,0.06352203339338303,0.05191849323455244,0.9480815067654476,0.918781653046608,0.9140570983290672,-0.004724554717540741,0.6034763008356094,0.6048281118273735,0.0013518109917640686,0.7028070762753487,0.7024581171572208,-0.0003489591181278229,0.7318836450576782,0.7319219186902046,3.8273632526397705e-05,False
1,RIM_ONE_r3->Drishti_GS,7,C0,0.001,0.7146485447883606,0.03227881342172623,0.0160832479596138,0.00891207717359066,0.007283489219844341,0.2572283148765564,0.04967314004898071,0.05191849323455244,0.9480815067654476,0.918781653046608,0.9171495921909809,-0.00163206085562706,0.6034763008356094,0.6038847789168358,0.0004084780812263489,0.7028070762753487,0.7083235904574394,0.005516514182090759,0.7318836450576782,0.7305083461105824,-0.001375298947095871,False
1,RIM_ONE_r3->Drishti_GS,7,C1,0.001,0.8044642806053162,0.045633718371391296,0.0160832479596138,0.00891207717359066,0.007283489219844341,0.2572283148765564,0.04967314004898071,0.05191849323455244,0.9480815067654476,0.918781653046608,0.9167128391563892,-0.0020688138902187347,0.6034763008356094,0.6039998456835747,0.0005235448479652405,0.7028070762753487,0.7085831798613071,0.005776103585958481,0.7318836450576782,0.7304364070296288,-0.001447238028049469,False
1,RIM_ONE_r3->Drishti_GS,7,C2,0.001,1.277915120124817,0.07937300205230713,0.0160832479596138,0.00891207717359066,0.007283489219844341,0.2572283148765564,0.04967314004898071,0.05191849323455244,0.9480815067654476,0.918781653046608,0.9181799851357937,-0.0006016679108142853,0.6034763008356094,0.603906836360693,0.00043053552508354187,0.7028070762753487,0.7015002965927124,-0.001306779682636261,0.7318836450576782,0.732147816568613,0.0002641715109348297,False
1,RIM_ONE_r3->Drishti_GS,7,C3,0.001,1.3060073852539062,0.0927278995513916,0.0160832479596138,0.00891207717359066,0.007283489219844341,0.2572283148765564,0.04967314004898071,0.05191849323455244,0.9480815067654476,0.918781653046608,0.9178266637027264,-0.0009549893438816071,0.6034763008356094,0.603991124778986,0.0005148239433765411,0.7028070762753487,0.7020371779799461,-0.0007698982954025269,0.7318836450576782,0.7320144474506378,0.00013080239295959473,False
1,RIM_ONE_r3->Drishti_GS,7,C4,0.001,1.6325260400772095,0.266704797744751,0.0160832479596138,0.00891207717359066,0.007283489219844341,0.2572283148765564,0.04967314004898071,0.05191849323455244,0.9480815067654476,0.918781653046608,0.915465172380209,-0.003316480666399002,0.6034763008356094,0.6044962629675865,0.0010199621319770813,0.7028070762753487,0.7058479301631451,0.003040853887796402,0.7318836450576782,0.7310781329870224,-0.0008055120706558228,False
1,RIM_ONE_r3->Drishti_GS,7,C5,0.001,1.4990400075912476,0.278732031583786,0.0160832479596138,0.00891207717359066,0.007283489219844341,0.2572283148765564,0.04967314004898071,0.05191849323455244,0.9480815067654476,0.918781653046608,0.9156379960477352,-0.003143656998872757,0.6034763008356094,0.6045357882976532,0.0010594874620437622,0.7028070762753487,0.7037593461573124,0.0009522698819637299,0.7318836450576782,0.7315906286239624,-0.0002930164337158203,False
1,RIM_ONE_r3->Drishti_GS,8,C0,0.001,0.6993480920791626,0.031043779104948044,0.016863886266946793,0.008107132278382778,0.006072760559618473,0.2345121055841446,0.08412545919418335,0.05191849323455244,0.9480815067654476,0.918781653046608,0.9174258038401604,-0.0013558492064476013,0.6034763008356094,0.6041710786521435,0.0006947778165340424,0.7028070762753487,0.6974652856588364,-0.005341790616512299,0.7318836450576782,0.7331888824701309,0.0013052374124526978,False
1,RIM_ONE_r3->Drishti_GS,8,C1,0.001,0.7776309847831726,0.043219294399023056,0.016863886266946793,0.008107132278382778,0.006072760559618473,0.2345121055841446,0.08412545919418335,0.05191849323455244,0.9480815067654476,0.918781653046608,0.9180365242063999,-0.0007451288402080536,0.6034763008356094,0.6040580049157143,0.0005817040801048279,0.7028070762753487,0.6975941769778728,-0.005212899297475815,0.7318836450576782,0.7331921607255936,0.0013085156679153442,False
1,RIM_ONE_r3->Drishti_GS,8,C2,0.001,2.276395082473755,0.110801562666893,0.016863886266946793,0.008107132278382778,0.006072760559618473,0.2345121055841446,0.08412545919418335,0.05191849323455244,0.9480815067654476,0.918781653046608,0.9161671213805676,-0.0026145316660404205,0.6034763008356094,0.604433786123991,0.0009574852883815765,0.7028070762753487,0.6982671581208706,-0.004539918154478073,0.7318836450576782,0.7329372614622116,0.0010536164045333862,False
1,RIM_ONE_r3->Drishti_GS,8,C3,0.001,2.220820426940918,0.12297707796096802,0.016863886266946793,0.008107132278382778,0.006072760559618473,0.2345121055841446,0.08412545919418335,0.05191849323455244,0.9480815067654476,0.918781653046608,0.9162830747663975,-0.002498578280210495,0.6034763008356094,0.6044381186366081,0.0009618178009986877,0.7028070762753487,0.6979985013604164,-0.004808574914932251,0.7318836450576782,0.7330109886825085,0.001127343624830246,False
1,RIM_ONE_r3->Drishti_GS,8,C4,0.001,2.4035205841064453,0.275755912065506,0.016863886266946793,0.008107132278382778,0.006072760559618473,0.2345121055841446,0.08412545919418335,0.05191849323455244,0.9480815067654476,0.918781653046608,0.9195923209190369,0.000810667872428894,0.6034763008356094,0.603671595454216,0.00019529461860656738,0.7028070762753487,0.6979106329381466,-0.004896443337202072,0.7318836450576782,0.7331835553050041,0.0012999102473258972,False
1,RIM_ONE_r3->Drishti_GS,8,C5,0.001,1.982403039932251,0.292311429977417,0.016863886266946793,0.008107132278382778,0.006072760559618473,0.2345121055841446,0.08412545919418335,0.05191849323455244,0.9480815067654476,0.918781653046608,0.9184437729418278,-0.00033788010478019714,0.6034763008356094,0.6040038093924522,0.000527508556842804,0.7028070762753487,0.6969829872250557,-0.005824089050292969,0.7318836450576782,0.7333573289215565,0.0014736838638782501,False
1,RIM_ONE_r3->Drishti_GS,9,C0,0.001,0.4406161606311798,0.026583347469568253,0.014456121250987053,0.007284609600901604,0.004842616617679596,0.29942452907562256,0.085997074842453,0.05191849323455244,0.9480815067654476,0.918781653046608,0.9188767783343792,9.512528777122498e-05,0.6034763008356094,0.6036363020539284,0.0001600012183189392,0.7028070762753487,0.699253723025322,-0.003553353250026703,0.7318836450576782,0.732778362929821,0.0008947178721427917,False
1,RIM_ONE_r3->Drishti_GS,9,C1,0.001,0.47664162516593933,0.042129017412662506,0.014456121250987053,0.007284609600901604,0.004842616617679596,0.29942452907562256,0.085997074842453,0.05191849323455244,0.9480815067654476,0.918781653046608,0.9155326634645462,-0.0032489895820617676,0.6034763008356094,0.6044781394302845,0.001001838594675064,0.7028070762753487,0.7019719481468201,-0.000835128128528595,0.7318836450576782,0.7321031615138054,0.00021951645612716675,False
1,RIM_ONE_r3->Drishti_GS,9,C2,0.001,2.1877524852752686,0.10811558365821838,0.014456121250987053,0.007284609600901604,0.004842616617679596,0.29942452907562256,0.085997074842453,0.05191849323455244,0.9480815067654476,0.918781653046608,0.9181594923138618,-0.0006221607327461243,0.6034763008356094,0.6039336621761322,0.0004573613405227661,0.7028070762753487,0.6968461945652962,-0.00596088171005249,0.7318836450576782,0.7333298325538635,0.0014461874961853027,False
1,RIM_ONE_r3->Drishti_GS,9,C3,0.001,2.140941858291626,0.12366124987602234,0.014456121250987053,0.007284609600901604,0.004842616617679596,0.29942452907562256,0.085997074842453,0.05191849323455244,0.9480815067654476,0.918781653046608,0.9174075797200203,-0.001374073326587677,0.6034763008356094,0.6041329316794872,0.0006566308438777924,0.7028070762753487,0.697236929088831,-0.0055701471865177155,0.7318836450576782,0.7332366406917572,0.0013529956340789795,False
1,RIM_ONE_r3->Drishti_GS,9,C4,0.001,2.5345523357391357,0.29651427268981934,0.014456121250987053,0.007284609600901604,0.004842616617679596,0.29942452907562256,0.085997074842453,0.05191849323455244,0.9480815067654476,0.918781653046608,0.9132559560239315,-0.005525697022676468,0.6034763008356094,0.6049990318715572,0.0015227310359477997,0.7028070762753487,0.7040335014462471,0.0012264251708984375,0.7318836450576782,0.731565747410059,-0.00031789764761924744,False
1,RIM_ONE_r3->Drishti_GS,9,C5,0.001,2.1923344135284424,0.30031612515449524,0.014456121250987053,0.007284609600901604,0.004842616617679596,0.29942452907562256,0.085997074842453,0.05191849323455244,0.9480815067654476,0.918781653046608,0.9135871678590775,-0.005194485187530518,0.6034763008356094,0.6050072945654392,0.0015309937298297882,0.7028070762753487,0.701676718890667,-0.0011303573846817017,0.7318836450576782,0.732142761349678,0.0002591162919998169,False
1,RIM_ONE_r3->Drishti_GS,10,C0,0.001,5.590002536773682,0.07104364037513733,0.01323690265417099,0.04529110714793205,0.012515631504356861,0.16755634546279907,0.18313509225845337,0.05191849323455244,0.9480815067654476,0.918781653046608,0.9181885719299316,-0.0005930811166763306,0.6034763008356094,0.6037303358316422,0.00025403499603271484,0.7028070762753487,0.699949748814106,-0.0028573274612426758,0.7318836450576782,0.7326208539307117,0.0007372088730335236,False
1,RIM_ONE_r3->Drishti_GS,10,C1,0.001,5.642665386199951,0.0797429159283638,0.01323690265417099,0.04529110714793205,0.012515631504356861,0.16755634546279907,0.18313509225845337,0.05191849323455244,0.9480815067654476,0.918781653046608,0.9181769415736198,-0.0006047114729881287,0.6034763008356094,0.6037380024790764,0.00026170164346694946,0.7028070762753487,0.6999558247625828,-0.0028512515127658844,0.7318836450576782,0.7326178029179573,0.0007341578602790833,False
1,RIM_ONE_r3->Drishti_GS,10,C2,0.001,8.117156982421875,0.24467062950134277,0.01323690265417099,0.04529110714793205,0.012515631504356861,0.16755634546279907,0.18313509225845337,0.05191849323455244,0.9480815067654476,0.918781653046608,0.9199387058615685,0.0011570528149604797,0.6034763008356094,0.603204034268856,-0.00027226656675338745,0.7028070762753487,0.6999946497380733,-0.0028124265372753143,0.7318836450576782,0.7326683476567268,0.0007847025990486145,False
1,RIM_ONE_r3->Drishti_GS,10,C3,0.001,8.148536682128906,0.25336989760398865,0.01323690265417099,0.04529110714793205,0.012515631504356861,0.16755634546279907,0.18313509225845337,0.05191849323455244,0.9480815067654476,0.918781653046608,0.9199219420552254,0.0011402890086174011,0.6034763008356094,0.6032132245600224,-0.0002630762755870819,0.7028070762753487,0.6999899819493294,-0.002817094326019287,0.7318836450576782,0.7326685301959515,0.0007848851382732391,False
1,RIM_ONE_r3->Drishti_GS,10,C4,0.001,7.2956862449646,0.34464332461357117,0.01323690265417099,0.04529110714793205,0.012515631504356861,0.16755634546279907,0.18313509225845337,0.05191849323455244,0.9480815067654476,0.918781653046608,0.9189946725964546,0.00021301954984664917,0.6034763008356094,0.6035289391875267,5.2638351917266846e-05,0.7028070762753487,0.6998483538627625,-0.002958722412586212,0.7318836450576782,0.7326649501919746,0.0007813051342964172,False
1,RIM_ONE_r3->Drishti_GS,10,C5,0.001,6.8994293212890625,0.3625277578830719,0.01323690265417099,0.04529110714793205,0.012515631504356861,0.16755634546279907,0.18313509225845337,0.05191849323455244,0.9480815067654476,0.918781653046608,0.9189064539968967,0.00012480095028877258,0.6034763008356094,0.6035388894379139,6.258860230445862e-05,0.7028070762753487,0.6999641470611095,-0.0028429292142391205,0.7318836450576782,0.7326368130743504,0.0007531680166721344,False
1,RIM_ONE_r3->Drishti_GS,11,C0,0.001,1.0755813121795654,0.028908152133226395,0.013793744146823883,0.009371262043714523,0.005743145942687988,0.32678020000457764,0.10495038330554962,0.05191849323455244,0.9480815067654476,0.918781653046608,0.9236424341797829,0.004860781133174896,0.6034763008356094,0.6021095290780067,-0.0013667717576026917,0.7028070762753487,0.7010724805295467,-0.0017345957458019257,0.7318836450576782,0.7323997281491756,0.0005160830914974213,False
1,RIM_ONE_r3->Drishti_GS,11,C1,0.001,1.0067353248596191,0.04587408900260925,0.013793744146823883,0.009371262043714523,0.005743145942687988,0.32678020000457764,0.10495038330554962,0.05191849323455244,0.9480815067654476,0.918781653046608,0.9230088628828526,0.004227209836244583,0.6034763008356094,0.6022335700690746,-0.0012427307665348053,0.7028070762753487,0.7021656520664692,-0.0006414242088794708,0.7318836450576782,0.7321487478911877,0.0002651028335094452,False
1,RIM_ONE_r3->Drishti_GS,11,C2,0.001,3.1087989807128906,0.12840966880321503,0.013793744146823883,0.009371262043714523,0.005743145942687988,0.32678020000457764,0.10495038330554962,0.05191849323455244,0.9480815067654476,0.918781653046608,0.92238674685359,0.0036050938069820404,0.6034763008356094,0.6027722582221031,-0.0007040426135063171,0.7028070762753487,0.6968562267720699,-0.005950849503278732,0.7318836450576782,0.733409970998764,0.0015263259410858154,False
1,RIM_ONE_r3->Drishti_GS,11,C3,0.001,2.9419102668762207,0.14537560939788818,0.013793744146823883,0.009371262043714523,0.005743145942687988,0.32678020000457764,0.10495038330554962,0.05191849323455244,0.9480815067654476,0.918781653046608,0.9222581163048744,0.003476463258266449,0.6034763008356094,0.6028066985309124,-0.0006696023046970367,0.7028070762753487,0.6968914158642292,-0.005915660411119461,0.7318836450576782,0.7334134690463543,0.0015298239886760712,False
1,RIM_ONE_r3->Drishti_GS,11,C4,0.001,1.928288221359253,0.32784005999565125,0.013793744146823883,0.009371262043714523,0.005743145942687988,0.32678020000457764,0.10495038330554962,0.05191849323455244,0.9480815067654476,0.918781653046608,0.9193442538380623,0.0005626007914543152,0.6034763008356094,0.6033570729196072,-0.00011922791600227356,0.7028070762753487,0.7019179053604603,-0.000889170914888382,0.7318836450576782,0.7322829365730286,0.0003992915153503418,False
1,RIM_ONE_r3->Drishti_GS,11,C5,0.001,1.5546257495880127,0.3271673321723938,0.013793744146823883,0.009371262043714523,0.005743145942687988,0.32678020000457764,0.10495038330554962,0.05191849323455244,0.9480815067654476,0.918781653046608,0.9196990467607975,0.0009173937141895294,0.6034763008356094,0.6033322922885418,-0.0001440085470676422,0.7028070762753487,0.69971838966012,-0.003088686615228653,0.7318836450576782,0.7328087277710438,0.0009250827133655548,False
1,RIM_ONE_r3->Drishti_GS,12,C0,0.001,0.494147390127182,0.033102355897426605,0.016456076875329018,0.010599000379443169,0.0060472795739769936,0.2847740352153778,0.0813734158873558,0.05191849323455244,0.9480815067654476,0.918781653046608,0.9192421920597553,0.0004605390131473541,0.6034763008356094,0.6031648889183998,-0.00031141191720962524,0.7028070762753487,0.704872190952301,0.002065114676952362,0.7318836450576782,0.7314746677875519,-0.0004089772701263428,False
1,RIM_ONE_r3->Drishti_GS,12,C1,0.001,0.6901065707206726,0.04788739234209061,0.016456076875329018,0.010599000379443169,0.0060472795739769936,0.2847740352153778,0.0813734158873558,0.05191849323455244,0.9480815067654476,0.918781653046608,0.9211851507425308,0.0024034976959228516,0.6034763008356094,0.6027962118387222,-0.000680088996887207,0.7028070762753487,0.7028143145143986,7.238239049911499e-06,0.7318836450576782,0.7320321947336197,0.00014854967594146729,False
1,RIM_ONE_r3->Drishti_GS,12,C2,0.001,1.1146448850631714,0.11025098711252213,0.016456076875329018,0.010599000379443169,0.0060472795739769936,0.2847740352153778,0.0813734158873558,0.05191849323455244,0.9480815067654476,0.918781653046608,0.9211116693913937,0.0023300163447856903,0.6034763008356094,0.602812971919775,-0.0006633289158344269,0.7028070762753487,0.7017042748630047,-0.0011028014123439789,0.7318836450576782,0.7323099933564663,0.0004263482987880707,False
1,RIM_ONE_r3->Drishti_GS,12,C3,0.001,1.3236467838287354,0.12503603100776672,0.016456076875329018,0.010599000379443169,0.0060472795739769936,0.2847740352153778,0.0813734158873558,0.05191849323455244,0.9480815067654476,0.918781653046608,0.9218217469751835,0.0030400939285755157,0.6034763008356094,0.6026787459850311,-0.0007975548505783081,0.7028070762753487,0.7011760883033276,-0.001630987972021103,0.7318836450576782,0.7324572503566742,0.0005736052989959717,False
1,RIM_ONE_r3->Drishti_GS,12,C4,0.001,3.930110454559326,0.2971988320350647,0.016456076875329018,0.010599000379443169,0.0060472795739769936,0.2847740352153778,0.0813734158873558,0.05191849323455244,0.9480815067654476,0.918781653046608,0.9228192567825317,0.004037603735923767,0.6034763008356094,0.6025497354567051,-0.0009265653789043427,0.7028070762753487,0.7002290673553944,-0.0025780089199543,0.7318836450576782,0.7326875627040863,0.0008039176464080811,False
1,RIM_ONE_r3->Drishti_GS,12,C5,0.001,2.7422642707824707,0.3036011755466461,0.016456076875329018,0.010599000379443169,0.0060472795739769936,0.2847740352153778,0.0813734158873558,0.05191849323455244,0.9480815067654476,0.918781653046608,0.922757875174284,0.00397622212767601,0.6034763008356094,0.6025794968008995,-0.0008968040347099304,0.7028070762753487,0.7000815197825432,-0.002725556492805481,0.7318836450576782,0.7327144593000412,0.0008308142423629761,False
1,RIM_ONE_r3->Drishti_GS,13,C0,0.001,1.1024649143218994,0.03272107616066933,0.017298325896263123,0.00961374118924141,0.0058090100064873695,0.337103009223938,0.08850318938493729,0.05191849323455244,0.9480815067654476,0.918781653046608,0.9158307425677776,-0.0029509104788303375,0.6034763008356094,0.6041634567081928,0.0006871558725833893,0.7028070762753487,0.7063063494861126,0.0034992732107639313,0.7318836450576782,0.7309116497635841,-0.0009719952940940857,False
1,RIM_ONE_r3->Drishti_GS,13,C1,0.001,1.2662146091461182,0.05022295564413071,0.017298325896263123,0.00961374118924141,0.0058090100064873695,0.337103009223938,0.08850318938493729,0.05191849323455244,0.9480815067654476,0.918781653046608,0.9152674674987793,-0.0035141855478286743,0.6034763008356094,0.6043143048882484,0.0008380040526390076,0.7028070762753487,0.7067824155092239,0.003975339233875275,0.7318836450576782,0.7307953462004662,-0.0010882988572120667,False
1,RIM_ONE_r3->Drishti_GS,13,C2,0.001,3.2201168537139893,0.11662931740283966,0.017298325896263123,0.00961374118924141,0.0058090100064873695,0.337103009223938,0.08850318938493729,0.05191849323455244,0.9480815067654476,0.918781653046608,0.917425986379385,-0.0013556666672229767,0.6034763008356094,0.6041805893182755,0.0007042884826660156,0.7028070762753487,0.6977718882262707,-0.005035188049077988,0.7318836450576782,0.7330568172037601,0.0011731721460819244,False
1,RIM_ONE_r3->Drishti_GS,13,C3,0.001,3.2109179496765137,0.13413119316101074,0.017298325896263123,0.00961374118924141,0.0058090100064873695,0.337103009223938,0.08850318938493729,0.05191849323455244,0.9480815067654476,0.918781653046608,0.9170586541295052,-0.0017229989171028137,0.6034763008356094,0.6042731702327728,0.0007968693971633911,0.7028070762753487,0.6980666555464268,-0.00474042072892189,0.7318836450576782,0.732986181974411,0.001102536916732788,False
1,RIM_ONE_r3->Drishti_GS,13,C4,0.001,3.092512845993042,0.3251532018184662,0.017298325896263123,0.00961374118924141,0.0058090100064873695,0.337103009223938,0.08850318938493729,0.05191849323455244,0.9480815067654476,0.918781653046608,0.9141083769500256,-0.004673276096582413,0.6034763008356094,0.6048841178417206,0.001407817006111145,0.7028070762753487,0.7032556682825089,0.00044859200716018677,0.7318836450576782,0.7316834107041359,-0.00020023435354232788,False
1,RIM_ONE_r3->Drishti_GS,13,C5,0.001,2.74454665184021,0.31733155250549316,0.017298325896263123,0.00961374118924141,0.0058090100064873695,0.337103009223938,0.08850318938493729,0.05191849323455244,0.9480815067654476,0.918781653046608,0.9144198000431061,-0.004361853003501892,0.6034763008356094,0.6048408970236778,0.00136459618806839,0.7028070762753487,0.7018299549818039,-0.0009771212935447693,0.7318836450576782,0.7320445738732815,0.00016092881560325623,False
1,RIM_ONE_r3->Drishti_GS,14,C0,0.001,0.7772616744041443,0.024822665378451347,0.014929384924471378,0.00645885756239295,0.0034344231244176626,0.2154810130596161,0.09439637511968613,0.05191849323455244,0.9480815067654476,0.918781653046608,0.9211121462285519,0.0023304931819438934,0.6034763008356094,0.6032257936894894,-0.0002505071461200714,0.7028070762753487,0.6964325234293938,-0.006374552845954895,0.7318836450576782,0.7334212549030781,0.0015376098453998566,False
1,RIM_ONE_r3->Drishti_GS,14,C1,0.001,0.6353837251663208,0.03601011633872986,0.014929384924471378,0.00645885756239295,0.0034344231244176626,0.2154810130596161,0.09439637511968613,0.05191849323455244,0.9480815067654476,0.918781653046608,0.9205719940364361,0.0017903409898281097,0.6034763008356094,0.6034061908721924,-7.010996341705322e-05,0.7028070762753487,0.6969166398048401,-0.0058904364705085754,0.7318836450576782,0.7332979999482632,0.0014143548905849457,False
1,RIM_ONE_r3->Drishti_GS,14,C2,0.001,2.7455101013183594,0.1143181249499321,0.014929384924471378,0.00645885756239295,0.0034344231244176626,0.2154810130596161,0.09439637511968613,0.05191849323455244,0.9480815067654476,0.918781653046608,0.9218363091349602,0.0030546560883522034,0.6034763008356094,0.6030205376446247,-0.00045576319098472595,0.7028070762753487,0.6971855610609055,-0.005621515214443207,0.7318836450576782,0.7332661338150501,0.0013824887573719025,False
1,RIM_ONE_r3->Drishti_GS,14,C3,0.001,2.6095588207244873,0.12550556659698486,0.014929384924471378,0.00645885756239295,0.0034344231244176626,0.2154810130596161,0.09439637511968613,0.05191849323455244,0.9480815067654476,0.918781653046608,0.9217383079230785,0.002956654876470566,0.6034763008356094,0.6030513606965542,-0.0004249401390552521,0.7028070762753487,0.6973559409379959,-0.005451135337352753,0.7318836450576782,0.7332245819270611,0.0013409368693828583,False
1,RIM_ONE_r3->Drishti_GS,14,C4,0.001,1.306825041770935,0.253366082906723,0.014929384924471378,0.00645885756239295,0.0034344231244176626,0.2154810130596161,0.09439637511968613,0.05191849323455244,0.9480815067654476,0.918781653046608,0.9188419170677662,6.0264021158218384e-05,0.6034763008356094,0.603759154677391,0.0002828538417816162,0.7028070762753487,0.7024393044412136,-0.00036777183413505554,0.7318836450576782,0.7319880351424217,0.00010439008474349976,False
1,RIM_ONE_r3->Drishti_GS,14,C5,0.001,1.3695330619812012,0.2713977098464966,0.014929384924471378,0.00645885756239295,0.0034344231244176626,0.2154810130596161,0.09439637511968613,0.05191849323455244,0.9480815067654476,0.918781653046608,0.9193028025329113,0.0005211494863033295,0.6034763008356094,0.6037558205425739,0.0002795197069644928,0.7028070762753487,0.6988847963511944,-0.003922279924154282,0.7318836450576782,0.7328431196510792,0.0009594745934009552,False
1,RIM_ONE_r3->Drishti_GS,15,C0,0.001,1.170880913734436,0.028956253081560135,0.012887937016785145,0.009960456751286983,0.006107858847826719,0.2720820903778076,0.11785375326871872,0.05191849323455244,0.9480815067654476,0.918781653046608,0.9195971302688122,0.0008154772222042084,0.6034763008356094,0.6029071845114231,-0.0005691163241863251,0.7028070762753487,0.709921732544899,0.0071146562695503235,0.7318836450576782,0.7301304265856743,-0.0017532184720039368,False
1,RIM_ONE_r3->Drishti_GS,15,C1,0.001,1.2645264863967896,0.043082345277071,0.012887937016785145,0.009960456751286983,0.006107858847826719,0.2720820903778076,0.11785375326871872,0.05191849323455244,0.9480815067654476,0.918781653046608,0.9189405031502247,0.00015885010361671448,0.6034763008356094,0.6031093448400497,-0.0003669559955596924,0.7028070762753487,0.7102346308529377,0.007427554577589035,0.7318836450576782,0.7300463244318962,-0.001837320625782013,False
1,RIM_ONE_r3->Drishti_GS,15,C2,0.001,1.6201848983764648,0.14069122076034546,0.012887937016785145,0.009960456751286983,0.006107858847826719,0.2720820903778076,0.11785375326871872,0.05191849323455244,0.9480815067654476,0.918781653046608,0.919891320168972,0.0011096671223640442,0.6034763008356094,0.6034004017710686,-7.589906454086304e-05,0.7028070762753487,0.7011341862380505,-0.0016728900372982025,0.7318836450576782,0.7322418503463268,0.00035820528864860535,False
1,RIM_ONE_r3->Drishti_GS,15,C3,0.001,1.6349775791168213,0.15481731295585632,0.012887937016785145,0.009960456751286983,0.006107858847826719,0.2720820903778076,0.11785375326871872,0.05191849323455244,0.9480815067654476,0.918781653046608,0.9194220714271069,0.0006404183804988861,0.6034763008356094,0.6035216748714447,4.537403583526611e-05,0.7028070762753487,0.7017685920000076,-0.001038484275341034,0.7318836450576782,0.7320829182863235,0.0001992732286453247,False
1,RIM_ONE_r3->Drishti_GS,15,C4,0.001,2.12548828125,0.31366994976997375,0.012887937016785145,0.009960456751286983,0.006107858847826719,0.2720820903778076,0.11785375326871872,0.05191849323455244,0.9480815067654476,0.918781653046608,0.9159537106752396,-0.002827942371368408,0.6034763008356094,0.6042348556220531,0.0007585547864437103,0.7028070762753487,0.7074395939707756,0.004632517695426941,0.7318836450576782,0.7306976765394211,-0.0011859685182571411,False
1,RIM_ONE_r3->Drishti_GS,15,C5,0.001,1.6974815130233765,0.31948137283325195,0.012887937016785145,0.009960456751286983,0.006107858847826719,0.2720820903778076,0.11785375326871872,0.05191849323455244,0.9480815067654476,0.918781653046608,0.9156994000077248,-0.0030822530388832092,0.6034763008356094,0.6043395362794399,0.0008632354438304901,0.7028070762753487,0.7066152952611446,0.0038082189857959747,0.7318836450576782,0.73088264092803,-0.0010010041296482086,False
1,RIM_ONE_r3->Drishti_GS,16,C0,0.001,0.7279391288757324,0.027083173394203186,0.015307807363569736,0.00697645079344511,0.0047989157028496265,0.2022290825843811,0.09716136008501053,0.05191849323455244,0.9480815067654476,0.918781653046608,0.9169889949262142,-0.001792658120393753,0.6034763008356094,0.6043075509369373,0.0008312501013278961,0.7028070762753487,0.6983468569815159,-0.004460219293832779,0.7318836450576782,0.7329499498009682,0.0010663047432899475,False
1,RIM_ONE_r3->Drishti_GS,16,C1,0.001,0.7080681920051575,0.037582602351903915,0.015307807363569736,0.00697645079344511,0.0047989157028496265,0.2022290825843811,0.09716136008501053,0.05191849323455244,0.9480815067654476,0.918781653046608,0.9160576015710831,-0.0027240514755249023,0.6034763008356094,0.6045353189110756,0.001059018075466156,0.7028070762753487,0.6993844844400883,-0.0034225918352603912,0.7318836450576782,0.7326960451900959,0.0008124001324176788,False
1,RIM_ONE_r3->Drishti_GS,16,C2,0.001,1.4407763481140137,0.11920005828142166,0.015307807363569736,0.00697645079344511,0.0047989157028496265,0.2022290825843811,0.09716136008501053,0.05191849323455244,0.9480815067654476,0.918781653046608,0.9160820432007313,-0.0026996098458766937,0.6034763008356094,0.6042962335050106,0.0008199326694011688,0.7028070762753487,0.7019918747246265,-0.0008152015507221222,0.7318836450576782,0.7320713251829147,0.00018768012523651123,False
1,RIM_ONE_r3->Drishti_GS,16,C3,0.001,1.4824637174606323,0.1296994835138321,0.015307807363569736,0.00697645079344511,0.0047989157028496265,0.2022290825843811,0.09716136008501053,0.05191849323455244,0.9480815067654476,0.918781653046608,0.9157374687492847,-0.003044184297323227,0.6034763008356094,0.604370478540659,0.0008941777050495148,0.7028070762753487,0.7026018127799034,-0.00020526349544525146,0.7318836450576782,0.7319200113415718,3.6366283893585205e-05,False
1,RIM_ONE_r3->Drishti_GS,16,C4,0.001,1.8417832851409912,0.2582632601261139,0.015307807363569736,0.00697645079344511,0.0047989157028496265,0.2022290825843811,0.09716136008501053,0.05191849323455244,0.9480815067654476,0.918781653046608,0.9144164770841599,-0.00436517596244812,0.6034763008356094,0.6046171933412552,0.001140892505645752,0.7028070762753487,0.7059848457574844,0.0031777694821357727,0.7318836450576782,0.731087576597929,-0.0007960684597492218,False
1,RIM_ONE_r3->Drishti_GS,16,C5,0.001,1.6206575632095337,0.27517169713974,0.015307807363569736,0.00697645079344511,0.0047989157028496265,0.2022290825843811,0.09716136008501053,0.05191849323455244,0.9480815067654476,0.918781653046608,0.9139753878116608,-0.004806265234947205,0.6034763008356094,0.6048084534704685,0.001332152634859085,0.7028070762753487,0.7044312953948975,0.0016242191195487976,0.7318836450576782,0.7314622551202774,-0.00042138993740081787,False
1,RIM_ONE_r3->Drishti_GS,17,C0,0.001,0.7576277256011963,0.030761167407035828,0.0160832479596138,0.008464734070003033,0.006213183980435133,0.26865702867507935,0.07580427825450897,0.05191849323455244,0.9480815067654476,0.918781653046608,0.9199461452662945,0.0011644922196865082,0.6034763008356094,0.6034597344696522,-1.6566365957260132e-05,0.7028070762753487,0.6959055550396442,-0.006901521235704422,0.7318836450576782,0.7335693128407001,0.0016856677830219269,False
1,RIM_ONE_r3->Drishti_GS,17,C1,0.001,0.7923269271850586,0.04470943659543991,0.0160832479596138,0.008464734070003033,0.006213183980435133,0.26865702867507935,0.07580427825450897,0.05191849323455244,0.9480815067654476,0.918781653046608,0.9185720905661583,-0.00020956248044967651,0.6034763008356094,0.6038512624800205,0.00037496164441108704,0.7028070762753487,0.6962354592978954,-0.006571616977453232,0.7318836450576782,0.7334888130426407,0.0016051679849624634,False
1,RIM_ONE_r3->Drishti_GS,17,C2,0.001,1.5289959907531738,0.10262980312108994,0.0160832479596138,0.008464734070003033,0.006213183980435133,0.26865702867507935,0.07580427825450897,0.05191849323455244,0.9480815067654476,0.918781653046608,0.917442511767149,-0.0013391412794589996,0.6034763008356094,0.6038508117198944,0.00037451088428497314,0.7028070762753487,0.700791709125042,-0.0020153671503067017,0.7318836450576782,0.732297770678997,0.00041412562131881714,False
1,RIM_ONE_r3->Drishti_GS,17,C3,0.001,1.6187430620193481,0.11657807230949402,0.0160832479596138,0.008464734070003033,0.006213183980435133,0.26865702867507935,0.07580427825450897,0.05191849323455244,0.9480815067654476,0.918781653046608,0.9168457314372063,-0.0019359216094017029,0.6034763008356094,0.6040286347270012,0.0005523338913917542,0.7028070762753487,0.7009376995265484,-0.0018693767488002777,0.7318836450576782,0.7322641685605049,0.0003805235028266907,False
1,RIM_ONE_r3->Drishti_GS,17,C4,0.001,2.429703950881958,0.290168821811676,0.0160832479596138,0.008464734070003033,0.006213183980435133,0.26865702867507935,0.07580427825450897,0.05191849323455244,0.9480815067654476,0.918781653046608,0.9147000834345818,-0.004081569612026215,0.6034763008356094,0.6047253869473934,0.0012490861117839813,0.7028070762753487,0.7009106762707233,-0.0018964000046253204,0.7318836450576782,0.7323222458362579,0.0004386007785797119,False
1,RIM_ONE_r3->Drishti_GS,17,C5,0.001,2.017178535461426,0.2980993390083313,0.0160832479596138,0.008464734070003033,0.006213183980435133,0.26865702867507935,0.07580427825450897,0.05191849323455244,0.9480815067654476,0.918781653046608,0.9148506373167038,-0.003931015729904175,0.6034763008356094,0.6046993657946587,0.0012230649590492249,0.7028070762753487,0.7002623453736305,-0.0025447309017181396,0.7318836450576782,0.732472263276577,0.0005886182188987732,False
1,RIM_ONE_r3->Drishti_GS,18,C0,0.001,4.316971302032471,0.07189095765352249,0.016468115150928497,0.048183340579271317,0.007239499595016241,0.2505270838737488,0.09688430279493332,0.05191849323455244,0.9480815067654476,0.918781653046608,0.915968731045723,-0.0028129220008850098,0.6034763008356094,0.6044888868927956,0.0010125860571861267,0.7028070762753487,0.7041723914444447,0.001365315169095993,0.7318836450576782,0.7314571067690849,-0.00042653828859329224,False
1,RIM_ONE_r3->Drishti_GS,18,C1,0.001,4.339302062988281,0.08489794284105301,0.016468115150928497,0.048183340579271317,0.007239499595016241,0.2505270838737488,0.09688430279493332,0.05191849323455244,0.9480815067654476,0.918781653046608,0.9158870205283165,-0.0028946325182914734,0.6034763008356094,0.604507252573967,0.001030951738357544,0.7028070762753487,0.7042773254215717,0.0014702491462230682,0.7318836450576782,0.7314305678009987,-0.0004530772566795349,False
1,RIM_ONE_r3->Drishti_GS,18,C2,0.001,6.733496189117432,0.16374516487121582,0.016468115150928497,0.048183340579271317,0.007239499595016241,0.2505270838737488,0.09688430279493332,0.05191849323455244,0.9480815067654476,0.918781653046608,0.9163091965019703,-0.00247245654463768,0.6034763008356094,0.604498129338026,0.0010218285024166107,0.7028070762753487,0.7017866596579552,-0.0010204166173934937,0.7318836450576782,0.7320393621921539,0.000155717134475708,False
1,RIM_ONE_r3->Drishti_GS,18,C3,0.001,6.737168312072754,0.17675215005874634,0.016468115150928497,0.048183340579271317,0.007239499595016241,0.2505270838737488,0.09688430279493332,0.05191849323455244,0.9480815067654476,0.918781653046608,0.9162420257925987,-0.002539627254009247,0.6034763008356094,0.6045159213244915,0.0010396204888820648,0.7028070762753487,0.701853945851326,-0.0009531304240226746,0.7318836450576782,0.7320221401751041,0.00013849511742591858,False
1,RIM_ONE_r3->Drishti_GS,18,C4,0.001,5.536858558654785,0.32400327920913696,0.016468115150928497,0.048183340579271317,0.007239499595016241,0.2505270838737488,0.09688430279493332,0.05191849323455244,0.9480815067654476,0.918781653046608,0.9156654849648476,-0.0031161680817604065,0.6034763008356094,0.6046239174902439,0.0011476166546344757,0.7028070762753487,0.7029750496149063,0.0001679733395576477,0.7318836450576782,0.7317493632435799,-0.00013428181409835815,False
1,RIM_ONE_r3->Drishti_GS,18,C5,0.001,5.75431489944458,0.33736199140548706,0.016468115150928497,0.048183340579271317,0.007239499595016241,0.2505270838737488,0.09688430279493332,0.05191849323455244,0.9480815067654476,0.918781653046608,0.9157447069883347,-0.0030369460582733154,0.6034763008356094,0.6046178080141544,0.0011415071785449982,0.7028070762753487,0.7025874592363834,-0.00021961703896522522,0.7318836450576782,0.731843251734972,-4.0393322706222534e-05,False
1,RIM_ONE_r3->Drishti_GS,19,C0,0.001,0.8166972398757935,0.03538097068667412,0.014929384924471378,0.014175382442772388,0.0062762037850916386,0.23713058233261108,0.08515822887420654,0.05191849323455244,0.9480815067654476,0.918781653046608,0.9208278059959412,0.002046152949333191,0.6034763008356094,0.6030623577535152,-0.0004139430820941925,0.7028070762753487,0.7000542022287846,-0.002752874046564102,0.7318836450576782,0.7326469793915749,0.000763334333896637,False
1,RIM_ONE_r3->Drishti_GS,19,C1,0.001,0.9709258079528809,0.0476924329996109,0.014929384924471378,0.014175382442772388,0.0062762037850916386,0.23713058233261108,0.08515822887420654,0.05191849323455244,0.9480815067654476,0.918781653046608,0.9208460934460163,0.0020644403994083405,0.6034763008356094,0.6031039021909237,-0.00037239864468574524,0.7028070762753487,0.7001198530197144,-0.002687223255634308,0.7318836450576782,0.7326534986495972,0.0007698535919189453,False
1,RIM_ONE_r3->Drishti_GS,19,C2,0.001,1.9425063133239746,0.11611790955066681,0.014929384924471378,0.014175382442772388,0.0062762037850916386,0.23713058233261108,0.08515822887420654,0.05191849323455244,0.9480815067654476,0.918781653046608,0.9175428003072739,-0.0012388527393341064,0.6034763008356094,0.6040638573467731,0.0005875565111637115,0.7028070762753487,0.6979920975863934,-0.004814978688955307,0.7318836450576782,0.7329973168671131,0.0011136718094348907,False
1,RIM_ONE_r3->Drishti_GS,19,C3,0.001,1.9319409132003784,0.1284293830394745,0.014929384924471378,0.014175382442772388,0.0062762037850916386,0.23713058233261108,0.08515822887420654,0.05191849323455244,0.9480815067654476,0.918781653046608,0.9177309088408947,-0.001050744205713272,0.6034763008356094,0.6040466278791428,0.0005703270435333252,0.7028070762753487,0.697768822312355,-0.005038253962993622,0.7318836450576782,0.7330617010593414,0.001178056001663208,False
1,RIM_ONE_r3->Drishti_GS,19,C4,0.001,2.569639205932617,0.28232064843177795,0.014929384924471378,0.014175382442772388,0.0062762037850916386,0.23713058233261108,0.08515822887420654,0.05191849323455244,0.9480815067654476,0.918781653046608,0.9206637963652611,0.0018821433186531067,0.6034763008356094,0.6033050082623959,-0.00017129257321357727,0.7028070762753487,0.6987419091165066,-0.004065167158842087,0.7318836450576782,0.7330044955015182,0.0011208504438400269,False
1,RIM_ONE_r3->Drishti_GS,19,C5,0.001,1.950390338897705,0.2981293499469757,0.014929384924471378,0.014175382442772388,0.0062762037850916386,0.23713058233261108,0.08515822887420654,0.05191849323455244,0.9480815067654476,0.918781653046608,0.9196450151503086,0.0008633621037006378,0.6034763008356094,0.6036217100918293,0.0001454092562198639,0.7028070762753487,0.6976809315383434,-0.005126144737005234,0.7318836450576782,0.733212798833847,0.0013291537761688232,False
1,RIM_ONE_r3->Drishti_GS,20,C0,0.001,0.6091482043266296,0.026487231254577637,0.013587668538093567,0.008274216204881668,0.004625345580279827,0.2986156940460205,0.09141725301742554,0.05191849323455244,0.9480815067654476,0.918781653046608,0.9230712726712227,0.004289619624614716,0.6034763008356094,0.6022462174296379,-0.001230083405971527,0.7028070762753487,0.700007576495409,-0.0027994997799396515,0.7318836450576782,0.7326118648052216,0.000728219747543335,False
1,RIM_ONE_r3->Drishti_GS,20,C1,0.001,0.4900769889354706,0.04199090600013733,0.013587668538093567,0.008274216204881668,0.004625345580279827,0.2986156940460205,0.09141725301742554,0.05191849323455244,0.9480815067654476,0.918781653046608,0.9210563376545906,0.0022746846079826355,0.6034763008356094,0.6027100011706352,-0.0007662996649742126,0.7028070762753487,0.7022523321211338,-0.000554744154214859,0.7318836450576782,0.7320431247353554,0.00015947967767715454,False
1,RIM_ONE_r3->Drishti_GS,20,C2,0.001,1.9444793462753296,0.11315823346376419,0.013587668538093567,0.008274216204881668,0.004625345580279827,0.2986156940460205,0.09141725301742554,0.05191849323455244,0.9480815067654476,0.918781653046608,0.9210077151656151,0.0022260621190071106,0.6034763008356094,0.6030892468988895,-0.0003870539367198944,0.7028070762753487,0.6966842114925385,-0.006122864782810211,0.7318836450576782,0.7333716824650764,0.0014880374073982239,False
1,RIM_ONE_r3->Drishti_GS,20,C3,0.001,1.7839652299880981,0.1286619007587433,0.013587668538093567,0.008274216204881668,0.004625345580279827,0.2986156940460205,0.09141725301742554,0.05191849323455244,0.9480815067654476,0.918781653046608,0.9203638471662998,0.0015821941196918488,0.6034763008356094,0.6032643988728523,-0.0002119019627571106,0.7028070762753487,0.6968784965574741,-0.005928579717874527,0.7318836450576782,0.7333229929208755,0.0014393478631973267,False
1,RIM_ONE_r3->Drishti_GS,20,C4,0.001,1.9899981021881104,0.29994308948516846,0.013587668538093567,0.008274216204881668,0.004625345580279827,0.2986156940460205,0.09141725301742554,0.05191849323455244,0.9480815067654476,0.918781653046608,0.9143179543316364,-0.004463698714971542,0.6034763008356094,0.6045885123312473,0.0011122114956378937,0.7028070762753487,0.7056099101901054,0.002802833914756775,0.7318836450576782,0.7311672382056713,-0.0007164068520069122,False
1,RIM_ONE_r3->Drishti_GS,20,C5,0.001,1.6667978763580322,0.30290427803993225,0.013587668538093567,0.008274216204881668,0.004625345580279827,0.2986156940460205,0.09141725301742554,0.05191849323455244,0.9480815067654476,0.918781653046608,0.9143334105610847,-0.004448242485523224,0.6034763008356094,0.604677114635706,0.0012008138000965118,0.7028070762753487,0.7028596587479115,5.258247256278992e-05,0.7318836450576782,0.731836661696434,-4.698336124420166e-05,False
1,RIM_ONE_r3->Drishti_GS,21,C0,0.001,0.39158889651298523,0.02362651377916336,0.015307807363569736,0.003104365896433592,0.005214340053498745,0.19144874811172485,0.12004940211772919,0.05191849323455244,0.9480815067654476,0.918781653046608,0.918669831007719,-0.00011182203888893127,0.6034763008356094,0.6035586856305599,8.238479495048523e-05,0.7028070762753487,0.7016922235488892,-0.0011148527264595032,0.7318836450576782,0.7321784421801567,0.0002947971224784851,False
1,RIM_ONE_r3->Drishti_GS,21,C1,0.001,0.3961418867111206,0.03356624394655228,0.015307807363569736,0.003104365896433592,0.005214340053498745,0.19144874811172485,0.12004940211772919,0.05191849323455244,0.9480815067654476,0.918781653046608,0.9194200597703457,0.0006384067237377167,0.6034763008356094,0.6034816987812519,5.3979456424713135e-06,0.7028070762753487,0.7005223110318184,-0.0022847652435302734,0.7318836450576782,0.7324823960661888,0.0005987510085105896,False
1,RIM_ONE_r3->Drishti_GS,21,C2,0.001,2.9094810485839844,0.13744312524795532,0.015307807363569736,0.003104365896433592,0.005214340053498745,0.19144874811172485,0.12004940211772919,0.05191849323455244,0.9480815067654476,0.918781653046608,0.92290348559618,0.004121832549571991,0.6034763008356094,0.6023668870329857,-0.0011094138026237488,0.7028070762753487,0.7016291953623295,-0.0011778809130191803,0.7318836450576782,0.7323306649923325,0.00044701993465423584,False
1,RIM_ONE_r3->Drishti_GS,21,C3,0.001,2.983693838119507,0.14738285541534424,0.015307807363569736,0.003104365896433592,0.005214340053498745,0.19144874811172485,0.12004940211772919,0.05191849323455244,0.9480815067654476,0.918781653046608,0.9228900708258152,0.00410841777920723,0.6034763008356094,0.6023874208331108,-0.0010888800024986267,0.7028070762753487,0.7015137933194637,-0.0012932829558849335,0.7318836450576782,0.7323566302657127,0.0004729852080345154,False
1,RIM_ONE_r3->Drishti_GS,21,C4,0.001,2.6298439502716064,0.2774316370487213,0.015307807363569736,0.003104365896433592,0.005214340053498745,0.19144874811172485,0.12004940211772919,0.05191849323455244,0.9480815067654476,0.918781653046608,0.9217914193868637,0.0030097663402557373,0.6034763008356094,0.6028779186308384,-0.0005983822047710419,0.7028070762753487,0.7001233026385307,-0.002683773636817932,0.7318836450576782,0.7326411679387093,0.0007575228810310364,False
1,RIM_ONE_r3->Drishti_GS,21,C5,0.001,1.9727212190628052,0.2890114188194275,0.015307807363569736,0.003104365896433592,0.005214340053498745,0.19144874811172485,0.12004940211772919,0.05191849323455244,0.9480815067654476,0.918781653046608,0.9217967502772808,0.0030150972306728363,0.6034763008356094,0.6028384640812874,-0.000637836754322052,0.7028070762753487,0.7009029723703861,-0.0019041039049625397,0.7318836450576782,0.7324445471167564,0.0005609020590782166,False
1,RIM_ONE_r3->Drishti_GS,22,C0,0.001,0.7849739789962769,0.031312622129917145,0.016120916232466698,0.009390401653945446,0.005801303777843714,0.3341726064682007,0.10332685708999634,0.05191849323455244,0.9480815067654476,0.918781653046608,0.9230822175741196,0.004300564527511597,0.6034763008356094,0.6021690629422665,-0.0013072378933429718,0.7028070762753487,0.7025195695459843,-0.00028750672936439514,0.7318836450576782,0.732105128467083,0.00022148340940475464,False
1,RIM_ONE_r3->Drishti_GS,22,C1,0.001,0.7908772826194763,0.04866236075758934,0.016120916232466698,0.009390401653945446,0.005801303777843714,0.3341726064682007,0.10332685708999634,0.05191849323455244,0.9480815067654476,0.918781653046608,0.9218473210930824,0.003065668046474457,0.6034763008356094,0.6024454273283482,-0.0010308735072612762,0.7028070762753487,0.7041152380406857,0.0013081617653369904,0.7318836450576782,0.7317293584346771,-0.00015428662300109863,False
1,RIM_ONE_r3->Drishti_GS,22,C2,0.001,2.479003429412842,0.1292749047279358,0.016120916232466698,0.009390401653945446,0.005801303777843714,0.3341726064682007,0.10332685708999634,0.05191849323455244,0.9480815067654476,0.918781653046608,0.9223506785929203,0.003569025546312332,0.6034763008356094,0.6027099117636681,-0.0007663890719413757,0.7028070762753487,0.6974167451262474,-0.005390331149101257,0.7318836450576782,0.7333048656582832,0.001421220600605011,False
1,RIM_ONE_r3->Drishti_GS,22,C3,0.001,2.3482465744018555,0.1466246396303177,0.016120916232466698,0.009390401653945446,0.005801303777843714,0.3341726064682007,0.10332685708999634,0.05191849323455244,0.9480815067654476,0.918781653046608,0.9221282117068768,0.0033465586602687836,0.6034763008356094,0.6027605682611465,-0.0007157325744628906,0.7028070762753487,0.6975945048034191,-0.00521257147192955,0.7318836450576782,0.7332770153880119,0.0013933703303337097,False
1,RIM_ONE_r3->Drishti_GS,22,C4,0.001,2.0175621509552,0.3344953656196594,0.016120916232466698,0.009390401653945446,0.005801303777843714,0.3341726064682007,0.10332685708999634,0.05191849323455244,0.9480815067654476,0.918781653046608,0.9184062071144581,-0.0003754459321498871,0.6034763008356094,0.6034949123859406,1.8611550331115723e-05,0.7028070762753487,0.7040724083781242,0.0012653321027755737,0.7318836450576782,0.7317521646618843,-0.0001314803957939148,False
1,RIM_ONE_r3->Drishti_GS,22,C5,0.001,1.5119175910949707,0.33235177397727966,0.016120916232466698,0.009390401653945446,0.005801303777843714,0.3341726064682007,0.10332685708999634,0.05191849323455244,0.9480815067654476,0.918781653046608,0.9184273593127728,-0.00035429373383522034,0.6034763008356094,0.6035484597086906,7.215887308120728e-05,0.7028070762753487,0.7020533941686153,-0.0007536821067333221,0.7318836450576782,0.7322503626346588,0.0003667175769805908,False
1,RIM_ONE_r3->Drishti_GS,23,C0,0.001,1.181520938873291,0.03400352969765663,0.0176338292658329,0.01074214931577444,0.0056275492534041405,0.27790194749832153,0.1021033450961113,0.05191849323455244,0.9480815067654476,0.918781653046608,0.9167493432760239,-0.0020323097705841064,0.6034763008356094,0.6042306572198868,0.0007543563842773438,0.7028070762753487,0.6983019076287746,-0.00450516864657402,0.7318836450576782,0.7329244427382946,0.0010407976806163788,False
1,RIM_ONE_r3->Drishti_GS,23,C1,0.001,1.124720811843872,0.04843178018927574,0.0176338292658329,0.01074214931577444,0.0056275492534041405,0.27790194749832153,0.1021033450961113,0.05191849323455244,0.9480815067654476,0.918781653046608,0.917962521314621,-0.0008191317319869995,0.6034763008356094,0.6039777211844921,0.0005014203488826752,0.7028070762753487,0.6972511485219002,-0.005555927753448486,0.7318836450576782,0.7331917732954025,0.0013081282377243042,False
1,RIM_ONE_r3->Drishti_GS,23,C2,0.001,1.7801017761230469,0.1308058202266693,0.0176338292658329,0.01074214931577444,0.0056275492534041405,0.27790194749832153,0.1021033450961113,0.05191849323455244,0.9480815067654476,0.918781653046608,0.9187456294894218,-3.602355718612671e-05,0.6034763008356094,0.6036418303847313,0.0001655295491218567,0.7028070762753487,0.6987104006111622,-0.004096675664186478,0.7318836450576782,0.732863299548626,0.0009796544909477234,False
1,RIM_ONE_r3->Drishti_GS,23,C3,0.001,1.8050862550735474,0.14523407816886902,0.0176338292658329,0.01074214931577444,0.0056275492534041405,0.27790194749832153,0.1021033450961113,0.05191849323455244,0.9480815067654476,0.918781653046608,0.9195506907999516,0.0007690377533435822,0.6034763008356094,0.6034624502062798,-1.3850629329681396e-05,0.7028070762753487,0.6982448175549507,-0.004562258720397949,0.7318836450576782,0.732996579259634,0.0011129342019557953,False
1,RIM_ONE_r3->Drishti_GS,23,C4,0.001,3.2345590591430664,0.30426257848739624,0.0176338292658329,0.01074214931577444,0.0056275492534041405,0.27790194749832153,0.1021033450961113,0.05191849323455244,0.9480815067654476,0.918781653046608,0.9224478043615818,0.003666151314973831,0.6034763008356094,0.6027614213526249,-0.0007148794829845428,0.7028070762753487,0.6983680464327335,-0.0044390298426151276,0.7318836450576782,0.7330887913703918,0.001205146312713623,False
1,RIM_ONE_r3->Drishti_GS,23,C5,0.001,2.453514337539673,0.3130086362361908,0.0176338292658329,0.01074214931577444,0.0056275492534041405,0.27790194749832153,0.1021033450961113,0.05191849323455244,0.9480815067654476,0.918781653046608,0.9219135455787182,0.0031318925321102142,0.6034763008356094,0.6029460728168488,-0.0005302280187606812,0.7028070762753487,0.6975800208747387,-0.00522705540060997,0.7318836450576782,0.733232706785202,0.0013490617275238037,False
1,RIM_ONE_r3->Drishti_GS,24,C0,0.001,0.41954490542411804,0.026099208742380142,0.014538876712322235,0.006635997444391251,0.004924335516989231,0.3217572569847107,0.07657976448535919,0.05191849323455244,0.9480815067654476,0.918781653046608,0.9157263822853565,-0.0030552707612514496,0.6034763008356094,0.604106217622757,0.000629916787147522,0.7028070762753487,0.7072983682155609,0.00449129194021225,0.7318836450576782,0.730697013437748,-0.0011866316199302673,False
1,RIM_ONE_r3->Drishti_GS,24,C1,0.001,0.6193556785583496,0.04280436038970947,0.014538876712322235,0.006635997444391251,0.004924335516989231,0.3217572569847107,0.07657976448535919,0.05191849323455244,0.9480815067654476,0.918781653046608,0.9147715456783772,-0.00401010736823082,0.6034763008356094,0.6043892577290535,0.0009129568934440613,0.7028070762753487,0.7078077979385853,0.005000721663236618,0.7318836450576782,0.730575792491436,-0.001307852566242218,False
1,RIM_ONE_r3->Drishti_GS,24,C2,0.001,2.809709310531616,0.09870307147502899,0.014538876712322235,0.006635997444391251,0.004924335516989231,0.3217572569847107,0.07657976448535919,0.05191849323455244,0.9480815067654476,0.918781653046608,0.9178358986973763,-0.00094575434923172,0.6034763008356094,0.6040944419801235,0.0006181411445140839,0.7028070762753487,0.6976249106228352,-0.005182165652513504,0.7318836450576782,0.7330925092101097,0.001208864152431488,False
1,RIM_ONE_r3->Drishti_GS,24,C3,0.001,2.7755126953125,0.11540821939706802,0.014538876712322235,0.006635997444391251,0.004924335516989231,0.3217572569847107,0.07657976448535919,0.05191849323455244,0.9480815067654476,0.918781653046608,0.9173998199403286,-0.0013818331062793732,0.6034763008356094,0.6042052879929543,0.0007289871573448181,0.7028070762753487,0.6979349851608276,-0.004872091114521027,0.7318836450576782,0.7330180890858173,0.0011344440281391144,False
1,RIM_ONE_r3->Drishti_GS,24,C4,0.001,2.664010524749756,0.30243226885795593,0.014538876712322235,0.006635997444391251,0.004924335516989231,0.3217572569847107,0.07657976448535919,0.05191849323455244,0.9480815067654476,0.918781653046608,0.9136778824031353,-0.0051037706434726715,0.6034763008356094,0.6049724891781807,0.0014961883425712585,0.7028070762753487,0.7040194720029831,0.00121239572763443,0.7318836450576782,0.7315020337700844,-0.00038161128759384155,False
1,RIM_ONE_r3->Drishti_GS,24,C5,0.001,2.266261339187622,0.30004650354385376,0.014538876712322235,0.006635997444391251,0.004924335516989231,0.3217572569847107,0.07657976448535919,0.05191849323455244,0.9480815067654476,0.918781653046608,0.9142010360956192,-0.0045806169509887695,0.6034763008356094,0.6049170382320881,0.001440737396478653,0.7028070762753487,0.701834075152874,-0.0009730011224746704,0.7318836450576782,0.7320495881140232,0.00016594305634498596,False
1,RIM_ONE_r3->Drishti_GS,25,C0,0.001,0.4637238383293152,0.02198355831205845,0.013176167383790016,0.005247438792139292,0.003559952834621072,0.20601162314414978,0.08111754804849625,0.05191849323455244,0.9480815067654476,0.918781653046608,0.9216095097362995,0.0028278566896915436,0.6034763008356094,0.6030292212963104,-0.00044707953929901123,0.7028070762753487,0.6981933228671551,-0.004613753408193588,0.7318836450576782,0.7331142351031303,0.001230590045452118,False
1,RIM_ONE_r3->Drishti_GS,25,C1,0.001,0.3627868592739105,0.032679371535778046,0.013176167383790016,0.005247438792139292,0.003559952834621072,0.20601162314414978,0.08111754804849625,0.05191849323455244,0.9480815067654476,0.918781653046608,0.920511819422245,0.0017301663756370544,0.6034763008356094,0.6033092513680458,-0.00016704946756362915,0.7028070762753487,0.7004981338977814,-0.0023089423775672913,0.7318836450576782,0.732577808201313,0.0006941631436347961,False
1,RIM_ONE_r3->Drishti_GS,25,C2,0.001,2.5010290145874023,0.09888960421085358,0.013176167383790016,0.005247438792139292,0.003559952834621072,0.20601162314414978,0.08111754804849625,0.05191849323455244,0.9480815067654476,0.918781653046608,0.9223343729972839,0.0035527199506759644,0.6034763008356094,0.6028348170220852,-0.0006414838135242462,0.7028070762753487,0.6979399882256985,-0.004867088049650192,0.7318836450576782,0.7331506013870239,0.0012669563293457031,False
1,RIM_ONE_r3->Drishti_GS,25,C3,0.001,2.3583106994628906,0.10958541929721832,0.013176167383790016,0.005247438792139292,0.003559952834621072,0.20601162314414978,0.08111754804849625,0.05191849323455244,0.9480815067654476,0.918781653046608,0.9222622811794281,0.0034806281328201294,0.6034763008356094,0.6028577834367752,-0.0006185173988342285,0.7028070762753487,0.69820112362504,-0.004605952650308609,0.7318836450576782,0.7330905050039291,0.0012068599462509155,False
1,RIM_ONE_r3->Drishti_GS,25,C4,0.001,1.3258671760559082,0.2379993498325348,0.013176167383790016,0.005247438792139292,0.003559952834621072,0.20601162314414978,0.08111754804849625,0.05191849323455244,0.9480815067654476,0.918781653046608,0.9186314344406128,-0.00015021860599517822,0.6034763008356094,0.6036788783967495,0.00020257756114006042,0.7028070762753487,0.7053883746266365,0.002581298351287842,0.7318836450576782,0.7313204109668732,-0.0005632340908050537,False
1,RIM_ONE_r3->Drishti_GS,25,C5,0.001,1.0576765537261963,0.2571488618850708,0.013176167383790016,0.005247438792139292,0.003559952834621072,0.20601162314414978,0.08111754804849625,0.05191849323455244,0.9480815067654476,0.918781653046608,0.9190862700343132,0.0003046169877052307,0.6034763008356094,0.6037551313638687,0.00027883052825927734,0.7028070762753487,0.7010890990495682,-0.001717977225780487,0.7318836450576782,0.7323882728815079,0.0005046278238296509,False
1,RIM_ONE_r3->Drishti_GS,26,C0,0.001,0.9392773509025574,0.033265579491853714,0.01480855979025364,0.011968306265771389,0.006488713901489973,0.2652970552444458,0.12961655855178833,0.05191849323455244,0.9480815067654476,0.918781653046608,0.9165820442140102,-0.0021996088325977325,0.6034763008356094,0.6038444861769676,0.0003681853413581848,0.7028070762753487,0.7090509124100208,0.006243836134672165,0.7318836450576782,0.7302569672465324,-0.0016266778111457825,False
1,RIM_ONE_r3->Drishti_GS,26,C1,0.001,1.0654524564743042,0.04703940451145172,0.01480855979025364,0.011968306265771389,0.006488713901489973,0.2652970552444458,0.12961655855178833,0.05191849323455244,0.9480815067654476,0.918781653046608,0.9160576239228249,-0.0027240291237831116,0.6034763008356094,0.6040165461599827,0.0005402453243732452,0.7028070762753487,0.7091616652905941,0.006354589015245438,0.7318836450576782,0.7302350848913193,-0.0016485601663589478,False
1,RIM_ONE_r3->Drishti_GS,26,C2,0.001,2.4512743949890137,0.1561526358127594,0.01480855979025364,0.011968306265771389,0.006488713901489973,0.2652970552444458,0.12961655855178833,0.05191849323455244,0.9480815067654476,0.918781653046608,0.9178403913974762,-0.0009412616491317749,0.6034763008356094,0.6040627174079418,0.0005864165723323822,0.7028070762753487,0.6984163969755173,-0.00439067929983139,0.7318836450576782,0.7329161502420902,0.0010325051844120026,False
1,RIM_ONE_r3->Drishti_GS,26,C3,0.001,2.4565067291259766,0.1699264645576477,0.01480855979025364,0.011968306265771389,0.006488713901489973,0.2652970552444458,0.12961655855178833,0.05191849323455244,0.9480815067654476,0.918781653046608,0.9175121039152145,-0.0012695491313934326,0.6034763008356094,0.6041499339044094,0.0006736330687999725,0.7028070762753487,0.6987503916025162,-0.004056684672832489,0.7318836450576782,0.7328341528773308,0.0009505078196525574,False
1,RIM_ONE_r3->Drishti_GS,26,C4,0.001,2.451432943344116,0.31815803050994873,0.01480855979025364,0.011968306265771389,0.006488713901489973,0.2652970552444458,0.12961655855178833,0.05191849323455244,0.9480815067654476,0.918781653046608,0.9142574816942215,-0.004524171352386475,0.6034763008356094,0.6048346981406212,0.0013583973050117493,0.7028070762753487,0.7042745463550091,0.0014674700796604156,0.7318836450576782,0.7314765006303787,-0.0004071444272994995,False
1,RIM_ONE_r3->Drishti_GS,26,C5,0.001,2.1962697505950928,0.32739412784576416,0.01480855979025364,0.011968306265771389,0.006488713901489973,0.2652970552444458,0.12961655855178833,0.05191849323455244,0.9480815067654476,0.918781653046608,0.9144957400858402,-0.004285912960767746,0.6034763008356094,0.6048329956829548,0.0013566948473453522,0.7028070762753487,0.7026424258947372,-0.00016465038061141968,0.7318836450576782,0.7318718954920769,-1.1749565601348877e-05,False
1,RIM_ONE_r3->Drishti_GS,27,C0,0.001,0.4355175197124481,0.028200402855873108,0.016005396842956543,0.007599304895848036,0.0045957015827298164,0.20433694124221802,0.10171505808830261,0.05191849323455244,0.9480815067654476,0.918781653046608,0.9166433773934841,-0.0021382756531238556,0.6034763008356094,0.6042334698140621,0.0007571689784526825,0.7028070762753487,0.7033854313194752,0.0005783550441265106,0.7318836450576782,0.7316967844963074,-0.0001868605613708496,False
1,RIM_ONE_r3->Drishti_GS,27,C1,0.001,0.4968246519565582,0.03880926966667175,0.016005396842956543,0.007599304895848036,0.0045957015827298164,0.20433694124221802,0.10171505808830261,0.05191849323455244,0.9480815067654476,0.918781653046608,0.9157057404518127,-0.003075912594795227,0.6034763008356094,0.6044198088347912,0.0009435079991817474,0.7028070762753487,0.7051592618227005,0.002352185547351837,0.7318836450576782,0.7312507554888725,-0.0006328895688056946,False
1,RIM_ONE_r3->Drishti_GS,27,C2,0.001,1.3412424325942993,0.12463456392288208,0.016005396842956543,0.007599304895848036,0.0045957015827298164,0.20433694124221802,0.10171505808830261,0.05191849323455244,0.9480815067654476,0.918781653046608,0.9178600162267685,-0.0009216368198394775,0.6034763008356094,0.6036438904702663,0.00016758963465690613,0.7028070762753487,0.7044450230896473,0.0016379468142986298,0.7318836450576782,0.7314788475632668,-0.0004047974944114685,False
1,RIM_ONE_r3->Drishti_GS,27,C3,0.001,1.4020135402679443,0.13524343073368073,0.016005396842956543,0.007599304895848036,0.0045957015827298164,0.20433694124221802,0.10171505808830261,0.05191849323455244,0.9480815067654476,0.918781653046608,0.9174717515707016,-0.001309901475906372,0.6034763008356094,0.6037347167730331,0.00025841593742370605,0.7028070762753487,0.7050459124147892,0.0022388361394405365,0.7318836450576782,0.7313238307833672,-0.0005598142743110657,False
1,RIM_ONE_r3->Drishti_GS,27,C4,0.001,1.9164801836013794,0.26619771122932434,0.016005396842956543,0.007599304895848036,0.0045957015827298164,0.20433694124221802,0.10171505808830261,0.05191849323455244,0.9480815067654476,0.918781653046608,0.915517695248127,-0.0032639577984809875,0.6034763008356094,0.6042218767106533,0.000745575875043869,0.7028070762753487,0.7078905627131462,0.005083486437797546,0.7318836450576782,0.7306026294827461,-0.0012810155749320984,False
1,RIM_ONE_r3->Drishti_GS,27,C5,0.001,1.5916482210159302,0.28043386340141296,0.016005396842956543,0.007599304895848036,0.0045957015827298164,0.20433694124221802,0.10171505808830261,0.05191849323455244,0.9480815067654476,0.918781653046608,0.9148448146879673,-0.003936838358640671,0.6034763008356094,0.6044535115361214,0.0009772107005119324,0.7028070762753487,0.7068642377853394,0.004057161509990692,0.7318836450576782,0.7308488488197327,-0.0010347962379455566,False
1,RIM_ONE_r3->Drishti_GS,28,C0,0.001,0.8490473031997681,0.04318876937031746,0.016693273559212685,0.018794408068060875,0.007701086811721325,0.2597939968109131,0.06603696942329407,0.05191849323455244,0.9480815067654476,0.918781653046608,0.9165291860699654,-0.0022524669766426086,0.6034763008356094,0.6039918884634972,0.0005155876278877258,0.7028070762753487,0.7012349776923656,-0.001572098582983017,0.7318836450576782,0.7323313020169735,0.00044765695929527283,False
1,RIM_ONE_r3->Drishti_GS,28,C1,0.001,0.9581916332244873,0.05667687952518463,0.016693273559212685,0.018794408068060875,0.007701086811721325,0.2597939968109131,0.06603696942329407,0.05191849323455244,0.9480815067654476,0.918781653046608,0.9156884253025055,-0.003093227744102478,0.6034763008356094,0.604261040687561,0.0007847398519515991,0.7028070762753487,0.7014995366334915,-0.0013075396418571472,0.7318836450576782,0.73225212469697,0.0003684796392917633,False
1,RIM_ONE_r3->Drishti_GS,28,C2,0.001,1.189645528793335,0.10579720139503479,0.016693273559212685,0.018794408068060875,0.007701086811721325,0.2597939968109131,0.06603696942329407,0.05191849323455244,0.9480815067654476,0.918781653046608,0.9188543818891048,7.272884249687195e-05,0.6034763008356094,0.6034355722367764,-4.0728598833084106e-05,0.7028070762753487,0.7005344592034817,-0.002272617071866989,0.7318836450576782,0.7324751205742359,0.0005914755165576935,False
1,RIM_ONE_r3->Drishti_GS,28,C3,0.001,1.2575663328170776,0.11928530782461166,0.016693273559212685,0.018794408068060875,0.007701086811721325,0.2597939968109131,0.06603696942329407,0.05191849323455244,0.9480815067654476,0.918781653046608,0.9180181957781315,-0.0007634572684764862,0.6034763008356094,0.603684552013874,0.00020825117826461792,0.7028070762753487,0.7007382251322269,-0.0020688511431217194,0.7318836450576782,0.7324136011302471,0.0005299560725688934,False
1,RIM_ONE_r3->Drishti_GS,28,C4,0.001,2.5223586559295654,0.2902718484401703,0.016693273559212685,0.018794408068060875,0.007701086811721325,0.2597939968109131,0.06603696942329407,0.05191849323455244,0.9480815067654476,0.918781653046608,0.9145195819437504,-0.00426207110285759,0.6034763008356094,0.604699432849884,0.0012231320142745972,0.7028070762753487,0.7019690535962582,-0.0008380226790904999,0.7318836450576782,0.7320917062461376,0.00020806118845939636,False
1,RIM_ONE_r3->Drishti_GS,28,C5,0.001,1.894531011581421,0.3007460832595825,0.016693273559212685,0.018794408068060875,0.007701086811721325,0.2597939968109131,0.06603696942329407,0.05191849323455244,0.9480815067654476,0.918781653046608,0.9146492332220078,-0.00413241982460022,0.6034763008356094,0.6046747341752052,0.0011984333395957947,0.7028070762753487,0.7013869620859623,-0.0014201141893863678,0.7318836450576782,0.7322376035153866,0.00035395845770835876,False
1,RIM_ONE_r3->Drishti_GS,29,C0,0.001,0.6168401837348938,0.0360262393951416,0.015572945587337017,0.013216390274465084,0.00723690539598465,0.25848400592803955,0.061892881989479065,0.05191849323455244,0.9480815067654476,0.918781653046608,0.9208942428231239,0.0021125897765159607,0.6034763008356094,0.6028326787054539,-0.0006436221301555634,0.7028070762753487,0.6997554488480091,-0.003051627427339554,0.7318836450576782,0.7326132021844387,0.0007295571267604828,False
1,RIM_ONE_r3->Drishti_GS,29,C1,0.001,0.5913866758346558,0.049446336925029755,0.015572945587337017,0.013216390274465084,0.00723690539598465,0.25848400592803955,0.061892881989479065,0.05191849323455244,0.9480815067654476,0.918781653046608,0.9203349053859711,0.0015532523393630981,0.6034763008356094,0.6029632911086082,-0.0005130097270011902,0.7028070762753487,0.7006480991840363,-0.0021589770913124084,0.7318836450576782,0.7323854602873325,0.0005018152296543121,False
1,RIM_ONE_r3->Drishti_GS,29,C2,0.001,2.232720375061035,0.094705730676651,0.015572945587337017,0.013216390274465084,0.00723690539598465,0.25848400592803955,0.061892881989479065,0.05191849323455244,0.9480815067654476,0.918781653046608,0.9192530326545238,0.0004713796079158783,0.6034763008356094,0.6036292649805546,0.00015296414494514465,0.7028070762753487,0.6971547901630402,-0.005652286112308502,0.7318836450576782,0.7332068160176277,0.0013231709599494934,False
1,RIM_ONE_r3->Drishti_GS,29,C3,0.001,2.195321559906006,0.10812583565711975,0.015572945587337017,0.013216390274465084,0.00723690539598465,0.25848400592803955,0.061892881989479065,0.05191849323455244,0.9480815067654476,0.918781653046608,0.9190887473523617,0.0003070943057537079,0.6034763008356094,0.6036736480891705,0.0001973472535610199,0.7028070762753487,0.6973152905702591,-0.005491785705089569,0.7318836450576782,0.7331678718328476,0.0012842267751693726,False
1,RIM_ONE_r3->Drishti_GS,29,C4,0.001,1.435423493385315,0.27851033210754395,0.015572945587337017,0.013216390274465084,0.00723690539598465,0.25848400592803955,0.061892881989479065,0.05191849323455244,0.9480815067654476,0.918781653046608,0.917268168181181,-0.0015134848654270172,0.6034763008356094,0.6040764451026917,0.0006001442670822144,0.7028070762753487,0.6995030790567398,-0.003303997218608856,0.7318836450576782,0.7326362580060959,0.0007526129484176636,False
1,RIM_ONE_r3->Drishti_GS,29,C5,0.001,1.56363844871521,0.2899675965309143,0.015572945587337017,0.013216390274465084,0.00723690539598465,0.25848400592803955,0.061892881989479065,0.05191849323455244,0.9480815067654476,0.918781653046608,0.9177181646227837,-0.0010634884238243103,0.6034763008356094,0.6039813831448555,0.0005050823092460632,0.7028070762753487,0.6983422376215458,-0.004464838653802872,0.7318836450576782,0.7329238951206207,0.0010402500629425049,False
1,RIM_ONE_r3->Drishti_GS,30,C0,0.001,0.7060778737068176,0.02901805192232132,0.013587668538093567,0.010827220045030117,0.004603161476552486,0.24119281768798828,0.08976799249649048,0.05191849323455244,0.9480815067654476,0.918781653046608,0.9147742725908756,-0.004007380455732346,0.6034763008356094,0.6043517924845219,0.0008754916489124298,0.7028070762753487,0.7076527327299118,0.004845656454563141,0.7318836450576782,0.7305877543985844,-0.0012958906590938568,False
1,RIM_ONE_r3->Drishti_GS,30,C1,0.001,0.5820695161819458,0.041540421545505524,0.013587668538093567,0.010827220045030117,0.004603161476552486,0.24119281768798828,0.08976799249649048,0.05191849323455244,0.9480815067654476,0.918781653046608,0.9143947623670101,-0.004386890679597855,0.6034763008356094,0.6045378781855106,0.0010615773499011993,0.7028070762753487,0.7077534459531307,0.004946369677782059,0.7318836450576782,0.7305912375450134,-0.001292407512664795,False
1,RIM_ONE_r3->Drishti_GS,30,C2,0.001,2.3986616134643555,0.11412542313337326,0.013587668538093567,0.010827220045030117,0.004603161476552486,0.24119281768798828,0.08976799249649048,0.05191849323455244,0.9480815067654476,0.918781653046608,0.9155795648694038,-0.003202088177204132,0.6034763008356094,0.6045189760625362,0.0010426752269268036,0.7028070762753487,0.6998979076743126,-0.0029091686010360718,0.7318836450576782,0.7325149700045586,0.0006313249468803406,False
1,RIM_ONE_r3->Drishti_GS,30,C3,0.001,2.3369154930114746,0.12664780020713806,0.013587668538093567,0.010827220045030117,0.004603161476552486,0.24119281768798828,0.08976799249649048,0.05191849323455244,0.9480815067654476,0.918781653046608,0.915624063462019,-0.0031575895845890045,0.6034763008356094,0.6045433878898621,0.0010670870542526245,0.7028070762753487,0.6996304020285606,-0.003176674246788025,0.7318836450576782,0.73258500918746,0.000701364129781723,False
1,RIM_ONE_r3->Drishti_GS,30,C4,0.001,1.7852091789245605,0.2813122570514679,0.013587668538093567,0.010827220045030117,0.004603161476552486,0.24119281768798828,0.08976799249649048,0.05191849323455244,0.9480815067654476,0.918781653046608,0.9179162755608559,-0.0008653774857521057,0.6034763008356094,0.604130569845438,0.0006542690098285675,0.7028070762753487,0.6989964917302132,-0.003810584545135498,0.7318836450576782,0.7329019494354725,0.0010183043777942657,False
1,RIM_ONE_r3->Drishti_GS,30,C5,0.001,1.6184355020523071,0.29546403884887695,0.013587668538093567,0.010827220045030117,0.004603161476552486,0.24119281768798828,0.08976799249649048,0.05191849323455244,0.9480815067654476,0.918781653046608,0.9165085107088089,-0.0022731423377990723,0.6034763008356094,0.6044890470802784,0.0010127462446689606,0.7028070762753487,0.6984691731631756,-0.0043379031121730804,0.7318836450576782,0.7329622879624367,0.0010786429047584534,False
1,RIM_ONE_r3->Drishti_GS,31,C0,0.001,0.9033170938491821,0.030241893604397774,0.014568137004971504,0.010456832125782967,0.005216924473643303,0.2914438545703888,0.09320500493049622,0.05191849323455244,0.9480815067654476,0.918781653046608,0.9196633398532867,0.000881686806678772,0.6034763008356094,0.6032063402235508,-0.0002699606120586395,0.7028070762753487,0.7014899775385857,-0.0013170987367630005,0.7318836450576782,0.7321928329765797,0.0003091879189014435,False
1,RIM_ONE_r3->Drishti_GS,31,C1,0.001,0.9157454371452332,0.04537321999669075,0.014568137004971504,0.010456832125782967,0.005216924473643303,0.2914438545703888,0.09320500493049622,0.05191849323455244,0.9480815067654476,0.918781653046608,0.9178708530962467,-0.0009107999503612518,0.6034763008356094,0.6036568880081177,0.00018058717250823975,0.7028070762753487,0.7029992751777172,0.00019219890236854553,0.7318836450576782,0.7318108454346657,-7.279962301254272e-05,False
1,RIM_ONE_r3->Drishti_GS,31,C2,0.001,2.588460683822632,0.11860783398151398,0.014568137004971504,0.010456832125782967,0.005216924473643303,0.2914438545703888,0.09320500493049622,0.05191849323455244,0.9480815067654476,0.918781653046608,0.9199968315660954,0.001215178519487381,0.6034763008356094,0.6033707782626152,-0.00010552257299423218,0.7028070762753487,0.6973057463765144,-0.0055013298988342285,0.7318836450576782,0.7332075051963329,0.0013238601386547089,False
1,RIM_ONE_r3->Drishti_GS,31,C3,0.001,2.474414825439453,0.1337391585111618,0.014568137004971504,0.010456832125782967,0.005216924473643303,0.2914438545703888,0.09320500493049622,0.05191849323455244,0.9480815067654476,0.918781653046608,0.919397559016943,0.0006159059703350067,0.6034763008356094,0.6035302840173244,5.39831817150116e-05,0.7028070762753487,0.6975551322102547,-0.005251944065093994,0.7318836450576782,0.7331456355750561,0.0012619905173778534,False
1,RIM_ONE_r3->Drishti_GS,31,C4,0.001,2.5589535236358643,0.3006134331226349,0.014568137004971504,0.010456832125782967,0.005216924473643303,0.2914438545703888,0.09320500493049622,0.05191849323455244,0.9480815067654476,0.918781653046608,0.9141782075166702,-0.004603445529937744,0.6034763008356094,0.6046728529036045,0.0011965520679950714,0.7028070762753487,0.7045101746916771,0.0017030984163284302,0.7318836450576782,0.7314290516078472,-0.0004545934498310089,False
1,RIM_ONE_r3->Drishti_GS,31,C5,0.001,2.192413568496704,0.3055759072303772,0.014568137004971504,0.010456832125782967,0.005216924473643303,0.2914438545703888,0.09320500493049622,0.05191849323455244,0.9480815067654476,0.918781653046608,0.914718747138977,-0.00406290590763092,0.6034763008356094,0.6046298518776894,0.0011535510420799255,0.7028070762753487,0.701942440122366,-0.0008646361529827118,0.7318836450576782,0.7320585772395134,0.00017493218183517456,False
2,REFUGE->RIM_ONE_r3,0,C0,0.001,0.7783676385879517,0.04957108944654465,0.020761940628290176,0.017053082585334778,0.011756064370274544,0.5597135424613953,0.2390303611755371,0.05835294909775257,0.9416470509022474,0.5228780768811703,0.5192838180810213,-0.003594258800148964,0.7309217378497124,0.732813585549593,0.0018918476998806,0.4883819632232189,0.48658238537609577,-0.001799577847123146,0.7302324771881104,0.7313069514930248,0.0010744743049144745,False
2,REFUGE->RIM_ONE_r3,0,C1,0.001,0.7606905698776245,0.0822320282459259,0.020761940628290176,0.017053082585334778,0.011756064370274544,0.5597135424613953,0.2390303611755371,0.05835294909775257,0.9416470509022474,0.5228780768811703,0.5188864395022392,-0.0039916373789310455,0.7309217378497124,0.7329795770347118,0.002057839184999466,0.4883819632232189,0.48650141432881355,-0.001880548894405365,0.7302324771881104,0.7313445657491684,0.0011120885610580444,False
2,REFUGE->RIM_ONE_r3,0,C2,0.001,1.978600025177002,0.2746533155441284,0.020761940628290176,0.017053082585334778,0.011756064370274544,0.5597135424613953,0.2390303611755371,0.05835294909775257,0.9416470509022474,0.5228780768811703,0.5244030468165874,0.0015249699354171753,0.7309217378497124,0.7304079942405224,-0.0005137436091899872,0.4883819632232189,0.4881257079541683,-0.00025625526905059814,0.7302324771881104,0.7304471358656883,0.0002146586775779724,False
2,REFUGE->RIM_ONE_r3,0,C3,0.001,1.9593327045440674,0.30731427669525146,0.020761940628290176,0.017053082585334778,0.011756064370274544,0.5597135424613953,0.2390303611755371,0.05835294909775257,0.9416470509022474,0.5228780768811703,0.5242897402495146,0.001411663368344307,0.7309217378497124,0.7304521016776562,-0.0004696361720561981,0.4883819632232189,0.4881042316555977,-0.0002777315676212311,0.7302324771881104,0.7304541952908039,0.00022171810269355774,False
2,REFUGE->RIM_ONE_r3,0,C4,0.001,1.67289137840271,0.4038273096084595,0.020761940628290176,0.017053082585334778,0.011756064370274544,0.5597135424613953,0.2390303611755371,0.05835294909775257,0.9416470509022474,0.5228780768811703,0.517191207036376,-0.005686869844794273,0.7309217378497124,0.7334549650549889,0.0025332272052764893,0.4883819632232189,0.48617412708699703,-0.0022078361362218857,0.7302324771881104,0.7312364131212234,0.0010039359331130981,False
2,REFUGE->RIM_ONE_r3,0,C5,0.001,1.5108052492141724,0.3905726671218872,0.020761940628290176,0.017053082585334778,0.011756064370274544,0.5597135424613953,0.2390303611755371,0.05835294909775257,0.9416470509022474,0.5228780768811703,0.5189491435885429,-0.003928933292627335,0.7309217378497124,0.7327387221157551,0.0018169842660427094,0.4883819632232189,0.48634330928325653,-0.002038653939962387,0.7302324771881104,0.7312445975840092,0.001012120395898819,False
2,REFUGE->RIM_ONE_r3,1,C0,0.001,1.1768358945846558,0.03814593702554703,0.01748701184988022,0.012885987758636475,0.007772939279675484,0.5827823281288147,0.18655946850776672,0.05835294909775257,0.9416470509022474,0.5228780768811703,0.5197638105601072,-0.0031142663210630417,0.7309217378497124,0.7321915961802006,0.001269858330488205,0.4883819632232189,0.4868917800486088,-0.001490183174610138,0.7302324771881104,0.7309155501425266,0.000683072954416275,False
2,REFUGE->RIM_ONE_r3,1,C1,0.001,1.210271954536438,0.0721530020236969,0.01748701184988022,0.012885987758636475,0.007772939279675484,0.5827823281288147,0.18655946850776672,0.05835294909775257,0.9416470509022474,0.5228780768811703,0.5194891914725304,-0.003388885408639908,0.7309217378497124,0.7323198728263378,0.0013981349766254425,0.4883819632232189,0.48680529184639454,-0.001576671376824379,0.7302324771881104,0.7309538759291172,0.0007213987410068512,False
2,REFUGE->RIM_ONE_r3,1,C2,0.001,2.315781831741333,0.21381911635398865,0.01748701184988022,0.012885987758636475,0.007772939279675484,0.5827823281288147,0.18655946850776672,0.05835294909775257,0.9416470509022474,0.5228780768811703,0.5189220756292343,-0.003956001251935959,0.7309217378497124,0.7328650243580341,0.001943286508321762,0.4883819632232189,0.48571911454200745,-0.0026628486812114716,0.7302324771881104,0.7316236682236195,0.0013911910355091095,False
2,REFUGE->RIM_ONE_r3,1,C3,0.001,2.3340885639190674,0.24782617390155792,0.01748701184988022,0.012885987758636475,0.007772939279675484,0.5827823281288147,0.18655946850776672,0.05835294909775257,0.9416470509022474,0.5228780768811703,0.5187649447470903,-0.004113132134079933,0.7309217378497124,0.7329357713460922,0.0020140334963798523,0.4883819632232189,0.48566946759819984,-0.0027124956250190735,0.7302324771881104,0.7316450551152229,0.0014125779271125793,False
2,REFUGE->RIM_ONE_r3,1,C4,0.001,2.87214994430542,0.4042925238609314,0.01748701184988022,0.012885987758636475,0.007772939279675484,0.5827823281288147,0.18655946850776672,0.05835294909775257,0.9416470509022474,0.5228780768811703,0.5167438164353371,-0.006134260445833206,0.7309217378497124,0.733689870685339,0.002768132835626602,0.4883819632232189,0.48551666736602783,-0.002865295857191086,0.7302324771881104,0.7315448932349682,0.0013124160468578339,False
2,REFUGE->RIM_ONE_r3,1,C5,0.001,2.184436321258545,0.368883341550827,0.01748701184988022,0.012885987758636475,0.007772939279675484,0.5827823281288147,0.18655946850776672,0.05835294909775257,0.9416470509022474,0.5228780768811703,0.5172906424850225,-0.005587434396147728,0.7309217378497124,0.7334631085395813,0.002541370689868927,0.4883819632232189,0.48539847135543823,-0.0029834918677806854,0.7302324771881104,0.731653556227684,0.0014210790395736694,False
2,REFUGE->RIM_ONE_r3,2,C0,0.001,0.529854416847229,0.03357558697462082,0.016390465199947357,0.008265577256679535,0.008919546380639076,0.5861324667930603,0.21437039971351624,0.05835294909775257,0.9416470509022474,0.5228780768811703,0.5174177456647158,-0.005460331216454506,0.7309217378497124,0.7336844094097614,0.002762671560049057,0.4883819632232189,0.48576721362769604,-0.0026147495955228806,0.7302324771881104,0.7316194176673889,0.0013869404792785645,False
2,REFUGE->RIM_ONE_r3,2,C1,0.001,0.602071225643158,0.06777814030647278,0.016390465199947357,0.008265577256679535,0.008919546380639076,0.5861324667930603,0.21437039971351624,0.05835294909775257,0.9416470509022474,0.5228780768811703,0.5165217723697424,-0.006356304511427879,0.7309217378497124,0.7340952232480049,0.0031734853982925415,0.4883819632232189,0.485574372112751,-0.0028075911104679108,0.7302324771881104,0.7317067310214043,0.0014742538332939148,False
2,REFUGE->RIM_ONE_r3,2,C2,0.001,6.559532165527344,0.23543685674667358,0.016390465199947357,0.008265577256679535,0.008919546380639076,0.5861324667930603,0.21437039971351624,0.05835294909775257,0.9416470509022474,0.5228780768811703,0.5163717214018106,-0.006506355479359627,0.7309217378497124,0.7341071479022503,0.003185410052537918,0.4883819632232189,0.4859595689922571,-0.0024223942309617996,0.7302324771881104,0.7313879914581776,0.001155514270067215,False
2,REFUGE->RIM_ONE_r3,2,C3,0.001,6.653613567352295,0.26963940262794495,0.016390465199947357,0.008265577256679535,0.008919546380639076,0.5861324667930603,0.21437039971351624,0.05835294909775257,0.9416470509022474,0.5228780768811703,0.5163240823894739,-0.006553994491696358,0.7309217378497124,0.7341292798519135,0.0032075420022010803,0.4883819632232189,0.4859497155994177,-0.0024322476238012314,0.7302324771881104,0.7313943207263947,0.0011618435382843018,False
2,REFUGE->RIM_ONE_r3,2,C4,0.001,6.670090675354004,0.39922791719436646,0.016390465199947357,0.008265577256679535,0.008919546380639076,0.5861324667930603,0.21437039971351624,0.05835294909775257,0.9416470509022474,0.5228780768811703,0.515471488237381,-0.007406588643789291,0.7309217378497124,0.7344831340014935,0.003561396151781082,0.4883819632232189,0.4856950659304857,-0.0026868972927331924,0.7302324771881104,0.7315095812082291,0.0012771040201187134,False
2,REFUGE->RIM_ONE_r3,2,C5,0.001,5.952600002288818,0.3733101487159729,0.016390465199947357,0.008265577256679535,0.008919546380639076,0.5861324667930603,0.21437039971351624,0.05835294909775257,0.9416470509022474,0.5228780768811703,0.5155813284218311,-0.007296748459339142,0.7309217378497124,0.7344423457980156,0.0035206079483032227,0.4883819632232189,0.48573264107108116,-0.0026493221521377563,0.7302324771881104,0.73149673640728,0.0012642592191696167,False
2,REFUGE->RIM_ONE_r3,3,C0,0.001,0.7253029942512512,0.0366804301738739,0.020726149901747704,0.008443042635917664,0.007511238567531109,0.5568101406097412,0.29324230551719666,0.05835294909775257,0.9416470509022474,0.5228780768811703,0.527043778449297,0.0041657015681266785,0.7309217378497124,0.7288033775985241,-0.002118360251188278,0.4883819632232189,0.4904166329652071,0.002034669741988182,0.7302324771881104,0.7290800213813782,-0.0011524558067321777,False
2,REFUGE->RIM_ONE_r3,3,C1,0.001,0.6911195516586304,0.06917194277048111,0.020726149901747704,0.008443042635917664,0.007511238567531109,0.5568101406097412,0.29324230551719666,0.05835294909775257,0.9416470509022474,0.5228780768811703,0.526284234598279,0.0034061577171087265,0.7309217378497124,0.729151975363493,-0.0017697624862194061,0.4883819632232189,0.49016895331442356,0.0017869900912046432,0.7302324771881104,0.7291995212435722,-0.0010329559445381165,False
2,REFUGE->RIM_ONE_r3,3,C2,0.001,2.8483262062072754,0.3128111958503723,0.020726149901747704,0.008443042635917664,0.007511238567531109,0.5568101406097412,0.29324230551719666,0.05835294909775257,0.9416470509022474,0.5228780768811703,0.5175092611461878,-0.0053688157349824905,0.7309217378497124,0.7334487922489643,0.002527054399251938,0.4883819632232189,0.48616256564855576,-0.0022193975746631622,0.7302324771881104,0.7311777733266354,0.0009452961385250092,False
2,REFUGE->RIM_ONE_r3,3,C3,0.001,2.8913652896881104,0.3453027009963989,0.020726149901747704,0.008443042635917664,0.007511238567531109,0.5568101406097412,0.29324230551719666,0.05835294909775257,0.9416470509022474,0.5228780768811703,0.5173761118203402,-0.005501965060830116,0.7309217378497124,0.7335118539631367,0.002590116113424301,0.4883819632232189,0.48611053079366684,-0.0022714324295520782,0.7302324771881104,0.7312062084674835,0.0009737312793731689,False
2,REFUGE->RIM_ONE_r3,3,C4,0.001,3.5494236946105957,0.44849082827568054,0.020726149901747704,0.008443042635917664,0.007511238567531109,0.5568101406097412,0.29324230551719666,0.05835294909775257,0.9416470509022474,0.5228780768811703,0.51533442735672,-0.007543649524450302,0.7309217378497124,0.7344465516507626,0.003524813801050186,0.4883819632232189,0.48533911257982254,-0.0030428506433963776,0.7302324771881104,0.7316495478153229,0.0014170706272125244,False
2,REFUGE->RIM_ONE_r3,3,C5,0.001,2.4881670475006104,0.4136483371257782,0.020726149901747704,0.008443042635917664,0.007511238567531109,0.5568101406097412,0.29324230551719666,0.05835294909775257,0.9416470509022474,0.5228780768811703,0.5161068830639124,-0.006771193817257881,0.7309217378497124,0.7340705394744873,0.003148801624774933,0.4883819632232189,0.485695943236351,-0.0026860199868679047,0.7302324771881104,0.7314436286687851,0.0012111514806747437,False
2,REFUGE->RIM_ONE_r3,4,C0,0.001,0.9608107805252075,0.03992604836821556,0.016317086294293404,0.014836670830845833,0.00877229031175375,0.5466066598892212,0.12302747368812561,0.05835294909775257,0.9416470509022474,0.5228780768811703,0.5190482288599014,-0.0038298480212688446,0.7309217378497124,0.7324578836560249,0.001536145806312561,0.4883819632232189,0.4872462172061205,-0.0011357460170984268,0.7302324771881104,0.7306266501545906,0.0003941729664802551,False
2,REFUGE->RIM_ONE_r3,4,C1,0.001,0.9877812266349792,0.0718221589922905,0.016317086294293404,0.014836670830845833,0.00877229031175375,0.5466066598892212,0.12302747368812561,0.05835294909775257,0.9416470509022474,0.5228780768811703,0.5188191290944815,-0.004058947786688805,0.7309217378497124,0.7325678281486034,0.0016460902988910675,0.4883819632232189,0.48716116324067116,-0.00122079998254776,0.7302324771881104,0.7306727357208729,0.00044025853276252747,False
2,REFUGE->RIM_ONE_r3,4,C2,0.001,1.9392021894454956,0.15577450394630432,0.016317086294293404,0.014836670830845833,0.00877229031175375,0.5466066598892212,0.12302747368812561,0.05835294909775257,0.9416470509022474,0.5228780768811703,0.517992228269577,-0.0048858486115932465,0.7309217378497124,0.7331313975155354,0.002209659665822983,0.4883819632232189,0.4860861152410507,-0.0022958479821681976,0.7302324771881104,0.7312611006200314,0.0010286234319210052,False
2,REFUGE->RIM_ONE_r3,4,C3,0.001,1.9640039205551147,0.18767061829566956,0.016317086294293404,0.014836670830845833,0.00877229031175375,0.5466066598892212,0.12302747368812561,0.05835294909775257,0.9416470509022474,0.5228780768811703,0.5178817808628082,-0.004996296018362045,0.7309217378497124,0.7331810370087624,0.002259299159049988,0.4883819632232189,0.4860586877912283,-0.0023232754319906235,0.7302324771881104,0.7312763407826424,0.001043863594532013,False
2,REFUGE->RIM_ONE_r3,4,C4,0.001,2.6200661659240723,0.30537572503089905,0.016317086294293404,0.014836670830845833,0.00877229031175375,0.5466066598892212,0.12302747368812561,0.05835294909775257,0.9416470509022474,0.5228780768811703,0.5169508308172226,-0.005927246063947678,0.7309217378497124,0.7335266433656216,0.002604905515909195,0.4883819632232189,0.48596954345703125,-0.002412419766187668,0.7302324771881104,0.7313100099563599,0.0010775327682495117,False
2,REFUGE->RIM_ONE_r3,4,C5,0.001,2.0253350734710693,0.30591610074043274,0.016317086294293404,0.014836670830845833,0.00877229031175375,0.5466066598892212,0.12302747368812561,0.05835294909775257,0.9416470509022474,0.5228780768811703,0.5174376554787159,-0.005440421402454376,0.7309217378497124,0.7332699783146381,0.002348240464925766,0.4883819632232189,0.4861593898385763,-0.002222573384642601,0.7302324771881104,0.7311945483088493,0.0009620711207389832,False
2,REFUGE->RIM_ONE_r3,5,C0,0.001,0.8632072806358337,0.03727338835597038,0.01899537816643715,0.010903986170887947,0.007374024484306574,0.5601927042007446,0.26359379291534424,0.05835294909775257,0.9416470509022474,0.5228780768811703,0.5269990805536509,0.004121003672480583,0.7309217378497124,0.7290230467915535,-0.0018986910581588745,0.4883819632232189,0.4904150739312172,0.0020331107079982758,0.7302324771881104,0.7291982397437096,-0.0010342374444007874,False
2,REFUGE->RIM_ONE_r3,5,C1,0.001,0.8779865503311157,0.0699622854590416,0.01899537816643715,0.010903986170887947,0.007374024484306574,0.5601927042007446,0.26359379291534424,0.05835294909775257,0.9416470509022474,0.5228780768811703,0.5267238710075617,0.003845794126391411,0.7309217378497124,0.7291409932076931,-0.0017807446420192719,0.4883819632232189,0.4903936665505171,0.0020117033272981644,0.7302324771881104,0.729203000664711,-0.001029476523399353,False
2,REFUGE->RIM_ONE_r3,5,C2,0.001,5.627655506134033,0.28548571467399597,0.01899537816643715,0.010903986170887947,0.007374024484306574,0.5601927042007446,0.26359379291534424,0.05835294909775257,0.9416470509022474,0.5228780768811703,0.518584469333291,-0.004293607547879219,0.7309217378497124,0.7331161089241505,0.002194371074438095,0.4883819632232189,0.48566099628806114,-0.002720966935157776,0.7302324771881104,0.7317214496433735,0.0014889724552631378,False
2,REFUGE->RIM_ONE_r3,5,C3,0.001,5.609508514404297,0.3181746006011963,0.01899537816643715,0.010903986170887947,0.007374024484306574,0.5601927042007446,0.26359379291534424,0.05835294909775257,0.9416470509022474,0.5228780768811703,0.5185408499091864,-0.00433722697198391,0.7309217378497124,0.7331357859075069,0.002214048057794571,0.4883819632232189,0.48565518483519554,-0.0027267783880233765,0.7302324771881104,0.7317227870225906,0.0014903098344802856,False
2,REFUGE->RIM_ONE_r3,5,C4,0.001,4.372231960296631,0.4133796691894531,0.01899537816643715,0.010903986170887947,0.007374024484306574,0.5601927042007446,0.26359379291534424,0.05835294909775257,0.9416470509022474,0.5228780768811703,0.5194251909852028,-0.0034528858959674835,0.7309217378497124,0.7327123209834099,0.0017905831336975098,0.4883819632232189,0.4858958050608635,-0.002486158162355423,0.7302324771881104,0.731627956032753,0.0013954788446426392,False
2,REFUGE->RIM_ONE_r3,5,C5,0.001,2.986833333969116,0.38685593008995056,0.01899537816643715,0.010903986170887947,0.007374024484306574,0.5601927042007446,0.26359379291534424,0.05835294909775257,0.9416470509022474,0.5228780768811703,0.5180075652897358,-0.004870511591434479,0.7309217378497124,0.7333556041121483,0.002433866262435913,0.4883819632232189,0.4855430293828249,-0.00283893384039402,0.7302324771881104,0.7317511849105358,0.0015187077224254608,False
2,REFUGE->RIM_ONE_r3,6,C0,0.001,0.7332638502120972,0.03761886805295944,0.019810238853096962,0.009128293953835964,0.00868033803999424,0.5572855472564697,0.16796909272670746,0.05835294909775257,0.9416470509022474,0.5228780768811703,0.5223742220550776,-0.00050385482609272,0.7309217378497124,0.731233075261116,0.000311337411403656,0.4883819632232189,0.4870002344250679,-0.0013817287981510162,0.7302324771881104,0.7307892926037312,0.0005568154156208038,False
2,REFUGE->RIM_ONE_r3,6,C1,0.001,0.7388404607772827,0.0701381266117096,0.019810238853096962,0.009128293953835964,0.00868033803999424,0.5572855472564697,0.16796909272670746,0.05835294909775257,0.9416470509022474,0.5228780768811703,0.5221862811595201,-0.0006917957216501236,0.7309217378497124,0.7313280142843723,0.0004062764346599579,0.4883819632232189,0.4869049247354269,-0.001477038487792015,0.7302324771881104,0.730847492814064,0.0006150156259536743,False
2,REFUGE->RIM_ONE_r3,6,C2,0.001,1.957194447517395,0.1957864761352539,0.019810238853096962,0.009128293953835964,0.00868033803999424,0.5572855472564697,0.16796909272670746,0.05835294909775257,0.9416470509022474,0.5228780768811703,0.5227368902415037,-0.0001411866396665573,0.7309217378497124,0.731140486896038,0.0002187490463256836,0.4883819632232189,0.4871456418186426,-0.0012363214045763016,0.7302324771881104,0.7308632358908653,0.0006307587027549744,False
2,REFUGE->RIM_ONE_r3,6,C3,0.001,1.96550714969635,0.22830572724342346,0.019810238853096962,0.009128293953835964,0.00868033803999424,0.5572855472564697,0.16796909272670746,0.05835294909775257,0.9416470509022474,0.5228780768811703,0.5226654820144176,-0.0002125948667526245,0.7309217378497124,0.7311758138239384,0.0002540759742259979,0.4883819632232189,0.4871129747480154,-0.001268988475203514,0.7302324771881104,0.7308824472129345,0.0006499700248241425,False
2,REFUGE->RIM_ONE_r3,6,C4,0.001,1.947983741760254,0.3521518111228943,0.019810238853096962,0.009128293953835964,0.00868033803999424,0.5572855472564697,0.16796909272670746,0.05835294909775257,0.9416470509022474,0.5228780768811703,0.5187553949654102,-0.00412268191576004,0.7309217378497124,0.7329152822494507,0.0019935443997383118,0.4883819632232189,0.485649436712265,-0.002732526510953903,0.7302324771881104,0.7315951846539974,0.0013627074658870697,False
2,REFUGE->RIM_ONE_r3,6,C5,0.001,1.5896167755126953,0.3379492163658142,0.019810238853096962,0.009128293953835964,0.00868033803999424,0.5572855472564697,0.16796909272670746,0.05835294909775257,0.9416470509022474,0.5228780768811703,0.5201067756861448,-0.002771301195025444,0.7309217378497124,0.7323009893298149,0.001379251480102539,0.4883819632232189,0.48603395745158195,-0.002348005771636963,0.7302324771881104,0.7314099706709385,0.0011774934828281403,False
2,REFUGE->RIM_ONE_r3,7,C0,0.001,0.7503469586372375,0.03927695006132126,0.018264414742588997,0.013854331336915493,0.0071582067757844925,0.5419884324073792,0.1786370873451233,0.05835294909775257,0.9416470509022474,0.5228780768811703,0.5189658720046282,-0.003912204876542091,0.7309217378497124,0.7327591106295586,0.0018373727798461914,0.4883819632232189,0.4863475076854229,-0.0020344555377960205,0.7302324771881104,0.731299914419651,0.00106743723154068,False
2,REFUGE->RIM_ONE_r3,7,C1,0.001,0.761397123336792,0.07090356945991516,0.018264414742588997,0.013854331336915493,0.0071582067757844925,0.5419884324073792,0.1786370873451233,0.05835294909775257,0.9416470509022474,0.5228780768811703,0.5187223851680756,-0.004155691713094711,0.7309217378497124,0.7328692674636841,0.0019475296139717102,0.4883819632232189,0.48625609651207924,-0.002125866711139679,0.7302324771881104,0.7313449196517467,0.0011124424636363983,False
2,REFUGE->RIM_ONE_r3,7,C2,0.001,2.0210893154144287,0.20749002695083618,0.018264414742588997,0.013854331336915493,0.0071582067757844925,0.5419884324073792,0.1786370873451233,0.05835294909775257,0.9416470509022474,0.5228780768811703,0.5166307929903269,-0.006247283890843391,0.7309217378497124,0.7339173443615437,0.0029956065118312836,0.4883819632232189,0.48547184839844704,-0.002910114824771881,0.7302324771881104,0.7316544726490974,0.001421995460987091,False
2,REFUGE->RIM_ONE_r3,7,C3,0.001,2.0386428833007812,0.23911665380001068,0.018264414742588997,0.013854331336915493,0.0071582067757844925,0.5419884324073792,0.1786370873451233,0.05835294909775257,0.9416470509022474,0.5228780768811703,0.5165742542594671,-0.006303822621703148,0.7309217378497124,0.7339423447847366,0.0030206069350242615,0.4883819632232189,0.48545088060200214,-0.002931082621216774,0.7302324771881104,0.7316656894981861,0.0014332123100757599,False
2,REFUGE->RIM_ONE_r3,7,C4,0.001,2.4715309143066406,0.34619373083114624,0.018264414742588997,0.013854331336915493,0.0071582067757844925,0.5419884324073792,0.1786370873451233,0.05835294909775257,0.9416470509022474,0.5228780768811703,0.515352351590991,-0.007525725290179253,0.7309217378497124,0.7344256117939949,0.0035038739442825317,0.4883819632232189,0.48500191420316696,-0.003380049020051956,0.7302324771881104,0.7318672686815262,0.0016347914934158325,False
2,REFUGE->RIM_ONE_r3,7,C5,0.001,1.9254448413848877,0.337199866771698,0.018264414742588997,0.013854331336915493,0.0071582067757844925,0.5419884324073792,0.1786370873451233,0.05835294909775257,0.9416470509022474,0.5228780768811703,0.5157194677740335,-0.007158609107136726,0.7309217378497124,0.7342611663043499,0.0033394284546375275,0.4883819632232189,0.4851388894021511,-0.00324307382106781,0.7302324771881104,0.7318135611712933,0.001581083983182907,False
2,REFUGE->RIM_ONE_r3,8,C0,0.001,0.5697275400161743,0.04583849757909775,0.020306898280978203,0.015242990106344223,0.010288611054420471,0.5729618072509766,0.20963770151138306,0.05835294909775257,0.9416470509022474,0.5228780768811703,0.516740707680583,-0.006137369200587273,0.7309217378497124,0.7338505387306213,0.002928800880908966,0.4883819632232189,0.4868434350937605,-0.0015385281294584274,0.7302324771881104,0.7311713472008705,0.0009388700127601624,False
2,REFUGE->RIM_ONE_r3,8,C1,0.001,0.5973516702651978,0.07927250862121582,0.020306898280978203,0.015242990106344223,0.010288611054420471,0.5729618072509766,0.20963770151138306,0.05835294909775257,0.9416470509022474,0.5228780768811703,0.5163167137652636,-0.006561363115906715,0.7309217378497124,0.7340475618839264,0.0031258240342140198,0.4883819632232189,0.48658065497875214,-0.0018013082444667816,0.7302324771881104,0.7312938198447227,0.0010613426566123962,False
2,REFUGE->RIM_ONE_r3,8,C2,0.001,2.201587438583374,0.24324321746826172,0.020306898280978203,0.015242990106344223,0.010288611054420471,0.5729618072509766,0.20963770151138306,0.05835294909775257,0.9416470509022474,0.5228780768811703,0.5171994175761938,-0.005678659304976463,0.7309217378497124,0.7336064390838146,0.002684701234102249,0.4883819632232189,0.4859739691019058,-0.002407994121313095,0.7302324771881104,0.7313287407159805,0.0010962635278701782,False
2,REFUGE->RIM_ONE_r3,8,C3,0.001,2.2342450618743896,0.2766772508621216,0.020306898280978203,0.015242990106344223,0.010288611054420471,0.5729618072509766,0.20963770151138306,0.05835294909775257,0.9416470509022474,0.5228780768811703,0.5170930791646242,-0.005784997716546059,0.7309217378497124,0.7336562052369118,0.002734467387199402,0.4883819632232189,0.4859174005687237,-0.0024645626544952393,0.7302324771881104,0.7313601486384869,0.0011276714503765106,False
2,REFUGE->RIM_ONE_r3,8,C4,0.001,2.5771079063415527,0.38725006580352783,0.020306898280978203,0.015242990106344223,0.010288611054420471,0.5729618072509766,0.20963770151138306,0.05835294909775257,0.9416470509022474,0.5228780768811703,0.5154999196529388,-0.00737815722823143,0.7309217378497124,0.7343785613775253,0.0034568235278129578,0.4883819632232189,0.48524684458971024,-0.0031351186335086823,0.7302324771881104,0.7317224927246571,0.0014900155365467072,False
2,REFUGE->RIM_ONE_r3,8,C5,0.001,2.0249149799346924,0.37895604968070984,0.020306898280978203,0.015242990106344223,0.010288611054420471,0.5729618072509766,0.20963770151138306,0.05835294909775257,0.9416470509022474,0.5228780768811703,0.5156980231404305,-0.007180053740739822,0.7309217378497124,0.734305128455162,0.0033833906054496765,0.4883819632232189,0.48525819927453995,-0.0031237639486789703,0.7302324771881104,0.7317428849637508,0.0015104077756404877,False
2,REFUGE->RIM_ONE_r3,9,C0,0.001,0.885571300983429,0.034076012670993805,0.01645006239414215,0.010765820741653442,0.00686012813821435,0.5582339763641357,0.22341173887252808,0.05835294909775257,0.9416470509022474,0.5228780768811703,0.5193711556494236,-0.0035069212317466736,0.7309217378497124,0.7324263416230679,0.001504603773355484,0.4883819632232189,0.4863561037927866,-0.0020258594304323196,0.7302324771881104,0.7312465012073517,0.001014024019241333,False
2,REFUGE->RIM_ONE_r3,9,C1,0.001,0.9281314015388489,0.06665061414241791,0.01645006239414215,0.010765820741653442,0.00686012813821435,0.5582339763641357,0.22341173887252808,0.05835294909775257,0.9416470509022474,0.5228780768811703,0.5190090704709291,-0.003869006410241127,0.7309217378497124,0.732595220208168,0.001673482358455658,0.4883819632232189,0.4862759541720152,-0.0021060090512037277,0.7302324771881104,0.7312807179987431,0.0010482408106327057,False
2,REFUGE->RIM_ONE_r3,9,C2,0.001,3.3052000999450684,0.24445101618766785,0.01645006239414215,0.010765820741653442,0.00686012813821435,0.5582339763641357,0.22341173887252808,0.05835294909775257,0.9416470509022474,0.5228780768811703,0.5184456929564476,-0.0044323839247226715,0.7309217378497124,0.7330662831664085,0.002144545316696167,0.4883819632232189,0.48575559258461,-0.0026263706386089325,0.7302324771881104,0.7315922975540161,0.0013598203659057617,False
2,REFUGE->RIM_ONE_r3,9,C3,0.001,3.3451945781707764,0.27702564001083374,0.01645006239414215,0.010765820741653442,0.00686012813821435,0.5582339763641357,0.22341173887252808,0.05835294909775257,0.9416470509022474,0.5228780768811703,0.5183493159711361,-0.00452876091003418,0.7309217378497124,0.7331089973449707,0.0021872594952583313,0.4883819632232189,0.4857480935752392,-0.0026338696479797363,0.7302324771881104,0.731591809540987,0.0013593323528766632,False
2,REFUGE->RIM_ONE_r3,9,C4,0.001,3.7734549045562744,0.3776366114616394,0.01645006239414215,0.010765820741653442,0.00686012813821435,0.5582339763641357,0.22341173887252808,0.05835294909775257,0.9416470509022474,0.5228780768811703,0.517065916210413,-0.005812160670757294,0.7309217378497124,0.7335525043308735,0.0026307664811611176,0.4883819632232189,0.4857635572552681,-0.002618405967950821,0.7302324771881104,0.7314786314964294,0.0012461543083190918,False
2,REFUGE->RIM_ONE_r3,9,C5,0.001,3.011349678039551,0.3616926074028015,0.01645006239414215,0.010765820741653442,0.00686012813821435,0.5582339763641357,0.22341173887252808,0.05835294909775257,0.9416470509022474,0.5228780768811703,0.5169459600001574,-0.0059321168810129166,0.7309217378497124,0.733645785599947,0.002724047750234604,0.4883819632232189,0.4854348190128803,-0.0029471442103385925,0.7302324771881104,0.7316966131329536,0.0014641359448432922,False
2,REFUGE->RIM_ONE_r3,10,C0,0.001,0.4545455873012543,0.03252854198217392,0.01693127676844597,0.006090075708925724,0.009507189504802227,0.5725463628768921,0.2107050120830536,0.05835294909775257,0.9416470509022474,0.5228780768811703,0.529017424210906,0.006139347329735756,0.7309217378497124,0.7280739210546017,-0.0028478167951107025,0.4883819632232189,0.49094886146485806,0.0025668982416391373,0.7302324771881104,0.7288592606782913,-0.0013732165098190308,False
2,REFUGE->RIM_ONE_r3,10,C1,0.001,0.4054526388645172,0.0659383088350296,0.01693127676844597,0.006090075708925724,0.009507189504802227,0.5725463628768921,0.2107050120830536,0.05835294909775257,0.9416470509022474,0.5228780768811703,0.5284218396991491,0.005543762817978859,0.7309217378497124,0.7283412627875805,-0.0025804750621318817,0.4883819632232189,0.49071800895035267,0.002336045727133751,0.7302324771881104,0.7289632186293602,-0.0012692585587501526,False
2,REFUGE->RIM_ONE_r3,10,C2,0.001,2.9580907821655273,0.23093828558921814,0.01693127676844597,0.006090075708925724,0.009507189504802227,0.5725463628768921,0.2107050120830536,0.05835294909775257,0.9416470509022474,0.5228780768811703,0.5244394224137068,0.0015613455325365067,0.7309217378497124,0.7302624396979809,-0.0006592981517314911,0.4883819632232189,0.48810877092182636,-0.00027319230139255524,0.7302324771881104,0.7305131778120995,0.0002807006239891052,False
2,REFUGE->RIM_ONE_r3,10,C3,0.001,2.9819958209991455,0.2643480598926544,0.01693127676844597,0.006090075708925724,0.009507189504802227,0.5725463628768921,0.2107050120830536,0.05835294909775257,0.9416470509022474,0.5228780768811703,0.524244112893939,0.0013660360127687454,0.7309217378497124,0.7303501702845097,-0.000571567565202713,0.4883819632232189,0.48803696036338806,-0.0003450028598308563,0.7302324771881104,0.7305502034723759,0.0003177262842655182,False
2,REFUGE->RIM_ONE_r3,10,C4,0.001,3.529454469680786,0.40706318616867065,0.01693127676844597,0.006090075708925724,0.009507189504802227,0.5725463628768921,0.2107050120830536,0.05835294909775257,0.9416470509022474,0.5228780768811703,0.5209315754473209,-0.0019465014338493347,0.7309217378497124,0.7317776009440422,0.000855863094329834,0.4883819632232189,0.4869831334799528,-0.0013988297432661057,0.7302324771881104,0.7309758141636848,0.0007433369755744934,False
2,REFUGE->RIM_ONE_r3,10,C5,0.001,1.932546615600586,0.36835989356040955,0.01693127676844597,0.006090075708925724,0.009507189504802227,0.5725463628768921,0.2107050120830536,0.05835294909775257,0.9416470509022474,0.5228780768811703,0.522979037836194,0.00010096095502376556,0.7309217378497124,0.7308724597096443,-4.92781400680542e-05,0.4883819632232189,0.48728008940815926,-0.0011018738150596619,0.7302324771881104,0.7308529429137707,0.0006204657256603241,False
2,REFUGE->RIM_ONE_r3,11,C0,0.001,0.9615803360939026,0.049309179186820984,0.02119401842355728,0.013408779166638851,0.014706381596624851,0.6325070261955261,0.25774139165878296,0.05835294909775257,0.9416470509022474,0.5228780768811703,0.5213813614100218,-0.001496715471148491,0.7309217378497124,0.7318610586225986,0.0009393207728862762,0.4883819632232189,0.48718860000371933,-0.001193363219499588,0.7302324771881104,0.7307653091847897,0.000532831996679306,False
2,REFUGE->RIM_ONE_r3,11,C1,0.001,0.8853476047515869,0.08621782809495926,0.02119401842355728,0.013408779166638851,0.014706381596624851,0.6325070261955261,0.25774139165878296,0.05835294909775257,0.9416470509022474,0.5228780768811703,0.5215251818299294,-0.001352895051240921,0.7309217378497124,0.7317943274974823,0.000872589647769928,0.4883819632232189,0.4870255719870329,-0.0013563912361860275,0.7302324771881104,0.7308511547744274,0.0006186775863170624,False
2,REFUGE->RIM_ONE_r3,11,C2,0.001,6.277911186218262,0.2920106053352356,0.02119401842355728,0.013408779166638851,0.014706381596624851,0.6325070261955261,0.25774139165878296,0.05835294909775257,0.9416470509022474,0.5228780768811703,0.5160740409046412,-0.006804035976529121,0.7309217378497124,0.7341668084263802,0.0032450705766677856,0.4883819632232189,0.4856030084192753,-0.002778954803943634,0.7302324771881104,0.7315299846231937,0.0012975074350833893,False
2,REFUGE->RIM_ONE_r3,11,C3,0.001,6.216220378875732,0.32891926169395447,0.02119401842355728,0.013408779166638851,0.014706381596624851,0.6325070261955261,0.25774139165878296,0.05835294909775257,0.9416470509022474,0.5228780768811703,0.5160408914089203,-0.006837185472249985,0.7309217378497124,0.7341787777841091,0.0032570399343967438,0.4883819632232189,0.4855720233172178,-0.002809939906001091,0.7302324771881104,0.7315462753176689,0.0013137981295585632,False
2,REFUGE->RIM_ONE_r3,11,C4,0.001,3.1203784942626953,0.45178210735321045,0.02119401842355728,0.013408779166638851,0.014706381596624851,0.6325070261955261,0.25774139165878296,0.05835294909775257,0.9416470509022474,0.5228780768811703,0.5207641087472439,-0.0021139681339263916,0.7309217378497124,0.7317504286766052,0.0008286908268928528,0.4883819632232189,0.4869589153677225,-0.0014230478554964066,0.7302324771881104,0.7309033535420895,0.0006708763539791107,False
2,REFUGE->RIM_ONE_r3,11,C5,0.001,3.0597481727600098,0.42466285824775696,0.02119401842355728,0.013408779166638851,0.014706381596624851,0.6325070261955261,0.25774139165878296,0.05835294909775257,0.9416470509022474,0.5228780768811703,0.5164620261639357,-0.0064160507172346115,0.7309217378497124,0.7339469902217388,0.0030252523720264435,0.4883819632232189,0.48531756922602654,-0.003064393997192383,0.7302324771881104,0.7316899262368679,0.001457449048757553,False
2,REFUGE->RIM_ONE_r3,12,C0,0.001,0.6937486529350281,0.03842994570732117,0.01591983065009117,0.013704415410757065,0.008805700577795506,0.5750010013580322,0.28415611386299133,0.05835294909775257,0.9416470509022474,0.5228780768811703,0.5294191148132086,0.006541037932038307,0.7309217378497124,0.7278069481253624,-0.0031147897243499756,0.4883819632232189,0.4903528969734907,0.001970933750271797,0.7302324771881104,0.7292673960328102,-0.0009650811553001404,False
2,REFUGE->RIM_ONE_r3,12,C1,0.001,0.6311845779418945,0.07198294997215271,0.01591983065009117,0.013704415410757065,0.008805700577795506,0.5750010013580322,0.28415611386299133,0.05835294909775257,0.9416470509022474,0.5228780768811703,0.5287983063608408,0.005920229479670525,0.7309217378497124,0.7280939482152462,-0.0028277896344661713,0.4883819632232189,0.4901581574231386,0.0017761941999197006,0.7302324771881104,0.7293653972446918,-0.0008670799434185028,False
2,REFUGE->RIM_ONE_r3,12,C2,0.001,4.748833179473877,0.30600470304489136,0.01591983065009117,0.013704415410757065,0.008805700577795506,0.5750010013580322,0.28415611386299133,0.05835294909775257,0.9416470509022474,0.5228780768811703,0.5156563054770231,-0.007221771404147148,0.7309217378497124,0.7343378476798534,0.0034161098301410675,0.4883819632232189,0.4853260852396488,-0.003055877983570099,0.7302324771881104,0.7316628657281399,0.0014303885400295258,False
2,REFUGE->RIM_ONE_r3,12,C3,0.001,4.817423343658447,0.3395577073097229,0.01591983065009117,0.013704415410757065,0.008805700577795506,0.5750010013580322,0.28415611386299133,0.05835294909775257,0.9416470509022474,0.5228780768811703,0.5156064163893461,-0.00727166049182415,0.7309217378497124,0.734361294656992,0.003439556807279587,0.4883819632232189,0.48532168194651604,-0.003060281276702881,0.7302324771881104,0.7316668294370174,0.0014343522489070892,False
2,REFUGE->RIM_ONE_r3,12,C4,0.001,5.3056321144104,0.43021368980407715,0.01591983065009117,0.013704415410757065,0.008805700577795506,0.5750010013580322,0.28415611386299133,0.05835294909775257,0.9416470509022474,0.5228780768811703,0.5149673316627741,-0.007910745218396187,0.7309217378497124,0.7346676476299763,0.0037459097802639008,0.4883819632232189,0.48529723286628723,-0.0030847303569316864,0.7302324771881104,0.7316887602210045,0.0014562830328941345,False
2,REFUGE->RIM_ONE_r3,12,C5,0.001,3.952415943145752,0.42259252071380615,0.01591983065009117,0.013704415410757065,0.008805700577795506,0.5750010013580322,0.28415611386299133,0.05835294909775257,0.9416470509022474,0.5228780768811703,0.5152048710733652,-0.007673205807805061,0.7309217378497124,0.7345631569623947,0.0036414191126823425,0.4883819632232189,0.4852243009954691,-0.0031576622277498245,0.7302324771881104,0.7317277304828167,0.0014952532947063446,False
2,REFUGE->RIM_ONE_r3,13,C0,0.001,0.8253134489059448,0.03978002816438675,0.0174260213971138,0.009251577779650688,0.013102428987622261,0.5970731377601624,0.19940802454948425,0.05835294909775257,0.9416470509022474,0.5228780768811703,0.5291414596140385,0.006263382732868195,0.7309217378497124,0.7281149514019489,-0.002806786447763443,0.4883819632232189,0.49139141105115414,0.003009447827935219,0.7302324771881104,0.7287879697978497,-0.0014445073902606964,False
2,REFUGE->RIM_ONE_r3,13,C1,0.001,0.7637594938278198,0.07462100684642792,0.0174260213971138,0.009251577779650688,0.013102428987622261,0.5970731377601624,0.19940802454948425,0.05835294909775257,0.9416470509022474,0.5228780768811703,0.528642687946558,0.005764611065387726,0.7309217378497124,0.7283363156020641,-0.002585422247648239,0.4883819632232189,0.4913418237119913,0.0029598604887723923,0.7302324771881104,0.7288025580346584,-0.0014299191534519196,False
2,REFUGE->RIM_ONE_r3,13,C2,0.001,4.721754550933838,0.22755199670791626,0.0174260213971138,0.009251577779650688,0.013102428987622261,0.5970731377601624,0.19940802454948425,0.05835294909775257,0.9416470509022474,0.5228780768811703,0.5173127595335245,-0.00556531734764576,0.7309217378497124,0.7336701415479183,0.002748403698205948,0.4883819632232189,0.48655071295797825,-0.0018312502652406693,0.7302324771881104,0.7311108559370041,0.0008783787488937378,False
2,REFUGE->RIM_ONE_r3,13,C3,0.001,4.763339519500732,0.2623929977416992,0.0174260213971138,0.009251577779650688,0.013102428987622261,0.5970731377601624,0.19940802454948425,0.05835294909775257,0.9416470509022474,0.5228780768811703,0.5172134395688772,-0.005664637312293053,0.7309217378497124,0.733713835477829,0.0027920976281166077,0.4883819632232189,0.48652204871177673,-0.0018599145114421844,0.7302324771881104,0.7311222217977047,0.0008897446095943451,False
2,REFUGE->RIM_ONE_r3,13,C4,0.001,5.398862838745117,0.42726895213127136,0.0174260213971138,0.009251577779650688,0.013102428987622261,0.5970731377601624,0.19940802454948425,0.05835294909775257,0.9416470509022474,0.5228780768811703,0.5157018173485994,-0.007176259532570839,0.7309217378497124,0.7343237586319447,0.0034020207822322845,0.4883819632232189,0.48589140735566616,-0.0024905558675527573,0.7302324771881104,0.7313847355544567,0.0011522583663463593,False
2,REFUGE->RIM_ONE_r3,13,C5,0.001,4.158557891845703,0.3953220248222351,0.0174260213971138,0.009251577779650688,0.013102428987622261,0.5970731377601624,0.19940802454948425,0.05835294909775257,0.9416470509022474,0.5228780768811703,0.5160724297165871,-0.006805647164583206,0.7309217378497124,0.7341737411916256,0.0032520033419132233,0.4883819632232189,0.48606886342167854,-0.0023130998015403748,0.7302324771881104,0.7313125729560852,0.0010800957679748535,False
2,REFUGE->RIM_ONE_r3,14,C0,0.001,0.7254300713539124,0.03515142947435379,0.018891721963882446,0.008909175172448158,0.007350530941039324,0.5850763916969299,0.23737522959709167,0.05835294909775257,0.9416470509022474,0.5228780768811703,0.5205283742398024,-0.0023497026413679123,0.7309217378497124,0.7320313565433025,0.0011096186935901642,0.4883819632232189,0.4864452313631773,-0.0019367318600416183,0.7302324771881104,0.7312065288424492,0.0009740516543388367,False
2,REFUGE->RIM_ONE_r3,14,C1,0.001,0.7488572597503662,0.06929236650466919,0.018891721963882446,0.008909175172448158,0.007350530941039324,0.5850763916969299,0.23737522959709167,0.05835294909775257,0.9416470509022474,0.5228780768811703,0.5200517885386944,-0.002826288342475891,0.7309217378497124,0.7322533503174782,0.001331612467765808,0.4883819632232189,0.48632628470659256,-0.002055678516626358,0.7302324771881104,0.7312654629349709,0.0010329857468605042,False
2,REFUGE->RIM_ONE_r3,14,C2,0.001,2.9344322681427,0.25867512822151184,0.018891721963882446,0.008909175172448158,0.007350530941039324,0.5850763916969299,0.23737522959709167,0.05835294909775257,0.9416470509022474,0.5228780768811703,0.5217948611825705,-0.0010832156985998154,0.7309217378497124,0.7315531484782696,0.0006314106285572052,0.4883819632232189,0.4864007569849491,-0.001981206238269806,0.7302324771881104,0.731280967593193,0.0010484904050827026,False
2,REFUGE->RIM_ONE_r3,14,C3,0.001,2.9399218559265137,0.29281604290008545,0.018891721963882446,0.008909175172448158,0.007350530941039324,0.5850763916969299,0.23737522959709167,0.05835294909775257,0.9416470509022474,0.5228780768811703,0.5216647945344448,-0.0012132823467254639,0.7309217378497124,0.7316117584705353,0.0006900206208229065,0.4883819632232189,0.48635828495025635,-0.00202367827296257,0.7302324771881104,0.7313022166490555,0.0010697394609451294,False
2,REFUGE->RIM_ONE_r3,14,C4,0.001,2.8417134284973145,0.40240925550460815,0.018891721963882446,0.008909175172448158,0.007350530941039324,0.5850763916969299,0.23737522959709167,0.05835294909775257,0.9416470509022474,0.5228780768811703,0.5183363314718008,-0.004541745409369469,0.7309217378497124,0.7330855242908001,0.0021637864410877228,0.4883819632232189,0.4854668863117695,-0.0029150769114494324,0.7302324771881104,0.7317355014383793,0.0015030242502689362,False
2,REFUGE->RIM_ONE_r3,14,C5,0.001,2.320364236831665,0.37594497203826904,0.018891721963882446,0.008909175172448158,0.007350530941039324,0.5850763916969299,0.23737522959709167,0.05835294909775257,0.9416470509022474,0.5228780768811703,0.5197669789195061,-0.0031110979616642,0.7309217378497124,0.7324469424784184,0.0015252046287059784,0.4883819632232189,0.48573214933276176,-0.0026498138904571533,0.7302324771881104,0.7316260300576687,0.0013935528695583344,False
2,REFUGE->RIM_ONE_r3,15,C0,0.001,0.7565382719039917,0.03234362602233887,0.018264414742588997,0.005993171129375696,0.008086039684712887,0.5769437551498413,0.2615841329097748,0.05835294909775257,0.9416470509022474,0.5228780768811703,0.5284464526921511,0.005568375810980797,0.7309217378497124,0.7282066121697426,-0.0027151256799697876,0.4883819632232189,0.49054114893078804,0.0021591857075691223,0.7302324771881104,0.7291483283042908,-0.00108414888381958,False
2,REFUGE->RIM_ONE_r3,15,C1,0.001,0.744861900806427,0.0660099983215332,0.018264414742588997,0.005993171129375696,0.008086039684712887,0.5769437551498413,0.2615841329097748,0.05835294909775257,0.9416470509022474,0.5228780768811703,0.5282187946140766,0.0053407177329063416,0.7309217378497124,0.7283071726560593,-0.0026145651936531067,0.4883819632232189,0.49044413678348064,0.0020621735602617264,0.7302324771881104,0.7292037457227707,-0.0010287314653396606,False
2,REFUGE->RIM_ONE_r3,15,C2,0.001,3.024372100830078,0.2786635756492615,0.018264414742588997,0.005993171129375696,0.008086039684712887,0.5769437551498413,0.2615841329097748,0.05835294909775257,0.9416470509022474,0.5228780768811703,0.519323069602251,-0.00355500727891922,0.7309217378497124,0.7326109074056149,0.001689169555902481,0.4883819632232189,0.4861484244465828,-0.0022335387766361237,0.7302324771881104,0.7312078028917313,0.0009753257036209106,False
2,REFUGE->RIM_ONE_r3,15,C3,0.001,3.031144142150879,0.3123299479484558,0.018264414742588997,0.005993171129375696,0.008086039684712887,0.5769437551498413,0.2615841329097748,0.05835294909775257,0.9416470509022474,0.5228780768811703,0.5192531440407038,-0.0036249328404664993,0.7309217378497124,0.7326430752873421,0.0017213374376296997,0.4883819632232189,0.48612397722899914,-0.00225798599421978,0.7302324771881104,0.7312214151024818,0.0009889379143714905,False
2,REFUGE->RIM_ONE_r3,15,C4,0.001,2.9464728832244873,0.43279126286506653,0.018264414742588997,0.005993171129375696,0.008086039684712887,0.5769437551498413,0.2615841329097748,0.05835294909775257,0.9416470509022474,0.5228780768811703,0.5169094111770391,-0.005968665704131126,0.7309217378497124,0.7337079420685768,0.002786204218864441,0.4883819632232189,0.48531302623450756,-0.003068936988711357,0.7302324771881104,0.7316552773118019,0.0014228001236915588,False
2,REFUGE->RIM_ONE_r3,15,C5,0.001,2.4891655445098877,0.3930274546146393,0.018264414742588997,0.005993171129375696,0.008086039684712887,0.5769437551498413,0.2615841329097748,0.05835294909775257,0.9416470509022474,0.5228780768811703,0.5174319799989462,-0.005446096882224083,0.7309217378497124,0.7334486581385136,0.0025269202888011932,0.4883819632232189,0.48554399609565735,-0.002837967127561569,0.7302324771881104,0.7315539978444576,0.0013215206563472748,False
2,REFUGE->RIM_ONE_r3,16,C0,0.001,1.3475046157836914,0.048716481775045395,0.022332729771733284,0.017100660130381584,0.009283091872930527,0.5591661930084229,0.22478820383548737,0.05835294909775257,0.9416470509022474,0.5228780768811703,0.5255658440291882,0.0026877671480178833,0.7309217378497124,0.7299744412302971,-0.0009472966194152832,0.4883819632232189,0.4882684890180826,-0.00011347420513629913,0.7302324771881104,0.730472132563591,0.00023965537548065186,False
2,REFUGE->RIM_ONE_r3,16,C1,0.001,1.2987706661224365,0.08134547621011734,0.022332729771733284,0.017100660130381584,0.009283091872930527,0.5591661930084229,0.22478820383548737,0.05835294909775257,0.9416470509022474,0.5228780768811703,0.5254728402942419,0.0025947634130716324,0.7309217378497124,0.7300147190690041,-0.000907018780708313,0.4883819632232189,0.48823071643710136,-0.0001512467861175537,0.7302324771881104,0.7304935567080975,0.0002610795199871063,False
2,REFUGE->RIM_ONE_r3,16,C2,0.001,2.700760841369629,0.2603876292705536,0.022332729771733284,0.017100660130381584,0.009283091872930527,0.5591661930084229,0.22478820383548737,0.05835294909775257,0.9416470509022474,0.5228780768811703,0.5278555024415255,0.0049774255603551865,0.7309217378497124,0.7288658916950226,-0.002055846154689789,0.4883819632232189,0.48908037692308426,0.0006984136998653412,0.7302324771881104,0.7300418093800545,-0.00019066780805587769,False
2,REFUGE->RIM_ONE_r3,16,C3,0.001,2.6602814197540283,0.29301661252975464,0.022332729771733284,0.017100660130381584,0.009283091872930527,0.5591661930084229,0.22478820383548737,0.05835294909775257,0.9416470509022474,0.5228780768811703,0.5278326198458672,0.004954542964696884,0.7309217378497124,0.7288737781345844,-0.002047959715127945,0.4883819632232189,0.4890789221972227,0.0006969589740037918,0.7302324771881104,0.7300440669059753,-0.00018841028213500977,False
2,REFUGE->RIM_ONE_r3,16,C4,0.001,1.3500722646713257,0.3972361087799072,0.022332729771733284,0.017100660130381584,0.009283091872930527,0.5591661930084229,0.22478820383548737,0.05835294909775257,0.9416470509022474,0.5228780768811703,0.5223845541477203,-0.0004935227334499359,0.7309217378497124,0.7311944626271725,0.00027272477746009827,0.4883819632232189,0.4870449844747782,-0.0013369787484407425,0.7302324771881104,0.7309065461158752,0.0006740689277648926,False
2,REFUGE->RIM_ONE_r3,16,C5,0.001,1.3915884494781494,0.38083893060684204,0.022332729771733284,0.017100660130381584,0.009283091872930527,0.5591661930084229,0.22478820383548737,0.05835294909775257,0.9416470509022474,0.5228780768811703,0.5244674105197191,0.001589333638548851,0.7309217378497124,0.730370506644249,-0.0005512312054634094,0.4883819632232189,0.48738724924623966,-0.0009947139769792557,0.7302324771881104,0.7308607995510101,0.0006283223628997803,False
2,REFUGE->RIM_ONE_r3,17,C0,0.001,0.9884694814682007,0.04195014759898186,0.015980545431375504,0.017549971118569374,0.00841962918639183,0.5832816958427429,0.18896524608135223,0.05835294909775257,0.9416470509022474,0.5228780768811703,0.5188515279442072,-0.004026548936963081,0.7309217378497124,0.7326747253537178,0.0017529875040054321,0.4883819632232189,0.4865687768906355,-0.0018131863325834274,0.7302324771881104,0.730943500995636,0.0007110238075256348,False
2,REFUGE->RIM_ONE_r3,17,C1,0.001,1.0251777172088623,0.0759863555431366,0.015980545431375504,0.017549971118569374,0.00841962918639183,0.5832816958427429,0.18896524608135223,0.05835294909775257,0.9416470509022474,0.5228780768811703,0.5185493417084217,-0.004328735172748566,0.7309217378497124,0.7328151054680347,0.0018933676183223724,0.4883819632232189,0.4864841029047966,-0.0018978603184223175,0.7302324771881104,0.7309843860566616,0.0007519088685512543,False
2,REFUGE->RIM_ONE_r3,17,C2,0.001,1.9312011003494263,0.21988871693611145,0.015980545431375504,0.017549971118569374,0.00841962918639183,0.5832816958427429,0.18896524608135223,0.05835294909775257,0.9416470509022474,0.5228780768811703,0.51936618052423,-0.0035118963569402695,0.7309217378497124,0.7327001541852951,0.0017784163355827332,0.4883819632232189,0.4859260432422161,-0.0024559199810028076,0.7302324771881104,0.7314763069152832,0.0012438297271728516,False
2,REFUGE->RIM_ONE_r3,17,C3,0.001,1.946144461631775,0.2539249062538147,0.015980545431375504,0.017549971118569374,0.00841962918639183,0.5832816958427429,0.18896524608135223,0.05835294909775257,0.9416470509022474,0.5228780768811703,0.5191597733646631,-0.0037183035165071487,0.7309217378497124,0.7327936477959156,0.0018719099462032318,0.4883819632232189,0.4858623053878546,-0.0025196578353643417,0.7302324771881104,0.7315045893192291,0.0012721121311187744,False
2,REFUGE->RIM_ONE_r3,17,C4,0.001,2.4848766326904297,0.41240018606185913,0.015980545431375504,0.017549971118569374,0.00841962918639183,0.5832816958427429,0.18896524608135223,0.05835294909775257,0.9416470509022474,0.5228780768811703,0.5170050989836454,-0.005872977897524834,0.7309217378497124,0.733581930398941,0.002660192549228668,0.4883819632232189,0.48565382324159145,-0.0027281399816274643,0.7302324771881104,0.7314249947667122,0.0011925175786018372,False
2,REFUGE->RIM_ONE_r3,17,C5,0.001,1.913895845413208,0.37668314576148987,0.015980545431375504,0.017549971118569374,0.00841962918639183,0.5832816958427429,0.18896524608135223,0.05835294909775257,0.9416470509022474,0.5228780768811703,0.5171269942075014,-0.005751082673668861,0.7309217378497124,0.7335718311369419,0.002650093287229538,0.4883819632232189,0.4853603448718786,-0.003021618351340294,0.7302324771881104,0.7316183932125568,0.0013859160244464874,False
2,REFUGE->RIM_ONE_r3,18,C0,0.001,0.6563402414321899,0.034169524908065796,0.017095083370804787,0.007468965835869312,0.009605474770069122,0.583145022392273,0.21393707394599915,0.05835294909775257,0.9416470509022474,0.5228780768811703,0.516964403912425,-0.005913672968745232,0.7309217378497124,0.7338079437613487,0.0028862059116363525,0.4883819632232189,0.48628799989819527,-0.002093963325023651,0.7302324771881104,0.7312716655433178,0.0010391883552074432,False
2,REFUGE->RIM_ONE_r3,18,C1,0.001,0.7299057841300964,0.06819775700569153,0.017095083370804787,0.007468965835869312,0.009605474770069122,0.583145022392273,0.21393707394599915,0.05835294909775257,0.9416470509022474,0.5228780768811703,0.5163136050105095,-0.006564471870660782,0.7309217378497124,0.7341090030968189,0.003187265247106552,0.4883819632232189,0.48609823174774647,-0.0022837314754724503,0.7302324771881104,0.7313648052513599,0.001132328063249588,False
2,REFUGE->RIM_ONE_r3,18,C2,0.001,6.9967241287231445,0.23562273383140564,0.017095083370804787,0.007468965835869312,0.009605474770069122,0.583145022392273,0.21393707394599915,0.05835294909775257,0.9416470509022474,0.5228780768811703,0.5166287086904049,-0.006249368190765381,0.7309217378497124,0.7339834794402122,0.003061741590499878,0.4883819632232189,0.4861094821244478,-0.0022724810987710953,0.7302324771881104,0.7313035763800144,0.001071099191904068,False
2,REFUGE->RIM_ONE_r3,18,C3,0.001,7.086109638214111,0.26965096592903137,0.017095083370804787,0.007468965835869312,0.009605474770069122,0.583145022392273,0.21393707394599915,0.05835294909775257,0.9416470509022474,0.5228780768811703,0.5165840890258551,-0.0062939878553152084,0.7309217378497124,0.7340039722621441,0.003082234412431717,0.4883819632232189,0.4860965944826603,-0.0022853687405586243,0.7302324771881104,0.7313085198402405,0.001076042652130127,False
2,REFUGE->RIM_ONE_r3,18,C4,0.001,6.784848213195801,0.39608827233314514,0.017095083370804787,0.007468965835869312,0.009605474770069122,0.583145022392273,0.21393707394599915,0.05835294909775257,0.9416470509022474,0.5228780768811703,0.5155372619628906,-0.007340814918279648,0.7309217378497124,0.7344396114349365,0.0035178735852241516,0.4883819632232189,0.4857747461646795,-0.0026072170585393906,0.7302324771881104,0.7314562648534775,0.0012237876653671265,False
2,REFUGE->RIM_ONE_r3,18,C5,0.001,6.302420616149902,0.37267789244651794,0.017095083370804787,0.007468965835869312,0.009605474770069122,0.583145022392273,0.21393707394599915,0.05835294909775257,0.9416470509022474,0.5228780768811703,0.5156853441148996,-0.0071927327662706375,0.7309217378497124,0.7343836575746536,0.0034619197249412537,0.4883819632232189,0.48584076203405857,-0.002541201189160347,0.7302324771881104,0.7314311526715755,0.0011986754834651947,False
2,REFUGE->RIM_ONE_r3,19,C0,0.001,0.35034260153770447,0.033772580325603485,0.021072763949632645,0.006078172940760851,0.006621642038226128,0.5546354651451111,0.2849236726760864,0.05835294909775257,0.9416470509022474,0.5228780768811703,0.5293899513781071,0.006511874496936798,0.7309217378497124,0.7279610522091389,-0.0029606856405735016,0.4883819632232189,0.4910321980714798,0.0026502348482608795,0.7302324771881104,0.7288930378854275,-0.0013394393026828766,False
2,REFUGE->RIM_ONE_r3,19,C1,0.001,0.3133917450904846,0.06613719463348389,0.021072763949632645,0.006078172940760851,0.006621642038226128,0.5546354651451111,0.2849236726760864,0.05835294909775257,0.9416470509022474,0.5228780768811703,0.5280565563589334,0.005178479477763176,0.7309217378497124,0.728599701076746,-0.002322036772966385,0.4883819632232189,0.4905673451721668,0.0021853819489479065,0.7302324771881104,0.7291260585188866,-0.0011064186692237854,False
2,REFUGE->RIM_ONE_r3,19,C2,0.001,2.1627817153930664,0.30207011103630066,0.021072763949632645,0.006078172940760851,0.006621642038226128,0.5546354651451111,0.2849236726760864,0.05835294909775257,0.9416470509022474,0.5228780768811703,0.5192651115357876,-0.0036129653453826904,0.7309217378497124,0.7327255792915821,0.0018038414418697357,0.4883819632232189,0.4862863291054964,-0.0020956341177225113,0.7302324771881104,0.7311583496630192,0.0009258724749088287,False
2,REFUGE->RIM_ONE_r3,19,C3,0.001,2.198512554168701,0.33443471789360046,0.021072763949632645,0.006078172940760851,0.006621642038226128,0.5546354651451111,0.2849236726760864,0.05835294909775257,0.9416470509022474,0.5228780768811703,0.5190431661903858,-0.0038349106907844543,0.7309217378497124,0.732827827334404,0.0019060894846916199,0.4883819632232189,0.48620476946234703,-0.002177193760871887,0.7302324771881104,0.7312020547688007,0.0009695775806903839,False
2,REFUGE->RIM_ONE_r3,19,C4,0.001,2.937520742416382,0.4394184648990631,0.021072763949632645,0.006078172940760851,0.006621642038226128,0.5546354651451111,0.2849236726760864,0.05835294909775257,0.9416470509022474,0.5228780768811703,0.5157732293009758,-0.007104847580194473,0.7309217378497124,0.7342993691563606,0.0033776313066482544,0.4883819632232189,0.4851703569293022,-0.0032116062939167023,0.7302324771881104,0.7317685335874557,0.001536056399345398,False
2,REFUGE->RIM_ONE_r3,19,C5,0.001,2.1743428707122803,0.4051746129989624,0.021072763949632645,0.006078172940760851,0.006621642038226128,0.5546354651451111,0.2849236726760864,0.05835294909775257,0.9416470509022474,0.5228780768811703,0.516191465780139,-0.006686611101031303,0.7309217378497124,0.7341069355607033,0.0031851977109909058,0.4883819632232189,0.4853644762188196,-0.0030174870043992996,0.7302324771881104,0.7316540256142616,0.0014215484261512756,False
2,REFUGE->RIM_ONE_r3,20,C0,0.001,0.5299239158630371,0.04240972176194191,0.015611780807375908,0.013520319014787674,0.013277621008455753,0.54531329870224,0.15149781107902527,0.05835294909775257,0.9416470509022474,0.5228780768811703,0.5224088151007891,-0.0004692617803812027,0.7309217378497124,0.731002576649189,8.083879947662354e-05,0.4883819632232189,0.4883422236889601,-3.973953425884247e-05,0.7302324771881104,0.7302038557827473,-2.8621405363082886e-05,False
2,REFUGE->RIM_ONE_r3,20,C1,0.001,0.5419204235076904,0.07423035800457001,0.015611780807375908,0.013520319014787674,0.013277621008455753,0.54531329870224,0.15149781107902527,0.05835294909775257,0.9416470509022474,0.5228780768811703,0.5218742117285728,-0.0010038651525974274,0.7309217378497124,0.7312468700110912,0.0003251321613788605,0.4883819632232189,0.4881471563130617,-0.00023480691015720367,0.7302324771881104,0.7302993200719357,6.684288382530212e-05,False
2,REFUGE->RIM_ONE_r3,20,C2,0.001,1.9422168731689453,0.18506719172000885,0.015611780807375908,0.013520319014787674,0.013277621008455753,0.54531329870224,0.15149781107902527,0.05835294909775257,0.9416470509022474,0.5228780768811703,0.5190926510840654,-0.0037854257971048355,0.7309217378497124,0.7325694486498833,0.0016477108001708984,0.4883819632232189,0.4865340907126665,-0.0018478725105524063,0.7302324771881104,0.7310326062142849,0.0008001290261745453,False
2,REFUGE->RIM_ONE_r3,20,C3,0.001,1.9689857959747314,0.21688783168792725,0.015611780807375908,0.013520319014787674,0.013277621008455753,0.54531329870224,0.15149781107902527,0.05835294909775257,0.9416470509022474,0.5228780768811703,0.5189971141517162,-0.0038809627294540405,0.7309217378497124,0.732612531632185,0.0016907937824726105,0.4883819632232189,0.4865068569779396,-0.0018751062452793121,0.7302324771881104,0.7310479320585728,0.0008154548704624176,False
2,REFUGE->RIM_ONE_r3,20,C4,0.001,2.356090784072876,0.3182063698768616,0.015611780807375908,0.013520319014787674,0.013277621008455753,0.54531329870224,0.15149781107902527,0.05835294909775257,0.9416470509022474,0.5228780768811703,0.5178493540734053,-0.005028722807765007,0.7309217378497124,0.7331132777035236,0.002191539853811264,0.4883819632232189,0.48615877144038677,-0.0022231917828321457,0.7302324771881104,0.73123474791646,0.0010022707283496857,False
2,REFUGE->RIM_ONE_r3,20,C5,0.001,1.8448058366775513,0.32159674167633057,0.015611780807375908,0.013520319014787674,0.013277621008455753,0.54531329870224,0.15149781107902527,0.05835294909775257,0.9416470509022474,0.5228780768811703,0.5186230204999447,-0.004255056381225586,0.7309217378497124,0.7327229417860508,0.0018012039363384247,0.4883819632232189,0.4864711668342352,-0.0019107963889837265,0.7302324771881104,0.7310573980212212,0.0008249208331108093,False
2,REFUGE->RIM_ONE_r3,21,C0,0.001,0.6051731109619141,0.0365581214427948,0.019236885011196136,0.0100511210039258,0.007270114496350288,0.5594258904457092,0.26689690351486206,0.05835294909775257,0.9416470509022474,0.5228780768811703,0.5255671516060829,0.0026890747249126434,0.7309217378497124,0.7297480665147305,-0.0011736713349819183,0.4883819632232189,0.4898363221436739,0.001454358920454979,0.7302324771881104,0.729514554142952,-0.0007179230451583862,False
2,REFUGE->RIM_ONE_r3,21,C1,0.001,0.6116470098495483,0.06920227408409119,0.019236885011196136,0.0100511210039258,0.007270114496350288,0.5594258904457092,0.26689690351486206,0.05835294909775257,0.9416470509022474,0.5228780768811703,0.5252763126045465,0.002398235723376274,0.7309217378497124,0.7298669889569283,-0.0010547488927841187,0.4883819632232189,0.48984750360250473,0.0014655403792858124,0.7302324771881104,0.7295002527534962,-0.0007322244346141815,False
2,REFUGE->RIM_ONE_r3,21,C2,0.001,4.447818756103516,0.2878808081150055,0.019236885011196136,0.0100511210039258,0.007270114496350288,0.5594258904457092,0.26689690351486206,0.05835294909775257,0.9416470509022474,0.5228780768811703,0.5161237437278032,-0.0067543331533670425,0.7309217378497124,0.7341822870075703,0.003260549157857895,0.4883819632232189,0.48536641895771027,-0.0030155442655086517,0.7302324771881104,0.7317243702709675,0.001491893082857132,False
2,REFUGE->RIM_ONE_r3,21,C3,0.001,4.442624092102051,0.3205249607563019,0.019236885011196136,0.0100511210039258,0.007270114496350288,0.5594258904457092,0.26689690351486206,0.05835294909775257,0.9416470509022474,0.5228780768811703,0.5160749908536673,-0.006803086027503014,0.7309217378497124,0.7342031672596931,0.003281429409980774,0.4883819632232189,0.48536546155810356,-0.0030165016651153564,0.7302324771881104,0.7317229099571705,0.0014904327690601349,False
2,REFUGE->RIM_ONE_r3,21,C4,0.001,3.0158872604370117,0.42040473222732544,0.019236885011196136,0.0100511210039258,0.007270114496350288,0.5594258904457092,0.26689690351486206,0.05835294909775257,0.9416470509022474,0.5228780768811703,0.5157812777906656,-0.007096799090504646,0.7309217378497124,0.7342787981033325,0.0033570602536201477,0.4883819632232189,0.48547378554940224,-0.002908177673816681,0.7302324771881104,0.7316316850483418,0.0013992078602313995,False
2,REFUGE->RIM_ONE_r3,21,C5,0.001,2.635655164718628,0.38575199246406555,0.019236885011196136,0.0100511210039258,0.007270114496350288,0.5594258904457092,0.26689690351486206,0.05835294909775257,0.9416470509022474,0.5228780768811703,0.5157498475164175,-0.0071282293647527695,0.7309217378497124,0.7343182153999805,0.0033964775502681732,0.4883819632232189,0.4853698406368494,-0.0030121225863695145,0.7302324771881104,0.7317060120403767,0.0014735348522663116,False
2,REFUGE->RIM_ONE_r3,22,C0,0.001,0.566944420337677,0.036939606070518494,0.01921464130282402,0.009138582274317741,0.008586384356021881,0.5599520802497864,0.195384219288826,0.05835294909775257,0.9416470509022474,0.5228780768811703,0.5233911648392677,0.0005130879580974579,0.7309217378497124,0.7309020683169365,-1.9669532775878906e-05,0.4883819632232189,0.4885774087160826,0.0001954454928636551,0.7302324771881104,0.7302285879850388,-3.889203071594238e-06,False
2,REFUGE->RIM_ONE_r3,22,C1,0.001,0.5723094344139099,0.0696144551038742,0.01921464130282402,0.009138582274317741,0.008586384356021881,0.5599520802497864,0.195384219288826,0.05835294909775257,0.9416470509022474,0.5228780768811703,0.5231486074626446,0.0002705305814743042,0.7309217378497124,0.731022547930479,0.00010081008076667786,0.4883819632232189,0.48846428468823433,8.232146501541138e-05,0.7302324771881104,0.7302965521812439,6.407499313354492e-05,False
2,REFUGE->RIM_ONE_r3,22,C2,0.001,2.5436298847198486,0.2209225744009018,0.01921464130282402,0.009138582274317741,0.008586384356021881,0.5599520802497864,0.195384219288826,0.05835294909775257,0.9416470509022474,0.5228780768811703,0.5278146099299192,0.00493653304874897,0.7309217378497124,0.728727862238884,-0.0021938756108283997,0.4883819632232189,0.48971028439700603,0.001328321173787117,0.7302324771881104,0.7296744212508202,-0.0005580559372901917,False
2,REFUGE->RIM_ONE_r3,22,C3,0.001,2.537111759185791,0.2535974383354187,0.01921464130282402,0.009138582274317741,0.008586384356021881,0.5599520802497864,0.195384219288826,0.05835294909775257,0.9416470509022474,0.5228780768811703,0.5277752298861742,0.004897153005003929,0.7309217378497124,0.7287476137280464,-0.0021741241216659546,0.4883819632232189,0.4896861929446459,0.0013042297214269638,0.7302324771881104,0.7296902202069759,-0.0005422569811344147,False
2,REFUGE->RIM_ONE_r3,22,C4,0.001,1.659769058227539,0.3654729425907135,0.01921464130282402,0.009138582274317741,0.008586384356021881,0.5599520802497864,0.195384219288826,0.05835294909775257,0.9416470509022474,0.5228780768811703,0.5218765828758478,-0.0010014940053224564,0.7309217378497124,0.7314935177564621,0.0005717799067497253,0.4883819632232189,0.4872512184083462,-0.0011307448148727417,0.7302324771881104,0.730964258313179,0.0007317811250686646,False
2,REFUGE->RIM_ONE_r3,22,C5,0.001,1.4717192649841309,0.3502068519592285,0.01921464130282402,0.009138582274317741,0.008586384356021881,0.5599520802497864,0.195384219288826,0.05835294909775257,0.9416470509022474,0.5228780768811703,0.523784514516592,0.0009064376354217529,0.7309217378497124,0.7305935546755791,-0.0003281831741333008,0.4883819632232189,0.48807241953909397,-0.0003095436841249466,0.7302324771881104,0.7305192649364471,0.000286787748336792,False
2,REFUGE->RIM_ONE_r3,23,C0,0.001,0.81012362241745,0.036507196724414825,0.01762014627456665,0.011943239718675613,0.006943810265511274,0.5464667677879333,0.18139129877090454,0.05835294909775257,0.9416470509022474,0.5228780768811703,0.5180125553160906,-0.004865521565079689,0.7309217378497124,0.7332975007593632,0.0023757629096508026,0.4883819632232189,0.485737107694149,-0.0026448555290699005,0.7302324771881104,0.7315303646028042,0.0012978874146938324,False
2,REFUGE->RIM_ONE_r3,23,C1,0.001,0.8301401734352112,0.06839513778686523,0.01762014627456665,0.011943239718675613,0.006943810265511274,0.5464667677879333,0.18139129877090454,0.05835294909775257,0.9416470509022474,0.5228780768811703,0.517801696434617,-0.00507638044655323,0.7309217378497124,0.7333904542028904,0.0024687163531780243,0.4883819632232189,0.485663216561079,-0.0027187466621398926,0.7302324771881104,0.7315671890974045,0.0013347119092941284,False
2,REFUGE->RIM_ONE_r3,23,C2,0.001,2.148585796356201,0.20731377601623535,0.01762014627456665,0.011943239718675613,0.006943810265511274,0.5464667677879333,0.18139129877090454,0.05835294909775257,0.9416470509022474,0.5228780768811703,0.5164103955030441,-0.006467681378126144,0.7309217378497124,0.7340369112789631,0.003115173429250717,0.4883819632232189,0.4853443317115307,-0.0030376315116882324,0.7302324771881104,0.7316842712461948,0.001451794058084488,False
2,REFUGE->RIM_ONE_r3,23,C3,0.001,2.172271966934204,0.23920172452926636,0.01762014627456665,0.011943239718675613,0.006943810265511274,0.5464667677879333,0.18139129877090454,0.05835294909775257,0.9416470509022474,0.5228780768811703,0.5163521114736795,-0.00652596540749073,0.7309217378497124,0.7340625077486038,0.003140769898891449,0.4883819632232189,0.4853284936398268,-0.0030534695833921432,0.7302324771881104,0.7316946983337402,0.0014622211456298828,False
2,REFUGE->RIM_ONE_r3,23,C4,0.001,2.744188070297241,0.35329437255859375,0.01762014627456665,0.011943239718675613,0.006943810265511274,0.5464667677879333,0.18139129877090454,0.05835294909775257,0.9416470509022474,0.5228780768811703,0.5152077339589596,-0.007670342922210693,0.7309217378497124,0.734523631632328,0.0036018937826156616,0.4883819632232189,0.4849782641977072,-0.0034036990255117416,0.7302324771881104,0.7318689413368702,0.001636464148759842,False
2,REFUGE->RIM_ONE_r3,23,C5,0.001,2.105720281600952,0.33875638246536255,0.01762014627456665,0.011943239718675613,0.006943810265511274,0.5464667677879333,0.18139129877090454,0.05835294909775257,0.9416470509022474,0.5228780768811703,0.5157077889889479,-0.0071702878922224045,0.7309217378497124,0.7343002669513226,0.0033785291016101837,0.4883819632232189,0.48505801893770695,-0.0033239442855119705,0.7302324771881104,0.7318332530558109,0.0016007758677005768,False
2,REFUGE->RIM_ONE_r3,24,C0,0.001,0.7790882587432861,0.04462365806102753,0.024110300466418266,0.010169319808483124,0.010344034060835838,0.5709229707717896,0.19263622164726257,0.05835294909775257,0.9416470509022474,0.5228780768811703,0.5158209037035704,-0.007057173177599907,0.7309217378497124,0.7342809773981571,0.003359239548444748,0.4883819632232189,0.4864812772721052,-0.0019006859511137009,0.7302324771881104,0.7313249483704567,0.001092471182346344,False
2,REFUGE->RIM_ONE_r3,24,C1,0.001,0.806060791015625,0.07793869078159332,0.024110300466418266,0.010169319808483124,0.010344034060835838,0.5709229707717896,0.19263622164726257,0.05835294909775257,0.9416470509022474,0.5228780768811703,0.5156098306179047,-0.00726824626326561,0.7309217378497124,0.7343769408762455,0.003455203026533127,0.4883819632232189,0.48635405488312244,-0.0020279083400964737,0.7302324771881104,0.7313835993409157,0.0011511221528053284,False
2,REFUGE->RIM_ONE_r3,24,C2,0.001,3.8558316230773926,0.2260189950466156,0.024110300466418266,0.010169319808483124,0.010344034060835838,0.5709229707717896,0.19263622164726257,0.05835294909775257,0.9416470509022474,0.5228780768811703,0.5156709924340248,-0.007207084447145462,0.7309217378497124,0.734363853931427,0.00344211608171463,0.4883819632232189,0.4854783993214369,-0.002903563901782036,0.7302324771881104,0.7316320240497589,0.0013995468616485596,False
2,REFUGE->RIM_ONE_r3,24,C3,0.001,3.889735698699951,0.2593340277671814,0.024110300466418266,0.010169319808483124,0.010344034060835838,0.5709229707717896,0.19263622164726257,0.05835294909775257,0.9416470509022474,0.5228780768811703,0.5156385246664286,-0.007239552214741707,0.7309217378497124,0.7343793250620365,0.0034575872123241425,0.4883819632232189,0.48545918986201286,-0.0029227733612060547,0.7302324771881104,0.7316429130733013,0.0014104358851909637,False
2,REFUGE->RIM_ONE_r3,24,C4,0.001,3.220301628112793,0.3796465992927551,0.024110300466418266,0.010169319808483124,0.010344034060835838,0.5709229707717896,0.19263622164726257,0.05835294909775257,0.9416470509022474,0.5228780768811703,0.5153714902698994,-0.0075065866112709045,0.7309217378497124,0.7344572767615318,0.003535538911819458,0.4883819632232189,0.4852280281484127,-0.0031539350748062134,0.7302324771881104,0.7317443899810314,0.0015119127929210663,False
2,REFUGE->RIM_ONE_r3,24,C5,0.001,3.121046543121338,0.3661678433418274,0.024110300466418266,0.010169319808483124,0.010344034060835838,0.5709229707717896,0.19263622164726257,0.05835294909775257,0.9416470509022474,0.5228780768811703,0.5151775367558002,-0.007700540125370026,0.7309217378497124,0.734577264636755,0.003655526787042618,0.4883819632232189,0.4852229543030262,-0.0031590089201927185,0.7302324771881104,0.7317840196192265,0.0015515424311161041,False
2,REFUGE->RIM_ONE_r3,25,C0,0.001,0.8292234539985657,0.036712124943733215,0.015980545431375504,0.014084274880588055,0.0066473050974309444,0.558595597743988,0.21741601824760437,0.05835294909775257,0.9416470509022474,0.5228780768811703,0.5201097242534161,-0.0027683526277542114,0.7309217378497124,0.7320829443633556,0.0011612065136432648,0.4883819632232189,0.4870139192789793,-0.0013680439442396164,0.7302324771881104,0.7308609783649445,0.0006285011768341064,False
2,REFUGE->RIM_ONE_r3,25,C1,0.001,0.8673353791236877,0.06930781900882721,0.015980545431375504,0.014084274880588055,0.0066473050974309444,0.558595597743988,0.21741601824760437,0.05835294909775257,0.9416470509022474,0.5228780768811703,0.5196331236511469,-0.003244953230023384,0.7309217378497124,0.7323009520769119,0.0013792142271995544,0.4883819632232189,0.4868917968124151,-0.0014901664108037949,0.7302324771881104,0.7309162467718124,0.0006837695837020874,False
2,REFUGE->RIM_ONE_r3,25,C2,0.001,3.4559438228607178,0.2414412796497345,0.015980545431375504,0.014084274880588055,0.0066473050974309444,0.558595597743988,0.21741601824760437,0.05835294909775257,0.9416470509022474,0.5228780768811703,0.5173662267625332,-0.005511850118637085,0.7309217378497124,0.7334849275648594,0.0025631897151470184,0.4883819632232189,0.4858800880610943,-0.002501875162124634,0.7302324771881104,0.7314298339188099,0.0011973567306995392,False
2,REFUGE->RIM_ONE_r3,25,C3,0.001,3.5046486854553223,0.2740369737148285,0.015980545431375504,0.014084274880588055,0.0066473050974309444,0.558595597743988,0.21741601824760437,0.05835294909775257,0.9416470509022474,0.5228780768811703,0.517291622236371,-0.0055864546447992325,0.7309217378497124,0.7335176728665829,0.0025959350168704987,0.4883819632232189,0.485869936645031,-0.0025120265781879425,0.7302324771881104,0.7314335964620113,0.0012011192739009857,False
2,REFUGE->RIM_ONE_r3,25,C4,0.001,4.074638366699219,0.3815215826034546,0.015980545431375504,0.014084274880588055,0.0066473050974309444,0.558595597743988,0.21741601824760437,0.05835294909775257,0.9416470509022474,0.5228780768811703,0.516459234058857,-0.006418842822313309,0.7309217378497124,0.7337962724268436,0.0028745345771312714,0.4883819632232189,0.48589068464934826,-0.002491278573870659,0.7302324771881104,0.7313677705824375,0.0011352933943271637,False
2,REFUGE->RIM_ONE_r3,25,C5,0.001,3.096198320388794,0.36003729701042175,0.015980545431375504,0.014084274880588055,0.0066473050974309444,0.558595597743988,0.21741601824760437,0.05835294909775257,0.9416470509022474,0.5228780768811703,0.5164847355335951,-0.006393341347575188,0.7309217378497124,0.7338077537715435,0.002886015921831131,0.4883819632232189,0.4856914971023798,-0.002690466120839119,0.7302324771881104,0.7314930446445942,0.001260567456483841,False
2,REFUGE->RIM_ONE_r3,26,C0,0.001,0.9497270584106445,0.03940775245428085,0.017545530572533607,0.011469588615000248,0.010392630472779274,0.5740357041358948,0.21947747468948364,0.05835294909775257,0.9416470509022474,0.5228780768811703,0.527964361011982,0.005086284130811691,0.7309217378497124,0.7286887317895889,-0.0022330060601234436,0.4883819632232189,0.49032300524413586,0.0019410420209169388,0.7302324771881104,0.7293125502765179,-0.0009199269115924835,False
2,REFUGE->RIM_ONE_r3,26,C1,0.001,0.8843400478363037,0.07290442287921906,0.017545530572533607,0.011469588615000248,0.010392630472779274,0.5740357041358948,0.21947747468948364,0.05835294909775257,0.9416470509022474,0.5228780768811703,0.5276849772781134,0.004806900396943092,0.7309217378497124,0.7288233377039433,-0.0020984001457691193,0.4883819632232189,0.4902279879897833,0.0018460247665643692,0.7302324771881104,0.7293611094355583,-0.0008713677525520325,False
2,REFUGE->RIM_ONE_r3,26,C2,0.001,2.1741464138031006,0.24607807397842407,0.017545530572533607,0.011469588615000248,0.010392630472779274,0.5740357041358948,0.21947747468948364,0.05835294909775257,0.9416470509022474,0.5228780768811703,0.526155598461628,0.0032775215804576874,0.7309217378497124,0.7295939698815346,-0.0013277679681777954,0.4883819632232189,0.488464143127203,8.217990398406982e-05,0.7302324771881104,0.7303702048957348,0.00013772770762443542,False
2,REFUGE->RIM_ONE_r3,26,C3,0.001,2.1697590351104736,0.27957475185394287,0.017545530572533607,0.011469588615000248,0.010392630472779274,0.5740357041358948,0.21947747468948364,0.05835294909775257,0.9416470509022474,0.5228780768811703,0.5258944220840931,0.003016345202922821,0.7309217378497124,0.7297137938439846,-0.001207944005727768,0.4883819632232189,0.48835574090480804,-2.6222318410873413e-05,0.7302324771881104,0.7304254174232483,0.00019294023513793945,False
2,REFUGE->RIM_ONE_r3,26,C4,0.001,2.01878023147583,0.41592133045196533,0.017545530572533607,0.011469588615000248,0.010392630472779274,0.5740357041358948,0.21947747468948364,0.05835294909775257,0.9416470509022474,0.5228780768811703,0.5215778965502977,-0.0013001803308725357,0.7309217378497124,0.7315556220710278,0.0006338842213153839,0.4883819632232189,0.4868082907050848,-0.0015736725181341171,0.7302324771881104,0.7310766614973545,0.0008441843092441559,False
2,REFUGE->RIM_ONE_r3,26,C5,0.001,1.402178168296814,0.3782535195350647,0.017545530572533607,0.011469588615000248,0.010392630472779274,0.5740357041358948,0.21947747468948364,0.05835294909775257,0.9416470509022474,0.5228780768811703,0.5241417437791824,0.0012636668980121613,0.7309217378497124,0.7304834723472595,-0.00043826550245285034,0.4883819632232189,0.48722164891660213,-0.0011603143066167831,0.7302324771881104,0.7309380285441875,0.0007055513560771942,False
2,REFUGE->RIM_ONE_r3,27,C0,0.001,0.7519365549087524,0.047288838773965836,0.02119401842355728,0.01040456909686327,0.01569025218486786,0.6290495991706848,0.21293573081493378,0.05835294909775257,0.9416470509022474,0.5228780768811703,0.5301547739654779,0.007276697084307671,0.7309217378497124,0.7275033816695213,-0.00341835618019104,0.4883819632232189,0.49142209254205227,0.003040129318833351,0.7302324771881104,0.7286737002432346,-0.0015587769448757172,False
2,REFUGE->RIM_ONE_r3,27,C1,0.001,0.815539538860321,0.08399573713541031,0.02119401842355728,0.01040456909686327,0.01569025218486786,0.6290495991706848,0.21293573081493378,0.05835294909775257,0.9416470509022474,0.5228780768811703,0.5307102557271719,0.007832178846001625,0.7309217378497124,0.7272201627492905,-0.0037015751004219055,0.4883819632232189,0.49140970036387444,0.0030277371406555176,0.7302324771881104,0.7287024036049843,-0.0015300735831260681,False
2,REFUGE->RIM_ONE_r3,27,C2,0.001,2.661243438720703,0.24779914319515228,0.02119401842355728,0.01040456909686327,0.01569025218486786,0.6290495991706848,0.21293573081493378,0.05835294909775257,0.9416470509022474,0.5228780768811703,0.5185078121721745,-0.004370264708995819,0.7309217378497124,0.7329054400324821,0.0019837021827697754,0.4883819632232189,0.48651645705103874,-0.0018655061721801758,0.7302324771881104,0.7310618907213211,0.0008294135332107544,False
2,REFUGE->RIM_ONE_r3,27,C3,0.001,2.6403417587280273,0.28450605273246765,0.02119401842355728,0.01040456909686327,0.01569025218486786,0.6290495991706848,0.21293573081493378,0.05835294909775257,0.9416470509022474,0.5228780768811703,0.5188047103583813,-0.0040733665227890015,0.7309217378497124,0.732758667320013,0.0018369294703006744,0.4883819632232189,0.48657032288610935,-0.0018116403371095657,0.7302324771881104,0.731041569262743,0.0008090920746326447,False
2,REFUGE->RIM_ONE_r3,27,C4,0.001,3.737959384918213,0.42749547958374023,0.02119401842355728,0.01040456909686327,0.01569025218486786,0.6290495991706848,0.21293573081493378,0.05835294909775257,0.9416470509022474,0.5228780768811703,0.5255201496183872,0.0026420727372169495,0.7309217378497124,0.7295020371675491,-0.0014197006821632385,0.4883819632232189,0.48881186358630657,0.0004299003630876541,0.7302324771881104,0.7300284542143345,-0.00020402297377586365,False
2,REFUGE->RIM_ONE_r3,27,C5,0.001,2.0400969982147217,0.40071356296539307,0.02119401842355728,0.01040456909686327,0.01569025218486786,0.6290495991706848,0.21293573081493378,0.05835294909775257,0.9416470509022474,0.5228780768811703,0.5245584100484848,0.0016803331673145294,0.7309217378497124,0.729962632060051,-0.0009591057896614075,0.4883819632232189,0.48832519352436066,-5.676969885826111e-05,0.7302324771881104,0.730239138007164,6.660819053649902e-06,False
2,REFUGE->RIM_ONE_r3,28,C0,0.001,0.40822306275367737,0.037772517651319504,0.01635012775659561,0.011503113433718681,0.009919276461005211,0.5775644779205322,0.23961350321769714,0.05835294909775257,0.9416470509022474,0.5228780768811703,0.5263177882879972,0.003439711406826973,0.7309217378497124,0.7293355576694012,-0.001586180180311203,0.4883819632232189,0.4893599823117256,0.0009780190885066986,0.7302324771881104,0.7296317853033543,-0.0006006918847560883,False
2,REFUGE->RIM_ONE_r3,28,C1,0.001,0.3806244730949402,0.07147510349750519,0.01635012775659561,0.011503113433718681,0.009919276461005211,0.5775644779205322,0.23961350321769714,0.05835294909775257,0.9416470509022474,0.5228780768811703,0.5244106780737638,0.0015326011925935745,0.7309217378497124,0.7302331924438477,-0.0006885454058647156,0.4883819632232189,0.4887935984879732,0.00041163526475429535,0.7302324771881104,0.729905754327774,-0.0003267228603363037,False
2,REFUGE->RIM_ONE_r3,28,C2,0.001,3.7175164222717285,0.26340386271476746,0.01635012775659561,0.011503113433718681,0.009919276461005211,0.5775644779205322,0.23961350321769714,0.05835294909775257,0.9416470509022474,0.5228780768811703,0.5173298232257366,-0.005548253655433655,0.7309217378497124,0.7335719652473927,0.0026502273976802826,0.4883819632232189,0.4855796732008457,-0.0028022900223731995,0.7302324771881104,0.7315323315560818,0.0012998543679714203,False
2,REFUGE->RIM_ONE_r3,28,C3,0.001,3.7656733989715576,0.29710644483566284,0.01635012775659561,0.011503113433718681,0.009919276461005211,0.5775644779205322,0.23961350321769714,0.05835294909775257,0.9416470509022474,0.5228780768811703,0.5171917397528887,-0.005686337128281593,0.7309217378497124,0.733636774122715,0.0027150362730026245,0.4883819632232189,0.4855512212961912,-0.0028307419270277023,0.7302324771881104,0.7315490208566189,0.0013165436685085297,False
2,REFUGE->RIM_ONE_r3,28,C4,0.001,5.077310085296631,0.42337459325790405,0.01635012775659561,0.011503113433718681,0.009919276461005211,0.5775644779205322,0.23961350321769714,0.05835294909775257,0.9416470509022474,0.5228780768811703,0.5150987934321165,-0.007779283449053764,0.7309217378497124,0.7346135824918747,0.003691844642162323,0.4883819632232189,0.48530969955027103,-0.0030722636729478836,0.7302324771881104,0.7316812388598919,0.00144876167178154,False
2,REFUGE->RIM_ONE_r3,28,C5,0.001,3.404163360595703,0.4007126986980438,0.01635012775659561,0.011503113433718681,0.009919276461005211,0.5775644779205322,0.23961350321769714,0.05835294909775257,0.9416470509022474,0.5228780768811703,0.5157500933855772,-0.007127983495593071,0.7309217378497124,0.7343236953020096,0.0034019574522972107,0.4883819632232189,0.48525757156312466,-0.003124391660094261,0.7302324771881104,0.7317113019526005,0.0014788247644901276,False
2,REFUGE->RIM_ONE_r3,29,C0,0.001,0.8345803022384644,0.04042990505695343,0.017267145216464996,0.009713576175272465,0.013449185527861118,0.588030993938446,0.18873101472854614,0.05835294909775257,0.9416470509022474,0.5228780768811703,0.5241654943674803,0.0012874174863100052,0.7309217378497124,0.7303256206214428,-0.000596117228269577,0.4883819632232189,0.4897917713969946,0.001409808173775673,0.7302324771881104,0.7296356335282326,-0.0005968436598777771,False
2,REFUGE->RIM_ONE_r3,29,C1,0.001,0.8092777729034424,0.07474324107170105,0.017267145216464996,0.009713576175272465,0.013449185527861118,0.588030993938446,0.18873101472854614,0.05835294909775257,0.9416470509022474,0.5228780768811703,0.523544130846858,0.0006660539656877518,0.7309217378497124,0.7306075505912304,-0.00031418725848197937,0.4883819632232189,0.48959433287382126,0.0012123696506023407,0.7302324771881104,0.7297294437885284,-0.0005030333995819092,False
2,REFUGE->RIM_ONE_r3,29,C2,0.001,3.3981614112854004,0.2181479036808014,0.017267145216464996,0.009713576175272465,0.013449185527861118,0.588030993938446,0.18873101472854614,0.05835294909775257,0.9416470509022474,0.5228780768811703,0.5183617006987333,-0.004516376182436943,0.7309217378497124,0.7332082651555538,0.002286527305841446,0.4883819632232189,0.4868041854351759,-0.0015777777880430222,0.7302324771881104,0.731012862175703,0.0007803849875926971,False
2,REFUGE->RIM_ONE_r3,29,C3,0.001,3.4185240268707275,0.2524612545967102,0.017267145216464996,0.009713576175272465,0.013449185527861118,0.588030993938446,0.18873101472854614,0.05835294909775257,0.9416470509022474,0.5228780768811703,0.5182393342256546,-0.004638742655515671,0.7309217378497124,0.7332627326250076,0.0023409947752952576,0.4883819632232189,0.4867582134902477,-0.0016237497329711914,0.7302324771881104,0.7310320697724819,0.0007995925843715668,False
2,REFUGE->RIM_ONE_r3,29,C4,0.001,4.196413993835449,0.4117518663406372,0.017267145216464996,0.009713576175272465,0.013449185527861118,0.588030993938446,0.18873101472854614,0.05835294909775257,0.9416470509022474,0.5228780768811703,0.5158541221171618,-0.007023954764008522,0.7309217378497124,0.7342505306005478,0.0033287927508354187,0.4883819632232189,0.4857742227613926,-0.0026077404618263245,0.7302324771881104,0.7314474657177925,0.0012149885296821594,False
2,REFUGE->RIM_ONE_r3,29,C5,0.001,3.195946216583252,0.38697299361228943,0.017267145216464996,0.009713576175272465,0.013449185527861118,0.588030993938446,0.18873101472854614,0.05835294909775257,0.9416470509022474,0.5228780768811703,0.5161048751324415,-0.006773201748728752,0.7309217378497124,0.7341493330895901,0.003227595239877701,0.4883819632232189,0.48593386448919773,-0.002448098734021187,0.7302324771881104,0.7313858084380627,0.0011533312499523163,False
2,REFUGE->RIM_ONE_r3,30,C0,0.001,0.8789005279541016,0.035955943167209625,0.017710402607917786,0.011537374928593636,0.006708165630698204,0.5784153342247009,0.22897204756736755,0.05835294909775257,0.9416470509022474,0.5228780768811703,0.5232146847993135,0.0003366079181432724,0.7309217378497124,0.7305697835981846,-0.00035195425152778625,0.4883819632232189,0.4895641338080168,0.0011821705847978592,0.7302324771881104,0.7296228595077991,-0.000609617680311203,False
2,REFUGE->RIM_ONE_r3,30,C1,0.001,0.8886508345603943,0.06970818340778351,0.017710402607917786,0.011537374928593636,0.006708165630698204,0.5784153342247009,0.22897204756736755,0.05835294909775257,0.9416470509022474,0.5228780768811703,0.5227982979267836,-7.977895438671112e-05,0.7309217378497124,0.7307674996554852,-0.00015423819422721863,0.4883819632232189,0.48940617963671684,0.0010242164134979248,0.7302324771881104,0.7297027260065079,-0.000529751181602478,False
2,REFUGE->RIM_ONE_r3,30,C2,0.001,2.288252830505371,0.2515667974948883,0.017710402607917786,0.011537374928593636,0.006708165630698204,0.5784153342247009,0.22897204756736755,0.05835294909775257,0.9416470509022474,0.5228780768811703,0.5210216157138348,-0.0018564611673355103,0.7309217378497124,0.7318634502589703,0.0009417124092578888,0.4883819632232189,0.486685823649168,-0.0016961395740509033,0.7302324771881104,0.7311292923986912,0.0008968152105808258,False
2,REFUGE->RIM_ONE_r3,30,C3,0.001,2.297531843185425,0.2853190302848816,0.017710402607917786,0.011537374928593636,0.006708165630698204,0.5784153342247009,0.22897204756736755,0.05835294909775257,0.9416470509022474,0.5228780768811703,0.520871514454484,-0.002006562426686287,0.7309217378497124,0.7319325990974903,0.0010108612477779388,0.4883819632232189,0.4866398721933365,-0.001742091029882431,0.7302324771881104,0.73115199431777,0.0009195171296596527,False
2,REFUGE->RIM_ONE_r3,30,C4,0.001,2.2719504833221436,0.39772748947143555,0.017710402607917786,0.011537374928593636,0.006708165630698204,0.5784153342247009,0.22897204756736755,0.05835294909775257,0.9416470509022474,0.5228780768811703,0.5182943902909756,-0.004583686590194702,0.7309217378497124,0.7330437637865543,0.0021220259368419647,0.4883819632232189,0.485932145267725,-0.002449817955493927,0.7302324771881104,0.7315163314342499,0.0012838542461395264,False
2,REFUGE->RIM_ONE_r3,30,C5,0.001,1.8602601289749146,0.3730468153953552,0.017710402607917786,0.011537374928593636,0.006708165630698204,0.5784153342247009,0.22897204756736755,0.05835294909775257,0.9416470509022474,0.5228780768811703,0.5189059898257256,-0.003972087055444717,0.7309217378497124,0.7327863276004791,0.0018645897507667542,0.4883819632232189,0.4860705640166998,-0.002311399206519127,0.7302324771881104,0.7314579337835312,0.0012254565954208374,False
2,REFUGE->RIM_ONE_r3,31,C0,0.001,0.9313241243362427,0.034161560237407684,0.01758706197142601,0.00785287655889988,0.00872162263840437,0.5790096521377563,0.2533579170703888,0.05835294909775257,0.9416470509022474,0.5228780768811703,0.5252744946628809,0.0023964177817106247,0.7309217378497124,0.7295788191258907,-0.00134291872382164,0.4883819632232189,0.4907424822449684,0.0023605190217494965,0.7302324771881104,0.7287924624979496,-0.0014400146901607513,False
2,REFUGE->RIM_ONE_r3,31,C1,0.001,0.9340348243713379,0.06794847548007965,0.01758706197142601,0.00785287655889988,0.00872162263840437,0.5790096521377563,0.2533579170703888,0.05835294909775257,0.9416470509022474,0.5228780768811703,0.5249581336975098,0.002080056816339493,0.7309217378497124,0.7297217696905136,-0.001199968159198761,0.4883819632232189,0.4906253106892109,0.002243347465991974,0.7302324771881104,0.7288585565984249,-0.00137392058968544,False
2,REFUGE->RIM_ONE_r3,31,C2,0.001,3.2307920455932617,0.2727352976799011,0.01758706197142601,0.00785287655889988,0.00872162263840437,0.5790096521377563,0.2533579170703888,0.05835294909775257,0.9416470509022474,0.5228780768811703,0.5175930801779032,-0.0052849967032670975,0.7309217378497124,0.7333964481949806,0.0024747103452682495,0.4883819632232189,0.4860590659081936,-0.0023228973150253296,0.7302324771881104,0.7311915643513203,0.0009590871632099152,False
2,REFUGE->RIM_ONE_r3,31,C3,0.001,3.2423179149627686,0.3065221905708313,0.01758706197142601,0.00785287655889988,0.00872162263840437,0.5790096521377563,0.2533579170703888,0.05835294909775257,0.9416470509022474,0.5228780768811703,0.5175221730023623,-0.0053559038788080215,0.7309217378497124,0.7334280461072922,0.0025063082575798035,0.4883819632232189,0.48603309132158756,-0.0023488719016313553,0.7302324771881104,0.7312073782086372,0.000974901020526886,False
2,REFUGE->RIM_ONE_r3,31,C4,0.001,3.4775469303131104,0.42547935247421265,0.01758706197142601,0.00785287655889988,0.00872162263840437,0.5790096521377563,0.2533579170703888,0.05835294909775257,0.9416470509022474,0.5228780768811703,0.5158965382725,-0.006981538608670235,0.7309217378497124,0.7341262102127075,0.0032044723629951477,0.4883819632232189,0.4856650363653898,-0.002716926857829094,0.7302324771881104,0.7314141690731049,0.0011816918849945068,False
2,REFUGE->RIM_ONE_r3,31,C5,0.001,2.6866469383239746,0.38916751742362976,0.01758706197142601,0.00785287655889988,0.00872162263840437,0.5790096521377563,0.2533579170703888,0.05835294909775257,0.9416470509022474,0.5228780768811703,0.5161982960999012,-0.0066797807812690735,0.7309217378497124,0.7339830100536346,0.0030612722039222717,0.4883819632232189,0.48573741875588894,-0.002644544467329979,0.7302324771881104,0.731378510594368,0.0011460334062576294,False
2,RIM_ONE_r3->Drishti_GS,0,C0,0.001,0.2952197194099426,0.027909234166145325,0.016971802338957787,0.005954310763627291,0.004983121994882822,0.17198213934898376,0.10538235306739807,0.06594929681159556,0.9340507031884044,0.7239722646772861,0.7235335037112236,-0.0004387609660625458,0.654722522944212,0.6549552604556084,0.00023273751139640808,0.4826222490519285,0.4828353878110647,0.00021313875913619995,0.8002146445214748,0.8002558276057243,4.118308424949646e-05,False
2,RIM_ONE_r3->Drishti_GS,0,C1,0.001,0.30676189064979553,0.039251334965229034,0.016971802338957787,0.005954310763627291,0.004983121994882822,0.17198213934898376,0.10538235306739807,0.06594929681159556,0.9340507031884044,0.7239722646772861,0.7227869536727667,-0.0011853110045194626,0.654722522944212,0.65537304058671,0.0006505176424980164,0.4826222490519285,0.48325224220752716,0.0006299931555986404,0.8002146445214748,0.8001063577830791,-0.00010828673839569092,False
2,RIM_ONE_r3->Drishti_GS,0,C2,0.001,2.095925807952881,0.12634170055389404,0.016971802338957787,0.005954310763627291,0.004983121994882822,0.17198213934898376,0.10538235306739807,0.06594929681159556,0.9340507031884044,0.7239722646772861,0.7248497977852821,0.0008775331079959869,0.654722522944212,0.6543085090816021,-0.0004140138626098633,0.4826222490519285,0.4799996353685856,-0.0026226136833429337,0.8002146445214748,0.8011136166751385,0.0008989721536636353,False
2,RIM_ONE_r3->Drishti_GS,0,C3,0.001,2.0920815467834473,0.13768379390239716,0.016971802338957787,0.005954310763627291,0.004983121994882822,0.17198213934898376,0.10538235306739807,0.06594929681159556,0.9340507031884044,0.7239722646772861,0.7247354537248611,0.000763189047574997,0.654722522944212,0.6543710865080357,-0.00035143643617630005,0.4826222490519285,0.48005211539566517,-0.0025701336562633514,0.8002146445214748,0.8010947369039059,0.0008800923824310303,False
2,RIM_ONE_r3->Drishti_GS,0,C4,0.001,1.726846694946289,0.26229891180992126,0.016971802338957787,0.005954310763627291,0.004983121994882822,0.17198213934898376,0.10538235306739807,0.06594929681159556,0.9340507031884044,0.7239722646772861,0.723122276365757,-0.0008499883115291595,0.654722522944212,0.6551859937608242,0.00046347081661224365,0.4826222490519285,0.4805181547999382,-0.0021040942519903183,0.8002146445214748,0.8009728565812111,0.0007582120597362518,False
2,RIM_ONE_r3->Drishti_GS,0,C5,0.001,1.369612455368042,0.26860934495925903,0.016971802338957787,0.005954310763627291,0.004983121994882822,0.17198213934898376,0.10538235306739807,0.06594929681159556,0.9340507031884044,0.7239722646772861,0.7228370811790228,-0.001135183498263359,0.654722522944212,0.6553841941058636,0.0006616711616516113,0.4826222490519285,0.4800852555781603,-0.0025369934737682343,0.8002146445214748,0.8010974079370499,0.0008827634155750275,False
2,RIM_ONE_r3->Drishti_GS,1,C0,0.001,0.565840482711792,0.03411184996366501,0.0210355743765831,0.005063162650913,0.008013110607862473,0.2696143388748169,0.15369220077991486,0.06594929681159556,0.9340507031884044,0.7239722646772861,0.7263065315783024,0.0023342669010162354,0.654722522944212,0.6535044014453888,-0.001218121498823166,0.4826222490519285,0.4853949509561062,0.0027727019041776657,0.8002146445214748,0.799133013933897,-0.0010816305875778198,False
2,RIM_ONE_r3->Drishti_GS,1,C1,0.001,0.7504941821098328,0.0518927276134491,0.0210355743765831,0.005063162650913,0.008013110607862473,0.2696143388748169,0.15369220077991486,0.06594929681159556,0.9340507031884044,0.7239722646772861,0.7257913406938314,0.0018190760165452957,0.654722522944212,0.6536901667714119,-0.001032356172800064,0.4826222490519285,0.48659390583634377,0.003971656784415245,0.8002146445214748,0.7987034991383553,-0.0015111453831195831,False
2,RIM_ONE_r3->Drishti_GS,1,C2,0.001,5.221660614013672,0.17766815423965454,0.0210355743765831,0.005063162650913,0.008013110607862473,0.2696143388748169,0.15369220077991486,0.06594929681159556,0.9340507031884044,0.7239722646772861,0.7251195628196001,0.0011472981423139572,0.654722522944212,0.6541249193251133,-0.0005976036190986633,0.4826222490519285,0.4822814092040062,-0.00034083984792232513,0.8002146445214748,0.8002545274794102,3.988295793533325e-05,False
2,RIM_ONE_r3->Drishti_GS,1,C3,0.001,5.267678737640381,0.19544903934001923,0.0210355743765831,0.005063162650913,0.008013110607862473,0.2696143388748169,0.15369220077991486,0.06594929681159556,0.9340507031884044,0.7239722646772861,0.725116303190589,0.001144038513302803,0.654722522944212,0.6541153080761433,-0.0006072148680686951,0.4826222490519285,0.48254670202732086,-7.554702460765839e-05,0.8002146445214748,0.8001603819429874,-5.426257848739624e-05,False
2,RIM_ONE_r3->Drishti_GS,1,C4,0.001,5.502900123596191,0.34281864762306213,0.0210355743765831,0.005063162650913,0.008013110607862473,0.2696143388748169,0.15369220077991486,0.06594929681159556,0.9340507031884044,0.7239722646772861,0.7247014380991459,0.0007291734218597412,0.654722522944212,0.6542540192604065,-0.0004685036838054657,0.4826222490519285,0.4841425232589245,0.001520274206995964,0.8002146445214748,0.799609687179327,-0.0006049573421478271,False
2,RIM_ONE_r3->Drishti_GS,1,C5,0.001,3.4806721210479736,0.34551578760147095,0.0210355743765831,0.005063162650913,0.008013110607862473,0.2696143388748169,0.15369220077991486,0.06594929681159556,0.9340507031884044,0.7239722646772861,0.7250309716910124,0.0010587070137262344,0.654722522944212,0.654059711843729,-0.0006628111004829407,0.4826222490519285,0.4843251798301935,0.0017029307782649994,0.8002146445214748,0.799510195851326,-0.0007044486701488495,False
2,RIM_ONE_r3->Drishti_GS,2,C0,0.001,0.32575175166130066,0.03077230602502823,0.018834931775927544,0.005069821607321501,0.006867553107440472,0.17938560247421265,0.1456145942211151,0.06594929681159556,0.9340507031884044,0.7239722646772861,0.7251778338104486,0.0012055691331624985,0.654722522944212,0.6539479643106461,-0.0007745586335659027,0.4826222490519285,0.4831367991864681,0.0005145501345396042,0.8002146445214748,0.8001008369028568,-0.00011380761861801147,False
2,RIM_ONE_r3->Drishti_GS,2,C1,0.001,0.33041495084762573,0.04260266199707985,0.018834931775927544,0.005069821607321501,0.006867553107440472,0.17938560247421265,0.1456145942211151,0.06594929681159556,0.9340507031884044,0.7239722646772861,0.7239533476531506,-1.89170241355896e-05,0.654722522944212,0.6544840559363365,-0.0002384670078754425,0.4826222490519285,0.48433925583958626,0.0017170067876577377,0.8002146445214748,0.7997362986207008,-0.0004783459007740021,False
2,RIM_ONE_r3->Drishti_GS,2,C2,0.001,2.5562360286712646,0.16678372025489807,0.018834931775927544,0.005069821607321501,0.006867553107440472,0.17938560247421265,0.1456145942211151,0.06594929681159556,0.9340507031884044,0.7239722646772861,0.7251651715487242,0.0011929068714380264,0.654722522944212,0.6543342880904675,-0.00038823485374450684,0.4826222490519285,0.4784966707229614,-0.004125578328967094,0.8002146445214748,0.8016162365674973,0.0014015920460224152,False
2,RIM_ONE_r3->Drishti_GS,2,C3,0.001,2.4907236099243164,0.1786140650510788,0.018834931775927544,0.005069821607321501,0.006867553107440472,0.17938560247421265,0.1456145942211151,0.06594929681159556,0.9340507031884044,0.7239722646772861,0.725028658285737,0.0010563936084508896,0.654722522944212,0.6543979831039906,-0.00032453984022140503,0.4826222490519285,0.47855043411254883,-0.004071814939379692,0.8002146445214748,0.8016034513711929,0.0013888068497180939,False
2,RIM_ONE_r3->Drishti_GS,2,C4,0.001,1.467267632484436,0.29014045000076294,0.018834931775927544,0.005069821607321501,0.006867553107440472,0.17938560247421265,0.1456145942211151,0.06594929681159556,0.9340507031884044,0.7239722646772861,0.7247952483594418,0.0008229836821556091,0.654722522944212,0.6542112976312637,-0.0005112253129482269,0.4826222490519285,0.481680391356349,-0.0009418576955795288,0.8002146445214748,0.8005174696445465,0.00030282512307167053,False
2,RIM_ONE_r3->Drishti_GS,2,C5,0.001,1.3363960981369019,0.3012913465499878,0.018834931775927544,0.005069821607321501,0.006867553107440472,0.17938560247421265,0.1456145942211151,0.06594929681159556,0.9340507031884044,0.7239722646772861,0.7241174187511206,0.00014515407383441925,0.654722522944212,0.6546327956020832,-8.972734212875366e-05,0.4826222490519285,0.4800504967570305,-0.002571752294898033,0.8002146445214748,0.8011046051979065,0.0008899606764316559,False
2,RIM_ONE_r3->Drishti_GS,3,C0,0.001,0.6025352478027344,0.031615085899829865,0.018853550776839256,0.005008631851524115,0.007752902805805206,0.2532362937927246,0.19960422813892365,0.06594929681159556,0.9340507031884044,0.7239722646772861,0.7268243730068207,0.0028521083295345306,0.654722522944212,0.6533815637230873,-0.001340959221124649,0.4826222490519285,0.4848322905600071,0.002210041508078575,0.8002146445214748,0.7992909178137779,-0.0009237267076969147,False
2,RIM_ONE_r3->Drishti_GS,3,C1,0.001,0.5944982767105103,0.04831584170460701,0.018853550776839256,0.005008631851524115,0.007752902805805206,0.2532362937927246,0.19960422813892365,0.06594929681159556,0.9340507031884044,0.7239722646772861,0.7259591054171324,0.0019868407398462296,0.654722522944212,0.6537930108606815,-0.000929512083530426,0.4826222490519285,0.4853686988353729,0.0027464497834444046,0.8002146445214748,0.7991291508078575,-0.0010854937136173248,False
2,RIM_ONE_r3->Drishti_GS,3,C2,0.001,6.132933616638184,0.21805554628372192,0.018853550776839256,0.005008631851524115,0.007752902805805206,0.2532362937927246,0.19960422813892365,0.06594929681159556,0.9340507031884044,0.7239722646772861,0.724421065300703,0.00044880062341690063,0.654722522944212,0.6546917147934437,-3.080815076828003e-05,0.4826222490519285,0.47906503826379776,-0.00355721078813076,0.8002146445214748,0.801441140472889,0.0012264959514141083,False
2,RIM_ONE_r3->Drishti_GS,3,C3,0.001,6.12816858291626,0.23475630581378937,0.018853550776839256,0.005008631851524115,0.007752902805805206,0.2532362937927246,0.19960422813892365,0.06594929681159556,0.9340507031884044,0.7239722646772861,0.724342992529273,0.00037072785198688507,0.654722522944212,0.6547263525426388,3.829598426818848e-06,0.4826222490519285,0.47910500317811966,-0.0035172458738088608,0.8002146445214748,0.8014307543635368,0.0012161098420619965,False
2,RIM_ONE_r3->Drishti_GS,3,C4,0.001,5.745253562927246,0.34486058354377747,0.018853550776839256,0.005008631851524115,0.007752902805805206,0.2532362937927246,0.19960422813892365,0.06594929681159556,0.9340507031884044,0.7239722646772861,0.7238150853663683,-0.0001571793109178543,0.654722522944212,0.654925499111414,0.00020297616720199585,0.4826222490519285,0.4800389353185892,-0.0025833137333393097,0.8002146445214748,0.8011198043823242,0.0009051598608493805,False
2,RIM_ONE_r3->Drishti_GS,3,C5,0.001,3.551116466522217,0.3487381637096405,0.018853550776839256,0.005008631851524115,0.007752902805805206,0.2532362937927246,0.19960422813892365,0.06594929681159556,0.9340507031884044,0.7239722646772861,0.7240015752613544,2.931058406829834e-05,0.654722522944212,0.6548458486795425,0.00012332573533058167,0.4826222490519285,0.4796054847538471,-0.003016764298081398,0.8002146445214748,0.8012410551309586,0.0010264106094837189,False
2,RIM_ONE_r3->Drishti_GS,4,C0,0.001,0.37271302938461304,0.02929104119539261,0.019181739538908005,0.004887068644165993,0.005222233012318611,0.15362434089183807,0.12238781154155731,0.06594929681159556,0.9340507031884044,0.7239722646772861,0.7248748205602169,0.0009025558829307556,0.654722522944212,0.6540711298584938,-0.0006513930857181549,0.4826222490519285,0.48611782491207123,0.003495575860142708,0.8002146445214748,0.7988522499799728,-0.001362394541501999,False
2,RIM_ONE_r3->Drishti_GS,4,C1,0.001,0.3818579614162445,0.03942245990037918,0.019181739538908005,0.004887068644165993,0.005222233012318611,0.15362434089183807,0.12238781154155731,0.06594929681159556,0.9340507031884044,0.7239722646772861,0.7241436429321766,0.0001713782548904419,0.654722522944212,0.654406663030386,-0.00031585991382598877,0.4826222490519285,0.48697783425450325,0.00435558520257473,0.8002146445214748,0.7985693551599979,-0.0016452893614768982,False
2,RIM_ONE_r3->Drishti_GS,4,C2,0.001,2.0335230827331543,0.1436074674129486,0.019181739538908005,0.004887068644165993,0.005222233012318611,0.15362434089183807,0.12238781154155731,0.06594929681159556,0.9340507031884044,0.7239722646772861,0.7251352202147245,0.0011629555374383926,0.654722522944212,0.654133964329958,-0.0005885586142539978,0.4826222490519285,0.48211112059652805,-0.0005111284554004669,0.8002146445214748,0.8002649396657944,5.02951443195343e-05,False
2,RIM_ONE_r3->Drishti_GS,4,C3,0.001,1.9922086000442505,0.15373888611793518,0.019181739538908005,0.004887068644165993,0.005222233012318611,0.15362434089183807,0.12238781154155731,0.06594929681159556,0.9340507031884044,0.7239722646772861,0.7250253427773714,0.0010530781000852585,0.654722522944212,0.6541806384921074,-0.0005418844521045685,0.4826222490519285,0.48227362148463726,-0.00034862756729125977,0.8002146445214748,0.8002097606658936,-4.883855581283569e-06,False
2,RIM_ONE_r3->Drishti_GS,4,C4,0.001,1.4530633687973022,0.26156914234161377,0.019181739538908005,0.004887068644165993,0.005222233012318611,0.15362434089183807,0.12238781154155731,0.06594929681159556,0.9340507031884044,0.7239722646772861,0.7237931378185749,-0.00017912685871124268,0.654722522944212,0.6546257622539997,-9.676069021224976e-05,0.4826222490519285,0.4846235755831003,0.0020013265311717987,0.8002146445214748,0.7994054518640041,-0.0008091926574707031,False
2,RIM_ONE_r3->Drishti_GS,4,C5,0.001,1.449446678161621,0.28092771768569946,0.019181739538908005,0.004887068644165993,0.005222233012318611,0.15362434089183807,0.12238781154155731,0.06594929681159556,0.9340507031884044,0.7239722646772861,0.7240798752754927,0.00010761059820652008,0.654722522944212,0.6545103304088116,-0.00021219253540039062,0.4826222490519285,0.4837339986115694,0.0011117495596408844,0.8002146445214748,0.7996907904744148,-0.0005238540470600128,False
2,RIM_ONE_r3->Drishti_GS,5,C0,0.001,0.5290248394012451,0.03307756409049034,0.01594397984445095,0.009096928872168064,0.008036655373871326,0.2267679125070572,0.18289262056350708,0.06594929681159556,0.9340507031884044,0.7239722646772861,0.7207894679158926,-0.003182796761393547,0.654722522944212,0.655941367149353,0.0012188442051410675,0.4826222490519285,0.48413805291056633,0.0015158038586378098,0.8002146445214748,0.7998627051711082,-0.0003519393503665924,False
2,RIM_ONE_r3->Drishti_GS,5,C1,0.001,0.7331852912902832,0.04803274944424629,0.01594397984445095,0.009096928872168064,0.008036655373871326,0.2267679125070572,0.18289262056350708,0.06594929681159556,0.9340507031884044,0.7239722646772861,0.7197928465902805,-0.004179418087005615,0.654722522944212,0.6565930768847466,0.0018705539405345917,0.4826222490519285,0.4830348715186119,0.00041262246668338776,0.8002146445214748,0.8002517558634281,3.711134195327759e-05,False
2,RIM_ONE_r3->Drishti_GS,5,C2,0.001,3.682447671890259,0.2039085477590561,0.01594397984445095,0.009096928872168064,0.008036655373871326,0.2267679125070572,0.18289262056350708,0.06594929681159556,0.9340507031884044,0.7239722646772861,0.7237340193241835,-0.00023824535310268402,0.654722522944212,0.6549599021673203,0.00023737922310829163,0.4826222490519285,0.4797209743410349,-0.002901274710893631,0.8002146445214748,0.8012016788125038,0.0009870342910289764,False
2,RIM_ONE_r3->Drishti_GS,5,C3,0.001,3.7575266361236572,0.21886372566223145,0.01594397984445095,0.009096928872168064,0.008036655373871326,0.2267679125070572,0.18289262056350708,0.06594929681159556,0.9340507031884044,0.7239722646772861,0.7233636882156134,-0.0006085764616727829,0.654722522944212,0.6551525108516216,0.00042998790740966797,0.4826222490519285,0.4796482715755701,-0.0029739774763584137,0.8002146445214748,0.801237516105175,0.00102287158370018,False
2,RIM_ONE_r3->Drishti_GS,5,C4,0.001,3.8015265464782715,0.3167123794555664,0.01594397984445095,0.009096928872168064,0.008036655373871326,0.2267679125070572,0.18289262056350708,0.06594929681159556,0.9340507031884044,0.7239722646772861,0.7217593137174845,-0.002212950959801674,0.654722522944212,0.6558600030839443,0.0011374801397323608,0.4826222490519285,0.48047802969813347,-0.0021442193537950516,0.8002146445214748,0.8009799309074879,0.000765286386013031,False
2,RIM_ONE_r3->Drishti_GS,5,C5,0.001,2.7023684978485107,0.3277509808540344,0.01594397984445095,0.009096928872168064,0.008036655373871326,0.2267679125070572,0.18289262056350708,0.06594929681159556,0.9340507031884044,0.7239722646772861,0.72148129157722,-0.002490973100066185,0.654722522944212,0.6560208573937416,0.0012983344495296478,0.4826222490519285,0.4798173885792494,-0.002804860472679138,0.8002146445214748,0.8012182451784611,0.0010036006569862366,False
2,RIM_ONE_r3->Drishti_GS,6,C0,0.001,0.5031909346580505,0.03499149531126022,0.021059323102235794,0.006277203559875488,0.007654970046132803,0.2479647994041443,0.17851600050926208,0.06594929681159556,0.9340507031884044,0.7239722646772861,0.7254756409674883,0.0015033762902021408,0.654722522944212,0.6538872346282005,-0.0008352883160114288,0.4826222490519285,0.48338524624705315,0.0007629971951246262,0.8002146445214748,0.7998940050601959,-0.0003206394612789154,False
2,RIM_ONE_r3->Drishti_GS,6,C1,0.001,0.5003229379653931,0.051344599574804306,0.021059323102235794,0.006277203559875488,0.007654970046132803,0.2479647994041443,0.17851600050926208,0.06594929681159556,0.9340507031884044,0.7239722646772861,0.7242247089743614,0.0002524442970752716,0.654722522944212,0.6544893234968185,-0.00023319944739341736,0.4826222490519285,0.4827302619814873,0.00010801292955875397,0.8002146445214748,0.8001699820160866,-4.466250538825989e-05,False
2,RIM_ONE_r3->Drishti_GS,6,C2,0.001,3.6859488487243652,0.2017344832420349,0.021059323102235794,0.006277203559875488,0.007654970046132803,0.2479647994041443,0.17851600050926208,0.06594929681159556,0.9340507031884044,0.7239722646772861,0.7250871155411005,0.001114850863814354,0.654722522944212,0.6543362885713577,-0.0003862343728542328,0.4826222490519285,0.4790601786226034,-0.0035620704293251038,0.8002146445214748,0.8015212677419186,0.0013066232204437256,False
2,RIM_ONE_r3->Drishti_GS,6,C3,0.001,3.7296371459960938,0.2180875986814499,0.021059323102235794,0.006277203559875488,0.007654970046132803,0.2479647994041443,0.17851600050926208,0.06594929681159556,0.9340507031884044,0.7239722646772861,0.7248978335410357,0.0009255688637495041,0.654722522944212,0.6544253304600716,-0.0002971924841403961,0.4826222490519285,0.47901931032538414,-0.00360293872654438,0.8002146445214748,0.8015424720942974,0.0013278275728225708,False
2,RIM_ONE_r3->Drishti_GS,6,C4,0.001,3.28538179397583,0.33393171429634094,0.021059323102235794,0.006277203559875488,0.007654970046132803,0.2479647994041443,0.17851600050926208,0.06594929681159556,0.9340507031884044,0.7239722646772861,0.7245671134442091,0.0005948487669229507,0.654722522944212,0.6543661057949066,-0.00035641714930534363,0.4826222490519285,0.4809032194316387,-0.0017190296202898026,0.8002146445214748,0.8008908033370972,0.0006761588156223297,False
2,RIM_ONE_r3->Drishti_GS,6,C5,0.001,2.3488359451293945,0.33967411518096924,0.021059323102235794,0.006277203559875488,0.007654970046132803,0.2479647994041443,0.17851600050926208,0.06594929681159556,0.9340507031884044,0.7239722646772861,0.7248418685048819,0.0008696038275957108,0.654722522944212,0.6543183326721191,-0.0004041902720928192,0.4826222490519285,0.47959006391465664,-0.003032185137271881,0.8002146445214748,0.8013081848621368,0.0010935403406620026,False
2,RIM_ONE_r3->Drishti_GS,7,C0,0.001,0.4820074439048767,0.03784430772066116,0.019312065094709396,0.011339658871293068,0.00719258189201355,0.2784317135810852,0.18564793467521667,0.06594929681159556,0.9340507031884044,0.7239722646772861,0.7215139456093311,-0.002458319067955017,0.654722522944212,0.6560938246548176,0.0013713017106056213,0.4826222490519285,0.48102275654673576,-0.0015994925051927567,0.8002146445214748,0.8008311837911606,0.0006165392696857452,False
2,RIM_ONE_r3->Drishti_GS,7,C1,0.001,0.5013814568519592,0.056206684559583664,0.019312065094709396,0.011339658871293068,0.00719258189201355,0.2784317135810852,0.18564793467521667,0.06594929681159556,0.9340507031884044,0.7239722646772861,0.7212461903691292,-0.002726074308156967,0.654722522944212,0.656068816781044,0.0013462938368320465,0.4826222490519285,0.4833909198641777,0.0007686708122491837,0.8002146445214748,0.8000082187354565,-0.00020642578601837158,False
2,RIM_ONE_r3->Drishti_GS,7,C2,0.001,4.926033973693848,0.21124887466430664,0.019312065094709396,0.011339658871293068,0.00719258189201355,0.2784317135810852,0.18564793467521667,0.06594929681159556,0.9340507031884044,0.7239722646772861,0.7231627143919468,-0.0008095502853393555,0.654722522944212,0.6554426290094852,0.0007201060652732849,0.4826222490519285,0.4772806912660599,-0.005341557785868645,0.8002146445214748,0.8021051697432995,0.001890525221824646,False
2,RIM_ONE_r3->Drishti_GS,7,C3,0.001,4.788041591644287,0.22961126267910004,0.019312065094709396,0.011339658871293068,0.00719258189201355,0.2784317135810852,0.18564793467521667,0.06594929681159556,0.9340507031884044,0.7239722646772861,0.7231054548174143,-0.0008668098598718643,0.654722522944212,0.655464019626379,0.0007414966821670532,0.4826222490519285,0.4773446246981621,-0.005277624353766441,0.8002146445214748,0.8020851947367191,0.0018705502152442932,False
2,RIM_ONE_r3->Drishti_GS,7,C4,0.001,1.7550671100616455,0.36775755882263184,0.019312065094709396,0.011339658871293068,0.00719258189201355,0.2784317135810852,0.18564793467521667,0.06594929681159556,0.9340507031884044,0.7239722646772861,0.722933117300272,-0.0010391473770141602,0.654722522944212,0.6552585884928703,0.000536065548658371,0.4826222490519285,0.48076900467276573,-0.0018532443791627884,0.8002146445214748,0.8008576221764088,0.0006429776549339294,False
2,RIM_ONE_r3->Drishti_GS,7,C5,0.001,2.253359079360962,0.36258071660995483,0.019312065094709396,0.011339658871293068,0.00719258189201355,0.2784317135810852,0.18564793467521667,0.06594929681159556,0.9340507031884044,0.7239722646772861,0.7227890137583017,-0.0011832509189844131,0.654722522944212,0.6554696336388588,0.0007471106946468353,0.4826222490519285,0.47904306277632713,-0.003579186275601387,0.8002146445214748,0.8014810271561146,0.00126638263463974,False
2,RIM_ONE_r3->Drishti_GS,8,C0,0.001,2.2335455417633057,0.05004912614822388,0.0193172600120306,0.022412292659282684,0.008319573476910591,0.2019125521183014,0.09882353246212006,0.06594929681159556,0.9340507031884044,0.7239722646772861,0.7209402061998844,-0.0030320584774017334,0.654722522944212,0.6563175581395626,0.001595035195350647,0.4826222490519285,0.48034987412393093,-0.002272374927997589,0.8002146445214748,0.8010404258966446,0.000825781375169754,False
2,RIM_ONE_r3->Drishti_GS,8,C1,0.001,2.258023262023926,0.06336511671543121,0.0193172600120306,0.022412292659282684,0.008319573476910591,0.2019125521183014,0.09882353246212006,0.06594929681159556,0.9340507031884044,0.7239722646772861,0.7208765354007483,-0.003095729276537895,0.654722522944212,0.6563489027321339,0.0016263797879219055,0.4826222490519285,0.48036449030041695,-0.002257758751511574,0.8002146445214748,0.8010363727807999,0.0008217282593250275,False
2,RIM_ONE_r3->Drishti_GS,8,C2,0.001,2.813920259475708,0.1423553228378296,0.0193172600120306,0.022412292659282684,0.008319573476910591,0.2019125521183014,0.09882353246212006,0.06594929681159556,0.9340507031884044,0.7239722646772861,0.722210893407464,-0.0017613712698221207,0.654722522944212,0.6556662209331989,0.000943697988986969,0.4826222490519285,0.4805223308503628,-0.0020999182015657425,0.8002146445214748,0.8009280264377594,0.0007133819162845612,False
2,RIM_ONE_r3->Drishti_GS,8,C3,0.001,2.8393657207489014,0.15567129850387573,0.0193172600120306,0.022412292659282684,0.008319573476910591,0.2019125521183014,0.09882353246212006,0.06594929681159556,0.9340507031884044,0.7239722646772861,0.7221449967473745,-0.0018272679299116135,0.654722522944212,0.6557001620531082,0.0009776391088962555,0.4826222490519285,0.4805300794541836,-0.0020921695977449417,0.8002146445214748,0.8009279370307922,0.0007132925093173981,False
2,RIM_ONE_r3->Drishti_GS,8,C4,0.001,2.6266071796417236,0.2876587510108948,0.0193172600120306,0.022412292659282684,0.008319573476910591,0.2019125521183014,0.09882353246212006,0.06594929681159556,0.9340507031884044,0.7239722646772861,0.7215549424290657,-0.0024173222482204437,0.654722522944212,0.6559746973216534,0.0012521743774414062,0.4826222490519285,0.48059686832129955,-0.0020253807306289673,0.8002146445214748,0.8009149730205536,0.0007003284990787506,False
2,RIM_ONE_r3->Drishti_GS,8,C5,0.001,2.548410177230835,0.29182058572769165,0.0193172600120306,0.022412292659282684,0.008319573476910591,0.2019125521183014,0.09882353246212006,0.06594929681159556,0.9340507031884044,0.7239722646772861,0.7211952731013298,-0.0027769915759563446,0.654722522944212,0.6561643853783607,0.0014418624341487885,0.4826222490519285,0.4802831709384918,-0.002339078113436699,0.8002146445214748,0.8010368905961514,0.0008222460746765137,False
2,RIM_ONE_r3->Drishti_GS,9,C0,0.001,0.9365245699882507,0.0366259403526783,0.018812574446201324,0.010062715969979763,0.007750650402158499,0.21749359369277954,0.2058962881565094,0.06594929681159556,0.9340507031884044,0.7239722646772861,0.7241286318749189,0.0001563671976327896,0.654722522944212,0.6544858105480671,-0.00023671239614486694,0.4826222490519285,0.4859561175107956,0.003333868458867073,0.8002146445214748,0.7990033328533173,-0.0012113116681575775,False
2,RIM_ONE_r3->Drishti_GS,9,C1,0.001,1.1014913320541382,0.05096948891878128,0.018812574446201324,0.010062715969979763,0.007750650402158499,0.21749359369277954,0.2058962881565094,0.06594929681159556,0.9340507031884044,0.7239722646772861,0.7240763884037733,0.00010412372648715973,0.654722522944212,0.6544276811182499,-0.00029484182596206665,0.4826222490519285,0.4871024489402771,0.004480199888348579,0.8002146445214748,0.7985942587256432,-0.0016203857958316803,False
2,RIM_ONE_r3->Drishti_GS,9,C2,0.001,4.881978988647461,0.22894351184368134,0.018812574446201324,0.010062715969979763,0.007750650402158499,0.21749359369277954,0.2058962881565094,0.06594929681159556,0.9340507031884044,0.7239722646772861,0.7255752813071012,0.0016030166298151016,0.654722522944212,0.6537369638681412,-0.0009855590760707855,0.4826222490519285,0.4845293462276459,0.0019070971757173538,0.8002146445214748,0.7994247823953629,-0.0007898621261119843,False
2,RIM_ONE_r3->Drishti_GS,9,C3,0.001,4.993059158325195,0.24328705668449402,0.018812574446201324,0.010062715969979763,0.007750650402158499,0.21749359369277954,0.2058962881565094,0.06594929681159556,0.9340507031884044,0.7239722646772861,0.725537970662117,0.0015657059848308563,0.654722522944212,0.6537352278828621,-0.0009872950613498688,0.4826222490519285,0.4848388060927391,0.002216557040810585,0.8002146445214748,0.799316368997097,-0.0008982755243778229,False
2,RIM_ONE_r3->Drishti_GS,9,C4,0.001,4.549320220947266,0.35281237959861755,0.018812574446201324,0.010062715969979763,0.007750650402158499,0.21749359369277954,0.2058962881565094,0.06594929681159556,0.9340507031884044,0.7239722646772861,0.7252118363976479,0.0012395717203617096,0.654722522944212,0.6538113430142403,-0.000911179929971695,0.4826222490519285,0.48600732162594795,0.003385072574019432,0.8002146445214748,0.798941645771265,-0.0012729987502098083,False
2,RIM_ONE_r3->Drishti_GS,9,C5,0.001,3.292788505554199,0.36707359552383423,0.018812574446201324,0.010062715969979763,0.007750650402158499,0.21749359369277954,0.2058962881565094,0.06594929681159556,0.9340507031884044,0.7239722646772861,0.7251261118799448,0.0011538472026586533,0.654722522944212,0.6538204401731491,-0.000902082771062851,0.4826222490519285,0.48653941974043846,0.003917170688509941,0.8002146445214748,0.798732053488493,-0.0014825910329818726,False
2,RIM_ONE_r3->Drishti_GS,10,C0,0.001,0.8987841606140137,0.0341506227850914,0.01650555618107319,0.011531859636306763,0.006113208364695311,0.13268102705478668,0.11204465478658676,0.06594929681159556,0.9340507031884044,0.7239722646772861,0.7249851580709219,0.0010128933936357498,0.654722522944212,0.6543527990579605,-0.0003697238862514496,0.4826222490519285,0.48221113719046116,-0.00041111186146736145,0.8002146445214748,0.800430316478014,0.00021567195653915405,False
2,RIM_ONE_r3->Drishti_GS,10,C1,0.001,0.8236331343650818,0.042900845408439636,0.01650555618107319,0.011531859636306763,0.006113208364695311,0.13268102705478668,0.11204465478658676,0.06594929681159556,0.9340507031884044,0.7239722646772861,0.7242406066507101,0.0002683419734239578,0.654722522944212,0.6547111496329308,-1.1373311281204224e-05,0.4826222490519285,0.4827222526073456,0.00010000355541706085,0.8002146445214748,0.8002741821110249,5.953758955001831e-05,False
2,RIM_ONE_r3->Drishti_GS,10,C2,0.001,1.977371335029602,0.13880601525306702,0.01650555618107319,0.011531859636306763,0.006113208364695311,0.13268102705478668,0.11204465478658676,0.06594929681159556,0.9340507031884044,0.7239722646772861,0.7229435779154301,-0.001028686761856079,0.654722522944212,0.6551594510674477,0.0004369281232357025,0.4826222490519285,0.4843812696635723,0.0017590206116437912,0.8002146445214748,0.7996174246072769,-0.0005972199141979218,False
2,RIM_ONE_r3->Drishti_GS,10,C3,0.001,2.124840021133423,0.14755623042583466,0.01650555618107319,0.011531859636306763,0.006113208364695311,0.13268102705478668,0.11204465478658676,0.06594929681159556,0.9340507031884044,0.7239722646772861,0.722712617367506,-0.0012596473097801208,0.654722522944212,0.6552676819264889,0.0005451589822769165,0.4826222490519285,0.4844637308269739,0.001841481775045395,0.8002146445214748,0.7995930314064026,-0.0006216131150722504,False
2,RIM_ONE_r3->Drishti_GS,10,C4,0.001,3.829484701156616,0.26209110021591187,0.01650555618107319,0.011531859636306763,0.006113208364695311,0.13268102705478668,0.11204465478658676,0.06594929681159556,0.9340507031884044,0.7239722646772861,0.721983328461647,-0.0019889362156391144,0.654722522944212,0.6556065455079079,0.0008840225636959076,0.4826222490519285,0.4844158533960581,0.0017936043441295624,0.8002146445214748,0.7996406406164169,-0.0005740039050579071,False
2,RIM_ONE_r3->Drishti_GS,10,C5,0.001,1.8466601371765137,0.28132838010787964,0.01650555618107319,0.011531859636306763,0.006113208364695311,0.13268102705478668,0.11204465478658676,0.06594929681159556,0.9340507031884044,0.7239722646772861,0.7222043387591839,-0.0017679259181022644,0.654722522944212,0.6555749364197254,0.0008524134755134583,0.4826222490519285,0.48381982930004597,0.001197580248117447,0.8002146445214748,0.7998673617839813,-0.000347282737493515,False
2,RIM_ONE_r3->Drishti_GS,11,C0,0.001,0.4739595949649811,0.03255515545606613,0.021059323102235794,0.005831980146467686,0.005663853604346514,0.1716611534357071,0.11144210398197174,0.06594929681159556,0.9340507031884044,0.7239722646772861,0.7224850859493017,-0.0014871787279844284,0.654722522944212,0.6558002308011055,0.0010777078568935394,0.4826222490519285,0.48193989135324955,-0.0006823576986789703,0.8002146445214748,0.8004614412784576,0.00024679675698280334,False
2,RIM_ONE_r3->Drishti_GS,11,C1,0.001,0.4860144853591919,0.04387608915567398,0.021059323102235794,0.005831980146467686,0.005663853604346514,0.1716611534357071,0.11144210398197174,0.06594929681159556,0.9340507031884044,0.7239722646772861,0.7220514174550772,-0.0019208472222089767,0.654722522944212,0.6560380347073078,0.0013155117630958557,0.4826222490519285,0.4822210967540741,-0.0004011522978544235,0.8002146445214748,0.8003608956933022,0.00014625117182731628,False
2,RIM_ONE_r3->Drishti_GS,11,C2,0.001,2.473336696624756,0.13664773106575012,0.021059323102235794,0.005831980146467686,0.005663853604346514,0.1716611534357071,0.11144210398197174,0.06594929681159556,0.9340507031884044,0.7239722646772861,0.7253080606460571,0.0013357959687709808,0.654722522944212,0.654065478593111,-0.0006570443511009216,0.4826222490519285,0.4816475473344326,-0.0009747017174959183,0.8002146445214748,0.8004539534449577,0.0002393089234828949,False
2,RIM_ONE_r3->Drishti_GS,11,C3,0.001,2.4762988090515137,0.14796866476535797,0.021059323102235794,0.005831980146467686,0.005663853604346514,0.1716611534357071,0.11144210398197174,0.06594929681159556,0.9340507031884044,0.7239722646772861,0.7252077776938677,0.0012355130165815353,0.654722522944212,0.6541217193007469,-0.0006008036434650421,0.4826222490519285,0.4816890452057123,-0.0009332038462162018,0.8002146445214748,0.8004384264349937,0.00022378191351890564,False
2,RIM_ONE_r3->Drishti_GS,11,C4,0.001,1.927997350692749,0.26995909214019775,0.021059323102235794,0.005831980146467686,0.005663853604346514,0.1716611534357071,0.11144210398197174,0.06594929681159556,0.9340507031884044,0.7239722646772861,0.7239870298653841,1.4765188097953796e-05,0.654722522944212,0.6547733470797539,5.0824135541915894e-05,0.4826222490519285,0.48225912638008595,-0.0003631226718425751,0.8002146445214748,0.8002465441823006,3.189966082572937e-05,False
2,RIM_ONE_r3->Drishti_GS,11,C5,0.001,1.4256393909454346,0.2758435308933258,0.021059323102235794,0.005831980146467686,0.005663853604346514,0.1716611534357071,0.11144210398197174,0.06594929681159556,0.9340507031884044,0.7239722646772861,0.7231990750879049,-0.000773189589381218,0.654722522944212,0.655252106487751,0.0005295835435390472,0.4826222490519285,0.48113455064594746,-0.0014876984059810638,0.8002146445214748,0.8006446473300457,0.0004300028085708618,False
2,RIM_ONE_r3->Drishti_GS,12,C0,0.001,1.16457200050354,0.03578318655490875,0.01910632662475109,0.008704193867743015,0.007972665131092072,0.27023249864578247,0.17997455596923828,0.06594929681159556,0.9340507031884044,0.7239722646772861,0.7250996176153421,0.0011273529380559921,0.654722522944212,0.6544978059828281,-0.00022471696138381958,0.4826222490519285,0.47805945202708244,-0.004562797024846077,0.8002146445214748,0.8018064871430397,0.0015918426215648651,False
2,RIM_ONE_r3->Drishti_GS,12,C1,0.001,1.039154052734375,0.05360483005642891,0.01910632662475109,0.008704193867743015,0.007972665131092072,0.27023249864578247,0.17997455596923828,0.06594929681159556,0.9340507031884044,0.7239722646772861,0.7253043819218874,0.0013321172446012497,0.654722522944212,0.6543743014335632,-0.0003482215106487274,0.4826222490519285,0.47873922251164913,-0.0038830265402793884,0.8002146445214748,0.8015556745231152,0.0013410300016403198,False
2,RIM_ONE_r3->Drishti_GS,12,C2,0.001,3.8902053833007812,0.20388853549957275,0.01910632662475109,0.008704193867743015,0.007972665131092072,0.27023249864578247,0.17997455596923828,0.06594929681159556,0.9340507031884044,0.7239722646772861,0.7256611585617065,0.001688893884420395,0.654722522944212,0.6539464704692364,-0.0007760524749755859,0.4826222490519285,0.47990971244871616,-0.0027125366032123566,0.8002146445214748,0.8010663688182831,0.0008517242968082428,False
2,RIM_ONE_r3->Drishti_GS,12,C3,0.001,3.8607985973358154,0.2217101752758026,0.01910632662475109,0.008704193867743015,0.007972665131092072,0.27023249864578247,0.17997455596923828,0.06594929681159556,0.9340507031884044,0.7239722646772861,0.7256975434720516,0.0017252787947654724,0.654722522944212,0.6539131924510002,-0.0008093304932117462,0.4826222490519285,0.48022159934043884,-0.0024006497114896774,0.8002146445214748,0.8009545877575874,0.0007399432361125946,False
2,RIM_ONE_r3->Drishti_GS,12,C4,0.001,3.1963274478912354,0.35560864210128784,0.01910632662475109,0.008704193867743015,0.007972665131092072,0.27023249864578247,0.17997455596923828,0.06594929681159556,0.9340507031884044,0.7239722646772861,0.725480642169714,0.001508377492427826,0.654722522944212,0.6538796648383141,-0.0008428581058979034,0.4826222490519285,0.48335821367800236,0.0007359646260738373,0.8002146445214748,0.7998380772769451,-0.0003765672445297241,False
2,RIM_ONE_r3->Drishti_GS,12,C5,0.001,2.254152297973633,0.3575367331504822,0.01910632662475109,0.008704193867743015,0.007972665131092072,0.27023249864578247,0.17997455596923828,0.06594929681159556,0.9340507031884044,0.7239722646772861,0.7258548233658075,0.0018825586885213852,0.654722522944212,0.6537496671080589,-0.0009728558361530304,0.4826222490519285,0.48199316672980785,-0.0006290823221206665,0.8002146445214748,0.8002971224486828,8.247792720794678e-05,False
2,RIM_ONE_r3->Drishti_GS,13,C0,0.001,0.41297879815101624,0.03155125677585602,0.019012076780200005,0.006358882412314415,0.006180296652019024,0.17321930825710297,0.15943244099617004,0.06594929681159556,0.9340507031884044,0.7239722646772861,0.7248905431479216,0.0009182784706354141,0.654722522944212,0.6547227427363396,2.1979212760925293e-07,0.4826222490519285,0.48025854118168354,-0.00236370787024498,0.8002146445214748,0.8010347411036491,0.0008200965821743011,False
2,RIM_ONE_r3->Drishti_GS,13,C1,0.001,0.40932831168174744,0.04297494888305664,0.019012076780200005,0.006358882412314415,0.006180296652019024,0.17321930825710297,0.15943244099617004,0.06594929681159556,0.9340507031884044,0.7239722646772861,0.72408751770854,0.0001152530312538147,0.654722522944212,0.6550535336136818,0.0003310106694698334,0.4826222490519285,0.48115813359618187,-0.0014641154557466507,0.8002146445214748,0.8007628284394741,0.0005481839179992676,False
2,RIM_ONE_r3->Drishti_GS,13,C2,0.001,2.0360074043273926,0.18046922981739044,0.019012076780200005,0.006358882412314415,0.006180296652019024,0.17321930825710297,0.15943244099617004,0.06594929681159556,0.9340507031884044,0.7239722646772861,0.7261807471513748,0.002208482474088669,0.654722522944212,0.6536292508244514,-0.0010932721197605133,0.4826222490519285,0.4829294104129076,0.0003071613609790802,0.8002146445214748,0.7999535128474236,-0.0002611316740512848,False
2,RIM_ONE_r3->Drishti_GS,13,C3,0.001,2.0215063095092773,0.19189292192459106,0.019012076780200005,0.006358882412314415,0.006180296652019024,0.17321930825710297,0.15943244099617004,0.06594929681159556,0.9340507031884044,0.7239722646772861,0.7260291706770658,0.0020569059997797012,0.654722522944212,0.6536906771361828,-0.0010318458080291748,0.4826222490519285,0.4831429738551378,0.0005207248032093048,0.8002146445214748,0.7998838797211647,-0.0003307648003101349,False
2,RIM_ONE_r3->Drishti_GS,13,C4,0.001,1.9152354001998901,0.2932417392730713,0.019012076780200005,0.006358882412314415,0.006180296652019024,0.17321930825710297,0.15943244099617004,0.06594929681159556,0.9340507031884044,0.7239722646772861,0.7252123784273863,0.0012401137501001358,0.654722522944212,0.653882771730423,-0.0008397512137889862,0.4826222490519285,0.4858629070222378,0.0032406579703092575,0.8002146445214748,0.7989546470344067,-0.0012599974870681763,False
2,RIM_ONE_r3->Drishti_GS,13,C5,0.001,1.326503038406372,0.3050161302089691,0.019012076780200005,0.006358882412314415,0.006180296652019024,0.17321930825710297,0.15943244099617004,0.06594929681159556,0.9340507031884044,0.7239722646772861,0.7248730398714542,0.0009007751941680908,0.654722522944212,0.6542112901806831,-0.0005112327635288239,0.4826222490519285,0.48284875229001045,0.00022650323808193207,0.8002146445214748,0.8000384867191315,-0.00017615780234336853,False
2,RIM_ONE_r3->Drishti_GS,14,C0,0.001,0.35958367586135864,0.0346263162791729,0.01863006129860878,0.006501113995909691,0.009495140984654427,0.2508298456668854,0.2045564353466034,0.06594929681159556,0.9340507031884044,0.7239722646772861,0.7239123862236738,-5.9878453612327576e-05,0.654722522944212,0.6545789390802383,-0.00014358386397361755,0.4826222490519285,0.4819142147898674,-0.0007080342620611191,0.8002146445214748,0.8004026189446449,0.00018797442317008972,False
2,RIM_ONE_r3->Drishti_GS,14,C1,0.001,0.3616953194141388,0.05116836726665497,0.01863006129860878,0.006501113995909691,0.009495140984654427,0.2508298456668854,0.2045564353466034,0.06594929681159556,0.9340507031884044,0.7239722646772861,0.7226475588977337,-0.0013247057795524597,0.654722522944212,0.6551781445741653,0.0004556216299533844,0.4826222490519285,0.4826531521975994,3.090314567089081e-05,0.8002146445214748,0.8002007678151131,-1.387670636177063e-05,False
2,RIM_ONE_r3->Drishti_GS,14,C2,0.001,5.050386905670166,0.22569239139556885,0.01863006129860878,0.006501113995909691,0.009495140984654427,0.2508298456668854,0.2045564353466034,0.06594929681159556,0.9340507031884044,0.7239722646772861,0.7239727135747671,4.4889748096466064e-07,0.654722522944212,0.6548937112092972,0.00017118826508522034,0.4826222490519285,0.47854681871831417,-0.004075430333614349,0.8002146445214748,0.8016156405210495,0.0014009959995746613,False
2,RIM_ONE_r3->Drishti_GS,14,C3,0.001,5.037910461425781,0.24223443865776062,0.01863006129860878,0.006501113995909691,0.009495140984654427,0.2508298456668854,0.2045564353466034,0.06594929681159556,0.9340507031884044,0.7239722646772861,0.7238811515271664,-9.11131501197815e-05,0.654722522944212,0.6549368910491467,0.00021436810493469238,0.4826222490519285,0.47859792225062847,-0.004024326801300049,0.8002146445214748,0.8016011193394661,0.0013864748179912567,False
2,RIM_ONE_r3->Drishti_GS,14,C4,0.001,4.508231163024902,0.3482666015625,0.01863006129860878,0.006501113995909691,0.009495140984654427,0.2508298456668854,0.2045564353466034,0.06594929681159556,0.9340507031884044,0.7239722646772861,0.7232297547161579,-0.0007425099611282349,0.654722522944212,0.6552102230489254,0.00048770010471343994,0.4826222490519285,0.47934679314494133,-0.0032754559069871902,0.8002146445214748,0.8013635091483593,0.0011488646268844604,False
2,RIM_ONE_r3->Drishti_GS,14,C5,0.001,2.9388482570648193,0.3542231023311615,0.01863006129860878,0.006501113995909691,0.009495140984654427,0.2508298456668854,0.2045564353466034,0.06594929681159556,0.9340507031884044,0.7239722646772861,0.7233823928982019,-0.0005898717790842056,0.654722522944212,0.655101340264082,0.0003788173198699951,0.4826222490519285,0.47921003960072994,-0.003412209451198578,0.8002146445214748,0.8013746030628681,0.00115995854139328,False
2,RIM_ONE_r3->Drishti_GS,15,C0,0.001,0.4202689826488495,0.026600569486618042,0.016306499019265175,0.005143205635249615,0.005150864832103252,0.15388920903205872,0.1211000382900238,0.06594929681159556,0.9340507031884044,0.7239722646772861,0.7263671047985554,0.002394840121269226,0.654722522944212,0.6531236059963703,-0.0015989169478416443,0.4826222490519285,0.4862423278391361,0.0036200787872076035,0.8002146445214748,0.7988847717642784,-0.0013298727571964264,False
2,RIM_ONE_r3->Drishti_GS,15,C1,0.001,0.4382210969924927,0.0367494560778141,0.016306499019265175,0.005143205635249615,0.005150864832103252,0.15388920903205872,0.1211000382900238,0.06594929681159556,0.9340507031884044,0.7239722646772861,0.72575912065804,0.0017868559807538986,0.654722522944212,0.6534040309488773,-0.0013184919953346252,0.4826222490519285,0.4870873875916004,0.004465138539671898,0.8002146445214748,0.7985984832048416,-0.0016161613166332245,False
2,RIM_ONE_r3->Drishti_GS,15,C2,0.001,2.2524187564849854,0.13971415162086487,0.016306499019265175,0.005143205635249615,0.005150864832103252,0.15388920903205872,0.1211000382900238,0.06594929681159556,0.9340507031884044,0.7239722646772861,0.72566101513803,0.0016887504607439041,0.654722522944212,0.6539200097322464,-0.0008025132119655609,0.4826222490519285,0.48134355060756207,-0.001278698444366455,0.8002146445214748,0.8006415031850338,0.00042685866355895996,False
2,RIM_ONE_r3->Drishti_GS,15,C3,0.001,2.2260913848876953,0.14986303448677063,0.016306499019265175,0.005143205635249615,0.005150864832103252,0.15388920903205872,0.1211000382900238,0.06594929681159556,0.9340507031884044,0.7239722646772861,0.7255734819918871,0.0016012173146009445,0.654722522944212,0.6539558134973049,-0.0007667094469070435,0.4826222490519285,0.48151716589927673,-0.0011050831526517868,0.8002146445214748,0.8005836382508278,0.00036899372935295105,False
2,RIM_ONE_r3->Drishti_GS,15,C4,0.001,1.865944266319275,0.2619251608848572,0.016306499019265175,0.005143205635249615,0.005150864832103252,0.15388920903205872,0.1211000382900238,0.06594929681159556,0.9340507031884044,0.7239722646772861,0.7247155085206032,0.0007432438433170319,0.654722522944212,0.6541373208165169,-0.0005852021276950836,0.4826222490519285,0.484511099755764,0.0018888507038354874,0.8002146445214748,0.7995322570204735,-0.000682387501001358,False
2,RIM_ONE_r3->Drishti_GS,15,C5,0.001,1.50009024143219,0.27990293502807617,0.016306499019265175,0.005143205635249615,0.005150864832103252,0.15388920903205872,0.1211000382900238,0.06594929681159556,0.9340507031884044,0.7239722646772861,0.7249312493950129,0.0009589847177267075,0.654722522944212,0.6540295593440533,-0.0006929636001586914,0.4826222490519285,0.48388825356960297,0.001266004517674446,0.8002146445214748,0.7996917888522148,-0.000522855669260025,False
2,RIM_ONE_r3->Drishti_GS,16,C0,0.001,0.7484932541847229,0.03630027547478676,0.019693972542881966,0.011135836131870747,0.0054704672656953335,0.23714733123779297,0.17447927594184875,0.06594929681159556,0.9340507031884044,0.7239722646772861,0.7276217229664326,0.0036494582891464233,0.654722522944212,0.6528406701982021,-0.0018818527460098267,0.4826222490519285,0.4828460142016411,0.00022376514971256256,0.8002146445214748,0.8002168759703636,2.2314488887786865e-06,False
2,RIM_ONE_r3->Drishti_GS,16,C1,0.001,0.6156739592552185,0.05193997547030449,0.019693972542881966,0.011135836131870747,0.0054704672656953335,0.23714733123779297,0.17447927594184875,0.06594929681159556,0.9340507031884044,0.7239722646772861,0.7261839639395475,0.0022116992622613907,0.654722522944212,0.6536312289535999,-0.00109129399061203,0.4826222490519285,0.4819262716919184,-0.0006959773600101471,0.8002146445214748,0.800617441534996,0.00040279701352119446,False
2,RIM_ONE_r3->Drishti_GS,16,C2,0.001,3.4805779457092285,0.1992727518081665,0.019693972542881966,0.011135836131870747,0.0054704672656953335,0.23714733123779297,0.17447927594184875,0.06594929681159556,0.9340507031884044,0.7239722646772861,0.7249831296503544,0.0010108649730682373,0.654722522944212,0.6544888094067574,-0.0002337135374546051,0.4826222490519285,0.478473674505949,-0.0041485745459795,0.8002146445214748,0.8016806617379189,0.0014660172164440155,False
2,RIM_ONE_r3->Drishti_GS,16,C3,0.001,3.529000759124756,0.21491245925426483,0.019693972542881966,0.011135836131870747,0.0054704672656953335,0.23714733123779297,0.17447927594184875,0.06594929681159556,0.9340507031884044,0.7239722646772861,0.7245804108679295,0.0006081461906433105,0.654722522944212,0.6547027789056301,-1.9744038581848145e-05,0.4826222490519285,0.47836530953645706,-0.0042569395154714584,0.8002146445214748,0.8017283044755459,0.001513659954071045,False
2,RIM_ONE_r3->Drishti_GS,16,C4,0.001,3.0650382041931152,0.3178061842918396,0.019693972542881966,0.011135836131870747,0.0054704672656953335,0.23714733123779297,0.17447927594184875,0.06594929681159556,0.9340507031884044,0.7239722646772861,0.7229092605412006,-0.0010630041360855103,0.654722522944212,0.6554533652961254,0.0007308423519134521,0.4826222490519285,0.4788678456097841,-0.003754403442144394,0.8002146445214748,0.801588449627161,0.0013738051056861877,False
2,RIM_ONE_r3->Drishti_GS,16,C5,0.001,2.396277666091919,0.3282451927661896,0.019693972542881966,0.011135836131870747,0.0054704672656953335,0.23714733123779297,0.17447927594184875,0.06594929681159556,0.9340507031884044,0.7239722646772861,0.7231015115976334,-0.0008707530796527863,0.654722522944212,0.6553880125284195,0.0006654895842075348,0.4826222490519285,0.4782513529062271,-0.004370896145701408,0.8002146445214748,0.8018056601285934,0.0015910156071186066,False
2,RIM_ONE_r3->Drishti_GS,17,C0,0.001,0.5330081582069397,0.03323270007967949,0.018405456095933914,0.008286641910672188,0.0065406011417508125,0.24020174145698547,0.1659209132194519,0.06594929681159556,0.9340507031884044,0.7239722646772861,0.722775561735034,-0.0011967029422521591,0.654722522944212,0.6548460945487022,0.00012357160449028015,0.4826222490519285,0.4872089885175228,0.004586739465594292,0.8002146445214748,0.7986905239522457,-0.001524120569229126,False
2,RIM_ONE_r3->Drishti_GS,17,C1,0.001,0.5897229313850403,0.04907383769750595,0.018405456095933914,0.008286641910672188,0.0065406011417508125,0.24020174145698547,0.1659209132194519,0.06594929681159556,0.9340507031884044,0.7239722646772861,0.7216880675405264,-0.002284197136759758,0.654722522944212,0.6554080955684185,0.000685572624206543,0.4826222490519285,0.4861758053302765,0.003553556278347969,0.8002146445214748,0.79910047352314,-0.0011141709983348846,False
2,RIM_ONE_r3->Drishti_GS,17,C2,0.001,4.565124988555908,0.18821124732494354,0.018405456095933914,0.008286641910672188,0.0065406011417508125,0.24020174145698547,0.1659209132194519,0.06594929681159556,0.9340507031884044,0.7239722646772861,0.724626924842596,0.000654660165309906,0.654722522944212,0.6544998660683632,-0.00022265687584877014,0.4826222490519285,0.48039049841463566,-0.002231750637292862,0.8002146445214748,0.801065843552351,0.0008511990308761597,False
2,RIM_ONE_r3->Drishti_GS,17,C3,0.001,4.598846912384033,0.2040523886680603,0.018405456095933914,0.008286641910672188,0.0065406011417508125,0.24020174145698547,0.1659209132194519,0.06594929681159556,0.9340507031884044,0.7239722646772861,0.7244741171598434,0.0005018524825572968,0.654722522944212,0.6545717567205429,-0.00015076622366905212,0.4826222490519285,0.4803345985710621,-0.002287650480866432,0.8002146445214748,0.8010893315076828,0.000874686986207962,False
2,RIM_ONE_r3->Drishti_GS,17,C4,0.001,4.540512561798096,0.32010847330093384,0.018405456095933914,0.008286641910672188,0.0065406011417508125,0.24020174145698547,0.1659209132194519,0.06594929681159556,0.9340507031884044,0.7239722646772861,0.7239723205566406,5.587935447692871e-08,0.654722522944212,0.6546245738863945,-9.79490578174591e-05,0.4826222490519285,0.4821943175047636,-0.000427931547164917,0.8002146445214748,0.8004458695650101,0.00023122504353523254,False
2,RIM_ONE_r3->Drishti_GS,17,C5,0.001,2.783756732940674,0.330200731754303,0.018405456095933914,0.008286641910672188,0.0065406011417508125,0.24020174145698547,0.1659209132194519,0.06594929681159556,0.9340507031884044,0.7239722646772861,0.7238866370171309,-8.562766015529633e-05,0.654722522944212,0.6547243110835552,1.7881393432617188e-06,0.4826222490519285,0.48088232055306435,-0.0017399284988641739,0.8002146445214748,0.800896380096674,0.0006817355751991272,False
2,RIM_ONE_r3->Drishti_GS,18,C0,0.001,0.3846525251865387,0.03233758360147476,0.01905013620853424,0.005800147540867329,0.007487301714718342,0.2903655469417572,0.18194612860679626,0.06594929681159556,0.9340507031884044,0.7239722646772861,0.7234098501503468,-0.0005624145269393921,0.654722522944212,0.6548314616084099,0.00010893866419792175,0.4826222490519285,0.4846023693680763,0.0019801203161478043,0.8002146445214748,0.7996115237474442,-0.0006031207740306854,False
2,RIM_ONE_r3->Drishti_GS,18,C1,0.001,0.48921701312065125,0.05148698762059212,0.01905013620853424,0.005800147540867329,0.007487301714718342,0.2903655469417572,0.18194612860679626,0.06594929681159556,0.9340507031884044,0.7239722646772861,0.7231951467692852,-0.000777117908000946,0.654722522944212,0.6548122502863407,8.972734212875366e-05,0.4826222490519285,0.4867232143878937,0.0041009653359651566,0.8002146445214748,0.7988391183316708,-0.0013755261898040771,False
2,RIM_ONE_r3->Drishti_GS,18,C2,0.001,7.155762672424316,0.20228448510169983,0.01905013620853424,0.005800147540867329,0.007487301714718342,0.2903655469417572,0.18194612860679626,0.06594929681159556,0.9340507031884044,0.7239722646772861,0.7230858281254768,-0.0008864365518093109,0.654722522944212,0.6554719433188438,0.0007494203746318817,0.4826222490519285,0.4772117901593447,-0.005410458892583847,0.8002146445214748,0.8021467812359333,0.0019321367144584656,False
2,RIM_ONE_r3->Drishti_GS,18,C3,0.001,7.00710391998291,0.22143389284610748,0.01905013620853424,0.005800147540867329,0.007487301714718342,0.2903655469417572,0.18194612860679626,0.06594929681159556,0.9340507031884044,0.7239722646772861,0.7230488453060389,-0.0009234193712472916,0.654722522944212,0.6554856076836586,0.00076308473944664,0.4826222490519285,0.47726362384855747,-0.005358625203371048,0.8002146445214748,0.802129715681076,0.0019150711596012115,False
2,RIM_ONE_r3->Drishti_GS,18,C4,0.001,3.318044424057007,0.36714857816696167,0.01905013620853424,0.005800147540867329,0.007487301714718342,0.2903655469417572,0.18194612860679626,0.06594929681159556,0.9340507031884044,0.7239722646772861,0.7228997349739075,-0.0010725297033786774,0.654722522944212,0.655424427241087,0.000701904296875,0.4826222490519285,0.47844086587429047,-0.004181383177638054,0.8002146445214748,0.8017153106629848,0.0015006661415100098,False
2,RIM_ONE_r3->Drishti_GS,18,C5,0.001,3.233599901199341,0.3628353476524353,0.01905013620853424,0.005800147540867329,0.007487301714718342,0.2903655469417572,0.18194612860679626,0.06594929681159556,0.9340507031884044,0.7239722646772861,0.722778644412756,-0.0011936202645301819,0.654722522944212,0.6555366143584251,0.0008140914142131805,0.4826222490519285,0.47788533940911293,-0.00473690964281559,0.8002146445214748,0.8019106462597847,0.0016960017383098602,False
2,RIM_ONE_r3->Drishti_GS,19,C0,0.001,0.8361714482307434,0.039987049996852875,0.019001925364136696,0.015280033461749554,0.005705093964934349,0.20769235491752625,0.11437782645225525,0.06594929681159556,0.9340507031884044,0.7239722646772861,0.7219093535095453,-0.002062911167740822,0.654722522944212,0.6553735435009003,0.0006510205566883087,0.4826222490519285,0.48545215651392937,0.002829907462000847,0.8002146445214748,0.7992532253265381,-0.0009614191949367523,False
2,RIM_ONE_r3->Drishti_GS,19,C1,0.001,0.8348106145858765,0.05368421599268913,0.019001925364136696,0.015280033461749554,0.005705093964934349,0.20769235491752625,0.11437782645225525,0.06594929681159556,0.9340507031884044,0.7239722646772861,0.7217224333435297,-0.002249831333756447,0.654722522944212,0.6554771587252617,0.0007546357810497284,0.4826222490519285,0.4854545537382364,0.002832304686307907,0.8002146445214748,0.7992571890354156,-0.0009574554860591888,False
2,RIM_ONE_r3->Drishti_GS,19,C2,0.001,1.4191845655441284,0.1468217372894287,0.019001925364136696,0.015280033461749554,0.005705093964934349,0.20769235491752625,0.11437782645225525,0.06594929681159556,0.9340507031884044,0.7239722646772861,0.7246071454137564,0.0006348807364702225,0.654722522944212,0.6541792042553425,-0.0005433186888694763,0.4826222490519285,0.48389426432549953,0.0012720152735710144,0.8002146445214748,0.7997252270579338,-0.0004894174635410309,False
2,RIM_ONE_r3->Drishti_GS,19,C3,0.001,1.4464612007141113,0.16051889955997467,0.019001925364136696,0.015280033461749554,0.005705093964934349,0.20769235491752625,0.11437782645225525,0.06594929681159556,0.9340507031884044,0.7239722646772861,0.7245022226125002,0.0005299579352140427,0.654722522944212,0.6542381830513477,-0.0004843398928642273,0.4826222490519285,0.4838628936558962,0.0012406446039676666,0.8002146445214748,0.799738522619009,-0.0004761219024658203,False
2,RIM_ONE_r3->Drishti_GS,19,C4,0.001,1.2906004190444946,0.28594982624053955,0.019001925364136696,0.015280033461749554,0.005705093964934349,0.20769235491752625,0.11437782645225525,0.06594929681159556,0.9340507031884044,0.7239722646772861,0.7231387924402952,-0.0008334722369909286,0.654722522944212,0.6548527777194977,0.00013025477528572083,0.4826222490519285,0.48447084054350853,0.0018485914915800095,0.8002146445214748,0.7995460443198681,-0.0006686002016067505,False
2,RIM_ONE_r3->Drishti_GS,19,C5,0.001,1.1445022821426392,0.28942033648490906,0.019001925364136696,0.015280033461749554,0.005705093964934349,0.20769235491752625,0.11437782645225525,0.06594929681159556,0.9340507031884044,0.7239722646772861,0.7228256668895483,-0.0011465977877378464,0.654722522944212,0.6549841314554214,0.0002616085112094879,0.4826222490519285,0.4842960014939308,0.0016737524420022964,0.8002146445214748,0.7996240556240082,-0.0005905888974666595,False
2,RIM_ONE_r3->Drishti_GS,20,C0,0.001,0.5219441652297974,0.029139449819922447,0.016971802338957787,0.005491431802511215,0.0066762156784534454,0.21867874264717102,0.15062783658504486,0.06594929681159556,0.9340507031884044,0.7239722646772861,0.7236123997718096,-0.00035986490547657013,0.654722522944212,0.65475719794631,3.4675002098083496e-05,0.4826222490519285,0.48108358681201935,-0.001538662239909172,0.8002146445214748,0.8007584735751152,0.0005438290536403656,False
2,RIM_ONE_r3->Drishti_GS,20,C1,0.001,0.5112322568893433,0.04356116056442261,0.016971802338957787,0.005491431802511215,0.0066762156784534454,0.21867874264717102,0.15062783658504486,0.06594929681159556,0.9340507031884044,0.7239722646772861,0.7236979249864817,-0.0002743396908044815,0.654722522944212,0.654476348310709,-0.0002461746335029602,0.4826222490519285,0.4844034966081381,0.0017812475562095642,0.8002146445214748,0.7996048405766487,-0.0006098039448261261,False
2,RIM_ONE_r3->Drishti_GS,20,C2,0.001,3.324021816253662,0.1698334813117981,0.016971802338957787,0.005491431802511215,0.0066762156784534454,0.21867874264717102,0.15062783658504486,0.06594929681159556,0.9340507031884044,0.7239722646772861,0.7258041519671679,0.0018318872898817062,0.654722522944212,0.6537648737430573,-0.0009576492011547089,0.4826222490519285,0.4814292658120394,-0.001192983239889145,0.8002146445214748,0.8005542308092117,0.0003395862877368927,False
2,RIM_ONE_r3->Drishti_GS,20,C3,0.001,3.326162099838257,0.1842551976442337,0.016971802338957787,0.005491431802511215,0.0066762156784534454,0.21867874264717102,0.15062783658504486,0.06594929681159556,0.9340507031884044,0.7239722646772861,0.7258044984191656,0.0018322337418794632,0.654722522944212,0.6537305004894733,-0.000992022454738617,0.4826222490519285,0.48195312917232513,-0.0006691198796033859,0.8002146445214748,0.8003719300031662,0.00015728548169136047,False
2,RIM_ONE_r3->Drishti_GS,20,C4,0.001,2.8739681243896484,0.31680187582969666,0.016971802338957787,0.005491431802511215,0.0066762156784534454,0.21867874264717102,0.15062783658504486,0.06594929681159556,0.9340507031884044,0.7239722646772861,0.7253657672554255,0.0013935025781393051,0.654722522944212,0.6537181511521339,-0.0010043717920780182,0.4826222490519285,0.4846709556877613,0.0020487066358327866,0.8002146445214748,0.7994627133011818,-0.000751931220293045,False
2,RIM_ONE_r3->Drishti_GS,20,C5,0.001,1.9083691835403442,0.3345491588115692,0.016971802338957787,0.005491431802511215,0.0066762156784534454,0.21867874264717102,0.15062783658504486,0.06594929681159556,0.9340507031884044,0.7239722646772861,0.7254852280020714,0.0015129633247852325,0.654722522944212,0.6536124385893345,-0.001110084354877472,0.4826222490519285,0.4847478047013283,0.0021255556493997574,0.8002146445214748,0.79940539970994,-0.0008092448115348816,False
2,RIM_ONE_r3->Drishti_GS,21,C0,0.001,1.0248043537139893,0.03728358447551727,0.02111365646123886,0.009990387596189976,0.006179541815072298,0.13268102705478668,0.1133134514093399,0.06594929681159556,0.9340507031884044,0.7239722646772861,0.7256339862942696,0.0016617216169834137,0.654722522944212,0.6541037820279598,-0.0006187409162521362,0.4826222490519285,0.4811288546770811,-0.0014933943748474121,0.8002146445214748,0.8007297925651073,0.0005151480436325073,False
2,RIM_ONE_r3->Drishti_GS,21,C1,0.001,0.8307837247848511,0.04603380709886551,0.02111365646123886,0.009990387596189976,0.006179541815072298,0.13268102705478668,0.1133134514093399,0.06594929681159556,0.9340507031884044,0.7239722646772861,0.7251774296164513,0.0012051649391651154,0.654722522944212,0.6543530896306038,-0.00036943331360816956,0.4826222490519285,0.48131232522428036,-0.0013099238276481628,0.8002146445214748,0.8006832152605057,0.000468570739030838,False
2,RIM_ONE_r3->Drishti_GS,21,C2,0.001,2.3571054935455322,0.14312408864498138,0.02111365646123886,0.009990387596189976,0.006179541815072298,0.13268102705478668,0.1133134514093399,0.06594929681159556,0.9340507031884044,0.7239722646772861,0.7225641179829836,-0.001408146694302559,0.654722522944212,0.6553807631134987,0.0006582401692867279,0.4826222490519285,0.4842169862240553,0.00159473717212677,0.8002146445214748,0.7996778786182404,-0.0005367659032344818,False
2,RIM_ONE_r3->Drishti_GS,21,C3,0.001,2.57369065284729,0.15187430381774902,0.02111365646123886,0.009990387596189976,0.006179541815072298,0.13268102705478668,0.1133134514093399,0.06594929681159556,0.9340507031884044,0.7239722646772861,0.7224403619766235,-0.001531902700662613,0.654722522944212,0.6554364487528801,0.0007139258086681366,0.4826222490519285,0.48424525372684,0.001623004674911499,0.8002146445214748,0.7996730245649815,-0.0005416199564933777,False
2,RIM_ONE_r3->Drishti_GS,21,C4,0.001,3.792038917541504,0.26417049765586853,0.02111365646123886,0.009990387596189976,0.006179541815072298,0.13268102705478668,0.1133134514093399,0.06594929681159556,0.9340507031884044,0.7239722646772861,0.7219515051692724,-0.0020207595080137253,0.654722522944212,0.6556364372372627,0.000913914293050766,0.4826222490519285,0.4842823948711157,0.0016601458191871643,0.8002146445214748,0.7996752709150314,-0.0005393736064434052,False
2,RIM_ONE_r3->Drishti_GS,21,C5,0.001,1.9072848558425903,0.2850358486175537,0.02111365646123886,0.009990387596189976,0.006179541815072298,0.13268102705478668,0.1133134514093399,0.06594929681159556,0.9340507031884044,0.7239722646772861,0.7220423799008131,-0.0019298847764730453,0.654722522944212,0.6556886546313763,0.0009661316871643066,0.4826222490519285,0.48359477892518044,0.000972529873251915,0.8002146445214748,0.7999322712421417,-0.0002823732793331146,False
2,RIM_ONE_r3->Drishti_GS,22,C0,0.001,0.34427592158317566,0.030196692794561386,0.018546558916568756,0.005884794984012842,0.0057653384283185005,0.1734911948442459,0.12082794308662415,0.06594929681159556,0.9340507031884044,0.7239722646772861,0.7221153844147921,-0.0018568802624940872,0.654722522944212,0.6559357307851315,0.0012132078409194946,0.4826222490519285,0.4800274632871151,-0.002594785764813423,0.8002146445214748,0.8011600077152252,0.0009453631937503815,False
2,RIM_ONE_r3->Drishti_GS,22,C1,0.001,0.36522695422172546,0.041638314723968506,0.018546558916568756,0.005884794984012842,0.0057653384283185005,0.1734911948442459,0.12082794308662415,0.06594929681159556,0.9340507031884044,0.7239722646772861,0.7213534489274025,-0.0026188157498836517,0.654722522944212,0.65632189437747,0.0015993714332580566,0.4826222490519285,0.4807479288429022,-0.0018743202090263367,0.8002146445214748,0.8009112104773521,0.0006965659558773041,False
2,RIM_ONE_r3->Drishti_GS,22,C2,0.001,2.942526340484619,0.14305610954761505,0.018546558916568756,0.005884794984012842,0.0057653384283185005,0.1734911948442459,0.12082794308662415,0.06594929681159556,0.9340507031884044,0.7239722646772861,0.7231310252100229,-0.0008412394672632217,0.654722522944212,0.6553281992673874,0.0006056763231754303,0.4826222490519285,0.47994865104556084,-0.0026735980063676834,0.8002146445214748,0.8012278787791729,0.001013234257698059,False
2,RIM_ONE_r3->Drishti_GS,22,C3,0.001,2.9604837894439697,0.15449774265289307,0.018546558916568756,0.005884794984012842,0.0057653384283185005,0.1734911948442459,0.12082794308662415,0.06594929681159556,0.9340507031884044,0.7239722646772861,0.7230282370001078,-0.0009440276771783829,0.654722522944212,0.6553814634680748,0.0006589405238628387,0.4826222490519285,0.480042127892375,-0.002580121159553528,0.8002146445214748,0.8011940456926823,0.000979401171207428,False
2,RIM_ONE_r3->Drishti_GS,22,C4,0.001,3.1347599029541016,0.27377986907958984,0.018546558916568756,0.005884794984012842,0.0057653384283185005,0.1734911948442459,0.12082794308662415,0.06594929681159556,0.9340507031884044,0.7239722646772861,0.722076766192913,-0.0018954984843730927,0.654722522944212,0.655882939696312,0.0011604167520999908,0.4826222490519285,0.48050716519355774,-0.002115083858370781,0.8002146445214748,0.801059901714325,0.0008452571928501129,False
2,RIM_ONE_r3->Drishti_GS,22,C5,0.001,1.952008843421936,0.2777096927165985,0.018546558916568756,0.005884794984012842,0.0057653384283185005,0.1734911948442459,0.12082794308662415,0.06594929681159556,0.9340507031884044,0.7239722646772861,0.7216333169490099,-0.0023389477282762527,0.654722522944212,0.6561111807823181,0.0013886578381061554,0.4826222490519285,0.480143329128623,-0.0024789199233055115,0.8002146445214748,0.8011505007743835,0.0009358562529087067,False
2,RIM_ONE_r3->Drishti_GS,23,C0,0.001,0.553170919418335,0.032965902239084244,0.01905013620853424,0.0052149733528494835,0.00870079081505537,0.2680710554122925,0.15708264708518982,0.06594929681159556,0.9340507031884044,0.7239722646772861,0.7243617344647646,0.00038946978747844696,0.654722522944212,0.6543671861290932,-0.00035533681511878967,0.4826222490519285,0.48719004541635513,0.004567796364426613,0.8002146445214748,0.7986170798540115,-0.0015975646674633026,False
2,RIM_ONE_r3->Drishti_GS,23,C1,0.001,0.7254164814949036,0.050645001232624054,0.01905013620853424,0.0052149733528494835,0.00870079081505537,0.2680710554122925,0.15708264708518982,0.06594929681159556,0.9340507031884044,0.7239722646772861,0.7243410963565111,0.00036883167922496796,0.654722522944212,0.6543351896107197,-0.00038733333349227905,0.4826222490519285,0.4879504479467869,0.00532819889485836,0.8002146445214748,0.7983167096972466,-0.0018979348242282867,False
2,RIM_ONE_r3->Drishti_GS,23,C2,0.001,3.5576250553131104,0.17968904972076416,0.01905013620853424,0.0052149733528494835,0.00870079081505537,0.2680710554122925,0.15708264708518982,0.06594929681159556,0.9340507031884044,0.7239722646772861,0.7257842347025871,0.0018119700253009796,0.654722522944212,0.6536389142274857,-0.001083608716726303,0.4826222490519285,0.484661266207695,0.002039017155766487,0.8002146445214748,0.7993518561124802,-0.0008627884089946747,False
2,RIM_ONE_r3->Drishti_GS,23,C3,0.001,3.695690870285034,0.19736814498901367,0.01905013620853424,0.0052149733528494835,0.00870079081505537,0.2680710554122925,0.15708264708518982,0.06594929681159556,0.9340507031884044,0.7239722646772861,0.7257270980626345,0.00175483338534832,0.654722522944212,0.653658039867878,-0.0010644830763339996,0.4826222490519285,0.48494288697838783,0.0023206379264593124,0.8002146445214748,0.799253586679697,-0.0009610578417778015,False
2,RIM_ONE_r3->Drishti_GS,23,C4,0.001,3.5941884517669678,0.3434855043888092,0.01905013620853424,0.0052149733528494835,0.00870079081505537,0.2680710554122925,0.15708264708518982,0.06594929681159556,0.9340507031884044,0.7239722646772861,0.7249140217900276,0.0009417571127414703,0.654722522944212,0.6540188118815422,-0.000703711062669754,0.4826222490519285,0.48642661049962044,0.0038043614476919174,0.8002146445214748,0.7987452335655689,-0.0014694109559059143,False
2,RIM_ONE_r3->Drishti_GS,23,C5,0.001,2.899364471435547,0.34422165155410767,0.01905013620853424,0.0052149733528494835,0.00870079081505537,0.2680710554122925,0.15708264708518982,0.06594929681159556,0.9340507031884044,0.7239722646772861,0.7252149824053049,0.0012427177280187607,0.654722522944212,0.6538363136351109,-0.0008862093091011047,0.4826222490519285,0.4867226481437683,0.00410039909183979,0.8002146445214748,0.7986229546368122,-0.0015916898846626282,False
2,RIM_ONE_r3->Drishti_GS,24,C0,0.001,0.9180209040641785,0.03746974840760231,0.0192436370998621,0.012102351523935795,0.006123758852481842,0.1700202226638794,0.16677498817443848,0.06594929681159556,0.9340507031884044,0.7239722646772861,0.7224205080419779,-0.0015517566353082657,0.654722522944212,0.6556349694728851,0.000912446528673172,0.4826222490519285,0.4787729997187853,-0.0038492493331432343,0.8002146445214748,0.8016261868178844,0.001411542296409607,False
2,RIM_ONE_r3->Drishti_GS,24,C1,0.001,0.9251390099525452,0.04868246242403984,0.0192436370998621,0.012102351523935795,0.006123758852481842,0.1700202226638794,0.16677498817443848,0.06594929681159556,0.9340507031884044,0.7239722646772861,0.7219349332153797,-0.002037331461906433,0.654722522944212,0.6558476686477661,0.0011251457035541534,0.4826222490519285,0.4791845344007015,-0.0034377146512269974,0.8002146445214748,0.8015081360936165,0.0012934915721416473,False
2,RIM_ONE_r3->Drishti_GS,24,C2,0.001,2.77604079246521,0.1932460367679596,0.0192436370998621,0.012102351523935795,0.006123758852481842,0.1700202226638794,0.16677498817443848,0.06594929681159556,0.9340507031884044,0.7239722646772861,0.7243356611579657,0.000363396480679512,0.654722522944212,0.6547345034778118,1.1980533599853516e-05,0.4826222490519285,0.47800355963408947,-0.00461868941783905,0.8002146445214748,0.8017953857779503,0.0015807412564754486,False
2,RIM_ONE_r3->Drishti_GS,24,C3,0.001,2.716707944869995,0.20445875823497772,0.0192436370998621,0.012102351523935795,0.006123758852481842,0.1700202226638794,0.16677498817443848,0.06594929681159556,0.9340507031884044,0.7239722646772861,0.7241676989942789,0.0001954343169927597,0.654722522944212,0.6548130996525288,9.057670831680298e-05,0.4826222490519285,0.4780404921621084,-0.004581756889820099,0.8002146445214748,0.8017899952828884,0.0015753507614135742,False
2,RIM_ONE_r3->Drishti_GS,24,C4,0.001,1.8275974988937378,0.29906511306762695,0.0192436370998621,0.012102351523935795,0.006123758852481842,0.1700202226638794,0.16677498817443848,0.06594929681159556,0.9340507031884044,0.7239722646772861,0.723465196788311,-0.0005070678889751434,0.654722522944212,0.6549651920795441,0.00024266913533210754,0.4826222490519285,0.47958348877727985,-0.0030387602746486664,0.8002146445214748,0.8012878783047199,0.0010732337832450867,False
2,RIM_ONE_r3->Drishti_GS,24,C5,0.001,1.8645974397659302,0.3131635785102844,0.0192436370998621,0.012102351523935795,0.006123758852481842,0.1700202226638794,0.16677498817443848,0.06594929681159556,0.9340507031884044,0.7239722646772861,0.7226839549839497,-0.0012883096933364868,0.654722522944212,0.6554405242204666,0.0007180012762546539,0.4826222490519285,0.4786074459552765,-0.004014803096652031,0.8002146445214748,0.8016316145658493,0.001416970044374466,False
2,RIM_ONE_r3->Drishti_GS,25,C0,0.001,0.3637715280056,0.030852019786834717,0.015840133652091026,0.008244414813816547,0.006767471320927143,0.24908214807510376,0.21359573304653168,0.06594929681159556,0.9340507031884044,0.7239722646772861,0.7239503059536219,-2.1958723664283752e-05,0.654722522944212,0.6543723754584789,-0.0003501474857330322,0.4826222490519285,0.48642413690686226,0.0038018878549337387,0.8002146445214748,0.7988969087600708,-0.0013177357614040375,False
2,RIM_ONE_r3->Drishti_GS,25,C1,0.001,0.38388776779174805,0.047278814017772675,0.015840133652091026,0.008244414813816547,0.006767471320927143,0.24908214807510376,0.21359573304653168,0.06594929681159556,0.9340507031884044,0.7239722646772861,0.7227367348968983,-0.0012355297803878784,0.654722522944212,0.6549629867076874,0.0002404637634754181,0.4826222490519285,0.486912302672863,0.004290053620934486,0.8002146445214748,0.7987693212926388,-0.0014453232288360596,False
2,RIM_ONE_r3->Drishti_GS,25,C2,0.001,4.905006408691406,0.23036125302314758,0.015840133652091026,0.008244414813816547,0.006767471320927143,0.24908214807510376,0.21359573304653168,0.06594929681159556,0.9340507031884044,0.7239722646772861,0.7243982832878828,0.0004260186105966568,0.654722522944212,0.6545740738511086,-0.0001484490931034088,0.4826222490519285,0.47983522713184357,-0.0027870219200849533,0.8002146445214748,0.8011498525738716,0.0009352080523967743,False
2,RIM_ONE_r3->Drishti_GS,25,C3,0.001,4.897955417633057,0.24678805470466614,0.015840133652091026,0.008244414813816547,0.006767471320927143,0.24908214807510376,0.21359573304653168,0.06594929681159556,0.9340507031884044,0.7239722646772861,0.7242998667061329,0.0003276020288467407,0.654722522944212,0.6546215489506721,-0.00010097399353981018,0.4826222490519285,0.4798779096454382,-0.002744339406490326,0.8002146445214748,0.8011392951011658,0.0009246505796909332,False
2,RIM_ONE_r3->Drishti_GS,25,C4,0.001,4.537206649780273,0.35079294443130493,0.015840133652091026,0.008244414813816547,0.006767471320927143,0.24908214807510376,0.21359573304653168,0.06594929681159556,0.9340507031884044,0.7239722646772861,0.72363599576056,-0.00033626891672611237,0.654722522944212,0.6548890545964241,0.00016653165221214294,0.4826222490519285,0.48076211102306843,-0.0018601380288600922,0.8002146445214748,0.8008492365479469,0.0006345920264720917,False
2,RIM_ONE_r3->Drishti_GS,25,C5,0.001,2.899423837661743,0.35503658652305603,0.015840133652091026,0.008244414813816547,0.006767471320927143,0.24908214807510376,0.21359573304653168,0.06594929681159556,0.9340507031884044,0.7239722646772861,0.7237027399241924,-0.0002695247530937195,0.654722522944212,0.6548370681703091,0.00011454522609710693,0.4826222490519285,0.4806121941655874,-0.002010054886341095,0.8002146445214748,0.8008727803826332,0.000658135861158371,False
2,RIM_ONE_r3->Drishti_GS,26,C0,0.001,0.6354690194129944,0.03390937298536301,0.021523000672459602,0.006842822767794132,0.005543546751141548,0.15546204149723053,0.1352250725030899,0.06594929681159556,0.9340507031884044,0.7239722646772861,0.7264446392655373,0.002472374588251114,0.654722522944212,0.6531632766127586,-0.0015592463314533234,0.4826222490519285,0.4851500242948532,0.0025277752429246902,0.8002146445214748,0.7993328049778938,-0.0008818395435810089,False
2,RIM_ONE_r3->Drishti_GS,26,C1,0.001,0.6240158081054688,0.04416198655962944,0.021523000672459602,0.006842822767794132,0.005543546751141548,0.15546204149723053,0.1352250725030899,0.06594929681159556,0.9340507031884044,0.7239722646772861,0.7261688746511936,0.0021966099739074707,0.654722522944212,0.6532653942704201,-0.0014571286737918854,0.4826222490519285,0.48592596873641014,0.003303719684481621,0.8002146445214748,0.7990633361041546,-0.0011513084173202515,False
2,RIM_ONE_r3->Drishti_GS,26,C2,0.001,2.4049739837646484,0.16021645069122314,0.021523000672459602,0.006842822767794132,0.005543546751141548,0.15546204149723053,0.1352250725030899,0.06594929681159556,0.9340507031884044,0.7239722646772861,0.7260722145438194,0.0020999498665332794,0.654722522944212,0.6536466553807259,-0.0010758675634860992,0.4826222490519285,0.4825632981956005,-5.895085632801056e-05,0.8002146445214748,0.8001546673476696,-5.9977173805236816e-05,False
2,RIM_ONE_r3->Drishti_GS,26,C3,0.001,2.3731954097747803,0.17046906054019928,0.021523000672459602,0.006842822767794132,0.005543546751141548,0.15546204149723053,0.1352250725030899,0.06594929681159556,0.9340507031884044,0.7239722646772861,0.7260149791836739,0.0020427145063877106,0.654722522944212,0.6536671370267868,-0.0010553859174251556,0.4826222490519285,0.4827547241002321,0.00013247504830360413,0.8002146445214748,0.8000862896442413,-0.00012835487723350525,False
2,RIM_ONE_r3->Drishti_GS,26,C4,0.001,1.7122961282730103,0.2768772840499878,0.021523000672459602,0.006842822767794132,0.005543546751141548,0.15546204149723053,0.1352250725030899,0.06594929681159556,0.9340507031884044,0.7239722646772861,0.7252589128911495,0.0012866482138633728,0.654722522944212,0.6538269221782684,-0.0008956007659435272,0.4826222490519285,0.4852599799633026,0.002637730911374092,0.8002146445214748,0.799202099442482,-0.0010125450789928436,False
2,RIM_ONE_r3->Drishti_GS,26,C5,0.001,1.725555658340454,0.29307299852371216,0.021523000672459602,0.006842822767794132,0.005543546751141548,0.15546204149723053,0.1352250725030899,0.06594929681159556,0.9340507031884044,0.7239722646772861,0.7253763843327761,0.0014041196554899216,0.654722522944212,0.653778538107872,-0.0009439848363399506,0.4826222490519285,0.4845355413854122,0.001913292333483696,0.8002146445214748,0.7994338870048523,-0.0007807575166225433,False
2,RIM_ONE_r3->Drishti_GS,27,C0,0.001,0.3990578353404999,0.03185459226369858,0.018607189878821373,0.006955246441066265,0.006292158272117376,0.23198136687278748,0.1636030375957489,0.06594929681159556,0.9340507031884044,0.7239722646772861,0.722369834780693,-0.0016024298965930939,0.654722522944212,0.655244667083025,0.0005221441388130188,0.4826222490519285,0.4837199803441763,0.0010977312922477722,0.8002146445214748,0.8000955432653427,-0.00011910125613212585,False
2,RIM_ONE_r3->Drishti_GS,27,C1,0.001,0.566337525844574,0.04715359956026077,0.018607189878821373,0.006955246441066265,0.006292158272117376,0.23198136687278748,0.1636030375957489,0.06594929681159556,0.9340507031884044,0.7239722646772861,0.7203350849449635,-0.003637179732322693,0.654722522944212,0.6564258299767971,0.001703307032585144,0.4826222490519285,0.48238348588347435,-0.00023876316845417023,0.8002146445214748,0.8005611747503281,0.0003465302288532257,False
2,RIM_ONE_r3->Drishti_GS,27,C2,0.001,4.213494777679443,0.18466812372207642,0.018607189878821373,0.006955246441066265,0.006292158272117376,0.23198136687278748,0.1636030375957489,0.06594929681159556,0.9340507031884044,0.7239722646772861,0.7243308089673519,0.0003585442900657654,0.654722522944212,0.6547836512327194,6.112828850746155e-05,0.4826222490519285,0.47899166494607925,-0.003630584105849266,0.8002146445214748,0.8015299625694752,0.0013153180480003357,False
2,RIM_ONE_r3->Drishti_GS,27,C3,0.001,4.28137731552124,0.19996711611747742,0.018607189878821373,0.006955246441066265,0.006292158272117376,0.23198136687278748,0.1636030375957489,0.06594929681159556,0.9340507031884044,0.7239722646772861,0.7240005433559418,2.827867865562439e-05,0.654722522944212,0.6549541130661964,0.0002315901219844818,0.4826222490519285,0.4789273012429476,-0.0036949478089809418,0.8002146445214748,0.8015595600008965,0.0013449154794216156,False
2,RIM_ONE_r3->Drishti_GS,27,C4,0.001,4.0949015617370605,0.30652928352355957,0.018607189878821373,0.006955246441066265,0.006292158272117376,0.23198136687278748,0.1636030375957489,0.06594929681159556,0.9340507031884044,0.7239722646772861,0.7224384043365717,-0.0015338603407144547,0.654722522944212,0.6556204445660114,0.000897921621799469,0.4826222490519285,0.4795859791338444,-0.0030362699180841446,0.8002146445214748,0.8013384751975536,0.0011238306760787964,False
2,RIM_ONE_r3->Drishti_GS,27,C5,0.001,2.835557699203491,0.3162922263145447,0.018607189878821373,0.006955246441066265,0.006292158272117376,0.23198136687278748,0.1636030375957489,0.06594929681159556,0.9340507031884044,0.7239722646772861,0.7222174890339375,-0.0017547756433486938,0.654722522944212,0.6557813510298729,0.0010588280856609344,0.4826222490519285,0.4788377247750759,-0.0037845242768526077,0.8002146445214748,0.8016243241727352,0.001409679651260376,False
2,RIM_ONE_r3->Drishti_GS,28,C0,0.001,0.9192858934402466,0.03864782303571701,0.019649527966976166,0.01182641088962555,0.0071718827821314335,0.2434992790222168,0.19943276047706604,0.06594929681159556,0.9340507031884044,0.7239722646772861,0.7275886181741953,0.0036163534969091415,0.654722522944212,0.6529188081622124,-0.001803714781999588,0.4826222490519285,0.48402246460318565,0.0014002155512571335,0.8002146445214748,0.7996281906962395,-0.0005864538252353668,False
2,RIM_ONE_r3->Drishti_GS,28,C1,0.001,0.8226262331008911,0.05470643192529678,0.019649527966976166,0.01182641088962555,0.0071718827821314335,0.2434992790222168,0.19943276047706604,0.06594929681159556,0.9340507031884044,0.7239722646772861,0.72727364115417,0.0033013764768838882,0.654722522944212,0.6530612222850323,-0.0016613006591796875,0.4826222490519285,0.4839340541511774,0.001311805099248886,0.8002146445214748,0.799682691693306,-0.000531952828168869,False
2,RIM_ONE_r3->Drishti_GS,28,C2,0.001,2.951068878173828,0.2249281406402588,0.019649527966976166,0.01182641088962555,0.0071718827821314335,0.2434992790222168,0.19943276047706604,0.06594929681159556,0.9340507031884044,0.7239722646772861,0.7255257721990347,0.0015535075217485428,0.654722522944212,0.6541879586875439,-0.0005345642566680908,0.4826222490519285,0.4795109461992979,-0.0031113028526306152,0.8002146445214748,0.8014067187905312,0.0011920742690563202,False
2,RIM_ONE_r3->Drishti_GS,28,C3,0.001,2.9609522819519043,0.24098673462867737,0.019649527966976166,0.01182641088962555,0.0071718827821314335,0.2434992790222168,0.19943276047706604,0.06594929681159556,0.9340507031884044,0.7239722646772861,0.7253030203282833,0.0013307556509971619,0.654722522944212,0.6542942151427269,-0.00042830780148506165,0.4826222490519285,0.4794520176947117,-0.003170231357216835,0.8002146445214748,0.8014365173876286,0.001221872866153717,False
2,RIM_ONE_r3->Drishti_GS,28,C4,0.001,2.219214677810669,0.3429163992404938,0.019649527966976166,0.01182641088962555,0.0071718827821314335,0.2434992790222168,0.19943276047706604,0.06594929681159556,0.9340507031884044,0.7239722646772861,0.7247121166437864,0.0007398519665002823,0.654722522944212,0.654302142560482,-0.0004203803837299347,0.4826222490519285,0.48131274431943893,-0.0013095047324895859,0.8002146445214748,0.8008227273821831,0.0006080828607082367,False
2,RIM_ONE_r3->Drishti_GS,28,C5,0.001,1.8541096448898315,0.3513362407684326,0.019649527966976166,0.01182641088962555,0.0071718827821314335,0.2434992790222168,0.19943276047706604,0.06594929681159556,0.9340507031884044,0.7239722646772861,0.725966889411211,0.0019946247339248657,0.654722522944212,0.653781097382307,-0.0009414255619049072,0.4826222490519285,0.4807076435536146,-0.0019146054983139038,0.8002146445214748,0.8009424656629562,0.0007278211414813995,False
2,RIM_ONE_r3->Drishti_GS,29,C0,0.001,0.411918580532074,0.03274611756205559,0.019181739538908005,0.006140063516795635,0.007424314972013235,0.2734617590904236,0.17624160647392273,0.06594929681159556,0.9340507031884044,0.7239722646772861,0.7229410242289305,-0.0010312404483556747,0.654722522944212,0.6552523821592331,0.0005298592150211334,0.4826222490519285,0.48042804934084415,-0.002194199711084366,0.8002146445214748,0.8009623661637306,0.0007477216422557831,False
2,RIM_ONE_r3->Drishti_GS,29,C1,0.001,0.43324345350265503,0.050780728459358215,0.019181739538908005,0.006140063516795635,0.007424314972013235,0.2734617590904236,0.17624160647392273,0.06594929681159556,0.9340507031884044,0.7239722646772861,0.7226703781634569,-0.0013018865138292313,0.654722522944212,0.6552006117999554,0.0004780888557434082,0.4826222490519285,0.4833319392055273,0.0007096901535987854,0.8002146445214748,0.7999477162957191,-0.00026692822575569153,False
2,RIM_ONE_r3->Drishti_GS,29,C2,0.001,4.7245917320251465,0.1973647177219391,0.019181739538908005,0.006140063516795635,0.007424314972013235,0.2734617590904236,0.17624160647392273,0.06594929681159556,0.9340507031884044,0.7239722646772861,0.7238129116594791,-0.00015935301780700684,0.654722522944212,0.6550305858254433,0.000308062881231308,0.4826222490519285,0.47771461121737957,-0.00490763783454895,0.8002146445214748,0.8019608817994595,0.0017462372779846191,False
2,RIM_ONE_r3->Drishti_GS,29,C3,0.001,4.603724002838135,0.21539932489395142,0.019181739538908005,0.006140063516795635,0.007424314972013235,0.2734617590904236,0.17624160647392273,0.06594929681159556,0.9340507031884044,0.7239722646772861,0.7237915843725204,-0.0001806803047657013,0.654722522944212,0.6550301387906075,0.00030761584639549255,0.4826222490519285,0.4778356458991766,-0.004786603152751923,0.8002146445214748,0.8019199967384338,0.0017053522169589996,False
2,RIM_ONE_r3->Drishti_GS,29,C4,0.001,2.2919981479644775,0.3575533330440521,0.019181739538908005,0.006140063516795635,0.007424314972013235,0.2734617590904236,0.17624160647392273,0.06594929681159556,0.9340507031884044,0.7239722646772861,0.7243272420018911,0.0003549773246049881,0.654722522944212,0.6544485315680504,-0.0002739913761615753,0.4826222490519285,0.48167609982192516,-0.0009461492300033569,0.8002146445214748,0.8005296587944031,0.0003150142729282379,False
2,RIM_ONE_r3->Drishti_GS,29,C5,0.001,2.33059024810791,0.35631445050239563,0.019181739538908005,0.006140063516795635,0.007424314972013235,0.2734617590904236,0.17624160647392273,0.06594929681159556,0.9340507031884044,0.7239722646772861,0.7237133588641882,-0.0002589058130979538,0.654722522944212,0.6549171321094036,0.0001946091651916504,0.4826222490519285,0.47918746806681156,-0.0034347809851169586,0.8002146445214748,0.8014248237013817,0.001210179179906845,False
2,RIM_ONE_r3->Drishti_GS,30,C0,0.001,0.5266260504722595,0.03158336877822876,0.01589243859052658,0.010278372094035149,0.005412559024989605,0.20749466121196747,0.11006657779216766,0.06594929681159556,0.9340507031884044,0.7239722646772861,0.7246272638440132,0.000654999166727066,0.654722522944212,0.6542628407478333,-0.0004596821963787079,0.4826222490519285,0.48248055949807167,-0.00014168955385684967,0.8002146445214748,0.8000951483845711,-0.00011949613690376282,False
2,RIM_ONE_r3->Drishti_GS,30,C1,0.001,0.5306075215339661,0.0452674962580204,0.01589243859052658,0.010278372094035149,0.005412559024989605,0.20749466121196747,0.11006657779216766,0.06594929681159556,0.9340507031884044,0.7239722646772861,0.7242477275431156,0.0002754628658294678,0.654722522944212,0.6544689983129501,-0.00025352463126182556,0.4826222490519285,0.4823828898370266,-0.00023935921490192413,0.8002146445214748,0.8001404963433743,-7.414817810058594e-05,False
2,RIM_ONE_r3->Drishti_GS,30,C2,0.001,1.6547164916992188,0.13439112901687622,0.01589243859052658,0.010278372094035149,0.005412559024989605,0.20749466121196747,0.11006657779216766,0.06594929681159556,0.9340507031884044,0.7239722646772861,0.7255652025341988,0.001592937856912613,0.654722522944212,0.6538542844355106,-0.0008682385087013245,0.4826222490519285,0.48184400238096714,-0.00077824667096138,0.8002146445214748,0.8003430180251598,0.00012837350368499756,False
2,RIM_ONE_r3->Drishti_GS,30,C3,0.001,1.6810925006866455,0.14807525277137756,0.01589243859052658,0.010278372094035149,0.005412559024989605,0.20749466121196747,0.11006657779216766,0.06594929681159556,0.9340507031884044,0.7239722646772861,0.7254266068339348,0.0014543421566486359,0.654722522944212,0.6539279110729694,-0.0007946118712425232,0.4826222490519285,0.4818127453327179,-0.0008095037192106247,0.8002146445214748,0.8003603890538216,0.00014574453234672546,False
2,RIM_ONE_r3->Drishti_GS,30,C4,0.001,1.4203743934631348,0.2773789167404175,0.01589243859052658,0.010278372094035149,0.005412559024989605,0.20749466121196747,0.11006657779216766,0.06594929681159556,0.9340507031884044,0.7239722646772861,0.7246464267373085,0.0006741620600223541,0.654722522944212,0.6542614474892616,-0.00046107545495033264,0.4826222490519285,0.48266943730413914,4.7188252210617065e-05,0.8002146445214748,0.8000521063804626,-0.00016253814101219177,False
2,RIM_ONE_r3->Drishti_GS,30,C5,0.001,1.156664252281189,0.27924391627311707,0.01589243859052658,0.010278372094035149,0.005412559024989605,0.20749466121196747,0.11006657779216766,0.06594929681159556,0.9340507031884044,0.7239722646772861,0.7242023386061192,0.0002300739288330078,0.654722522944212,0.6545032374560833,-0.0002192854881286621,0.4826222490519285,0.4815232139080763,-0.0010990351438522339,0.8002146445214748,0.8004646152257919,0.0002499707043170929,False
2,RIM_ONE_r3->Drishti_GS,31,C0,0.001,0.5682454705238342,0.036243341863155365,0.021546751260757446,0.007136910688132048,0.0075596775859594345,0.21303018927574158,0.19365695118904114,0.06594929681159556,0.9340507031884044,0.7239722646772861,0.72571593336761,0.0017436686903238297,0.654722522944212,0.6541931666433811,-0.0005293563008308411,0.4826222490519285,0.47996616549789906,-0.0026560835540294647,0.8002146445214748,0.8011096231639385,0.0008949786424636841,False
2,RIM_ONE_r3->Drishti_GS,31,C1,0.001,0.5319888591766357,0.05029253289103508,0.021546751260757446,0.007136910688132048,0.0075596775859594345,0.21303018927574158,0.19365695118904114,0.06594929681159556,0.9340507031884044,0.7239722646772861,0.7258099801838398,0.00183771550655365,0.654722522944212,0.6539506241679192,-0.0007718987762928009,0.4826222490519285,0.4828737545758486,0.0002515055239200592,0.8002146445214748,0.8000970706343651,-0.00011757388710975647,False
2,RIM_ONE_r3->Drishti_GS,31,C2,0.001,3.866245985031128,0.21712875366210938,0.021546751260757446,0.007136910688132048,0.0075596775859594345,0.21303018927574158,0.19365695118904114,0.06594929681159556,0.9340507031884044,0.7239722646772861,0.7261369861662388,0.0021647214889526367,0.654722522944212,0.6535584293305874,-0.0011640936136245728,0.4826222490519285,0.4838582053780556,0.0012359563261270523,0.8002146445214748,0.7996325269341469,-0.0005821175873279572,False
2,RIM_ONE_r3->Drishti_GS,31,C3,0.001,3.9588465690612793,0.2311779409646988,0.021546751260757446,0.007136910688132048,0.0075596775859594345,0.21303018927574158,0.19365695118904114,0.06594929681159556,0.9340507031884044,0.7239722646772861,0.7260680142790079,0.0020957496017217636,0.654722522944212,0.6535662412643433,-0.0011562816798686981,0.4826222490519285,0.48426565900444984,0.0016434099525213242,0.8002146445214748,0.7994911000132561,-0.0007235445082187653,False
2,RIM_ONE_r3->Drishti_GS,31,C4,0.001,3.372959852218628,0.3420003354549408,0.021546751260757446,0.007136910688132048,0.0075596775859594345,0.21303018927574158,0.19365695118904114,0.06594929681159556,0.9340507031884044,0.7239722646772861,0.7258718851953745,0.0018996205180883408,0.654722522944212,0.6535168662667274,-0.0012056566774845123,0.4826222490519285,0.4860001914203167,0.003377942368388176,0.8002146445214748,0.7989186719059944,-0.001295972615480423,False
2,RIM_ONE_r3->Drishti_GS,31,C5,0.001,2.4239883422851562,0.3602932095527649,0.021546751260757446,0.007136910688132048,0.0075596775859594345,0.21303018927574158,0.19365695118904114,0.06594929681159556,0.9340507031884044,0.7239722646772861,0.7258640304207802,0.0018917657434940338,0.654722522944212,0.6535194851458073,-0.0012030377984046936,0.4826222490519285,0.48605044186115265,0.0034281928092241287,0.8002146445214748,0.7988759055733681,-0.0013387389481067657,False
