task_id,arm,epoch,steps,loss_mean_per_step,CE_mean_per_step,GT_Dice_mean_per_step,anchor_label_records_mean_per_step,response_images_mean_per_step,response_VJP_mean_per_step,donor_context_records_mean_per_step,lambda_response_mean_per_step,g_norm_mean_per_step,d0_norm_mean_per_step,correction_ratio_mean_per_step,g_dot_d0_mean_per_step,g_dot_dstar_mean_per_step,g_dot_applied_mean_per_step,Jd0_norm_mean_per_step,Jdstar_norm_mean_per_step,Japplied_norm_mean_per_step,raw_non_descent_mean_per_step,condition_number_mean_per_step,zero_probe_mean_per_step,zero_task_gradient_mean_per_step,applied_progress_residual_mean_per_step,applied_progress_budget_mean_per_step
O1_s61_DPR_U,DPR_U,1,21,0.5716865390244998,0.22790958625929697,0.3437769527652031,2.0,0.0,0.0,0.0,0.0,6.912931348871946,0.24021470060601305,0.0,-0.17785444324477698,-0.17785444324477698,-0.17785444324477698,0.0,0.0,0.0,0.047619047619047616,1.0,0.0,0.0,0.0,9.029440992813502e-07
O1_s61_DPR_U,DPR_U,2,21,0.35321814475532226,0.10278921911404246,0.2504289256412798,2.0,0.0,0.0,0.0,0.0,4.0351870242773105,0.0727032990338065,0.0,-0.0228066759658683,-0.0228066759658683,-0.0228066759658683,0.0,0.0,0.0,0.0,1.0,0.0,0.0,0.0,5.32711088846666e-07
O1_s61_DPR_U,DPR_U,3,21,0.34978499335204655,0.11320213068808828,0.23658286266395825,2.0,0.0,0.0,0.0,0.0,5.115054107424531,0.07221810863901476,0.0,-0.033144678461307885,-0.033144678461307885,-0.033144678461307885,0.0,0.0,0.0,0.14285714285714285,1.0,0.0,0.0,0.0,6.904634884940609e-07
O1_s61_DPR_U,DPR_U,4,21,0.2881296089247769,0.08487374459703763,0.20325586432773932,2.0,0.0,0.0,0.0,0.0,4.613290782179716,0.062192952748498134,0.0,-0.028663295217257728,-0.028663295217257728,-0.028663295217257728,0.0,0.0,0.0,0.19047619047619047,1.0,0.0,0.0,0.0,6.110457046214899e-07
O1_s61_DPR_U,DPR_U,5,21,0.24360047696465484,0.06870073239718165,0.17489974456747318,2.0,0.0,0.0,0.0,0.0,3.479788037021712,0.06121189191646276,0.0,-0.015307429425486765,-0.015307429425486765,-0.015307429425486765,0.0,0.0,0.0,0.047619047619047616,1.0,0.0,0.0,0.0,4.578189250520105e-07
O1_s61_DPR_U,DPR_U,6,21,0.22829266167979462,0.06747883097046897,0.16081383070932564,2.0,0.0,0.0,0.0,0.0,4.499720435408172,0.07939715699365428,0.0,-0.031880843774143866,-0.031880843774143866,-0.031880843774143866,0.0,0.0,0.0,0.047619047619047616,1.0,0.0,0.0,0.0,6.252305857840403e-07
O1_s61_DPR_U,DPR_U,7,21,0.21026108735555762,0.060481300488823934,0.1497797868667337,2.0,0.0,0.0,0.0,0.0,4.073872284859613,0.07555120043786907,0.0,-0.02408113352438948,-0.02408113352438948,-0.02408113352438948,0.0,0.0,0.0,0.09523809523809523,1.0,0.0,0.0,0.0,5.739533905414373e-07
O1_s61_DPR_U,DPR_U,8,21,0.24468621528278842,0.0777916441715899,0.16689457111119857,2.0,0.0,0.0,0.0,0.0,5.236400562651984,0.1175305823934243,0.0,-0.046513858510648126,-0.046513858510648126,-0.046513858510648126,0.0,0.0,0.0,0.09523809523809523,1.0,0.0,0.0,0.0,7.22927307322036e-07
O1_s61_DPR_U,DPR_U,9,21,0.2643373782045811,0.08454414102293197,0.17979323718164913,2.0,0.0,0.0,0.0,0.0,5.252987129297981,0.13243167615048954,0.0,-0.0413085290208945,-0.0413085290208945,-0.0413085290208945,0.0,0.0,0.0,0.23809523809523808,1.0,0.0,0.0,0.0,6.801514400012999e-07
O1_s61_DPR_U,DPR_U,10,21,0.21450635922782366,0.06102983582587469,0.15347652340194898,2.0,0.0,0.0,0.0,0.0,3.7781370897882662,0.10455338493510287,0.0,-0.02167121314419619,-0.02167121314419619,-0.02167121314419619,0.0,0.0,0.0,0.14285714285714285,1.0,0.0,0.0,0.0,5.162725968024736e-07
O1_s61_DPR_U,DPR_U,11,21,0.1943179488401809,0.055194376480011714,0.13912357236016917,2.0,0.0,0.0,0.0,0.0,4.405046594030592,0.13401756871027792,0.0,-0.03265644788132729,-0.03265644788132729,-0.03265644788132729,0.0,0.0,0.0,0.09523809523809523,1.0,0.0,0.0,0.0,5.923549798897502e-07
O1_s61_DPR_U,DPR_U,12,21,0.20593140509894892,0.062408282820667536,0.14352312227828135,2.0,0.0,0.0,0.0,0.0,4.458285007078784,0.13570438531419854,0.0,-0.026186052946605264,-0.026186052946605264,-0.026186052946605264,0.0,0.0,0.0,0.23809523809523808,1.0,0.0,0.0,0.0,5.972738361483928e-07
O1_s61_DPR_U,DPR_U,13,21,0.16758366819172668,0.04798998169246174,0.11959368649926493,2.0,0.0,0.0,0.0,0.0,3.3618186777107697,0.1334254514421338,0.0,-0.02075255631882846,-0.02075255631882846,-0.02075255631882846,0.0,0.0,0.0,0.047619047619047616,1.0,0.0,0.0,0.0,4.759378853347009e-07
O1_s61_DPR_U,DPR_U,14,21,0.19257276496274328,0.06200731137678737,0.1305654535859559,2.0,0.0,0.0,0.0,0.0,4.352240884340845,0.17627207242103168,0.0,-0.03626512548586943,-0.03626512548586943,-0.03626512548586943,0.0,0.0,0.0,0.14285714285714285,1.0,0.0,0.0,0.0,5.700399523965853e-07
O1_s61_DPR_U,DPR_U,15,21,0.172093284143705,0.05019096098840237,0.12190232315530264,2.0,0.0,0.0,0.0,0.0,3.5259497143978855,0.09288710768217703,0.0,-0.01880464023509033,-0.01880464023509033,-0.01880464023509033,0.0,0.0,0.0,0.14285714285714285,1.0,0.0,0.0,0.0,4.807898391450676e-07
O1_s61_DPR_U,DPR_U,16,21,0.15003586354754064,0.043739881011701766,0.10629598253583888,2.0,0.0,0.0,0.0,0.0,3.1423583777558255,0.07052134727031717,0.0,-0.013949601752771115,-0.013949601752771115,-0.013949601752771115,0.0,0.0,0.0,0.047619047619047616,1.0,0.0,0.0,0.0,4.263980363941694e-07
O1_s61_DPR_U,DPR_U,17,21,0.13194223774939853,0.03896858170628548,0.09297365604311304,2.0,0.0,0.0,0.0,0.0,2.2970063151870246,0.0661324701517415,0.0,-0.009057224889051266,-0.009057224889051266,-0.009057224889051266,0.0,0.0,0.0,0.0,1.0,0.0,0.0,0.0,3.364520648940503e-07
O1_s61_DPR_U,DPR_U,18,21,0.1288753027746821,0.03741415102212202,0.09146115175256006,2.0,0.0,0.0,0.0,0.0,2.1474413124487195,0.06606369415100044,0.0,-0.010388250891461212,-0.010388250891461212,-0.010388250891461212,0.0,0.0,0.0,0.09523809523809523,1.0,0.0,0.0,0.0,3.16396798896563e-07
O1_s61_DPR_U,DPR_U,19,21,0.12528773093823004,0.036598277056501025,0.08868945388172905,2.0,0.0,0.0,0.0,0.0,2.939216233665056,0.06906349825819384,0.0,-0.013387337503937228,-0.013387337503937228,-0.013387337503937228,0.0,0.0,0.0,0.0,1.0,0.0,0.0,0.0,4.0771189112411285e-07
O1_s61_DPR_U,DPR_U,20,21,0.13059356788218265,0.03757599483998049,0.09301757304220218,2.0,0.0,0.0,0.0,0.0,2.9403525380308375,0.09090889391649845,0.0,-0.015100389568395127,-0.015100389568395127,-0.015100389568395127,0.0,0.0,0.0,0.047619047619047616,1.0,0.0,0.0,0.0,4.113826498435753e-07
O1_s61_DPR_U,DPR_U,21,21,0.6921849024616137,0.32592892327478956,0.36625597918682423,2.0,1.9523809523809523,2.0,2.0,0.05000000000000001,8.173002731822994,0.24160506150984223,0.0006688497398860578,-0.16786694849396375,-0.16786694849396375,-0.1678669498657143,0.00435662149103659,0.0042589936120933794,0.004258993618075167,0.047619047619047616,1.0186781374397398,0.0,0.0,1.2643606850781145e-08,1.1330500123133278e-06
O1_s61_DPR_U,DPR_U,22,21,0.6115713294490869,0.24240421734395481,0.369167112105132,2.0,1.9523809523809523,2.0,2.0,0.10000000000000002,5.653921581844206,0.09724560223557813,0.0017547584430640112,-0.038906380738502146,-0.03890638073850214,-0.0389063834418348,0.002595421401493104,0.002473599875238274,0.0024736001992234774,0.047619047619047616,1.0355932717329812,0.0,0.0,8.410900693889206e-09,7.247208874450424e-07
O1_s61_DPR_U,DPR_U,23,21,0.5627298909665963,0.1990425762321268,0.3636873147344696,2.0,1.9523809523809523,2.0,2.0,0.14999999999999997,5.853065733974696,0.09696376608272714,0.0032821160613510053,-0.03653846329132798,-0.036538463291327976,-0.03653846523530961,0.002982286188563694,0.0027634482935420864,0.002763447624208748,0.09523809523809523,1.0540144615389275,0.0,0.0,8.801333878942519e-09,6.730267732864818e-07
O1_s61_DPR_U,DPR_U,24,21,0.5281002455923571,0.19192374196080936,0.3361765036315477,2.0,1.9523809523809523,2.0,2.0,0.20000000000000004,5.127082886326206,0.09909690360612441,0.0028798604082203756,-0.03065159095759994,-0.03065159095759994,-0.030651587475138093,0.0023772482944922108,0.002173683585901206,0.0021736842665038606,0.09523809523809523,1.0625818248808752,0.0,0.0,8.826202901445279e-09,6.265641011231975e-07
O1_s61_DPR_U,DPR_U,25,21,0.4412788622426265,0.1519428715109825,0.28933599073164384,2.0,1.9523809523809523,2.0,2.0,0.25,4.497950934576158,0.10216349003081739,0.0034061948856323153,-0.02728576108189671,-0.02728576108189671,-0.027285759721728572,0.0022086843408781,0.0019743170822011428,0.001974316897051795,0.09523809523809523,1.061770597060802,0.0,0.0,7.55562303522674e-09,5.618118144030391e-07
O1_s61_DPR_U,DPR_U,26,21,0.4859434644649788,0.17442081797690617,0.31152264648807265,2.0,1.9523809523809523,2.0,2.0,0.29999999999999993,6.120994602419641,0.09876606191039308,0.004279772182694503,-0.039568770888073625,-0.039568770888073625,-0.039568773711789816,0.0025338795056337794,0.002222550260856999,0.0022225499903592394,0.09523809523809523,1.0757953407126313,0.0,0.0,1.1221439409505665e-08,7.561160027519481e-07
O1_s61_DPR_U,DPR_U,27,21,0.460445552125615,0.15206567907617205,0.30837987304944287,2.0,1.9523809523809523,2.0,2.0,0.34999999999999987,5.740654112322114,0.11927701438972337,0.004994404458304046,-0.03215548603181124,-0.03215548603181124,-0.03215548981669605,0.00281952063318834,0.0024010312320199966,0.0024010311207715213,0.14285714285714285,1.1100908601485835,0.0,0.0,9.660068081876144e-09,7.064559967075414e-07
O1_s61_DPR_U,DPR_U,28,21,0.384789575579543,0.12573301632489478,0.2590565592546482,2.0,1.9523809523809523,2.0,2.0,0.4000000000000001,4.896558738030154,0.09593788078621734,0.005449609232585302,-0.02609781633028135,-0.026097816330281357,-0.026097818172860436,0.0022443468570778106,0.001859314984596037,0.0018593149112363253,0.047619047619047616,1.1333050704140175,0.0,0.0,9.925523958482425e-09,6.223069797326111e-07
O1_s61_DPR_U,DPR_U,29,21,0.3878487012237717,0.13110690989664622,0.25674179132712543,2.0,1.9523809523809523,2.0,2.0,0.44999999999999996,5.186277534787893,0.09761900595096971,0.005913335799162119,-0.030331273199121222,-0.030331273199121232,-0.030331267834689996,0.002296327130133709,0.0018814264285502108,0.0018814266541696406,0.047619047619047616,1.1102090546688927,0.0,0.0,1.136634573471968e-08,6.657492599253796e-07
O1_s61_DPR_U,DPR_U,30,21,0.4576472951635888,0.16556688859349206,0.2920804065700968,2.0,1.9523809523809523,2.0,2.0,0.5,6.2954511754349465,0.12872535860929024,0.007120162980795829,-0.0469510309990341,-0.0469510309990341,-0.0469510295300389,0.0030765760200845878,0.0024393415134402593,0.0024393415812685323,0.0,1.1591032851576653,0.0,0.0,1.2926613983696755e-08,7.744330387066141e-07
O1_s61_DPR_U,DPR_U,31,21,0.4205373995083911,0.13404197370012602,0.2864954258082651,2.0,1.9523809523809523,2.0,2.0,0.5500000000000002,4.746176184505088,0.07745178823478079,0.008661078377951433,-0.026288910465622723,-0.026288910465622723,-0.02628890988943752,0.002250017201761836,0.0017708634962324181,0.0017708631029421777,0.047619047619047616,1.1559108672718525,0.0,0.0,1.1260212231356702e-08,6.243617694162227e-07
O1_s61_DPR_U,DPR_U,32,21,0.3544083702050193,0.1149339968604701,0.2394743733445492,2.0,1.9523809523809523,2.0,2.0,0.5999999999999999,4.631127937017179,0.07158816930405287,0.00537435224505563,-0.01981069662048269,-0.019810696620482685,-0.019810697712073493,0.0012153652779181778,0.0009623380199314326,0.0009623379808721086,0.0,1.1322102706608101,0.0,0.0,6.062818096929829e-09,5.829787891870169e-07
O1_s61_DPR_U,DPR_U,33,21,0.40048111844720213,0.14116133093124344,0.2593197875159588,2.0,1.9523809523809523,2.0,2.0,0.6500000000000001,5.623934991036513,0.06833906818522983,0.00922058891824282,-0.03296542045032115,-0.03296542045032115,-0.03296541992882244,0.0019716398921104518,0.0015248618162502616,0.001524861715944349,0.09523809523809523,1.187170113459258,0.0,0.0,1.0440407359327409e-08,6.551003197152813e-07
O1_s61_DPR_U,DPR_U,34,21,0.3626180625925699,0.11544580101257279,0.2471722615799971,2.0,1.9523809523809523,2.0,2.0,0.6999999999999997,5.807803549918235,0.09142487742300313,0.00663515218942895,-0.03394283400793424,-0.03394283400793425,-0.033942833380481284,0.0015988203340721564,0.0011838207369746397,0.0011838210543021362,0.047619047619047616,1.229473786973968,0.0,0.0,1.2424978873905944e-08,6.706515414078808e-07
O1_s61_DPR_U,DPR_U,35,21,0.41265342777955993,0.1469608765272867,0.26569255125227303,2.0,1.9523809523809523,2.0,2.0,0.75,4.448942827153122,0.06777024370909819,0.009421230433780776,-0.026139548869682474,-0.026139548869682474,-0.02613955005893601,0.0017144506051461372,0.0012649796078180616,0.0012649797874955755,0.09523809523809523,1.1916741192064677,0.0,0.0,6.917784087752775e-09,5.952341967641218e-07
O1_s61_DPR_U,DPR_U,36,21,0.3316298731917464,0.1034603642211074,0.228169508970639,2.0,1.9523809523809523,2.0,2.0,0.8000000000000002,4.673708798274424,0.08310367291101606,0.01025466933029034,-0.02278677528133503,-0.022786775281335023,-0.022786776514918082,0.0020589635869851445,0.0015186192397018663,0.001518618475501993,0.14285714285714285,1.2316433884847293,0.0,0.0,1.0828504009506618e-08,6.031310893118743e-07
O1_s61_DPR_U,DPR_U,37,21,0.3320197129779598,0.10876100244266647,0.22325871053529328,2.0,1.9523809523809523,2.0,2.0,0.8499999999999999,4.682968992887128,0.05542110484282665,0.009068102305196859,-0.015483394249654841,-0.015483394249654841,-0.01548339330913406,0.0012071067952988807,0.0008375857554082285,0.000837585306726017,0.047619047619047616,1.2315169830165924,0.0,0.0,8.578948904497143e-09,5.930119954310831e-07
O1_s61_DPR_U,DPR_U,38,21,0.3180208187723175,0.10222496322932698,0.21579585554299052,2.0,1.9523809523809523,2.0,2.0,0.8999999999999999,4.829006982128557,0.060670184789782484,0.009714731939741952,-0.02036807623142887,-0.02036807623142887,-0.020368075645982902,0.0013537207163115523,0.0009587679931356061,0.0009587680657334683,0.047619047619047616,1.2434724223506726,0.0,0.0,1.2175395241590395e-08,6.066197209599593e-07
O1_s61_DPR_U,DPR_U,39,21,0.35753502786563257,0.1218978576362133,0.23563717022941938,2.0,1.9523809523809523,2.0,2.0,0.9499999999999996,5.540517449906726,0.09267289704180988,0.009790275146376584,-0.032284289343381914,-0.032284289343381914,-0.03228428779756002,0.002066265142169812,0.0014701040830043222,0.0014701037880154493,0.047619047619047616,1.2443784247377532,0.0,0.0,9.882841377576911e-09,7.147236943909588e-07
O1_s61_DPR_U,DPR_U,40,21,0.3520218302874603,0.1170963802862735,0.23492545000118678,2.0,1.9523809523809523,2.0,2.0,1.0,4.883453797586701,0.07350758164612323,0.011471665352922331,-0.025814539766442556,-0.025814539766442556,-0.025814539555714222,0.0016695192654681045,0.0011522682516340334,0.001152268254199048,0.19047619047619047,1.2667037038316031,0.0,0.0,8.448650117493663e-09,5.860057616860614e-07
O1_s61_DPR_U,DPR_U,41,21,0.3591519116864416,0.12153216540103867,0.237619746285403,2.0,1.9523809523809523,2.0,2.0,1.0,4.72965744946673,0.0821708834080701,0.008216553591785507,-0.027840938924857717,-0.02784093892485771,-0.027840940126250543,0.0014796880925919882,0.0009994004985925667,0.0009994004099780035,0.047619047619047616,1.2973688105837842,0.0,0.0,6.690953801715917e-09,6.397073464571406e-07
O1_s61_DPR_U,DPR_U,42,21,0.3077485219014003,0.09867777072248005,0.20907075117892024,2.0,1.9523809523809523,2.0,2.0,1.0,4.190519903253375,0.0793237011597319,0.010181514840806755,-0.021006941018994533,-0.021006941018994533,-0.021006939904079192,0.0016435315380178169,0.0010966599020262573,0.0010966594040144877,0.0,1.291891166388467,0.0,0.0,7.091750819018891e-09,5.62636527521966e-07
O1_s61_DPR_U,DPR_U,43,21,0.3190145804434491,0.10466064016024272,0.21435394028320637,2.0,1.9523809523809523,2.0,2.0,1.0,4.280686475468189,0.06947118817503585,0.010169020861565846,-0.020777083783862154,-0.020777083783862154,-0.02077708278377215,0.0015122422935256617,0.0010111955472699805,0.0010111949961441368,0.047619047619047616,1.2941984871870371,0.0,0.0,9.251717034366896e-09,5.901096731955317e-07
O1_s61_DPR_U,DPR_U,44,21,0.3467172884775136,0.11528917685860679,0.2314281116189068,2.0,1.9523809523809523,2.0,2.0,1.0,4.114578406002239,0.062442399166304195,0.012717691913663006,-0.020431197663581393,-0.020431197663581396,-0.0204311956674376,0.0016845538212077707,0.001147120845328364,0.001147120450257662,0.09523809523809523,1.2779865153983008,0.0,0.0,6.250938402548652e-09,5.756497340256453e-07
O1_s61_DPR_U,DPR_U,45,21,0.34326535944904285,0.11607609192530315,0.22718926752373975,2.0,1.9523809523809523,2.0,2.0,1.0,4.38151637535073,0.06299524678073205,0.013106007793949274,-0.018947060795419815,-0.018947060795419815,-0.01894705841882265,0.001795856199578455,0.0011841098974936554,0.001184109929230188,0.19047619047619047,1.3173610084500287,0.0,0.0,6.164562604962637e-09,5.837534812490102e-07
O1_s61_DPR_U,DPR_U,46,21,0.2990321349743804,0.09280842436211449,0.206223710612266,2.0,1.9523809523809523,2.0,2.0,1.0,4.734684019692833,0.05896855924765381,0.011227622967625337,-0.020026239445476036,-0.02002623944547604,-0.020026236793866486,0.0014603765442024838,0.001027304022906481,0.0010273044778201232,0.14285714285714285,1.2679064372250075,0.0,0.0,1.1279064556099492e-08,5.897075984593485e-07
O1_s61_DPR_U,DPR_U,47,21,0.340814800892618,0.11646480237444241,0.22434999851817553,2.0,1.9523809523809523,2.0,2.0,1.0,5.413087517868296,0.08348665396277266,0.01005298418399197,-0.031034289603084256,-0.031034289603084256,-0.03103429188966279,0.0018073524544911961,0.0012159229120677617,0.0012159230211906684,0.19047619047619047,1.2873127271235196,0.0,0.0,9.381329798549516e-09,7.019756830690769e-07
O1_s61_DPR_U,DPR_U,48,21,0.3418493070008276,0.1166863056520621,0.22516300134876546,2.0,1.9523809523809523,2.0,2.0,1.0,4.504216740703118,0.07214574448474478,0.007644993534216589,-0.02033464387831023,-0.020334643878310233,-0.020334646743385858,0.0011888654471756423,0.0008275368333151456,0.0008275369290553093,0.09523809523809523,1.2788307405880637,0.0,0.0,1.0517538013795336e-08,6.191204334099804e-07
O1_s61_DPR_U,DPR_U,49,21,0.341415384825853,0.10680667967313812,0.2346087051527149,2.0,1.9523809523809523,2.0,2.0,1.0,6.0649750942983225,0.07189993318245734,0.008130835521622276,-0.02696610512299858,-0.02696610512299858,-0.026966096141048928,0.0012147862320497404,0.0007972758681131823,0.0007972753113577657,0.047619047619047616,1.3032921923734901,0.0,0.0,1.0722713123021623e-08,7.475561414230955e-07
O1_s61_DPR_U,DPR_U,50,21,0.3103650364867977,0.10330641908305031,0.20705861740374734,2.0,1.9523809523809523,2.0,2.0,1.0,4.38661371608622,0.05857536155502076,0.009076441986617695,-0.017244278105727682,-0.017244278105727682,-0.017244278671083125,0.0011625263914900776,0.0007951984994710148,0.0007951988074878424,0.0,1.1851479950482555,0.0,0.0,7.382903447830264e-09,5.891489887469803e-07
O1_s61_DPR_U,DPR_U,51,21,0.29024330151904437,0.09394211641379765,0.1963011851052468,2.0,1.9523809523809523,2.0,2.0,1.0,4.314749960343193,0.051056662055117996,0.010414587671874205,-0.01637032546943818,-0.01637032546943818,-0.016370318284617772,0.0011053299636060194,0.000761610859850801,0.0007616110467081058,0.047619047619047616,1.224024196707758,0.0,0.0,1.0721869537626874e-08,5.774806376829389e-07
O1_s61_DPR_U,DPR_U,52,21,0.2984078586538098,0.09896374298703103,0.19944411566677875,2.0,1.9523809523809523,2.0,2.0,1.0,5.037422258945877,0.061624775281478104,0.009380649232466046,-0.0181801322401027,-0.0181801322401027,-0.018180132514932872,0.0012572320389148013,0.0008604507648950829,0.0008604503617301809,0.0,1.1925408497838401,0.0,0.0,1.3702886279523699e-08,6.422258942165977e-07
O1_s61_DPR_U,DPR_U,53,21,0.2643048850974414,0.07965211747657686,0.18465276762086455,2.0,1.9523809523809523,2.0,2.0,1.0,5.01881131348252,0.05523088493016472,0.008973496560256129,-0.018991225620263254,-0.01899122562026325,-0.018991222366790107,0.001109760582228997,0.0007593982083244396,0.0007593982687547106,0.14285714285714285,1.2701687456765427,0.0,0.0,1.0020591754966782e-08,6.374703744425778e-07
O1_s61_DPR_U,DPR_U,54,21,0.2888712304115451,0.09592145911994435,0.1929497712916007,2.0,1.9523809523809523,2.0,2.0,1.0,4.53324264654049,0.0542650340565637,0.01255881814673541,-0.017061230210090397,-0.0170612302100904,-0.017061227963964903,0.0015172541294136339,0.0010170594019535749,0.001017060162010108,0.047619047619047616,1.3033155317150293,0.0,0.0,1.0853643081239095e-08,6.131025783417189e-07
O1_s61_DPR_U,DPR_U,55,21,0.282395854598014,0.09431194815607298,0.18808390644194103,2.0,1.9523809523809523,2.0,2.0,1.0,5.003402341614411,0.0698248730066608,0.010883478112578674,-0.021598085965602382,-0.02159808596560239,-0.02159808314455226,0.001673578855085112,0.0011434837374406045,0.0011434842299367614,0.19047619047619047,1.2052476802052356,0.0,0.0,1.1098055060268396e-08,6.849942025216597e-07
O1_s61_DPR_U,DPR_U,56,21,0.2562224763779601,0.08202719901289258,0.1741952773650675,2.0,1.9523809523809523,2.0,2.0,1.0,4.033048071396057,0.05037778170241392,0.007771768088852438,-0.01424797474645545,-0.014247974746455446,-0.0142479724685703,0.0008629037388773264,0.0005858744283399769,0.0005858740923725368,0.0,1.2456922314569434,0.0,0.0,8.201417802880935e-09,5.681776560284877e-07
O1_s61_DPR_U,DPR_U,57,21,0.2857118481853415,0.0924723180277007,0.19323953015764087,2.0,1.9523809523809523,2.0,2.0,1.0,4.721391035389138,0.056703234847935956,0.009187518525268548,-0.023445765226321143,-0.023445765226321143,-0.023445761336411092,0.0011451711805289756,0.0007894753243049372,0.0007894751451760228,0.0,1.2528361259178185,0.0,0.0,8.172044866732839e-09,6.711934235821681e-07
O1_s61_DPR_U,DPR_U,58,21,0.31702412381980805,0.10475999081418627,0.21226413300562186,2.0,1.9523809523809523,2.0,2.0,1.0,4.796341013140624,0.08457180282267485,0.005810947451218247,-0.030619953200115707,-0.030619953200115707,-0.030619956269096246,0.001107327339517216,0.0007885119145062419,0.0007885129312059769,0.0,1.2921711407875487,0.0,0.0,9.081014047429636e-09,7.279183234401048e-07
O1_s61_DPR_U,DPR_U,59,21,0.3410053750371217,0.11293718626811391,0.22806818876900778,2.0,1.9523809523809523,2.0,2.0,1.0,5.582003369996391,0.08229864420767949,0.008134836839914665,-0.03311081949815641,-0.03311081949815641,-0.033110816403210515,0.0014517354569097993,0.0009540008802165883,0.0009540005239343666,0.047619047619047616,1.3197476952538114,0.0,0.0,1.2877578169078687e-08,7.690363543299462e-07
O1_s61_DPR_U,DPR_U,60,21,0.28383001661925766,0.09213022142648697,0.19169979519277072,2.0,1.9523809523809523,2.0,2.0,1.0,4.665295023783135,0.06824610875083677,0.00828774938780448,-0.021963887344025906,-0.021963887344025906,-0.021963885562546377,0.0011784321856533318,0.0008141526397093144,0.0008141524610635262,0.047619047619047616,1.2510685860172361,0.0,0.0,8.720206848851222e-09,6.735227284587812e-07
O1_s61_DPR_U,DPR_U,61,21,0.3159844874949681,0.10802911417115302,0.20795537332381514,2.0,1.9523809523809523,2.0,2.0,1.0,5.092183360666524,0.05973409089270448,0.013669641355639686,-0.023981915161707387,-0.023981915161707387,-0.023981915953722406,0.0017690732624104089,0.001166480726842185,0.0011664801703913413,0.14285714285714285,1.2910178106391221,0.0,0.0,8.912283486847962e-09,7.282610818932158e-07
O1_s61_DPR_U,DPR_U,62,21,0.30980814427767267,0.09819805817235083,0.2116100861053218,2.0,1.9523809523809523,2.0,2.0,1.0,5.396188255686071,0.061239006156706535,0.011428209110766063,-0.02528304338195375,-0.02528304338195375,-0.025283042233532768,0.0015505602814139755,0.0010120723825594773,0.0010120716871952025,0.047619047619047616,1.3096180275270402,0.0,0.0,8.575380332968806e-09,7.488454453733446e-07
O1_s61_DPR_U,DPR_U,63,21,0.2597562477938048,0.0830869438747565,0.17666930391904828,2.0,1.9523809523809523,2.0,2.0,1.0,4.4773939605277135,0.044956715815196814,0.009969912628548046,-0.013748389253647905,-0.013748389253647905,-0.013748391707965504,0.0009665827298145543,0.0006644429946930021,0.0006644430755896334,0.047619047619047616,1.244802244164418,0.0,0.0,7.553007606672425e-09,6.005515616345338e-07
O1_s61_DPR_U,DPR_U,64,21,0.23939603084785968,0.07340689340517634,0.16598913744268332,2.0,1.9523809523809523,2.0,2.0,1.0,3.7729893524268943,0.04876729980925149,0.00882713627153948,-0.012653143447671074,-0.012653143447671074,-0.012653139316815928,0.0009571408008106558,0.0006388942092150444,0.0006388941767098487,0.0,1.2460823390691993,0.0,0.0,8.1930645726694e-09,5.724331900463909e-07
O1_s61_DPR_U,DPR_U,65,21,0.2584631004193709,0.08194673487118312,0.17651636554818775,2.0,1.9523809523809523,2.0,2.0,1.0,4.202345605682873,0.05572980623614538,0.008182835101518047,-0.01921385330883771,-0.01921385330883771,-0.019213856211098616,0.0009582097156189763,0.0006582253849934445,0.00065822592799951,0.0,1.2631596188077099,0.0,0.0,7.65344654606012e-09,6.39792082914347e-07
O1_s61_DPR_U,DPR_U,66,21,0.2687648238363324,0.08979773202112742,0.17896709181520495,2.0,1.9523809523809523,2.0,2.0,1.0,4.057597760627884,0.05152295370260133,0.007858273308607345,-0.014412698235178201,-0.014412698235178203,-0.01441269487557514,0.0008673103991686552,0.0005894220014417642,0.0005894220227546874,0.0,1.3450291365383245,0.0,0.0,1.1645618171096218e-08,5.917757594333274e-07
O1_s61_DPR_U,DPR_U,67,21,0.27444221057479534,0.09217645760093417,0.18226575297386127,2.0,1.9523809523809523,2.0,2.0,1.0,4.247037877667289,0.05001615432250639,0.009512689497404192,-0.017255686548713796,-0.017255686548713796,-0.017255686448149992,0.001033512179786251,0.0006948551415782457,0.0006948553608424127,0.09523809523809523,1.3116750202959437,0.0,0.0,5.934204196699256e-09,6.462036037324631e-07
O1_s61_DPR_U,DPR_U,68,21,0.25889033921283083,0.08391570051511128,0.1749746386977196,2.0,1.9523809523809523,2.0,2.0,1.0,4.130471994497207,0.045225417298779005,0.008662632279568563,-0.01467913459326657,-0.01467913459326657,-0.014679133838617277,0.0008732073160661959,0.0006204510513066682,0.0006204506366634868,0.047619047619047616,1.267029333996063,0.0,0.0,7.1178495068958594e-09,6.03698922062025e-07
O1_s61_DPR_U,DPR_U,69,21,0.23175037319601766,0.06977764925076849,0.1619727239452492,2.0,1.9523809523809523,2.0,2.0,1.0,4.029639296411313,0.04272944370253743,0.009817473166326153,-0.010977074078044066,-0.010977074078044066,-0.01097707425336558,0.0009068441812496791,0.0006084090460795161,0.0006084089744314251,0.047619047619047616,1.2989794209930108,0.0,0.0,8.231884530741498e-09,5.78083502545909e-07
O1_s61_DPR_U,DPR_U,70,21,0.23913654233856482,0.07749593115988232,0.16164061117868245,2.0,1.9523809523809523,2.0,2.0,1.0,4.428134570480747,0.04242511502985249,0.008386836780402605,-0.014577379246293688,-0.014577379246293688,-0.01457737714861329,0.0007487465760368991,0.0004974970091607773,0.0004974965527028867,0.0,1.2585337541132855,0.0,0.0,1.059139312188151e-08,6.349339213072246e-07
O1_s61_DPR_U,DPR_U,71,21,0.24614987838556046,0.0839702660838763,0.16217961230168423,2.0,1.9523809523809523,2.0,2.0,1.0,4.519919286273632,0.05284269694517342,0.010521771255928784,-0.018054707819740952,-0.018054707819740952,-0.018054702190362395,0.0012252422224124705,0.0008340411242535383,0.0008340408885901705,0.047619047619047616,1.296142610626515,0.0,0.0,8.345997327143728e-09,6.917742039686967e-07
O1_s61_DPR_U,DPR_U,72,21,0.25345446033287766,0.07990400510884467,0.17355045522403292,2.0,1.9523809523809523,2.0,2.0,1.0,4.440396899854461,0.047797434901952804,0.009312043774576772,-0.015384001187975362,-0.015384001187975362,-0.015384004170687582,0.0009744829075832425,0.0006579682899091243,0.0006579686498760764,0.09523809523809523,1.2876165995650208,0.0,0.0,1.123215445532662e-08,6.73010108877614e-07
O1_s61_DPR_U,DPR_U,73,21,0.24410392654416943,0.07964072642581803,0.16446320011835133,2.0,1.9523809523809523,2.0,2.0,1.0,4.445945887920836,0.03857970509656252,0.010726730760708621,-0.014075965983950807,-0.014075965983950807,-0.01407596251373719,0.0009085725448596598,0.0006244740503155259,0.0006244742663127682,0.0,1.2405568089536334,0.0,0.0,9.569840274442353e-09,6.570048394284558e-07
O1_s61_DPR_U,DPR_U,74,21,0.23212288015674626,0.07478221683275132,0.15734066332399496,2.0,1.9523809523809523,2.0,2.0,1.0,3.829538353255672,0.04974426135649553,0.008778588271169155,-0.013509668536799318,-0.013509668536799318,-0.013509665831190428,0.0009572363844010318,0.0006538650972507847,0.000653865430342863,0.14285714285714285,1.3005171101323676,0.0,0.0,7.904188577423771e-09,5.928229941530588e-07
O1_s61_DPR_U,DPR_U,75,21,0.22340687784047547,0.06896450317331723,0.1544423746671582,2.0,1.9523809523809523,2.0,2.0,1.0,4.172660638480089,0.03328620303158051,0.00703891620823003,-0.011573875361388581,-0.011573875361388581,-0.011573877159675056,0.000510720781407288,0.00034104936108451673,0.000341048931649125,0.0,1.3163523220590192,0.0,0.0,3.999071121604276e-09,6.348807769021102e-07
O1_s61_DPR_U,DPR_U,76,21,0.248401463691821,0.0822239981165954,0.16617746557522559,2.0,1.9523809523809523,2.0,2.0,1.0,4.717746895338724,0.04092698196367735,0.0074897862190818,-0.014182315271201642,-0.014182315271201638,-0.014182317467951228,0.0006486475040717632,0.0004263102780523098,0.00042631011767642015,0.047619047619047616,1.2863676984197565,0.0,0.0,8.540658678290053e-09,7.167345646798187e-07
O1_s61_DPR_U,DPR_U,77,21,0.2098730816217089,0.0660048755151885,0.1438682061065204,2.0,1.9523809523809523,2.0,2.0,1.0,3.321212812094289,0.02857349547576477,0.00714885023248635,-0.007092975974107839,-0.007092975974107839,-0.007092975484653735,0.000456783409342007,0.00030618892383342387,0.0003061895266843084,0.0,1.3482714065973316,0.0,0.0,6.446931514621273e-09,5.199765926190243e-07
O1_s61_DPR_U,DPR_U,78,21,0.2235615954639719,0.06962558068335056,0.15393601478062127,2.0,1.9523809523809523,2.0,2.0,1.0,4.042064164863302,0.030078332714574257,0.008830365956774474,-0.00866547961924707,-0.008665479619247069,-0.008665480658517962,0.0005946750877742848,0.0004086629252401067,0.0004086634387961195,0.047619047619047616,1.2360194873957784,0.0,0.0,5.036921260570614e-09,6.030654487902882e-07
O1_s61_DPR_U,DPR_U,79,21,0.21000840944937368,0.06835545918771199,0.1416529502616617,2.0,1.9523809523809523,2.0,2.0,1.0,4.028017449910416,0.031489945046416466,0.009283878428301714,-0.011345050981500796,-0.011345050981500796,-0.01134504884110826,0.0006407036502839184,0.0004340464889476683,0.0004340469550754008,0.047619047619047616,1.3572733944860158,0.0,0.0,1.163710271315889e-08,6.302396828381636e-07
O1_s61_DPR_U,DPR_U,80,21,0.21971013841169534,0.07072682998010091,0.14898330843159444,2.0,1.9523809523809523,2.0,2.0,1.0,4.462289091610374,0.031476179821759875,0.008769760881710874,-0.010913342522767645,-0.010913342522767646,-0.010913348096457847,0.0006556364519606955,0.00045273926828874443,0.00045273922133033125,0.047619047619047616,1.2551364890050984,0.0,0.0,8.830481047413048e-09,6.603305412631273e-07
O1_s61_DPR_U,DPR_U,81,21,0.2211991854993142,0.0720759378302665,0.1491232476690477,2.0,1.9523809523809523,2.0,2.0,1.0,3.9076356118218856,0.02962777956552671,0.009499416435978495,-0.011406819315183574,-0.011406819315183574,-0.011406819533124826,0.0006188457289516602,0.00041078286667592406,0.0004107824548162033,0.09523809523809523,1.2619741763825605,0.0,0.0,7.496513012698476e-09,6.121761492393305e-07
O1_s61_DPR_U,DPR_U,82,21,0.2566414593505541,0.0855587050318718,0.17108275431868233,2.0,1.9523809523809523,2.0,2.0,1.0,4.837691321985515,0.029795802928395062,0.010223245228445806,-0.013342776237306012,-0.013342776237306009,-0.013342778747886303,0.0006476286718943675,0.0004400000180122962,0.0004400001698936965,0.0,1.259079922180113,0.0,0.0,1.1188112056409802e-08,6.992414278796298e-07
O1_s61_DPR_U,DPR_U,83,21,0.23102025624095168,0.07351556083276159,0.15750469540819015,2.0,1.9523809523809523,2.0,2.0,1.0,3.73985883850005,0.03564008175378889,0.006620870175179688,-0.008674095434340778,-0.008674095434340778,-0.008674098532590373,0.0004893118794822601,0.0003127520025555486,0.0003127519055039827,0.0,1.2832515123526895,0.0,0.0,5.585373053959713e-09,6.159722854262468e-07
O1_s61_DPR_U,DPR_U,84,21,0.20824650622064902,0.06360376360160964,0.14464274261903945,2.0,1.9523809523809523,2.0,2.0,1.0,3.992272935589036,0.031465538927866424,0.007372813783600961,-0.010256009577596197,-0.010256009577596197,-0.010256005163795245,0.0005245137485103546,0.0003584852884317041,0.0003584854346867024,0.047619047619047616,1.2572142927119865,0.0,0.0,7.218698085325854e-09,6.245077023973767e-07
O1_s61_DPR_U,DPR_U,85,21,0.22795593691664529,0.07680321467064676,0.15115272224599846,2.0,1.9523809523809523,2.0,2.0,1.0,4.12362964139796,0.02948400493224785,0.008934947323238433,-0.009596364401530963,-0.009596364401530964,-0.009596363172031863,0.000558473976155552,0.00037695795197925007,0.0003769578186011116,0.047619047619047616,1.3344197668689735,0.0,0.0,4.906868664811135e-09,6.541868632037041e-07
O1_s61_DPR_U,DPR_U,86,21,0.20202403765658203,0.06121544247227056,0.1408085951843115,2.0,1.9523809523809523,2.0,2.0,1.0,3.58236695759255,0.022347249939225197,0.007351001489531222,-0.00561233398798844,-0.00561233398798844,-0.005612335310711306,0.0003622095759876232,0.0002388948202021788,0.00023889488933636005,0.0,1.3308566148573362,0.0,0.0,6.736186355049409e-09,5.568738512973026e-07
O1_s61_DPR_U,DPR_U,87,21,0.21288124525298646,0.067808330857328,0.14507291439565845,2.0,1.9523809523809523,2.0,2.0,1.0,3.5479592058211957,0.025422711540564233,0.007853283610591295,-0.006217359468709291,-0.006217359468709291,-0.006217359092860929,0.0004525214339074361,0.00030764380352940775,0.00030764375511662946,0.0,1.2547449554217887,0.0,0.0,4.60593344431938e-09,5.961193514568444e-07
O1_s61_DPR_U,DPR_U,88,21,0.21262826405779314,0.06744459777006082,0.14518366628773233,2.0,1.9523809523809523,2.0,2.0,1.0,3.809937980133699,0.01970909983072269,0.008945395592443455,-0.006588412744742884,-0.006588412744742884,-0.006588411632858955,0.0003900512653754211,0.0002616421004038456,0.00026164237454665414,0.047619047619047616,1.330451204676667,0.0,0.0,6.850330768665798e-09,6.092974165628129e-07
O1_s61_DPR_U,DPR_U,89,21,0.19561999885383222,0.06138282145063082,0.1342371774032014,2.0,1.9523809523809523,2.0,2.0,1.0,4.145943702857643,0.01874114892304372,0.009907050241462271,-0.006154445286095862,-0.006154445286095862,-0.0061544489879865145,0.00040960359253322564,0.00028700709388367664,0.00028700633535820987,0.0,1.3128626925569098,0.0,0.0,8.264262022399842e-09,6.44236928879702e-07
O1_s61_DPR_U,DPR_U,90,21,0.203818122508608,0.06559136509895325,0.1382267574096548,2.0,1.9523809523809523,2.0,2.0,1.0,3.258975561376652,0.01776187810166054,0.009495521949552605,-0.0051142630728985335,-0.005114263072898535,-0.005114265127901647,0.00036201527154136853,0.0002472416917402674,0.0002472417440339888,0.09523809523809523,1.246383466608639,0.0,0.0,6.950621388869262e-09,5.53322974155468e-07
O1_s61_DPR_U,DPR_U,91,21,0.23376363133980066,0.07740318651000659,0.15636044482979405,2.0,1.9523809523809523,2.0,2.0,1.0,5.2762456608985095,0.017261634004445935,0.010728178424818297,-0.006749168460963709,-0.00674916846096371,-0.006749169513446118,0.00040904699362678864,0.00027463995924735036,0.00027463935411192123,0.047619047619047616,1.2533323434224395,0.0,0.0,7.502808038108043e-09,7.701334591799766e-07
O1_s61_DPR_U,DPR_U,92,21,0.1832075818529097,0.0559166455197902,0.12729093633311953,2.0,1.9523809523809523,2.0,2.0,1.0,3.2374240962650913,0.013107550806479932,0.008898336228583308,-0.0032197112376279474,-0.0032197112376279474,-0.003219710077074555,0.00025628430688216943,0.00017409987905219528,0.00017409995401125095,0.0,1.2841586284720756,0.0,0.0,4.849004941995236e-09,5.32615697914016e-07
O1_s61_DPR_U,DPR_U,93,21,0.20191884530335139,0.06415799543971107,0.13776084986364032,2.0,1.9523809523809523,2.0,2.0,1.0,3.3740356883206073,0.013054337224051048,0.009942479953588585,-0.0035580315743510144,-0.0035580315743510144,-0.003558032859318128,0.0002878071894743292,0.00019969329372451506,0.00019969336411555233,0.047619047619047616,1.263251055722022,0.0,0.0,4.2546601523260144e-09,5.654601450906822e-07
O1_s61_DPR_U,DPR_U,94,21,0.1940847267547098,0.058612423815897534,0.13547230293881224,2.0,1.9523809523809523,2.0,2.0,1.0,3.5639601857076637,0.011470435735916867,0.008280684451620621,-0.0033930644461187946,-0.003393064446118795,-0.00339306774635257,0.00020664161118607457,0.00014212716176192704,0.00014212726301833568,0.0,1.1929143060564558,0.0,0.0,8.025127103051972e-09,5.791951111887107e-07
O1_s61_DPR_U,DPR_U,95,21,0.2003629232714777,0.0646687111861649,0.1356942120853128,2.0,1.9523809523809523,2.0,2.0,1.0,3.449542394853281,0.009462016822939207,0.007199225129961595,-0.00268540294444057,-0.00268540294444057,-0.002685404167946912,0.00014672823705666674,0.00010426193091569395,0.00010426216287481311,0.047619047619047616,1.3092691945835142,0.0,0.0,6.359779676492531e-09,5.688524299763383e-07
O1_s61_DPR_U,DPR_U,96,21,0.1956470820472493,0.06363113792169661,0.13201594412555268,2.0,1.9523809523809523,2.0,2.0,1.0,3.869956790479381,0.007701411102398766,0.008288427262546754,-0.0023147372121511234,-0.0023147372121511234,-0.002314737184618205,0.00013371096991904693,8.894125954503504e-05,8.894182514341276e-05,0.0,1.339753946827409,0.0,0.0,7.809665080523132e-09,5.975602914542121e-07
O1_s61_DPR_U,DPR_U,97,21,0.2247542804637374,0.07322914259774345,0.15152513786599395,2.0,1.9523809523809523,2.0,2.0,1.0,3.7137100452907896,0.007979989473218534,0.009607707545143807,-0.002435546455456681,-0.002435546455456681,-0.0024355480527793343,0.00015949008608840957,0.00011131017544116969,0.00011131065811652242,0.047619047619047616,1.2404212700608224,0.0,0.0,6.550927758659199e-09,6.223273860634642e-07
O1_s61_DPR_U,DPR_U,98,21,0.19875954326828435,0.06273617897005308,0.13602336429823123,2.0,1.9523809523809523,2.0,2.0,1.0,3.7296799164154297,0.006124066751522608,0.008712577883676421,-0.0016551949972630374,-0.0016551949972630374,-0.00165519788992578,0.00011811123301602075,7.866831959551359e-05,7.866868629959146e-05,0.0,1.341157378319069,0.0,0.0,8.49907848332434e-09,5.905540817427658e-07
O1_s61_DPR_U,DPR_U,99,21,0.19660269770956307,0.0615272270959048,0.13507547061365824,2.0,1.9523809523809523,2.0,2.0,1.0,4.0410860033962335,0.0028516147573537445,0.012244522040375265,-0.0009215078066491854,-0.0009215078066491853,-0.0009215099694418109,7.438379711302943e-05,4.942625873833553e-05,4.942681159673612e-05,0.047619047619047616,1.218040015498151,0.0,0.0,7.129428177442592e-09,6.276083983443549e-07
O1_s61_DPR_U,DPR_U,100,21,0.18344124128623363,0.05564252233930996,0.12779871894692368,2.0,1.9523809523809523,2.0,2.0,1.0,3.0425562276684914,0.0010170567741676958,0.0076325383421943175,-0.00027214045155671013,-0.00027214045155671013,-0.00027213984966870515,1.8484151783331937e-05,1.2449890610767823e-05,1.2452377747728915e-05,0.0,1.351141699301633,0.0,0.0,7.291121497051996e-09,5.115838558046019e-07
O1_s61_RESPONSE_U,RESPONSE_U,1,21,0.5716865390244998,0.22790958625929697,0.3437769527652031,2.0,0.0,0.0,0.0,0.0,6.912931348871946,0.24021470060601305,0.0,-0.17785444324477698,-0.17785444324477698,-0.17785444324477698,0.0,0.0,0.0,0.047619047619047616,1.0,0.0,0.0,0.0,9.029440992813502e-07
O1_s61_RESPONSE_U,RESPONSE_U,2,21,0.35321814475532226,0.10278921911404246,0.2504289256412798,2.0,0.0,0.0,0.0,0.0,4.0351870242773105,0.0727032990338065,0.0,-0.0228066759658683,-0.0228066759658683,-0.0228066759658683,0.0,0.0,0.0,0.0,1.0,0.0,0.0,0.0,5.32711088846666e-07
O1_s61_RESPONSE_U,RESPONSE_U,3,21,0.34978499335204655,0.11320213068808828,0.23658286266395825,2.0,0.0,0.0,0.0,0.0,5.115054107424531,0.07221810863901476,0.0,-0.033144678461307885,-0.033144678461307885,-0.033144678461307885,0.0,0.0,0.0,0.14285714285714285,1.0,0.0,0.0,0.0,6.904634884940609e-07
O1_s61_RESPONSE_U,RESPONSE_U,4,21,0.2881296089247769,0.08487374459703763,0.20325586432773932,2.0,0.0,0.0,0.0,0.0,4.613290782179716,0.062192952748498134,0.0,-0.028663295217257728,-0.028663295217257728,-0.028663295217257728,0.0,0.0,0.0,0.19047619047619047,1.0,0.0,0.0,0.0,6.110457046214899e-07
O1_s61_RESPONSE_U,RESPONSE_U,5,21,0.24360047696465484,0.06870073239718165,0.17489974456747318,2.0,0.0,0.0,0.0,0.0,3.479788037021712,0.06121189191646276,0.0,-0.015307429425486765,-0.015307429425486765,-0.015307429425486765,0.0,0.0,0.0,0.047619047619047616,1.0,0.0,0.0,0.0,4.578189250520105e-07
O1_s61_RESPONSE_U,RESPONSE_U,6,21,0.22829266167979462,0.06747883097046897,0.16081383070932564,2.0,0.0,0.0,0.0,0.0,4.499720435408172,0.07939715699365428,0.0,-0.031880843774143866,-0.031880843774143866,-0.031880843774143866,0.0,0.0,0.0,0.047619047619047616,1.0,0.0,0.0,0.0,6.252305857840403e-07
O1_s61_RESPONSE_U,RESPONSE_U,7,21,0.21026108735555762,0.060481300488823934,0.1497797868667337,2.0,0.0,0.0,0.0,0.0,4.073872284859613,0.07555120043786907,0.0,-0.02408113352438948,-0.02408113352438948,-0.02408113352438948,0.0,0.0,0.0,0.09523809523809523,1.0,0.0,0.0,0.0,5.739533905414373e-07
O1_s61_RESPONSE_U,RESPONSE_U,8,21,0.24468621528278842,0.0777916441715899,0.16689457111119857,2.0,0.0,0.0,0.0,0.0,5.236400562651984,0.1175305823934243,0.0,-0.046513858510648126,-0.046513858510648126,-0.046513858510648126,0.0,0.0,0.0,0.09523809523809523,1.0,0.0,0.0,0.0,7.22927307322036e-07
O1_s61_RESPONSE_U,RESPONSE_U,9,21,0.2643373782045811,0.08454414102293197,0.17979323718164913,2.0,0.0,0.0,0.0,0.0,5.252987129297981,0.13243167615048954,0.0,-0.0413085290208945,-0.0413085290208945,-0.0413085290208945,0.0,0.0,0.0,0.23809523809523808,1.0,0.0,0.0,0.0,6.801514400012999e-07
O1_s61_RESPONSE_U,RESPONSE_U,10,21,0.21450635922782366,0.06102983582587469,0.15347652340194898,2.0,0.0,0.0,0.0,0.0,3.7781370897882662,0.10455338493510287,0.0,-0.02167121314419619,-0.02167121314419619,-0.02167121314419619,0.0,0.0,0.0,0.14285714285714285,1.0,0.0,0.0,0.0,5.162725968024736e-07
O1_s61_RESPONSE_U,RESPONSE_U,11,21,0.1943179488401809,0.055194376480011714,0.13912357236016917,2.0,0.0,0.0,0.0,0.0,4.405046594030592,0.13401756871027792,0.0,-0.03265644788132729,-0.03265644788132729,-0.03265644788132729,0.0,0.0,0.0,0.09523809523809523,1.0,0.0,0.0,0.0,5.923549798897502e-07
O1_s61_RESPONSE_U,RESPONSE_U,12,21,0.20593140509894892,0.062408282820667536,0.14352312227828135,2.0,0.0,0.0,0.0,0.0,4.458285007078784,0.13570438531419854,0.0,-0.026186052946605264,-0.026186052946605264,-0.026186052946605264,0.0,0.0,0.0,0.23809523809523808,1.0,0.0,0.0,0.0,5.972738361483928e-07
O1_s61_RESPONSE_U,RESPONSE_U,13,21,0.16758366819172668,0.04798998169246174,0.11959368649926493,2.0,0.0,0.0,0.0,0.0,3.3618186777107697,0.1334254514421338,0.0,-0.02075255631882846,-0.02075255631882846,-0.02075255631882846,0.0,0.0,0.0,0.047619047619047616,1.0,0.0,0.0,0.0,4.759378853347009e-07
O1_s61_RESPONSE_U,RESPONSE_U,14,21,0.19257276496274328,0.06200731137678737,0.1305654535859559,2.0,0.0,0.0,0.0,0.0,4.352240884340845,0.17627207242103168,0.0,-0.03626512548586943,-0.03626512548586943,-0.03626512548586943,0.0,0.0,0.0,0.14285714285714285,1.0,0.0,0.0,0.0,5.700399523965853e-07
O1_s61_RESPONSE_U,RESPONSE_U,15,21,0.172093284143705,0.05019096098840237,0.12190232315530264,2.0,0.0,0.0,0.0,0.0,3.5259497143978855,0.09288710768217703,0.0,-0.01880464023509033,-0.01880464023509033,-0.01880464023509033,0.0,0.0,0.0,0.14285714285714285,1.0,0.0,0.0,0.0,4.807898391450676e-07
O1_s61_RESPONSE_U,RESPONSE_U,16,21,0.15003586354754064,0.043739881011701766,0.10629598253583888,2.0,0.0,0.0,0.0,0.0,3.1423583777558255,0.07052134727031717,0.0,-0.013949601752771115,-0.013949601752771115,-0.013949601752771115,0.0,0.0,0.0,0.047619047619047616,1.0,0.0,0.0,0.0,4.263980363941694e-07
O1_s61_RESPONSE_U,RESPONSE_U,17,21,0.13194223774939853,0.03896858170628548,0.09297365604311304,2.0,0.0,0.0,0.0,0.0,2.2970063151870246,0.0661324701517415,0.0,-0.009057224889051266,-0.009057224889051266,-0.009057224889051266,0.0,0.0,0.0,0.0,1.0,0.0,0.0,0.0,3.364520648940503e-07
O1_s61_RESPONSE_U,RESPONSE_U,18,21,0.1288753027746821,0.03741415102212202,0.09146115175256006,2.0,0.0,0.0,0.0,0.0,2.1474413124487195,0.06606369415100044,0.0,-0.010388250891461212,-0.010388250891461212,-0.010388250891461212,0.0,0.0,0.0,0.09523809523809523,1.0,0.0,0.0,0.0,3.16396798896563e-07
O1_s61_RESPONSE_U,RESPONSE_U,19,21,0.12528773093823004,0.036598277056501025,0.08868945388172905,2.0,0.0,0.0,0.0,0.0,2.939216233665056,0.06906349825819384,0.0,-0.013387337503937228,-0.013387337503937228,-0.013387337503937228,0.0,0.0,0.0,0.0,1.0,0.0,0.0,0.0,4.0771189112411285e-07
O1_s61_RESPONSE_U,RESPONSE_U,20,21,0.13059356788218265,0.03757599483998049,0.09301757304220218,2.0,0.0,0.0,0.0,0.0,2.9403525380308375,0.09090889391649845,0.0,-0.015100389568395127,-0.015100389568395127,-0.015100389568395127,0.0,0.0,0.0,0.047619047619047616,1.0,0.0,0.0,0.0,4.113826498435753e-07
O1_s61_RESPONSE_U,RESPONSE_U,21,21,0.692076925235639,0.32583743972437723,0.3662394855112617,2.0,1.9523809523809523,2.0,2.0,0.05000000000000001,8.17030367566799,0.2415347664702548,0.000717281336304963,-0.16785857779310623,-0.1675448106123936,-0.1675448031942705,0.004361612933417904,0.004252313516163374,0.004252313230773155,0.047619047619047616,1.0208985192692535,0.0,0.0,0.00040114251264923237,1.1328666148548208e-06
O1_s61_RESPONSE_U,RESPONSE_U,22,21,0.6116690228610061,0.2424829483387016,0.36918607452230445,2.0,1.9523809523809523,2.0,2.0,0.10000000000000002,5.654067930508049,0.09719631189954861,0.0018385443316033497,-0.03896254473406765,-0.03884858392215785,-0.038848582546149694,0.0026057264735200774,0.002472797610348273,0.0024727971768240217,0.047619047619047616,1.037269815227479,0.0,0.0,0.0002738702637753586,7.246770121375566e-07
O1_s61_RESPONSE_U,RESPONSE_U,23,21,0.5628300068886287,0.19912467825980412,0.3637053286288247,2.0,1.9523809523809523,2.0,2.0,0.14999999999999997,5.858690759393106,0.09720172581686783,0.003437338435571997,-0.03661352292527268,-0.03645094069112228,-0.036450940016390876,0.003004089555879063,0.002764498666516446,0.002764498735503327,0.09523809523809523,1.0582729654441632,0.0,0.0,0.0004318184833872477,6.724306457374008e-07
O1_s61_RESPONSE_U,RESPONSE_U,24,21,0.5286476343899721,0.19216141956193106,0.336486214828041,2.0,1.9523809523809523,2.0,2.0,0.20000000000000004,5.141643725528023,0.09964947469418485,0.003162911867252436,-0.030767709341654695,-0.03033699900553888,-0.03033700436586917,0.0023959173952016514,0.002143971430008355,0.002143971315619044,0.09523809523809523,1.0785041440633771,0.0,0.0,0.0006051439405430065,6.277536736883328e-07
O1_s61_RESPONSE_U,RESPONSE_U,25,21,0.44191090101673175,0.15208348277069272,0.2898274182460389,2.0,1.9523809523809523,2.0,2.0,0.25,4.509180943363578,0.1031490292745016,0.0036942954289694904,-0.027652780031711868,-0.027248564720434385,-0.027248561919631247,0.002226410108496351,0.0019430458794721603,0.0019430458547375286,0.09523809523809523,1.076895784146836,0.0,0.0,0.0007197087130531717,5.635336153114511e-07
O1_s61_RESPONSE_U,RESPONSE_U,26,21,0.48532956542467287,0.17419893968672978,0.3111306257379429,2.0,1.9523809523809523,2.0,2.0,0.29999999999999993,6.0585366321356915,0.09892520248707613,0.00468605610044593,-0.038450858199340035,-0.03750056891855674,-0.0375005673291163,0.002521124798187296,0.002143149511063085,0.0021431492089194195,0.047619047619047616,1.0950835737061115,0.0,0.0,0.0013698502090541294,7.486784898431013e-07
O1_s61_RESPONSE_U,RESPONSE_U,27,21,0.4599036971427435,0.15206731465600787,0.3078363824867355,2.0,1.9523809523809523,2.0,2.0,0.34999999999999987,5.812562271579594,0.11927808606647104,0.005459683676117403,-0.0327309506141204,-0.031830620085155775,-0.03183061732867807,0.0028513615909655766,0.0023324664484503537,0.002332466911943295,0.14285714285714285,1.1544502350836872,0.0,0.0,0.0016828176206833544,7.149167343345846e-07
O1_s61_RESPONSE_U,RESPONSE_U,28,21,0.38302859826125546,0.12543594890407153,0.25759264935718396,2.0,1.9523809523809523,2.0,2.0,0.4000000000000001,4.892489845514683,0.09197457748249989,0.0062431799343768395,-0.025768514488354256,-0.024731780500671114,-0.024731777237005956,0.00229368003137547,0.0018149857088358115,0.0018149856866717345,0.047619047619047616,1.1566077770872008,0.0,0.0,0.0012216256011049872,6.169614522558169e-07
O1_s61_RESPONSE_U,RESPONSE_U,29,21,0.38989620532859853,0.1318150292195025,0.25808117610909614,2.0,1.9523809523809523,2.0,2.0,0.44999999999999996,5.224535749578881,0.09829785682340951,0.006273822441709795,-0.03058026458694301,-0.02993740317114329,-0.02993740395155365,0.0023417834429284422,0.0018767786978550174,0.0018767786292808774,0.047619047619047616,1.1232413105167627,0.0,0.0,0.0008999408228940177,6.71133018684846e-07
O1_s61_RESPONSE_U,RESPONSE_U,30,21,0.4501428181650627,0.16164219627777734,0.28850062188728526,2.0,1.9523809523809523,2.0,2.0,0.5,6.224694628260972,0.12238564739566733,0.007519113748393255,-0.043836839649889325,-0.042680654894844565,-0.04268065517151078,0.0029061686746365435,0.00219529408049353,0.0021952931864750043,0.0,1.2134293773602671,0.0,0.0,0.0019140113927757394,7.633804959362438e-07
O1_s61_RESPONSE_U,RESPONSE_U,31,21,0.413223679470752,0.13046042301825114,0.2827632564525008,2.0,1.9523809523809523,2.0,2.0,0.5500000000000002,4.711158446244984,0.07512573092090684,0.008177541377158587,-0.0250620350977895,-0.024475709576081035,-0.024475701859644067,0.0020247033924116645,0.0015698846123598413,0.0015698844953273537,0.0,1.180002317660485,0.0,0.0,0.0010052773070745654,6.236434131442987e-07
O1_s61_RESPONSE_U,RESPONSE_U,32,21,0.3476102984362204,0.1125839909627324,0.23502630747348796,2.0,1.9523809523809523,2.0,2.0,0.5999999999999999,4.665307761080572,0.07127252260960304,0.005371633005242356,-0.019729470382780064,-0.019519216836979134,-0.019519225597218758,0.0011497507266543185,0.0008836376926200499,0.0008836378823617833,0.0,1.1801180747466322,0.0,0.0,0.0004972965083080913,5.826905427550239e-07
O1_s61_RESPONSE_U,RESPONSE_U,33,21,0.4012680339985076,0.1419838854954356,0.25928414850307185,2.0,1.9523809523809523,2.0,2.0,0.6500000000000001,5.899935640239396,0.070853844846496,0.009749369932097537,-0.03733092277275942,-0.03569057692305563,-0.03569056946007366,0.0020886801341284383,0.001531528394739966,0.0015315276855551148,0.14285714285714285,1.218920534623145,0.0,0.0,0.0025425486160428725,6.839224610654553e-07
O1_s61_RESPONSE_U,RESPONSE_U,34,21,0.3626997287433188,0.11601811824809938,0.24668161049521942,2.0,1.9523809523809523,2.0,2.0,0.6999999999999997,5.737639155550317,0.09376797364238791,0.006722728912683703,-0.03439610307134415,-0.03431277815621922,-0.034312776611962754,0.0015978395055174163,0.001134862789918144,0.001134862467688094,0.047619047619047616,1.250417952012545,0.0,0.0,0.0006307107831944588,6.745165266749391e-07
O1_s61_RESPONSE_U,RESPONSE_U,35,21,0.41520235435339437,0.14806950695457913,0.26713284739881527,2.0,1.9523809523809523,2.0,2.0,0.75,4.492341449497931,0.0686680081152609,0.00895430470760768,-0.02694088215748437,-0.026410440311585216,-0.026410441153369688,0.001616391876077813,0.0011403502007571707,0.0011403499694272335,0.09523809523809523,1.2579228680820425,0.0,0.0,0.0009685788283781877,6.004457461008116e-07
O1_s61_RESPONSE_U,RESPONSE_U,36,21,0.33009043419670486,0.10315668831268947,0.2269337458840154,2.0,1.9523809523809523,2.0,2.0,0.8000000000000002,4.758417477839258,0.08190380771668407,0.010376970823636611,-0.0227862116329773,-0.022318969771262714,-0.02231896630518089,0.001963092767636313,0.0013924841460019697,0.0013924851104747946,0.14285714285714285,1.2749966581405412,0.0,0.0,0.0013028239817176482,6.077332476851757e-07
O1_s61_RESPONSE_U,RESPONSE_U,37,21,0.33110561074087286,0.10859336331486702,0.2225122474260058,2.0,1.9523809523809523,2.0,2.0,0.8499999999999999,4.665956026853051,0.055901146588036674,0.009147850755305406,-0.015442677782115635,-0.014976011226607739,-0.014976011783203722,0.0011989268347163476,0.0008012827927773121,0.0008012833260364596,0.047619047619047616,1.2567746262847057,0.0,0.0,0.0006582171904219599,5.916543033135715e-07
O1_s61_RESPONSE_U,RESPONSE_U,38,21,0.3172231968037789,0.10216765247640155,0.21505554432737733,2.0,1.9523809523809523,2.0,2.0,0.8999999999999999,4.875077508357358,0.06307791079868151,0.009983956001881261,-0.021369257509672484,-0.021050681750424592,-0.021050682101361157,0.0014096648278064537,0.0009482089050390074,0.0009482091736697052,0.047619047619047616,1.3213306639517557,0.0,0.0,0.0010482096978851393,6.151299090436464e-07
O1_s61_RESPONSE_U,RESPONSE_U,39,21,0.35654512178919967,0.1216851957142353,0.23485992607496436,2.0,1.9523809523809523,2.0,2.0,0.9499999999999996,5.514116060857323,0.09266142621725659,0.010034165960397553,-0.031161000174232543,-0.028776129012686686,-0.02877613035000843,0.002057416231097654,0.0013621508069260446,0.0013621507277031817,0.047619047619047616,1.2951482917989388,0.0,0.0,0.0030898900539693625,7.123687918414542e-07
O1_s61_RESPONSE_U,RESPONSE_U,40,21,0.3504288052503727,0.11720142070026625,0.23322738455010641,2.0,1.9523809523809523,2.0,2.0,1.0,5.003852602721511,0.07413826034164157,0.011442240529637163,-0.028523667317864074,-0.027516430156198313,-0.027516439041529218,0.0016453108389176327,0.0010828335695892797,0.001082833883041951,0.14285714285714285,1.312793798155087,0.0,0.0,0.001333080146325464,6.009134175261402e-07
O1_s61_RESPONSE_U,RESPONSE_U,41,21,0.3554364824170556,0.1208574968789305,0.23457898553812517,2.0,1.9523809523809523,2.0,2.0,1.0,4.823963958009373,0.08293540484633309,0.008049859836712492,-0.029509942794483913,-0.029298934427603177,-0.02929893256674197,0.0014508621124614807,0.0009569679735000885,0.0009569677420971827,0.09523809523809523,1.3878932885981514,0.0,0.0,0.0008742743848648241,6.598392768844576e-07
O1_s61_RESPONSE_U,RESPONSE_U,42,21,0.3064680207247796,0.09897206209245182,0.20749595863232778,2.0,1.9523809523809523,2.0,2.0,1.0,4.049435203630637,0.07134644393255493,0.010872308330519036,-0.018877158812847128,-0.018138238539620585,-0.018138236345586735,0.0015616685478715131,0.0009663201443269601,0.0009663203327297963,0.0,1.3529415280473578,0.0,0.0,0.0008594091672694959,5.453632743021825e-07
O1_s61_RESPONSE_U,RESPONSE_U,43,21,0.3169375282209662,0.10342557231585185,0.2135119559051144,2.0,1.9523809523809523,2.0,2.0,1.0,4.278298254561801,0.06690628491516394,0.010489534163293719,-0.019967437520097116,-0.019215912363302362,-0.019215912243136648,0.0014995102941092427,0.0009660893031244513,0.0009660890547592443,0.047619047619047616,1.3337844662438765,0.0,0.0,0.0011335535638046998,5.834402030358949e-07
O1_s61_RESPONSE_U,RESPONSE_U,44,21,0.35214645302351616,0.11855256362330346,0.23359388940021267,2.0,1.9523809523809523,2.0,2.0,1.0,4.330144673848828,0.06663429468877718,0.013234245064515957,-0.023142443787649885,-0.022468683998772238,-0.022468683782851637,0.0018695145529872444,0.0012050285171913543,0.0012050287226220457,0.09523809523809523,1.3344162869111582,0.0,0.0,0.0010338762269054777,6.074913205772418e-07
O1_s61_RESPONSE_U,RESPONSE_U,45,21,0.3418235360852595,0.11672072485089302,0.22510281123436657,2.0,1.9523809523809523,2.0,2.0,1.0,4.240221099658419,0.06490415110440818,0.012981856150261772,-0.017771405224048714,-0.017363329689360003,-0.01736333082130804,0.00177449808852175,0.0011193528330663157,0.001119352815111133,0.09523809523809523,1.334487494050395,0.0,0.0,0.0011644596467602151,5.640081783878447e-07
O1_s61_RESPONSE_U,RESPONSE_U,46,21,0.292498445423135,0.0891067763524396,0.2033916690706954,2.0,1.9523809523809523,2.0,2.0,1.0,4.750335245866599,0.05866505188881778,0.010659740323484643,-0.020251478147490613,-0.019398375154338326,-0.01939837673315172,0.0013303283606301312,0.000861906903584896,0.0008619072069445979,0.0,1.319529289046288,0.0,0.0,0.0009988413246124976,5.916164021971856e-07
O1_s61_RESPONSE_U,RESPONSE_U,47,21,0.33582944549256943,0.11448712079297929,0.2213423246995902,2.0,1.9523809523809523,2.0,2.0,1.0,5.508750435312676,0.0861726123818429,0.01122000114273933,-0.031961129019055776,-0.030309929577823455,-0.03030993207927574,0.002019396006499188,0.0012980019711791324,0.0012980021877805467,0.14285714285714285,1.3474141697393376,0.0,0.0,0.0019434459649059854,7.160287868722297e-07
O1_s61_RESPONSE_U,RESPONSE_U,48,21,0.3414071049685027,0.11621653022510665,0.22519057474339602,2.0,1.9523809523809523,2.0,2.0,1.0,4.60321228718635,0.0729621834676023,0.008552674592351754,-0.021755985572641398,-0.021177731541503503,-0.021177733409867294,0.0013040465545120239,0.0008537560355996537,0.0008537567203493244,0.09523809523809523,1.3027918292883813,0.0,0.0,0.0008860361057216824,6.368840444645302e-07
O1_s61_RESPONSE_U,RESPONSE_U,49,21,0.33966118216058316,0.10543016699098405,0.23423101516959915,2.0,1.9523809523809523,2.0,2.0,1.0,5.7605782786083095,0.06919313506787139,0.007055032557048704,-0.024701550610809406,-0.02377213746201827,-0.02377214438386056,0.001004076433930131,0.0006475121593328789,0.0006475125878704797,0.0,1.3142928807965362,0.0,0.0,0.0011124810228889405,7.374805285120688e-07
O1_s61_RESPONSE_U,RESPONSE_U,50,21,0.30936629191288584,0.10218677314974013,0.20717951876314572,2.0,1.9523809523809523,2.0,2.0,1.0,4.448707923619847,0.06055898623737116,0.008634945133044605,-0.01735544302787674,-0.016852617033315136,-0.01685261199819225,0.0011181129644952381,0.0007298470971349923,0.0007298468274294872,0.0,1.2518876550779563,0.0,0.0,0.000732461001301133,6.04019992501723e-07
O1_s61_RESPONSE_U,RESPONSE_U,51,21,0.28572711525443134,0.0928546663905893,0.192872448863842,2.0,1.9523809523809523,2.0,2.0,1.0,4.2757627902095505,0.05142673426414522,0.010831312979059732,-0.015532881310335821,-0.014894913878911478,-0.014894915302243619,0.0011087766315960583,0.0007042054610610507,0.0007042047860038503,0.0,1.2581892534856924,0.0,0.0,0.0011241769430041266,5.645679478253661e-07
O1_s61_RESPONSE_U,RESPONSE_U,52,21,0.2978883275481881,0.09968478019748415,0.198203547350704,2.0,1.9523809523809523,2.0,2.0,1.0,5.064870688459817,0.060938667189576814,0.009676438979338018,-0.018090992372715824,-0.017545250096833213,-0.01754524910803735,0.001256800941077772,0.0008248644980151367,0.0008248642058800485,0.0,1.248895021928561,0.0,0.0,0.0008116835844520233,6.445592288676829e-07
O1_s61_RESPONSE_U,RESPONSE_U,53,21,0.26549562302283597,0.07975624927452632,0.18573937374830965,2.0,1.9523809523809523,2.0,2.0,1.0,4.921212882369665,0.05832579084047274,0.011417220988587964,-0.019211326371835664,-0.018159490860002476,-0.01815948715943856,0.0014083358134921737,0.0008879472545892431,0.000887947504698919,0.09523809523809523,1.295163878074099,0.0,0.0,0.0013006242413290316,6.334303614159005e-07
O1_s61_RESPONSE_U,RESPONSE_U,54,21,0.28640162471679065,0.09415917134001142,0.19224245337677917,2.0,1.9523809523809523,2.0,2.0,1.0,4.7027982258291035,0.06856971593951579,0.011733977435972123,-0.019155115507442037,-0.018042366057254587,-0.01804236982884781,0.001570486630946596,0.0009648960886478123,0.0009648967635279872,0.14285714285714285,1.3519002428986906,0.0,0.0,0.0014377268496620658,6.401939278298072e-07
O1_s61_RESPONSE_U,RESPONSE_U,55,21,0.2842739419678933,0.09603212117439225,0.18824182079350113,2.0,1.9523809523809523,2.0,2.0,1.0,5.258970242431993,0.06718665084686058,0.011738258494519182,-0.02295057697605895,-0.021535981179588652,-0.0215359795881395,0.001689292807943601,0.0010789084276370117,0.0010789087458838342,0.14285714285714285,1.240541499300232,0.0,0.0,0.0018079992204370547,7.068300338932983e-07
O1_s61_RESPONSE_U,RESPONSE_U,56,21,0.2551463929024755,0.08044735768011638,0.17469903522235913,2.0,1.9523809523809523,2.0,2.0,1.0,3.817553888264889,0.045243471348798726,0.007800569626648128,-0.012713249763224127,-0.01246267254821952,-0.012462675805354841,0.0007534764696909455,0.0004941044849347294,0.0004941035220049409,0.047619047619047616,1.3370751562971204,0.0,0.0,0.0003590718147925398,5.373449846468471e-07
O1_s61_RESPONSE_U,RESPONSE_U,57,21,0.2879395312333089,0.09371488346230417,0.19422464777100476,2.0,1.9523809523809523,2.0,2.0,1.0,4.818410179210164,0.05246254648235988,0.009735856697638661,-0.02228612341985859,-0.02174743845778507,-0.02174743717082011,0.0011263493326744154,0.000754497519347723,0.0007544973259112877,0.0,1.2940124649766163,0.0,0.0,0.0008522247245895818,6.605010530453403e-07
O1_s61_RESPONSE_U,RESPONSE_U,58,21,0.3091483446758745,0.10526708424800918,0.20388126042786528,2.0,1.9523809523809523,2.0,2.0,1.0,5.030592811392631,0.08826502077321338,0.006126639324647719,-0.03537363429863921,-0.03487677460418262,-0.034876772699937844,0.0011402262132848776,0.0007738846513901974,0.0007738850580683072,0.09523809523809523,1.3204276989008403,0.0,0.0,0.0008484289893187358,7.381285286913412e-07
O1_s61_RESPONSE_U,RESPONSE_U,59,21,0.3693753641986514,0.12371070576565606,0.24566465843299537,2.0,1.9523809523809523,2.0,2.0,1.0,6.4226868283165155,0.09096516624967284,0.01017577939390465,-0.041142475273132306,-0.040773069978094795,-0.04077307027792988,0.001987556476734434,0.0012711319911212343,0.0012711318627685732,0.047619047619047616,1.353387681976874,0.0,0.0,0.0008760037569125461,8.389462646317898e-07
O1_s61_RESPONSE_U,RESPONSE_U,60,21,0.3107503354133121,0.1033260432027635,0.20742429221054856,2.0,1.9523809523809523,2.0,2.0,1.0,5.584473952834159,0.07626735984938254,0.010332125246818034,-0.027951930076668942,-0.02666320047449026,-0.026663202123866515,0.001678453325524303,0.0010578107134061375,0.0010578100992471768,0.047619047619047616,1.3121925718713574,0.0,0.0,0.002055756416742239,7.663808938967832e-07
O1_s61_RESPONSE_U,RESPONSE_U,61,21,0.3066897450511151,0.10277335186089788,0.2039163931902172,2.0,1.9523809523809523,2.0,2.0,1.0,4.718501734195101,0.05271415136233378,0.013193384233425556,-0.01571283624755669,-0.015265840657743788,-0.0152658391962227,0.001481593724087794,0.0009555417338377138,0.0009555416574524436,0.14285714285714285,1.3122264009142801,0.0,0.0,0.0009346561823787118,6.266447437301773e-07
O1_s61_RESPONSE_U,RESPONSE_U,62,21,0.29840562965547646,0.09139790793969518,0.2070077217157813,2.0,1.9523809523809523,2.0,2.0,1.0,4.89332466197784,0.048267140662292686,0.012515384187249803,-0.01844333393639133,-0.017065645396960885,-0.017065648435241536,0.001268116210678121,0.0007976525627013877,0.0007976526987986027,0.047619047619047616,1.374526485748623,0.0,0.0,0.0015885967785920004,6.659884838435062e-07
O1_s61_RESPONSE_U,RESPONSE_U,63,21,0.25454062572013914,0.08065153427776836,0.17388909144237075,2.0,1.9523809523809523,2.0,2.0,1.0,4.860688634332393,0.04249257979392359,0.012180414005462855,-0.015470013223282482,-0.014842747427893124,-0.014842747077312151,0.0010550336924912854,0.0006496559341859947,0.0006496558764111844,0.047619047619047616,1.335862722011166,0.0,0.0,0.000911899451539616,6.423465571536406e-07
O1_s61_RESPONSE_U,RESPONSE_U,64,21,0.2433291834257317,0.07554760859126136,0.16778157483447032,2.0,1.9523809523809523,2.0,2.0,1.0,3.861399403958183,0.04963102802788942,0.009403126660170902,-0.01427074724878907,-0.013742789587046141,-0.01374278813532545,0.0010237275867561,0.0006512243644825294,0.0006512241824128013,0.0,1.2878808038473768,0.0,0.0,0.0006557068251094112,5.989589280629175e-07
O1_s61_RESPONSE_U,RESPONSE_U,65,21,0.2587992248929885,0.08099839658964247,0.17780082830334604,2.0,1.9523809523809523,2.0,2.0,1.0,4.145230910304524,0.05304110497896959,0.008958520623377498,-0.016671338975610232,-0.01635966208897722,-0.016359657346287998,0.0009973187495087436,0.0006599729153426633,0.0006599727149931924,0.0,1.2902939405687799,0.0,0.0,0.00045444450397740335,6.253628178656305e-07
O1_s61_RESPONSE_U,RESPONSE_U,66,21,0.2693940987254773,0.09058383107185364,0.17881026765362368,2.0,1.9523809523809523,2.0,2.0,1.0,4.1718745762143,0.0510110881580056,0.00960104239835526,-0.01517764939449118,-0.014652331076982278,-0.014652327390809409,0.001011196828982116,0.0006382077397936634,0.000638207990933924,0.0,1.404982367752959,0.0,0.0,0.0006568355458553792,5.991116150734095e-07
O1_s61_RESPONSE_U,RESPONSE_U,67,21,0.27794275137442037,0.09355396085551806,0.1843887905189023,2.0,1.9523809523809523,2.0,2.0,1.0,4.459505986132426,0.052079987064294266,0.009326136472071369,-0.016886908729366854,-0.016361085379092196,-0.01636108456716821,0.0010359151353520387,0.0006938579171806421,0.000693858023738717,0.047619047619047616,1.3368372266314064,0.0,0.0,0.0006542357283957464,6.646674518551904e-07
O1_s61_RESPONSE_U,RESPONSE_U,68,21,0.2556097406600165,0.08237868760313306,0.17323105305688344,2.0,1.9523809523809523,2.0,2.0,1.0,4.215948360804264,0.0423398983442905,0.008677113943177436,-0.01483653423115655,-0.014374384600706062,-0.014374385241885808,0.0007985770773876949,0.000550564023887278,0.0005505638919259174,0.047619047619047616,1.2720240502732458,0.0,0.0,0.0005305742790743456,6.120179065203887e-07
O1_s61_RESPONSE_U,RESPONSE_U,69,21,0.23121277576085855,0.06938043644740469,0.16183233931345384,2.0,1.9523809523809523,2.0,2.0,1.0,3.990344998885144,0.039986395877932325,0.01097452444803072,-0.009998083217681893,-0.00988220898531898,-0.009882207329819573,0.0009373840096945085,0.0005879128326385447,0.0005879132643443017,0.047619047619047616,1.3324318903185552,0.0,0.0,0.0005992157839889054,5.675263062757878e-07
O1_s61_RESPONSE_U,RESPONSE_U,70,21,0.23946754296783754,0.07824879228359177,0.1612187506842458,2.0,1.9523809523809523,2.0,2.0,1.0,4.565248226202017,0.04202122252654978,0.009019964374311393,-0.015099499478217185,-0.014803062042515743,-0.014803059053325907,0.0007792789411912972,0.00048217591388765565,0.00048217589948466,0.0,1.3292811941163318,0.0,0.0,0.0004399423681039983,6.545511421583377e-07
O1_s61_RESPONSE_U,RESPONSE_U,71,21,0.2543757758694486,0.08678824170714333,0.1675875341623053,2.0,1.9523809523809523,2.0,2.0,1.0,5.354859004192287,0.058459950512721154,0.009324202104639336,-0.0232306450640132,-0.022697943106177634,-0.022697943865248833,0.001192538590947886,0.0007880320060052185,0.0007880315131744367,0.09523809523809523,1.3679194073717915,0.0,0.0,0.0007914830138050363,7.832766636188442e-07
O1_s61_RESPONSE_U,RESPONSE_U,72,21,0.25190375732621006,0.07832570214356695,0.17357805518264313,2.0,1.9523809523809523,2.0,2.0,1.0,4.5140091552026105,0.04658159023912014,0.0102639307905644,-0.01311101905069123,-0.012731391553733849,-0.012731391325769498,0.001006956093349989,0.0006165078156186057,0.0006165071986011885,0.09523809523809523,1.333106820448661,0.0,0.0,0.0010601008748235055,6.583254873398786e-07
O1_s61_RESPONSE_U,RESPONSE_U,73,21,0.2436465903706262,0.07883848551483381,0.1648081048557924,2.0,1.9523809523809523,2.0,2.0,1.0,4.497689139192396,0.03903029886979426,0.010089543550838392,-0.013381262445494086,-0.01295290674079871,-0.012952906660735963,0.0008393549853422549,0.000554015004404502,0.0005540155380660567,0.047619047619047616,1.298264604379904,0.0,0.0,0.0006700853215271011,6.516168478940705e-07
O1_s61_RESPONSE_U,RESPONSE_U,74,21,0.2293866110989377,0.07325254877408345,0.15613406232485424,2.0,1.9523809523809523,2.0,2.0,1.0,3.6472387353543505,0.050006999729254466,0.007843752768627235,-0.011151887419418041,-0.010733871690926275,-0.010733871505341278,0.0008196517339931798,0.0005427484203381187,0.0005427480561980718,0.14285714285714285,1.3328945769193825,0.0,0.0,0.000497767167453467,5.564919167901952e-07
O1_s61_RESPONSE_U,RESPONSE_U,75,21,0.22904089454702936,0.0710580384447461,0.15798285610228321,2.0,1.9523809523809523,2.0,2.0,1.0,4.431851519341555,0.03504242687507295,0.007713204804059799,-0.015235969022170212,-0.015204450209047506,-0.015204445217984985,0.0005874960332320033,0.0003849957001728429,0.00038499532666233955,0.0,1.348891841866227,0.0,0.0,0.0004744349516031656,6.888398099174018e-07
O1_s61_RESPONSE_U,RESPONSE_U,76,21,0.2606597609353099,0.08675991264837128,0.17389984828693864,2.0,1.9523809523809523,2.0,2.0,1.0,4.861931341734168,0.04445264974603601,0.007744247923768862,-0.015475936419746514,-0.015551083686853751,-0.015551079550350181,0.0006921703372010444,0.0004284029852506387,0.000428402706031424,0.047619047619047616,1.3327291098269953,0.0,0.0,0.0004817947006728313,7.499318860229496e-07
O1_s61_RESPONSE_U,RESPONSE_U,77,21,0.21159381982947673,0.06637557542749814,0.1452182444019786,2.0,1.9523809523809523,2.0,2.0,1.0,3.511249023383897,0.02655523276408161,0.009731876513021745,-0.0067004642870367725,-0.006547205426876436,-0.006547205057286966,0.0005507036038862647,0.00035583673922823375,0.0003558371351367323,0.0,1.3505371547270095,0.0,0.0,0.00024020476902098737,5.269965106107124e-07
O1_s61_RESPONSE_U,RESPONSE_U,78,21,0.22068415713630227,0.0683140540052028,0.15237010313109942,2.0,1.9523809523809523,2.0,2.0,1.0,3.927187936139239,0.027132665746059558,0.010305500343731325,-0.007805061714528915,-0.007326347785021775,-0.007326351221104477,0.0006052099912363525,0.0003915432125804416,0.0003915436124049333,0.0,1.3014266840706283,0.0,0.0,0.0005733663183762807,5.747033487504883e-07
O1_s61_RESPONSE_U,RESPONSE_U,79,21,0.2079750156412708,0.06790232002025559,0.14007269562101518,2.0,1.9523809523809523,2.0,2.0,1.0,3.769593847776069,0.027756312813817904,0.011144058461697921,-0.008858358646384614,-0.00866577534409132,-0.008665772760176845,0.000659085971334738,0.0004274064852589938,0.0004274069976044009,0.09523809523809523,1.3829666687294764,0.0,0.0,0.0003657872793683994,5.921020158425308e-07
O1_s61_RESPONSE_U,RESPONSE_U,80,21,0.21703274040051404,0.06985905837445032,0.14717368202606365,2.0,1.9523809523809523,2.0,2.0,1.0,4.661797042257168,0.03161034205543572,0.00968048729500254,-0.012005604739575789,-0.011715395260469321,-0.011715390813708041,0.0006989000838351228,0.00045881544406433045,0.00045881559478943505,0.19047619047619047,1.3036870119188595,0.0,0.0,0.0004850079367573032,6.868058747989859e-07
O1_s61_RESPONSE_U,RESPONSE_U,81,21,0.22695003390438023,0.07479349630219596,0.15215653760218423,2.0,1.9523809523809523,2.0,2.0,1.0,4.035741746896075,0.03055378639149698,0.01166719387678284,-0.012787142289398283,-0.012603092507983223,-0.012603091652822772,0.000774465751471899,0.0005133666256603309,0.0005133670423080857,0.047619047619047616,1.2714859149442965,0.0,0.0,0.00026690698146193426,6.363846262398218e-07
O1_s61_RESPONSE_U,RESPONSE_U,82,21,0.26220474618795936,0.087783071434214,0.17442167475374537,2.0,1.9523809523809523,2.0,2.0,1.0,5.0239897677258885,0.029654585984060355,0.011272055770570895,-0.014119770320679034,-0.013578931446958462,-0.013578927010516204,0.0006857225103306461,0.00042773357733344545,0.00042773368859777225,0.047619047619047616,1.392141507597088,0.0,0.0,0.0006251395867060669,7.167529961552325e-07
O1_s61_RESPONSE_U,RESPONSE_U,83,21,0.23614830245169394,0.07519518992020971,0.16095311253148423,2.0,1.9523809523809523,2.0,2.0,1.0,3.802815094545026,0.035373179749759634,0.006829689288358991,-0.008912167448140537,-0.008825823328581426,-0.008825820623668086,0.0004999419622154418,0.00031574464698748113,0.00031574458719263665,0.0,1.2763249247634783,0.0,0.0,0.00016645620286324808,6.163026207939606e-07
O1_s61_RESPONSE_U,RESPONSE_U,84,21,0.20987518326171303,0.06381545889945257,0.14605972436226042,2.0,1.9523809523809523,2.0,2.0,1.0,4.031510486752305,0.034021298649299266,0.0076576315698056625,-0.010092306027981926,-0.009930755599571697,-0.009930755840451206,0.0005563970421610776,0.00037119275032499333,0.00037119276406151816,0.0,1.2694579521103757,0.0,0.0,0.0002485115443023441,6.341503518400216e-07
O1_s61_RESPONSE_U,RESPONSE_U,85,21,0.2329178806930238,0.0801347703451202,0.1527831103479036,2.0,1.9523809523809523,2.0,2.0,1.0,3.9956352868329996,0.029182246728581433,0.010330576068311784,-0.009794224224800975,-0.00965551156256058,-0.009655509118260606,0.0006440528033815764,0.0004347349986539844,0.00043473475785623533,0.0,1.3221326490707757,0.0,0.0,0.00018400340081988249,6.284519882674043e-07
O1_s61_RESPONSE_U,RESPONSE_U,86,21,0.20394002072698983,0.061355232571562134,0.14258478815542766,2.0,1.9523809523809523,2.0,2.0,1.0,3.736954083046885,0.021246798284177398,0.007709175641877937,-0.005484399715693088,-0.00534808349630269,-0.005348084804859671,0.0003678986827342472,0.00024130467378121107,0.00024130484356479556,0.0,1.3071789729992769,0.0,0.0,0.0001665466934002997,5.611258323828974e-07
O1_s61_RESPONSE_U,RESPONSE_U,87,21,0.21700917026952116,0.06967082814801306,0.1473383421215081,2.0,1.9523809523809523,2.0,2.0,1.0,3.7050597786303157,0.024746081235301257,0.008285792198339793,-0.0064622398858529325,-0.006421093584216582,-0.0064210955962051355,0.0004600520413090278,0.0003119287476913788,0.00031192882675397653,0.047619047619047616,1.2684910495285815,0.0,0.0,0.00015325765435040086,6.138821188901831e-07
O1_s61_RESPONSE_U,RESPONSE_U,88,21,0.21382386593757463,0.06711234178926263,0.14671152414831198,2.0,1.9523809523809523,2.0,2.0,1.0,4.012976457307185,0.017473632292809422,0.01010707683146354,-0.00637811245727316,-0.006290256497256484,-0.006290258885258233,0.0003785843628436845,0.00024956543210510526,0.0002495654568616538,0.0,1.3300355336287042,0.0,0.0,0.0002188952980501437,6.188676605497347e-07
O1_s61_RESPONSE_U,RESPONSE_U,89,21,0.19567163249041114,0.060786398216372446,0.13488523427403867,2.0,1.9523809523809523,2.0,2.0,1.0,4.042916719493531,0.017615539809072184,0.009967691522580218,-0.005653359983689819,-0.005581655971197618,-0.0055816525933914335,0.0003779587306476207,0.0002583394051598102,0.0002583394279058821,0.0,1.297965008562439,0.0,0.0,0.00014396892590162812,6.2865772754249e-07
O1_s61_RESPONSE_U,RESPONSE_U,90,21,0.20463802274734116,0.06561359984888918,0.13902442289845202,2.0,1.9523809523809523,2.0,2.0,1.0,3.3748692852644537,0.017056522831273374,0.00953152163073224,-0.005139736695507114,-0.00508270239826843,-0.005082700923629154,0.00034277870257109106,0.00022932147252612025,0.00022932127675979701,0.047619047619047616,1.3263373870791422,0.0,0.0,0.0001317139619748418,5.646202904373247e-07
O1_s61_RESPONSE_U,RESPONSE_U,91,21,0.23462119196094036,0.07716618513777143,0.15745500682316893,2.0,1.9523809523809523,2.0,2.0,1.0,5.239678874123756,0.017366036353686314,0.009959874765779572,-0.006580185760002396,-0.006447904497266806,-0.006447904986244561,0.00037414844734886675,0.00024062328781860185,0.00024062335953800007,0.09523809523809523,1.2741680556438832,0.0,0.0,0.00032992016273639525,7.642306263847439e-07
O1_s61_RESPONSE_U,RESPONSE_U,92,21,0.1854793388575453,0.05649005266882125,0.12898928618872404,2.0,1.9523809523809523,2.0,2.0,1.0,3.4523168357426592,0.013603291532138965,0.008714761960647764,-0.0033448554383666237,-0.003269769399417862,-0.0032697690024864525,0.00025182079609262166,0.00016032368960861482,0.00016032349487443988,0.0,1.32225840655657,0.0,0.0,0.00012338626014737173,5.46310351251012e-07
O1_s61_RESPONSE_U,RESPONSE_U,93,21,0.20389567646943052,0.06521446115913845,0.13868121531029207,2.0,1.9523809523809523,2.0,2.0,1.0,3.440000845785716,0.012986956951033772,0.009162406208453095,-0.0034144737808900396,-0.003373422940075552,-0.0033734231336756356,0.0002645435849849048,0.00018327607564460306,0.0001832759226776736,0.047619047619047616,1.3121081717349228,0.0,0.0,8.655768935198589e-05,5.656078779463133e-07
O1_s61_RESPONSE_U,RESPONSE_U,94,21,0.1977913875013187,0.05977246183015052,0.1380189256711682,2.0,1.9523809523809523,2.0,2.0,1.0,3.794903627552569,0.012168751282782372,0.007893048448694049,-0.0038298550117725747,-0.003788400708023868,-0.0037884034176522744,0.00020327888476339207,0.00013386034619575855,0.00013386070780111969,0.0,1.274154008498397,0.0,0.0,9.458917830556508e-05,6.111927702994013e-07
O1_s61_RESPONSE_U,RESPONSE_U,95,21,0.20432922248870217,0.06601743098525774,0.13831179150344441,2.0,1.9523809523809523,2.0,2.0,1.0,3.5828636538630074,0.010301588679731272,0.00815835569183081,-0.0030237587117581638,-0.002972971004621098,-0.0029729702774431914,0.00017774882530998014,0.00011670734917777641,0.00011670720316926916,0.0,1.3654678645231808,0.0,0.0,0.00010244555152779247,5.883119490531469e-07
O1_s61_RESPONSE_U,RESPONSE_U,96,21,0.19800983378694426,0.0640434715009871,0.13396636228595712,2.0,1.9523809523809523,2.0,2.0,1.0,3.76453123299111,0.007602965448667812,0.008256172946364224,-0.0020905229910225297,-0.0020628842903939117,-0.002062887540463162,0.0001336281336180143,8.782713785461821e-05,8.782716228529692e-05,0.0,1.339245411018,0.0,0.0,6.14599186331322e-05,5.845323488095208e-07
O1_s61_RESPONSE_U,RESPONSE_U,97,21,0.22872481614443427,0.07481550975214868,0.15390930639228562,2.0,1.9523809523809523,2.0,2.0,1.0,3.844987897806026,0.00851980475940494,0.009464017782328188,-0.0025737175825969703,-0.002516800599987561,-0.00251679981470946,0.0001656516141507823,0.00010967043253390602,0.00010967055748728165,0.047619047619047616,1.2813065657160803,0.0,0.0,8.606770764964777e-05,6.321586463479956e-07
O1_s61_RESPONSE_U,RESPONSE_U,98,21,0.20022235393436588,0.06273728502648217,0.13748506890788367,2.0,1.9523809523809523,2.0,2.0,1.0,3.7960750575712545,0.005919966185658469,0.007882614906693279,-0.0016131113679448274,-0.0015873828712466617,-0.0015873801528455084,0.00010402577057197241,6.76287548611155e-05,6.762873498809682e-05,0.0,1.3716521870218399,0.0,0.0,5.172533390907664e-05,5.983649011547233e-07
O1_s61_RESPONSE_U,RESPONSE_U,99,21,0.19979909442434116,0.06244270849440779,0.13735638592993332,2.0,1.9523809523809523,2.0,2.0,1.0,4.264842138023967,0.002941617494531667,0.010845842568574222,-0.0009926552984411922,-0.0009800518644683918,-0.000980050896499167,6.629836609893672e-05,4.191347056975278e-05,4.191403667852989e-05,0.0,1.2508188038387027,0.0,0.0,2.5022997712596454e-05,6.507516294830906e-07
O1_s61_RESPONSE_U,RESPONSE_U,100,21,0.1833780381879673,0.05580182160649981,0.12757621658146753,2.0,1.9523809523809523,2.0,2.0,1.0,3.1124531234557957,0.0009712626450264153,0.006984907250636281,-0.0002639675560436009,-0.00025929575223356015,-0.0002592973317998749,1.6450416135738095e-05,1.0835490023713722e-05,1.0838823291913888e-05,0.0,1.3855437750344197,0.0,0.0,8.488520432923935e-06,5.118003280390199e-07
O1_s61_DPR_L,DPR_L,1,21,0.5716865390244998,0.22790958625929697,0.3437769527652031,2.0,0.0,0.0,0.0,0.0,6.912931348871946,0.24021470060601305,0.0,-0.17785444324477698,-0.17785444324477698,-0.17785444324477698,0.0,0.0,0.0,0.047619047619047616,1.0,0.0,0.0,0.0,9.029440992813502e-07
O1_s61_DPR_L,DPR_L,2,21,0.35321814475532226,0.10278921911404246,0.2504289256412798,2.0,0.0,0.0,0.0,0.0,4.0351870242773105,0.0727032990338065,0.0,-0.0228066759658683,-0.0228066759658683,-0.0228066759658683,0.0,0.0,0.0,0.0,1.0,0.0,0.0,0.0,5.32711088846666e-07
O1_s61_DPR_L,DPR_L,3,21,0.34978499335204655,0.11320213068808828,0.23658286266395825,2.0,0.0,0.0,0.0,0.0,5.115054107424531,0.07221810863901476,0.0,-0.033144678461307885,-0.033144678461307885,-0.033144678461307885,0.0,0.0,0.0,0.14285714285714285,1.0,0.0,0.0,0.0,6.904634884940609e-07
O1_s61_DPR_L,DPR_L,4,21,0.2881296089247769,0.08487374459703763,0.20325586432773932,2.0,0.0,0.0,0.0,0.0,4.613290782179716,0.062192952748498134,0.0,-0.028663295217257728,-0.028663295217257728,-0.028663295217257728,0.0,0.0,0.0,0.19047619047619047,1.0,0.0,0.0,0.0,6.110457046214899e-07
O1_s61_DPR_L,DPR_L,5,21,0.24360047696465484,0.06870073239718165,0.17489974456747318,2.0,0.0,0.0,0.0,0.0,3.479788037021712,0.06121189191646276,0.0,-0.015307429425486765,-0.015307429425486765,-0.015307429425486765,0.0,0.0,0.0,0.047619047619047616,1.0,0.0,0.0,0.0,4.578189250520105e-07
O1_s61_DPR_L,DPR_L,6,21,0.22829266167979462,0.06747883097046897,0.16081383070932564,2.0,0.0,0.0,0.0,0.0,4.499720435408172,0.07939715699365428,0.0,-0.031880843774143866,-0.031880843774143866,-0.031880843774143866,0.0,0.0,0.0,0.047619047619047616,1.0,0.0,0.0,0.0,6.252305857840403e-07
O1_s61_DPR_L,DPR_L,7,21,0.21026108735555762,0.060481300488823934,0.1497797868667337,2.0,0.0,0.0,0.0,0.0,4.073872284859613,0.07555120043786907,0.0,-0.02408113352438948,-0.02408113352438948,-0.02408113352438948,0.0,0.0,0.0,0.09523809523809523,1.0,0.0,0.0,0.0,5.739533905414373e-07
O1_s61_DPR_L,DPR_L,8,21,0.24468621528278842,0.0777916441715899,0.16689457111119857,2.0,0.0,0.0,0.0,0.0,5.236400562651984,0.1175305823934243,0.0,-0.046513858510648126,-0.046513858510648126,-0.046513858510648126,0.0,0.0,0.0,0.09523809523809523,1.0,0.0,0.0,0.0,7.22927307322036e-07
O1_s61_DPR_L,DPR_L,9,21,0.2643373782045811,0.08454414102293197,0.17979323718164913,2.0,0.0,0.0,0.0,0.0,5.252987129297981,0.13243167615048954,0.0,-0.0413085290208945,-0.0413085290208945,-0.0413085290208945,0.0,0.0,0.0,0.23809523809523808,1.0,0.0,0.0,0.0,6.801514400012999e-07
O1_s61_DPR_L,DPR_L,10,21,0.21450635922782366,0.06102983582587469,0.15347652340194898,2.0,0.0,0.0,0.0,0.0,3.7781370897882662,0.10455338493510287,0.0,-0.02167121314419619,-0.02167121314419619,-0.02167121314419619,0.0,0.0,0.0,0.14285714285714285,1.0,0.0,0.0,0.0,5.162725968024736e-07
O1_s61_DPR_L,DPR_L,11,21,0.1943179488401809,0.055194376480011714,0.13912357236016917,2.0,0.0,0.0,0.0,0.0,4.405046594030592,0.13401756871027792,0.0,-0.03265644788132729,-0.03265644788132729,-0.03265644788132729,0.0,0.0,0.0,0.09523809523809523,1.0,0.0,0.0,0.0,5.923549798897502e-07
O1_s61_DPR_L,DPR_L,12,21,0.20593140509894892,0.062408282820667536,0.14352312227828135,2.0,0.0,0.0,0.0,0.0,4.458285007078784,0.13570438531419854,0.0,-0.026186052946605264,-0.026186052946605264,-0.026186052946605264,0.0,0.0,0.0,0.23809523809523808,1.0,0.0,0.0,0.0,5.972738361483928e-07
O1_s61_DPR_L,DPR_L,13,21,0.16758366819172668,0.04798998169246174,0.11959368649926493,2.0,0.0,0.0,0.0,0.0,3.3618186777107697,0.1334254514421338,0.0,-0.02075255631882846,-0.02075255631882846,-0.02075255631882846,0.0,0.0,0.0,0.047619047619047616,1.0,0.0,0.0,0.0,4.759378853347009e-07
O1_s61_DPR_L,DPR_L,14,21,0.19257276496274328,0.06200731137678737,0.1305654535859559,2.0,0.0,0.0,0.0,0.0,4.352240884340845,0.17627207242103168,0.0,-0.03626512548586943,-0.03626512548586943,-0.03626512548586943,0.0,0.0,0.0,0.14285714285714285,1.0,0.0,0.0,0.0,5.700399523965853e-07
O1_s61_DPR_L,DPR_L,15,21,0.172093284143705,0.05019096098840237,0.12190232315530264,2.0,0.0,0.0,0.0,0.0,3.5259497143978855,0.09288710768217703,0.0,-0.01880464023509033,-0.01880464023509033,-0.01880464023509033,0.0,0.0,0.0,0.14285714285714285,1.0,0.0,0.0,0.0,4.807898391450676e-07
O1_s61_DPR_L,DPR_L,16,21,0.15003586354754064,0.043739881011701766,0.10629598253583888,2.0,0.0,0.0,0.0,0.0,3.1423583777558255,0.07052134727031717,0.0,-0.013949601752771115,-0.013949601752771115,-0.013949601752771115,0.0,0.0,0.0,0.047619047619047616,1.0,0.0,0.0,0.0,4.263980363941694e-07
O1_s61_DPR_L,DPR_L,17,21,0.13194223774939853,0.03896858170628548,0.09297365604311304,2.0,0.0,0.0,0.0,0.0,2.2970063151870246,0.0661324701517415,0.0,-0.009057224889051266,-0.009057224889051266,-0.009057224889051266,0.0,0.0,0.0,0.0,1.0,0.0,0.0,0.0,3.364520648940503e-07
O1_s61_DPR_L,DPR_L,18,21,0.1288753027746821,0.03741415102212202,0.09146115175256006,2.0,0.0,0.0,0.0,0.0,2.1474413124487195,0.06606369415100044,0.0,-0.010388250891461212,-0.010388250891461212,-0.010388250891461212,0.0,0.0,0.0,0.09523809523809523,1.0,0.0,0.0,0.0,3.16396798896563e-07
O1_s61_DPR_L,DPR_L,19,21,0.12528773093823004,0.036598277056501025,0.08868945388172905,2.0,0.0,0.0,0.0,0.0,2.939216233665056,0.06906349825819384,0.0,-0.013387337503937228,-0.013387337503937228,-0.013387337503937228,0.0,0.0,0.0,0.0,1.0,0.0,0.0,0.0,4.0771189112411285e-07
O1_s61_DPR_L,DPR_L,20,21,0.13059356788218265,0.03757599483998049,0.09301757304220218,2.0,0.0,0.0,0.0,0.0,2.9403525380308375,0.09090889391649845,0.0,-0.015100389568395127,-0.015100389568395127,-0.015100389568395127,0.0,0.0,0.0,0.047619047619047616,1.0,0.0,0.0,0.0,4.113826498435753e-07
O1_s61_DPR_L,DPR_L,21,21,0.692267377607373,0.3260368403224718,0.36623053728490124,2.0,2.0,2.0,2.0,0.05000000000000001,8.182067241573604,0.24177410358183749,0.0007641551002586526,-0.16768379353688564,-0.16768379353688567,-0.16768378795226954,0.005387702833873894,0.0052618092381720456,0.005261809202772483,0.047619047619047616,1.0179807496851294,0.0,0.0,1.3482796382374078e-08,1.1332346178698083e-06
O1_s61_DPR_L,DPR_L,22,21,0.6105336001321797,0.24152328783557528,0.3690103122966046,2.0,2.0,2.0,2.0,0.10000000000000002,5.6601442523625805,0.09689701690290156,0.0022060337418030864,-0.03844444147454357,-0.03844444147454357,-0.038444441735455616,0.0033322272604657454,0.003185698293430004,0.0031856983397775527,0.047619047619047616,1.0343960322275219,0.0,0.0,1.0268362594069576e-08,7.245131215115353e-07
O1_s61_DPR_L,DPR_L,23,21,0.5613566274063488,0.19866730787214779,0.3626893195342009,2.0,2.0,2.0,2.0,0.14999999999999997,5.835047180551335,0.09777392161941825,0.0031808397529461195,-0.03635943512966085,-0.03635943512966085,-0.03635944158555751,0.003027688780244781,0.002813207427185629,0.0028132073793661417,0.09523809523809523,1.0467977068623002,0.0,0.0,1.277595691366806e-08,6.764644059278155e-07
O1_s61_DPR_L,DPR_L,24,21,0.52721927027052,0.19159193195047833,0.33562733832004177,2.0,2.0,2.0,2.0,0.20000000000000004,5.104624192238144,0.0996709350752453,0.003106781706374664,-0.03058539556930146,-0.03058539556930145,-0.030585394257629843,0.0026051749661000967,0.0023818375523485236,0.002381837139342222,0.09523809523809523,1.06191865034848,0.0,0.0,1.0591424066425008e-08,6.250413466057332e-07
O1_s61_DPR_L,DPR_L,25,21,0.440159159750876,0.152153427756968,0.28800573199390794,2.0,2.0,2.0,2.0,0.25,4.482353862576344,0.10053350961776066,0.004419807161145799,-0.027495917306382595,-0.027495917306382595,-0.0274959181148567,0.002988997240402237,0.0026710069539695965,0.0026710067466748162,0.09523809523809523,1.07491234370155,0.0,0.0,5.955378246610827e-09,5.576321208254309e-07
O1_s61_DPR_L,DPR_L,26,21,0.490848316436091,0.17643646399180093,0.31441185244428993,2.0,2.0,2.0,2.0,0.29999999999999993,6.319711868336084,0.10174733122301587,0.004889642803021436,-0.042894465437648924,-0.04289446543764893,-0.04289446511110431,0.002752348913523784,0.002383429341023801,0.002383429930684319,0.09523809523809523,1.0869221344317515,0.0,0.0,1.3492745734891283e-08,7.759489290994118e-07
O1_s61_DPR_L,DPR_L,27,21,0.4627516708966722,0.15245861702022098,0.31029305387645123,2.0,2.0,2.0,2.0,0.34999999999999987,5.680441615037704,0.11860524054374252,0.004639692616106754,-0.03142671476614128,-0.031426714766141284,-0.03142671745399591,0.0026574961910660034,0.0022833448772347996,0.002283345110792003,0.14285714285714285,1.104031005470792,0.0,0.0,1.0939675579790677e-08,6.96732603300989e-07
O1_s61_DPR_L,DPR_L,28,21,0.38484133667863485,0.12570142692753247,0.25913990975110246,2.0,2.0,2.0,2.0,0.4000000000000001,4.767174371643576,0.09512989749685667,0.0049892257457166645,-0.025449378220592317,-0.025449378220592313,-0.025449374234108334,0.0021059324997171175,0.001762769708818726,0.0017627694735013414,0.047619047619047616,1.1218289631786273,0.0,0.0,9.35367199415021e-09,6.070865990992698e-07
O1_s61_DPR_L,DPR_L,29,21,0.38963853954879063,0.13169135720956893,0.25794718233922165,2.0,2.0,2.0,2.0,0.44999999999999996,5.10121978176608,0.10031562879734433,0.004947662400666688,-0.029658111025678318,-0.029658111025678318,-0.029658109444635507,0.0020438174326134102,0.001703011286654998,0.0017030109181309329,0.14285714285714285,1.143614671093614,0.0,0.0,7.703954074245058e-09,6.582524280158507e-07
O1_s61_DPR_L,DPR_L,30,21,0.4575325363880953,0.1644330191470328,0.29309951724106265,2.0,2.0,2.0,2.0,0.5,6.361385858485066,0.12795547084436598,0.005744609410645703,-0.048519837362250205,-0.048519837362250205,-0.0485198389100794,0.002671480604702467,0.0022251094415235767,0.0022251094083399017,0.047619047619047616,1.1555973514258018,0.0,0.0,1.052689974366232e-08,7.809086024773494e-07
O1_s61_DPR_L,DPR_L,31,21,0.42278555974629495,0.13515661763293402,0.2876289421133609,2.0,2.0,2.0,2.0,0.5500000000000002,4.6720887750088576,0.07700377314250034,0.0065936257063765324,-0.024441967261014986,-0.024441967261014986,-0.02444196951459321,0.0017024123800549581,0.0013341365681436093,0.0013341357941218815,0.047619047619047616,1.14697984640743,0.0,0.0,9.28043763856128e-09,6.112198340374529e-07
O1_s61_DPR_L,DPR_L,32,21,0.3548433603709171,0.11513471798527808,0.23970864238563902,2.0,2.0,2.0,2.0,0.5999999999999999,4.585883723335299,0.07058393646958545,0.0064141356790818616,-0.019123744677745066,-0.019123744677745066,-0.019123742172920743,0.0015015369154347102,0.0012047349782535696,0.0012047347770165872,0.047619047619047616,1.143959988903738,0.0,0.0,9.862374828785804e-09,5.780463165514585e-07
O1_s61_DPR_L,DPR_L,33,21,0.4019718349031644,0.14114158884400413,0.2608302460591604,2.0,2.0,2.0,2.0,0.6500000000000001,5.118134487799395,0.07606607840295629,0.008465827775793931,-0.03115657483277506,-0.03115657483277506,-0.031156573586710774,0.0020010180872101382,0.001574759281642858,0.0015747596917791017,0.047619047619047616,1.1638680237352552,0.0,0.0,7.465287106627167e-09,6.358772547239616e-07
O1_s61_DPR_L,DPR_L,34,21,0.35626330276939183,0.11216596549465543,0.24409733727473645,2.0,2.0,2.0,2.0,0.6999999999999997,6.0631367433403724,0.08829987014839999,0.008418243424891877,-0.036077026619769276,-0.036077026619769276,-0.03607703316478973,0.0020551615700699884,0.0015819961456134876,0.0015819967921132205,0.09523809523809523,1.2119039788066654,0.0,0.0,1.3151632196667585e-08,6.673732061077201e-07
O1_s61_DPR_L,DPR_L,35,21,0.4252592584544703,0.15303310716436022,0.27222615129011013,2.0,2.0,2.0,2.0,0.75,4.763711999055057,0.07487717028367162,0.008370381114982946,-0.03040958904362782,-0.03040958904362782,-0.030409590587421858,0.0018499142515544318,0.0014301070772994267,0.0014301070489634675,0.047619047619047616,1.220345997439593,0.0,0.0,8.710624941559361e-09,6.407420680513266e-07
O1_s61_DPR_L,DPR_L,36,21,0.3363667620403328,0.10591181669206846,0.23045494534826427,2.0,2.0,2.0,2.0,0.8000000000000002,4.7278203296883845,0.08520920135565477,0.00741387946152086,-0.023544149433988512,-0.023544149433988512,-0.0235441528466919,0.001574798451627774,0.001177156003913872,0.0011771558993274051,0.09523809523809523,1.1825683922876378,0.0,0.0,1.0883812668840295e-08,6.112898977541379e-07
O1_s61_DPR_L,DPR_L,37,21,0.332512409778831,0.10961997012297313,0.22289243965585787,2.0,2.0,2.0,2.0,0.8499999999999999,4.561968836999389,0.06364583752479094,0.009240694645117694,-0.015375763591689037,-0.015375763591689037,-0.015375762311719922,0.0014549209608385274,0.001066596121988392,0.0010665960210315185,0.047619047619047616,1.215138431196407,0.0,0.0,6.374713162942765e-09,5.856529739498919e-07
O1_s61_DPR_L,DPR_L,38,21,0.3189317290128948,0.10316637779275577,0.21576535122013898,2.0,2.0,2.0,2.0,0.8999999999999999,4.973435928269337,0.06346018300906235,0.013639333930583416,-0.022243578964218545,-0.022243578964218545,-0.022243582685960404,0.002087669088855117,0.0015429484985856725,0.0015429487666522943,0.0,1.1904653008607662,0.0,0.0,7.073438157751719e-09,6.338963994824508e-07
O1_s61_DPR_L,DPR_L,39,21,0.36372017807579315,0.12445734494498797,0.23926283313080526,2.0,2.0,2.0,2.0,0.9499999999999996,5.6082060107454215,0.08884916609267071,0.01211376780111173,-0.03132633108603939,-0.03132633108603939,-0.03132632328093665,0.002517703109504173,0.0018016153570030288,0.0018016146609413906,0.09523809523809523,1.2145429788544941,0.0,0.0,1.2959177761318223e-08,7.196865576233578e-07
O1_s61_DPR_L,DPR_L,40,21,0.34431161643583064,0.1127887840072314,0.23152283242859925,2.0,2.0,2.0,2.0,1.0,4.695624829685038,0.0682582566769846,0.012881413390542863,-0.025404705230465945,-0.025404705230465945,-0.025404708843079934,0.0019418854574316355,0.0013506042416800384,0.001350604568991677,0.23809523809523808,1.3240674809594966,0.0,0.0,8.855622908354905e-09,5.747338469307674e-07
O1_s61_DPR_L,DPR_L,41,21,0.35996438926772734,0.12378258116188504,0.2361818081058423,2.0,2.0,2.0,2.0,1.0,4.919599696331352,0.08375025059578053,0.010204671313237091,-0.02938661430226203,-0.02938661430226203,-0.0293866240307279,0.0019237022988576695,0.0013145334972711365,0.0013145335397423841,0.09523809523809523,1.2773672358625319,0.0,0.0,1.1432578164601911e-08,6.68119795752637e-07
O1_s61_DPR_L,DPR_L,42,21,0.3056580860030125,0.09896242742737134,0.20669565857564115,2.0,2.0,2.0,2.0,1.0,3.9730517006932606,0.07375549715854149,0.00914260234185876,-0.017146110445183955,-0.01714611044518396,-0.01714610860427454,0.001514565980326231,0.0010533913366141177,0.0010533914975998102,0.047619047619047616,1.2939128201136751,0.0,0.0,7.34363669879372e-09,5.259628456245165e-07
O1_s61_DPR_L,DPR_L,43,21,0.3177030757846472,0.10385608194129807,0.21384699384334907,2.0,2.0,2.0,2.0,1.0,4.260706512725314,0.06545703153590983,0.010238777299118021,-0.019815355925013545,-0.019815355925013548,-0.019815353084119906,0.0014408168990904752,0.0010104855666338748,0.001010485075449349,0.09523809523809523,1.2323224083023123,0.0,0.0,9.841820928092197e-09,5.78672677933127e-07
O1_s61_DPR_L,DPR_L,44,21,0.3536846020905414,0.12057490274310112,0.2331096993474404,2.0,2.0,2.0,2.0,1.0,4.321469993652471,0.06165720743981126,0.011467790217576131,-0.021846741164010197,-0.02184674116401019,-0.02184674048392755,0.0015604288302489106,0.0010669336655826618,0.0010669340768117773,0.09523809523809523,1.2186732458556986,0.0,0.0,9.808504644773764e-09,5.977719695865744e-07
O1_s61_DPR_L,DPR_L,45,21,0.3429794602599352,0.11730768762174107,0.22567177263819407,2.0,2.0,2.0,2.0,1.0,4.047625039197058,0.0631983887049894,0.011230970021185515,-0.01749670261685538,-0.01749670261685538,-0.01749670113130949,0.0015383926397567614,0.0010511144908686252,0.0010511142766020522,0.047619047619047616,1.310100018868521,0.0,0.0,6.893064765209094e-09,5.405032918056201e-07
O1_s61_DPR_L,DPR_L,46,21,0.2889031348214418,0.08735593709917296,0.2015471977222689,2.0,2.0,2.0,2.0,1.0,4.638342959885636,0.053703787971910846,0.012959893952058422,-0.017911417615985276,-0.017911417615985276,-0.017911418341597672,0.001575157964956832,0.0011090710320325486,0.001109071265958568,0.0,1.2350926001267493,0.0,0.0,1.0439606942038535e-08,5.726790952603972e-07
O1_s61_DPR_L,DPR_L,47,21,0.3256465624860816,0.11084945251544316,0.21479710997063833,2.0,2.0,2.0,2.0,1.0,4.956042093572596,0.07726978546542539,0.010913980693068235,-0.02806965669150536,-0.02806965669150536,-0.028069657356707602,0.0018729012547647902,0.0012721628687612232,0.0012721636125727364,0.14285714285714285,1.202310688620267,0.0,0.0,1.0436015262865482e-08,6.592577942739288e-07
O1_s61_DPR_L,DPR_L,48,21,0.3376644058061353,0.11500129085921106,0.22266311494692428,2.0,2.0,2.0,2.0,1.0,4.530661838912396,0.07177258868630106,0.006009238445652316,-0.022361316225497835,-0.022361316225497835,-0.022361313837989904,0.0009840714357687566,0.0007289493404367113,0.0007289490155086868,0.047619047619047616,1.2467297153533772,0.0,0.0,7.158301711710787e-09,6.374939278790797e-07
O1_s61_DPR_L,DPR_L,49,21,0.3422139076917842,0.10873907981883912,0.2334748278729451,2.0,2.0,2.0,2.0,1.0,5.58660645937009,0.07529454219939988,0.008487379364956197,-0.0271006429132782,-0.0271006429132782,-0.027100641205617067,0.001419799099317962,0.0009837250706491553,0.0009837248594433679,0.047619047619047616,1.2748266464922255,0.0,0.0,1.0511592280488157e-08,7.400896944391646e-07
O1_s61_DPR_L,DPR_L,50,21,0.307821192960084,0.10056233122235253,0.20725886173773148,2.0,2.0,2.0,2.0,1.0,4.3853418845003285,0.05726109411942723,0.00846957325410361,-0.01629769843833065,-0.01629769843833065,-0.016297691823190515,0.0010286006374198957,0.000695245434697613,0.0006952450017685206,0.0,1.2699321211105905,0.0,0.0,1.1095536574171047e-08,5.873194964903716e-07
O1_s61_DPR_L,DPR_L,51,21,0.2863680798728646,0.09312243067792483,0.19324564919493975,2.0,2.0,2.0,2.0,1.0,4.296901951972984,0.05424288946694643,0.011222545721808228,-0.01739359995646052,-0.01739359995646052,-0.01739359944898456,0.0013196366939160684,0.0009081026649398708,0.0009081023808646565,0.0,1.2755251022294685,0.0,0.0,5.980561342051782e-09,5.82139675492228e-07
O1_s61_DPR_L,DPR_L,52,21,0.3010605292853875,0.09975907029140563,0.20130145899398186,2.0,2.0,2.0,2.0,1.0,5.247228679282425,0.06697913724080692,0.011435388577297381,-0.020133442900369964,-0.020133442900369967,-0.020133440857363974,0.0016607570137695735,0.0011262230109014841,0.001126223351813493,0.09523809523809523,1.2370419923621139,0.0,0.0,8.521424448660963e-09,6.682239514247114e-07
O1_s61_DPR_L,DPR_L,53,21,0.2692307074805522,0.08058152879987444,0.18864917868067774,2.0,2.0,2.0,2.0,1.0,5.094910106428557,0.05970753257012164,0.010528089732159473,-0.019809663273861536,-0.019809663273861536,-0.019809657357249367,0.0013716088708987596,0.0009352997656341107,0.0009352998400689308,0.14285714285714285,1.3008580069203772,0.0,0.0,1.2383491439948347e-08,6.504339431110049e-07
O1_s61_DPR_L,DPR_L,54,21,0.2803077628727396,0.09179163866099857,0.18851612421174105,2.0,2.0,2.0,2.0,1.0,4.38320391216093,0.05502958865619479,0.014735457864198049,-0.016091451821399847,-0.016091451821399847,-0.01609145668914111,0.001793257512218955,0.0012253612573090422,0.0012253612049236183,0.09523809523809523,1.2522765125800477,0.0,0.0,8.23856143590492e-09,5.895874826607637e-07
O1_s61_DPR_L,DPR_L,55,21,0.28510309728124444,0.0958055816590786,0.18929751562216582,2.0,2.0,2.0,2.0,1.0,5.192808943785346,0.07775488142347003,0.009802573206917069,-0.024573656198919845,-0.024573656198919845,-0.024573655598552364,0.0017016085785692438,0.0012006462737280048,0.0012006460190300268,0.14285714285714285,1.2227133476510386,0.0,0.0,6.415087042495658e-09,7.192124099779329e-07
O1_s61_DPR_L,DPR_L,56,21,0.2622421020166718,0.08402907937055543,0.1782130226461165,2.0,2.0,2.0,2.0,1.0,4.245317229237637,0.05650842779902351,0.008477001280350808,-0.01651941931820717,-0.016519419318207166,-0.016519419578321946,0.0010843254353540123,0.0007834525744106825,0.0007834526214703981,0.09523809523809523,1.2518409460240223,0.0,0.0,6.919115233132314e-09,5.984547763968682e-07
O1_s61_DPR_L,DPR_L,57,21,0.28628569898840556,0.09242766208591915,0.19385803690248637,2.0,2.0,2.0,2.0,1.0,4.649113966692972,0.055260268306380894,0.009917497116861835,-0.023455531234621543,-0.02345553123462154,-0.02345553254094578,0.0012510502800133789,0.0008794149074790482,0.0008794150286036225,0.0,1.3136907713251134,0.0,0.0,9.339397134676226e-09,6.543347367309005e-07
O1_s61_DPR_L,DPR_L,58,21,0.31338617229352406,0.10629255839046978,0.2070936139030543,2.0,2.0,2.0,2.0,1.0,5.041539644832154,0.08399930030211536,0.007844998459781403,-0.0361219978818314,-0.036121997881831396,-0.03612200075078793,0.0014156501079947263,0.0009841009385941615,0.000984100978526119,0.0,1.23346934948697,0.0,0.0,8.633946217340918e-09,7.435980732815044e-07
O1_s61_DPR_L,DPR_L,59,21,0.3731818514180475,0.12177027957070441,0.2514115718473431,2.0,2.0,2.0,2.0,1.0,6.52555077172017,0.09451166251629314,0.00780146787493293,-0.04302018358360685,-0.043020183583606854,-0.04302018185061714,0.0017046063538363823,0.0012145100616413264,0.0012145099981330488,0.047619047619047616,1.240180358091198,0.0,0.0,1.4156401310223105e-08,8.636463972655521e-07
O1_s61_DPR_L,DPR_L,60,21,0.31355201405267497,0.10530383636554082,0.20824817768713413,2.0,2.0,2.0,2.0,1.0,5.540273848813759,0.07672300310068662,0.008026124762504914,-0.028637909258754396,-0.028637909258754392,-0.028637910955755366,0.0013232981030108376,0.0009116163189558697,0.000911616212508526,0.09523809523809523,1.2300369258119588,0.0,0.0,8.80674306251952e-09,7.803691756317452e-07
O1_s61_DPR_L,DPR_L,61,21,0.30600227699885973,0.10246122894542557,0.2035410480534342,2.0,2.0,2.0,2.0,1.0,4.519756026962699,0.04688932376848792,0.01169438769921403,-0.014587614691220894,-0.014587614691220894,-0.014587614293915974,0.0011600660074867948,0.0008095166833294505,0.0008095167947974542,0.09523809523809523,1.241987153412496,0.0,0.0,7.878423074640838e-09,6.041302461568068e-07
O1_s61_DPR_L,DPR_L,62,21,0.29505711607922946,0.0896601973190194,0.20539691876021,2.0,2.0,2.0,2.0,1.0,4.912811645142429,0.05004007388474776,0.012655227793666205,-0.018957681397569096,-0.0189576813975691,-0.018957682172935014,0.0013749790861137133,0.0009231696264699957,0.0009231698655351734,0.047619047619047616,1.2773714300481815,0.0,0.0,1.5254059825146007e-08,6.682640679824727e-07
O1_s61_DPR_L,DPR_L,63,21,0.25378241712830757,0.08118973069247745,0.17259268643583012,2.0,2.0,2.0,2.0,1.0,4.764534806258287,0.04497392141983374,0.009286536667527425,-0.014952452256267255,-0.014952452256267255,-0.014952449998049625,0.0008814729802119883,0.0006159683837494682,0.0006159680418971588,0.047619047619047616,1.2732340121317907,0.0,0.0,1.1657985388996092e-08,6.325807779118479e-07
O1_s61_DPR_L,DPR_L,64,21,0.2430785699888077,0.07447718580563863,0.16860138418316908,2.0,2.0,2.0,2.0,1.0,3.8631000756166767,0.047877795774456555,0.009126328310525553,-0.012649000620989942,-0.012649000620989942,-0.01264899625597705,0.0009454335332199032,0.0006442846939020072,0.0006442850632811715,0.047619047619047616,1.2891893319971932,0.0,0.0,7.650494172190424e-09,5.765191949657723e-07
O1_s61_DPR_L,DPR_L,65,21,0.2569530373034598,0.08060143781559807,0.17635159948786172,2.0,2.0,2.0,2.0,1.0,3.6805503317723427,0.04936403663046028,0.007965295561026034,-0.013643548606748854,-0.013643548606748854,-0.013643546465107898,0.0008534540786429262,0.0005870520959434302,0.000587052047159639,0.0,1.2761707279641439,0.0,0.0,6.067692798006767e-09,5.672743610729209e-07
O1_s61_DPR_L,DPR_L,66,21,0.264260973454329,0.08731778711080551,0.1769431863435234,2.0,2.0,2.0,2.0,1.0,4.099399896354227,0.05223908860091275,0.008315893124985332,-0.015571907487425565,-0.015571907487425565,-0.015571904879176262,0.0008951771126563427,0.0006054320465440187,0.0006054319689686801,0.0,1.2519452327663048,0.0,0.0,6.684700639703918e-09,5.980543910784833e-07
O1_s61_DPR_L,DPR_L,67,21,0.274524282748718,0.09296585264660064,0.18155843010211736,2.0,2.0,2.0,2.0,1.0,4.417767577038028,0.04534250321935941,0.011534528366782506,-0.015771920557525184,-0.015771920557525188,-0.015771916681059765,0.0011695645180016525,0.0007810996213502601,0.0007810993949669433,0.14285714285714285,1.3129974298408131,0.0,0.0,8.795675624131026e-09,6.609900286932753e-07
O1_s61_DPR_L,DPR_L,68,21,0.25139421203806045,0.08037396431678817,0.17102024772127236,2.0,2.0,2.0,2.0,1.0,4.643018843376896,0.044283573535011035,0.009562132527035038,-0.016721135754585732,-0.016721135754585732,-0.016721135749274935,0.0009418792168258552,0.0006404938645350402,0.0006404938020713427,0.0,1.286455032272705,0.0,0.0,1.0362628643253856e-08,6.613812832506511e-07
O1_s61_DPR_L,DPR_L,69,21,0.23432232046585652,0.07048475511726879,0.16383756534858773,2.0,2.0,2.0,2.0,1.0,4.1860147495017195,0.039219761608423394,0.01283393696959527,-0.010832839403241831,-0.010832839403241833,-0.010832844636529216,0.0010589849041896934,0.0007112884090728254,0.000711288413784439,0.047619047619047616,1.242026467171712,0.0,0.0,1.279992216125872e-08,5.951652388337501e-07
O1_s61_DPR_L,DPR_L,70,21,0.23799959203337234,0.07718497869514283,0.16081461333822955,2.0,2.0,2.0,2.0,1.0,4.468004811381679,0.04471774009672397,0.01371540824399036,-0.01578438505338512,-0.01578438505338512,-0.01578438444889459,0.0013527342557962442,0.0009515031686691718,0.000951502747216368,0.047619047619047616,1.2772227003258316,0.0,0.0,8.238888183398218e-09,6.588292936834634e-07
O1_s61_DPR_L,DPR_L,71,21,0.25460022291047024,0.08579717541024798,0.16880304750022224,2.0,2.0,2.0,2.0,1.0,4.8894896642757,0.05930121917708383,0.008390737587600375,-0.02162744497145877,-0.02162744497145877,-0.02162744618885377,0.0011174774551566732,0.0007810002983759232,0.0007810000744181854,0.09523809523809523,1.270179645075994,0.0,0.0,9.99527093441823e-09,7.479098913144262e-07
O1_s61_DPR_L,DPR_L,72,21,0.2493631891760454,0.07690740270274025,0.17245578647330506,2.0,2.0,2.0,2.0,1.0,4.297847848652415,0.04541499556700422,0.010147174511599506,-0.014084728759765817,-0.014084728759765821,-0.014084725491104969,0.0009866151884181512,0.0006647708343180019,0.0006647701342754769,0.09523809523809523,1.2542758703764734,0.0,0.0,1.0091047768570228e-08,6.487483270896922e-07
O1_s61_DPR_L,DPR_L,73,21,0.24192101371684796,0.07855268390405745,0.16336832981279054,2.0,2.0,2.0,2.0,1.0,4.295927149559784,0.03928284990579819,0.01114153401925193,-0.012959067996783575,-0.012959067996783575,-0.012959063418618758,0.000953495181121501,0.0006483582239328235,0.0006483583392601709,0.0,1.2840127751275205,0.0,0.0,8.585876713168739e-09,6.342654226554086e-07
O1_s61_DPR_L,DPR_L,74,21,0.230394419943839,0.07403712701939401,0.156357292924445,2.0,2.0,2.0,2.0,1.0,3.746387448100797,0.04793014034091181,0.007891265668577695,-0.012966663265418994,-0.012966663265418996,-0.012966662104518897,0.0008282357838630458,0.0005673284449826872,0.0005673284922354806,0.09523809523809523,1.3033406552199263,0.0,0.0,6.247412528444475e-09,5.802363455908421e-07
O1_s61_DPR_L,DPR_L,75,21,0.23722341270997144,0.07310807704925537,0.16411533566071607,2.0,2.0,2.0,2.0,1.0,4.44001465512155,0.03664191660010139,0.010498185523358535,-0.013875637695542505,-0.013875637695542505,-0.013875645032407078,0.0008342623015475559,0.0005761090515518678,0.0005761098027753111,0.047619047619047616,1.312063655546195,0.0,0.0,1.253071016359365e-08,6.802463940022543e-07
O1_s61_DPR_L,DPR_L,76,21,0.24539486706368244,0.0805454779238928,0.16484938913978964,2.0,2.0,2.0,2.0,1.0,4.208108027305691,0.03725613034574433,0.00914002806644567,-0.011627994865894189,-0.011627994865894189,-0.01162799714797309,0.0007561017439525585,0.0005221799228085537,0.0005221798249329148,0.09523809523809523,1.2605255086096814,0.0,0.0,8.559079675600197e-09,6.456996358047529e-07
O1_s61_DPR_L,DPR_L,77,21,0.21208022791326664,0.06727160637577374,0.1448086215374929,2.0,2.0,2.0,2.0,1.0,3.702597176322597,0.02761584417053421,0.008399873257806067,-0.007429126607344609,-0.007429126607344609,-0.0074291264702424035,0.0005015611788086729,0.00033720762576401635,0.00033720755628716185,0.047619047619047616,1.240341788622004,0.0,0.0,7.730732996092517e-09,5.555950977166828e-07
O1_s61_DPR_L,DPR_L,78,21,0.22645804121619711,0.07125676299134891,0.15520127822484822,2.0,2.0,2.0,2.0,1.0,4.1676951517907,0.032942376077939366,0.008733703547070067,-0.00922895206476089,-0.00922895206476089,-0.009228951417517903,0.0005888426174448619,0.0004040632741385584,0.0004040630323895131,0.047619047619047616,1.2671103877506211,0.0,0.0,9.867322755816497e-09,6.205258950160035e-07
O1_s61_DPR_L,DPR_L,79,21,0.20807768416683015,0.06748186087324506,0.14059582329358505,2.0,2.0,2.0,2.0,1.0,3.518688025867782,0.027727275552260802,0.009834831393521683,-0.007894970749931611,-0.007894970749931613,-0.007894967147778017,0.0005878365189547471,0.0003962201375587413,0.0003962204165202195,0.09523809523809523,1.3439305141524363,0.0,0.0,6.2225579249608585e-09,5.535678973586241e-07
O1_s61_DPR_L,DPR_L,80,21,0.219702195370829,0.07091585795084636,0.14878633741998265,2.0,2.0,2.0,2.0,1.0,4.634701415607578,0.03318825708842496,0.009789477267811193,-0.012232039894856706,-0.012232039894856708,-0.01223203868684321,0.0007113308676968933,0.0004920785387093818,0.00049207901930566,0.19047619047619047,1.2497724670631398,0.0,0.0,7.883151698138563e-09,6.979069647312943e-07
O1_s61_DPR_L,DPR_L,81,21,0.22487252955573953,0.07426847233658745,0.15060405721915207,2.0,2.0,2.0,2.0,1.0,3.8678736085129475,0.03163633166773453,0.011275048182585585,-0.012366185668516211,-0.012366185668516211,-0.012366183758065636,0.0008023956309299935,0.0005580675804531858,0.0005580677855291733,0.047619047619047616,1.2143105759109791,0.0,0.0,4.504641376104324e-09,6.057464822984286e-07
O1_s61_DPR_L,DPR_L,82,21,0.2548072434595911,0.08409431239678747,0.17071293106280364,2.0,2.0,2.0,2.0,1.0,4.658647333645659,0.027348650222304743,0.011726689690550199,-0.01172398784893537,-0.01172398784893537,-0.011723992984572927,0.0006803405029347752,0.00045182823871962494,0.000451828495563293,0.0,1.2532933845917635,0.0,0.0,1.107095410825575e-08,6.686348633488328e-07
O1_s61_DPR_L,DPR_L,83,21,0.231418578987572,0.07312234526588804,0.15829623372168403,2.0,2.0,2.0,2.0,1.0,3.539734781743099,0.031833938951419914,0.007569186069303866,-0.007811089928710678,-0.007811089928710678,-0.007811091266591787,0.0005352010340589052,0.0003830514898828494,0.00038305198795344093,0.0,1.2431502407015007,0.0,0.0,5.462548907871786e-09,5.777314156858632e-07
O1_s61_DPR_L,DPR_L,84,21,0.20899945634378417,0.06464861581722896,0.14435084052655525,2.0,2.0,2.0,2.0,1.0,3.8782077994859483,0.03200533522049,0.0074627304495085275,-0.00998532095487839,-0.00998532095487839,-0.009985319144220229,0.0004980282801091742,0.0003437245234899447,0.0003437247536185775,0.0,1.2429942227878878,0.0,0.0,5.492049241864965e-09,6.214668208144028e-07
O1_s61_DPR_L,DPR_L,85,21,0.23304164452938997,0.07948073354505357,0.15356091098433639,2.0,2.0,2.0,2.0,1.0,3.885030554793722,0.028524188269203384,0.011473907816068432,-0.00848663763960216,-0.00848663763960216,-0.008486637111562122,0.0006972323267951557,0.00046190478588279034,0.00046190546968523274,0.047619047619047616,1.271116082948075,0.0,0.0,6.984841059485716e-09,6.219187637549918e-07
O1_s61_DPR_L,DPR_L,86,21,0.20192036543102615,0.06102283565061433,0.14089752978041178,2.0,2.0,2.0,2.0,1.0,3.829232048887639,0.021371850510322078,0.008224176646845256,-0.005398847529791795,-0.005398847529791795,-0.005398848924474178,0.00040019205634273837,0.0002748627495760607,0.0002748633769630183,0.0,1.2377196847461354,0.0,0.0,8.834112021985783e-09,5.687546901086993e-07
O1_s61_DPR_L,DPR_L,87,21,0.21339363809681955,0.06846622271197182,0.14492741538484774,2.0,2.0,2.0,2.0,1.0,3.4900570171413765,0.02620519397288593,0.008008234773241167,-0.006263109085835598,-0.006263109085835598,-0.006263109964284262,0.00044949479218016873,0.000310699730521929,0.00031069997469664707,0.047619047619047616,1.228772641694039,0.0,0.0,7.722484796616782e-09,5.826582506355615e-07
O1_s61_DPR_L,DPR_L,88,21,0.21549826504685649,0.06873536996898197,0.1467628950778745,2.0,2.0,2.0,2.0,1.0,3.9641250169476754,0.019777844831673497,0.0107089313121525,-0.0067068802774742494,-0.0067068802774742494,-0.006706876597762126,0.0004680122458973982,0.0003233756725435934,0.00032337564966325525,0.047619047619047616,1.2145474364463489,0.0,0.0,8.087901735268235e-09,6.262450134198694e-07
O1_s61_DPR_L,DPR_L,89,21,0.19620314203759195,0.06270127175819307,0.13350187027939883,2.0,2.0,2.0,2.0,1.0,3.811119651272064,0.018334090782404482,0.010232558814348222,-0.005420709955541584,-0.005420709955541584,-0.005420712315613811,0.00039772221003801035,0.0002683543699276636,0.0002683545055887015,0.047619047619047616,1.2550458070786352,0.0,0.0,6.937156367641212e-09,6.038394719001299e-07
O1_s61_DPR_L,DPR_L,90,21,0.2018439641017257,0.06391579755360172,0.137928166548124,2.0,2.0,2.0,2.0,1.0,3.4170713116729057,0.017309128973672122,0.011274559296533258,-0.0050707946142743675,-0.005070794614274367,-0.0050707964005058505,0.00038991573444028085,0.00026879398119416593,0.0002687946364724231,0.0,1.269394607133621,0.0,0.0,5.852545798296321e-09,5.617735436297074e-07
O1_s61_DPR_L,DPR_L,91,21,0.23187888156736372,0.07675950424302191,0.1551193773243418,2.0,2.0,2.0,2.0,1.0,4.753350798057716,0.018118803068958224,0.008459246465026935,-0.006007409084530173,-0.0060074090845301745,-0.006007409638539986,0.00033333882621134156,0.000230013357811181,0.00023001356966040538,0.047619047619047616,1.2970525534907997,0.0,0.0,7.327197374284889e-09,7.167341835988396e-07
O1_s61_DPR_L,DPR_L,92,21,0.18121762439090738,0.054797706327268055,0.12641991806363934,2.0,2.0,2.0,2.0,1.0,3.0247669069220864,0.013189038759385556,0.006770162770544861,-0.0028157641748763496,-0.00281576417487635,-0.0028157620312579475,0.0002032344729541113,0.00014012650771363296,0.0001401266918790387,0.0,1.2949447321600822,0.0,0.0,6.373458614672825e-09,4.984757711695229e-07
O1_s61_DPR_L,DPR_L,93,21,0.20217764425039886,0.06411359015674818,0.13806405409365063,2.0,2.0,2.0,2.0,1.0,3.5279902372053606,0.012764618872358812,0.010354883105668629,-0.0035449401199128664,-0.0035449401199128664,-0.0035449400944039555,0.00028800682005574753,0.0001948706171416794,0.0001948710705684266,0.047619047619047616,1.2421186758276541,0.0,0.0,5.312463546230132e-09,5.710615603379005e-07
O1_s61_DPR_L,DPR_L,94,21,0.19735566093716675,0.060152094633806316,0.13720356630336042,2.0,2.0,2.0,2.0,1.0,3.6574733971572546,0.01155410520031637,0.00930514418272894,-0.0036249167076539213,-0.0036249167076539213,-0.0036249186328156605,0.00022829281041194843,0.00015762765356255065,0.00015762775472886925,0.0,1.2842629552809883,0.0,0.0,6.064663875296225e-09,5.90512227250232e-07
O1_s61_DPR_L,DPR_L,95,21,0.20325538643405613,0.06633661829289936,0.13691876814115678,2.0,2.0,2.0,2.0,1.0,3.6219362388157648,0.009555804224120798,0.008184308653076957,-0.002815059194798296,-0.0028150591947982964,-0.0028150582979168813,0.00016965802742767338,0.00011664717945422172,0.00011664712577314507,0.0,1.2880219861396773,0.0,0.0,6.981132726184668e-09,5.817362462952443e-07
O1_s61_DPR_L,DPR_L,96,21,0.19611561841196426,0.0633585328857104,0.13275708552625384,2.0,2.0,2.0,2.0,1.0,3.838053048714643,0.007766421092149871,0.00783337052624312,-0.002213138724976025,-0.002213138724976025,-0.0022131453381636673,0.00013470114980362934,9.358538608067003e-05,9.358551908349288e-05,0.0,1.2336437227519175,0.0,0.0,8.352976259223943e-09,5.882150262423724e-07
O1_s61_DPR_L,DPR_L,97,21,0.2276158565747529,0.0741833746433258,0.15343248193142708,2.0,2.0,2.0,2.0,1.0,3.627211466489269,0.008503147186106171,0.008224999837847361,-0.002354914495374855,-0.002354914495374855,-0.002354912068033923,0.00014593896713409275,9.669066025525334e-05,9.669062195098378e-05,0.047619047619047616,1.269492473623325,0.0,0.0,5.822423449959225e-09,6.119511002993791e-07
O1_s61_DPR_L,DPR_L,98,21,0.19927064591170582,0.06296342114607494,0.1363072247656309,2.0,2.0,2.0,2.0,1.0,3.5828498063547376,0.006510064832619104,0.010551434544432924,-0.0015690068035858183,-0.0015690068035858183,-0.0015690047396330728,0.00016030772203408809,0.00011431473199380418,0.0001143146910781004,0.047619047619047616,1.2267684569365465,0.0,0.0,6.0275824910041415e-09,5.722535697304053e-07
O1_s61_DPR_L,DPR_L,99,21,0.19615321070007996,0.06198908636967341,0.13416412433040653,2.0,2.0,2.0,2.0,1.0,3.9576940103777605,0.003007095765656507,0.008605479555648079,-0.0008707602254443425,-0.0008707602254443423,-0.000870761520627547,5.733693634640954e-05,3.927712591552889e-05,3.9277749400451054e-05,0.047619047619047616,1.2486936488515625,0.0,0.0,9.090788034379488e-09,6.084123665129988e-07
O1_s61_DPR_L,DPR_L,100,21,0.18023508584098774,0.05511653068519774,0.12511855515578996,2.0,2.0,2.0,2.0,1.0,2.9503961422341325,0.0010268349669616086,0.008311838766491532,-0.0002402866758935525,-0.00024028667589355253,-0.00024028435132908028,2.023702170525641e-05,1.370092213897715e-05,1.3703410432128434e-05,0.0,1.266716707452903,0.0,0.0,8.04403818145687e-09,4.771771611804388e-07
O2_s61_DPR_U,DPR_U,1,32,0.6408124120031335,0.17242492397781461,0.4683874880253191,2.0,0.0,0.0,0.0,0.0,5.450065969017832,0.19096710244132753,0.0,-0.1308437271045438,-0.1308437271045438,-0.1308437271045438,0.0,0.0,0.0,0.09375,1.0,0.0,0.0,0.0,6.828068019133343e-07
O2_s61_DPR_U,DPR_U,2,32,0.4860590723988693,0.0928342918632552,0.39322478053561405,2.0,0.0,0.0,0.0,0.0,3.9286533541764617,0.19508444909173256,0.0,-0.0384586689754387,-0.0384586689754387,-0.0384586689754387,0.0,0.0,0.0,0.125,1.0,0.0,0.0,0.0,5.119618061235692e-07
O2_s61_DPR_U,DPR_U,3,32,0.4012057068116902,0.08496024552732706,0.3162454612843632,2.0,0.0,0.0,0.0,0.0,3.1055087141924025,0.1466237659950947,0.0,-0.026999371082616113,-0.026999371082616113,-0.026999371082616113,0.0,0.0,0.0,0.03125,1.0,0.0,0.0,0.0,4.2723536588000336e-07
O2_s61_DPR_U,DPR_U,4,32,0.3681750198154877,0.07723200472537428,0.29094301509011344,2.0,0.0,0.0,0.0,0.0,3.7957750134708768,0.12290411161097374,0.0,-0.028766830890989286,-0.028766830890989286,-0.028766830890989286,0.0,0.0,0.0,0.0625,1.0,0.0,0.0,0.0,4.950467914636854e-07
O2_s61_DPR_U,DPR_U,5,32,0.3612707757405468,0.07736688375007361,0.2839038919904732,2.0,0.0,0.0,0.0,0.0,3.9693499451659884,0.12068806396447995,0.0,-0.03803148920370428,-0.03803148920370428,-0.03803148920370428,0.0,0.0,0.0,0.03125,1.0,0.0,0.0,0.0,5.350290043875967e-07
O2_s61_DPR_U,DPR_U,6,32,0.3491908095345421,0.07416831387672573,0.27502249565781645,2.0,0.0,0.0,0.0,0.0,3.2643605849712425,0.11531058032179076,0.0,-0.0191847500784469,-0.0191847500784469,-0.0191847500784469,0.0,0.0,0.0,0.125,1.0,0.0,0.0,0.0,4.1709211009847427e-07
O2_s61_DPR_U,DPR_U,7,32,0.3201828411933985,0.06378079892601818,0.2564020422673803,2.0,0.0,0.0,0.0,0.0,3.230897799435066,0.10966338830337566,0.0,-0.019844342481768317,-0.019844342481768317,-0.019844342481768317,0.0,0.0,0.0,0.125,1.0,0.0,0.0,0.0,4.27183892586608e-07
O2_s61_DPR_U,DPR_U,8,32,0.2924019910665008,0.06120285810902715,0.23119913295747369,2.0,0.0,0.0,0.0,0.0,3.8327276408843054,0.11056132304004737,0.0,-0.03442005352778135,-0.03442005352778135,-0.03442005352778135,0.0,0.0,0.0,0.0625,1.0,0.0,0.0,0.0,5.05362801179004e-07
O2_s61_DPR_U,DPR_U,9,32,0.2956804378644174,0.06350159284193069,0.23217884502248679,2.0,0.0,0.0,0.0,0.0,3.5966311249443037,0.10413664468387958,0.0,-0.026510512540170172,-0.026510512540170172,-0.026510512540170172,0.0,0.0,0.0,0.0,1.0,0.0,0.0,0.0,4.948241731638536e-07
O2_s61_DPR_U,DPR_U,10,32,0.27887750752486573,0.06275444244965911,0.21612306507520657,2.0,0.0,0.0,0.0,0.0,3.9359830577754704,0.12499645920596185,0.0,-0.03998301798608412,-0.03998301798608412,-0.03998301798608412,0.0,0.0,0.0,0.09375,1.0,0.0,0.0,0.0,5.468052991286735e-07
O2_s61_DPR_U,DPR_U,11,32,0.2845879087723623,0.060331988730467856,0.2242559200418944,2.0,0.0,0.0,0.0,0.0,3.5496432432575276,0.11005200125980144,0.0,-0.0247536933215799,-0.0247536933215799,-0.0247536933215799,0.0,0.0,0.0,0.03125,1.0,0.0,0.0,0.0,4.7025113272105855e-07
O2_s61_DPR_U,DPR_U,12,32,0.25605586684734105,0.05670981190633029,0.19934605494101076,2.0,0.0,0.0,0.0,0.0,3.4240571110409026,0.09389730358868362,0.0,-0.023087261515882217,-0.023087261515882217,-0.023087261515882217,0.0,0.0,0.0,0.0,1.0,0.0,0.0,0.0,4.728412382497527e-07
O2_s61_DPR_U,DPR_U,13,32,0.25382625631223327,0.05372452619485557,0.20010173011737767,2.0,0.0,0.0,0.0,0.0,4.136191372179102,0.0950264882564335,0.0,-0.03128532612699561,-0.03128532612699561,-0.03128532612699561,0.0,0.0,0.0,0.0625,1.0,0.0,0.0,0.0,5.417163626283297e-07
O2_s61_DPR_U,DPR_U,14,32,0.24271972217396454,0.05317866709083319,0.18954105508313135,2.0,0.0,0.0,0.0,0.0,3.4397313895880566,0.07840345086413189,0.0,-0.020065956024477798,-0.020065956024477798,-0.020065956024477798,0.0,0.0,0.0,0.0625,1.0,0.0,0.0,0.0,4.581914411498231e-07
O2_s61_DPR_U,DPR_U,15,32,0.23026402560369838,0.050493564864154905,0.17977046073954348,2.0,0.0,0.0,0.0,0.0,3.2267316125020478,0.09915797126264018,0.0,-0.027694569531291197,-0.027694569531291197,-0.027694569531291197,0.0,0.0,0.0,0.125,1.0,0.0,0.0,0.0,4.541579045030679e-07
O2_s61_DPR_U,DPR_U,16,32,0.24404451451413467,0.05194741650484502,0.19209709800928965,2.0,0.0,0.0,0.0,0.0,3.746079191615915,0.10455968374032319,0.0,-0.03028615036480972,-0.03028615036480972,-0.03028615036480972,0.0,0.0,0.0,0.03125,1.0,0.0,0.0,0.0,5.184463323174869e-07
O2_s61_DPR_U,DPR_U,17,32,0.21987194455875533,0.0473907285486348,0.17248121601012054,2.0,0.0,0.0,0.0,0.0,3.0131997827089885,0.0839285681597294,0.0,-0.01822348165323711,-0.01822348165323711,-0.01822348165323711,0.0,0.0,0.0,0.0625,1.0,0.0,0.0,0.0,4.2762649258059154e-07
O2_s61_DPR_U,DPR_U,18,32,0.20229817863636693,0.044270409329328686,0.15802776930703827,2.0,0.0,0.0,0.0,0.0,3.005842208961024,0.10250766493852755,0.0,-0.024348064879574978,-0.024348064879574978,-0.024348064879574978,0.0,0.0,0.0,0.0625,1.0,0.0,0.0,0.0,4.5661030075391426e-07
O2_s61_DPR_U,DPR_U,19,32,0.19143478618129903,0.0421582399867475,0.14927654619455147,2.0,0.0,0.0,0.0,0.0,2.936438442239311,0.07815440124864248,0.0,-0.019487368766226806,-0.019487368766226806,-0.019487368766226806,0.0,0.0,0.0,0.03125,1.0,0.0,0.0,0.0,4.152461289077056e-07
O2_s61_DPR_U,DPR_U,20,32,0.2163895106992545,0.04698263539467007,0.1694068753045844,2.0,0.0,0.0,0.0,0.0,3.508798504744717,0.0991504088746389,0.0,-0.027828572427293197,-0.027828572427293197,-0.027828572427293197,0.0,0.0,0.0,0.0,1.0,0.0,0.0,0.0,4.99671439667805e-07
O2_s61_DPR_U,DPR_U,21,32,0.8104232666435274,0.27466599945910275,0.5357572671844247,2.0,1.96875,2.0,2.0,0.050000000000000024,5.061513843377655,0.14002876134516645,0.0011614838091240775,-0.07338585688064085,-0.07338585688064084,-0.07338585624904302,0.004167680740341878,0.004052093978597331,0.004052094203697754,0.03125,1.020784233562166,0.0,0.0,5.3764621111400314e-09,6.892221612788133e-07
O2_s61_DPR_U,DPR_U,22,32,0.6917821909286122,0.19012298749294132,0.5016592034356708,2.0,1.96875,2.0,2.0,0.10000000000000005,4.650804900676103,0.11609614582815977,0.0018994912791046965,-0.04587586007906929,-0.04587586007906929,-0.04587586169524153,0.003244689963917937,0.0030893404758498373,0.0030893407609564275,0.03125,1.0321132718668262,0.0,0.0,7.600120933586311e-09,6.060238757301766e-07
O2_s61_DPR_U,DPR_U,23,32,0.7180879240692042,0.20620235987007618,0.511885564199128,2.0,1.96875,2.0,2.0,0.15000000000000002,5.2954303821200375,0.11710570306537149,0.002625679217505627,-0.04786251366030001,-0.04786251366030001,-0.04786251190716117,0.003292373877675992,0.003060563484099387,0.003060563109083559,0.03125,1.0484329238050512,0.0,0.0,9.585770618184214e-09,6.445747285461071e-07
O2_s61_DPR_U,DPR_U,24,32,0.6532509351802762,0.17410291417036206,0.47914802100991416,2.0,1.96875,2.0,2.0,0.2000000000000001,3.828977431632162,0.09696812256368383,0.0034191852378443427,-0.02883688996840629,-0.02883688996840629,-0.02883688769894355,0.0025819648477631183,0.0023431470211233963,0.0023431471490620334,0.125,1.071752378104079,0.0,0.0,7.263524080330261e-09,5.139686078825871e-07
O2_s61_DPR_U,DPR_U,25,32,0.5985184569652927,0.1682022511959076,0.4303162057693851,2.0,1.96875,2.0,2.0,0.25,4.271204988371216,0.09003748990084519,0.004073593556541461,-0.03399861454815866,-0.03399861454815866,-0.03399861236991461,0.0023233078011520893,0.00206113582567837,0.0020611356318656067,0.0625,1.075804382462149,0.0,0.0,9.802268240275398e-09,5.487447977266336e-07
O2_s61_DPR_U,DPR_U,26,32,0.6619670640232075,0.17982879362534732,0.48213827039786017,2.0,1.96875,2.0,2.0,0.30000000000000004,4.613682094079493,0.10855517081942945,0.00406107346186613,-0.0317786378801207,-0.0317786378801207,-0.03177863620674945,0.0024724992077334,0.0021481030260406776,0.0021481030087725627,0.03125,1.0946953719823995,0.0,0.0,6.944882801823751e-09,5.777499123582573e-07
O2_s61_DPR_U,DPR_U,27,32,0.5393041215465927,0.13834721921011806,0.4009569023364745,2.0,1.96875,2.0,2.0,0.3499999999999998,4.212668614204239,0.11214421082945629,0.005165239596416013,-0.03178797765799317,-0.03178797765799317,-0.03178798018424509,0.002802512052036007,0.0024106529966675923,0.0024106528981809147,0.03125,1.0968103366480084,0.0,0.0,1.1337206597243967e-08,5.444056408006739e-07
O2_s61_DPR_U,DPR_U,28,32,0.539417894121811,0.13614019996020943,0.4032776941616016,2.0,1.96875,2.0,2.0,0.4000000000000002,4.0440676327419345,0.07357698789488454,0.005978974182531488,-0.024303311384664922,-0.024303311384664922,-0.02430331183939547,0.0019405043452823613,0.0016275214723246228,0.0016275216079134288,0.03125,1.1183834533441612,0.0,0.0,9.862683870279616e-09,5.121191606391565e-07
O2_s61_DPR_U,DPR_U,29,32,0.6115502250219128,0.1707963893422857,0.44075383567962717,2.0,1.96875,2.0,2.0,0.44999999999999973,3.7226624697085082,0.10829945769490049,0.007199287994621736,-0.04456783350612347,-0.04456783350612347,-0.04456782987381635,0.0028498917265268996,0.0023138384574573753,0.0023138385163715735,0.0625,1.1457183201884624,0.0,0.0,6.1830548045236795e-09,5.43670463666701e-07
O2_s61_DPR_U,DPR_U,30,32,0.6399760413126934,0.1729958784999326,0.46698016281276067,2.0,1.96875,2.0,2.0,0.5,3.644848971563232,0.1124289223934449,0.0053775487472428295,-0.027295189396554995,-0.027295189396554995,-0.02729518974300105,0.002240521090171852,0.001825655716999161,0.0018256557849185714,0.0,1.1507179065994526,0.0,0.0,5.0409566069665495e-09,5.306198240185779e-07
O2_s61_DPR_U,DPR_U,31,32,0.4814973122384522,0.12022463663015515,0.36127267560829707,2.0,1.96875,2.0,2.0,0.5500000000000003,3.936608047730681,0.12832094477852915,0.004653312721945054,-0.04940607020297597,-0.04940607020297597,-0.04940606969687359,0.001686323695051155,0.0013268886672700656,0.0013268883906467441,0.125,1.1858290141688352,0.0,0.0,8.091511847781357e-09,5.60773242953117e-07
O2_s61_DPR_U,DPR_U,32,32,0.5720166776227096,0.15117363655008376,0.42084304107262605,2.0,1.96875,2.0,2.0,0.6000000000000001,4.25883807330497,0.10748586582103273,0.006991374668028533,-0.029581404782464696,-0.029581404782464703,-0.02958140533316397,0.002386871454231278,0.0018507606136856378,0.001850760481765341,0.03125,1.1589106386452723,0.0,0.0,7.1149398526392e-09,5.597289010504536e-07
O2_s61_DPR_U,DPR_U,33,32,0.5226411303093946,0.13969156832899898,0.38294956198039554,2.0,1.96875,2.0,2.0,0.6499999999999998,5.0052307133097145,0.11064403024958878,0.007126463853864543,-0.03369174427362911,-0.0336917442736291,-0.03369174856832824,0.0021264720622586226,0.0015964160466924316,0.0015964162401839734,0.0625,1.184763535496664,0.0,0.0,1.3882043740901359e-08,5.686001948749212e-07
O2_s61_DPR_U,DPR_U,34,32,0.5999315846601626,0.1679987678071484,0.43193281685301427,2.0,1.96875,2.0,2.0,0.6999999999999996,4.731232994066172,0.11835052206916796,0.008900242953432535,-0.031332394232601,-0.031332394232601,-0.03133239360105216,0.0029536356077383623,0.0022198128708013735,0.002219813020399378,0.09375,1.180391921923868,0.0,0.0,7.722847359386891e-09,6.314670056302675e-07
O2_s61_DPR_U,DPR_U,35,32,0.4926642161807286,0.1263952066656202,0.36626900951510827,2.0,1.96875,2.0,2.0,0.75,4.476970551620808,0.09894093617165994,0.00939388185512294,-0.03297107306386311,-0.03297107306386311,-0.03297107367647423,0.0024111963231295084,0.0017538656750811204,0.0017538656705839064,0.03125,1.2253723496326887,0.0,0.0,6.365211892667167e-09,5.459072300963643e-07
O2_s61_DPR_U,DPR_U,36,32,0.5433448048943983,0.14523455954622477,0.3981102453481735,2.0,1.96875,2.0,2.0,0.8000000000000004,4.084241997191613,0.08823683911880163,0.008411267838825497,-0.027309297315979305,-0.027309297315979305,-0.027309297762066205,0.0018455679783584474,0.001264821765153747,0.0012648220551038235,0.03125,1.239285362704804,0.0,0.0,7.784481364876594e-09,5.581256062487351e-07
O2_s61_DPR_U,DPR_U,37,32,0.5366057921113353,0.14048767555505037,0.39611811655628487,2.0,1.96875,2.0,2.0,0.8500000000000004,4.009639986129022,0.08202358433614969,0.011261060103381047,-0.028597236360193054,-0.028597236360193058,-0.02859723684794921,0.0022298282921740247,0.0015984000652518931,0.0015984000999285744,0.0625,1.2673474730881382,0.0,0.0,7.139876096570216e-09,5.706225494051114e-07
O2_s61_DPR_U,DPR_U,38,32,0.48930662091092975,0.12297958554700017,0.3663270353639296,2.0,1.96875,2.0,2.0,0.8999999999999995,3.832029495062182,0.07912376206621238,0.010692695857247404,-0.022281318469687644,-0.02228131846968764,-0.02228132096964452,0.001998758441504419,0.0014059450639617415,0.0014059451352794567,0.0625,1.2477701971571875,0.0,0.0,7.391706364054645e-09,5.40966846362139e-07
O2_s61_DPR_U,DPR_U,39,32,0.47361693469438604,0.1266660625115037,0.34695087218288234,2.0,1.96875,2.0,2.0,0.9499999999999995,3.6316045254468965,0.08080349753090577,0.010382624592583144,-0.023463310846168244,-0.023463310846168244,-0.023463312257543653,0.0018198082591740037,0.001249040709225476,0.0012490405357060566,0.03125,1.2531450231594765,0.0,0.0,7.094872071905862e-09,5.41982150971949e-07
O2_s61_DPR_U,DPR_U,40,32,0.47534160980320045,0.1262404639273882,0.34910114587581226,2.0,1.96875,2.0,2.0,1.0,3.444764712149237,0.0839225071506944,0.008726065791417058,-0.02206533675204688,-0.022065336752046878,-0.022065336495377317,0.0016086853332129458,0.0010543877823237814,0.0010543876591552338,0.03125,1.2911218084172318,0.0,0.0,4.885238041850664e-09,5.286929192948678e-07
O2_s61_DPR_U,DPR_U,41,32,0.4347890446975373,0.11373538506450132,0.32105365963303595,2.0,1.96875,2.0,2.0,1.0,2.9799764738111167,0.07094871254790211,0.012712652697456996,-0.01870569793832107,-0.018705697938321067,-0.018705698485670802,0.0019024759230406225,0.00123370126103452,0.0012337011236811725,0.03125,1.3017317461506221,0.0,0.0,5.585940303960991e-09,4.77074360579438e-07
O2_s61_DPR_U,DPR_U,42,32,0.4720735535005879,0.13072105951141566,0.3413524939891723,2.0,1.96875,2.0,2.0,1.0,3.586171828274896,0.08819636495068962,0.012111915939319795,-0.025170327980022545,-0.025170327980022545,-0.025170328509646806,0.0023534546571783747,0.0015888637560063051,0.0015888638395756738,0.0625,1.2183734151297818,0.0,0.0,6.487217635059028e-09,5.572563922597303e-07
O2_s61_DPR_U,DPR_U,43,32,0.4802549270526075,0.12156033283099532,0.3586945942216122,2.0,1.96875,2.0,2.0,1.0,3.3700661861671177,0.0759855434234093,0.009212144053059935,-0.017166846469487424,-0.017166846469487424,-0.01716684363775894,0.001487299566061121,0.0009885503067277247,0.000988550193286777,0.03125,1.2688320708727225,0.0,0.0,5.8644808737301416e-09,5.110838039178527e-07
O2_s61_DPR_U,DPR_U,44,32,0.505822662328808,0.14284020964987576,0.36298245267893225,2.0,1.96875,2.0,2.0,1.0,5.064915378410053,0.09196637953299927,0.010768059060023831,-0.04426133266127875,-0.04426133266127875,-0.04426133063162486,0.0020954939150865733,0.0013966694156679817,0.0013966691528408935,0.1875,1.2889940447301822,0.0,0.0,7.747919529257931e-09,7.129489414636774e-07
O2_s61_DPR_U,DPR_U,45,32,0.47660225266547,0.1262429424095899,0.35035931025588,2.0,1.96875,2.0,2.0,1.0,3.4637776240252096,0.07893776599076253,0.011018690492786353,-0.020127694349107484,-0.02012769434910748,-0.02012769301411679,0.0017222700932550614,0.0011199152207269174,0.001119915080171273,0.0625,1.3005270657859596,0.0,0.0,5.671806519245653e-09,5.108252312593481e-07
O2_s61_DPR_U,DPR_U,46,32,0.47999013250409994,0.1280171686084941,0.35197296389560573,2.0,1.96875,2.0,2.0,1.0,4.105767452220679,0.08742195878456492,0.010422205210464013,-0.026819526897937422,-0.026819526897937426,-0.026819525536861663,0.001974732940222558,0.0013374794425320175,0.0013374797018561684,0.125,1.2797920785008947,0.0,0.0,9.449008648604405e-09,5.989737233522261e-07
O2_s61_DPR_U,DPR_U,47,32,0.5099623612520188,0.14457393891643733,0.36538842233558155,2.0,1.96875,2.0,2.0,1.0,4.154532463577681,0.08549154941220795,0.011683988542119548,-0.0366905070056033,-0.0366905070056033,-0.03669050738545417,0.0022649954140144726,0.0014592834795909427,0.001459282967564076,0.125,1.306061520273808,0.0,0.0,7.640099405703512e-09,6.490629125103927e-07
O2_s61_DPR_U,DPR_U,48,32,0.39962006550829954,0.0987761887954548,0.30084387671284474,2.0,1.96875,2.0,2.0,1.0,3.4686566034015103,0.05848305467273326,0.01473331837235192,-0.015874220077350648,-0.015874220077350648,-0.015874218256173453,0.0018557471170408877,0.0012162619199089294,0.0012162621041643066,0.0,1.282344135799471,0.0,0.0,6.414717247436288e-09,4.895187694682688e-07
O2_s61_DPR_U,DPR_U,49,32,0.4518328400140171,0.11909022543113679,0.3327426145828803,2.0,1.96875,2.0,2.0,1.0,3.4631385408734348,0.07033760283797774,0.013263249287104609,-0.017765138686161086,-0.017765138686161086,-0.017765139064393195,0.0019594927357533746,0.0012791196583278458,0.0012791195353364494,0.0,1.2421791692773956,0.0,0.0,5.545749042678051e-09,5.407248485187616e-07
O2_s61_DPR_U,DPR_U,50,32,0.41389070972694253,0.11217864509671926,0.30171206463022326,2.0,1.96875,2.0,2.0,1.0,3.187005788878287,0.07820423978858478,0.010042652327737918,-0.018600499632117955,-0.018600499632117958,-0.01860049948554843,0.0016959035508447222,0.0011409962755981984,0.001140995771748547,0.0,1.2387902541951112,0.0,0.0,6.101182942099976e-09,5.085694649885969e-07
O2_s61_DPR_U,DPR_U,51,32,0.44158879827661784,0.1230176012031734,0.3185711970734444,2.0,1.96875,2.0,2.0,1.0,3.3640835211281748,0.06930825036414365,0.008854171158056734,-0.01896677900815419,-0.01896677900815419,-0.018966781261988714,0.0013221729677507497,0.000910606153840703,0.0009106066572482189,0.0625,1.2932019552177267,0.0,0.0,7.172409201257504e-09,5.343980556840266e-07
O2_s61_DPR_U,DPR_U,52,32,0.48748661229036444,0.13829681079369038,0.34918980149667395,2.0,1.96875,2.0,2.0,1.0,4.104283705605616,0.07539715400163462,0.012409194888625817,-0.030092461772872933,-0.030092461772872933,-0.030092466404136882,0.0020340772534421215,0.001381960156716746,0.0013819599964694739,0.03125,1.3385538830592516,0.0,0.0,1.2283038601207506e-08,6.293416983980115e-07
O2_s61_DPR_U,DPR_U,53,32,0.46925208454649064,0.12028968171216547,0.34896240283432517,2.0,1.96875,2.0,2.0,1.0,3.669144113722696,0.07294990373751786,0.0097390504799691,-0.02004524966103073,-0.02004524966103073,-0.020045249156183928,0.0015356207383646848,0.0010312941352605299,0.0010312939479314048,0.0,1.3114450519158976,0.0,0.0,7.097505651301374e-09,5.660283947492615e-07
O2_s61_DPR_U,DPR_U,54,32,0.39035720994273415,0.09579837147612125,0.29455883846661285,2.0,1.96875,2.0,2.0,1.0,3.404035118833978,0.07021600479257067,0.010204977250506628,-0.019500201751454442,-0.019500201751454442,-0.019500200436080185,0.0015183956252459833,0.0010061911923186701,0.001006190983341739,0.03125,1.26524611550465,0.0,0.0,5.505092524840973e-09,5.467939840334716e-07
O2_s61_DPR_U,DPR_U,55,32,0.4509007756799218,0.1258861661190167,0.3250146095609052,2.0,1.96875,2.0,2.0,1.0,4.274644699059324,0.07156722026652185,0.01101976477729811,-0.02655415596955074,-0.026554155969550745,-0.026554159026113553,0.0016936426019355452,0.001130581554698431,0.001130581955571775,0.03125,1.235600209991519,0.0,0.0,7.544062069885543e-09,6.669334693274564e-07
O2_s61_DPR_U,DPR_U,56,32,0.41119288390220365,0.11671287502394989,0.29448000887825376,2.0,1.96875,2.0,2.0,1.0,3.828087164342638,0.07033421424758447,0.011447462187039589,-0.022508252997918046,-0.022508252997918046,-0.02250825164160198,0.0016697942929838352,0.0011131581431926,0.0011131574771153195,0.0,1.2864064300732958,0.0,0.0,8.60224693377609e-09,6.143542191354683e-07
O2_s61_DPR_U,DPR_U,57,32,0.4038976355678952,0.10812789399642497,0.29576974157147023,2.0,1.96875,2.0,2.0,1.0,3.5646495014495194,0.05969809416687016,0.010668743042254446,-0.016765035471088933,-0.016765035471088936,-0.016765036345914402,0.0013644196368084193,0.000910644618957802,0.0009106443814353225,0.0,1.2938135450827217,0.0,0.0,5.860311807643269e-09,5.402639752780142e-07
O2_s61_DPR_U,DPR_U,58,32,0.42948231186415586,0.11445165274199098,0.3150306591221649,2.0,1.96875,2.0,2.0,1.0,3.700528730504272,0.07483299380627856,0.010981657940193828,-0.024694406594487718,-0.024694406594487718,-0.02469440636976204,0.0017481643441131644,0.0011859105237670244,0.0011859105964074376,0.03125,1.233571031114062,0.0,0.0,5.35283419460778e-09,6.241036614215943e-07
O2_s61_DPR_U,DPR_U,59,32,0.3794092126646527,0.10335983184631914,0.2760493808183335,2.0,1.96875,2.0,2.0,1.0,3.621441708245181,0.07418896938397951,0.013188787798072586,-0.02176542414038391,-0.02176542414038391,-0.021765423958116537,0.0021539354497846267,0.0014239942032863021,0.0014239937464208534,0.03125,1.2340366382864947,0.0,0.0,7.53066821773818e-09,6.060068031941278e-07
O2_s61_DPR_U,DPR_U,60,32,0.4209879869410774,0.11563318804837763,0.30535479889269973,2.0,1.96875,2.0,2.0,1.0,3.9506915230365607,0.07153342618657971,0.009671199298417444,-0.022436239197171803,-0.022436239197171803,-0.022436237418786146,0.001508771504013255,0.001021530357212386,0.0010215298761572817,0.0,1.2454512243608027,0.0,0.0,6.532910918038992e-09,6.420662430634257e-07
O2_s61_DPR_U,DPR_U,61,32,0.36284601109873466,0.09342403116170317,0.2694219799370314,2.0,1.96875,2.0,2.0,1.0,3.3769416668720442,0.059211001820364956,0.011165619384624674,-0.016029422578068903,-0.016029422578068903,-0.016029423924332733,0.0014645171531277,0.0009825552549406718,0.0009825548282739484,0.0,1.2888037332092914,0.0,0.0,5.662055986914995e-09,5.420212610011691e-07
O2_s61_DPR_U,DPR_U,62,32,0.38439104019748727,0.10194795008283108,0.2824430901146562,2.0,1.96875,2.0,2.0,1.0,3.63842133194461,0.053411512382725485,0.01101221386981334,-0.019825320232519185,-0.01982532023251919,-0.01982532038676857,0.0012831119959544508,0.0008698597471908888,0.0008698598239118077,0.03125,1.2862017723167247,0.0,0.0,5.4041527736853555e-09,6.093391711579052e-07
O2_s61_DPR_U,DPR_U,63,32,0.38196329024343356,0.10408240195829421,0.27788088828513946,2.0,1.96875,2.0,2.0,1.0,3.709182416840477,0.06618243757619119,0.0082778441075023,-0.018708745846204893,-0.018708745846204897,-0.018708744744419133,0.0011905226184181627,0.0007857280184494179,0.0007857276124804054,0.03125,1.2839596813330132,0.0,0.0,6.32971810939819e-09,6.089963623150117e-07
O2_s61_DPR_U,DPR_U,64,32,0.36580799894599214,0.08996573952026665,0.2758422594257256,2.0,1.96875,2.0,2.0,1.0,3.6634106248268834,0.06139382801776426,0.00925058804467525,-0.017113076332096036,-0.017113076332096033,-0.01711307557603853,0.001151952700803497,0.0007590289039576056,0.0007590293194779515,0.03125,1.2085067260369622,0.0,0.0,6.663391095882959e-09,6.179451420545967e-07
O2_s61_DPR_U,DPR_U,65,32,0.38778773948228,0.10257011908106506,0.28521762040121496,2.0,1.96875,2.0,2.0,1.0,4.138686421904878,0.06684032473268454,0.011812402012378275,-0.02312075711669625,-0.023120757116696252,-0.023120757141259628,0.0017506061005347084,0.001177281266215115,0.0011772812156310001,0.0625,1.289695561625575,0.0,0.0,8.794235652101197e-09,6.621336201143388e-07
O2_s61_DPR_U,DPR_U,66,32,0.35599345805994365,0.09393698099302128,0.2620564770669225,2.0,1.96875,2.0,2.0,1.0,4.603019149462943,0.06002236803159126,0.012259236109294532,-0.02364151091087131,-0.02364151091087131,-0.023641509259220563,0.0015898580241251602,0.0010653765977826084,0.0010653766271702019,0.0,1.2702790556252783,0.0,0.0,6.249043481337327e-09,7.031809586129151e-07
O2_s61_DPR_U,DPR_U,67,32,0.3327144367649089,0.08602947485633194,0.246684961908577,2.0,1.96875,2.0,2.0,1.0,3.3942925873149012,0.05055294037689429,0.009076611803639723,-0.01423369766252847,-0.014233697662528471,-0.014233699053462393,0.0009658894622774597,0.0006422570282749236,0.0006422568087027203,0.03125,1.253127647011862,0.0,0.0,5.0268151653005045e-09,5.76515219891275e-07
O2_s61_DPR_U,DPR_U,68,32,0.36431683041757523,0.0981134622124955,0.2662033682050798,2.0,1.96875,2.0,2.0,1.0,3.6873418828063023,0.050109938383445025,0.014933507335682826,-0.018752511504752906,-0.018752511504752913,-0.01875251318604126,0.0015891783595258968,0.001064785560249709,0.0010647857532683307,0.0625,1.244538706426847,0.0,0.0,6.043510563658267e-09,6.345393524411865e-07
O2_s61_DPR_U,DPR_U,69,32,0.3186178964573615,0.08076004759641364,0.23785784886094774,2.0,1.96875,2.0,2.0,1.0,3.234966325715852,0.043189511958902506,0.0133596775287654,-0.012179620923661028,-0.01217962092366103,-0.012179619814446548,0.0012217011563547366,0.0008091830802388142,0.0008091833314955396,0.0,1.2559365204276507,0.0,0.0,6.222532637207638e-09,5.394789651993415e-07
O2_s61_DPR_U,DPR_U,70,32,0.3383920911541771,0.09372069092933089,0.24467140022484637,2.0,1.96875,2.0,2.0,1.0,3.721528579630233,0.05054393006405623,0.01060797553315775,-0.017936760565025363,-0.017936760565025363,-0.017936760685583468,0.001163195423369056,0.0007833564610992536,0.0007833563375310911,0.03125,1.265169943396895,0.0,0.0,5.877881713770696e-09,6.649541533459932e-07
O2_s61_DPR_U,DPR_U,71,32,0.3311258117313966,0.0890680574811995,0.24205775425019718,2.0,1.96875,2.0,2.0,1.0,3.5066068213652875,0.047312920556948274,0.013386042972153941,-0.015139006624596184,-0.015139006624596184,-0.015139004732078088,0.001364216436006692,0.0009060140656313902,0.0009060140562693237,0.03125,1.3076574670339682,0.0,0.0,6.281971117780213e-09,6.216872610871655e-07
O2_s61_DPR_U,DPR_U,72,32,0.36208726906852406,0.09909955225884914,0.26298771680967487,2.0,1.96875,2.0,2.0,1.0,3.5271801174283435,0.04194249151200174,0.009303759494998582,-0.013952321346842236,-0.013952321346842236,-0.013952319117888438,0.0008543830100837764,0.000584636080171392,0.0005846361795190599,0.0,1.2677785150874645,0.0,0.0,5.984789470930935e-09,6.255999363221628e-07
O2_s61_DPR_U,DPR_U,73,32,0.39032387045365696,0.1078556525753811,0.2824682178782758,2.0,1.96875,2.0,2.0,1.0,5.376639560463495,0.051374305980130264,0.013789517113158607,-0.03146593725469062,-0.03146593725469062,-0.03146593536966907,0.0015294078508318251,0.001004107271498773,0.0010041069539202868,0.0625,1.2692077847508918,0.0,0.0,9.806508682886226e-09,8.582217669005401e-07
O2_s61_DPR_U,DPR_U,74,32,0.3310690277218311,0.08688179875025526,0.244187228971576,2.0,1.96875,2.0,2.0,1.0,3.4928120033963936,0.03310783607538613,0.00996735453516856,-0.009287203900141445,-0.009287203900141445,-0.00928720214417538,0.0007151273817890922,0.0004908819226529987,0.0004908821608565037,0.03125,1.2217312608381032,0.0,0.0,5.036971185691395e-09,5.558653366871691e-07
O2_s61_DPR_U,DPR_U,75,32,0.34232852835165567,0.09481908706948161,0.24750944128217406,2.0,1.96875,2.0,2.0,1.0,5.679614620202791,0.052649609298241695,0.012664644736675786,-0.027017034404322487,-0.027017034404322487,-0.027017034219823873,0.001438475700453241,0.0009677592059403518,0.0009677589888760842,0.03125,1.2882024692219352,0.0,0.0,8.929022979489551e-09,7.613801243048342e-07
O2_s61_DPR_U,DPR_U,76,32,0.3786357139594308,0.10582014970714226,0.2728155642522885,2.0,1.96875,2.0,2.0,1.0,3.837548752336788,0.04003019849575353,0.01187805949010482,-0.014640697555159655,-0.014640697555159655,-0.014640699098340756,0.0010178380334469608,0.0006676897458091603,0.0006676899680211877,0.125,1.317052068296001,0.0,0.0,7.459801668928714e-09,6.488212491392178e-07
O2_s61_DPR_U,DPR_U,77,32,0.3624198556145156,0.09322634246200323,0.26919351315251233,2.0,1.96875,2.0,2.0,1.0,4.130894160507599,0.03324926304042664,0.010650413576976752,-0.011534380499147815,-0.011534380499147815,-0.01153437830645533,0.0007958664308277797,0.0005246831379431123,0.0005246831983226088,0.03125,1.2923147130326829,0.0,0.0,7.781159605079223e-09,6.672958237277086e-07
O2_s61_DPR_U,DPR_U,78,32,0.3235079843759159,0.08632903697434813,0.23717894740156772,2.0,1.96875,2.0,2.0,1.0,3.2902584723097585,0.035948040146425275,0.01017178433078425,-0.011176192415494023,-0.011176192415494024,-0.01117619506683411,0.000779687689310311,0.0005235227312572172,0.0005235229070822441,0.0625,1.2586406226621973,0.0,0.0,5.896654327035992e-09,6.013903169323282e-07
O2_s61_DPR_U,DPR_U,79,32,0.32630609517223264,0.08920438098721206,0.23710171418502046,2.0,1.96875,2.0,2.0,1.0,3.957749900437573,0.035983088997783,0.01282326872703685,-0.01335725576496427,-0.013357255764964267,-0.013357257742413302,0.0009816018924840755,0.0006488363519726062,0.0006488364188593092,0.03125,1.2518883632307591,0.0,0.0,8.173540684048563e-09,6.76798708813407e-07
O2_s61_DPR_U,DPR_U,80,32,0.32263080688838075,0.0839531077654101,0.2386776991229707,2.0,1.96875,2.0,2.0,1.0,4.286160868924744,0.03629244888563478,0.008782772730337111,-0.013463075200557754,-0.013463075200557752,-0.013463071673849622,0.0006802753139588826,0.000459261259044769,0.0004592611925495882,0.0,1.3183602570410469,0.0,0.0,8.413755752350251e-09,7.080823449468534e-07
O2_s61_DPR_U,DPR_U,81,32,0.34601253380384484,0.09731021133484319,0.24870232246900162,2.0,1.96875,2.0,2.0,1.0,3.718783421705598,0.032235011094338434,0.011653476236252422,-0.010641523807640859,-0.010641523807640859,-0.010641522898104192,0.0008280185965680438,0.0005673751648081193,0.0005673749522819831,0.03125,1.288279622363801,0.0,0.0,6.055411695484902e-09,6.484903532654788e-07
O2_s61_DPR_U,DPR_U,82,32,0.32297059615227713,0.0830685164546594,0.23990207969761754,2.0,1.96875,2.0,2.0,1.0,3.932671648823665,0.03265517805080168,0.010207423292138924,-0.010913391500828313,-0.010913391500828313,-0.010913391995615628,0.0007190758612200421,0.0004908607485358221,0.0004908610647014591,0.0,1.2809198994995694,0.0,0.0,6.1092825739505665e-09,6.390659963712312e-07
O2_s61_DPR_U,DPR_U,83,32,0.3353176063902674,0.09092394501203671,0.24439366137823063,2.0,1.96875,2.0,2.0,1.0,4.080857434800879,0.03222016911834401,0.013123655904944916,-0.011984814747017904,-0.011984814747017904,-0.011984816607140195,0.000940751876111908,0.0006105447018723584,0.0006105454767377074,0.0,1.2811238422823095,0.0,0.0,6.622257357701766e-09,7.124607424469101e-07
O2_s61_DPR_U,DPR_U,84,32,0.3145842507427843,0.08507493755314499,0.2295093131896393,2.0,1.96875,2.0,2.0,1.0,3.922060239300227,0.026484206445491057,0.013325613936923384,-0.009702457478813788,-0.009702457478813788,-0.00970246047032108,0.0007809739493083522,0.0005178392525045615,0.0005178394935665473,0.0625,1.2785889802566746,0.0,0.0,7.533531006317336e-09,6.822719044605584e-07
O2_s61_DPR_U,DPR_U,85,32,0.2955494554318417,0.0774270766414702,0.2181223787903715,2.0,1.96875,2.0,2.0,1.0,3.393001112267949,0.023280797260923806,0.009012126992916047,-0.00676455134829519,-0.00676455134829519,-0.00676455081775912,0.0004438015870076404,0.0002978084956226347,0.0002978086797627914,0.0625,1.2632357106076038,0.0,0.0,6.822139682686238e-09,5.951756819560404e-07
O2_s61_DPR_U,DPR_U,86,32,0.30496426353893447,0.08506670768838376,0.2198975558505507,2.0,1.96875,2.0,2.0,1.0,4.006353494037576,0.03317362921360173,0.01077197925529461,-0.012829229951881144,-0.012829229951881144,-0.012829231896889979,0.000765205758274992,0.0005134691037832368,0.0005134692796250201,0.0,1.2970897336022356,0.0,0.0,6.7534156692954075e-09,7.21478875802581e-07
O2_s61_DPR_U,DPR_U,87,32,0.30525354315600445,0.08695468428777531,0.2182988588682292,2.0,1.96875,2.0,2.0,1.0,3.4400164102866677,0.026714418616403203,0.009440568302845457,-0.008216592147887138,-0.008216592147887138,-0.008216594182386237,0.0005454881309705407,0.0003749524312834696,0.0003749522833081097,0.03125,1.308075322551983,0.0,0.0,6.4935609197521655e-09,6.168165628992362e-07
O2_s61_DPR_U,DPR_U,88,32,0.3237960415103575,0.08979953150264919,0.23399651000770827,2.0,1.96875,2.0,2.0,1.0,4.120204637351758,0.024010002759284464,0.010459216787927227,-0.011116466825373426,-0.011116466825373426,-0.011116466343621205,0.0005787371562585544,0.0003949671612553478,0.00039496723401625687,0.09375,1.3236989143637927,0.0,0.0,6.944717844216635e-09,7.328876743713172e-07
O2_s61_DPR_U,DPR_U,89,32,0.3302230066522767,0.08884094044333324,0.24138206620894337,2.0,1.96875,2.0,2.0,1.0,3.5349034700134987,0.02064711186363835,0.011587922689935049,-0.006903762009926949,-0.006903762009926949,-0.006903762254597503,0.0005349386572351127,0.00035706439961304663,0.0003570645817558551,0.0,1.3256783699794963,0.0,0.0,6.31184705691864e-09,6.401799766907157e-07
O2_s61_DPR_U,DPR_U,90,32,0.31124227998000725,0.08459403039887547,0.22664824958113178,2.0,1.96875,2.0,2.0,1.0,3.779008707205372,0.0175692217693233,0.01192161352074605,-0.006116442895374866,-0.006116442895374865,-0.006116443334785999,0.00044715166276661114,0.0002947285976850014,0.00029472854694140716,0.03125,1.2640242253688903,0.0,0.0,7.870227008179393e-09,6.471015316685622e-07
O2_s61_DPR_U,DPR_U,91,32,0.2560684379201452,0.06466785783413798,0.1914005800860072,2.0,1.96875,2.0,2.0,1.0,3.0337095678945847,0.015385137156543367,0.00929794651280955,-0.005003235667481047,-0.005003235667481047,-0.0050032333435370245,0.000322519299462909,0.00022474050580703378,0.00022474007850631402,0.0,1.2673391945556307,0.0,0.0,5.014973488323939e-09,5.533247802481743e-07
O2_s61_DPR_U,DPR_U,92,32,0.2988331326797282,0.08271019370295107,0.21612293897677703,2.0,1.96875,2.0,2.0,1.0,3.8797679608713764,0.019539704409049622,0.008858942088621641,-0.007257557757744978,-0.007257557757744979,-0.00725756183145262,0.0003991919913367191,0.000275496195485899,0.000275496514852037,0.15625,1.288334875678026,0.0,0.0,6.988798711132639e-09,7.185126000514413e-07
O2_s61_DPR_U,DPR_U,93,32,0.29041161724668146,0.08029248839011416,0.21011912885656733,2.0,1.96875,2.0,2.0,1.0,3.5997468059187194,0.014440191503816282,0.013134728592826887,-0.005323422884323295,-0.005323422884323295,-0.005323423243219601,0.0004303857170279093,0.000292260235051576,0.00029226026757118187,0.09375,1.277168133335628,0.0,0.0,5.810165175524896e-09,6.542743683213975e-07
O2_s61_DPR_U,DPR_U,94,32,0.2955754257413604,0.08496923907659948,0.210606186664761,2.0,1.96875,2.0,2.0,1.0,3.722572482016597,0.012184740078372466,0.013660194738775057,-0.004121238866551502,-0.004121238866551502,-0.00412123956881097,0.000367935620469736,0.00024218801203615905,0.00024218805155679055,0.0625,1.2528707820333944,0.0,0.0,7.636817387838474e-09,6.540786792179025e-07
O2_s61_DPR_U,DPR_U,95,32,0.28362899987184603,0.07652622449677438,0.20710277537507174,2.0,1.96875,2.0,2.0,1.0,3.909316852809317,0.011453954351708259,0.010270116984558063,-0.004384984148596768,-0.004384984148596768,-0.004384984999417142,0.0002539789635006873,0.00016896995415756756,0.00016897046160186882,0.09375,1.273587179039398,0.0,0.0,6.049216016322837e-09,6.820514852344653e-07
O2_s61_DPR_U,DPR_U,96,32,0.309893210077763,0.0836308920988813,0.2262623179788817,2.0,1.96875,2.0,2.0,1.0,3.3488993079048317,0.00956658578375461,0.013031441433464564,-0.0030334505851846516,-0.0030334505851846516,-0.0030334509495349316,0.0002685962452819098,0.00018238819301574582,0.0001823884432135808,0.0625,1.2807262949614528,0.0,0.0,4.2171846845786054e-09,6.184996760594925e-07
O2_s61_DPR_U,DPR_U,97,32,0.28934273590205634,0.07984924840275198,0.20949348749930435,2.0,1.96875,2.0,2.0,1.0,3.341385246629421,0.007756598883642097,0.012221970740459491,-0.0027493730108270283,-0.0027493730108270283,-0.0027493726671715332,0.00019788589160019536,0.00012914124987393251,0.00012914087353904413,0.03125,1.25332257220263,0.0,0.0,4.4087656408948e-09,6.216598169266795e-07
O2_s61_DPR_U,DPR_U,98,32,0.30954622146527966,0.0876450918149203,0.2219011296503592,2.0,1.96875,2.0,2.0,1.0,3.625258564672811,0.005033904678136905,0.013276918926856908,-0.0016965941390781154,-0.0016965941390781156,-0.0016965925649861124,0.0001437339418492368,9.559241640523374e-05,9.559268299422517e-05,0.03125,1.27728864880532,0.0,0.0,5.647448949363295e-09,6.30147586745742e-07
O2_s61_DPR_U,DPR_U,99,32,0.2821407265078922,0.0763169439160265,0.2058237825918657,2.0,1.96875,2.0,2.0,1.0,3.6147362356803843,0.00366184210333283,0.013455971281103539,-0.0012839481837672196,-0.0012839481837672196,-0.0012839478251888067,0.00010526643235327507,7.204548151302367e-05,7.204556325744182e-05,0.0,1.2902855896323138,0.0,0.0,8.008926158086856e-09,6.343374923166928e-07
O2_s61_DPR_U,DPR_U,100,32,0.28124592982312424,0.07539932458894327,0.20584660523418086,2.0,1.96875,2.0,2.0,1.0,3.746246508295491,0.0011902273292390968,0.012029829326749956,-0.0004221060591189719,-0.0004221060591189719,-0.000422104180736718,3.567687363417696e-05,2.3622271194015678e-05,2.362504692094997e-05,0.0,1.2604089315908407,0.0,0.0,7.648460960333468e-09,6.73784247251824e-07
O2_s61_RESPONSE_U,RESPONSE_U,1,32,0.6408124120031335,0.17242492397781461,0.4683874880253191,2.0,0.0,0.0,0.0,0.0,5.450065969017832,0.19096710244132753,0.0,-0.1308437271045438,-0.1308437271045438,-0.1308437271045438,0.0,0.0,0.0,0.09375,1.0,0.0,0.0,0.0,6.828068019133343e-07
O2_s61_RESPONSE_U,RESPONSE_U,2,32,0.4860590723988693,0.0928342918632552,0.39322478053561405,2.0,0.0,0.0,0.0,0.0,3.9286533541764617,0.19508444909173256,0.0,-0.0384586689754387,-0.0384586689754387,-0.0384586689754387,0.0,0.0,0.0,0.125,1.0,0.0,0.0,0.0,5.119618061235692e-07
O2_s61_RESPONSE_U,RESPONSE_U,3,32,0.4012057068116902,0.08496024552732706,0.3162454612843632,2.0,0.0,0.0,0.0,0.0,3.1055087141924025,0.1466237659950947,0.0,-0.026999371082616113,-0.026999371082616113,-0.026999371082616113,0.0,0.0,0.0,0.03125,1.0,0.0,0.0,0.0,4.2723536588000336e-07
O2_s61_RESPONSE_U,RESPONSE_U,4,32,0.3681750198154877,0.07723200472537428,0.29094301509011344,2.0,0.0,0.0,0.0,0.0,3.7957750134708768,0.12290411161097374,0.0,-0.028766830890989286,-0.028766830890989286,-0.028766830890989286,0.0,0.0,0.0,0.0625,1.0,0.0,0.0,0.0,4.950467914636854e-07
O2_s61_RESPONSE_U,RESPONSE_U,5,32,0.3612707757405468,0.07736688375007361,0.2839038919904732,2.0,0.0,0.0,0.0,0.0,3.9693499451659884,0.12068806396447995,0.0,-0.03803148920370428,-0.03803148920370428,-0.03803148920370428,0.0,0.0,0.0,0.03125,1.0,0.0,0.0,0.0,5.350290043875967e-07
O2_s61_RESPONSE_U,RESPONSE_U,6,32,0.3491908095345421,0.07416831387672573,0.27502249565781645,2.0,0.0,0.0,0.0,0.0,3.2643605849712425,0.11531058032179076,0.0,-0.0191847500784469,-0.0191847500784469,-0.0191847500784469,0.0,0.0,0.0,0.125,1.0,0.0,0.0,0.0,4.1709211009847427e-07
O2_s61_RESPONSE_U,RESPONSE_U,7,32,0.3201828411933985,0.06378079892601818,0.2564020422673803,2.0,0.0,0.0,0.0,0.0,3.230897799435066,0.10966338830337566,0.0,-0.019844342481768317,-0.019844342481768317,-0.019844342481768317,0.0,0.0,0.0,0.125,1.0,0.0,0.0,0.0,4.27183892586608e-07
O2_s61_RESPONSE_U,RESPONSE_U,8,32,0.2924019910665008,0.06120285810902715,0.23119913295747369,2.0,0.0,0.0,0.0,0.0,3.8327276408843054,0.11056132304004737,0.0,-0.03442005352778135,-0.03442005352778135,-0.03442005352778135,0.0,0.0,0.0,0.0625,1.0,0.0,0.0,0.0,5.05362801179004e-07
O2_s61_RESPONSE_U,RESPONSE_U,9,32,0.2956804378644174,0.06350159284193069,0.23217884502248679,2.0,0.0,0.0,0.0,0.0,3.5966311249443037,0.10413664468387958,0.0,-0.026510512540170172,-0.026510512540170172,-0.026510512540170172,0.0,0.0,0.0,0.0,1.0,0.0,0.0,0.0,4.948241731638536e-07
O2_s61_RESPONSE_U,RESPONSE_U,10,32,0.27887750752486573,0.06275444244965911,0.21612306507520657,2.0,0.0,0.0,0.0,0.0,3.9359830577754704,0.12499645920596185,0.0,-0.03998301798608412,-0.03998301798608412,-0.03998301798608412,0.0,0.0,0.0,0.09375,1.0,0.0,0.0,0.0,5.468052991286735e-07
O2_s61_RESPONSE_U,RESPONSE_U,11,32,0.2845879087723623,0.060331988730467856,0.2242559200418944,2.0,0.0,0.0,0.0,0.0,3.5496432432575276,0.11005200125980144,0.0,-0.0247536933215799,-0.0247536933215799,-0.0247536933215799,0.0,0.0,0.0,0.03125,1.0,0.0,0.0,0.0,4.7025113272105855e-07
O2_s61_RESPONSE_U,RESPONSE_U,12,32,0.25605586684734105,0.05670981190633029,0.19934605494101076,2.0,0.0,0.0,0.0,0.0,3.4240571110409026,0.09389730358868362,0.0,-0.023087261515882217,-0.023087261515882217,-0.023087261515882217,0.0,0.0,0.0,0.0,1.0,0.0,0.0,0.0,4.728412382497527e-07
O2_s61_RESPONSE_U,RESPONSE_U,13,32,0.25382625631223327,0.05372452619485557,0.20010173011737767,2.0,0.0,0.0,0.0,0.0,4.136191372179102,0.0950264882564335,0.0,-0.03128532612699561,-0.03128532612699561,-0.03128532612699561,0.0,0.0,0.0,0.0625,1.0,0.0,0.0,0.0,5.417163626283297e-07
O2_s61_RESPONSE_U,RESPONSE_U,14,32,0.24271972217396454,0.05317866709083319,0.18954105508313135,2.0,0.0,0.0,0.0,0.0,3.4397313895880566,0.07840345086413189,0.0,-0.020065956024477798,-0.020065956024477798,-0.020065956024477798,0.0,0.0,0.0,0.0625,1.0,0.0,0.0,0.0,4.581914411498231e-07
O2_s61_RESPONSE_U,RESPONSE_U,15,32,0.23026402560369838,0.050493564864154905,0.17977046073954348,2.0,0.0,0.0,0.0,0.0,3.2267316125020478,0.09915797126264018,0.0,-0.027694569531291197,-0.027694569531291197,-0.027694569531291197,0.0,0.0,0.0,0.125,1.0,0.0,0.0,0.0,4.541579045030679e-07
O2_s61_RESPONSE_U,RESPONSE_U,16,32,0.24404451451413467,0.05194741650484502,0.19209709800928965,2.0,0.0,0.0,0.0,0.0,3.746079191615915,0.10455968374032319,0.0,-0.03028615036480972,-0.03028615036480972,-0.03028615036480972,0.0,0.0,0.0,0.03125,1.0,0.0,0.0,0.0,5.184463323174869e-07
O2_s61_RESPONSE_U,RESPONSE_U,17,32,0.21987194455875533,0.0473907285486348,0.17248121601012054,2.0,0.0,0.0,0.0,0.0,3.0131997827089885,0.0839285681597294,0.0,-0.01822348165323711,-0.01822348165323711,-0.01822348165323711,0.0,0.0,0.0,0.0625,1.0,0.0,0.0,0.0,4.2762649258059154e-07
O2_s61_RESPONSE_U,RESPONSE_U,18,32,0.20229817863636693,0.044270409329328686,0.15802776930703827,2.0,0.0,0.0,0.0,0.0,3.005842208961024,0.10250766493852755,0.0,-0.024348064879574978,-0.024348064879574978,-0.024348064879574978,0.0,0.0,0.0,0.0625,1.0,0.0,0.0,0.0,4.5661030075391426e-07
O2_s61_RESPONSE_U,RESPONSE_U,19,32,0.19143478618129903,0.0421582399867475,0.14927654619455147,2.0,0.0,0.0,0.0,0.0,2.936438442239311,0.07815440124864248,0.0,-0.019487368766226806,-0.019487368766226806,-0.019487368766226806,0.0,0.0,0.0,0.03125,1.0,0.0,0.0,0.0,4.152461289077056e-07
O2_s61_RESPONSE_U,RESPONSE_U,20,32,0.2163895106992545,0.04698263539467007,0.1694068753045844,2.0,0.0,0.0,0.0,0.0,3.508798504744717,0.0991504088746389,0.0,-0.027828572427293197,-0.027828572427293197,-0.027828572427293197,0.0,0.0,0.0,0.0,1.0,0.0,0.0,0.0,4.99671439667805e-07
O2_s61_RESPONSE_U,RESPONSE_U,21,32,0.810577555374776,0.27471736655570567,0.5358601888190705,2.0,1.96875,2.0,2.0,0.050000000000000024,5.0705855897389425,0.14008991333589102,0.0012045841941584927,-0.07360485337710858,-0.0734880382779856,-0.07348803815246044,0.004173191959912105,0.004048677873364215,0.004048678227438863,0.03125,1.0218856012239763,0.0,0.0,0.00017085418279292046,6.903927130759884e-07
O2_s61_RESPONSE_U,RESPONSE_U,22,32,0.6915554109367227,0.19016760017257184,0.501387810764151,2.0,1.96875,2.0,2.0,0.10000000000000005,4.680520682842887,0.11627136068860078,0.001980925476257808,-0.04566135195560707,-0.045454924323406545,-0.04545492661877226,0.0032005791487416204,0.0030256198768467695,0.0030256197745965456,0.03125,1.0370622084155667,0.0,0.0,0.0003161476455497525,6.080229933671867e-07
O2_s61_RESPONSE_U,RESPONSE_U,23,32,0.7179493998029192,0.20593090821057558,0.5120184915923436,2.0,1.96875,2.0,2.0,0.15000000000000002,5.493342633474027,0.11609655705254159,0.002864397768421108,-0.049273328603889215,-0.04877676108797331,-0.04877676490999546,0.003371255400959618,0.003099280468062719,0.0030992806350044564,0.03125,1.0534732311088697,0.0,0.0,0.0006152754399676844,6.586361306101896e-07
O2_s61_RESPONSE_U,RESPONSE_U,24,32,0.6533396618941163,0.17343261663336307,0.4799070452607534,2.0,1.96875,2.0,2.0,0.2000000000000001,4.0243970342957835,0.09641166153962989,0.004025296354499507,-0.03262458102381344,-0.03235725721388849,-0.03235725675206465,0.0029428116733083774,0.002647894626199473,0.0026478945416128718,0.09375,1.0698840556273232,0.0,0.0,0.0004189129668815197,5.338095800112504e-07
O2_s61_RESPONSE_U,RESPONSE_U,25,32,0.6031113221747204,0.17025988013483584,0.43285144203988457,2.0,1.96875,2.0,2.0,0.25,4.579313356662976,0.08809915987454052,0.004448146464322577,-0.0342229238867695,-0.03386859263807033,-0.03386859377457985,0.002437557509227058,0.0021340699946405333,0.0021340700857918546,0.0625,1.0727467066619627,0.0,0.0,0.00046223724489855597,5.715589995715649e-07
O2_s61_RESPONSE_U,RESPONSE_U,26,32,0.6571618913542454,0.1773151853121817,0.4798467060420637,2.0,1.96875,2.0,2.0,0.30000000000000004,4.203661433126773,0.10798827990875433,0.004760295149099439,-0.027520355874208646,-0.027260635803033516,-0.02726063208419943,0.002691296357069025,0.0022958115385383416,0.0022958116491619157,0.0625,1.1141795555795595,0.0,0.0,0.0005390073955729544,5.429586873585846e-07
O2_s61_RESPONSE_U,RESPONSE_U,27,32,0.5212057026163256,0.13317923690192401,0.3880264657144017,2.0,1.96875,2.0,2.0,0.3499999999999998,4.291855527383774,0.09925344073413803,0.005551615755639207,-0.02883178377758531,-0.02853603462464215,-0.028536038167723963,0.002672589714490802,0.0022771065946878095,0.0022771065589318722,0.0625,1.0925991874642929,0.0,0.0,0.0004738144747082967,5.452657615449019e-07
O2_s61_RESPONSE_U,RESPONSE_U,28,32,0.547494079610271,0.14127902372274548,0.40621505588752543,2.0,1.96875,2.0,2.0,0.4000000000000002,4.117315375757021,0.07492769882013649,0.007974029711265991,-0.024564295458994936,-0.02403182737448957,-0.02403182979092261,0.0024790292821468113,0.0020178706420276023,0.002017870541144173,0.0,1.1376984492864866,0.0,0.0,0.0006401094840585498,5.162021048949757e-07
O2_s61_RESPONSE_U,RESPONSE_U,29,32,0.6159702720763024,0.1711122499546036,0.4448580221216988,2.0,1.96875,2.0,2.0,0.44999999999999973,4.258569740071739,0.10291570255445848,0.007830108124474973,-0.044602702434176154,-0.043899392128458295,-0.04389938902113236,0.0029577209066771297,0.0023347235692723614,0.0023347237048780283,0.09375,1.1830878289504814,0.0,0.0,0.0008847045381735481,5.471577054286882e-07
O2_s61_RESPONSE_U,RESPONSE_U,30,32,0.6351984112233906,0.16921753133647144,0.4659808798869193,2.0,1.96875,2.0,2.0,0.5,3.785459642160285,0.1230024856112053,0.005416036173636004,-0.030887279099347215,-0.030379789882574733,-0.030379790368202486,0.0024043686063669432,0.0019267155137870748,0.0019267153163924963,0.0,1.1839879621448557,0.0,0.0,0.0006874433644309744,5.598568254776146e-07
O2_s61_RESPONSE_U,RESPONSE_U,31,32,0.4745570139203179,0.11780180607456714,0.3567552078457508,2.0,1.96875,2.0,2.0,0.5500000000000003,3.66798475973534,0.11008809444287852,0.006789781852677456,-0.030006467649108783,-0.029711371849105345,-0.029711371813648094,0.0022932326210887595,0.001740819871940466,0.001740820135148824,0.03125,1.1805684599660928,0.0,0.0,0.0005900516315279299,5.250855619513658e-07
O2_s61_RESPONSE_U,RESPONSE_U,32,32,0.555838500323142,0.14610049326438457,0.40973800705875746,2.0,1.96875,2.0,2.0,0.6000000000000001,5.104970954961453,0.10483402962651005,0.007556323217856857,-0.04147668320253821,-0.04086667586585074,-0.040866677484155206,0.002354667603312589,0.0017887519910255627,0.0017887515983173584,0.03125,1.1928400384516515,0.0,0.0,0.0008905101574932118,6.644545017481081e-07
O2_s61_RESPONSE_U,RESPONSE_U,33,32,0.5448272562280502,0.14647867972962558,0.3983485764984246,2.0,1.96875,2.0,2.0,0.6499999999999998,4.032151335893384,0.09215654164215631,0.009146480925102042,-0.02965794182558224,-0.029289634001121452,-0.029289632726751863,0.0024569950414604436,0.0018623829283940946,0.0018623831090505995,0.0625,1.1932999472200145,0.0,0.0,0.0005112407042087489,5.514415637450907e-07
O2_s61_RESPONSE_U,RESPONSE_U,34,32,0.6009235140987512,0.17316305660642684,0.4277604574923245,2.0,1.96875,2.0,2.0,0.6999999999999996,3.9752742219087476,0.09214670030026847,0.011014546160309203,-0.028016100229196463,-0.027464336100056955,-0.027464337498903896,0.0025746926473534395,0.0018872281447772656,0.0018872284977721246,0.09375,1.1977939909202315,0.0,0.0,0.0008382016614969206,5.735109342112889e-07
O2_s61_RESPONSE_U,RESPONSE_U,35,32,0.479499512357969,0.12160619522910565,0.35789331712886346,2.0,1.96875,2.0,2.0,0.75,3.698123920005816,0.09663512257748644,0.010740979674169282,-0.02986118880469345,-0.029064541131275264,-0.029064543612037683,0.00262984607810919,0.0018592017291098563,0.0018592019580003778,0.0,1.2602628613504634,0.0,0.0,0.0009847727473596096,5.404854370981027e-07
O2_s61_RESPONSE_U,RESPONSE_U,36,32,0.5177175283345278,0.14108477509580553,0.37663275323872225,2.0,1.96875,2.0,2.0,0.8000000000000004,4.283341750461472,0.08521947711629273,0.009077871722006725,-0.025892304949653385,-0.025911939259161892,-0.025911941732722283,0.0019065362970860887,0.0013315579849948506,0.001331557855840435,0.03125,1.296334303140416,0.0,0.0,0.0007677069156217073,5.72980895335217e-07
O2_s61_RESPONSE_U,RESPONSE_U,37,32,0.5324239376728004,0.13812447793316096,0.3942994597396395,2.0,1.96875,2.0,2.0,0.8500000000000004,5.2733342808038355,0.09116590588698237,0.011306995977590795,-0.03610186804392535,-0.03495743738051182,-0.034957441446758566,0.0024384087042003846,0.0016487791330058535,0.0016487793810644135,0.0,1.2426770041760735,0.0,0.0,0.001552227280651134,6.139794216278798e-07
O2_s61_RESPONSE_U,RESPONSE_U,38,32,0.4897780385960781,0.12427484232466668,0.3655031962714114,2.0,1.96875,2.0,2.0,0.8999999999999995,3.8773737101932784,0.08938005934993196,0.007640356210145242,-0.02146023558395107,-0.021344972832059435,-0.021344974292103313,0.0016416327597306563,0.0011323886464401302,0.0011323889626410149,0.0625,1.3296691827297702,0.0,0.0,0.0006912390126023238,5.170162721231431e-07
O2_s61_RESPONSE_U,RESPONSE_U,39,32,0.46608938600588873,0.12421488668769598,0.34187449931819275,2.0,1.96875,2.0,2.0,0.9499999999999995,3.854303208795864,0.09094916744783205,0.00899787997959198,-0.02569468738822971,-0.02529140328869089,-0.025291404041553202,0.0018203177152321798,0.0012326001530987112,0.0012326002935197362,0.03125,1.2893978992701671,0.0,0.0,0.0007603945104717131,5.591186111251009e-07
O2_s61_RESPONSE_U,RESPONSE_U,40,32,0.476052957377038,0.12716316245496273,0.3488897949220752,2.0,1.96875,2.0,2.0,1.0,3.652761768413437,0.09576183473975061,0.009247711344644614,-0.025989646195967813,-0.02562050350136768,-0.025620500842393704,0.0019375745484200035,0.0012566825684272778,0.0012566824419847228,0.0625,1.3344871652213313,0.0,0.0,0.0009051797845601116,5.537429292474473e-07
O2_s61_RESPONSE_U,RESPONSE_U,41,32,0.44388578222252306,0.11448491201736033,0.3294008702051628,2.0,1.96875,2.0,2.0,1.0,3.716138702895242,0.0855956943012835,0.00996636832265577,-0.019535468778283584,-0.01922105959019958,-0.019221059568664607,0.0017655100102584435,0.001118141914338697,0.001118141910185026,0.125,1.298696828259023,0.0,0.0,0.0005260998728155497,5.15420148552836e-07
O2_s61_RESPONSE_U,RESPONSE_U,42,32,0.46934731833546295,0.12597217422444373,0.3433751441110192,2.0,1.96875,2.0,2.0,1.0,3.7234535144141865,0.08651073121774885,0.012692510261888544,-0.024747138654391498,-0.023982277346207177,-0.023982278079214353,0.00232249530212151,0.0015085844407666433,0.001508584289396566,0.0625,1.2496204007849363,0.0,0.0,0.0011635243762823282,5.555242858476965e-07
O2_s61_RESPONSE_U,RESPONSE_U,43,32,0.48001365771612553,0.12246100103948265,0.3575526566766428,2.0,1.96875,2.0,2.0,1.0,3.7042444135585226,0.07399672017131854,0.009220848602034737,-0.017012355012917937,-0.016819335409632763,-0.016819336371308787,0.0014821709058499644,0.0009660420375156459,0.0009660425149537514,0.0625,1.2747502096613732,0.0,0.0,0.00037532038929355085,5.127674506124252e-07
O2_s61_RESPONSE_U,RESPONSE_U,44,32,0.48996954416738836,0.13440777407959104,0.3555617700877972,2.0,1.96875,2.0,2.0,1.0,4.792656140304443,0.10586343541352769,0.009138907170249596,-0.041174559995949676,-0.040700426997343185,-0.04070043224000711,0.0021375974578672643,0.0014520363055947234,0.0014520368765412368,0.03125,1.2994722969573789,0.0,0.0,0.001494012777285469,6.809767265628653e-07
O2_s61_RESPONSE_U,RESPONSE_U,45,32,0.45937539173011516,0.12436884210910648,0.3350065496210088,2.0,1.96875,2.0,2.0,1.0,3.4523965411377318,0.0962902497132372,0.012853963776952786,-0.019417919818298515,-0.018954123294082487,-0.018954125746293796,0.0023873032616878063,0.0014946109682284182,0.0014946107766680061,0.09375,1.3122308037281394,0.0,0.0,0.0008394901039042072,5.355738162098796e-07
O2_s61_RESPONSE_U,RESPONSE_U,46,32,0.47797088112313024,0.12728746188804507,0.35068341923508506,2.0,1.96875,2.0,2.0,1.0,3.9459041527598036,0.09186661355848684,0.010687477405533401,-0.028941235690087712,-0.02800447049134571,-0.028004470417728546,0.0020767318665308953,0.0013561310231383664,0.001356130968755499,0.0,1.3352652778383987,0.0,0.0,0.0014722442159175815,5.937508405166216e-07
O2_s61_RESPONSE_U,RESPONSE_U,47,32,0.49705248890570936,0.14040493417996913,0.3566475547257402,2.0,1.96875,2.0,2.0,1.0,4.393124391130643,0.08125481220875164,0.010941119889994152,-0.029720304201058232,-0.029420137329586912,-0.02942013676802737,0.0019579171419631,0.001250169605900744,0.00125016929266644,0.09375,1.280468748653094,0.0,0.0,0.0005039405818554425,6.18673306682712e-07
O2_s61_RESPONSE_U,RESPONSE_U,48,32,0.3947412431431186,0.09923328860895708,0.2955079545341615,2.0,1.96875,2.0,2.0,1.0,3.8725362653828346,0.06747514890199617,0.011245569413965062,-0.019102791765731306,-0.018843003267353057,-0.018843000862883864,0.0016269525439346478,0.0010576513349641044,0.001057651260196308,0.0,1.2671525696472634,0.0,0.0,0.0008977287116902537,5.163097061703473e-07
O2_s61_RESPONSE_U,RESPONSE_U,49,32,0.4528892856466676,0.119126045727171,0.3337632399194965,2.0,1.96875,2.0,2.0,1.0,3.6870841200494926,0.0749590722921723,0.01222466352123419,-0.020647977269096555,-0.020305782796306585,-0.020305783194650498,0.0019173136952429707,0.0012350594014050851,0.0012350595343394884,0.0,1.2774813678564587,0.0,0.0,0.0006353099766951428,5.614507545694663e-07
O2_s61_RESPONSE_U,RESPONSE_U,50,32,0.41566645682847353,0.10828875575680286,0.3073777010716707,2.0,1.96875,2.0,2.0,1.0,3.774788297832457,0.07821609221522291,0.009608468699851025,-0.020775248119223613,-0.020585156676900498,-0.02058516158223537,0.001587629024501279,0.0010265272740197608,0.0010265275218711877,0.03125,1.3088458968570795,0.0,0.0,0.00036128949161560385,5.520861823553537e-07
O2_s61_RESPONSE_U,RESPONSE_U,51,32,0.4364853431647962,0.11950493510812521,0.31698040805667094,2.0,1.96875,2.0,2.0,1.0,3.519491559335225,0.07028413627017124,0.00858525082935429,-0.018056680163011436,-0.017725324321377644,-0.017725323818853236,0.0013252944568530878,0.0009065397188998959,0.000906540207883205,0.0625,1.3195522063285492,0.0,0.0,0.00047355344419438596,5.297759609253123e-07
O2_s61_RESPONSE_U,RESPONSE_U,52,32,0.4935786246658733,0.14013297529891133,0.3534456493669621,2.0,1.96875,2.0,2.0,1.0,4.283647919579443,0.07119742585807134,0.013849625337915913,-0.02800849298923,-0.027266260956079078,-0.02726626068937413,0.0020989442390550897,0.0013727575482257563,0.0013727577994656938,0.09375,1.3268423297374496,0.0,0.0,0.0011574984501291294,6.19719699425288e-07
O2_s61_RESPONSE_U,RESPONSE_U,53,32,0.46749187916795715,0.12103713944088668,0.34645473972707047,2.0,1.96875,2.0,2.0,1.0,3.7629660410810266,0.08476848014027981,0.010398203717926114,-0.02459256639717233,-0.024139491969119558,-0.02413949315739341,0.0017043900029259115,0.0011064891645603267,0.0011064891801342046,0.0625,1.327504368869646,0.0,0.0,0.0006065616497504718,6.074947464187744e-07
O2_s61_RESPONSE_U,RESPONSE_U,54,32,0.4045173679000378,0.09857040515635163,0.3059469627436862,2.0,1.96875,2.0,2.0,1.0,3.3960208119403283,0.07654317773840562,0.011071059670299248,-0.0213115363580441,-0.02118042615021595,-0.021180424467874392,0.001739981612421786,0.0011339696244592045,0.0011339701009801322,0.0625,1.2901662053983607,0.0,0.0,0.0005747810798105139,5.464368228689383e-07
O2_s61_RESPONSE_U,RESPONSE_U,55,32,0.46733816858384014,0.12975219171494246,0.3375859768688975,2.0,1.96875,2.0,2.0,1.0,4.213874595736393,0.06836182507199672,0.013065870682680357,-0.026071198936989406,-0.02550870520689352,-0.025508703434203583,0.0019082003540364751,0.0012584315162360766,0.0012584311932442582,0.03125,1.2879235129627067,0.0,0.0,0.000681750884449453,6.494265962231495e-07
O2_s61_RESPONSE_U,RESPONSE_U,56,32,0.41187852335906383,0.11422207817668095,0.2976564451823829,2.0,1.96875,2.0,2.0,1.0,3.6169679699621007,0.06375754784347713,0.012535701617840267,-0.018697366810544416,-0.018542742141349704,-0.018542740708929528,0.001702525488829202,0.001096555788230205,0.001096556412607008,0.0,1.3010438662612889,0.0,0.0,0.0006562507738012044,5.577220202588515e-07
O2_s61_RESPONSE_U,RESPONSE_U,57,32,0.39213083874379046,0.10452354652807117,0.28760729221571923,2.0,1.96875,2.0,2.0,1.0,3.5094413614054756,0.055594618619937065,0.010292913329503547,-0.01649182237443174,-0.01642142919088209,-0.016421430662280335,0.0012227535405780867,0.0008093238843127372,0.000809324409094752,0.0,1.2973153375607358,0.0,0.0,0.00029192193436170633,5.478749568213749e-07
O2_s61_RESPONSE_U,RESPONSE_U,58,32,0.428967520477703,0.11537815968040377,0.31358936079729927,2.0,1.96875,2.0,2.0,1.0,3.834007983848868,0.07105775118472524,0.011599583354463764,-0.025894570139139296,-0.025583642427604643,-0.025583644540305903,0.001701940921938009,0.0010934964700757797,0.0010934963920010148,0.0,1.2592614234313808,0.0,0.0,0.000753108895493928,6.237564575046643e-07
O2_s61_RESPONSE_U,RESPONSE_U,59,32,0.38147169015104926,0.10414681665133685,0.2773248734997125,2.0,1.96875,2.0,2.0,1.0,3.3770539409121074,0.0701665238320653,0.013258314097123435,-0.020862888791028173,-0.020246657539429475,-0.020246658000898584,0.0019935965559456973,0.0013193612977082441,0.0013193614874248843,0.03125,1.3322346414870923,0.0,0.0,0.0008519543479992844,5.784082903564827e-07
O2_s61_RESPONSE_U,RESPONSE_U,60,32,0.42387158320122753,0.1167855110252276,0.307086072176,2.0,1.96875,2.0,2.0,1.0,3.8751995516448474,0.06953708984992599,0.009321635068035648,-0.022535894997340978,-0.022402477530325815,-0.02240247562000946,0.0013878295993556915,0.0009351703221518921,0.0009351702596740062,0.0,1.2605176385015806,0.0,0.0,0.0005042045807806274,6.360535897616209e-07
O2_s61_RESPONSE_U,RESPONSE_U,61,32,0.37445432099351134,0.09684432274661958,0.27760999824689164,2.0,1.96875,2.0,2.0,1.0,3.2785936766419788,0.05996051109253492,0.010443321295205641,-0.01854520324504334,-0.018465503438202895,-0.018465502465313928,0.0013798004248565957,0.0009251510827118461,0.0009251515789880486,0.03125,1.299638812624309,0.0,0.0,0.00024655357888621684,5.549593702628689e-07
O2_s61_RESPONSE_U,RESPONSE_U,62,32,0.3862101042165438,0.10101260407827795,0.2851975001382657,2.0,1.96875,2.0,2.0,1.0,3.3670369646125358,0.060884077329713425,0.010476178052697661,-0.019192081360233332,-0.018854836259501767,-0.018854837115389995,0.0013740958431540523,0.0008976006031897205,0.0008976008749702332,0.03125,1.287232619702368,0.0,0.0,0.0004682608516777465,5.890300206676254e-07
O2_s61_RESPONSE_U,RESPONSE_U,63,32,0.3852965011733098,0.10480310465209186,0.2804933965212181,2.0,1.96875,2.0,2.0,1.0,3.470932851164986,0.0662695614779026,0.009183063002871741,-0.01997298656861626,-0.01976974630170622,-0.01976974728123671,0.0013151252221084613,0.000893476950822333,0.0008934773362729543,0.03125,1.3034202873804026,0.0,0.0,0.0004686823631007769,6.016344533428058e-07
O2_s61_RESPONSE_U,RESPONSE_U,64,32,0.36186990006964387,0.08867153339087963,0.2731983666787643,2.0,1.96875,2.0,2.0,1.0,3.393479964515699,0.059727239825340776,0.008456353411843434,-0.017188908516766514,-0.017067680013499155,-0.017067678759799528,0.001058321222133225,0.0006899646371471085,0.0006899647876879368,0.03125,1.2870747005691143,0.0,0.0,0.00023788446637840996,5.931508590006384e-07
O2_s61_RESPONSE_U,RESPONSE_U,65,32,0.3908564997537614,0.10396102932281792,0.2868954704309433,2.0,1.96875,2.0,2.0,1.0,3.7291554881118314,0.06688286126419184,0.012039546089224659,-0.02285755475742761,-0.022421070263927353,-0.02242106856921041,0.0017053770211781858,0.0011440117010302192,0.001144011592631096,0.03125,1.280908685131816,0.0,0.0,0.0006866025595798714,6.530590794768017e-07
O2_s61_RESPONSE_U,RESPONSE_U,66,32,0.34959805910213065,0.08994174253894016,0.2596563165631905,2.0,1.96875,2.0,2.0,1.0,3.718306836472066,0.05577208733270653,0.010981040659068844,-0.020142806419558484,-0.01971137994480272,-0.019711379326743963,0.0013449370109137441,0.0008907303818361424,0.0008907302948945081,0.0,1.2877842114303408,0.0,0.0,0.0006586535641880442,6.286741250880163e-07
O2_s61_RESPONSE_U,RESPONSE_U,67,32,0.3412229452461398,0.08950579399242997,0.25171715125370986,2.0,1.96875,2.0,2.0,1.0,3.500905131742289,0.05269372825322541,0.010144320639439123,-0.016753067525010754,-0.016625597935396166,-0.016625600075440346,0.0011671952056987653,0.0007578379982966357,0.000757838109111959,0.09375,1.2562330305357607,0.0,0.0,0.0003279143427309782,5.99155686873536e-07
O2_s61_RESPONSE_U,RESPONSE_U,68,32,0.36499839425148034,0.09616636857390404,0.26883202567757625,2.0,1.96875,2.0,2.0,1.0,3.439367803473463,0.048446609270194715,0.011233621629614457,-0.01448723563792491,-0.01424715450501166,-0.014247157543846693,0.001168441869479912,0.0007561697978507561,0.0007561698471135139,0.03125,1.258587864972963,0.0,0.0,0.0004329731171259441,5.857465243163393e-07
O2_s61_RESPONSE_U,RESPONSE_U,69,32,0.3127938691230393,0.07854369509732351,0.23425017402571574,2.0,1.96875,2.0,2.0,1.0,2.8367692653757,0.04530012829810651,0.012709116289864302,-0.012060448475849445,-0.011882073482996672,-0.011882076175435673,0.001189209818764943,0.0007654155038387863,0.0007654154684498155,0.03125,1.2490038403383743,0.0,0.0,0.0004534121759197126,5.014555664976574e-07
O2_s61_RESPONSE_U,RESPONSE_U,70,32,0.33221521240269164,0.09049124777084216,0.24172396463184945,2.0,1.96875,2.0,2.0,1.0,3.659437788579778,0.05214392801883132,0.009860558177688291,-0.018670227664294492,-0.01833338313317434,-0.01833338286342883,0.00112077070060861,0.0007647024571843763,0.0007647023710596216,0.0,1.267893912383332,0.0,0.0,0.0004427132776887917,6.49021447439166e-07
O2_s61_RESPONSE_U,RESPONSE_U,71,32,0.33660475078059443,0.08990294020622969,0.24670181057436463,2.0,1.96875,2.0,2.0,1.0,3.278659294342133,0.04546857668460859,0.011550843443682382,-0.01402372447250659,-0.013970476401825185,-0.013970476444424227,0.0011433477803967896,0.0007633992102999867,0.0007633988077698008,0.0,1.2969422401371205,0.0,0.0,0.00028104029574874915,5.978232244943196e-07
O2_s61_RESPONSE_U,RESPONSE_U,72,32,0.35390972815458244,0.09489675931399688,0.25901296884058556,2.0,1.96875,2.0,2.0,1.0,3.176485737989961,0.04377759203411768,0.011196562441187307,-0.012777610320940854,-0.012692323572512458,-0.012692322879596644,0.0010451634934561214,0.0006815805117287566,0.0006815805436100901,0.03125,1.2911595047540405,0.0,0.0,0.0003043192564621343,5.759658603473654e-07
O2_s61_RESPONSE_U,RESPONSE_U,73,32,0.38650985099219215,0.10717007354833186,0.2793397774438603,2.0,1.96875,2.0,2.0,1.0,6.155776902689128,0.052723071331932665,0.012928307967780597,-0.03958067703787292,-0.038893078775396925,-0.0388930825356537,0.001395598027594738,0.0008997608203595753,0.0008997611217790509,0.0625,1.2957147355698424,0.0,0.0,0.0009026746319623714,9.202601056565886e-07
O2_s61_RESPONSE_U,RESPONSE_U,74,32,0.3347703295755712,0.08838767959969118,0.2463826499758799,2.0,1.96875,2.0,2.0,1.0,3.0548883494460717,0.03880757476154217,0.011625290484026421,-0.010200180172402134,-0.010061110505822682,-0.010061109629032729,0.0009160576876332681,0.0005786240776791307,0.0005786238582843146,0.0625,1.287372645981085,0.0,0.0,0.00031086794204917667,5.477169797560676e-07
O2_s61_RESPONSE_U,RESPONSE_U,75,32,0.33701709105871713,0.09233900438994169,0.24467808666877547,2.0,1.96875,2.0,2.0,1.0,4.175955801451023,0.052577824431482796,0.011962910941051454,-0.022504308257582335,-0.02212553786918272,-0.022125538163043437,0.001281053809646254,0.0008275639962922492,0.0008275638428833342,0.0,1.307966683132267,0.0,0.0,0.00073040739441728,6.94411617119326e-07
O2_s61_RESPONSE_U,RESPONSE_U,76,32,0.37966528420449425,0.10616750561166555,0.2734977785928287,2.0,1.96875,2.0,2.0,1.0,3.7832247388165476,0.043578228968485955,0.011780761278257714,-0.016729287926613386,-0.0165459881362865,-0.016545987182927154,0.0010948478759637934,0.0007169404037382516,0.0007169401163398013,0.09375,1.3113026663247966,0.0,0.0,0.0004009938587143431,6.696963779002524e-07
O2_s61_RESPONSE_U,RESPONSE_U,77,32,0.3644847078569133,0.09520765504566953,0.26927705281124376,2.0,1.96875,2.0,2.0,1.0,4.169284879742825,0.036610716312300576,0.011024459356447,-0.014363574829641925,-0.014234840802832535,-0.014234837709259004,0.0008790816101400356,0.0005777147972211976,0.0005777150506827515,0.03125,1.2539736212851917,0.0,0.0,0.00034572510192712295,6.770887383296573e-07
O2_s61_RESPONSE_U,RESPONSE_U,78,32,0.31512634326530775,0.08365060994401574,0.2314757333212919,2.0,1.96875,2.0,2.0,1.0,3.9177606239317617,0.04095812218300429,0.011015976911322174,-0.01576927758704896,-0.015447433142566039,-0.015447431917310255,0.0009827294528338977,0.0006500572181657271,0.000650057058267499,0.03125,1.2859999156210884,0.0,0.0,0.00040127404396193654,6.858584860904566e-07
O2_s61_RESPONSE_U,RESPONSE_U,79,32,0.32442002727598523,0.08766133530298248,0.23675869197300273,2.0,1.96875,2.0,2.0,1.0,3.5530287624934176,0.03156916868787293,0.013445345431871768,-0.011289959077608616,-0.011030242976473072,-0.011030245522101157,0.0008908683005636345,0.0005773284345931643,0.0005773282330108241,0.03125,1.3186674139180006,0.0,0.0,0.000368531109475273,6.192917043381511e-07
O2_s61_RESPONSE_U,RESPONSE_U,80,32,0.3221421108071503,0.08520804659929127,0.2369340642078591,2.0,1.96875,2.0,2.0,1.0,4.350668006956538,0.036125390659545786,0.009407538224444055,-0.01432790212108341,-0.014210904306139282,-0.014210903015677628,0.0007167554435713531,0.00047710168540189817,0.00047710166526252347,0.03125,1.3488757705273868,0.0,0.0,0.0002841409867393349,7.027614883020942e-07
O2_s61_RESPONSE_U,RESPONSE_U,81,32,0.3337861785956641,0.09428597294026986,0.2395002056553943,2.0,1.96875,2.0,2.0,1.0,3.4732947781728813,0.032253177405995356,0.008637860151248265,-0.010693750414901877,-0.010644856670219667,-0.010644852385522088,0.0005845961620629196,0.00038011161376340645,0.0003801116083458738,0.0625,1.325258259804346,0.0,0.0,0.00018566352092847579,6.211342224169426e-07
O2_s61_RESPONSE_U,RESPONSE_U,82,32,0.3261075210849663,0.08494578412501141,0.2411617369599549,2.0,1.96875,2.0,2.0,1.0,3.5302351241727195,0.035761994558077506,0.008894077272263243,-0.012504763111244016,-0.012389567092751255,-0.01238956618273074,0.0006871386035719972,0.00046025725111608246,0.00046025728916868167,0.03125,1.2812879251164724,0.0,0.0,0.00024874638016700307,6.626885623067981e-07
O2_s61_RESPONSE_U,RESPONSE_U,83,32,0.3277088225484421,0.0879560089088045,0.2397528136396376,2.0,1.96875,2.0,2.0,1.0,3.7395264489852145,0.034362306899047665,0.011066324405311278,-0.010530591742368967,-0.010348429509307438,-0.010348431093552133,0.0008093905022781646,0.0005198451152704287,0.0005198455690532606,0.03125,1.2857282641818673,0.0,0.0,0.0002650441177637546,6.667981282370347e-07
O2_s61_RESPONSE_U,RESPONSE_U,84,32,0.30425700167453396,0.08162600465584546,0.2226309970186885,2.0,1.96875,2.0,2.0,1.0,3.8180934498149393,0.026632725312591362,0.012463309801223206,-0.008342287303672298,-0.008074149194051247,-0.008074149916941248,0.0007209989591810311,0.0004633110171782903,0.0004633107298858248,0.0,1.270934648251376,0.0,0.0,0.0003501381112523353,6.554341083555593e-07
O2_s61_RESPONSE_U,RESPONSE_U,85,32,0.2919623252175567,0.07727315096417442,0.2146891742533822,2.0,1.96875,2.0,2.0,1.0,3.2104723846418044,0.023499254895329686,0.00824800010539749,-0.006617999689503573,-0.006537763711929914,-0.00653776452266757,0.00041259134718048794,0.0002629700268303144,0.0002629701914456196,0.0,1.282675820775701,0.0,0.0,0.00011125742847313316,5.776815288129299e-07
O2_s61_RESPONSE_U,RESPONSE_U,86,32,0.3033965959381652,0.08595211815554649,0.21744447778261874,2.0,1.96875,2.0,2.0,1.0,3.432977186257404,0.02987380591291592,0.009504848344094931,-0.010016178533640918,-0.009848435895114822,-0.009848433419027348,0.0006350947975709133,0.0004244749187296651,0.0004244746820659276,0.03125,1.2899948960271634,0.0,0.0,0.00032589722109766027,6.302344257877635e-07
O2_s61_RESPONSE_U,RESPONSE_U,87,32,0.301409434083511,0.08482644223840907,0.21658299184510194,2.0,1.96875,2.0,2.0,1.0,3.016553524342082,0.021536369636826643,0.00957850638929225,-0.005838248204504353,-0.0057890402556431825,-0.005789038520909049,0.00043554433672361926,0.000284417661269742,0.0002844175360269245,0.0,1.3148889789078226,0.0,0.0,0.0001249384006551181,5.437027591901595e-07
O2_s61_RESPONSE_U,RESPONSE_U,88,32,0.31743789168461245,0.08649293845519423,0.2309449532294182,2.0,1.96875,2.0,2.0,1.0,3.532591160554058,0.02564679120962413,0.008485480272178424,-0.008595454408182004,-0.008501866635672909,-0.008501866257282654,0.00047288155083680746,0.00031353649765703136,0.0003135367853675146,0.09375,1.349937658071656,0.0,0.0,0.00020089678546399134,6.478394063696144e-07
O2_s61_RESPONSE_U,RESPONSE_U,89,32,0.32833801347173136,0.0880821387981996,0.24025587467353182,2.0,1.96875,2.0,2.0,1.0,3.1983609566673494,0.019580011565986537,0.011822922471062218,-0.006490275908446324,-0.006425534413398085,-0.006425533732473017,0.0004880347092389679,0.0003119291140717442,0.00031192868908179125,0.0,1.3267531743462415,0.0,0.0,0.00010738551724600932,5.998668477418393e-07
O2_s61_RESPONSE_U,RESPONSE_U,90,32,0.30954404574817984,0.08346371987136081,0.226080325876819,2.0,1.96875,2.0,2.0,1.0,3.115185874796363,0.01811512076252113,0.010501167698824967,-0.004966186599036966,-0.004929256197319849,-0.00492925415508884,0.000405688817882736,0.00027440215431793157,0.000274402383590355,0.0,1.2591279889861458,0.0,0.0,9.402294684466157e-05,5.721331484006511e-07
O2_s61_RESPONSE_U,RESPONSE_U,91,32,0.2560487584918672,0.06395926442928612,0.1920894940625811,2.0,1.96875,2.0,2.0,1.0,2.887115303332979,0.015501630831270773,0.010001229349099394,-0.004523262032416998,-0.004428781927594682,-0.004428782879294838,0.0003357690430538756,0.00022532608083453178,0.00022532543952461382,0.03125,1.3050707523997522,0.0,0.0,0.0001099834171506403,5.345839318449982e-07
O2_s61_RESPONSE_U,RESPONSE_U,92,32,0.28986499182044934,0.07762442564126104,0.21224056617918832,2.0,1.96875,2.0,2.0,1.0,3.484229727628723,0.018663067882030374,0.009081459144165461,-0.006227501462201486,-0.006217264302139606,-0.006217266678749446,0.00036320417706164735,0.00024213385792001732,0.00024213351609967077,0.0,1.2666486855534365,0.0,0.0,9.294871448496242e-05,6.515335107305958e-07
O2_s61_RESPONSE_U,RESPONSE_U,93,32,0.2806772511692776,0.0768696543527767,0.20380759681650093,2.0,1.96875,2.0,2.0,1.0,3.7142435134540497,0.016485828980336223,0.01177884044451988,-0.00583545827209315,-0.005735235424614722,-0.005735232478396917,0.00042767934586323837,0.00028514945769082627,0.00028514879484882737,0.09375,1.2826773748332758,0.0,0.0,0.00017729347242924267,6.655761538295173e-07
O2_s61_RESPONSE_U,RESPONSE_U,94,32,0.2846730872822899,0.08167161274468526,0.20300147453760464,2.0,1.96875,2.0,2.0,1.0,3.4761930206112304,0.013030936610263874,0.013567287521497119,-0.00411870714766513,-0.004065529178041106,-0.00406553075203194,0.00035726966278874447,0.0002272926574483791,0.0002272927142076157,0.0625,1.3093786097677405,0.0,0.0,0.00011378376528561934,6.284487934925563e-07
O2_s61_RESPONSE_U,RESPONSE_U,95,32,0.28041450975423876,0.07662197318859398,0.20379253656564475,2.0,1.96875,2.0,2.0,1.0,3.5361526522581292,0.010975758450478205,0.008348158861830681,-0.003789925656183215,-0.0037689919957470557,-0.0037689928552929043,0.00020921088927891828,0.00013708238960176823,0.0001370821672892358,0.03125,1.2941573838509481,0.0,0.0,5.515281648215002e-05,6.334225964689894e-07
O2_s61_RESPONSE_U,RESPONSE_U,96,32,0.30868079393178705,0.08289432211313397,0.22578647181865308,2.0,1.96875,2.0,2.0,1.0,3.4201744550521718,0.011087281499549156,0.014211003653206288,-0.003405141860542824,-0.0033603041787114625,-0.003360304988286213,0.00033112727976103727,0.00021578145021442841,0.00021578181230643602,0.03125,1.29134991526399,0.0,0.0,0.00010355335284161815,6.374817623125874e-07
O2_s61_RESPONSE_U,RESPONSE_U,97,32,0.2863107047608104,0.07901677943300456,0.2072939253278058,2.0,1.96875,2.0,2.0,1.0,2.920827847062312,0.008122211247328731,0.009818240886694338,-0.002452997312297899,-0.0024272453029885893,-0.0024272450306526065,0.0001647148889651351,0.00010865816032952066,0.00010865809819706015,0.0625,1.2727072040051277,0.0,0.0,3.8304346419980115e-05,5.685076047979603e-07
O2_s61_RESPONSE_U,RESPONSE_U,98,32,0.3096350313674861,0.0875280094332993,0.22210702193418683,2.0,1.96875,2.0,2.0,1.0,3.503777567105176,0.005786169743417805,0.011366455442779031,-0.0020034273108094423,-0.001980801783267116,-0.0019808021183381724,0.0001389159043559731,8.992649528595398e-05,8.992651843526085e-05,0.03125,1.3507334298807956,0.0,0.0,4.4844840694004964e-05,6.618191446162848e-07
O2_s61_RESPONSE_U,RESPONSE_U,99,32,0.2775668123366061,0.0752880452782847,0.2022787670583213,2.0,1.96875,2.0,2.0,1.0,3.0889321201652704,0.0036798129495785037,0.013026173269218193,-0.0010665295706690002,-0.0010417461928755997,-0.0010417442120175477,0.0001006550908752158,6.71522323752127e-05,6.715205928833972e-05,0.03125,1.3266295112005495,0.0,0.0,3.857840296922788e-05,5.79359424385586e-07
O2_s61_RESPONSE_U,RESPONSE_U,100,32,0.2753058442631081,0.0732987477676943,0.20200709649541387,2.0,1.96875,2.0,2.0,1.0,3.3842577812477774,0.001277279046141661,0.012858884202253333,-0.0004101783408826532,-0.0004004431344252135,-0.0004004447515749269,3.929866967402387e-05,2.5400996650275544e-05,2.540310659725624e-05,0.03125,1.3037977176434408,0.0,0.0,1.489012143932028e-05,6.228698595208882e-07
O2_s61_DPR_L,DPR_L,1,32,0.6408124120031335,0.17242492397781461,0.4683874880253191,2.0,0.0,0.0,0.0,0.0,5.450065969017832,0.19096710244132753,0.0,-0.1308437271045438,-0.1308437271045438,-0.1308437271045438,0.0,0.0,0.0,0.09375,1.0,0.0,0.0,0.0,6.828068019133343e-07
O2_s61_DPR_L,DPR_L,2,32,0.4860590723988693,0.0928342918632552,0.39322478053561405,2.0,0.0,0.0,0.0,0.0,3.9286533541764617,0.19508444909173256,0.0,-0.0384586689754387,-0.0384586689754387,-0.0384586689754387,0.0,0.0,0.0,0.125,1.0,0.0,0.0,0.0,5.119618061235692e-07
O2_s61_DPR_L,DPR_L,3,32,0.4012057068116902,0.08496024552732706,0.3162454612843632,2.0,0.0,0.0,0.0,0.0,3.1055087141924025,0.1466237659950947,0.0,-0.026999371082616113,-0.026999371082616113,-0.026999371082616113,0.0,0.0,0.0,0.03125,1.0,0.0,0.0,0.0,4.2723536588000336e-07
O2_s61_DPR_L,DPR_L,4,32,0.3681750198154877,0.07723200472537428,0.29094301509011344,2.0,0.0,0.0,0.0,0.0,3.7957750134708768,0.12290411161097374,0.0,-0.028766830890989286,-0.028766830890989286,-0.028766830890989286,0.0,0.0,0.0,0.0625,1.0,0.0,0.0,0.0,4.950467914636854e-07
O2_s61_DPR_L,DPR_L,5,32,0.3612707757405468,0.07736688375007361,0.2839038919904732,2.0,0.0,0.0,0.0,0.0,3.9693499451659884,0.12068806396447995,0.0,-0.03803148920370428,-0.03803148920370428,-0.03803148920370428,0.0,0.0,0.0,0.03125,1.0,0.0,0.0,0.0,5.350290043875967e-07
O2_s61_DPR_L,DPR_L,6,32,0.3491908095345421,0.07416831387672573,0.27502249565781645,2.0,0.0,0.0,0.0,0.0,3.2643605849712425,0.11531058032179076,0.0,-0.0191847500784469,-0.0191847500784469,-0.0191847500784469,0.0,0.0,0.0,0.125,1.0,0.0,0.0,0.0,4.1709211009847427e-07
O2_s61_DPR_L,DPR_L,7,32,0.3201828411933985,0.06378079892601818,0.2564020422673803,2.0,0.0,0.0,0.0,0.0,3.230897799435066,0.10966338830337566,0.0,-0.019844342481768317,-0.019844342481768317,-0.019844342481768317,0.0,0.0,0.0,0.125,1.0,0.0,0.0,0.0,4.27183892586608e-07
O2_s61_DPR_L,DPR_L,8,32,0.2924019910665008,0.06120285810902715,0.23119913295747369,2.0,0.0,0.0,0.0,0.0,3.8327276408843054,0.11056132304004737,0.0,-0.03442005352778135,-0.03442005352778135,-0.03442005352778135,0.0,0.0,0.0,0.0625,1.0,0.0,0.0,0.0,5.05362801179004e-07
O2_s61_DPR_L,DPR_L,9,32,0.2956804378644174,0.06350159284193069,0.23217884502248679,2.0,0.0,0.0,0.0,0.0,3.5966311249443037,0.10413664468387958,0.0,-0.026510512540170172,-0.026510512540170172,-0.026510512540170172,0.0,0.0,0.0,0.0,1.0,0.0,0.0,0.0,4.948241731638536e-07
O2_s61_DPR_L,DPR_L,10,32,0.27887750752486573,0.06275444244965911,0.21612306507520657,2.0,0.0,0.0,0.0,0.0,3.9359830577754704,0.12499645920596185,0.0,-0.03998301798608412,-0.03998301798608412,-0.03998301798608412,0.0,0.0,0.0,0.09375,1.0,0.0,0.0,0.0,5.468052991286735e-07
O2_s61_DPR_L,DPR_L,11,32,0.2845879087723623,0.060331988730467856,0.2242559200418944,2.0,0.0,0.0,0.0,0.0,3.5496432432575276,0.11005200125980144,0.0,-0.0247536933215799,-0.0247536933215799,-0.0247536933215799,0.0,0.0,0.0,0.03125,1.0,0.0,0.0,0.0,4.7025113272105855e-07
O2_s61_DPR_L,DPR_L,12,32,0.25605586684734105,0.05670981190633029,0.19934605494101076,2.0,0.0,0.0,0.0,0.0,3.4240571110409026,0.09389730358868362,0.0,-0.023087261515882217,-0.023087261515882217,-0.023087261515882217,0.0,0.0,0.0,0.0,1.0,0.0,0.0,0.0,4.728412382497527e-07
O2_s61_DPR_L,DPR_L,13,32,0.25382625631223327,0.05372452619485557,0.20010173011737767,2.0,0.0,0.0,0.0,0.0,4.136191372179102,0.0950264882564335,0.0,-0.03128532612699561,-0.03128532612699561,-0.03128532612699561,0.0,0.0,0.0,0.0625,1.0,0.0,0.0,0.0,5.417163626283297e-07
O2_s61_DPR_L,DPR_L,14,32,0.24271972217396454,0.05317866709083319,0.18954105508313135,2.0,0.0,0.0,0.0,0.0,3.4397313895880566,0.07840345086413189,0.0,-0.020065956024477798,-0.020065956024477798,-0.020065956024477798,0.0,0.0,0.0,0.0625,1.0,0.0,0.0,0.0,4.581914411498231e-07
O2_s61_DPR_L,DPR_L,15,32,0.23026402560369838,0.050493564864154905,0.17977046073954348,2.0,0.0,0.0,0.0,0.0,3.2267316125020478,0.09915797126264018,0.0,-0.027694569531291197,-0.027694569531291197,-0.027694569531291197,0.0,0.0,0.0,0.125,1.0,0.0,0.0,0.0,4.541579045030679e-07
O2_s61_DPR_L,DPR_L,16,32,0.24404451451413467,0.05194741650484502,0.19209709800928965,2.0,0.0,0.0,0.0,0.0,3.746079191615915,0.10455968374032319,0.0,-0.03028615036480972,-0.03028615036480972,-0.03028615036480972,0.0,0.0,0.0,0.03125,1.0,0.0,0.0,0.0,5.184463323174869e-07
O2_s61_DPR_L,DPR_L,17,32,0.21987194455875533,0.0473907285486348,0.17248121601012054,2.0,0.0,0.0,0.0,0.0,3.0131997827089885,0.0839285681597294,0.0,-0.01822348165323711,-0.01822348165323711,-0.01822348165323711,0.0,0.0,0.0,0.0625,1.0,0.0,0.0,0.0,4.2762649258059154e-07
O2_s61_DPR_L,DPR_L,18,32,0.20229817863636693,0.044270409329328686,0.15802776930703827,2.0,0.0,0.0,0.0,0.0,3.005842208961024,0.10250766493852755,0.0,-0.024348064879574978,-0.024348064879574978,-0.024348064879574978,0.0,0.0,0.0,0.0625,1.0,0.0,0.0,0.0,4.5661030075391426e-07
O2_s61_DPR_L,DPR_L,19,32,0.19143478618129903,0.0421582399867475,0.14927654619455147,2.0,0.0,0.0,0.0,0.0,2.936438442239311,0.07815440124864248,0.0,-0.019487368766226806,-0.019487368766226806,-0.019487368766226806,0.0,0.0,0.0,0.03125,1.0,0.0,0.0,0.0,4.152461289077056e-07
O2_s61_DPR_L,DPR_L,20,32,0.2163895106992545,0.04698263539467007,0.1694068753045844,2.0,0.0,0.0,0.0,0.0,3.508798504744717,0.0991504088746389,0.0,-0.027828572427293197,-0.027828572427293197,-0.027828572427293197,0.0,0.0,0.0,0.0,1.0,0.0,0.0,0.0,4.99671439667805e-07
O2_s61_DPR_L,DPR_L,21,32,0.8103870370695736,0.2746092905290425,0.5357777465405311,2.0,2.0,2.0,2.0,0.050000000000000024,5.082019022655233,0.14040497480469227,0.0013391636810504036,-0.07379801383081377,-0.07379801383081377,-0.07379801337209296,0.005363411016845234,0.005228965609752469,0.005228965231807471,0.03125,1.0166462884642786,0.0,0.0,7.6086146471605e-09,6.923768081693707e-07
O2_s61_DPR_L,DPR_L,22,32,0.6925223675280632,0.1902561733732,0.5022661941548634,2.0,2.0,2.0,2.0,0.10000000000000005,4.6833186059415866,0.11741089715691112,0.001981305607191197,-0.045992911129378505,-0.0459929111293785,-0.04599291107758846,0.0032996856993430753,0.00313274447784814,0.0031327440092888998,0.03125,1.0354126362197968,0.0,0.0,7.887092040661265e-09,6.088685638006759e-07
O2_s61_DPR_L,DPR_L,23,32,0.7148907664796803,0.2049813272897154,0.5099094391899649,2.0,2.0,2.0,2.0,0.15000000000000002,5.410861718139628,0.11825801313267617,0.002793089255230068,-0.04888702369132491,-0.048887023691324916,-0.04888702560027777,0.0036412731108883566,0.0033932392514556407,0.003393239496807936,0.0625,1.0491620632280345,0.0,0.0,8.653473652003914e-09,6.54134356669661e-07
O2_s61_DPR_L,DPR_L,24,32,0.6593574840848203,0.17840306425932795,0.4809544198254925,2.0,2.0,2.0,2.0,0.2000000000000001,4.153423580816356,0.10867172543109661,0.0029933794180362515,-0.03614343254947095,-0.03614343254947095,-0.03614342961395033,0.0027695901359454256,0.002557232483154423,0.002557232238271849,0.09375,1.0703385813433586,0.0,0.0,8.342619555512692e-09,5.401636740588222e-07
O2_s61_DPR_L,DPR_L,25,32,0.5962438658600336,0.16583028866443783,0.4304135771955958,2.0,2.0,2.0,2.0,0.25,4.237405895116595,0.08915000732006267,0.003954920607988142,-0.029890897881730317,-0.029890897881730324,-0.029890902270058577,0.002272442027874012,0.002022253741697779,0.002022254398697527,0.03125,1.0825456969098068,0.0,0.0,8.984382544559373e-09,5.441759054232544e-07
O2_s61_DPR_L,DPR_L,26,32,0.6518089409575857,0.1750050374539569,0.47680390350362895,2.0,2.0,2.0,2.0,0.30000000000000004,4.439978881403872,0.10794035721726003,0.004161062420720937,-0.02895559444018616,-0.02895559444018616,-0.02895559112193894,0.002470840656564923,0.0021559662314113203,0.0021559659588903375,0.09375,1.0868812189475203,0.0,0.0,8.49527609631268e-09,5.665687726920331e-07
O2_s61_DPR_L,DPR_L,27,32,0.520945638492873,0.1351302817929536,0.3858153566999193,2.0,2.0,2.0,2.0,0.3499999999999998,4.530385972934127,0.11586880296808302,0.004500285879752045,-0.04194515807279403,-0.04194515807279403,-0.04194515875140303,0.0023986324222603312,0.0020337691579437483,0.0020337696172752014,0.0,1.1249554791313299,0.0,0.0,8.28751191506445e-09,5.790051806794703e-07
O2_s61_DPR_L,DPR_L,28,32,0.5552386097838479,0.14222171320579946,0.4130168965780484,2.0,2.0,2.0,2.0,0.4000000000000002,3.404462393242371,0.08343385836568162,0.007357777543407179,-0.019356833751443828,-0.019356833751443828,-0.019356833918392404,0.0025922100140427255,0.0021530260859279654,0.002153025736209756,0.03125,1.1147284069988999,0.0,0.0,4.28872550401934e-09,4.632597826627406e-07
O2_s61_DPR_L,DPR_L,29,32,0.5634386237527419,0.1541621567448601,0.40927646700788156,2.0,2.0,2.0,2.0,0.44999999999999973,3.6943089643390565,0.10713229285455328,0.0064029425406446445,-0.02734150425831665,-0.02734150425831665,-0.027341506013537537,0.002734076948405587,0.00225767089685636,0.0022576708583553354,0.0625,1.1227644637703236,0.0,0.0,6.145276939110089e-09,5.319230430617359e-07
O2_s61_DPR_L,DPR_L,30,32,0.5918229367115787,0.15472373366355896,0.43709920304801964,2.0,2.0,2.0,2.0,0.5,4.106641401538284,0.11795988860336643,0.006646782012595548,-0.032701871973685744,-0.032701871973685744,-0.03270187538067216,0.0029479983691089685,0.002397600533484149,0.002397600527350425,0.0625,1.1596587507170493,0.0,0.0,6.313595460617416e-09,5.86040336984339e-07
O2_s61_DPR_L,DPR_L,31,32,0.4775886209400877,0.11498909012880176,0.36259953081128593,2.0,2.0,2.0,2.0,0.5500000000000003,4.110699000619753,0.1027101156598804,0.007524011736725929,-0.02994723001468857,-0.02994723001468857,-0.029947231729034608,0.002450722774727668,0.0019415050575619637,0.0019415050680610954,0.03125,1.1680977045240817,0.0,0.0,7.605934035701308e-09,5.518892274748609e-07
O2_s61_DPR_L,DPR_L,32,32,0.507151861200456,0.1366327723953873,0.3705190888050687,2.0,2.0,2.0,2.0,0.6000000000000001,3.853494665443899,0.08916749643401188,0.007598248868077997,-0.029986442316235616,-0.029986442316235616,-0.029986442625678403,0.0021520467037153103,0.0016998906190207673,0.0016998903950637232,0.0,1.164780137348256,0.0,0.0,4.6570362178603e-09,5.732739284911497e-07
O2_s61_DPR_L,DPR_L,33,32,0.5033131659178841,0.13660900329705328,0.36670416262083083,2.0,2.0,2.0,2.0,0.6499999999999998,4.087906363504574,0.09760985122039102,0.008632672696455271,-0.04058199520242627,-0.04058199520242627,-0.04058199505309526,0.0024087240513925657,0.001820185320375518,0.0018201853733113408,0.03125,1.161504597144448,0.0,0.0,7.634355746803834e-09,6.136115131362867e-07
O2_s61_DPR_L,DPR_L,34,32,0.6126448651290977,0.18064693978521973,0.431997925343878,2.0,2.0,2.0,2.0,0.6999999999999996,4.825239279133696,0.12330484467457241,0.00875132303495655,-0.03892372547298931,-0.0389237254729893,-0.03892372436464144,0.003179507202380243,0.002387083791838158,0.00238708339338083,0.09375,1.2089676856129692,0.0,0.0,9.328389304561639e-09,6.3813700682308e-07
O2_s61_DPR_L,DPR_L,35,32,0.4835588072739973,0.12479764164891094,0.35876116562508636,2.0,2.0,2.0,2.0,0.75,4.974192543103159,0.11623033467228215,0.008062440534780717,-0.04759114139762701,-0.04759114139762702,-0.04759114086906173,0.0026432163225890296,0.001998209580212707,0.001998209176167452,0.03125,1.189991203945248,0.0,0.0,1.0320189125951126e-08,6.262915937067681e-07
O2_s61_DPR_L,DPR_L,36,32,0.5409386440867671,0.14247272128704935,0.3984659227997179,2.0,2.0,2.0,2.0,0.8000000000000004,3.903448523279307,0.10526565026269062,0.008830263530857878,-0.030755674616106697,-0.030755674616106694,-0.030755674651955858,0.0024110440832479686,0.0017825653486436834,0.001782564949290442,0.0625,1.200066886550553,0.0,0.0,7.596920457427794e-09,5.816886407519758e-07
O2_s61_DPR_L,DPR_L,37,32,0.5279246240717115,0.13586533721536398,0.3920592868563475,2.0,2.0,2.0,2.0,0.8500000000000004,3.647347654558451,0.10589920846957519,0.008676460264283835,-0.027982807422465717,-0.02798280742246572,-0.027982806801332423,0.0023190876032510074,0.001685712441155386,0.001685712274403791,0.0625,1.2063655273920828,0.0,0.0,5.8065955187788615e-09,5.504006761007024e-07
O2_s61_DPR_L,DPR_L,38,32,0.4665897459208566,0.11649651580955833,0.35009323011129834,2.0,2.0,2.0,2.0,0.8999999999999995,3.4031611750013706,0.11174286062933869,0.007652952463293391,-0.021345973785229233,-0.021345973785229233,-0.021345972072186137,0.001909612253043515,0.0012935716599553901,0.001293571668428005,0.0625,1.2145337528610947,0.0,0.0,5.084696677115734e-09,5.16260090860185e-07
O2_s61_DPR_L,DPR_L,39,32,0.4536542938529461,0.11547616904135793,0.33817812481158815,2.0,2.0,2.0,2.0,0.9499999999999995,3.5386467550373193,0.10262907519751355,0.010341835208644035,-0.026111371019604094,-0.026111371019604097,-0.026111372390217876,0.0024390930551726046,0.0016801308119974562,0.0016801310133117376,0.0625,1.24358677186909,0.0,0.0,4.691214525721243e-09,5.630724954988807e-07
O2_s61_DPR_L,DPR_L,40,32,0.45154421277145246,0.12146775412838906,0.3300764586430634,2.0,2.0,2.0,2.0,1.0,3.6595219277094717,0.098939177091183,0.00641986020500555,-0.02609721890220364,-0.02609721890220364,-0.026097218029945527,0.0014157253601280303,0.0010081320492445923,0.0010081318003977875,0.03125,1.2967807521759136,0.0,0.0,6.674463182468204e-09,5.730429201193641e-07
O2_s61_DPR_L,DPR_L,41,32,0.4202968127784617,0.11065461946418509,0.3096421933142766,2.0,2.0,2.0,2.0,1.0,3.043927299902299,0.08569785844116978,0.008123793443516849,-0.018666073371692616,-0.018666073371692616,-0.018666075326178835,0.0015040542154057313,0.0010052793807004002,0.0010052796110655412,0.0,1.2297395972546858,0.0,0.0,4.725861060667687e-09,4.856541988421866e-07
O2_s61_DPR_L,DPR_L,42,32,0.4520999955514158,0.12212815613020211,0.32997183942121366,2.0,2.0,2.0,2.0,1.0,3.7437406915232083,0.10215664705937458,0.01033735447408265,-0.03204849079164424,-0.032048490791644235,-0.032048489456862984,0.002315548074385216,0.0016350303965126166,0.0016350304357316174,0.0625,1.2344273262971452,0.0,0.0,5.8932661244504455e-09,5.979899736762995e-07
O2_s61_DPR_L,DPR_L,43,32,0.4653750583800418,0.11892984516452998,0.3464452132155118,2.0,2.0,2.0,2.0,1.0,3.690353991612244,0.08632740600981732,0.008409347640230942,-0.024277443403337942,-0.024277443403337942,-0.02427744416135114,0.001584952938888886,0.0010880751493958412,0.0010880758080801685,0.0,1.231642896659236,0.0,0.0,5.645799840272534e-09,5.691972151292443e-07
O2_s61_DPR_L,DPR_L,44,32,0.5053108600615434,0.13976519380230457,0.3655456662592389,2.0,2.0,2.0,2.0,1.0,5.062940835589385,0.11217940671512869,0.011389742102276836,-0.05640230762926085,-0.056402307629260844,-0.056402307201101946,0.0027902762472823434,0.0019394894688778484,0.0019394894979163882,0.125,1.2389694466068297,0.0,0.0,9.390789652362498e-09,7.343406437000813e-07
O2_s61_DPR_L,DPR_L,45,32,0.4780263896144678,0.129404318286106,0.3486220713283618,2.0,2.0,2.0,2.0,1.0,3.410536276647951,0.10125775877965451,0.009824842792451808,-0.024936871464370076,-0.024936871464370076,-0.02493687042293138,0.0024243484650502338,0.0016257564158486974,0.0016257568471476221,0.0625,1.3169420707028174,0.0,0.0,4.368386925143679e-09,5.147049588664153e-07
O2_s61_DPR_L,DPR_L,46,32,0.4858931799379845,0.12861703254748136,0.357276147390503,2.0,2.0,2.0,2.0,1.0,4.421199575499082,0.07751405120516838,0.010825590345594481,-0.03143257787058261,-0.03143257787058261,-0.03143258229729886,0.0019032647176119306,0.001301466699221173,0.0013014663542224726,0.125,1.2268496766900394,0.0,0.0,9.706046021164232e-09,6.303560680145767e-07
O2_s61_DPR_L,DPR_L,47,32,0.47712199652788545,0.13248557003680617,0.34463642649107934,2.0,2.0,2.0,2.0,1.0,3.8125460040365953,0.06519241782523041,0.01458142427333086,-0.03019123008376505,-0.03019123008376505,-0.030191229630144617,0.002103805175055606,0.0014101682426094057,0.0014101681632465092,0.03125,1.2441661000952875,0.0,0.0,4.188162055048105e-09,6.132600925889852e-07
O2_s61_DPR_L,DPR_L,48,32,0.3749285494458576,0.09402003878494725,0.2809085106609104,2.0,2.0,2.0,2.0,1.0,3.447413849144113,0.0652846678794928,0.01195372067565576,-0.020481289441698476,-0.02048128944169848,-0.020481288303064085,0.001749670307831532,0.001199726628076213,0.0011997268137454123,0.03125,1.20736407597071,0.0,0.0,4.728414760944351e-09,5.248278104738472e-07
O2_s61_DPR_L,DPR_L,49,32,0.44851338403286933,0.11778072186280042,0.33073266217006897,2.0,2.0,2.0,2.0,1.0,3.495294033259969,0.08341857612550414,0.012336035254246017,-0.02321191348306424,-0.02321191348306424,-0.023211913842698263,0.0022335757884415133,0.0014809760397009094,0.0014809764184724736,0.0625,1.2371535906824376,0.0,0.0,4.819291225084469e-09,5.943312292468136e-07
O2_s61_DPR_L,DPR_L,50,32,0.42685748197999124,0.11447172984480858,0.3123857521351826,2.0,2.0,2.0,2.0,1.0,3.4038580178319675,0.09085228023411893,0.011442935314608582,-0.029927435883288084,-0.029927435883288084,-0.029927435837106286,0.002088964161790269,0.001405278171974284,0.0014052781253702953,0.0,1.2450051310973815,0.0,0.0,3.752884707622332e-09,5.871677223230268e-07
O2_s61_DPR_L,DPR_L,51,32,0.4500846213430757,0.12434018729254603,0.3257444340505298,2.0,2.0,2.0,2.0,1.0,3.5325863951881464,0.0771843614820997,0.010920852568658915,-0.02033219727019172,-0.02033219727019172,-0.02033219547422057,0.001711534593425637,0.0011765129560735714,0.0011765131491575194,0.0625,1.2245622659185917,0.0,0.0,5.432203433699306e-09,5.750570949974728e-07
O2_s61_DPR_L,DPR_L,52,32,0.47025573949253446,0.1295006595319137,0.3407550799606209,2.0,2.0,2.0,2.0,1.0,3.645742006352256,0.06854031941207447,0.011727450107086585,-0.025083015875526016,-0.025083015875526016,-0.025083013612971865,0.0017319472627405988,0.0011612584663902045,0.0011612584823416899,0.0625,1.2581838005971668,0.0,0.0,7.448583235000198e-09,6.186584944985719e-07
O2_s61_DPR_L,DPR_L,53,32,0.44866857923786013,0.11695248272735626,0.33171609651050393,2.0,2.0,2.0,2.0,1.0,4.0506178677085085,0.07761434756608158,0.011968696872307843,-0.024914008081812624,-0.024914008081812624,-0.02491400844026458,0.0019592614393996216,0.001285810534320499,0.0012858107448178659,0.0,1.2558414740503185,0.0,0.0,5.206140852645499e-09,6.295242327475057e-07
O2_s61_DPR_L,DPR_L,54,32,0.39401463248161533,0.09831956529524177,0.2956950671863735,2.0,2.0,2.0,2.0,1.0,3.847992214661819,0.08143225139164743,0.00965160286749505,-0.03429197903355905,-0.03429197903355905,-0.03429197830086483,0.0016775951210213902,0.0011552699466138552,0.0011552703052821725,0.0625,1.2785074309735716,0.0,0.0,8.549354195884144e-09,6.258844728050159e-07
O2_s61_DPR_L,DPR_L,55,32,0.46454712975230367,0.12733741104602814,0.3372097187062754,2.0,2.0,2.0,2.0,1.0,4.332546292732913,0.07171574372361031,0.010707002681252062,-0.025707331132387035,-0.02570733113238703,-0.02570733409445709,0.0017287590097046332,0.0012135248456173165,0.0012135246732629804,0.0625,1.257482577948509,0.0,0.0,7.018432394120747e-09,6.771600141752063e-07
O2_s61_DPR_L,DPR_L,56,32,0.3957182327264609,0.1078591241966933,0.2878591085297675,2.0,2.0,2.0,2.0,1.0,4.080732904569206,0.0620105500408794,0.01056659025781745,-0.024687077126303157,-0.024687077126303157,-0.024687073777875754,0.0014286016467009509,0.0009875132604060454,0.0009875132367478487,0.0,1.2628179681628326,0.0,0.0,6.599024787187554e-09,6.210853241218399e-07
O2_s61_DPR_L,DPR_L,57,32,0.3810232801925771,0.10211733548203483,0.2789059447105422,2.0,2.0,2.0,2.0,1.0,3.4067637999549647,0.06799795712823967,0.009249136865219089,-0.015640158098310118,-0.015640158098310118,-0.015640156905418822,0.0012937153703770352,0.0008747097516255162,0.000874709841056142,0.03125,1.2703401239496146,0.0,0.0,7.870048851694552e-09,5.325291256911529e-07
O2_s61_DPR_L,DPR_L,58,32,0.399294146812658,0.10979253274854273,0.28950161406411523,2.0,2.0,2.0,2.0,1.0,3.5460918975217166,0.06889463255969763,0.009108466278881441,-0.022588547972653916,-0.022588547972653916,-0.02258854717770224,0.0013182659065833768,0.0008918230103487298,0.0008918232638404522,0.0625,1.2213562033006182,0.0,0.0,6.39368096758056e-09,6.065407892108155e-07
O2_s61_DPR_L,DPR_L,59,32,0.37239902482030796,0.10236250073648989,0.27003652408381806,2.0,2.0,2.0,2.0,1.0,3.7561836085360336,0.06743201258885094,0.012469677884284434,-0.021897388924867353,-0.021897388924867353,-0.021897388353043938,0.0018273212740065657,0.0012451210780123495,0.0012451210360347282,0.0,1.2588872099270143,0.0,0.0,6.510223845946004e-09,6.091416292590823e-07
O2_s61_DPR_L,DPR_L,60,32,0.40357680363257875,0.10814685642253608,0.29542994721004256,2.0,2.0,2.0,2.0,1.0,4.063805606169547,0.07222245935556744,0.009198572573926759,-0.02854256587988419,-0.028542565879884192,-0.028542564987464672,0.0014427640081569918,0.0010001589625518391,0.0010001587866900353,0.0625,1.1935723422450013,0.0,0.0,6.884282613691293e-09,6.729769713518988e-07
O2_s61_DPR_L,DPR_L,61,32,0.3841934914565568,0.10312949417857453,0.2810639972779822,2.0,2.0,2.0,2.0,1.0,3.777748256428108,0.06111497583326144,0.009570939193457147,-0.018856000636008886,-0.018856000636008886,-0.018856001223897467,0.0012899439514427126,0.0008387688094861412,0.0008387685578691505,0.0,1.2619742094709374,0.0,0.0,7.629627016306304e-09,6.164757756700589e-07
O2_s61_DPR_L,DPR_L,62,32,0.36865497211832376,0.09462720819283277,0.27402776392549094,2.0,2.0,2.0,2.0,1.0,3.662297031036912,0.0531902712120116,0.011588340719759345,-0.01845155916824407,-0.01845155916824407,-0.018451560850211206,0.0014072997666204178,0.0009986827359364783,0.0009986830131113705,0.0625,1.2311681186291463,0.0,0.0,5.568550896209494e-09,6.14934968232005e-07
O2_s61_DPR_L,DPR_L,63,32,0.36634134672555274,0.1012172432965599,0.26512410342899284,2.0,2.0,2.0,2.0,1.0,3.674426543541067,0.06309359398490072,0.010501880509836543,-0.019738335444472455,-0.019738335444472455,-0.019738337410077807,0.00140674011202361,0.000905186518820569,0.0009051865983620098,0.0,1.2363856071719022,0.0,0.0,6.720838354017704e-09,6.160955468191484e-07
O2_s61_DPR_L,DPR_L,64,32,0.3486558015022039,0.08903295680647716,0.2596228446957267,2.0,2.0,2.0,2.0,1.0,3.3052668673923176,0.05986473814537111,0.009441689375879457,-0.01465179782687965,-0.01465179782687965,-0.014651798325852589,0.001229636604491655,0.0008313844539878291,0.0008313845633208029,0.03125,1.2747509811971731,0.0,0.0,5.474201034123488e-09,5.586977516182231e-07
O2_s61_DPR_L,DPR_L,65,32,0.3598431034137029,0.09624100325163454,0.26360210016206825,2.0,2.0,2.0,2.0,1.0,4.245608516838058,0.07434207425230573,0.010816472527455684,-0.02792785438460916,-0.02792785438460916,-0.02792785408015865,0.0017682838046467818,0.0011992713891712694,0.0011992715399589942,0.125,1.2009344846904428,0.0,0.0,5.58106420977783e-09,7.195087621300081e-07
O2_s61_DPR_L,DPR_L,66,32,0.3440628379789687,0.09013680828502402,0.2539260296939446,2.0,2.0,2.0,2.0,1.0,3.892545346975394,0.0552590209805152,0.011403627800784978,-0.018808347404383044,-0.018808347404383044,-0.018808350557973398,0.0014003924301417721,0.0009551776005033946,0.0009551777577331448,0.0625,1.2251960353569493,0.0,0.0,5.757463951276586e-09,6.419769944382258e-07
O2_s61_DPR_L,DPR_L,67,32,0.32668516197815495,0.08727682160679251,0.23940834037136235,2.0,2.0,2.0,2.0,1.0,3.5080727734401718,0.05121258558391441,0.014264291021963445,-0.014484340885192758,-0.014484340885192756,-0.01448433723869374,0.001621436361318301,0.001096202760470664,0.0010962027114335717,0.09375,1.2642253399016705,0.0,0.0,6.167223550578979e-09,5.862900092598414e-07
O2_s61_DPR_L,DPR_L,68,32,0.34944953219089053,0.09278543019900098,0.2566641019918895,2.0,2.0,2.0,2.0,1.0,3.421898172369297,0.04853808476390571,0.009689525664708395,-0.013872970143685496,-0.013872970143685496,-0.01387297248691759,0.0009741371283806147,0.0006458919547555999,0.0006458915748167776,0.0625,1.2388172284624062,0.0,0.0,5.1764610884259094e-09,5.712664035681261e-07
O2_s61_DPR_L,DPR_L,69,32,0.30101345034566696,0.07687341893324628,0.22414003141242064,2.0,2.0,2.0,2.0,1.0,2.69111773204593,0.04316428559975949,0.010916521596755371,-0.010011747718348655,-0.010011747718348655,-0.010011747916985673,0.0010017104636085609,0.0006812677121989775,0.0006812674144318373,0.03125,1.2268558091489838,0.0,0.0,4.655370218347531e-09,4.804693520178018e-07
O2_s61_DPR_L,DPR_L,70,32,0.3056620914594356,0.08446215005824342,0.2211999414011921,2.0,2.0,2.0,2.0,1.0,3.5354930531634894,0.04948611594232563,0.01014733115115124,-0.015829175608913334,-0.015829175608913334,-0.015829175755312456,0.0011193103197465399,0.0007616197932695968,0.0007616202679872903,0.03125,1.2256788478447136,0.0,0.0,5.80387191648751e-09,6.009851276210179e-07
O2_s61_DPR_L,DPR_L,71,32,0.3445474509790777,0.0933856934425421,0.25116175753653547,2.0,2.0,2.0,2.0,1.0,4.1897006945083906,0.05068121984684151,0.013412367291792049,-0.019994455677549147,-0.01999445567754915,-0.01999445327703437,0.0014843775786703077,0.0010369672092225624,0.0010369671327285217,0.03125,1.2805617615422165,0.0,0.0,8.376470537424094e-09,7.015932182922142e-07
O2_s61_DPR_L,DPR_L,72,32,0.34503539332614264,0.09225465171039104,0.25278074161575154,2.0,2.0,2.0,2.0,1.0,3.421163690644509,0.04264903541355437,0.011991563375140216,-0.01333341110800183,-0.01333341110800183,-0.013333411512914872,0.0011256128999792363,0.0007758192961022589,0.0007758189531465515,0.0,1.272545014120769,0.0,0.0,6.8375560831064015e-09,5.845510803071317e-07
O2_s61_DPR_L,DPR_L,73,32,0.34700162310116367,0.09681088192155585,0.25019074117960777,2.0,2.0,2.0,2.0,1.0,4.240939755500769,0.050720129808291305,0.009249760589231694,-0.01770607821891342,-0.01770607821891342,-0.017706078355109584,0.0010123591417581655,0.0006918992774064615,0.000691899472886239,0.0625,1.2359961378114155,0.0,0.0,8.596913045201539e-09,6.912115366775348e-07
O2_s61_DPR_L,DPR_L,74,32,0.32338351221241096,0.08767037454526871,0.2357131376671423,2.0,2.0,2.0,2.0,1.0,3.3262023209505545,0.04217536165071588,0.010103968681016111,-0.012508536457949276,-0.012508536457949276,-0.012508536439203247,0.0009595936439303316,0.0006592222146108726,0.0006592220625275237,0.0,1.199209496028258,0.0,0.0,5.652252965416116e-09,5.899741901653925e-07
O2_s61_DPR_L,DPR_L,75,32,0.3305738460627834,0.0902955059427768,0.24027834012000648,2.0,2.0,2.0,2.0,1.0,3.597600502364354,0.04891953577095235,0.012664509063812057,-0.017591181912039372,-0.017591181912039372,-0.017591178618233578,0.0013926149547970725,0.0009535114491564983,0.0009535110832195489,0.03125,1.2465457626809537,0.0,0.0,7.905705376768232e-09,6.40749646825595e-07
O2_s61_DPR_L,DPR_L,76,32,0.3532932855718659,0.1006759344600141,0.2526173511118518,2.0,2.0,2.0,2.0,1.0,3.5076168282035076,0.04329858351703286,0.010633610619195466,-0.01345792789017031,-0.01345792789017031,-0.01345792651698398,0.0010114227821691373,0.0006930737925601911,0.0006930737904764338,0.09375,1.2799479732515358,0.0,0.0,6.751773796168371e-09,6.129318826025516e-07
O2_s61_DPR_L,DPR_L,77,32,0.3576174614007718,0.09391859796596691,0.263698863434805,2.0,2.0,2.0,2.0,1.0,3.885647625507821,0.03543281295796533,0.01391601797593871,-0.01333693025033778,-0.01333693025033778,-0.013336926899617673,0.0010537266740604722,0.0006843071381629899,0.0006843069180712354,0.03125,1.256034191271627,0.0,0.0,6.458714554252608e-09,6.654705975277409e-07
O2_s61_DPR_L,DPR_L,78,32,0.3034642489267824,0.08199036854784936,0.22147388037893312,2.0,2.0,2.0,2.0,1.0,3.846361293097783,0.03675002159351487,0.013404117066838733,-0.014158586842519295,-0.014158586842519295,-0.014158585154465364,0.0010497630506533216,0.0007006980658898848,0.0007006981512001913,0.0,1.243189877446292,0.0,0.0,8.011118684487612e-09,6.618573846911192e-07
O2_s61_DPR_L,DPR_L,79,32,0.31221535530050604,0.08457874559098855,0.22763660970951755,2.0,2.0,2.0,2.0,1.0,3.75605868160373,0.031079198885628437,0.011385765832532412,-0.011870578477598634,-0.011870578477598634,-0.011870576594978291,0.0007888254838160823,0.0005537086414602743,0.0005537083508259953,0.0625,1.2227321641503077,0.0,0.0,6.27137192128995e-09,6.525555488150343e-07
O2_s61_DPR_L,DPR_L,80,32,0.31034903242495004,0.08087946573505178,0.22946956668989815,2.0,2.0,2.0,2.0,1.0,3.9725247277464777,0.034606746679406324,0.012046075322142828,-0.01225932583581477,-0.012259325835814768,-0.012259324770159582,0.0009036369983356974,0.0006101941969970615,0.000610194113526725,0.0,1.2476803674399581,0.0,0.0,6.76544804359693e-09,6.70627417917299e-07
O2_s61_DPR_L,DPR_L,81,32,0.317061824582906,0.09004366549197584,0.22701815909093018,2.0,2.0,2.0,2.0,1.0,3.354897249947411,0.028967174822339622,0.010844316751262732,-0.008878888322190345,-0.008878888322190344,-0.008878889053783501,0.00066730689110978,0.00045267487300181875,0.00045267447617458617,0.03125,1.2538487021367566,0.0,0.0,4.5086318225356715e-09,5.929046190388734e-07
O2_s61_DPR_L,DPR_L,82,32,0.3114885759273796,0.08191545680165291,0.22957311912572667,2.0,2.0,2.0,2.0,1.0,3.4130589959371997,0.029804181543719492,0.012201015939406559,-0.009526654221010726,-0.009526654221010726,-0.009526653621831783,0.0007752820987045875,0.0005216280496247626,0.0005216280127810343,0.03125,1.2449718081577104,0.0,0.0,5.559552920970686e-09,6.060180181483671e-07
O2_s61_DPR_L,DPR_L,83,32,0.31646960295825943,0.08414995751809329,0.2323196454401661,2.0,2.0,2.0,2.0,1.0,3.8681701440318643,0.03532047528414216,0.01002590771884488,-0.01171555952664917,-0.01171555952664917,-0.011715559202871989,0.0008016701248293508,0.0005512501345943803,0.000551250439938321,0.0,1.2352612989612985,0.0,0.0,5.23009989447397e-09,6.797784317167196e-07
O2_s61_DPR_L,DPR_L,84,32,0.29727915153788825,0.08105600974522531,0.21622314179266294,2.0,2.0,2.0,2.0,1.0,3.890020655059013,0.028259804542378038,0.009671330408138544,-0.009361782119866062,-0.009361782119866064,-0.009361782777942753,0.0006050500005708762,0.00043159460421961053,0.0004315945606833394,0.03125,1.2089254013144266,0.0,0.0,6.859702739184809e-09,6.855547857865124e-07
O2_s61_DPR_L,DPR_L,85,32,0.295057699588165,0.07922158227302134,0.21583611731514363,2.0,2.0,2.0,2.0,1.0,3.4896180711947107,0.02759981787597611,0.011993747257638271,-0.008724632784343466,-0.008724632784343466,-0.008724632711627447,0.0007096508821102262,0.00047354296242146097,0.00047354271737462517,0.0,1.2291725654097816,0.0,0.0,5.111110170348484e-09,6.19405620813785e-07
O2_s61_DPR_L,DPR_L,86,32,0.2957017640885748,0.0836491024820134,0.21205266160656142,2.0,2.0,2.0,2.0,1.0,3.6695805229402083,0.03422208205566081,0.010627753468886024,-0.01181375915989817,-0.011813759159898168,-0.011813760949428069,0.0007980788825012957,0.0005490665880318867,0.0005490668015742153,0.03125,1.2042618965386513,0.0,0.0,5.579819773231939e-09,6.61689720924122e-07
O2_s61_DPR_L,DPR_L,87,32,0.3090831516482378,0.08488674863474444,0.2241964030134934,2.0,2.0,2.0,2.0,1.0,3.569660699687456,0.029664203020919523,0.011778888876010037,-0.00956308733702354,-0.009563087337023539,-0.009563086890131729,0.0007321270435548561,0.0004885506255264702,0.0004885506364753128,0.03125,1.2188651051260966,0.0,0.0,6.925172175684435e-09,6.386987199002613e-07
O2_s61_DPR_L,DPR_L,88,32,0.30701572732311494,0.08494746743235737,0.2220682598907576,2.0,2.0,2.0,2.0,1.0,4.0061289176919725,0.02642557092381312,0.010393031002784455,-0.00972257652849075,-0.00972257652849075,-0.009722579172449418,0.0005842422515318818,0.000389062296214197,0.0003890624942085662,0.0625,1.2712786428864338,0.0,0.0,6.710250572452102e-09,6.992628229864093e-07
O2_s61_DPR_L,DPR_L,89,32,0.32203995836969734,0.0864463330945,0.23559362527519742,2.0,2.0,2.0,2.0,1.0,3.1686534299869433,0.020922921767038652,0.011585120491324685,-0.006924814176621605,-0.006924814176621605,-0.006924814996898367,0.00051178260380619,0.00034122994088439966,0.0003412300455403712,0.0,1.247727727245972,0.0,0.0,5.037627940449058e-09,6.129855649621062e-07
O2_s61_DPR_L,DPR_L,90,32,0.3014840440963705,0.08218816318549216,0.21929588091087843,2.0,2.0,2.0,2.0,1.0,3.1394951264168554,0.019392895053996,0.00913324615470076,-0.005090202273930301,-0.0050902022739303015,-0.005090202478342131,0.0003854176495521292,0.00026374923651179813,0.00026374899630544793,0.03125,1.2283089620566758,0.0,0.0,5.252031497809045e-09,5.830827989619744e-07
O2_s61_DPR_L,DPR_L,91,32,0.2455013729704042,0.06190537248039618,0.18359600049000802,2.0,2.0,2.0,2.0,1.0,3.0036441270793133,0.016177542387999955,0.01119807564089319,-0.004705036180157644,-0.004705036180157644,-0.0047050352854546285,0.0003818939221203925,0.0002523189516337305,0.0002523187255439922,0.03125,1.2327836465669761,0.0,0.0,4.974595515860548e-09,5.556175601950402e-07
O2_s61_DPR_L,DPR_L,92,32,0.2908341431371023,0.07956772478064522,0.21126641835645707,2.0,2.0,2.0,2.0,1.0,3.670328164869743,0.020177739269207545,0.009566825086810617,-0.007727189605632511,-0.007727189605632512,-0.007727190127262023,0.0004142190468783374,0.00028038502485683856,0.00028038519186604364,0.0625,1.2405433611112715,0.0,0.0,6.082679070370229e-09,7.064443056304808e-07
O2_s61_DPR_L,DPR_L,93,32,0.27898493071505465,0.0771453141933307,0.20183961652172394,2.0,2.0,2.0,2.0,1.0,3.5423465912133776,0.015570195005509541,0.012908854449686612,-0.005285960020611544,-0.005285960020611545,-0.0052859586951416165,0.00042359584646917625,0.0002878456557537674,0.00028784561611354517,0.0625,1.2544445221382639,0.0,0.0,5.6501392691040504e-09,6.405157108625049e-07
O2_s61_DPR_L,DPR_L,94,32,0.2843284508520228,0.0808269273256883,0.20350152352633455,2.0,2.0,2.0,2.0,1.0,4.037305449367716,0.01441872840616502,0.01239513075105204,-0.006359236945347973,-0.006359236945347973,-0.006359239302828099,0.00038803983276997333,0.00026236194452593963,0.0002623618539648068,0.0625,1.2097708394443052,0.0,0.0,6.543182656108471e-09,7.324131692507002e-07
O2_s61_DPR_L,DPR_L,95,32,0.2679202366177167,0.07406510779401287,0.19385512882370382,2.0,2.0,2.0,2.0,1.0,3.6551866063334897,0.010169686016145343,0.01278159194324784,-0.003699536206049387,-0.003699536206049387,-0.0036995375249212156,0.00028977255291583014,0.00020270247427004663,0.00020270234962748072,0.03125,1.2186928314028433,0.0,0.0,5.0234847024728245e-09,6.363927180616853e-07
O2_s61_DPR_L,DPR_L,96,32,0.29441019845733657,0.0809324326692149,0.21347776578812178,2.0,2.0,2.0,2.0,1.0,3.5319526463714572,0.008621993482609914,0.014663512900932683,-0.002900794818294506,-0.002900794818294506,-0.002900794714784703,0.00026778287532237783,0.0001766982169077407,0.00017669788707672823,0.03125,1.2384504106291303,0.0,0.0,6.907938407008146e-09,6.428861623566542e-07
O2_s61_DPR_L,DPR_L,97,32,0.2706881456342046,0.07724417472491041,0.19344397090929422,2.0,2.0,2.0,2.0,1.0,2.572858762582225,0.006533728661021802,0.010571259481225694,-0.0014674609151245613,-0.001467460915124561,-0.0014674615820558015,0.00015658354065377413,0.00010945958883849208,0.00010946018712744933,0.0625,1.2247428790952042,0.0,0.0,4.311011001546621e-09,5.059210104881234e-07
O2_s61_DPR_L,DPR_L,98,32,0.3108446430661535,0.09087484364863485,0.21996979941751868,2.0,2.0,2.0,2.0,1.0,3.6090637341540197,0.005934456377224773,0.011838232993343118,-0.002083840394347017,-0.002083840394347017,-0.0020838394877822726,0.00015241063826058947,0.0001018531912962217,0.00010185347120038206,0.0,1.1816991236704697,0.0,0.0,7.587016901984649e-09,6.557338837549314e-07
O2_s61_DPR_L,DPR_L,99,32,0.28221266107459364,0.07607685902621597,0.20613580204837764,2.0,2.0,2.0,2.0,1.0,3.6322936763021048,0.004113242017519209,0.014008055720823115,-0.0017532987873878857,-0.0017532987873878857,-0.001753297552357431,0.00012515169018429052,8.312378978354879e-05,8.312393873317978e-05,0.03125,1.249867195942846,0.0,0.0,7.221203129362083e-09,6.725610975253351e-07
O2_s61_DPR_L,DPR_L,100,32,0.2766763877932481,0.07373668946092948,0.20293969833231856,2.0,2.0,2.0,2.0,1.0,3.3737255021002666,0.001308031810442443,0.012410369399796431,-0.00040585988853233875,-0.00040585988853233875,-0.0004058618880764632,3.551963689450101e-05,2.4350691273226502e-05,2.435306615253384e-05,0.0,1.1959816002260257,0.0,0.0,6.722184883516366e-09,6.213442950071151e-07
O1_s62_DPR_U,DPR_U,1,21,0.6174367373946184,0.25848090808306423,0.3589558293115541,2.0,0.0,0.0,0.0,0.0,6.258642567843349,0.22271126088589252,0.0,-0.16793897733685173,-0.16793897733685173,-0.16793897733685173,0.0,0.0,0.0,0.09523809523809523,1.0,0.0,0.0,0.0,8.054384960633894e-07
O1_s62_DPR_U,DPR_U,2,21,0.4073284263633789,0.12099063627067067,0.2863377900927083,2.0,0.0,0.0,0.0,0.0,4.026945729992958,0.07665171798714053,0.0,-0.017710750691370156,-0.017710750691370156,-0.017710750691370156,0.0,0.0,0.0,0.09523809523809523,1.0,0.0,0.0,0.0,4.3022079335167767e-07
O1_s62_DPR_U,DPR_U,3,21,0.3590244181560907,0.10905598299134345,0.24996843516474734,2.0,0.0,0.0,0.0,0.0,5.363215750830825,0.0786608562869906,0.0,-0.028711200403073484,-0.028711200403073484,-0.028711200403073484,0.0,0.0,0.0,0.14285714285714285,1.0,0.0,0.0,0.0,5.942891090431492e-07
O1_s62_DPR_U,DPR_U,4,21,0.363732233505051,0.11409648986799377,0.24963574363705737,2.0,0.0,0.0,0.0,0.0,5.665051555676539,0.10987525329553319,0.0,-0.035794651933308747,-0.035794651933308747,-0.035794651933308747,0.0,0.0,0.0,0.19047619047619047,1.0,0.0,0.0,0.0,6.498067080911391e-07
O1_s62_DPR_U,DPR_U,5,21,0.310769370269066,0.08871176750177429,0.22205760276729175,2.0,0.0,0.0,0.0,0.0,4.145269097509704,0.08997184613528782,0.0,-0.02574586005599323,-0.02574586005599323,-0.02574586005599323,0.0,0.0,0.0,0.09523809523809523,1.0,0.0,0.0,0.0,5.433744209535061e-07
O1_s62_DPR_U,DPR_U,6,21,0.2998163483291817,0.08470563661484491,0.2151107117143368,2.0,0.0,0.0,0.0,0.0,4.516256621508934,0.12247048764960326,0.0,-0.03568633272056384,-0.03568633272056384,-0.03568633272056384,0.0,0.0,0.0,0.14285714285714285,1.0,0.0,0.0,0.0,5.531017736923563e-07
O1_s62_DPR_U,DPR_U,7,21,0.23526543368824585,0.065787185693071,0.16947824799517483,2.0,0.0,0.0,0.0,0.0,2.6546351207645364,0.08345163970515553,0.0,-0.01257955235870723,-0.01257955235870723,-0.01257955235870723,0.0,0.0,0.0,0.14285714285714285,1.0,0.0,0.0,0.0,3.6943875060098176e-07
O1_s62_DPR_U,DPR_U,8,21,0.23659267890912003,0.07035775837444123,0.16623492053467878,2.0,0.0,0.0,0.0,0.0,4.89875876021164,0.09386205001350564,0.0,-0.03258898795419659,-0.03258898795419659,-0.03258898795419659,0.0,0.0,0.0,0.14285714285714285,1.0,0.0,0.0,0.0,5.987356580924542e-07
O1_s62_DPR_U,DPR_U,9,21,0.22260982104719465,0.06484841519878023,0.15776140584841442,2.0,0.0,0.0,0.0,0.0,4.124575747317725,0.10340960014276289,0.0,-0.028330766388454623,-0.028330766388454623,-0.028330766388454623,0.0,0.0,0.0,0.09523809523809523,1.0,0.0,0.0,0.0,5.45399065673238e-07
O1_s62_DPR_U,DPR_U,10,21,0.26377064357894936,0.08036190839040847,0.18340873518854092,2.0,0.0,0.0,0.0,0.0,4.976786389973421,0.21623335778708755,0.0,-0.05336452258558831,-0.05336452258558831,-0.05336452258558831,0.0,0.0,0.0,0.09523809523809523,1.0,0.0,0.0,0.0,6.325741815164894e-07
O1_s62_DPR_U,DPR_U,11,21,0.24835034150250784,0.07941537811642602,0.16893496338608183,2.0,0.0,0.0,0.0,0.0,5.183808418955668,0.17250214005024567,0.0,-0.03367007242396871,-0.03367007242396871,-0.03367007242396871,0.0,0.0,0.0,0.23809523809523808,1.0,0.0,0.0,0.0,6.057296319104442e-07
O1_s62_DPR_U,DPR_U,12,21,0.1877138520172931,0.0547294852634271,0.132984366753866,2.0,0.0,0.0,0.0,0.0,2.7584687703539066,0.10040259868649477,0.0,-0.010811688684847992,-0.010811688684847992,-0.010811688684847992,0.0,0.0,0.0,0.0,1.0,0.0,0.0,0.0,3.5265497367133895e-07
O1_s62_DPR_U,DPR_U,13,21,0.1653888104600501,0.04928896664863541,0.11609984381141465,2.0,0.0,0.0,0.0,0.0,2.6667843337055723,0.08021107102856886,0.0,-0.009912228382526872,-0.009912228382526872,-0.009912228382526872,0.0,0.0,0.0,0.0,1.0,0.0,0.0,0.0,3.36977774482098e-07
O1_s62_DPR_U,DPR_U,14,21,0.16285361417353464,0.048828328205716046,0.11402528596781861,2.0,0.0,0.0,0.0,0.0,3.0195552048808914,0.1134812099970406,0.0,-0.014862345443397908,-0.014862345443397908,-0.014862345443397908,0.0,0.0,0.0,0.14285714285714285,1.0,0.0,0.0,0.0,3.8070916681892825e-07
O1_s62_DPR_U,DPR_U,15,21,0.1717734503974102,0.05416599572414443,0.11760745467326576,2.0,0.0,0.0,0.0,0.0,3.591762806525846,0.09660822287722952,0.0,-0.01934713384657282,-0.01934713384657282,-0.01934713384657282,0.0,0.0,0.0,0.0,1.0,0.0,0.0,0.0,4.533406414429943e-07
O1_s62_DPR_U,DPR_U,16,21,0.14872093124303043,0.04488255367392585,0.10383837756910456,2.0,0.0,0.0,0.0,0.0,2.811036052298418,0.06836344677162257,0.0,-0.013726670724895437,-0.013726670724895437,-0.013726670724895437,0.0,0.0,0.0,0.0,1.0,0.0,0.0,0.0,3.51417849310119e-07
O1_s62_DPR_U,DPR_U,17,21,0.16912962685929372,0.055000905302308854,0.11412872155698486,2.0,0.0,0.0,0.0,0.0,4.816586118553661,0.12900039161313664,0.0,-0.03578033996594843,-0.03578033996594843,-0.03578033996594843,0.0,0.0,0.0,0.09523809523809523,1.0,0.0,0.0,0.0,6.125907999040087e-07
O1_s62_DPR_U,DPR_U,18,21,0.23442166682462726,0.07849540792050816,0.15592625890411915,2.0,0.0,0.0,0.0,0.0,6.467364774229207,0.2107938316330095,0.0,-0.11076578967232,-0.11076578967232,-0.11076578967232,0.0,0.0,0.0,0.09523809523809523,1.0,0.0,0.0,0.0,8.455656043947951e-07
O1_s62_DPR_U,DPR_U,19,21,0.21254477917572606,0.06528378987596148,0.14726098929976464,2.0,0.0,0.0,0.0,0.0,3.4927348430725,0.1270739901738616,0.0,-0.022553353727459514,-0.022553353727459514,-0.022553353727459514,0.0,0.0,0.0,0.09523809523809523,1.0,0.0,0.0,0.0,4.712705325601396e-07
O1_s62_DPR_U,DPR_U,20,21,0.16513362520722116,0.04993123978021599,0.1152023854270052,2.0,0.0,0.0,0.0,0.0,2.6769337038211667,0.06757587513098529,0.0,-0.01188653964569949,-0.01188653964569949,-0.01188653964569949,0.0,0.0,0.0,0.0,1.0,0.0,0.0,0.0,3.7271878020721225e-07
O1_s62_DPR_U,DPR_U,21,21,0.6979834305805425,0.32037315890192986,0.37761027167861283,2.0,1.9523809523809523,2.0,2.0,0.05000000000000001,7.740052645179292,0.152575281577972,0.0007563087342325521,-0.1291930152490955,-0.1291930152490955,-0.1291930179257225,0.003572764449691348,0.0034817536247699734,0.0034817536754824063,0.09523809523809523,1.0168285942479673,0.0,0.0,1.082571409168234e-08,1.041608428539336e-06
O1_s62_DPR_U,DPR_U,22,21,0.5401387479459819,0.19789574117887587,0.342243006767106,2.0,1.9523809523809523,2.0,2.0,0.10000000000000002,6.0500129266091385,0.12443859319072531,0.0008690068610253559,-0.041538643722278785,-0.04153864372227879,-0.04153863742832512,0.0016486310853147032,0.0015751709180399222,0.0015751706016367847,0.047619047619047616,1.031818079391162,0.0,0.0,1.0535616380562904e-08,7.398416030868106e-07
O1_s62_DPR_U,DPR_U,23,21,0.5593970151137777,0.20654574462345668,0.35285127049032106,2.0,1.9523809523809523,2.0,2.0,0.14999999999999997,5.446161754463901,0.12359155741401506,0.0019336573749401623,-0.04046970231663787,-0.04046970231663788,-0.04046970240749108,0.0025522502131110274,0.002383397471205759,0.002383397333052884,0.09523809523809523,1.0572681862102962,0.0,0.0,9.02629226285302e-09,7.057541245180707e-07
O1_s62_DPR_U,DPR_U,24,21,0.5459286736008514,0.21161367779686338,0.334314995803988,2.0,1.9523809523809523,2.0,2.0,0.20000000000000004,5.324589308740917,0.16944544919395182,0.0015921359806923556,-0.0468731906806558,-0.0468731906806558,-0.046873190306207124,0.0021653652850194033,0.0019714685642316927,0.0019714687327612897,0.0,1.0791798733624685,0.0,0.0,9.12532945658571e-09,7.245120901395902e-07
O1_s62_DPR_U,DPR_U,25,21,0.4560007769635797,0.15087264155348143,0.30512813541009837,2.0,1.9523809523809523,2.0,2.0,0.25,4.684015741933516,0.15354678859369777,0.003090678986512021,-0.037060016373920965,-0.037060016373920965,-0.03706001625080805,0.0029647192048832902,0.002596158369401093,0.002596158329390094,0.09523809523809523,1.0947558189851136,0.0,0.0,7.358470664815854e-09,6.892058569881722e-07
O1_s62_DPR_U,DPR_U,26,21,0.4591323688636948,0.1643395730782123,0.29479279578548256,2.0,1.9523809523809523,2.0,2.0,0.29999999999999993,5.910919268528082,0.11457375257149353,0.003325921715763487,-0.03609573890001058,-0.03609573890001059,-0.03609573495620479,0.002048665721045594,0.0017627415952621427,0.001762741368261629,0.09523809523809523,1.086573644523054,0.0,0.0,1.197882082603466e-08,6.714241796524744e-07
O1_s62_DPR_U,DPR_U,27,21,0.46634697902179284,0.15790011095149176,0.30844686807030103,2.0,1.9523809523809523,2.0,2.0,0.34999999999999987,5.307185935408533,0.13756362313715784,0.0032888772497834872,-0.03657008403428782,-0.03657008403428782,-0.036570083505089813,0.0021775894764653,0.001867852185724796,0.001867852293692381,0.047619047619047616,1.1205018675234504,0.0,0.0,1.0233502760598186e-08,7.198326188337629e-07
O1_s62_DPR_U,DPR_U,28,21,0.4246885115368155,0.14840193341175714,0.27628657812505836,2.0,1.9523809523809523,2.0,2.0,0.4000000000000001,4.951481899394382,0.10697477908645112,0.0038780073499391434,-0.02677103698895825,-0.02677103698895825,-0.026771030048472273,0.0018139869185537405,0.001530007910444965,0.0015300074788579799,0.0,1.1424121946675525,0.0,0.0,1.0359486740768399e-08,6.412885216097852e-07
O1_s62_DPR_U,DPR_U,29,21,0.4178585895782773,0.13316736849290983,0.2846912210853675,2.0,1.9523809523809523,2.0,2.0,0.44999999999999996,5.024846465780861,0.10837046879334197,0.004962128832564542,-0.027918572888212027,-0.027918572888212017,-0.027918570436767053,0.0021153199772599696,0.0017317285285854214,0.0017317285133582913,0.0,1.150575979158253,0.0,0.0,6.369361166759785e-09,6.638540903268833e-07
O1_s62_DPR_U,DPR_U,30,21,0.4156547125141933,0.14394097154339155,0.2717137409708017,2.0,1.9523809523809523,2.0,2.0,0.5,5.166726619801503,0.1068045951306384,0.0050205386557739705,-0.03410936194274336,-0.03410936194274336,-0.034109367589826974,0.0019522300585770376,0.001607949550201043,0.0016079497983512803,0.0,1.1433840324880076,0.0,0.0,1.0002452140621018e-08,7.194652725717133e-07
O1_s62_DPR_U,DPR_U,31,21,0.45755563380981945,0.17001294646234738,0.2875426873474721,2.0,1.9523809523809523,2.0,2.0,0.5500000000000002,5.819137409896153,0.13336034410080372,0.005612252952543665,-0.04773261629128959,-0.04773261629128959,-0.04773261288536875,0.002654179236102665,0.0021361662937634173,0.0021361661288191273,0.047619047619047616,1.174749640772337,0.0,0.0,9.79090128002961e-09,7.913775561175729e-07
O1_s62_DPR_U,DPR_U,32,21,0.4125155144089449,0.14196290395089559,0.27055261045804935,2.0,1.9523809523809523,2.0,2.0,0.5999999999999999,4.575859231232251,0.1024279039873692,0.006535449231708922,-0.029610221416080003,-0.029610221416080003,-0.029610218258039132,0.0019360774652650871,0.001472990191518667,0.001472990562244172,0.0,1.1860731577273396,0.0,0.0,9.74288629951559e-09,6.316434058802455e-07
O1_s62_DPR_U,DPR_U,33,21,0.32369050142779965,0.10325054416344279,0.2204399572643569,2.0,1.9523809523809523,2.0,2.0,0.6500000000000001,4.498411826105543,0.08117306948351541,0.007764265995945404,-0.019671297757078505,-0.019671297757078505,-0.0196712999252522,0.0018067295475149348,0.0013537876700112095,0.0013537881948099534,0.09523809523809523,1.2041425744391934,0.0,0.0,7.809880444084192e-09,5.498425708032213e-07
O1_s62_DPR_U,DPR_U,34,21,0.3875657830391371,0.13324514279762903,0.25432064024150797,2.0,1.9523809523809523,2.0,2.0,0.6999999999999997,5.351617728926827,0.10139065006598648,0.0076947379620280025,-0.02862346969863044,-0.02862346969863044,-0.02862347099253187,0.0020645130557519443,0.00150116123058838,0.0015011616111407628,0.14285714285714285,1.1965225334496068,0.0,0.0,9.313942609460139e-09,6.278647937428461e-07
O1_s62_DPR_U,DPR_U,35,21,0.3391137246430603,0.1109122722631409,0.22820145237991932,2.0,1.9523809523809523,2.0,2.0,0.75,4.791524053136718,0.08453677726032403,0.00758636771050804,-0.03152904757948037,-0.03152904757948038,-0.031529049099258646,0.0017423198666587664,0.001309873082251824,0.0013098728669684112,0.0,1.2376092771711633,0.0,0.0,6.610580186677664e-09,7.002242891926651e-07
O1_s62_DPR_U,DPR_U,36,21,0.38059094259064447,0.1382910804379554,0.24229986215268906,2.0,1.9523809523809523,2.0,2.0,0.8000000000000002,4.909907228729016,0.11270217127778655,0.0077798820807088945,-0.030450911672681494,-0.030450911672681488,-0.030450908681727507,0.002164513278255106,0.001529546447780204,0.0015295468995141105,0.14285714285714285,1.2445233136520606,0.0,0.0,9.33058298537933e-09,6.728348174155816e-07
O1_s62_DPR_U,DPR_U,37,21,0.3588388719520033,0.11628101056530363,0.24255786138669966,2.0,1.9523809523809523,2.0,2.0,0.8499999999999999,4.613176727383911,0.07048038123139737,0.0084195233089077,-0.01955413421593322,-0.01955413421593322,-0.01955412884173422,0.0014752226929103949,0.0010507520874011185,0.00105075187204501,0.047619047619047616,1.2665215488753534,0.0,0.0,9.708924314313183e-09,6.223852988468356e-07
O1_s62_DPR_U,DPR_U,38,21,0.3268912483282697,0.10288597448241144,0.2240052738458583,2.0,1.9523809523809523,2.0,2.0,0.8999999999999999,5.0215393071727,0.07288619815549431,0.007937393117351161,-0.024933523695441277,-0.024933523695441277,-0.02493352262118077,0.0013512215883571778,0.0009874731150804922,0.0009874730847591706,0.09523809523809523,1.296268331602528,0.0,0.0,9.223412697324096e-09,6.835495703341106e-07
O1_s62_DPR_U,DPR_U,39,21,0.3257078046115759,0.10788963362574577,0.21781817098583023,2.0,1.9523809523809523,2.0,2.0,0.9499999999999996,3.776385578826713,0.06277799983874362,0.007186797993485105,-0.015493018777973338,-0.015493018777973336,-0.015493017407827594,0.0009822737148431678,0.0006716673755815277,0.0006716672641373182,0.09523809523809523,1.2645455092555287,0.0,0.0,6.717842741944598e-09,5.320807597473685e-07
O1_s62_DPR_U,DPR_U,40,21,0.323766343006382,0.10929220701966967,0.21447413598671222,2.0,1.9523809523809523,2.0,2.0,1.0,4.907688038748733,0.07159078607881676,0.007516593846719003,-0.022905597335574197,-0.022905597335574197,-0.02290560400129823,0.0011676365221635243,0.0008148589681952804,0.000814858685874505,0.047619047619047616,1.3009756469159643,0.0,0.0,1.1582087366820393e-08,6.33126465347642e-07
O1_s62_DPR_U,DPR_U,41,21,0.3281401813678388,0.10891609071266084,0.21922409065517787,2.0,1.9523809523809523,2.0,2.0,1.0,4.0115278023605025,0.07843401242922317,0.00616155495060783,-0.016355513506232218,-0.016355513506232218,-0.016355511272952497,0.001047974814027027,0.0007057526660611727,0.000705752460318275,0.0,1.352744885258069,0.0,0.0,7.2873809101944344e-09,5.63696843941993e-07
O1_s62_DPR_U,DPR_U,42,21,0.3174212168812488,0.10109915424670492,0.2163220626345439,2.0,1.9523809523809523,2.0,2.0,1.0,5.451789379867948,0.09924334509864292,0.010581239498703205,-0.03547889414137841,-0.03547889414137841,-0.03547889599313647,0.0024442084710959086,0.0016768965254114734,0.0016768964526082302,0.09523809523809523,1.3248118316449298,0.0,0.0,8.166376648133914e-09,7.15660773440404e-07
O1_s62_DPR_U,DPR_U,43,21,0.35558951447247683,0.12847456797247842,0.2271149464999984,2.0,1.9523809523809523,2.0,2.0,1.0,4.109491002539218,0.08418564640510888,0.007293263159506143,-0.01966604063279015,-0.01966604063279015,-0.01966604222216914,0.0013541288522671354,0.000901807464195674,0.0009018065087025102,0.0,1.3079379555845758,0.0,0.0,8.02800740039408e-09,5.771650192801332e-07
O1_s62_DPR_U,DPR_U,44,21,0.27826756257127455,0.08794574013778142,0.19032182243349313,2.0,1.9523809523809523,2.0,2.0,1.0,4.379779542979397,0.06206571378959612,0.009298984743393532,-0.017630992134302602,-0.017630992134302602,-0.01763099095648684,0.0012354328767163311,0.0008211080100536766,0.000821108041005942,0.0,1.3863609878911771,0.0,0.0,7.634994192132318e-09,5.864559418573285e-07
O1_s62_DPR_U,DPR_U,45,21,0.36407996528851194,0.13052065280221758,0.23355931248629438,2.0,1.9523809523809523,2.0,2.0,1.0,7.178141898276,0.08793756909761177,0.010192302205699773,-0.04203969259671726,-0.042039692596717256,-0.0420396973324028,0.002012842462632483,0.00139556106445828,0.0013955610941622763,0.047619047619047616,1.3220956786794398,0.0,0.0,1.9465195484523802e-08,9.119359353876795e-07
O1_s62_DPR_U,DPR_U,46,21,0.31511080572125294,0.09594252741052992,0.21916827831072297,2.0,1.9523809523809523,2.0,2.0,1.0,4.3389645695261,0.07820608917990989,0.006452288911072887,-0.0219321616723993,-0.0219321616723993,-0.02193216066105075,0.00111134188204377,0.0007493005513887571,0.0007493004895180007,0.0,1.3407973066575312,0.0,0.0,6.171100553855824e-09,6.283020536392166e-07
O1_s62_DPR_U,DPR_U,47,21,0.326305986907339,0.11128372840938114,0.21502225849795775,2.0,1.9523809523809523,2.0,2.0,1.0,4.443010071392159,0.0721876562918829,0.007397273933026759,-0.02104311697339991,-0.02104311697339991,-0.021043117662256756,0.0011658230570775812,0.0007939917007758725,0.0007939919789000713,0.047619047619047616,1.3798892397560276,0.0,0.0,6.434902067959291e-09,6.536128474423838e-07
O1_s62_DPR_U,DPR_U,48,21,0.2864184505967147,0.09547950806362289,0.19093894253309188,2.0,1.9523809523809523,2.0,2.0,1.0,3.49961311944322,0.06406842207682348,0.007480834120177127,-0.013625413103770634,-0.013625413103770634,-0.013625413378479834,0.001010030928670309,0.000669756013697861,0.0006697558540381962,0.0,1.297589754772417,0.0,0.0,6.134113530817041e-09,5.160885850134499e-07
O1_s62_DPR_U,DPR_U,49,21,0.2951582436527586,0.0996677978407769,0.19549044581198172,2.0,1.9523809523809523,2.0,2.0,1.0,4.862651897915921,0.06715945066645831,0.00932585980498538,-0.0224597589118952,-0.022459758911895195,-0.02245975837325894,0.001470089063074392,0.0010235403303353525,0.0010235402829413295,0.0,1.3589974565239327,0.0,0.0,7.649799946152497e-09,6.498570150779566e-07
O1_s62_DPR_U,DPR_U,50,21,0.2972607149075142,0.09985492165599551,0.1974057932515187,2.0,1.9523809523809523,2.0,2.0,1.0,5.6278062123844945,0.08773353114207669,0.008446706204749091,-0.03387380619904869,-0.03387380619904869,-0.03387380909465289,0.001572797159744348,0.001058141616294247,0.0010581419475508634,0.047619047619047616,1.3174931978054427,0.0,0.0,1.219436384465745e-08,7.609565273120962e-07
O1_s62_DPR_U,DPR_U,51,21,0.3181924704038952,0.1118590829982644,0.20633338740563076,2.0,1.9523809523809523,2.0,2.0,1.0,5.226800765238406,0.07840870718223372,0.006873704686400778,-0.026083132353162,-0.026083132353162,-0.02608313835748723,0.0012333034829178709,0.0008703776123457945,0.0008703769983354684,0.047619047619047616,1.4042533950451246,0.0,0.0,1.0142809987307571e-08,7.234700544491775e-07
O1_s62_DPR_U,DPR_U,52,21,0.31993185192234563,0.11034187905135609,0.2095899728709896,2.0,1.9523809523809523,2.0,2.0,1.0,5.33834256175936,0.06717170250311529,0.009444744264461215,-0.02003034018643458,-0.02003034018643458,-0.020030346407559223,0.0014058367749317068,0.000972639793146538,0.0009726396254063762,0.047619047619047616,1.2520099321943092,0.0,0.0,1.1756870095927565e-08,6.892954236518889e-07
O1_s62_DPR_U,DPR_U,53,21,0.2926378069760781,0.0972482789130438,0.19538952806303428,2.0,1.9523809523809523,2.0,2.0,1.0,5.161564981900979,0.0774288297386393,0.008195363664095122,-0.029397908247934996,-0.029397908247934996,-0.029397908362095163,0.001366877432446182,0.0009077701347742454,0.000907770943432801,0.047619047619047616,1.3574895603956394,0.0,0.0,1.0531737772640219e-08,7.420488422300744e-07
O1_s62_DPR_U,DPR_U,54,21,0.3023373197070068,0.10012750717855635,0.20220981252845047,2.0,1.9523809523809523,2.0,2.0,1.0,5.517510394209113,0.08369440715999472,0.009131960215525226,-0.028991313437384723,-0.028991313437384723,-0.02899131237513291,0.0017577778245336732,0.0011304046445233151,0.0011304049286804108,0.0,1.3423196391020202,0.0,0.0,1.0435498471625777e-08,7.578641767558793e-07
O1_s62_DPR_U,DPR_U,55,21,0.2917913696289106,0.09526335997950464,0.19652800964940592,2.0,1.9523809523809523,2.0,2.0,1.0,6.390777888892724,0.06798514197747951,0.011468150884354641,-0.03481524282976296,-0.03481524282976296,-0.034815245090574924,0.0016315295418331166,0.0011126742348490269,0.0011126747703532783,0.047619047619047616,1.403388326154398,0.0,0.0,1.1472066492915348e-08,8.010342724521602e-07
O1_s62_DPR_U,DPR_U,56,21,0.3048900949114729,0.09964639498364358,0.2052436999278292,2.0,1.9523809523809523,2.0,2.0,1.0,5.312073351428211,0.06413660814348005,0.010998243219404624,-0.024278775783988356,-0.024278775783988352,-0.02427877694938815,0.0014794353454436315,0.0009620799626594202,0.0009620803944061216,0.0,1.3172380475548948,0.0,0.0,1.1087929967845435e-08,7.556276047539621e-07
O1_s62_DPR_U,DPR_U,57,21,0.26442061544434137,0.0870057779053847,0.1774148375389567,2.0,1.9523809523809523,2.0,2.0,1.0,4.753963456355236,0.06334410651835895,0.011096408530562549,-0.021733042284109157,-0.021733042284109157,-0.021733038147212603,0.0016469660795216136,0.0011429246172438498,0.0011429246912300463,0.047619047619047616,1.2846278187966012,0.0,0.0,8.594444742748362e-09,6.403448868275584e-07
O1_s62_DPR_U,DPR_U,58,21,0.29449659331835404,0.10404049356778462,0.19045609975056937,2.0,1.9523809523809523,2.0,2.0,1.0,4.549977689792051,0.059253327121652974,0.00837200743935234,-0.014983521635237619,-0.014983521635237619,-0.01498352104758277,0.0011336946903250465,0.0007779495275311492,0.0007779498575092855,0.09523809523809523,1.2988421152978018,0.0,0.0,9.17901257564061e-09,6.285647580606279e-07
O1_s62_DPR_U,DPR_U,59,21,0.2819134033270168,0.09326029302818435,0.18865311029883247,2.0,1.9523809523809523,2.0,2.0,1.0,4.066811855046388,0.05423922725802535,0.010583593973696074,-0.015917334622573304,-0.015917334622573304,-0.015917331250951846,0.0012304330857025223,0.0008183174535436953,0.0008183172051508239,0.14285714285714285,1.41595711147169,0.0,0.0,7.51527966477858e-09,5.970657361106514e-07
O1_s62_DPR_U,DPR_U,60,21,0.2784121797520589,0.09552681800864991,0.182885361743409,2.0,1.9523809523809523,2.0,2.0,1.0,5.934174313896492,0.05832676971225993,0.012643829040936538,-0.022954352432863895,-0.022954352432863895,-0.02295435607163369,0.0015786562884222148,0.0010460961917040928,0.0010460957436122088,0.14285714285714285,1.2756541757536328,0.0,0.0,1.0145989070841639e-08,7.701114466027289e-07
O1_s62_DPR_U,DPR_U,61,21,0.2731241936858926,0.09139345337947209,0.18173074030642045,2.0,1.9523809523809523,2.0,2.0,1.0,6.018485608674892,0.06161451303846722,0.010784567509302864,-0.025670952589445267,-0.025670952589445264,-0.025670952126630328,0.0014135150299806588,0.0009135649394031556,0.0009135645159024626,0.14285714285714285,1.3547872036788404,0.0,0.0,1.0022595128196655e-08,7.683317354672523e-07
O1_s62_DPR_U,DPR_U,62,21,0.2682624089467365,0.09209475914637248,0.176167649800364,2.0,1.9523809523809523,2.0,2.0,1.0,5.378466431264321,0.05641054648556869,0.00829557033077919,-0.019367505271804548,-0.019367505271804544,-0.019367505792735995,0.0010749018829125682,0.0007331613907095689,0.0007331609601378367,0.047619047619047616,1.4238214677869727,0.0,0.0,1.4169285930944437e-08,6.900940470364678e-07
O1_s62_DPR_U,DPR_U,63,21,0.2525406272191423,0.08018428388805617,0.17235634333108618,2.0,1.9523809523809523,2.0,2.0,1.0,4.85140069051051,0.04558318273742995,0.013096248296615733,-0.013268909385439258,-0.013268909385439258,-0.013268908157717177,0.001307931403395451,0.0008369407031308878,0.0008369408536875272,0.14285714285714285,1.4041830918885514,0.0,0.0,5.825280243100819e-09,6.568045396099661e-07
O1_s62_DPR_U,DPR_U,64,21,0.2431814926948774,0.08117454232914108,0.1620069503657363,2.0,1.9523809523809523,2.0,2.0,1.0,3.5332262175471962,0.04570270408708031,0.006432681243400924,-0.011570736774894825,-0.011570736774894825,-0.011570735555816345,0.0006339112939747662,0.00042560076969773935,0.000425601174645992,0.0,1.2634108284982146,0.0,0.0,5.9985985656805005e-09,5.392349118885785e-07
O1_s62_DPR_U,DPR_U,65,21,0.24737803976282985,0.08385011553764343,0.16352792422518642,2.0,1.9523809523809523,2.0,2.0,1.0,5.4625521035256295,0.04860819296200299,0.006935245516870578,-0.016431826420284318,-0.016431826420284318,-0.01643182907766117,0.0007668861626935165,0.0005479540514105542,0.0005479538474834235,0.09523809523809523,1.3557918050365434,0.0,0.0,1.1804237514268487e-08,6.85286884492495e-07
O1_s62_DPR_U,DPR_U,66,21,0.25734352350139983,0.08537586068823225,0.17196766281316755,2.0,1.9523809523809523,2.0,2.0,1.0,4.8113535978796556,0.05950401654677902,0.0076178161840851815,-0.015805188175648115,-0.015805188175648115,-0.01580518582095957,0.0009830643956292202,0.0006531232715096093,0.0006531233426733291,0.0,1.3512078018821465,0.0,0.0,7.85129797603044e-09,6.365877396111252e-07
O1_s62_DPR_U,DPR_U,67,21,0.24624868486014168,0.0848941844666288,0.16135450039351285,2.0,1.9523809523809523,2.0,2.0,1.0,5.302136897831318,0.06394680027232102,0.007706598954015388,-0.01912269763269073,-0.019122697632690727,-0.01912269345488635,0.0010737982205472826,0.000688254453040948,0.000688254072342582,0.0,1.3605876483317456,0.0,0.0,1.0683429305985983e-08,7.115122779168368e-07
O1_s62_DPR_U,DPR_U,68,21,0.2431897970441644,0.08034864476039297,0.16284115228377138,2.0,1.9523809523809523,2.0,2.0,1.0,4.390883551695222,0.04370683316416006,0.008449964643070244,-0.01249467709939359,-0.01249467709939359,-0.012494679036454844,0.0007838996964604076,0.0005176460942909926,0.0005176465564826567,0.09523809523809523,1.3545034986941697,0.0,0.0,7.603671285615191e-09,6.143482167922515e-07
O1_s62_DPR_U,DPR_U,69,21,0.23781506467009775,0.0798803891631819,0.15793467550691587,2.0,1.9523809523809523,2.0,2.0,1.0,4.292499165039637,0.044487372988701125,0.009372257630485816,-0.015512889801506877,-0.015512889801506877,-0.015512889169911111,0.0009308134493969654,0.0006116772857143473,0.0006116770978173706,0.09523809523809523,1.377829200900835,0.0,0.0,7.676074959564428e-09,6.500936706789499e-07
O1_s62_DPR_U,DPR_U,70,21,0.2538909864182905,0.08403935363250119,0.1698516327857893,2.0,1.9523809523809523,2.0,2.0,1.0,5.231688006119866,0.05051296295025898,0.010823734239493506,-0.01740097645567315,-0.01740097645567315,-0.017400978776968928,0.0011961281415216285,0.000809239601502648,0.0008092397509477015,0.047619047619047616,1.4071141812917918,0.0,0.0,8.345229361721895e-09,7.136802027219158e-07
O1_s62_DPR_U,DPR_U,71,21,0.24561133897226126,0.08617550844237917,0.1594358305298821,2.0,1.9523809523809523,2.0,2.0,1.0,4.930683538376314,0.049753969834166946,0.01001410102492294,-0.013740008659939285,-0.013740008659939285,-0.013740002936213731,0.0010892506480951907,0.0007245918351089424,0.0007245924168084667,0.047619047619047616,1.3103754166676995,0.0,0.0,9.855411376979666e-09,6.716723311896918e-07
O1_s62_DPR_U,DPR_U,72,21,0.22911390580952554,0.0716688008535476,0.15744510495597794,2.0,1.9523809523809523,2.0,2.0,1.0,5.305172077336817,0.04265541394812819,0.010572764800463883,-0.015181108562517188,-0.015181108562517183,-0.015181110541406528,0.0009889801443512664,0.0006351395162962407,0.0006351397492842384,0.09523809523809523,1.326400187218338,0.0,0.0,1.2861269420616612e-08,7.073497932506081e-07
O1_s62_DPR_U,DPR_U,73,21,0.2348278151829607,0.0771387235394546,0.1576890916435061,2.0,1.9523809523809523,2.0,2.0,1.0,5.500822276398133,0.04445398428585203,0.009649482433237652,-0.014908206855721954,-0.014908206855721954,-0.014908205851287317,0.0009046310628289688,0.0005952313287513494,0.0005952313709118406,0.09523809523809523,1.242160095987786,0.0,0.0,1.2006427889615915e-08,7.297437480782265e-07
O1_s62_DPR_U,DPR_U,74,21,0.23471804454428058,0.07894438806743849,0.1557736564768421,2.0,1.9523809523809523,2.0,2.0,1.0,4.448945184438297,0.03704334418000474,0.008935810712613077,-0.012935998422694363,-0.012935998422694363,-0.012935998484474348,0.0007543684533176585,0.0005199654865870837,0.0005199652466300055,0.047619047619047616,1.344141963386324,0.0,0.0,8.556273481568052e-09,6.57146828782637e-07
O1_s62_DPR_U,DPR_U,75,21,0.22840345023229547,0.07536078634716216,0.15304266388513324,2.0,1.9523809523809523,2.0,2.0,1.0,4.7942169013241545,0.03949877576449817,0.006617117315688625,-0.011896356208450979,-0.011896356208450979,-0.011896354009784674,0.0005784267867786684,0.000390599324320402,0.0003905990489442278,0.0,1.309729383937965,0.0,0.0,8.296484112479178e-09,6.444373279003475e-07
O1_s62_DPR_U,DPR_U,76,21,0.21008817258909152,0.07086079106444404,0.13922738152464748,2.0,1.9523809523809523,2.0,2.0,1.0,3.726527382719451,0.02954305312521155,0.008485175181335118,-0.007656344354990148,-0.007656344354990146,-0.007656344381102194,0.0005278684776928179,0.00034401385886562136,0.00034401424989371576,0.09523809523809523,1.2930404334703565,0.0,0.0,6.852826944271958e-09,5.37477152215225e-07
O1_s62_DPR_U,DPR_U,77,21,0.24133882317809577,0.08212199807167053,0.15921682510642515,2.0,1.9523809523809523,2.0,2.0,1.0,4.837113498574737,0.03704549631166372,0.009225547494652184,-0.013158173420639236,-0.013158173420639237,-0.013158170337834195,0.0007419090390455771,0.0004956710807203793,0.0004956713944047052,0.0,1.3208116132502934,0.0,0.0,9.598127787086834e-09,6.939284426503994e-07
O1_s62_DPR_U,DPR_U,78,21,0.20637999191390333,0.06665942392178945,0.13972056799211388,2.0,1.9523809523809523,2.0,2.0,1.0,4.838299502493616,0.03726288352622424,0.011164153082361707,-0.010511982602402424,-0.010511982602402424,-0.01051198583295821,0.0008997332861124476,0.0006007863894937948,0.0006007866486877435,0.09523809523809523,1.2805235576864915,0.0,0.0,9.122783775115026e-09,6.641875206138047e-07
O1_s62_DPR_U,DPR_U,79,21,0.20218895882606086,0.0662779284729844,0.13591103035307642,2.0,1.9523809523809523,2.0,2.0,1.0,4.7726096589167115,0.03106667693345036,0.009762451481127234,-0.00980347027071928,-0.009803470270719278,-0.00980346384492183,0.000669606349597381,0.00046175298551726004,0.00046175259945368955,0.047619047619047616,1.3237238713920303,0.0,0.0,1.1646272781617825e-08,6.55750053614389e-07
O1_s62_DPR_U,DPR_U,80,21,0.2248772116776944,0.07776627796036857,0.14711093371732586,2.0,1.9523809523809523,2.0,2.0,1.0,4.560368399603123,0.035054373105135275,0.008646333916336407,-0.010634978548128601,-0.010634978548128601,-0.010634978690099484,0.0006308402658909342,0.0004204411049819623,0.00042044116513552013,0.0,1.3232705782483718,0.0,0.0,5.336293723255629e-09,6.760038088388343e-07
O1_s62_DPR_U,DPR_U,81,21,0.24620910456315967,0.08156858544264521,0.16464051912051442,2.0,1.9523809523809523,2.0,2.0,1.0,5.829628657512896,0.04887845075365367,0.00955811341722819,-0.025636677532492123,-0.025636677532492123,-0.02563667387864011,0.0011389525295225117,0.0007941135446883676,0.0007941133688819518,0.19047619047619047,1.3959489089075146,0.0,0.0,7.887559019767318e-09,8.946561195211647e-07
O1_s62_DPR_U,DPR_U,82,21,0.21951061356584164,0.0708442929954756,0.14866632057036608,2.0,1.9523809523809523,2.0,2.0,1.0,5.992900898604138,0.030041989585197618,0.010606267591015623,-0.010734725937135477,-0.010734725937135477,-0.010734722136157839,0.0006858456575613283,0.0004680805865228877,0.0004680804143817252,0.047619047619047616,1.2952728539721026,0.0,0.0,1.1670715840057466e-08,7.558334391285542e-07
O1_s62_DPR_U,DPR_U,83,21,0.2232564170198918,0.07669614805352121,0.14656026896637062,2.0,1.9523809523809523,2.0,2.0,1.0,4.807433937943431,0.030168458543398606,0.010302331369886352,-0.010722687962781429,-0.01072268796278143,-0.010722687462826765,0.0007010622641556467,0.00048517961907194326,0.00048517919240341094,0.047619047619047616,1.3117468905851706,0.0,0.0,5.680436108087225e-09,6.77598231661032e-07
O1_s62_DPR_U,DPR_U,84,21,0.20515410800402065,0.06848226443287872,0.13667184357114195,2.0,1.9523809523809523,2.0,2.0,1.0,4.510053413368852,0.030556239014603925,0.010309861774248502,-0.009098494506592664,-0.009098494506592666,-0.009098492921054838,0.0007020885285499693,0.0004742921980419036,0.0004742925530901918,0.14285714285714285,1.332838474582506,0.0,0.0,8.680953736200319e-09,6.515389157759429e-07
O1_s62_DPR_U,DPR_U,85,21,0.20486570230642184,0.06799483725002833,0.13687086505639345,2.0,1.9523809523809523,2.0,2.0,1.0,3.8581341268010565,0.02227738836244835,0.009684037752164101,-0.006739532699529094,-0.006739532699529094,-0.006739535643499033,0.0004775487342622542,0.0003196724129677471,0.0003196724674746266,0.047619047619047616,1.3072402281883377,0.0,0.0,6.994162060483199e-09,5.92071211105347e-07
O1_s62_DPR_U,DPR_U,86,21,0.19904455261248394,0.06433691261779695,0.13470763999468696,2.0,1.9523809523809523,2.0,2.0,1.0,4.471557379484318,0.021824748627203936,0.007454876946928733,-0.008082247220048765,-0.008082247220048766,-0.008082252533385906,0.0003374791527714799,0.00022015570674152238,0.00022015609996509688,0.047619047619047616,1.3983426801267218,0.0,0.0,1.2964807559100747e-08,6.702391603932637e-07
O1_s62_DPR_U,DPR_U,87,21,0.19312231730792098,0.06151382394489788,0.1316084933630231,2.0,1.9523809523809523,2.0,2.0,1.0,4.387364737442799,0.020291485342554722,0.008702926711498107,-0.0060153278442951616,-0.0060153278442951616,-0.006015329261409171,0.0004015481809007608,0.00026585003030301524,0.00026585047478622996,0.14285714285714285,1.2707679523875468,0.0,0.0,9.05867959167494e-09,6.229277893703967e-07
O1_s62_DPR_U,DPR_U,88,21,0.20291467042270583,0.06667377374001912,0.13624089668268674,2.0,1.9523809523809523,2.0,2.0,1.0,3.6142416556498183,0.02131112671885489,0.007059565729889485,-0.0051520609017541765,-0.005152060901754176,-0.005152061936208269,0.000316599147218507,0.00021067607530009252,0.00021067664032348794,0.047619047619047616,1.351910784084719,0.0,0.0,6.291560786599826e-09,5.698095829531679e-07
O1_s62_DPR_U,DPR_U,89,21,0.19233690120248625,0.06273006523648898,0.1296068359659973,2.0,1.9523809523809523,2.0,2.0,1.0,4.415902008641434,0.019879191053927808,0.007543677908320289,-0.0058465904824870005,-0.0058465904824870005,-0.005846588832435805,0.00031157698711136014,0.00020723488249807837,0.00020723447492882407,0.047619047619047616,1.2850360662254867,0.0,0.0,8.649434841492609e-09,6.415677138099945e-07
O1_s62_DPR_U,DPR_U,90,21,0.18795942282598643,0.06214138652597155,0.1258180363000149,2.0,1.9523809523809523,2.0,2.0,1.0,3.3657657161875068,0.015610740903740775,0.00722872623753708,-0.004482716201651242,-0.004482716201651241,-0.004482716479244848,0.0002525495485176396,0.00017465759124412643,0.0001746579193392611,0.0,1.321603251262525,0.0,0.0,6.990757182838877e-09,5.363954579223962e-07
O1_s62_DPR_U,DPR_U,91,21,0.18861859360364383,0.06068068725012597,0.12793790635351784,2.0,1.9523809523809523,2.0,2.0,1.0,3.787273631788816,0.014940960109972923,0.009426178097308948,-0.003967582765675809,-0.003967582765675809,-0.003967588976274357,0.0003128791378250252,0.00021541336683840784,0.00021541378818892945,0.0,1.2944382065803102,0.0,0.0,9.437286156967556e-09,5.783699600350624e-07
O1_s62_DPR_U,DPR_U,92,21,0.19757575211665848,0.06677689997568018,0.13079885214097833,2.0,1.9523809523809523,2.0,2.0,1.0,4.755176359141821,0.01583807280421582,0.010713585538982226,-0.005736523210693922,-0.005736523210693922,-0.0057365251271106225,0.0003667995132740709,0.00023751530293383838,0.00023751510903306195,0.0,1.3441690201810095,0.0,0.0,9.31211907960882e-09,6.878683895142802e-07
O1_s62_DPR_U,DPR_U,93,21,0.19491757566495407,0.06530700198241643,0.1296105736825377,2.0,1.9523809523809523,2.0,2.0,1.0,4.053237888431662,0.014691200237284522,0.00903111290083158,-0.0037793443689978804,-0.0037793443689978804,-0.0037793461194343563,0.0002781736787294272,0.00018189079922074588,0.00018189077997854088,0.09523809523809523,1.299520523963037,0.0,0.0,5.818779745836291e-09,6.181628973402711e-07
O1_s62_DPR_U,DPR_U,94,21,0.17624055546748,0.05566163467509406,0.12057892079238593,2.0,1.9523809523809523,2.0,2.0,1.0,4.132606004347989,0.01030715134046694,0.008571014970995078,-0.0029774849916096614,-0.0029774849916096614,-0.0029774847138855313,0.00019580944468621786,0.0001288498667541548,0.00012884993832973135,0.09523809523809523,1.365333289565441,0.0,0.0,7.76216078173574e-09,6.147950710770548e-07
O1_s62_DPR_U,DPR_U,95,21,0.1811431245827712,0.058460515613357224,0.12268260896941402,2.0,1.9523809523809523,2.0,2.0,1.0,4.003055200306214,0.011151749896583485,0.008574052843535039,-0.0035583869356913844,-0.0035583869356913844,-0.0035583904161569924,0.00021677451843312015,0.0001450357563984869,0.00014503612917899503,0.0,1.3500634340369462,0.0,0.0,8.902301617326436e-09,6.318208206482546e-07
O1_s62_DPR_U,DPR_U,96,21,0.18640468869126556,0.06395684661609786,0.12244784207516769,2.0,1.9523809523809523,2.0,2.0,1.0,3.364713308887063,0.007357446833964464,0.008046171544654566,-0.0018240149023799972,-0.001824014902379997,-0.0018240137531431342,0.00012667437141069098,8.412868956810831e-05,8.412887288931318e-05,0.0,1.3223277985403714,0.0,0.0,6.012336619566282e-09,5.398399978834733e-07
O1_s62_DPR_U,DPR_U,97,21,0.19538994447233363,0.06742389030044987,0.12796605417188378,2.0,1.9523809523809523,2.0,2.0,1.0,3.8659716658894983,0.006651448984770532,0.007869724736243314,-0.001685857444214625,-0.001685857444214625,-0.001685857309229171,0.00011619287523489609,7.936378810635739e-05,7.93634493009004e-05,0.09523809523809523,1.2686928297643423,0.0,0.0,5.933408110070278e-09,5.756770378587711e-07
O1_s62_DPR_U,DPR_U,98,21,0.1854729976226444,0.062143969748701365,0.12332902787394301,2.0,1.9523809523809523,2.0,2.0,1.0,3.69348953826193,0.005503207684198238,0.008121646013280078,-0.0016323718478529316,-0.0016323718478529318,-0.001632376832908993,0.00010261300400262558,6.716042685598512e-05,6.716060749531779e-05,0.0,1.2806853721959786,0.0,0.0,7.836223653411024e-09,5.930639791826415e-07
O1_s62_DPR_U,DPR_U,99,21,0.17316371575842823,0.05648787408357575,0.11667584167485247,2.0,1.9523809523809523,2.0,2.0,1.0,3.7067945578822448,0.0032075965032548636,0.009851497801581708,-0.0007918030989789188,-0.0007918030989789186,-0.0007918017167943113,6.690436643574832e-05,4.291191217493497e-05,4.2912242599125317e-05,0.0,1.3134473454538653,0.0,0.0,7.290777958789485e-09,5.665368575770598e-07
O1_s62_DPR_U,DPR_U,100,21,0.17277367133066743,0.0565368157944509,0.11623685553621653,2.0,1.9523809523809523,2.0,2.0,1.0,3.5170597518687265,0.0010974263246947339,0.010069671187192071,-0.0002982478126878526,-0.0002982478126878526,-0.00029824545593311433,2.384001131873072e-05,1.5155194330979463e-05,1.5157867978448814e-05,0.047619047619047616,1.3250111446594606,0.0,0.0,8.373739834405144e-09,5.605859749850552e-07
O1_s62_RESPONSE_U,RESPONSE_U,1,21,0.6174367373946184,0.25848090808306423,0.3589558293115541,2.0,0.0,0.0,0.0,0.0,6.258642567843349,0.22271126088589252,0.0,-0.16793897733685173,-0.16793897733685173,-0.16793897733685173,0.0,0.0,0.0,0.09523809523809523,1.0,0.0,0.0,0.0,8.054384960633894e-07
O1_s62_RESPONSE_U,RESPONSE_U,2,21,0.4073284263633789,0.12099063627067067,0.2863377900927083,2.0,0.0,0.0,0.0,0.0,4.026945729992958,0.07665171798714053,0.0,-0.017710750691370156,-0.017710750691370156,-0.017710750691370156,0.0,0.0,0.0,0.09523809523809523,1.0,0.0,0.0,0.0,4.3022079335167767e-07
O1_s62_RESPONSE_U,RESPONSE_U,3,21,0.3590244181560907,0.10905598299134345,0.24996843516474734,2.0,0.0,0.0,0.0,0.0,5.363215750830825,0.0786608562869906,0.0,-0.028711200403073484,-0.028711200403073484,-0.028711200403073484,0.0,0.0,0.0,0.14285714285714285,1.0,0.0,0.0,0.0,5.942891090431492e-07
O1_s62_RESPONSE_U,RESPONSE_U,4,21,0.363732233505051,0.11409648986799377,0.24963574363705737,2.0,0.0,0.0,0.0,0.0,5.665051555676539,0.10987525329553319,0.0,-0.035794651933308747,-0.035794651933308747,-0.035794651933308747,0.0,0.0,0.0,0.19047619047619047,1.0,0.0,0.0,0.0,6.498067080911391e-07
O1_s62_RESPONSE_U,RESPONSE_U,5,21,0.310769370269066,0.08871176750177429,0.22205760276729175,2.0,0.0,0.0,0.0,0.0,4.145269097509704,0.08997184613528782,0.0,-0.02574586005599323,-0.02574586005599323,-0.02574586005599323,0.0,0.0,0.0,0.09523809523809523,1.0,0.0,0.0,0.0,5.433744209535061e-07
O1_s62_RESPONSE_U,RESPONSE_U,6,21,0.2998163483291817,0.08470563661484491,0.2151107117143368,2.0,0.0,0.0,0.0,0.0,4.516256621508934,0.12247048764960326,0.0,-0.03568633272056384,-0.03568633272056384,-0.03568633272056384,0.0,0.0,0.0,0.14285714285714285,1.0,0.0,0.0,0.0,5.531017736923563e-07
O1_s62_RESPONSE_U,RESPONSE_U,7,21,0.23526543368824585,0.065787185693071,0.16947824799517483,2.0,0.0,0.0,0.0,0.0,2.6546351207645364,0.08345163970515553,0.0,-0.01257955235870723,-0.01257955235870723,-0.01257955235870723,0.0,0.0,0.0,0.14285714285714285,1.0,0.0,0.0,0.0,3.6943875060098176e-07
O1_s62_RESPONSE_U,RESPONSE_U,8,21,0.23659267890912003,0.07035775837444123,0.16623492053467878,2.0,0.0,0.0,0.0,0.0,4.89875876021164,0.09386205001350564,0.0,-0.03258898795419659,-0.03258898795419659,-0.03258898795419659,0.0,0.0,0.0,0.14285714285714285,1.0,0.0,0.0,0.0,5.987356580924542e-07
O1_s62_RESPONSE_U,RESPONSE_U,9,21,0.22260982104719465,0.06484841519878023,0.15776140584841442,2.0,0.0,0.0,0.0,0.0,4.124575747317725,0.10340960014276289,0.0,-0.028330766388454623,-0.028330766388454623,-0.028330766388454623,0.0,0.0,0.0,0.09523809523809523,1.0,0.0,0.0,0.0,5.45399065673238e-07
O1_s62_RESPONSE_U,RESPONSE_U,10,21,0.26377064357894936,0.08036190839040847,0.18340873518854092,2.0,0.0,0.0,0.0,0.0,4.976786389973421,0.21623335778708755,0.0,-0.05336452258558831,-0.05336452258558831,-0.05336452258558831,0.0,0.0,0.0,0.09523809523809523,1.0,0.0,0.0,0.0,6.325741815164894e-07
O1_s62_RESPONSE_U,RESPONSE_U,11,21,0.24835034150250784,0.07941537811642602,0.16893496338608183,2.0,0.0,0.0,0.0,0.0,5.183808418955668,0.17250214005024567,0.0,-0.03367007242396871,-0.03367007242396871,-0.03367007242396871,0.0,0.0,0.0,0.23809523809523808,1.0,0.0,0.0,0.0,6.057296319104442e-07
O1_s62_RESPONSE_U,RESPONSE_U,12,21,0.1877138520172931,0.0547294852634271,0.132984366753866,2.0,0.0,0.0,0.0,0.0,2.7584687703539066,0.10040259868649477,0.0,-0.010811688684847992,-0.010811688684847992,-0.010811688684847992,0.0,0.0,0.0,0.0,1.0,0.0,0.0,0.0,3.5265497367133895e-07
O1_s62_RESPONSE_U,RESPONSE_U,13,21,0.1653888104600501,0.04928896664863541,0.11609984381141465,2.0,0.0,0.0,0.0,0.0,2.6667843337055723,0.08021107102856886,0.0,-0.009912228382526872,-0.009912228382526872,-0.009912228382526872,0.0,0.0,0.0,0.0,1.0,0.0,0.0,0.0,3.36977774482098e-07
O1_s62_RESPONSE_U,RESPONSE_U,14,21,0.16285361417353464,0.048828328205716046,0.11402528596781861,2.0,0.0,0.0,0.0,0.0,3.0195552048808914,0.1134812099970406,0.0,-0.014862345443397908,-0.014862345443397908,-0.014862345443397908,0.0,0.0,0.0,0.14285714285714285,1.0,0.0,0.0,0.0,3.8070916681892825e-07
O1_s62_RESPONSE_U,RESPONSE_U,15,21,0.1717734503974102,0.05416599572414443,0.11760745467326576,2.0,0.0,0.0,0.0,0.0,3.591762806525846,0.09660822287722952,0.0,-0.01934713384657282,-0.01934713384657282,-0.01934713384657282,0.0,0.0,0.0,0.0,1.0,0.0,0.0,0.0,4.533406414429943e-07
O1_s62_RESPONSE_U,RESPONSE_U,16,21,0.14872093124303043,0.04488255367392585,0.10383837756910456,2.0,0.0,0.0,0.0,0.0,2.811036052298418,0.06836344677162257,0.0,-0.013726670724895437,-0.013726670724895437,-0.013726670724895437,0.0,0.0,0.0,0.0,1.0,0.0,0.0,0.0,3.51417849310119e-07
O1_s62_RESPONSE_U,RESPONSE_U,17,21,0.16912962685929372,0.055000905302308854,0.11412872155698486,2.0,0.0,0.0,0.0,0.0,4.816586118553661,0.12900039161313664,0.0,-0.03578033996594843,-0.03578033996594843,-0.03578033996594843,0.0,0.0,0.0,0.09523809523809523,1.0,0.0,0.0,0.0,6.125907999040087e-07
O1_s62_RESPONSE_U,RESPONSE_U,18,21,0.23442166682462726,0.07849540792050816,0.15592625890411915,2.0,0.0,0.0,0.0,0.0,6.467364774229207,0.2107938316330095,0.0,-0.11076578967232,-0.11076578967232,-0.11076578967232,0.0,0.0,0.0,0.09523809523809523,1.0,0.0,0.0,0.0,8.455656043947951e-07
O1_s62_RESPONSE_U,RESPONSE_U,19,21,0.21254477917572606,0.06528378987596148,0.14726098929976464,2.0,0.0,0.0,0.0,0.0,3.4927348430725,0.1270739901738616,0.0,-0.022553353727459514,-0.022553353727459514,-0.022553353727459514,0.0,0.0,0.0,0.09523809523809523,1.0,0.0,0.0,0.0,4.712705325601396e-07
O1_s62_RESPONSE_U,RESPONSE_U,20,21,0.16513362520722116,0.04993123978021599,0.1152023854270052,2.0,0.0,0.0,0.0,0.0,2.6769337038211667,0.06757587513098529,0.0,-0.01188653964569949,-0.01188653964569949,-0.01188653964569949,0.0,0.0,0.0,0.0,1.0,0.0,0.0,0.0,3.7271878020721225e-07
O1_s62_RESPONSE_U,RESPONSE_U,21,21,0.6978950909307389,0.3203098960220814,0.37758519490865744,2.0,1.9523809523809523,2.0,2.0,0.05000000000000001,7.740536009492196,0.15257388183650086,0.0007819540158058958,-0.129143505712509,-0.12891632064222636,-0.12891631604012566,0.0035722855750107657,0.0034746243623186893,0.003474624586116165,0.09523809523809523,1.0184753541081508,0.0,0.0,0.0002773765119123708,1.0413433969224536e-06
O1_s62_RESPONSE_U,RESPONSE_U,22,21,0.5400004137890954,0.19783858351764225,0.34216183027145314,2.0,1.9523809523809523,2.0,2.0,0.10000000000000002,6.062523051869557,0.12464095885098206,0.0009384132573114186,-0.041631844983866295,-0.0414889123369758,-0.04148891201630821,0.0016578782838095657,0.0015721244233548616,0.0015721243870267223,0.047619047619047616,1.036287876380967,0.0,0.0,0.00019991840791537421,7.405859266067631e-07
O1_s62_RESPONSE_U,RESPONSE_U,23,21,0.560179166978111,0.20680011400864237,0.3533790529694687,2.0,1.9523809523809523,2.0,2.0,0.14999999999999997,5.456574512411011,0.12319703241442614,0.0020394372599142896,-0.04041421936830678,-0.04019922618611655,-0.040199223751316064,0.002564700179002004,0.0023790078646510073,0.0023790078580640758,0.09523809523809523,1.0619092693681378,0.0,0.0,0.0003300422530869402,7.056352779063243e-07
O1_s62_RESPONSE_U,RESPONSE_U,24,21,0.5452457926368397,0.21122638029711588,0.3340194123397239,2.0,1.9523809523809523,2.0,2.0,0.20000000000000004,5.315690992952454,0.15863359688393044,0.001731620372086783,-0.04694676178568767,-0.046743719887764754,-0.04674371893379104,0.0021628677402044,0.0019569652519767795,0.0019569653234089517,0.0,1.087450873899733,0.0,0.0,0.00035272376777601604,7.235590097693169e-07
O1_s62_RESPONSE_U,RESPONSE_U,25,21,0.4556222972372141,0.15053164142937886,0.30509065580783523,2.0,1.9523809523809523,2.0,2.0,0.25,4.690308995134996,0.15544516405524275,0.003218885331654374,-0.03686979805372853,-0.03630716384870231,-0.036307163115551905,0.002939074827796863,0.002524415089894278,0.0025244142275863005,0.09523809523809523,1.1147440779394073,0.0,0.0,0.0008116201430652251,6.892174535584803e-07
O1_s62_RESPONSE_U,RESPONSE_U,26,21,0.45791747940057187,0.16374357665578523,0.29417390274478655,2.0,1.9523809523809523,2.0,2.0,0.29999999999999993,5.9475751774619665,0.11508516791899502,0.003406259826334887,-0.03649388768210855,-0.03608755082199618,-0.036087557779124015,0.002038120697437362,0.001728470328344586,0.0017284704957662258,0.09523809523809523,1.096098797389187,0.0,0.0,0.0006317864195691451,6.724739558116571e-07
O1_s62_RESPONSE_U,RESPONSE_U,27,21,0.4715292931756756,0.15951050587353252,0.312018787302143,2.0,1.9523809523809523,2.0,2.0,0.34999999999999987,5.366649224616204,0.13676167326469854,0.0035471769279608236,-0.03812632744966591,-0.03744964085860285,-0.037449642565989476,0.0022641288760168873,0.0019036089152073342,0.0019036089562494657,0.047619047619047616,1.1286204764722503,0.0,0.0,0.0008251495747233495,7.254538128260944e-07
O1_s62_RESPONSE_U,RESPONSE_U,28,21,0.41678540278294934,0.14304142196973166,0.2737439808132177,2.0,1.9523809523809523,2.0,2.0,0.4000000000000001,4.808604205217411,0.10732077157045701,0.003696695464070172,-0.024572503369654768,-0.024536105427506987,-0.024536106545567232,0.001663505530957252,0.0013827462016228974,0.001382746618122593,0.0,1.1569076931650497,0.0,0.0,0.00039839593450201517,6.279877625914802e-07
O1_s62_RESPONSE_U,RESPONSE_U,29,21,0.41924920010182165,0.1358459276102838,0.28340327249153796,2.0,1.9523809523809523,2.0,2.0,0.44999999999999996,5.066363652220747,0.10843636868867412,0.0056967194693758865,-0.02929415672499887,-0.02865759196337287,-0.028657593120119982,0.0022644559952729056,0.0018028558786280923,0.001802856385727521,0.0,1.1682730998445086,0.0,0.0,0.0007935875661028171,6.729865310594493e-07
O1_s62_RESPONSE_U,RESPONSE_U,30,21,0.4135076138268515,0.14173893257975578,0.27176868124709574,2.0,1.9523809523809523,2.0,2.0,0.5,5.017935025508706,0.11639669087968646,0.0044287099258462055,-0.032433284429509504,-0.03184988064210649,-0.031849883042690166,0.001786284609432488,0.0014372352836807102,0.001437235466310705,0.0,1.1725069743183951,0.0,0.0,0.0008026349069232704,7.001866842711534e-07
O1_s62_RESPONSE_U,RESPONSE_U,31,21,0.43898271734832794,0.16123539049710547,0.2777473268512224,2.0,1.9523809523809523,2.0,2.0,0.5500000000000002,5.2926556889993766,0.12059331143738358,0.005896428607233314,-0.04368039130753496,-0.0425507893214825,-0.04255078767967148,0.002471384155034529,0.0019418251383940158,0.0019418247127079265,0.047619047619047616,1.2017989529569308,0.0,0.0,0.001384218160128204,7.483753149938058e-07
O1_s62_RESPONSE_U,RESPONSE_U,32,21,0.4115485987374479,0.14070632557074228,0.27084227316670556,2.0,1.9523809523809523,2.0,2.0,0.5999999999999999,4.831666681318253,0.10565659241750099,0.006681127469815061,-0.030954942083999838,-0.030448979913232557,-0.030448976816176726,0.0020392211586653607,0.0015283174426482691,0.0015283169032868985,0.0,1.1986540710244218,0.0,0.0,0.0006743963457504218,6.517580020574612e-07
O1_s62_RESPONSE_U,RESPONSE_U,33,21,0.32627334636830885,0.10507072934082576,0.22120261702748306,2.0,1.9523809523809523,2.0,2.0,0.6500000000000001,4.71343832014261,0.08382899644377542,0.007299317506684895,-0.021373485144951573,-0.021399273870831285,-0.021399277377267847,0.0017178806287244733,0.0012674454026853732,0.0012674455823986238,0.09523809523809523,1.2373207203730632,0.0,0.0,0.0007522715593128665,5.7008393632977e-07
O1_s62_RESPONSE_U,RESPONSE_U,34,21,0.38656930835828485,0.1350098497101239,0.251559458648161,2.0,1.9523809523809523,2.0,2.0,0.6999999999999997,5.27257752764954,0.10531008476548251,0.007402806449810609,-0.026536605174542666,-0.026060376308671158,-0.02606037930721278,0.002046214730560969,0.0014587652666162906,0.0014587649174172533,0.09523809523809523,1.225303726749003,0.0,0.0,0.0011068735673907435,6.117939572758402e-07
O1_s62_RESPONSE_U,RESPONSE_U,35,21,0.34463241740422645,0.11275276648146766,0.23187965092275878,2.0,1.9523809523809523,2.0,2.0,0.75,5.01541549232094,0.09061872549821004,0.007340178114597305,-0.0394340927501726,-0.03920167527568458,-0.039201678005985854,0.0017667677482798825,0.0012673305475715247,0.0012673306593670673,0.09523809523809523,1.289202740001457,0.0,0.0,0.0007499669432178402,7.335806828027077e-07
O1_s62_RESPONSE_U,RESPONSE_U,36,21,0.3847767594880094,0.13833133486055194,0.24644542462745744,2.0,1.9523809523809523,2.0,2.0,0.8000000000000002,5.011379420182907,0.10664465258935833,0.008482507414768267,-0.02718479456832425,-0.026529484203955383,-0.026529483543161494,0.0021852454637166334,0.0015411130896466493,0.0015411128751757575,0.09523809523809523,1.291177338865654,0.0,0.0,0.0012637395385165621,6.765398217455293e-07
O1_s62_RESPONSE_U,RESPONSE_U,37,21,0.36969338226945186,0.12146729958199319,0.24822608268745866,2.0,1.9523809523809523,2.0,2.0,0.8499999999999999,4.7048849573430065,0.08087520232354371,0.008761567498600237,-0.02181586841941275,-0.02109108852387642,-0.02109108815948109,0.0017492854219146616,0.0011570785194928873,0.0011570785568676097,0.047619047619047616,1.2991678445961312,0.0,0.0,0.0008890114595903873,6.431963867488226e-07
O1_s62_RESPONSE_U,RESPONSE_U,38,21,0.3219521955074683,0.1006660738161632,0.22128612169130513,2.0,1.9523809523809523,2.0,2.0,0.8999999999999999,5.027654437702223,0.07009135655073619,0.007983782880610517,-0.023168343418334174,-0.02239113302111693,-0.02239113654990776,0.0012489066647646614,0.000860632828882791,0.000860633339420379,0.0,1.3375540167578648,0.0,0.0,0.0009222021601470939,6.709277812799527e-07
O1_s62_RESPONSE_U,RESPONSE_U,39,21,0.3267801110375975,0.10831386773359208,0.2184662433040055,2.0,1.9523809523809523,2.0,2.0,0.9499999999999996,3.9476572211933076,0.07023248372735436,0.006968021122099304,-0.016058384934763213,-0.015764913963723464,-0.015764913301504483,0.0010422458187474958,0.0006795607888164769,0.0006795609044136942,0.047619047619047616,1.3066104448108167,0.0,0.0,0.0004739181384751437,5.460924951687532e-07
O1_s62_RESPONSE_U,RESPONSE_U,40,21,0.31964373842374266,0.10823709393541019,0.2114066444883325,2.0,1.9523809523809523,2.0,2.0,1.0,5.080644589519892,0.07025429629560208,0.007044062095696966,-0.020551627290887005,-0.020051511732406727,-0.020051508566650594,0.00101227163030195,0.0006658303487123129,0.0006658302388389088,0.09523809523809523,1.371170130620992,0.0,0.0,0.0009545740550371106,6.062615220163723e-07
O1_s62_RESPONSE_U,RESPONSE_U,41,21,0.3272652585754682,0.10845133679963294,0.2188139217758352,2.0,1.9523809523809523,2.0,2.0,1.0,4.174838579450891,0.08514524075534682,0.005514963555654008,-0.017695740046075,-0.017309009675949952,-0.017309006122269634,0.0009909817575950344,0.0006439045129951468,0.0006439041983583511,0.0,1.3851865674898416,0.0,0.0,0.00043246530148163977,5.809236630564038e-07
O1_s62_RESPONSE_U,RESPONSE_U,42,21,0.3099404139949263,0.09920952291715712,0.21073089107776916,2.0,1.9523809523809523,2.0,2.0,1.0,5.396237749770757,0.09318186847993586,0.011120704670500548,-0.029614823937967157,-0.027623785004876396,-0.027623784860729177,0.002266112920370336,0.0014622282334725324,0.0014622288699432727,0.047619047619047616,1.3576044536560563,0.0,0.0,0.002519356718081902,6.932891904389795e-07
O1_s62_RESPONSE_U,RESPONSE_U,43,21,0.34336572342985017,0.12388643019256138,0.21947929323728876,2.0,1.9523809523809523,2.0,2.0,1.0,4.090553819233099,0.08298394723952769,0.007254025877328411,-0.017982621306595146,-0.0172982069643476,-0.017298212272745934,0.0012832579798462231,0.0007860416086130727,0.0007860420232248526,0.0,1.4194145466839674,0.0,0.0,0.0009899359690557147,5.762805144146156e-07
O1_s62_RESPONSE_U,RESPONSE_U,44,21,0.2778196455885422,0.08761941943140257,0.19020022615713972,2.0,1.9523809523809523,2.0,2.0,1.0,5.007912546661542,0.061921035438462446,0.00994015491193045,-0.019785795556002597,-0.01794595829052737,-0.017945962707632008,0.0013087010146685262,0.0008026935682111326,0.0008026935355019655,0.047619047619047616,1.4195457859117504,0.0,0.0,0.002237635544309143,6.330628590763165e-07
O1_s62_RESPONSE_U,RESPONSE_U,45,21,0.3796639757472234,0.13582801978502954,0.2438359559621939,2.0,1.9523809523809523,2.0,2.0,1.0,8.13896672968715,0.0924544101416713,0.009840651611889586,-0.05044201129561793,-0.04726748107025064,-0.0472674832549752,0.001952107853577873,0.0012330048247718188,0.0012330046505297672,0.09523809523809523,1.4122800981723744,0.0,0.0,0.003722964335448758,1.0097765678904828e-06
O1_s62_RESPONSE_U,RESPONSE_U,46,21,0.31632515159813024,0.09718417323061398,0.21914097836751623,2.0,1.9523809523809523,2.0,2.0,1.0,4.482117815718958,0.07259338761487674,0.007697683897122852,-0.022203958697156218,-0.02186162848392355,-0.021861628952412605,0.0012263737853770637,0.000842190900029741,0.0008421911328627145,0.0,1.3765354482579855,0.0,0.0,0.00048653902976655903,6.244109218135897e-07
O1_s62_RESPONSE_U,RESPONSE_U,47,21,0.33151612414678566,0.11281869826572281,0.21869742588106286,2.0,1.9523809523809523,2.0,2.0,1.0,4.489162225254819,0.06839115206080688,0.007894013948774845,-0.020421658931918427,-0.020140620606711165,-0.02014062435801312,0.0011474367236279292,0.0007623235614883937,0.0007623235986989181,0.0,1.4184735825884607,0.0,0.0,0.0004598111912424215,6.366468967052349e-07
O1_s62_RESPONSE_U,RESPONSE_U,48,21,0.29183773884035996,0.09921819255465553,0.19261954628570432,2.0,1.9523809523809523,2.0,2.0,1.0,3.728887293317186,0.06566979430700111,0.0077834881923067355,-0.013781131461764014,-0.013638193404527313,-0.013638193414770789,0.0010533696054922325,0.0006918551349644021,0.0006918545267374574,0.0,1.3475036922343284,0.0,0.0,0.0003303566268003746,5.24372351146136e-07
O1_s62_RESPONSE_U,RESPONSE_U,49,21,0.2953956321535155,0.09986942296936399,0.19552620918415153,2.0,1.9523809523809523,2.0,2.0,1.0,4.984986409940374,0.06558424370220803,0.008651737862073527,-0.022330515689213744,-0.021499737449082873,-0.021499734842471502,0.0013147172375195574,0.0008893867808919422,0.0008893869762008164,0.047619047619047616,1.4123948357743132,0.0,0.0,0.000982789354638721,6.458917552050759e-07
O1_s62_RESPONSE_U,RESPONSE_U,50,21,0.2941117844813106,0.10040763747834024,0.19370414700297028,2.0,1.9523809523809523,2.0,2.0,1.0,5.294697389255084,0.09160015168347714,0.008329608114985195,-0.027171401666910747,-0.026841063062956153,-0.02684106417833647,0.0016652591750692689,0.0010489673151069102,0.0010489671172477515,0.047619047619047616,1.4115453452859914,0.0,0.0,0.000883711424522895,7.126662256911195e-07
O1_s62_RESPONSE_U,RESPONSE_U,51,21,0.30377199017789697,0.10753214731812477,0.19623984285977214,2.0,1.9523809523809523,2.0,2.0,1.0,5.115454015063197,0.06603078739621691,0.008437089578871003,-0.02256502820398241,-0.021381273907179237,-0.021381266354648328,0.0011967265771517996,0.0007785201503537061,0.0007785193611389532,0.047619047619047616,1.4477962144588834,0.0,0.0,0.001524082983528122,6.910773007669107e-07
O1_s62_RESPONSE_U,RESPONSE_U,52,21,0.3210188926362774,0.10980107830393881,0.21121781433233863,2.0,1.9523809523809523,2.0,2.0,1.0,5.697013774018384,0.0715190043946312,0.00964425204042137,-0.02251094247798474,-0.021020324825421648,-0.02102032336176402,0.0014894531922745792,0.0009611225021315654,0.0009611226820431947,0.047619047619047616,1.3248909907428956,0.0,0.0,0.001910353466796288,7.330313241655488e-07
O1_s62_RESPONSE_U,RESPONSE_U,53,21,0.27550447256817684,0.08983597230343592,0.18566850026474094,2.0,1.9523809523809523,2.0,2.0,1.0,4.3525054623788995,0.07192992338528233,0.007025451679590569,-0.02172394327890298,-0.021451457766040762,-0.021451459349664904,0.0010754871215806108,0.0006876522110669238,0.0006876522708365303,0.0,1.4029077446126677,0.0,0.0,0.0005302569640142433,6.5187551171328e-07
O1_s62_RESPONSE_U,RESPONSE_U,54,21,0.29334633005170785,0.09775380896670478,0.1955925210850032,2.0,1.9523809523809523,2.0,2.0,1.0,5.959624068340561,0.07225661996136347,0.009131982544114896,-0.027125780819885693,-0.025880545584466737,-0.025880545510926483,0.0014527498073496961,0.0009123355214320382,0.0009123349419056899,0.0,1.418131565768132,0.0,0.0,0.001452605895252026,7.518199078395179e-07
O1_s62_RESPONSE_U,RESPONSE_U,55,21,0.29480228479749265,0.09870336949825287,0.19609891529923984,2.0,1.9523809523809523,2.0,2.0,1.0,6.919192009829341,0.0714562810296689,0.012638964412328813,-0.03877586992189626,-0.03657855605104749,-0.03657854982329675,0.0017578298129005544,0.0010880785164959022,0.0010880787608848308,0.09523809523809523,1.4337095157919624,0.0,0.0,0.0030524933053518435,8.155489725406585e-07
O1_s62_RESPONSE_U,RESPONSE_U,56,21,0.3199429169636046,0.10503849174295153,0.21490442522065312,2.0,1.9523809523809523,2.0,2.0,1.0,5.922079630150456,0.0685261930631552,0.010490823687043658,-0.03062237121262086,-0.030007070584005185,-0.030007060949325766,0.001527934612496261,0.0010213373185320315,0.0010213366694362036,0.047619047619047616,1.302122012076041,0.0,0.0,0.0008005699023440351,8.36034637107383e-07
O1_s62_RESPONSE_U,RESPONSE_U,57,21,0.2698847714817993,0.08888863860851243,0.18099613287328684,2.0,1.9523809523809523,2.0,2.0,1.0,4.6273268634194835,0.06671187544126543,0.010189650329897939,-0.02211477418914954,-0.021441462246888802,-0.021441463024086903,0.0015161172889093164,0.0009623675468525124,0.0009623674260497762,0.14285714285714285,1.422026606066996,0.0,0.0,0.0008786574150178022,6.622354544220598e-07
O1_s62_RESPONSE_U,RESPONSE_U,58,21,0.28772451772935537,0.10004023409315518,0.18768428363620016,2.0,1.9523809523809523,2.0,2.0,1.0,4.400212670317174,0.05755819479967864,0.0098763770774563,-0.014526966134932503,-0.01419804964220663,-0.014198048439829306,0.0012637012275531871,0.0008226651782887606,0.0008226646839330232,0.23809523809523808,1.2984511549826565,0.0,0.0,0.0006892938703878845,6.111199060048346e-07
O1_s62_RESPONSE_U,RESPONSE_U,59,21,0.29077182120057554,0.09716910656009402,0.19360271464048154,2.0,1.9523809523809523,2.0,2.0,1.0,4.487284175908824,0.05615799715081632,0.01204377693816441,-0.017337351417632332,-0.01663395641849296,-0.016633954971661678,0.0014080874052262013,0.0009002287201127885,0.0009002291090653008,0.19047619047619047,1.423843010373449,0.0,0.0,0.0009455779125950031,6.302589979516409e-07
O1_s62_RESPONSE_U,RESPONSE_U,60,21,0.26915757536586593,0.09094324140321641,0.17821433396264957,2.0,1.9523809523809523,2.0,2.0,1.0,5.2134295102989805,0.05068073158609144,0.011020885327074962,-0.017026968214953673,-0.016453743813879793,-0.016453742463080248,0.0012037932325664493,0.0007707929235238641,0.0007707930367663372,0.0,1.3423494179013875,0.0,0.0,0.0007335159918392851,6.758231102055265e-07
O1_s62_RESPONSE_U,RESPONSE_U,61,21,0.271087402842324,0.08972803290401186,0.18135936993831223,2.0,1.9523809523809523,2.0,2.0,1.0,5.985098062137829,0.06274112622388965,0.010196817414403129,-0.026793486040260116,-0.026674286958093502,-0.02667429230755502,0.0013691715922830474,0.000852034082298007,0.0008520331537082869,0.09523809523809523,1.3857476762581464,0.0,0.0,0.0007319314038525589,7.749092504326578e-07
O1_s62_RESPONSE_U,RESPONSE_U,62,21,0.2720287475925531,0.09426697982209069,0.17776176777046238,2.0,1.9523809523809523,2.0,2.0,1.0,5.501750112525937,0.0618098006516356,0.008711319651218238,-0.021336168891101227,-0.01966112823953829,-0.019661126918777066,0.0011916909850787315,0.0007491924074058758,0.0007491924489380529,0.047619047619047616,1.4897999284267887,0.0,0.0,0.0018138623319879743,7.118049424529145e-07
O1_s62_RESPONSE_U,RESPONSE_U,63,21,0.25899075335010663,0.08161652886441775,0.1773742244856889,2.0,1.9523809523809523,2.0,2.0,1.0,4.6085394826937,0.047073880188556995,0.011946237771286748,-0.014404245194915122,-0.014587460373656764,-0.01458745839560775,0.0012401515428753299,0.0007576255762791661,0.0007576262419733696,0.19047619047619047,1.442132367101762,0.0,0.0,0.0008877331127844154,6.391910353079773e-07
O1_s62_RESPONSE_U,RESPONSE_U,64,21,0.2588908992465336,0.08508512510785035,0.17380577413868317,2.0,1.9523809523809523,2.0,2.0,1.0,4.445710143734455,0.05095817106385962,0.007488721089693905,-0.01570776146271917,-0.015491076149810995,-0.015491077558584318,0.0008118242042710657,0.0005324118523432848,0.0005324118429496647,0.09523809523809523,1.3221987987663602,0.0,0.0,0.0003925526465550887,6.434238929367136e-07
O1_s62_RESPONSE_U,RESPONSE_U,65,21,0.25066216847355377,0.08467891333358628,0.16598325513996745,2.0,1.9523809523809523,2.0,2.0,1.0,5.70864268931155,0.05108219376060642,0.009924507318778617,-0.01702639740134046,-0.016407364574507827,-0.01640736259583661,0.00108792525236913,0.0007041308418252824,0.0007041303863014414,0.047619047619047616,1.411773457326871,0.0,0.0,0.0013942978005400345,6.974838902793301e-07
O1_s62_RESPONSE_U,RESPONSE_U,66,21,0.2540098375582515,0.08446671973381724,0.16954311782443435,2.0,1.9523809523809523,2.0,2.0,1.0,4.742775563865292,0.05419752334494888,0.00851408206817437,-0.01280183939951415,-0.01232718957489491,-0.012327189386386293,0.0009914408878859277,0.0006294124106310595,0.0006294124981383615,0.047619047619047616,1.4254780768705484,0.0,0.0,0.0007608022146152139,5.946039306637008e-07
O1_s62_RESPONSE_U,RESPONSE_U,67,21,0.2465228481983141,0.08149049049686818,0.1650323577014459,2.0,1.9523809523809523,2.0,2.0,1.0,5.246964736015357,0.051947456510867455,0.00807560001080516,-0.0176151336930567,-0.016996493029081405,-0.016996495079248386,0.0009049176567406716,0.0005574479553615366,0.0005574476983734817,0.14285714285714285,1.4056239212570305,0.0,0.0,0.0006967755246786242,6.904582499507051e-07
O1_s62_RESPONSE_U,RESPONSE_U,68,21,0.2452358344099801,0.08105379786519777,0.16418203654478228,2.0,1.9523809523809523,2.0,2.0,1.0,4.469058709587821,0.04845135336348607,0.007327579262793694,-0.01283537848060125,-0.012765202575195164,-0.012765201893107045,0.0007450287416992987,0.00048046770815791175,0.0004804681187458053,0.0,1.4532545108413881,0.0,0.0,0.0004037331158310233,6.176160408784844e-07
O1_s62_RESPONSE_U,RESPONSE_U,69,21,0.23394250057835042,0.078659288585186,0.15528321199316442,2.0,1.9523809523809523,2.0,2.0,1.0,4.301140743559934,0.04948206037047216,0.009021893395532478,-0.01593404110620395,-0.015399758158992709,-0.015399757614376487,0.0009553541745864153,0.000594570545083716,0.0005945705547309249,0.14285714285714285,1.4571281996224923,0.0,0.0,0.0007977149048420262,6.552217341730336e-07
O1_s62_RESPONSE_U,RESPONSE_U,70,21,0.2491629069725053,0.08292772177429426,0.166235185198211,2.0,1.9523809523809523,2.0,2.0,1.0,5.1272581473059535,0.049582927523046036,0.009660474092000644,-0.014956822678035034,-0.014232058210225116,-0.014232054136609051,0.0010230352770903342,0.0006535631715363649,0.0006535626401412242,0.047619047619047616,1.44277570325394,0.0,0.0,0.0007592838576146581,6.893795892437366e-07
O1_s62_RESPONSE_U,RESPONSE_U,71,21,0.23699284125579337,0.08200531807683763,0.15498752317895576,2.0,1.9523809523809523,2.0,2.0,1.0,5.16070361781981,0.04561620868145557,0.008414364488336771,-0.013728659059707009,-0.013577789902101987,-0.013577785633942649,0.0008600271963599699,0.0005546111862344984,0.0005546117627734095,0.09523809523809523,1.3761000098307878,0.0,0.0,0.0005303160777702122,6.896320254747403e-07
O1_s62_RESPONSE_U,RESPONSE_U,72,21,0.2326058704137593,0.07303624573562827,0.15956962467813107,2.0,1.9523809523809523,2.0,2.0,1.0,6.080359834006826,0.04536058467185711,0.009350378872954125,-0.018893750143491688,-0.01869554579073052,-0.018695544236287904,0.00093866262235513,0.00059990697518651,0.0005999072974258697,0.047619047619047616,1.340936961770503,0.0,0.0,0.0008062404597175036,7.868742884309974e-07
O1_s62_RESPONSE_U,RESPONSE_U,73,21,0.2393684024219105,0.07788846801434245,0.16147993440756803,2.0,1.9523809523809523,2.0,2.0,1.0,5.61623624770829,0.0500159855375549,0.008506261540824088,-0.015766018908928196,-0.01529939022032129,-0.01529939117502421,0.0008932200534989791,0.0005779423423987751,0.0005779426692490775,0.047619047619047616,1.306849308286524,0.0,0.0,0.0008419833216905719,7.495089218238936e-07
O1_s62_RESPONSE_U,RESPONSE_U,74,21,0.23574317962616478,0.07931909763387271,0.1564240819922921,2.0,1.9523809523809523,2.0,2.0,1.0,4.575543480975086,0.03948923957168838,0.00827713315984597,-0.012759835503376973,-0.012412158400887621,-0.012412159056270564,0.000730464976052277,0.0005056431924450834,0.0005056424875549046,0.23809523809523808,1.3979216206498728,0.0,0.0,0.0005275844291958856,6.618729264259923e-07
O1_s62_RESPONSE_U,RESPONSE_U,75,21,0.22575151493544515,0.07382878120101634,0.15192273373442883,2.0,1.9523809523809523,2.0,2.0,1.0,4.869686727365293,0.04028258290079941,0.006989963380001662,-0.011718015092774595,-0.011580952208147944,-0.011580955963265896,0.0005919654641507047,0.0003754352305265368,0.00037543528602323415,0.047619047619047616,1.3884699186539184,0.0,0.0,0.0004855733962473084,6.462938645159507e-07
O1_s62_RESPONSE_U,RESPONSE_U,76,21,0.2170270700209049,0.0728275855737073,0.14419948444719763,2.0,1.9523809523809523,2.0,2.0,1.0,4.401867542544165,0.04382179774136542,0.006143131637403969,-0.011564095402572574,-0.011411204248889594,-0.01141120240283043,0.0005152781363789514,0.00034855649881738245,0.0003485569042398532,0.0,1.376251414353466,0.0,0.0,0.00043998798550197086,5.979546425088596e-07
O1_s62_RESPONSE_U,RESPONSE_U,77,21,0.2458904890803449,0.08303605818322726,0.16285443089711762,2.0,1.9523809523809523,2.0,2.0,1.0,4.9221156227590415,0.03593331114143481,0.00899140938930322,-0.013487886553432497,-0.013451286457977345,-0.01345129116015162,0.0006828743373337411,0.0004558367044284321,0.00045583626791365246,0.047619047619047616,1.3549814923891115,0.0,0.0,0.00018137368995448113,7.088494146683531e-07
O1_s62_RESPONSE_U,RESPONSE_U,78,21,0.2068315604071306,0.06555842377600216,0.14127313663112848,2.0,1.9523809523809523,2.0,2.0,1.0,4.3413318125821565,0.035431883890343414,0.01157557889832996,-0.009601110395188742,-0.009126483255873001,-0.009126481793987796,0.0008735547347485006,0.0005611757360497638,0.0005611762970066585,0.047619047619047616,1.3242696555155415,0.0,0.0,0.0005668819788976242,6.217756682731023e-07
O1_s62_RESPONSE_U,RESPONSE_U,79,21,0.20593182742887747,0.06771674823193323,0.13821507919694428,2.0,1.9523809523809523,2.0,2.0,1.0,5.2222877885807195,0.032506488903431247,0.008692757593986133,-0.010417611491404397,-0.010131170564265107,-0.01013116521970937,0.000620991548667518,0.0004170552417680111,0.0004170556862928923,0.047619047619047616,1.374301877383282,0.0,0.0,0.0004928364163897408,6.764717146779874e-07
O1_s62_RESPONSE_U,RESPONSE_U,80,21,0.22332575515263087,0.07565635203250817,0.14766940312012264,2.0,1.9523809523809523,2.0,2.0,1.0,4.444224011487297,0.03304902371571651,0.008018040181803198,-0.009106141079829601,-0.00881661449209772,-0.008816612879896487,0.0005401036801764632,0.00034200235759092323,0.00034200289674656226,0.0,1.3615064571406164,0.0,0.0,0.0003803411312085464,6.478188867633343e-07
O1_s62_RESPONSE_U,RESPONSE_U,81,21,0.24335156102962768,0.07888965202229363,0.16446190900733404,2.0,1.9523809523809523,2.0,2.0,1.0,5.745571220117569,0.045964547713667876,0.011549108584237812,-0.023663150517593327,-0.022220839343323584,-0.02222083303937826,0.001225282936836591,0.0008031445477123774,0.0008031440384807224,0.14285714285714285,1.4015154924231112,0.0,0.0,0.0016107146022733814,8.709825289546378e-07
O1_s62_RESPONSE_U,RESPONSE_U,82,21,0.22073911086709888,0.07077815649764878,0.1499609543694501,2.0,1.9523809523809523,2.0,2.0,1.0,6.449549662820521,0.03117481621096497,0.01074501268448935,-0.012375898093893598,-0.0120819415394516,-0.012081946798915423,0.0006774214534807948,0.00043283687994026294,0.0004328367127052438,0.047619047619047616,1.390150984629149,0.0,0.0,0.0004107207234679331,8.039631057175614e-07
O1_s62_RESPONSE_U,RESPONSE_U,83,21,0.2199852784099178,0.07478932575100944,0.1451959526589084,2.0,1.9523809523809523,2.0,2.0,1.0,4.2387842256129415,0.026527332322004295,0.009090036374044158,-0.008661519860957702,-0.008477547040287556,-0.008477541654004921,0.0005440660833644555,0.0003670531200424348,0.0003670532225827592,0.047619047619047616,1.3218650734420738,0.0,0.0,0.0002578457800431505,6.203927435007908e-07
O1_s62_RESPONSE_U,RESPONSE_U,84,21,0.20188872650113437,0.06638189697904247,0.13550682952209187,2.0,1.9523809523809523,2.0,2.0,1.0,4.088778653843809,0.02810373740671816,0.008188150216981506,-0.0077329506043447545,-0.007672508357988951,-0.0076725082026296776,0.0005127958563481886,0.0003318965668851548,0.0003318963916104904,0.047619047619047616,1.3722588967322988,0.0,0.0,0.00025075156726775676,6.09054764075833e-07
O1_s62_RESPONSE_U,RESPONSE_U,85,21,0.20301128522347942,0.06626349900450025,0.13674778621897918,2.0,1.9523809523809523,2.0,2.0,1.0,3.9210119429507415,0.023686132524615416,0.009717721183884673,-0.00705869815120178,-0.006957043360954578,-0.006957044627495107,0.000499998459988392,0.00032130967045076634,0.00032130979235318316,0.047619047619047616,1.3825044491538763,0.0,0.0,0.0003329630053631513,5.942523327614661e-07
O1_s62_RESPONSE_U,RESPONSE_U,86,21,0.2019315183019485,0.06432054883667401,0.1376109694652745,2.0,1.9523809523809523,2.0,2.0,1.0,4.713554957195844,0.0241902457336923,0.00819186370661313,-0.008676313637474224,-0.008580548490579848,-0.008580544030113017,0.000409600926859368,0.00026221689286417003,0.0002622165781111669,0.0,1.4097351945453913,0.0,0.0,0.0001762107924167321,7.050168686418151e-07
O1_s62_RESPONSE_U,RESPONSE_U,87,21,0.19291683040092264,0.06120464303309009,0.13171218736783247,2.0,1.9523809523809523,2.0,2.0,1.0,4.433432639070302,0.020717568813019067,0.009262646965212394,-0.006064375572088822,-0.005876243467597431,-0.005876238079585876,0.00043560559126952893,0.00028451985824342447,0.0002845195913207441,0.14285714285714285,1.3009268480396796,0.0,0.0,0.0002569792720770374,6.225612108975066e-07
O1_s62_RESPONSE_U,RESPONSE_U,88,21,0.20364347947582315,0.06621884004700751,0.1374246394288156,2.0,1.9523809523809523,2.0,2.0,1.0,3.616750646462145,0.021431719384929528,0.006365399989206471,-0.005073176819644957,-0.00498627660949145,-0.004986277210937053,0.0002857267870227453,0.0001855767513542735,0.00018557654837645532,0.047619047619047616,1.3840205378538575,0.0,0.0,0.0001395025157955138,5.719596178495608e-07
O1_s62_RESPONSE_U,RESPONSE_U,89,21,0.19099846462300962,0.061635694244787806,0.12936277037822183,2.0,1.9523809523809523,2.0,2.0,1.0,4.231537787715799,0.01964586467440165,0.0075687362906292485,-0.005383873427590138,-0.005261872861101134,-0.005261871663896398,0.00030476673899145065,0.000194845655307855,0.00019484537325661618,0.047619047619047616,1.3402077784878839,0.0,0.0,0.0002070957129043148,6.270202602842727e-07
O1_s62_RESPONSE_U,RESPONSE_U,90,21,0.1902702260795602,0.06278579992552598,0.1274844261540342,2.0,1.9523809523809523,2.0,2.0,1.0,3.2776565983523858,0.016388355201637412,0.006996347270069309,-0.0045091300698866035,-0.0044271571084350675,-0.0044271581675730766,0.0002483345446842082,0.00015980405532381692,0.00015980423803912952,0.0,1.3783828648367968,0.0,0.0,9.70013926656992e-05,5.457076819040814e-07
O1_s62_RESPONSE_U,RESPONSE_U,91,21,0.19087411716157135,0.061072684292282374,0.12980143286928894,2.0,1.9523809523809523,2.0,2.0,1.0,3.814368278983666,0.015589499512516095,0.008634685429216804,-0.0039212906167035416,-0.0038517102357890015,-0.003851709416743637,0.00029147735924215306,0.0001921721024447119,0.00019217236218830143,0.0,1.349139225603457,0.0,0.0,0.00012860106120443846,5.851643482360692e-07
O1_s62_RESPONSE_U,RESPONSE_U,92,21,0.19489579054990253,0.06500832984844844,0.12988746070145407,2.0,1.9523809523809523,2.0,2.0,1.0,4.460013836601968,0.016894843395200438,0.009894660037177835,-0.0052377892328330745,-0.005144268864740077,-0.005144276038539934,0.0003550103614150771,0.00022768484724559703,0.00022768437712568438,0.0,1.386973102972439,0.0,0.0,0.00022854593375408816,6.610918486254e-07
O1_s62_RESPONSE_U,RESPONSE_U,93,21,0.19244524269900848,0.06420651894240152,0.12823872375660694,2.0,1.9523809523809523,2.0,2.0,1.0,4.211050356404398,0.015440445929212935,0.008146308043033373,-0.003717770815533901,-0.003547419281918564,-0.003547415486922673,0.0002562351434631737,0.00015802921572219742,0.0001580294923981723,0.09523809523809523,1.311740037224316,0.0,0.0,0.00021127499300186602,6.327916347506689e-07
O1_s62_RESPONSE_U,RESPONSE_U,94,21,0.17781215854561538,0.05575838436683019,0.12205377417878516,2.0,1.9523809523809523,2.0,2.0,1.0,4.16511183877836,0.011865047235461348,0.008172233131190743,-0.0033164917886288714,-0.0032718585961869482,-0.003271852287428811,0.0002152755549314415,0.00014187790938781326,0.0001418785386358097,0.047619047619047616,1.3587551833905092,0.0,0.0,7.08049709631642e-05,6.306021925215403e-07
O1_s62_RESPONSE_U,RESPONSE_U,95,21,0.182441896414677,0.05884274627481188,0.12359915013986512,2.0,1.9523809523809523,2.0,2.0,1.0,4.094069580425843,0.011354122115909618,0.008873981146258106,-0.003734986823928942,-0.0035965665198160043,-0.0035965681795596277,0.00022465372873964535,0.00014501047052372585,0.0001450099562524115,0.047619047619047616,1.366356578194792,0.0,0.0,0.00016689775337257567,6.469804243573929e-07
O1_s62_RESPONSE_U,RESPONSE_U,96,21,0.1872089217393415,0.06410687895757812,0.1231020427817634,2.0,1.9523809523809523,2.0,2.0,1.0,3.3322562067978496,0.00788386912372269,0.007787325113679376,-0.001833825525488202,-0.0018023929360746033,-0.0018023903207999355,0.00012734249609100537,8.049727618455892e-05,8.049716690866488e-05,0.0,1.3670797583199676,0.0,0.0,6.28079911223087e-05,5.504015502560898e-07
O1_s62_RESPONSE_U,RESPONSE_U,97,21,0.19687686724505993,0.0675723741629294,0.1293044930821305,2.0,1.9523809523809523,2.0,2.0,1.0,3.67995637447004,0.007050235226417663,0.007416705747396618,-0.001687338232223588,-0.0016930356859919192,-0.0016930359018739298,0.00011311663308746873,7.556120029429882e-05,7.556154861206061e-05,0.09523809523809523,1.3512810537316928,0.0,0.0,3.9995060792975945e-05,5.595364324565089e-07
O1_s62_RESPONSE_U,RESPONSE_U,98,21,0.18726914782663387,0.06291117040174347,0.12435797742489038,2.0,1.9523809523809523,2.0,2.0,1.0,3.6844689215056907,0.0059375725759112565,0.008305916899609847,-0.001672795017992404,-0.001643736117393124,-0.0016437353596225272,0.00011266714029814025,7.328449914853674e-05,7.328473500405406e-05,0.0,1.3098601149365772,0.0,0.0,3.498009061321313e-05,6.030790191121708e-07
O1_s62_RESPONSE_U,RESPONSE_U,99,21,0.17314540254688782,0.0559928161757333,0.11715258637115447,2.0,1.9523809523809523,2.0,2.0,1.0,3.8721070136173035,0.0034257557679240793,0.008790994310055446,-0.0007944099374554308,-0.0007892245789644844,-0.000789227113235263,6.498999858005683e-05,4.17968300395416e-05,4.179730731141452e-05,0.0,1.3335177669046143,0.0,0.0,2.3198879310143294e-05,5.804261821516877e-07
O1_s62_RESPONSE_U,RESPONSE_U,100,21,0.17468928037622053,0.05678627400525978,0.11790300637096074,2.0,1.9523809523809523,2.0,2.0,1.0,3.5912311003927835,0.0012228674760693086,0.009100765111982866,-0.00030159509349570916,-0.0002995407641685398,-0.0002995427986537931,2.253561426472443e-05,1.4528806535658507e-05,1.453203699370728e-05,0.047619047619047616,1.38454358364225,0.0,0.0,6.131798543160983e-06,5.65971264365204e-07
O1_s62_DPR_L,DPR_L,1,21,0.6174367373946184,0.25848090808306423,0.3589558293115541,2.0,0.0,0.0,0.0,0.0,6.258642567843349,0.22271126088589252,0.0,-0.16793897733685173,-0.16793897733685173,-0.16793897733685173,0.0,0.0,0.0,0.09523809523809523,1.0,0.0,0.0,0.0,8.054384960633894e-07
O1_s62_DPR_L,DPR_L,2,21,0.4073284263633789,0.12099063627067067,0.2863377900927083,2.0,0.0,0.0,0.0,0.0,4.026945729992958,0.07665171798714053,0.0,-0.017710750691370156,-0.017710750691370156,-0.017710750691370156,0.0,0.0,0.0,0.09523809523809523,1.0,0.0,0.0,0.0,4.3022079335167767e-07
O1_s62_DPR_L,DPR_L,3,21,0.3590244181560907,0.10905598299134345,0.24996843516474734,2.0,0.0,0.0,0.0,0.0,5.363215750830825,0.0786608562869906,0.0,-0.028711200403073484,-0.028711200403073484,-0.028711200403073484,0.0,0.0,0.0,0.14285714285714285,1.0,0.0,0.0,0.0,5.942891090431492e-07
O1_s62_DPR_L,DPR_L,4,21,0.363732233505051,0.11409648986799377,0.24963574363705737,2.0,0.0,0.0,0.0,0.0,5.665051555676539,0.10987525329553319,0.0,-0.035794651933308747,-0.035794651933308747,-0.035794651933308747,0.0,0.0,0.0,0.19047619047619047,1.0,0.0,0.0,0.0,6.498067080911391e-07
O1_s62_DPR_L,DPR_L,5,21,0.310769370269066,0.08871176750177429,0.22205760276729175,2.0,0.0,0.0,0.0,0.0,4.145269097509704,0.08997184613528782,0.0,-0.02574586005599323,-0.02574586005599323,-0.02574586005599323,0.0,0.0,0.0,0.09523809523809523,1.0,0.0,0.0,0.0,5.433744209535061e-07
O1_s62_DPR_L,DPR_L,6,21,0.2998163483291817,0.08470563661484491,0.2151107117143368,2.0,0.0,0.0,0.0,0.0,4.516256621508934,0.12247048764960326,0.0,-0.03568633272056384,-0.03568633272056384,-0.03568633272056384,0.0,0.0,0.0,0.14285714285714285,1.0,0.0,0.0,0.0,5.531017736923563e-07
O1_s62_DPR_L,DPR_L,7,21,0.23526543368824585,0.065787185693071,0.16947824799517483,2.0,0.0,0.0,0.0,0.0,2.6546351207645364,0.08345163970515553,0.0,-0.01257955235870723,-0.01257955235870723,-0.01257955235870723,0.0,0.0,0.0,0.14285714285714285,1.0,0.0,0.0,0.0,3.6943875060098176e-07
O1_s62_DPR_L,DPR_L,8,21,0.23659267890912003,0.07035775837444123,0.16623492053467878,2.0,0.0,0.0,0.0,0.0,4.89875876021164,0.09386205001350564,0.0,-0.03258898795419659,-0.03258898795419659,-0.03258898795419659,0.0,0.0,0.0,0.14285714285714285,1.0,0.0,0.0,0.0,5.987356580924542e-07
O1_s62_DPR_L,DPR_L,9,21,0.22260982104719465,0.06484841519878023,0.15776140584841442,2.0,0.0,0.0,0.0,0.0,4.124575747317725,0.10340960014276289,0.0,-0.028330766388454623,-0.028330766388454623,-0.028330766388454623,0.0,0.0,0.0,0.09523809523809523,1.0,0.0,0.0,0.0,5.45399065673238e-07
O1_s62_DPR_L,DPR_L,10,21,0.26377064357894936,0.08036190839040847,0.18340873518854092,2.0,0.0,0.0,0.0,0.0,4.976786389973421,0.21623335778708755,0.0,-0.05336452258558831,-0.05336452258558831,-0.05336452258558831,0.0,0.0,0.0,0.09523809523809523,1.0,0.0,0.0,0.0,6.325741815164894e-07
O1_s62_DPR_L,DPR_L,11,21,0.24835034150250784,0.07941537811642602,0.16893496338608183,2.0,0.0,0.0,0.0,0.0,5.183808418955668,0.17250214005024567,0.0,-0.03367007242396871,-0.03367007242396871,-0.03367007242396871,0.0,0.0,0.0,0.23809523809523808,1.0,0.0,0.0,0.0,6.057296319104442e-07
O1_s62_DPR_L,DPR_L,12,21,0.1877138520172931,0.0547294852634271,0.132984366753866,2.0,0.0,0.0,0.0,0.0,2.7584687703539066,0.10040259868649477,0.0,-0.010811688684847992,-0.010811688684847992,-0.010811688684847992,0.0,0.0,0.0,0.0,1.0,0.0,0.0,0.0,3.5265497367133895e-07
O1_s62_DPR_L,DPR_L,13,21,0.1653888104600501,0.04928896664863541,0.11609984381141465,2.0,0.0,0.0,0.0,0.0,2.6667843337055723,0.08021107102856886,0.0,-0.009912228382526872,-0.009912228382526872,-0.009912228382526872,0.0,0.0,0.0,0.0,1.0,0.0,0.0,0.0,3.36977774482098e-07
O1_s62_DPR_L,DPR_L,14,21,0.16285361417353464,0.048828328205716046,0.11402528596781861,2.0,0.0,0.0,0.0,0.0,3.0195552048808914,0.1134812099970406,0.0,-0.014862345443397908,-0.014862345443397908,-0.014862345443397908,0.0,0.0,0.0,0.14285714285714285,1.0,0.0,0.0,0.0,3.8070916681892825e-07
O1_s62_DPR_L,DPR_L,15,21,0.1717734503974102,0.05416599572414443,0.11760745467326576,2.0,0.0,0.0,0.0,0.0,3.591762806525846,0.09660822287722952,0.0,-0.01934713384657282,-0.01934713384657282,-0.01934713384657282,0.0,0.0,0.0,0.0,1.0,0.0,0.0,0.0,4.533406414429943e-07
O1_s62_DPR_L,DPR_L,16,21,0.14872093124303043,0.04488255367392585,0.10383837756910456,2.0,0.0,0.0,0.0,0.0,2.811036052298418,0.06836344677162257,0.0,-0.013726670724895437,-0.013726670724895437,-0.013726670724895437,0.0,0.0,0.0,0.0,1.0,0.0,0.0,0.0,3.51417849310119e-07
O1_s62_DPR_L,DPR_L,17,21,0.16912962685929372,0.055000905302308854,0.11412872155698486,2.0,0.0,0.0,0.0,0.0,4.816586118553661,0.12900039161313664,0.0,-0.03578033996594843,-0.03578033996594843,-0.03578033996594843,0.0,0.0,0.0,0.09523809523809523,1.0,0.0,0.0,0.0,6.125907999040087e-07
O1_s62_DPR_L,DPR_L,18,21,0.23442166682462726,0.07849540792050816,0.15592625890411915,2.0,0.0,0.0,0.0,0.0,6.467364774229207,0.2107938316330095,0.0,-0.11076578967232,-0.11076578967232,-0.11076578967232,0.0,0.0,0.0,0.09523809523809523,1.0,0.0,0.0,0.0,8.455656043947951e-07
O1_s62_DPR_L,DPR_L,19,21,0.21254477917572606,0.06528378987596148,0.14726098929976464,2.0,0.0,0.0,0.0,0.0,3.4927348430725,0.1270739901738616,0.0,-0.022553353727459514,-0.022553353727459514,-0.022553353727459514,0.0,0.0,0.0,0.09523809523809523,1.0,0.0,0.0,0.0,4.712705325601396e-07
O1_s62_DPR_L,DPR_L,20,21,0.16513362520722116,0.04993123978021599,0.1152023854270052,2.0,0.0,0.0,0.0,0.0,2.6769337038211667,0.06757587513098529,0.0,-0.01188653964569949,-0.01188653964569949,-0.01188653964569949,0.0,0.0,0.0,0.0,1.0,0.0,0.0,0.0,3.7271878020721225e-07
O1_s62_DPR_L,DPR_L,21,21,0.6977084795410945,0.32030217225352925,0.37740630728756513,2.0,2.0,2.0,2.0,0.05000000000000001,7.725864680338674,0.15234382385725972,0.0007073450431922273,-0.12886775330148326,-0.12886775330148326,-0.1288677522879739,0.0031993344212771714,0.0031236615251151066,0.0031236615982572365,0.09523809523809523,1.0187377270432914,0.0,0.0,9.157380674655275e-09,1.0400032612836075e-06
O1_s62_DPR_L,DPR_L,22,21,0.5394215727670602,0.19750181479113443,0.3419197579759258,2.0,2.0,2.0,2.0,0.10000000000000002,6.079724877009167,0.12369567607449686,0.0010228719571941424,-0.04159785157962654,-0.04159785157962654,-0.04159785526476618,0.0019021249683194973,0.0018171007313856436,0.001817100902819976,0.047619047619047616,1.0345216316475911,0.0,0.0,1.129664756633433e-08,7.422763088364019e-07
O1_s62_DPR_L,DPR_L,23,21,0.5610960951828043,0.20742176473140717,0.3536743304513972,2.0,2.0,2.0,2.0,0.14999999999999997,5.470233471006505,0.12368817342524303,0.002129766041448655,-0.04071255270546833,-0.04071255270546833,-0.04071255206446496,0.0026896606258019805,0.002507994520573252,0.002507994390134889,0.09523809523809523,1.040720211542281,0.0,0.0,7.966398679341488e-09,7.078449240138382e-07
O1_s62_DPR_L,DPR_L,24,21,0.5466489615526438,0.2127402557858399,0.3339087057668038,2.0,2.0,2.0,2.0,0.20000000000000004,5.286161581476316,0.16521407457317866,0.001696857149426695,-0.04653443136793315,-0.04653443136793315,-0.04653443172593019,0.0021367407530226887,0.0019364469115234844,0.001936446640547345,0.0,1.0547945784134864,0.0,0.0,1.0100404269220706e-08,7.191702515469428e-07
O1_s62_DPR_L,DPR_L,25,21,0.4583257256384574,0.15252370351836794,0.30580202212008956,2.0,2.0,2.0,2.0,0.25,4.718733634993822,0.14634573014096566,0.0024213224655533685,-0.0356141471603329,-0.0356141471603329,-0.035614145390783926,0.002406715722425721,0.002149128796886877,0.002149128858548504,0.047619047619047616,1.079479162079212,0.0,0.0,6.979169922540892e-09,6.864330463866933e-07
O1_s62_DPR_L,DPR_L,26,21,0.4664239401231248,0.16839624320467314,0.2980276969184518,2.0,2.0,2.0,2.0,0.29999999999999993,5.9109889776737194,0.11636603876200977,0.0032775857774888137,-0.03851923684335373,-0.03851923684335373,-0.03851923754702349,0.0023605718926533953,0.0020914999750792653,0.0020914998573892175,0.09523809523809523,1.0897161369640056,0.0,0.0,9.706439375951006e-09,6.845138317906741e-07
O1_s62_DPR_L,DPR_L,27,21,0.47073676520502145,0.159991305321455,0.31074545988356633,2.0,2.0,2.0,2.0,0.34999999999999987,5.234297173789152,0.1324341616035451,0.0031529274691811586,-0.03602436324597761,-0.03602436324597761,-0.036024365184114046,0.0020740652810527635,0.0017694499063860818,0.001769449996913371,0.047619047619047616,1.1004631911342326,0.0,0.0,7.99918535448721e-09,7.111161840480285e-07
O1_s62_DPR_L,DPR_L,28,21,0.42242037001332366,0.14470227931936583,0.2777180906939579,2.0,2.0,2.0,2.0,0.4000000000000001,5.046984619889878,0.1081398088025973,0.003779019948041632,-0.02705670197413022,-0.02705670197413022,-0.027056700711177193,0.0019403231259912024,0.0016320757325296008,0.0016320759722209689,0.0,1.1500129590251722,0.0,0.0,6.8142710567218204e-09,6.536300796281606e-07
O1_s62_DPR_L,DPR_L,29,21,0.4202349983813921,0.1331528402155354,0.28708215816585675,2.0,2.0,2.0,2.0,0.44999999999999996,5.093582901334777,0.10799747146887528,0.004221788302291853,-0.02835201693609207,-0.02835201693609207,-0.028352012528767997,0.001816658528818416,0.0015155795355484727,0.0015155796691471702,0.0,1.1338157449864263,0.0,0.0,1.0013283715510445e-08,6.77853155909982e-07
O1_s62_DPR_L,DPR_L,30,21,0.4197549171457635,0.14547784945794515,0.2742770676878183,2.0,2.0,2.0,2.0,0.5,5.072659781802917,0.11868205654445951,0.00566882327205609,-0.03421156711950856,-0.03421156711950856,-0.03421156330216689,0.0025331359519415665,0.0020676633386033207,0.002067662950431939,0.047619047619047616,1.1602832528904,0.0,0.0,8.347108724821232e-09,7.08322534236943e-07
O1_s62_DPR_L,DPR_L,31,21,0.4610775562640036,0.17366144930322966,0.28741610696077396,2.0,2.0,2.0,2.0,0.5500000000000002,6.256057700792385,0.14439612901925597,0.006381402165368492,-0.053906567629325434,-0.05390656762932543,-0.05390656594643395,0.003303101448250128,0.0026600482001037703,0.0026600477356698345,0.047619047619047616,1.182551327023985,0.0,0.0,1.424211836378827e-08,8.26933070618859e-07
O1_s62_DPR_L,DPR_L,32,21,0.4208086035373413,0.14535574792396455,0.2754528556133768,2.0,2.0,2.0,2.0,0.5999999999999999,4.689342819342304,0.10656641662913942,0.006875805654270514,-0.029797928872195113,-0.029797928872195113,-0.029797930151352712,0.0021927119432084267,0.0017402611565588788,0.0017402614584883253,0.047619047619047616,1.1771121492601,0.0,0.0,5.9166631007336326e-09,6.384535134279444e-07
O1_s62_DPR_L,DPR_L,33,21,0.3294956036038193,0.10509328845710982,0.2244023151467095,2.0,2.0,2.0,2.0,0.6500000000000001,4.474449871732584,0.08358806050309087,0.005212588520893605,-0.020420438468718535,-0.020420438468718532,-0.020420440840475566,0.0012594656172672362,0.0009760759623008636,0.0009760758490794632,0.047619047619047616,1.1676760078315611,0.0,0.0,8.596273492818217e-09,5.565472674559638e-07
O1_s62_DPR_L,DPR_L,34,21,0.3891432453626295,0.135818880406164,0.2533243649564656,2.0,2.0,2.0,2.0,0.6999999999999997,5.057379641086056,0.1076976296804398,0.005430868830523351,-0.025434825643710093,-0.025434825643710093,-0.025434824237599758,0.001654751903193374,0.0012609066738114095,0.001260905612729796,0.09523809523809523,1.1895945882281782,0.0,0.0,1.0853827008469953e-08,6.053985843377781e-07
O1_s62_DPR_L,DPR_L,35,21,0.34549525050516183,0.11357892694927398,0.23191632355588787,2.0,2.0,2.0,2.0,0.75,4.667181637655516,0.08772917070615652,0.006769813397010786,-0.03048908797008144,-0.030489087970081447,-0.03048908767446076,0.0016340744413124852,0.0012030533807433294,0.0012030538083255941,0.047619047619047616,1.1811707899105617,0.0,0.0,8.330005480440035e-09,6.933478281712307e-07
O1_s62_DPR_L,DPR_L,36,21,0.3741182641024685,0.13291239028885252,0.24120587381361602,2.0,2.0,2.0,2.0,0.8000000000000002,5.007221024486542,0.08525905923076701,0.008804386441249683,-0.02735347322522321,-0.02735347322522321,-0.02735346968551716,0.0018849334786591,0.0013716450237328823,0.0013716447656556754,0.047619047619047616,1.2502990258444784,0.0,0.0,9.343845007187765e-09,6.446996473791249e-07
O1_s62_DPR_L,DPR_L,37,21,0.36253065926522443,0.11893357034950029,0.24359708891572412,2.0,2.0,2.0,2.0,0.8499999999999999,4.415692945906847,0.07701993041609403,0.006709525999973003,-0.01922359742553995,-0.01922359742553995,-0.019223595918404855,0.0012788468482066051,0.0009233211447846473,0.0009233209292791141,0.0,1.188053032233114,0.0,0.0,9.19546725880709e-09,6.06492550306395e-07
O1_s62_DPR_L,DPR_L,38,21,0.3287190032568829,0.10398643942815917,0.22473256382872372,2.0,2.0,2.0,2.0,0.8999999999999999,4.926883314228251,0.0820861722524573,0.007355939180069654,-0.026868122849795218,-0.02686812284979521,-0.02686812368975323,0.001420577540256144,0.0010018115391551277,0.0010018115135373784,0.09523809523809523,1.2635314982618906,0.0,0.0,1.0391553273975533e-08,6.904665241644579e-07
O1_s62_DPR_L,DPR_L,39,21,0.33388744728247877,0.11201967334463483,0.22186777393784393,2.0,2.0,2.0,2.0,0.9499999999999996,3.788853615796207,0.0788068799044651,0.007173212296917723,-0.0164758220428498,-0.0164758220428498,-0.016475820063665755,0.0012061441655565946,0.0008271063080027803,0.0008271064133448105,0.0,1.2748723760896818,0.0,0.0,6.62360931584491e-09,5.345713324464933e-07
O1_s62_DPR_L,DPR_L,40,21,0.33110032172248943,0.11060326138422602,0.22049706033826347,2.0,2.0,2.0,2.0,1.0,5.081894920714917,0.08427396240977464,0.008164907677856718,-0.026218561312208427,-0.026218561312208434,-0.026218565750045168,0.001566602132993291,0.001061946992373965,0.001061946609238137,0.047619047619047616,1.3051732252266028,0.0,0.0,1.116147354326087e-08,6.488850077186097e-07
O1_s62_DPR_L,DPR_L,41,21,0.3325418019414626,0.10929811054042407,0.22324369140103847,2.0,2.0,2.0,2.0,1.0,4.053488556847901,0.09047106059490029,0.007429064295240275,-0.016687006019162277,-0.016687006019162277,-0.016687005484697006,0.001356540079486298,0.0008921560459126906,0.0008921559341450209,0.0,1.2783855889218898,0.0,0.0,6.223393461834061e-09,5.642962619602942e-07
O1_s62_DPR_L,DPR_L,42,21,0.29960251399563487,0.09409847110509872,0.20550404289053614,2.0,2.0,2.0,2.0,1.0,4.634522499568838,0.08721196531662738,0.01012431004749382,-0.023304758833795937,-0.023304758833795937,-0.023304757127371217,0.0020240083229746595,0.001415213573596302,0.001415213760570166,0.047619047619047616,1.2385668968003174,0.0,0.0,8.286654387429722e-09,6.25636333484299e-07
O1_s62_DPR_L,DPR_L,43,21,0.3410206265761961,0.12307077593037061,0.21794985064582542,2.0,2.0,2.0,2.0,1.0,4.145148176497413,0.0857532586780904,0.005081897741381682,-0.01990858668587664,-0.019908586685876643,-0.019908589494484964,0.0009451073394517188,0.0006502851834737468,0.000650285727402977,0.0,1.286246513051125,0.0,0.0,7.393827428898692e-09,5.855326073619078e-07
O1_s62_DPR_L,DPR_L,44,21,0.28558207182298817,0.09135043727500099,0.1942316345479872,2.0,2.0,2.0,2.0,1.0,5.694698084822221,0.0770624866413385,0.009841751791903218,-0.02682277027709604,-0.02682277027709604,-0.026822772788034126,0.001732925638971403,0.00121879746554086,0.0012187974694813895,0.09523809523809523,1.2803682830508136,0.0,0.0,1.0569223665312575e-08,7.185687529864492e-07
O1_s62_DPR_L,DPR_L,45,21,0.4105326334973749,0.14903480275755837,0.2614978307398166,2.0,2.0,2.0,2.0,1.0,7.962201611843075,0.11773692750198161,0.007481833930669947,-0.05794654929368015,-0.05794654929368015,-0.0579465437958503,0.0020461266161075067,0.0014726510368862262,0.0014726507658620069,0.047619047619047616,1.2672824398458407,0.0,0.0,1.1986694820390089e-08,1.0477017692299217e-06
O1_s62_DPR_L,DPR_L,46,21,0.31744826968253803,0.09724954746308781,0.2201987222194502,2.0,2.0,2.0,2.0,1.0,4.5137224093350055,0.08406434221071654,0.007546503854867657,-0.021727901428058617,-0.021727901428058617,-0.021727900785529577,0.0014482118041409728,0.0010142409325833567,0.0010142414560880115,0.047619047619047616,1.3141999641373499,0.0,0.0,1.0321013542106838e-08,6.265613407010443e-07
O1_s62_DPR_L,DPR_L,47,21,0.32978390175878786,0.109527338296175,0.2202565634626129,2.0,2.0,2.0,2.0,1.0,3.97204450669201,0.072011318833335,0.009669456557064714,-0.017546042827556268,-0.017546042827556268,-0.017546041905519623,0.0015182469931944052,0.0010329782226742722,0.0010329780729930278,0.0,1.258965944811015,0.0,0.0,6.444817995346687e-09,5.76650950806892e-07
O1_s62_DPR_L,DPR_L,48,21,0.29500099803516533,0.09911935545858883,0.19588164257657656,2.0,2.0,2.0,2.0,1.0,3.5699568002905857,0.06580841677787871,0.006239440178839535,-0.013909344497932383,-0.013909344497932383,-0.013909343793146007,0.0009168706286201691,0.0006531172180637628,0.0006531170176488147,0.047619047619047616,1.2546541745015833,0.0,0.0,4.397387653673217e-09,5.140425027091652e-07
O1_s62_DPR_L,DPR_L,49,21,0.30131262096433636,0.10275349801494962,0.19855912294938674,2.0,2.0,2.0,2.0,1.0,4.634767772507971,0.06917005513835467,0.007943566866441341,-0.02140219234111232,-0.02140219234111232,-0.021402196411441497,0.001200326831679619,0.0007965259374229349,0.0007965264325726445,0.0,1.313826613513979,0.0,0.0,9.339728330795225e-09,6.28293943080549e-07
O1_s62_DPR_L,DPR_L,50,21,0.2903739137011776,0.09707151761367208,0.1933023960875056,2.0,2.0,2.0,2.0,1.0,4.3765367909987996,0.07773573519195194,0.009879303143902814,-0.02257143291196149,-0.022571432911961484,-0.02257143113644398,0.0016602611937753075,0.0011775614467742423,0.0011775608606713686,0.0,1.254744223693105,0.0,0.0,5.686466489563482e-09,6.461700821315326e-07
O1_s62_DPR_L,DPR_L,51,21,0.30815245389360374,0.10835786146067437,0.19979459243292935,2.0,2.0,2.0,2.0,1.0,5.022885143973599,0.07282612002534646,0.009523754452499835,-0.02498351970409394,-0.02498351970409394,-0.024983517678152063,0.0014538001194860566,0.0009500890128894086,0.0009500886488165252,0.09523809523809523,1.3419736596245269,0.0,0.0,9.60100815586796e-09,7.073424340120238e-07
O1_s62_DPR_L,DPR_L,52,21,0.32330910157083154,0.11211508849547022,0.2111940130753613,2.0,2.0,2.0,2.0,1.0,5.077552445960266,0.07248822612552533,0.008021372803513331,-0.02442099074679552,-0.02442099074679552,-0.024420991540237188,0.0012668276692633994,0.0008445002479512984,0.0008444998405415945,0.0,1.316172605001326,0.0,0.0,5.6129713329499195e-09,7.173802506391654e-07
O1_s62_DPR_L,DPR_L,53,21,0.2785634488133994,0.09183847212365695,0.18672497668974236,2.0,2.0,2.0,2.0,1.0,4.732144322853675,0.06732013779592855,0.009256467972267616,-0.020264267405766045,-0.020264267405766045,-0.020264265749915415,0.0013599273756091882,0.0009376597400336791,0.0009376593671437677,0.047619047619047616,1.2735680692525801,0.0,0.0,1.0777621787319942e-08,6.513834309521788e-07
O1_s62_DPR_L,DPR_L,54,21,0.30335126346171915,0.10255700278849829,0.20079426067322087,2.0,2.0,2.0,2.0,1.0,6.486886053560603,0.07983869477316743,0.009946757751375348,-0.03096786927086576,-0.030967869270865752,-0.03096786865237214,0.0017018541988520885,0.0011746455539061317,0.0011746457655088564,0.047619047619047616,1.3157990046805466,0.0,0.0,9.603956917338383e-09,8.323856942653908e-07
O1_s62_DPR_L,DPR_L,55,21,0.2850069474585376,0.09273835963436536,0.19226858782417228,2.0,2.0,2.0,2.0,1.0,5.947736983700432,0.06003458048059143,0.010524125377510522,-0.02465853509650054,-0.024658535096500542,-0.02465853236462423,0.0014932051744203727,0.0010798762562950917,0.0010798758262537335,0.14285714285714285,1.2188567808942214,0.0,0.0,1.032357698115647e-08,7.329376011005183e-07
O1_s62_DPR_L,DPR_L,56,21,0.28334139996885443,0.09256647385302044,0.19077492611583402,2.0,2.0,2.0,2.0,1.0,5.530471609029448,0.0652488901321045,0.010797322385274434,-0.02607944377126019,-0.026079443771260195,-0.026079442779410586,0.0014846462620275488,0.0009977226795350545,0.0009977222567630795,0.0,1.2984682614942105,0.0,0.0,1.3774783374911241e-08,7.700776479950673e-07
O1_s62_DPR_L,DPR_L,57,21,0.2687331332241173,0.08847082016013917,0.18026231306397808,2.0,2.0,2.0,2.0,1.0,5.6801526871702235,0.06673542684355487,0.010083304862649864,-0.023906982513946903,-0.02390698251394691,-0.02390698519449853,0.0014695727836377033,0.0010113365745432201,0.001011336552832929,0.0,1.2462575772274793,0.0,0.0,8.80054090504661e-09,7.396939554420756e-07
O1_s62_DPR_L,DPR_L,58,21,0.2879167592551683,0.10186382791116125,0.18605293134400705,2.0,2.0,2.0,2.0,1.0,4.8761122158651675,0.056590446069586464,0.010624428375894699,-0.01549483750993692,-0.015494837509936918,-0.015494842799679403,0.0013062417672660132,0.0008889243884701329,0.0008889246797887599,0.047619047619047616,1.2592732209224744,0.0,0.0,9.973611671004374e-09,6.313627876516644e-07
O1_s62_DPR_L,DPR_L,59,21,0.2788640720449439,0.09306018462493307,0.18580388742001083,2.0,2.0,2.0,2.0,1.0,4.459113761753207,0.057767781996344546,0.010791870357968459,-0.016994131925773853,-0.016994131925773853,-0.0169941305147242,0.001379831361279718,0.0009394163213624166,0.0009394163461137912,0.09523809523809523,1.3210541204393158,0.0,0.0,8.651135506481492e-09,6.319730740517299e-07
O1_s62_DPR_L,DPR_L,60,21,0.2793159115899936,0.0959190736923899,0.18339683789760372,2.0,2.0,2.0,2.0,1.0,5.766035728092786,0.06066063620600186,0.012024153713923215,-0.023809911689738207,-0.023809911689738207,-0.023809913680047024,0.0016394615147725011,0.001101439803391028,0.0011014399850435782,0.09523809523809523,1.2378729761336642,0.0,0.0,1.0514978954756241e-08,7.662571014062156e-07
O1_s62_DPR_L,DPR_L,61,21,0.2800115841084789,0.09446278462807338,0.18554879948040548,2.0,2.0,2.0,2.0,1.0,6.16103042016036,0.06835125269643351,0.00978047646496393,-0.025265255912237352,-0.025265255912237345,-0.025265258522681557,0.0015246997629990993,0.0010843673328145016,0.001084366920946022,0.14285714285714285,1.245675452155913,0.0,0.0,1.6363986209109683e-08,7.857118762584804e-07
O1_s62_DPR_L,DPR_L,62,21,0.27350157807273956,0.09559265648325284,0.17790892158948673,2.0,2.0,2.0,2.0,1.0,5.526575304986743,0.05563861105595056,0.011222322257266892,-0.021589505276595537,-0.021589505276595537,-0.02158950867163242,0.001363360553659217,0.0009334210316057875,0.0009334210055400554,0.047619047619047616,1.3146588951827451,0.0,0.0,9.857462590516433e-09,7.087903925704958e-07
O1_s62_DPR_L,DPR_L,63,21,0.2592585829004291,0.08234133660083726,0.17691724629959177,2.0,2.0,2.0,2.0,1.0,4.679187437083256,0.047592195451863786,0.012283097204007014,-0.014633302946059749,-0.014633302946059749,-0.01463330057603352,0.0014040677597292781,0.0010252146560783167,0.0010252153052442044,0.19047619047619047,1.2224833774822,0.0,0.0,9.181365002660332e-09,6.413668501373532e-07
O1_s62_DPR_L,DPR_L,64,21,0.25590178221203846,0.08556387768614859,0.17033790452588987,2.0,2.0,2.0,2.0,1.0,4.2625423745577935,0.051960302044979936,0.009270111295781936,-0.0146021867605756,-0.0146021867605756,-0.014602184562803119,0.0010224113893323398,0.0006689685157257298,0.0006689683364809114,0.047619047619047616,1.2696183593972428,0.0,0.0,8.904110427654339e-09,6.278997731692824e-07
O1_s62_DPR_L,DPR_L,65,21,0.25633621435276277,0.08730305961909748,0.16903315473366534,2.0,2.0,2.0,2.0,1.0,5.153193731439659,0.052983889694428986,0.011379538532166533,-0.01715928028410569,-0.01715928028410569,-0.01715927821565098,0.0013065940064442877,0.0009070477272422439,0.0009070474195349101,0.047619047619047616,1.204067040522346,0.0,0.0,9.636767852761617e-09,6.700578973215416e-07
O1_s62_DPR_L,DPR_L,66,21,0.26229982227271825,0.08756430855109579,0.17473551372162235,2.0,2.0,2.0,2.0,1.0,5.224853657273273,0.05575194497432623,0.009853355311878234,-0.017358226160183208,-0.017358226160183215,-0.01735822598929669,0.001261592866660458,0.0008941250398840393,0.0008941246331719463,0.047619047619047616,1.2076139086864668,0.0,0.0,1.1493621295843797e-08,6.63992199903222e-07
O1_s62_DPR_L,DPR_L,67,21,0.2506272996868314,0.08511409003819738,0.16551320964863403,2.0,2.0,2.0,2.0,1.0,5.0716229844814755,0.052571496810434694,0.011071273224924292,-0.017870024486945343,-0.017870024486945343,-0.017870018296230233,0.0012920471181143618,0.0008584476423923721,0.0008584476120462093,0.047619047619047616,1.3336253892067866,0.0,0.0,8.952452286740842e-09,7.043903225405011e-07
O1_s62_DPR_L,DPR_L,68,21,0.24413700980860026,0.07949379210670789,0.16464321770189244,2.0,2.0,2.0,2.0,1.0,4.3493025901513525,0.045819547485118434,0.009689199399533553,-0.012925579493222518,-0.012925579493222518,-0.012925584850472857,0.0009908585422310579,0.000676657998432764,0.0006766581489517576,0.0,1.2751139926098471,0.0,0.0,9.612449282654424e-09,6.216827384021476e-07
O1_s62_DPR_L,DPR_L,69,21,0.23535871137383013,0.07922554158029102,0.15613316979353914,2.0,2.0,2.0,2.0,1.0,4.331506213022997,0.04504775444717796,0.008845477038604077,-0.014345612026987916,-0.014345612026987916,-0.01434560835276388,0.0009316639535300664,0.0006660244098576437,0.0006660249868565128,0.09523809523809523,1.2382276997280932,0.0,0.0,9.143001558639176e-09,6.369308063671534e-07
O1_s62_DPR_L,DPR_L,70,21,0.2485233953028074,0.0817612489419324,0.16676214636087505,2.0,2.0,2.0,2.0,1.0,4.8364331651534425,0.051214241752590164,0.011407838515821481,-0.015325823764891005,-0.015325823764891005,-0.015325819956079139,0.0012680262788537541,0.000860433861358296,0.0008604337198485849,0.047619047619047616,1.2420485940443833,0.0,0.0,9.214106616727129e-09,6.798530505319371e-07
O1_s62_DPR_L,DPR_L,71,21,0.23458933502909735,0.08143710823995727,0.1531522267891401,2.0,2.0,2.0,2.0,1.0,4.680352776640997,0.04364886089342125,0.010414309627451115,-0.012253535477968749,-0.012253535477968749,-0.012253533500513463,0.0010626727340596412,0.0007295090195168907,0.0007295086408574372,0.047619047619047616,1.2529796941267937,0.0,0.0,1.0712764295141314e-08,6.45569559613874e-07
O1_s62_DPR_L,DPR_L,72,21,0.22269692414470202,0.0704904952574344,0.15220642888726765,2.0,2.0,2.0,2.0,1.0,4.805057616189454,0.04048922463298364,0.011869909765650196,-0.013093262170775439,-0.013093262170775439,-0.01309325922564091,0.0010784081937183188,0.0007613200893267265,0.0007613199520216414,0.14285714285714285,1.2269761690271626,0.0,0.0,1.0378598191716887e-08,6.479793133171292e-07
O1_s62_DPR_L,DPR_L,73,21,0.22325516263116388,0.07317101848976952,0.15008414414139434,2.0,2.0,2.0,2.0,1.0,5.031002328947606,0.042586029986503376,0.008810948365349361,-0.012906813201077576,-0.012906813201077576,-0.012906808776212808,0.0008724144796821264,0.000616176873263026,0.0006161769910870471,0.09523809523809523,1.3267327289347532,0.0,0.0,1.1720290526483959e-08,6.820296810341707e-07
O1_s62_DPR_L,DPR_L,74,21,0.23144261120574894,0.07884835700194041,0.1525942542038085,2.0,2.0,2.0,2.0,1.0,4.601860166658641,0.03968477468801323,0.009222749099449963,-0.012816613397443862,-0.012816613397443862,-0.012816611664064604,0.0008250682253879448,0.0005609225075661577,0.0005609226521824399,0.14285714285714285,1.34343343843044,0.0,0.0,7.061726851097922e-09,6.703377584252078e-07
O1_s62_DPR_L,DPR_L,75,21,0.22144365853651923,0.07405778827766578,0.14738587025885352,2.0,2.0,2.0,2.0,1.0,4.7819399674914616,0.042281273789011156,0.005580592617391659,-0.011669165807627124,-0.011669165807627124,-0.011669166732908201,0.0005226085543753199,0.0003687490138096447,0.0003687499287184009,0.0,1.24859523041416,0.0,0.0,1.1772311228996816e-08,6.40353696349909e-07
O1_s62_DPR_L,DPR_L,76,21,0.21325283407906137,0.07299131252581165,0.14026152155324972,2.0,2.0,2.0,2.0,1.0,4.0516318057448855,0.033672436212787,0.007541468940647672,-0.00896700598551634,-0.00896700598551634,-0.008967003090467732,0.0005694584922042052,0.00040389103371343317,0.0004038909196192417,0.047619047619047616,1.2571445756863195,0.0,0.0,1.0148352460763722e-08,5.66314063040892e-07
O1_s62_DPR_L,DPR_L,77,21,0.25036661107169006,0.08817534609919503,0.16219126497249495,2.0,2.0,2.0,2.0,1.0,5.16675712882456,0.042354400380184044,0.008636787860162401,-0.01665340514145979,-0.01665340514145979,-0.016653404112823463,0.0008133108679765118,0.0005739462730521774,0.0005739461188326491,0.047619047619047616,1.2680158709445455,0.0,0.0,7.437514759062801e-09,7.320135381738163e-07
O1_s62_DPR_L,DPR_L,78,21,0.20950500885656045,0.06720916643029168,0.14229584242626872,2.0,2.0,2.0,2.0,1.0,4.9605354115322875,0.04594039868058985,0.010848730720347375,-0.011883875412380476,-0.011883875412380476,-0.011883871534723848,0.001142858421250335,0.0008148989966650615,0.0008148985542512888,0.09523809523809523,1.2254920593298895,0.0,0.0,7.1071506794517546e-09,7.125486284412387e-07
O1_s62_DPR_L,DPR_L,79,21,0.2054894889142546,0.06798370519564265,0.1375057837186119,2.0,2.0,2.0,2.0,1.0,4.463020084835272,0.03349470639863497,0.006605254205940925,-0.008942931089977043,-0.008942931089977043,-0.008942934624730475,0.0004920974266816648,0.00034780529273413546,0.0003478052241469144,0.047619047619047616,1.2750879395798596,0.0,0.0,7.002673582832634e-09,6.228395282763826e-07
O1_s62_DPR_L,DPR_L,80,21,0.2215862170366006,0.07609634509398824,0.14548987194261234,2.0,2.0,2.0,2.0,1.0,4.307385940334375,0.03010272276854044,0.008795929603926615,-0.008388757694068938,-0.008388757694068938,-0.008388750847252416,0.0005919883026739313,0.0004197657754651353,0.00041976564270644325,0.0,1.323176542116613,0.0,0.0,1.169488513817031e-08,6.269551161768124e-07
O1_s62_DPR_L,DPR_L,81,21,0.2352640112248001,0.07586677549850374,0.15939723572629644,2.0,2.0,2.0,2.0,1.0,5.499453217365836,0.04265246399153838,0.010948928326372058,-0.02129940402296051,-0.02129940402296051,-0.02129940473268877,0.001091625610048541,0.0007323310023962972,0.0007323312718092407,0.14285714285714285,1.2911218569759286,0.0,0.0,6.8785745537909844e-09,8.412047975711546e-07
O1_s62_DPR_L,DPR_L,82,21,0.2091169525727119,0.06751516479111853,0.14160178778159335,2.0,2.0,2.0,2.0,1.0,5.332665239659283,0.030475005564738013,0.010583903947972845,-0.009879408246084635,-0.009879408246084635,-0.009879411186971686,0.0007151090345135196,0.00046990401084976037,0.0004699041693237156,0.0,1.2885072200531509,0.0,0.0,8.512027787645182e-09,7.108344478048491e-07
O1_s62_DPR_L,DPR_L,83,21,0.22514875006218574,0.0777146074743498,0.14743414258783596,2.0,2.0,2.0,2.0,1.0,4.903276027970315,0.03176293193653022,0.012157825034404575,-0.01168860805608026,-0.01168860805608026,-0.011688607259889927,0.0008578889184177,0.0005723048318241353,0.0005723047254880461,0.0,1.2604948938547538,0.0,0.0,9.22178257650544e-09,6.99968347471162e-07
O1_s62_DPR_L,DPR_L,84,21,0.20650949511088645,0.06868210284128076,0.1378273922696057,2.0,2.0,2.0,2.0,1.0,4.517647434871176,0.03130452508080114,0.009820997918086324,-0.009155619996479123,-0.009155619996479125,-0.009155622300558787,0.0007514303092239291,0.0005309884171652963,0.0005309888782208906,0.09523809523809523,1.2154251997234022,0.0,0.0,6.508497029522845e-09,6.640751728792756e-07
O1_s62_DPR_L,DPR_L,85,21,0.207982628568837,0.06889490268769718,0.13908772588113982,2.0,2.0,2.0,2.0,1.0,4.296860305315566,0.025397546741066028,0.009867006764873319,-0.008412867562488976,-0.008412867562488976,-0.008412868745582698,0.0005974503210322606,0.0004219221812721265,0.0004219221638373089,0.047619047619047616,1.323412936371162,0.0,0.0,6.0872750911819074e-09,6.565017735380402e-07
O1_s62_DPR_L,DPR_L,86,21,0.20271006359493451,0.06496493190172173,0.13774513169321276,2.0,2.0,2.0,2.0,1.0,4.70442811159653,0.022786183444165678,0.009556201387920142,-0.007888485702822235,-0.007888485702822235,-0.007888485930565972,0.00047036564364616787,0.00031542491663972313,0.00031542546128835786,0.09523809523809523,1.286863112662391,0.0,0.0,7.590420032602816e-09,6.924142303889956e-07
O1_s62_DPR_L,DPR_L,87,21,0.1966411130326629,0.06313711936984744,0.13350399366281546,2.0,2.0,2.0,2.0,1.0,4.724822076074141,0.0208674492560804,0.01445421250408578,-0.006727381961462479,-0.006727381961462479,-0.006727381815554709,0.0006804928768568473,0.00046943732335995243,0.00046943725755520406,0.09523809523809523,1.230198843853805,0.0,0.0,9.463739546499304e-09,6.555933617377685e-07
O1_s62_DPR_L,DPR_L,88,21,0.20442991499500635,0.06787788530900365,0.13655202968600266,2.0,2.0,2.0,2.0,1.0,3.7181287805067313,0.019738988844906963,0.010544602079826151,-0.005180034566173449,-0.005180034566173448,-0.005180038497496899,0.0004692479954150201,0.00031772283580472577,0.00031772293786810923,0.0,1.299766628764316,0.0,0.0,5.8236503434622e-09,5.788367300799606e-07
O1_s62_DPR_L,DPR_L,89,21,0.19169534469386004,0.06190152519515583,0.12979381949870422,2.0,2.0,2.0,2.0,1.0,4.368149502840187,0.020126059472330763,0.007942829892979134,-0.005784203046017248,-0.005784203046017248,-0.0057842051702254,0.0003458759060646639,0.0002233209892827528,0.00022332084427231707,0.0,1.3093389335692285,0.0,0.0,7.053729919853348e-09,6.460775777989009e-07
O1_s62_DPR_L,DPR_L,90,21,0.18832130534102745,0.06181085313714686,0.12651045220388057,2.0,2.0,2.0,2.0,1.0,3.322496870427875,0.016994642453949868,0.007797952749723959,-0.004593518432204217,-0.004593518432204217,-0.00459351842826732,0.00028903978048760493,0.00019176339148477408,0.00019176360634808162,0.0,1.3145492885870813,0.0,0.0,6.365873819842271e-09,5.405069200517578e-07
O1_s62_DPR_L,DPR_L,91,21,0.1895181677847879,0.06076514880572047,0.1287530189790674,2.0,2.0,2.0,2.0,1.0,4.111002826228659,0.01782416243658835,0.009562724698028878,-0.004884761674729874,-0.004884761674729874,-0.004884759850755087,0.0003759540119259723,0.0002535605136406794,0.000253560184822583,0.047619047619047616,1.27285140100114,0.0,0.0,6.120623982933947e-09,6.196062914281671e-07
O1_s62_DPR_L,DPR_L,92,21,0.19599698371805213,0.06615763636572021,0.12983934735233194,2.0,2.0,2.0,2.0,1.0,4.57263883091292,0.01652789939845085,0.008645404050577416,-0.005434053432386897,-0.005434053432386896,-0.005434053360244475,0.00031447954322899303,0.00021821509794016567,0.00021821559919171912,0.0,1.222862418327814,0.0,0.0,7.359157863235475e-09,6.663912744933005e-07
O1_s62_DPR_L,DPR_L,93,21,0.19552043981150807,0.06569090130783263,0.1298295385036754,2.0,2.0,2.0,2.0,1.0,3.9857754456518357,0.014078479332616653,0.009070453730460717,-0.00344732035789661,-0.00344732035789661,-0.0034473205544013905,0.0002893608933261594,0.0002092983846287455,0.00020929812662151602,0.047619047619047616,1.1660398361318225,0.0,0.0,5.5528058267667104e-09,6.033167064912122e-07
O1_s62_DPR_L,DPR_L,94,21,0.17999035669267105,0.056920165107363745,0.1230701915853073,2.0,2.0,2.0,2.0,1.0,4.562385140696722,0.010908917667978737,0.008425887977178085,-0.003352825945212046,-0.003352825945212046,-0.003352824316494654,0.0002177968391816614,0.0001557248960822325,0.00015572470212393678,0.09523809523809523,1.228296762898113,0.0,0.0,8.435686326243008e-09,6.402141164589141e-07
O1_s62_DPR_L,DPR_L,95,21,0.1831673904542106,0.05951718311934244,0.12365020733486817,2.0,2.0,2.0,2.0,1.0,4.156751668508319,0.011588629866568619,0.008954928735413082,-0.003548346985128427,-0.003548346985128427,-0.0035483503424051386,0.0002384279781127905,0.00017278854646865293,0.00017278819117165443,0.047619047619047616,1.2709050364086687,0.0,0.0,6.339000555943447e-09,6.361791065920662e-07
O1_s62_DPR_L,DPR_L,96,21,0.18844273049536767,0.0644678704972778,0.12397485999808985,2.0,2.0,2.0,2.0,1.0,3.612959822460132,0.007710829475388128,0.007631732076084239,-0.0019480996623636574,-0.001948099662363657,-0.0019481014834971282,0.00012857875425457152,8.711432084440169e-05,8.71146132335643e-05,0.0,1.3179394438997394,0.0,0.0,5.486214061543782e-09,5.582207280685688e-07
O1_s62_DPR_L,DPR_L,97,21,0.19719227527855504,0.06822170760659944,0.12897056767195558,2.0,2.0,2.0,2.0,1.0,3.8969426665271008,0.007101773044482224,0.009869799122271542,-0.0018285527667922438,-0.0018285527667922443,-0.001828553144917005,0.00015528112644633475,0.00010566282808310158,0.00010566328543229299,0.047619047619047616,1.260902199687057,0.0,0.0,6.71975951621012e-09,5.824677560813445e-07
O1_s62_DPR_L,DPR_L,98,21,0.18451319639151592,0.06229970817055021,0.1222134882209657,2.0,2.0,2.0,2.0,1.0,3.825032196727871,0.0060467829888054755,0.008418194859807441,-0.0017370562505133805,-0.0017370562505133805,-0.0017370563835029077,0.00011252676176638287,7.744893864810997e-05,7.74487823692614e-05,0.047619047619047616,1.2967477766607751,0.0,0.0,5.467633604384751e-09,6.028872738391001e-07
O1_s62_DPR_L,DPR_L,99,21,0.17478072713522186,0.057241088755074,0.11753963838014786,2.0,2.0,2.0,2.0,1.0,3.8650882263126634,0.0033478676556376067,0.00896992973432342,-0.000871740308722409,-0.0008717403087224089,-0.0008717365830656632,6.99333379560183e-05,4.917379501094698e-05,4.917419567940674e-05,0.0,1.271582280568809,0.0,0.0,7.9858471177173e-09,5.829851777616968e-07
O1_s62_DPR_L,DPR_L,100,21,0.17386710096638713,0.05659386834927967,0.11727323261710747,2.0,2.0,2.0,2.0,1.0,3.620150443478675,0.0011296691668302777,0.008706743622773993,-0.0002980753283219736,-0.0002980753283219736,-0.00029807318353793717,2.2000942434433288e-05,1.4860016767726407e-05,1.4862329799350606e-05,0.14285714285714285,1.260564420934471,0.0,0.0,8.706578030709503e-09,5.680622332258122e-07
O2_s62_DPR_U,DPR_U,1,32,0.5788836694444918,0.17756050417665392,0.40132316526783784,2.0,0.0,0.0,0.0,0.0,6.936525251682122,0.22890910994220887,0.0,-0.14828388368901635,-0.14828388368901635,-0.14828388368901635,0.0,0.0,0.0,0.03125,1.0,0.0,0.0,0.0,8.485596919025949e-07
O2_s62_DPR_U,DPR_U,2,32,0.3618159368420839,0.0759297568583861,0.2858861799836978,2.0,0.0,0.0,0.0,0.0,3.4964107022640287,0.09409963138284061,0.0,-0.021034924717181918,-0.021034924717181918,-0.021034924717181918,0.0,0.0,0.0,0.03125,1.0,0.0,0.0,0.0,4.4477388048487366e-07
O2_s62_DPR_U,DPR_U,3,32,0.34296298366557804,0.07585020014084876,0.26711278352472934,2.0,0.0,0.0,0.0,0.0,4.312396378973619,0.10158314613994762,0.0,-0.027336899032578917,-0.027336899032578917,-0.027336899032578917,0.0,0.0,0.0,0.125,1.0,0.0,0.0,0.0,5.383150633368896e-07
O2_s62_DPR_U,DPR_U,4,32,0.3427225994918111,0.07106517546344548,0.2716574240283656,2.0,0.0,0.0,0.0,0.0,3.891239990958525,0.1722610515148839,0.0,-0.05670033216106769,-0.05670033216106769,-0.05670033216106769,0.0,0.0,0.0,0.03125,1.0,0.0,0.0,0.0,5.380375143097387e-07
O2_s62_DPR_U,DPR_U,5,32,0.3358004120952237,0.06940494617447257,0.2663954659207511,2.0,0.0,0.0,0.0,0.0,4.327686463969007,0.10612551277254532,0.0,-0.028115221819410733,-0.028115221819410733,-0.028115221819410733,0.0,0.0,0.0,0.0625,1.0,0.0,0.0,0.0,5.304444237270715e-07
O2_s62_DPR_U,DPR_U,6,32,0.3040704431836941,0.06362500332761556,0.24044543985607864,2.0,0.0,0.0,0.0,0.0,4.386012019823622,0.09170425213286003,0.0,-0.029567463838396185,-0.029567463838396185,-0.029567463838396185,0.0,0.0,0.0,0.09375,1.0,0.0,0.0,0.0,5.371500457739621e-07
O2_s62_DPR_U,DPR_U,7,32,0.2644962947697615,0.057541081798262894,0.20695521297149871,2.0,0.0,0.0,0.0,0.0,3.690207075837735,0.09211952797021643,0.0,-0.023899106479582325,-0.023899106479582325,-0.023899106479582325,0.0,0.0,0.0,0.03125,1.0,0.0,0.0,0.0,4.854310157707113e-07
O2_s62_DPR_U,DPR_U,8,32,0.26231347756635415,0.05893746862420812,0.20337600894214602,2.0,0.0,0.0,0.0,0.0,3.7482341907681533,0.09077035363806782,0.0,-0.0280503030007546,-0.0280503030007546,-0.0280503030007546,0.0,0.0,0.0,0.0625,1.0,0.0,0.0,0.0,4.883474863580285e-07
O2_s62_DPR_U,DPR_U,9,32,0.2643199865085641,0.05791284120641649,0.20640714530214765,2.0,0.0,0.0,0.0,0.0,3.7141566922459868,0.09923538054209195,0.0,-0.030928209944611533,-0.030928209944611533,-0.030928209944611533,0.0,0.0,0.0,0.03125,1.0,0.0,0.0,0.0,4.838334812766164e-07
O2_s62_DPR_U,DPR_U,10,32,0.24622211976974323,0.05444797046948224,0.19177414930026104,2.0,0.0,0.0,0.0,0.0,3.9707512542942136,0.08967782544879671,0.0,-0.02866507979974254,-0.02866507979974254,-0.02866507979974254,0.0,0.0,0.0,0.03125,1.0,0.0,0.0,0.0,5.093725414905886e-07
O2_s62_DPR_U,DPR_U,11,32,0.2459379761477738,0.053762290510348976,0.19217568563742485,2.0,0.0,0.0,0.0,0.0,3.629127543460472,0.09587209945122199,0.0,-0.022790989019380967,-0.022790989019380967,-0.022790989019380967,0.0,0.0,0.0,0.0625,1.0,0.0,0.0,0.0,4.6804855201069236e-07
O2_s62_DPR_U,DPR_U,12,32,0.2298541259587964,0.05252258904511109,0.1773315369136853,2.0,0.0,0.0,0.0,0.0,4.2132231755544165,0.1232139617972431,0.0,-0.028407340985076975,-0.028407340985076975,-0.028407340985076975,0.0,0.0,0.0,0.0,1.0,0.0,0.0,0.0,5.262849778557755e-07
O2_s62_DPR_U,DPR_U,13,32,0.21399937810011166,0.04786982509540394,0.16612955300470775,2.0,0.0,0.0,0.0,0.0,3.5757120857189935,0.08767100976071977,0.0,-0.019651505335752485,-0.019651505335752485,-0.019651505335752485,0.0,0.0,0.0,0.0625,1.0,0.0,0.0,0.0,4.43300489558289e-07
O2_s62_DPR_U,DPR_U,14,32,0.23299712197755632,0.05246183933923021,0.1805352826383261,2.0,0.0,0.0,0.0,0.0,4.028791728880547,0.14626211838614164,0.0,-0.05250056669821823,-0.05250056669821823,-0.05250056669821823,0.0,0.0,0.0,0.03125,1.0,0.0,0.0,0.0,5.57000980314548e-07
O2_s62_DPR_U,DPR_U,15,32,0.23020224233195588,0.04949211800703779,0.1807101243249181,2.0,0.0,0.0,0.0,0.0,3.2310315127594866,0.09412055851094417,0.0,-0.018420438579739944,-0.018420438579739944,-0.018420438579739944,0.0,0.0,0.0,0.0625,1.0,0.0,0.0,0.0,4.3497869706168325e-07
O2_s62_DPR_U,DPR_U,16,32,0.19668697180166642,0.044521955656819046,0.15216501614484737,2.0,0.0,0.0,0.0,0.0,3.66820173076164,0.06998292306161825,0.0,-0.020028414356230116,-0.020028414356230116,-0.020028414356230116,0.0,0.0,0.0,0.0,1.0,0.0,0.0,0.0,4.58031828061388e-07
O2_s62_DPR_U,DPR_U,17,32,0.19071408947199983,0.04077303869416937,0.1499410507778305,2.0,0.0,0.0,0.0,0.0,3.623879129195793,0.06948336474402918,0.0,-0.019768413239121648,-0.019768413239121648,-0.019768413239121648,0.0,0.0,0.0,0.03125,1.0,0.0,0.0,0.0,4.540168106726057e-07
O2_s62_DPR_U,DPR_U,18,32,0.18895176021312446,0.04158317088149488,0.14736858933162958,2.0,0.0,0.0,0.0,0.0,3.359767112046917,0.09203134135112039,0.0,-0.026102141555287006,-0.026102141555287006,-0.026102141555287006,0.0,0.0,0.0,0.03125,1.0,0.0,0.0,0.0,4.7049811323116823e-07
O2_s62_DPR_U,DPR_U,19,32,0.1858174566129504,0.04001050250371918,0.14580695410923122,2.0,0.0,0.0,0.0,0.0,3.837069806751422,0.08287236932809075,0.0,-0.024908399956415393,-0.024908399956415393,-0.024908399956415393,0.0,0.0,0.0,0.03125,1.0,0.0,0.0,0.0,4.939957071610043e-07
O2_s62_DPR_U,DPR_U,20,32,0.1923861037224889,0.043144623981788754,0.14924147974070012,2.0,0.0,0.0,0.0,0.0,3.636964747973723,0.08725358277447763,0.0,-0.023394943499053075,-0.023394943499053075,-0.023394943499053075,0.0,0.0,0.0,0.0,1.0,0.0,0.0,0.0,4.849099198028829e-07
O2_s62_DPR_U,DPR_U,21,32,0.8151527881883126,0.2864837640663609,0.5286690241219516,2.0,1.96875,2.0,2.0,0.050000000000000024,4.831433916437405,0.1382515305010884,0.0011269974232401715,-0.062023210163055995,-0.062023210163055995,-0.062023210931930854,0.004065708797163384,0.003952908113027641,0.0039529085428440655,0.0,1.0181149353626304,0.0,0.0,7.67588536638882e-09,6.791617832344037e-07
O2_s62_DPR_U,DPR_U,22,32,0.653529627969164,0.19695610622875392,0.45657352174041016,2.0,1.96875,2.0,2.0,0.10000000000000005,3.55702483153025,0.09330195921102843,0.001889843079243572,-0.029876686170294948,-0.029876686170294948,-0.0298766836552108,0.0025439301762042402,0.0024120752776539706,0.0024120751187737756,0.09375,1.0378881967419635,0.0,0.0,7.938774891181802e-09,4.838850202780945e-07
O2_s62_DPR_U,DPR_U,23,32,0.6153487502645253,0.16712631925474852,0.44822243100977666,2.0,1.96875,2.0,2.0,0.15000000000000002,3.811908351659887,0.13474811460540936,0.0016866777797221934,-0.037714185135226154,-0.037714185135226154,-0.03771418366567058,0.002300490909189597,0.0021316463653955056,0.0021316462111328175,0.09375,1.0529323137059918,0.0,0.0,8.762426737918053e-09,5.202382545897237e-07
O2_s62_DPR_U,DPR_U,24,32,0.6488072757839237,0.17733943415805697,0.4714678416258669,2.0,1.96875,2.0,2.0,0.2000000000000001,4.581378472890904,0.09084770158773452,0.002533128637197438,-0.028031926359067566,-0.028031926359067566,-0.02803192539554263,0.0017938106205158018,0.0016341429560261665,0.0016341433827073131,0.09375,1.0734020032158356,0.0,0.0,9.488392769786664e-09,5.435138983673152e-07
O2_s62_DPR_U,DPR_U,25,32,0.6286060340701739,0.17311210907064378,0.4554939249995303,2.0,1.96875,2.0,2.0,0.25,4.792577833171679,0.09866981109111227,0.003861497559836107,-0.03418644561500108,-0.034186445615001074,-0.034186443754617456,0.002321714283116843,0.0020399750646650935,0.0020399750875913594,0.03125,1.087621957985586,0.0,0.0,7.321512788981846e-09,5.7250295316909e-07
O2_s62_DPR_U,DPR_U,26,32,0.5729068403852107,0.15529718273319304,0.4176096576520177,2.0,1.96875,2.0,2.0,0.30000000000000004,4.379445643089711,0.11581559721326483,0.0034554050059550905,-0.03612348895962915,-0.036123488959629156,-0.0361234926582312,0.0021308829501988143,0.0018546103103340486,0.001854610020204336,0.0625,1.0853052052188774,0.0,0.0,8.659815389374041e-09,5.684628164148731e-07
O2_s62_DPR_U,DPR_U,27,32,0.628661108080754,0.17905559297651052,0.4496055151042434,2.0,1.96875,2.0,2.0,0.3499999999999998,5.202246230697558,0.09924182685746259,0.0053389115504068555,-0.046923859905366384,-0.046923859905366384,-0.046923856274813776,0.0025122729375425066,0.002124247265072943,0.002124247461571239,0.0625,1.0993664281509887,0.0,0.0,1.0547506714633026e-08,6.665642304517896e-07
O2_s62_DPR_U,DPR_U,28,32,0.5664464998016638,0.15526615746784955,0.41118034233381406,2.0,1.96875,2.0,2.0,0.4000000000000002,6.164864440747201,0.08760505555313226,0.007042827077485333,-0.04264953904620642,-0.04264953904620642,-0.042649542746944824,0.0025281172510687724,0.00208422840909177,0.0020842282791161547,0.09375,1.1197739637269986,0.0,0.0,1.5481063294620223e-08,6.66406269085276e-07
O2_s62_DPR_U,DPR_U,29,32,0.5840381294131997,0.1567570740589872,0.42728105535421257,2.0,1.96875,2.0,2.0,0.44999999999999973,4.577392952338774,0.09707687163361209,0.005515683579193163,-0.03092335508211269,-0.03092335508211269,-0.030923353903742734,0.002046664942382577,0.0016572952199477337,0.0016572956957461552,0.03125,1.1417090523407198,0.0,0.0,7.576272601467275e-09,6.020120420875411e-07
O2_s62_DPR_U,DPR_U,30,32,0.4980232503897036,0.12818464380688965,0.3698386065828139,2.0,1.96875,2.0,2.0,0.5,3.977966154612877,0.07877932095287893,0.005515258335810804,-0.023783551128175123,-0.023783551128175123,-0.023783552311633774,0.0015650085502101746,0.0012631099885276188,0.0012631101343659838,0.03125,1.1415815019199138,0.0,0.0,8.36119686415378e-09,5.322301538161377e-07
O2_s62_DPR_U,DPR_U,31,32,0.4654844516638021,0.12641419866122305,0.3390702530025791,2.0,1.96875,2.0,2.0,0.5500000000000003,4.021453451874301,0.08538991601401767,0.005411365733017279,-0.03517492022208223,-0.03517492022208223,-0.035174919838317,0.0014965183306735325,0.0011825074076511285,0.0011825082541360526,0.03125,1.1728733428632705,0.0,0.0,6.605667305504187e-09,5.862074389391089e-07
O2_s62_DPR_U,DPR_U,32,32,0.523065588668134,0.1410038077738136,0.38206178089432036,2.0,1.96875,2.0,2.0,0.6000000000000001,3.9186945382419736,0.08375134264032252,0.006291512711438636,-0.021269539435045948,-0.021269539435045948,-0.021269537274168835,0.001689247420134871,0.001312400308774047,0.001312400498248327,0.0625,1.187848887930928,0.0,0.0,5.747171113436879e-09,5.307988729035605e-07
O2_s62_DPR_U,DPR_U,33,32,0.49736746005954574,0.13854791031917557,0.35881954974037017,2.0,1.96875,2.0,2.0,0.6499999999999998,4.1198354816535385,0.09031441315101747,0.007054868096681519,-0.03067459093944279,-0.030674590939442796,-0.030674592493147308,0.0018798963760791197,0.0014114013016674515,0.0014114011314781416,0.0,1.192542491660318,0.0,0.0,7.1586824168444705e-09,5.832073853679992e-07
O2_s62_DPR_U,DPR_U,34,32,0.4174810870683529,0.10641559783834964,0.3110654892300032,2.0,1.96875,2.0,2.0,0.6999999999999996,3.4703257824421434,0.06811292695260378,0.008313173070463377,-0.020698023134255065,-0.020698023134255065,-0.020698023469247425,0.0016021021337520528,0.0011957385614819833,0.0011957391441595364,0.03125,1.202933466253021,0.0,0.0,4.700770964127357e-09,4.87042063170565e-07
O2_s62_DPR_U,DPR_U,35,32,0.5187377073059513,0.14676149596925825,0.371976211336693,2.0,1.96875,2.0,2.0,0.75,4.95013698966208,0.08919546325217334,0.009086958988635416,-0.035765577356639405,-0.035765577356639405,-0.03576557527864096,0.0020476810430777766,0.0014798077419283459,0.0014798080087657908,0.03125,1.2448155038777438,0.0,0.0,9.115606592171401e-09,6.693442272460859e-07
O2_s62_DPR_U,DPR_U,36,32,0.4428449950311107,0.11970546864904463,0.323139526382066,2.0,1.96875,2.0,2.0,0.8000000000000004,4.408816617003147,0.07883047389557804,0.008302267336327575,-0.029824262973672876,-0.02982426297367288,-0.029824263336254136,0.0016115717566426368,0.0011583076759808695,0.0011583079949606338,0.03125,1.2175748705225362,0.0,0.0,7.863623752820258e-09,6.12868051244045e-07
O2_s62_DPR_U,DPR_U,37,32,0.4655118537488198,0.12979467469267547,0.3357171790561443,2.0,1.96875,2.0,2.0,0.8500000000000004,3.6168969562920235,0.06986149356971844,0.00727784042915625,-0.01991013749751839,-0.01991013749751839,-0.019910138553712604,0.001274537982122189,0.0009281089218463167,0.0009281089694559094,0.0,1.2299886587002395,0.0,0.0,7.416461114076964e-09,5.375811189814815e-07
O2_s62_DPR_U,DPR_U,38,32,0.4301393551172457,0.11449118703603745,0.31564816808120816,2.0,1.96875,2.0,2.0,0.8999999999999995,3.851350422944461,0.0728087789561025,0.00880557511214636,-0.025166488507884017,-0.025166488507884017,-0.025166491201828928,0.0014917346666575878,0.001066639475951856,0.0010666397153411,0.03125,1.231468776733616,0.0,0.0,8.281324711791479e-09,5.614415463298718e-07
O2_s62_DPR_U,DPR_U,39,32,0.439786023585137,0.122527907602489,0.31725811598264797,2.0,1.96875,2.0,2.0,0.9499999999999995,4.967500087667636,0.07808215076610339,0.01055254587428027,-0.03653556197625974,-0.03653556197625974,-0.0365355619036082,0.001740103551406575,0.0012194881370129705,0.0012194873547998818,0.03125,1.2548101109571392,0.0,0.0,7.062962028589039e-09,6.602726018830786e-07
O2_s62_DPR_U,DPR_U,40,32,0.43265840256537247,0.1151279000332579,0.3175305025321147,2.0,1.96875,2.0,2.0,1.0,3.967908569527139,0.07513091823463144,0.013171416751673819,-0.027933597589477915,-0.027933597589477912,-0.027933595043791476,0.0020729520742707604,0.0013593445960776761,0.00135934460529088,0.0,1.283694957564786,0.0,0.0,5.606191282846716e-09,5.88544025524855e-07
O2_s62_DPR_U,DPR_U,41,32,0.4313303835182288,0.12094245722983032,0.3103879262883985,2.0,1.96875,2.0,2.0,1.0,3.9429632487338595,0.06866949352491356,0.010957405586171162,-0.02301992986904826,-0.02301992986904826,-0.02301992974381855,0.0016142039666261344,0.0010735860731970216,0.0010735858329659258,0.0,1.2583847224160185,0.0,0.0,8.377479830250005e-09,5.678635716369453e-07
O2_s62_DPR_U,DPR_U,42,32,0.41290827668345315,0.10854601382743567,0.3043622628560175,2.0,1.96875,2.0,2.0,1.0,4.297738247640243,0.0808966145754193,0.009030314159201002,-0.03283505698177193,-0.03283505698177193,-0.03283505892730035,0.0015838648118912928,0.0010909106894770797,0.0010909103514571952,0.03125,1.2725193171458296,0.0,0.0,9.66024628225487e-09,6.229187916813263e-07
O2_s62_DPR_U,DPR_U,43,32,0.40447516890734125,0.11096881015691906,0.29350635875042225,2.0,1.96875,2.0,2.0,1.0,3.9592850555444024,0.08518801379195456,0.008995895090421384,-0.02985055655859269,-0.02985055655859269,-0.029850554330730316,0.0016523195708290483,0.0011227075033953028,0.0011227078866837212,0.0625,1.2380385822755822,0.0,0.0,6.583630539640187e-09,5.989783305709343e-07
O2_s62_DPR_U,DPR_U,44,32,0.46550864889843946,0.13310456136241555,0.332404087536024,2.0,1.96875,2.0,2.0,1.0,4.299321304532203,0.09327350672826484,0.011034287175731124,-0.03803412391272866,-0.03803412391272866,-0.038034125380177634,0.0022456391259960276,0.001469769026317696,0.0014697691822310726,0.03125,1.3095326725129754,0.0,0.0,7.686121008139466e-09,6.728268474721768e-07
O2_s62_DPR_U,DPR_U,45,32,0.38344077186237346,0.0973611370427534,0.2860796348196201,2.0,1.96875,2.0,2.0,1.0,4.066780745671697,0.06615311673081667,0.008652365244998309,-0.020872164884613312,-0.02087216488461331,-0.020872163993221653,0.0012718205179090558,0.0008921203938121184,0.0008921201536476,0.03125,1.245146009193376,0.0,0.0,6.750132120451083e-09,5.73019873479349e-07
O2_s62_DPR_U,DPR_U,46,32,0.4227995180435382,0.11342700419481844,0.30937251384871955,2.0,1.96875,2.0,2.0,1.0,3.982113633972793,0.059243022336140545,0.00866824202159257,-0.021552532535859075,-0.02155253253585907,-0.02155253220943202,0.0011055305546031828,0.0007438117250931263,0.000743811864039398,0.0,1.2876152476506089,0.0,0.0,7.847829848451092e-09,5.93506703555316e-07
O2_s62_DPR_U,DPR_U,47,32,0.43829379149644493,0.11910322215408087,0.31919056934236395,2.0,1.96875,2.0,2.0,1.0,4.072352395234149,0.07720815222188405,0.009045580269465303,-0.02605498333969175,-0.026054983339691747,-0.02605498225549557,0.0014892336168977286,0.0010268951454823426,0.0010268951366970308,0.03125,1.2918107571371615,0.0,0.0,7.676063500239711e-09,5.876400158877129e-07
O2_s62_DPR_U,DPR_U,48,32,0.38270010553366784,0.09918430401012301,0.28351580152354494,2.0,1.96875,2.0,2.0,1.0,3.968662151804926,0.0634504276753247,0.00990647103701735,-0.024381747932795197,-0.024381747932795197,-0.024381748476713424,0.001353140187493412,0.0008816689160773983,0.0008816692982148773,0.03125,1.3443412389043987,0.0,0.0,8.849443075423898e-09,5.852250020921381e-07
O2_s62_DPR_U,DPR_U,49,32,0.35965078549737617,0.09474495722679421,0.26490582827058184,2.0,1.96875,2.0,2.0,1.0,3.900027881996751,0.06547703963006835,0.009313561399210333,-0.023107355260700818,-0.023107355260700818,-0.023107357023317947,0.001305751789945319,0.0008763125052841181,0.0008763126152652762,0.03125,1.2192009282886376,0.0,0.0,9.287821069591667e-09,5.818285173911213e-07
O2_s62_DPR_U,DPR_U,50,32,0.41456575551649877,0.11556859267875552,0.29899716283774325,2.0,1.96875,2.0,2.0,1.0,4.581083982145367,0.05854260916705103,0.011222939439939308,-0.022750472636649845,-0.022750472636649845,-0.02275047201611987,0.0013956219873597028,0.0009497702344039239,0.0009497702610755771,0.03125,1.302711539735264,0.0,0.0,8.567286326914958e-09,6.371504202609827e-07
O2_s62_DPR_U,DPR_U,51,32,0.3863191632651653,0.10202739795204252,0.2842917653131228,2.0,1.96875,2.0,2.0,1.0,3.705693517407518,0.055293113252275594,0.0074590478402207705,-0.017772775036229458,-0.017772775036229458,-0.017772774753167173,0.0008472612281220966,0.000585295673285181,0.0005852952626549228,0.0,1.2556112267970247,0.0,0.0,7.61576144750186e-09,5.744719432699488e-07
O2_s62_DPR_U,DPR_U,52,32,0.36666194478438047,0.0999590310966596,0.266702913687721,2.0,1.96875,2.0,2.0,1.0,3.3594135002348633,0.05064562160698461,0.012309577598348512,-0.016589374178222507,-0.016589374178222507,-0.01658937689003009,0.0013356191679181736,0.0009053734808909899,0.0009053735050761285,0.0,1.2944584111529707,0.0,0.0,6.577269703880094e-09,5.214337980469448e-07
O2_s62_DPR_U,DPR_U,53,32,0.3626155051241482,0.10150916513521224,0.2611063399889359,2.0,1.96875,2.0,2.0,1.0,4.747826733121019,0.061903256514411045,0.0085161924261658,-0.03602952038923098,-0.03602952038923099,-0.036029518672728925,0.001173147287739102,0.0008193622381600847,0.0008193619167687862,0.0625,1.2861274773835074,0.0,0.0,8.916760220373597e-09,6.789874115312963e-07
O2_s62_DPR_U,DPR_U,54,32,0.4150094585430023,0.11453107208944857,0.3004783864535538,2.0,1.96875,2.0,2.0,1.0,4.636589410315342,0.09818788122065968,0.006381123104069376,-0.03206102279627343,-0.03206102279627343,-0.03206102226442667,0.0012494412789885766,0.0008127086398943687,0.0008127084887247397,0.0625,1.322361719364376,0.0,0.0,1.043661498089432e-08,6.960252157123676e-07
O2_s62_DPR_U,DPR_U,55,32,0.4256571851396124,0.12111948651727289,0.3045376986223396,2.0,1.96875,2.0,2.0,1.0,3.6002359406238313,0.06404523799984399,0.007617484417707229,-0.016132442065444997,-0.016132442065444993,-0.01613244128220162,0.0010506306565077487,0.0007154497654021805,0.0007154498541494292,0.0625,1.2338728997122634,0.0,0.0,6.788119694752361e-09,5.463144469676304e-07
O2_s62_DPR_U,DPR_U,56,32,0.4075872848349605,0.10436184605350718,0.30322543878145336,2.0,1.96875,2.0,2.0,1.0,4.28553099062722,0.06005597276871375,0.008729359548675496,-0.02180182491370878,-0.02180182491370878,-0.021801827348308916,0.0011854896584948835,0.0008214301497754249,0.0008214304631134055,0.0,1.2821684983984092,0.0,0.0,8.069167163894385e-09,6.315847987766901e-07
O2_s62_DPR_U,DPR_U,57,32,0.38453228679737306,0.10081098391674459,0.28372130288062847,2.0,1.96875,2.0,2.0,1.0,4.030057372069174,0.05489817212369952,0.0075047260156160325,-0.019255247443581616,-0.019255247443581616,-0.019255247050650286,0.000921087578526686,0.000632975031228948,0.0006329750118172992,0.0,1.2974879735252287,0.0,0.0,6.576817272299974e-09,6.210016345163821e-07
O2_s62_DPR_U,DPR_U,58,32,0.36045297095551887,0.09595583844929934,0.26449713250621953,2.0,1.96875,2.0,2.0,1.0,3.675409638308797,0.04996638050244417,0.009241285805100884,-0.017095917691734856,-0.01709591769173486,-0.017095919171580556,0.0009963078199246582,0.0006709541281770187,0.0006709541246668279,0.0,1.3015417510005367,0.0,0.0,6.537466828440214e-09,5.711682934560148e-07
O2_s62_DPR_U,DPR_U,59,32,0.35548019358457245,0.08938312705140561,0.2660970665331669,2.0,1.96875,2.0,2.0,1.0,4.587159967450216,0.047949009708432376,0.010098741131751889,-0.030986524913514484,-0.030986524913514488,-0.030986522022945096,0.001078410731752327,0.0007209691546961384,0.0007209693306282211,0.0,1.2985884585135337,0.0,0.0,1.1578676131239023e-08,7.018131353374344e-07
O2_s62_DPR_U,DPR_U,60,32,0.4163354677485277,0.11178173532243818,0.3045537324260895,2.0,1.96875,2.0,2.0,1.0,3.9864042982338956,0.05118309376764264,0.013578346585651949,-0.019034685398119543,-0.019034685398119543,-0.019034684849354593,0.001534208587097785,0.0010381030104953876,0.0010381032877250177,0.09375,1.2268210744067816,0.0,0.0,6.868081333733036e-09,6.258035408497604e-07
O2_s62_DPR_U,DPR_U,61,32,0.3723445161951695,0.10411821864545345,0.26822629754971605,2.0,1.96875,2.0,2.0,1.0,3.6627903189808926,0.0467628695227862,0.01007856198605873,-0.016402338129079052,-0.016402338129079052,-0.016402340020461065,0.0010540914413042562,0.0007309816193860697,0.0007309813962261071,0.0,1.3001053476038027,0.0,0.0,6.782782881500093e-09,5.919901196355742e-07
O2_s62_DPR_U,DPR_U,62,32,0.3789104911784466,0.09793359378818423,0.2809768973902624,2.0,1.96875,2.0,2.0,1.0,3.5369279533207636,0.04633798529407032,0.008205769357977405,-0.016890694181065893,-0.016890694181065893,-0.016890695114104775,0.000827377328584504,0.0005690207114188645,0.0005690208800109975,0.0625,1.2766843423870704,0.0,0.0,7.823660678750267e-09,5.71636285362174e-07
O2_s62_DPR_U,DPR_U,63,32,0.3895179516144791,0.10666197456885129,0.28285597704562787,2.0,1.96875,2.0,2.0,1.0,4.694552137736359,0.05871004533124146,0.009846400209057443,-0.026366781398450258,-0.026366781398450258,-0.026366782290078675,0.001293025591300521,0.0008960168572532532,0.0008960164914978119,0.03125,1.2665559182772428,0.0,0.0,8.430687846702638e-09,7.263973050638849e-07
O2_s62_DPR_U,DPR_U,64,32,0.365672516835624,0.09379987831925973,0.2718726385163643,2.0,1.96875,2.0,2.0,1.0,4.054924612536341,0.06199708949289249,0.007139456670982619,-0.019534345236476097,-0.019534345236476097,-0.01953434982771675,0.000976410811010884,0.0006465185603544372,0.0006465187064157566,0.09375,1.2824500098028877,0.0,0.0,8.704994741798383e-09,6.546064706569739e-07
O2_s62_DPR_U,DPR_U,65,32,0.37610540195600917,0.09630875708535314,0.27979664487065603,2.0,1.96875,2.0,2.0,1.0,4.454607812164577,0.05654765251215561,0.008068184217406656,-0.020735749259704526,-0.020735749259704526,-0.020735750453305776,0.0009935270409111418,0.000668236494567831,0.0006682363378073318,0.0625,1.2904002876965963,0.0,0.0,1.2540629532695352e-08,6.954885915513662e-07
O2_s62_DPR_U,DPR_U,66,32,0.34374700414482345,0.09235633187927306,0.25139067226555023,2.0,1.96875,2.0,2.0,1.0,4.264157354719973,0.04716084709126454,0.012223618240627334,-0.018538875251598447,-0.018538875251598447,-0.0185388768596174,0.0012364293682820898,0.0008488206744231074,0.0008488205384959559,0.09375,1.24408271195107,0.0,0.0,6.886337386588379e-09,6.308964719332863e-07
O2_s62_DPR_U,DPR_U,67,32,0.36866640733041683,0.10135445592459291,0.26731195140582387,2.0,1.96875,2.0,2.0,1.0,4.007705148506846,0.041490717267253806,0.010864105087646939,-0.015615523732080179,-0.015615523732080182,-0.015615524073852124,0.0010075046948070235,0.0007142633743500751,0.0007142634753065682,0.0,1.2751593051891386,0.0,0.0,6.355943365671031e-09,6.223192838466653e-07
O2_s62_DPR_U,DPR_U,68,32,0.3296323584374488,0.0815325002768077,0.24809985816064103,2.0,1.96875,2.0,2.0,1.0,4.184443680523,0.04656084817503056,0.012066254238155584,-0.017955021960566742,-0.017955021960566742,-0.017955024559730314,0.0011861995976641068,0.0007742326469318698,0.0007742328210587687,0.03125,1.2309052019159514,0.0,0.0,8.323155294268333e-09,6.434290575212172e-07
O2_s62_DPR_U,DPR_U,69,32,0.34908029754161274,0.09414598590228707,0.2549343116393257,2.0,1.96875,2.0,2.0,1.0,5.01379002313125,0.04069810497438351,0.011841371351048843,-0.019701220289850517,-0.019701220289850517,-0.0197012226768398,0.0010275262144058136,0.0006701429355450553,0.000670143413295647,0.0,1.2720755459742878,0.0,0.0,9.155280158227596e-09,7.191393109997224e-07
O2_s62_DPR_U,DPR_U,70,32,0.37108882476043326,0.09606618515681475,0.2750226396036184,2.0,1.96875,2.0,2.0,1.0,5.276266187209192,0.04997627343139074,0.01370776828808632,-0.02537517307453301,-0.02537517307453301,-0.025375174392952393,0.0014375344055300792,0.0009753373432414146,0.0009753370880258475,0.0,1.2918915115565286,0.0,0.0,9.448557984518149e-09,7.994131596582239e-07
O2_s62_DPR_U,DPR_U,71,32,0.31509014308911126,0.07984002877492458,0.2352501143141867,2.0,1.96875,2.0,2.0,1.0,3.666433079279145,0.04052949083996156,0.007969718240000395,-0.012247463106589014,-0.012247463106589014,-0.012247461128220474,0.0007030803153722259,0.00046862035015698424,0.0004686203489927937,0.0,1.2900278599168546,0.0,0.0,7.07697809383444e-09,5.861482502823921e-07
O2_s62_DPR_U,DPR_U,72,32,0.31911735333760344,0.08684704138431698,0.2322703119532865,2.0,1.96875,2.0,2.0,1.0,4.63984953829099,0.0381288912984128,0.008331901609271237,-0.015676346080917468,-0.015676346080917468,-0.01567634405054407,0.0006772253929596593,0.0004489984860858601,0.00044899811648084796,0.03125,1.26896825814763,0.0,0.0,1.0045113319579945e-08,6.802505889441142e-07
O2_s62_DPR_U,DPR_U,73,32,0.3171018370397625,0.08768061536829919,0.22942122167146328,2.0,1.96875,2.0,2.0,1.0,3.9430823199462863,0.0361697842858161,0.01149625386372547,-0.013124709400837698,-0.013124709400837702,-0.01312471077253293,0.000892742957623972,0.0006019075312347385,0.0006019071543271299,0.03125,1.3031041670344756,0.0,0.0,8.616945151973976e-09,6.343619429617614e-07
O2_s62_DPR_U,DPR_U,74,32,0.3544493819374553,0.09256783593446016,0.2618815460029952,2.0,1.96875,2.0,2.0,1.0,4.395739207560781,0.040053680282750546,0.009380461885540491,-0.017156692308416415,-0.01715669230841642,-0.01715669457896566,0.0007905922225511607,0.0005462702275259577,0.0005462705452364552,0.0625,1.25756898368363,0.0,0.0,7.537753608049818e-09,7.100569385370418e-07
O2_s62_DPR_U,DPR_U,75,32,0.3288883371323089,0.08189751312602311,0.24699082400628564,2.0,1.96875,2.0,2.0,1.0,3.6120181880942006,0.04313326432312757,0.009791210512670399,-0.014465422864081184,-0.014465422864081184,-0.014465424446174397,0.0009186854309810706,0.0006106920465012526,0.0006106917769804744,0.0625,1.2559275416209708,0.0,0.0,7.170386268680494e-09,6.228371055231049e-07
O2_s62_DPR_U,DPR_U,76,32,0.3221079343629125,0.0824299268424511,0.2396780075204614,2.0,1.96875,2.0,2.0,1.0,4.331873423995528,0.03823222829728237,0.008661004207685584,-0.015179929471198238,-0.015179929471198237,-0.015179928625052663,0.0007217027884542062,0.00048575568978238983,0.0004857555907955079,0.0,1.2161111182280875,0.0,0.0,7.266081379342663e-09,6.501607247752143e-07
O2_s62_DPR_U,DPR_U,77,32,0.32404063044510767,0.08346010564127937,0.24058052480382822,2.0,1.96875,2.0,2.0,1.0,4.441685218449264,0.038967108816462655,0.009417740775437985,-0.017222435938121405,-0.017222435938121405,-0.01722243809658837,0.0007839272036195027,0.0005199915275629433,0.0005199912905926783,0.09375,1.2238894198079386,0.0,0.0,8.554630320849217e-09,7.144363011056528e-07
O2_s62_DPR_U,DPR_U,78,32,0.3185215362765117,0.08099572960054502,0.2375258066759668,2.0,1.96875,2.0,2.0,1.0,3.4181150629846413,0.03292241007573939,0.01013163596577865,-0.010362318964498875,-0.010362318964498875,-0.010362318403128151,0.0007368651020822493,0.0005032904894119769,0.0005032906862698827,0.0,1.2408558026413758,0.0,0.0,6.232044236631968e-09,5.733097288192323e-07
O2_s62_DPR_U,DPR_U,79,32,0.34106503242390307,0.08808572293492034,0.2529793094889826,2.0,1.96875,2.0,2.0,1.0,4.365186622356067,0.04161687805130402,0.009003081651556244,-0.014543698428021555,-0.014543698428021553,-0.014543696866296637,0.0008160720167395187,0.0005588593051820991,0.0005588589776308184,0.0625,1.2404578431201725,0.0,0.0,7.990130023193786e-09,7.112913749160118e-07
O2_s62_DPR_U,DPR_U,80,32,0.35134496043782004,0.09401166415773332,0.25733329628008667,2.0,1.96875,2.0,2.0,1.0,4.6385085646978705,0.03382490414997626,0.00871107639022023,-0.012398475246081272,-0.01239847524608127,-0.01239847257366625,0.0006459287166761834,0.00044027192827470504,0.0004402722386843659,0.0625,1.3182555008805723,0.0,0.0,1.220719426946468e-08,6.980600251111884e-07
O2_s62_DPR_U,DPR_U,81,32,0.2836936593383687,0.07101097359554842,0.21268268574282026,2.0,1.96875,2.0,2.0,1.0,4.029895814993201,0.028835199619866036,0.010628343335410835,-0.01040410258003605,-0.01040410258003605,-0.010404102201511393,0.0006405652687724432,0.0004337469509914386,0.0004337470618582613,0.0625,1.2510638904784768,0.0,0.0,7.24364519267402e-09,6.171366748126725e-07
O2_s62_DPR_U,DPR_U,82,32,0.2692078885360041,0.06811978458426893,0.20108810395173518,2.0,1.96875,2.0,2.0,1.0,3.7163392319242847,0.032558995410398535,0.007363534576038658,-0.008529986831023257,-0.008529986831023259,-0.008529986541146216,0.0005073692853338575,0.00034188410079558903,0.00034188456560044206,0.03125,1.2427471900674203,0.0,0.0,7.017360103809097e-09,6.066570229747197e-07
O2_s62_DPR_U,DPR_U,83,32,0.32797882468883605,0.08698814164381474,0.2409906830450213,2.0,1.96875,2.0,2.0,1.0,4.066921122581383,0.03221556169303371,0.008718566638878909,-0.013433626247904359,-0.013433626247904359,-0.013433624254437273,0.0006270504601324353,0.00041789174627696334,0.0004178915629747899,0.0,1.2823773575038553,0.0,0.0,9.444921498207102e-09,6.914262520250911e-07
O2_s62_DPR_U,DPR_U,84,32,0.3184205682781158,0.08478498610202223,0.2336355821760936,2.0,1.96875,2.0,2.0,1.0,3.5433596160095653,0.027471693083438168,0.00872741923825557,-0.008001999385992258,-0.008001999385992258,-0.008001999620205159,0.0005207601792847707,0.0003487236658776123,0.00034872379958594227,0.03125,1.2955690502693646,0.0,0.0,6.621089403432909e-09,6.100716671412908e-07
O2_s62_DPR_U,DPR_U,85,32,0.2780760833850042,0.06792480673175305,0.2101512766532512,2.0,1.96875,2.0,2.0,1.0,3.9080234211346183,0.023121855203422678,0.009741982526055149,-0.010339260591722688,-0.010339260591722688,-0.01033926103167723,0.0004752544292021804,0.00031457833577139326,0.0003145784683075102,0.03125,1.2734415644942945,0.0,0.0,8.099875862179494e-09,6.322086387442406e-07
O2_s62_DPR_U,DPR_U,86,32,0.26839378638989875,0.06831245200010017,0.20008133438979864,2.0,1.96875,2.0,2.0,1.0,3.82950497481016,0.02356654855246461,0.009897768472238212,-0.009345557593390593,-0.009345557593390593,-0.009345561444846998,0.0004987533936958774,0.00033786946001751114,0.00033786995988776874,0.03125,1.2195463910800937,0.0,0.0,7.710229776335363e-09,6.497440548648461e-07
O2_s62_DPR_U,DPR_U,87,32,0.2924629352056469,0.07493946549948305,0.21752346970616393,2.0,1.96875,2.0,2.0,1.0,4.134592911242509,0.02088370368110689,0.009150157298024535,-0.007961976401876143,-0.007961976401876143,-0.007961973927426801,0.0004314601920280781,0.0002892987221335447,0.00028929873277443185,0.09375,1.2441379251339335,0.0,0.0,6.843938561778838e-09,6.951761722874283e-07
O2_s62_DPR_U,DPR_U,88,32,0.30703842538428366,0.08345266210380942,0.22358576328047425,2.0,1.96875,2.0,2.0,1.0,4.85683666621892,0.0225218635774828,0.011021148503140609,-0.012455987056429698,-0.012455987056429698,-0.012455989389118884,0.000543444002950628,0.00035789466064837627,0.0003578947442450483,0.0,1.2742853776397436,0.0,0.0,8.637223466805973e-09,7.53660857120811e-07
O2_s62_DPR_U,DPR_U,89,32,0.3001135221755566,0.07185440178727731,0.2282591203882793,2.0,1.96875,2.0,2.0,1.0,4.231800939209573,0.02029565786827065,0.010124029701358587,-0.008338750273668703,-0.008338750273668703,-0.008338750954581444,0.00045896558156630323,0.0003056439186865505,0.0003056435246334137,0.03125,1.3017994471706102,0.0,0.0,9.109027953168036e-09,7.13755809642045e-07
O2_s62_DPR_U,DPR_U,90,32,0.2888394986898,0.07430119818309322,0.2145383005067068,2.0,1.96875,2.0,2.0,1.0,3.4949039684133787,0.01688576005685187,0.00977406060285543,-0.004917993950876354,-0.004917993950876354,-0.0049179944405998545,0.00034428098199572397,0.00022837971997298476,0.00022837954789980936,0.03125,1.2898351381091124,0.0,0.0,7.926602952793447e-09,5.929931438096803e-07
O2_s62_DPR_U,DPR_U,91,32,0.24625507810667213,0.06253922154428437,0.18371585656238776,2.0,1.96875,2.0,2.0,1.0,3.2959684709441537,0.013937574207801083,0.009911935260736485,-0.00421450637083421,-0.0042145063708342095,-0.0042145068142561155,0.0002958768995093025,0.000200420122681353,0.00020041963809565633,0.03125,1.2714506468777793,0.0,0.0,7.63911015717924e-09,5.658205796462753e-07
O2_s62_DPR_U,DPR_U,92,32,0.2775848813248102,0.07200473133707419,0.205580149987736,2.0,1.96875,2.0,2.0,1.0,3.817484255268996,0.013273180574501534,0.008660583983828228,-0.004234680539647244,-0.004234680539647244,-0.004234679933942633,0.00023682321451499728,0.00015621005949819782,0.00015621002068646667,0.0,1.2145596022893472,0.0,0.0,7.379857574538512e-09,6.31236641301886e-07
O2_s62_DPR_U,DPR_U,93,32,0.26095000004361907,0.06501015298999846,0.1959398470536206,2.0,1.96875,2.0,2.0,1.0,3.7007006291061795,0.012413473587193937,0.01379595997081555,-0.004955196347514957,-0.004955196347514957,-0.004955196939968284,0.000358634781112521,0.00023377894381448641,0.00023377876190206867,0.03125,1.2527485868429529,0.0,0.0,6.987079562639111e-09,6.525273215369955e-07
O2_s62_DPR_U,DPR_U,94,32,0.2661319119795684,0.06948561780154705,0.19664629417802146,2.0,1.96875,2.0,2.0,1.0,3.842949853024704,0.011357847600069018,0.0090721377356288,-0.005688862289252169,-0.00568886228925217,-0.005688862439411165,0.00022746844485142857,0.00015430952890212025,0.00015430974146642907,0.0625,1.2844005716978193,0.0,0.0,6.276514575152963e-09,6.7377041312614e-07
O2_s62_DPR_U,DPR_U,95,32,0.27988175301278656,0.0667115913820453,0.2131701616307413,2.0,1.96875,2.0,2.0,1.0,3.9552242858458935,0.00998668475436158,0.008930096183588294,-0.003861655964465548,-0.0038616559644655485,-0.0038616566042885825,0.0001946150323698972,0.00013082476885140657,0.00013082484262898222,0.03125,1.2664949868921673,0.0,0.0,4.99972568874509e-09,6.768839952780214e-07
O2_s62_DPR_U,DPR_U,96,32,0.24727674924475038,0.05978329875506461,0.18749345048968577,2.0,1.96875,2.0,2.0,1.0,3.9467369850828877,0.007903094209455707,0.010314310989891431,-0.003098306698315835,-0.003098306698315835,-0.003098307131360642,0.0001748023752969572,0.00011353931082494977,0.00011353916469768943,0.0,1.2706560460196756,0.0,0.0,7.50008422197192e-09,6.64415606680785e-07
O2_s62_DPR_U,DPR_U,97,32,0.24200301203616506,0.059399444551672786,0.18260356748449227,2.0,1.96875,2.0,2.0,1.0,3.2678728436967925,0.0059885313916652715,0.007877799797286117,-0.001618192847197311,-0.001618192847197311,-0.0016181925046089359,0.00010132539392734675,7.029252999986414e-05,7.029319910885768e-05,0.0625,1.3273154421974827,0.0,0.0,5.692739671943135e-09,5.424765533854935e-07
O2_s62_DPR_U,DPR_U,98,32,0.2739221724063681,0.06810410716570914,0.205818065240659,2.0,1.96875,2.0,2.0,1.0,3.941261998222747,0.004612255072390965,0.010751446561899513,-0.0019299609818540539,-0.0019299609818540539,-0.0019299580836652276,0.00010720291037415552,7.022934281123342e-05,7.022960337279146e-05,0.0625,1.276625077664656,0.0,0.0,5.8108652614387556e-09,6.598048254525896e-07
O2_s62_DPR_U,DPR_U,99,32,0.2794042495006753,0.07094164384761825,0.20846260565305708,2.0,1.96875,2.0,2.0,1.0,3.6952118392659012,0.0029192895837254523,0.010052130261262508,-0.0010104070408698755,-0.0010104070408698755,-0.001010406110098936,6.42168386620388e-05,4.302090832834582e-05,4.30209283921649e-05,0.03125,1.2787372588758472,0.0,0.0,9.060679591215753e-09,6.508338393095453e-07
O2_s62_DPR_U,DPR_U,100,32,0.24984786588334115,0.06716852041427046,0.1826793454690707,2.0,1.96875,2.0,2.0,1.0,3.221912737358034,0.0012446968192262708,0.008590576188037874,-0.0003826753567988218,-0.0003826753567988218,-0.00038267391138555544,2.3279503777179398e-05,1.4873429750657308e-05,1.4876020770292336e-05,0.03125,1.2878572976607598,0.0,0.0,8.136485960050345e-09,5.924230863327397e-07
O2_s62_RESPONSE_U,RESPONSE_U,1,32,0.5788836694444918,0.17756050417665392,0.40132316526783784,2.0,0.0,0.0,0.0,0.0,6.936525251682122,0.22890910994220887,0.0,-0.14828388368901635,-0.14828388368901635,-0.14828388368901635,0.0,0.0,0.0,0.03125,1.0,0.0,0.0,0.0,8.485596919025949e-07
O2_s62_RESPONSE_U,RESPONSE_U,2,32,0.3618159368420839,0.0759297568583861,0.2858861799836978,2.0,0.0,0.0,0.0,0.0,3.4964107022640287,0.09409963138284061,0.0,-0.021034924717181918,-0.021034924717181918,-0.021034924717181918,0.0,0.0,0.0,0.03125,1.0,0.0,0.0,0.0,4.4477388048487366e-07
O2_s62_RESPONSE_U,RESPONSE_U,3,32,0.34296298366557804,0.07585020014084876,0.26711278352472934,2.0,0.0,0.0,0.0,0.0,4.312396378973619,0.10158314613994762,0.0,-0.027336899032578917,-0.027336899032578917,-0.027336899032578917,0.0,0.0,0.0,0.125,1.0,0.0,0.0,0.0,5.383150633368896e-07
O2_s62_RESPONSE_U,RESPONSE_U,4,32,0.3427225994918111,0.07106517546344548,0.2716574240283656,2.0,0.0,0.0,0.0,0.0,3.891239990958525,0.1722610515148839,0.0,-0.05670033216106769,-0.05670033216106769,-0.05670033216106769,0.0,0.0,0.0,0.03125,1.0,0.0,0.0,0.0,5.380375143097387e-07
O2_s62_RESPONSE_U,RESPONSE_U,5,32,0.3358004120952237,0.06940494617447257,0.2663954659207511,2.0,0.0,0.0,0.0,0.0,4.327686463969007,0.10612551277254532,0.0,-0.028115221819410733,-0.028115221819410733,-0.028115221819410733,0.0,0.0,0.0,0.0625,1.0,0.0,0.0,0.0,5.304444237270715e-07
O2_s62_RESPONSE_U,RESPONSE_U,6,32,0.3040704431836941,0.06362500332761556,0.24044543985607864,2.0,0.0,0.0,0.0,0.0,4.386012019823622,0.09170425213286003,0.0,-0.029567463838396185,-0.029567463838396185,-0.029567463838396185,0.0,0.0,0.0,0.09375,1.0,0.0,0.0,0.0,5.371500457739621e-07
O2_s62_RESPONSE_U,RESPONSE_U,7,32,0.2644962947697615,0.057541081798262894,0.20695521297149871,2.0,0.0,0.0,0.0,0.0,3.690207075837735,0.09211952797021643,0.0,-0.023899106479582325,-0.023899106479582325,-0.023899106479582325,0.0,0.0,0.0,0.03125,1.0,0.0,0.0,0.0,4.854310157707113e-07
O2_s62_RESPONSE_U,RESPONSE_U,8,32,0.26231347756635415,0.05893746862420812,0.20337600894214602,2.0,0.0,0.0,0.0,0.0,3.7482341907681533,0.09077035363806782,0.0,-0.0280503030007546,-0.0280503030007546,-0.0280503030007546,0.0,0.0,0.0,0.0625,1.0,0.0,0.0,0.0,4.883474863580285e-07
O2_s62_RESPONSE_U,RESPONSE_U,9,32,0.2643199865085641,0.05791284120641649,0.20640714530214765,2.0,0.0,0.0,0.0,0.0,3.7141566922459868,0.09923538054209195,0.0,-0.030928209944611533,-0.030928209944611533,-0.030928209944611533,0.0,0.0,0.0,0.03125,1.0,0.0,0.0,0.0,4.838334812766164e-07
O2_s62_RESPONSE_U,RESPONSE_U,10,32,0.24622211976974323,0.05444797046948224,0.19177414930026104,2.0,0.0,0.0,0.0,0.0,3.9707512542942136,0.08967782544879671,0.0,-0.02866507979974254,-0.02866507979974254,-0.02866507979974254,0.0,0.0,0.0,0.03125,1.0,0.0,0.0,0.0,5.093725414905886e-07
O2_s62_RESPONSE_U,RESPONSE_U,11,32,0.2459379761477738,0.053762290510348976,0.19217568563742485,2.0,0.0,0.0,0.0,0.0,3.629127543460472,0.09587209945122199,0.0,-0.022790989019380967,-0.022790989019380967,-0.022790989019380967,0.0,0.0,0.0,0.0625,1.0,0.0,0.0,0.0,4.6804855201069236e-07
O2_s62_RESPONSE_U,RESPONSE_U,12,32,0.2298541259587964,0.05252258904511109,0.1773315369136853,2.0,0.0,0.0,0.0,0.0,4.2132231755544165,0.1232139617972431,0.0,-0.028407340985076975,-0.028407340985076975,-0.028407340985076975,0.0,0.0,0.0,0.0,1.0,0.0,0.0,0.0,5.262849778557755e-07
O2_s62_RESPONSE_U,RESPONSE_U,13,32,0.21399937810011166,0.04786982509540394,0.16612955300470775,2.0,0.0,0.0,0.0,0.0,3.5757120857189935,0.08767100976071977,0.0,-0.019651505335752485,-0.019651505335752485,-0.019651505335752485,0.0,0.0,0.0,0.0625,1.0,0.0,0.0,0.0,4.43300489558289e-07
O2_s62_RESPONSE_U,RESPONSE_U,14,32,0.23299712197755632,0.05246183933923021,0.1805352826383261,2.0,0.0,0.0,0.0,0.0,4.028791728880547,0.14626211838614164,0.0,-0.05250056669821823,-0.05250056669821823,-0.05250056669821823,0.0,0.0,0.0,0.03125,1.0,0.0,0.0,0.0,5.57000980314548e-07
O2_s62_RESPONSE_U,RESPONSE_U,15,32,0.23020224233195588,0.04949211800703779,0.1807101243249181,2.0,0.0,0.0,0.0,0.0,3.2310315127594866,0.09412055851094417,0.0,-0.018420438579739944,-0.018420438579739944,-0.018420438579739944,0.0,0.0,0.0,0.0625,1.0,0.0,0.0,0.0,4.3497869706168325e-07
O2_s62_RESPONSE_U,RESPONSE_U,16,32,0.19668697180166642,0.044521955656819046,0.15216501614484737,2.0,0.0,0.0,0.0,0.0,3.66820173076164,0.06998292306161825,0.0,-0.020028414356230116,-0.020028414356230116,-0.020028414356230116,0.0,0.0,0.0,0.0,1.0,0.0,0.0,0.0,4.58031828061388e-07
O2_s62_RESPONSE_U,RESPONSE_U,17,32,0.19071408947199983,0.04077303869416937,0.1499410507778305,2.0,0.0,0.0,0.0,0.0,3.623879129195793,0.06948336474402918,0.0,-0.019768413239121648,-0.019768413239121648,-0.019768413239121648,0.0,0.0,0.0,0.03125,1.0,0.0,0.0,0.0,4.540168106726057e-07
O2_s62_RESPONSE_U,RESPONSE_U,18,32,0.18895176021312446,0.04158317088149488,0.14736858933162958,2.0,0.0,0.0,0.0,0.0,3.359767112046917,0.09203134135112039,0.0,-0.026102141555287006,-0.026102141555287006,-0.026102141555287006,0.0,0.0,0.0,0.03125,1.0,0.0,0.0,0.0,4.7049811323116823e-07
O2_s62_RESPONSE_U,RESPONSE_U,19,32,0.1858174566129504,0.04001050250371918,0.14580695410923122,2.0,0.0,0.0,0.0,0.0,3.837069806751422,0.08287236932809075,0.0,-0.024908399956415393,-0.024908399956415393,-0.024908399956415393,0.0,0.0,0.0,0.03125,1.0,0.0,0.0,0.0,4.939957071610043e-07
O2_s62_RESPONSE_U,RESPONSE_U,20,32,0.1923861037224889,0.043144623981788754,0.14924147974070012,2.0,0.0,0.0,0.0,0.0,3.636964747973723,0.08725358277447763,0.0,-0.023394943499053075,-0.023394943499053075,-0.023394943499053075,0.0,0.0,0.0,0.0,1.0,0.0,0.0,0.0,4.849099198028829e-07
O2_s62_RESPONSE_U,RESPONSE_U,21,32,0.8151997008328173,0.2864954574033618,0.5287042434294558,2.0,1.96875,2.0,2.0,0.050000000000000024,4.8318346709050894,0.13834680422584175,0.0011580331672235273,-0.06209640965377748,-0.06200378557144419,-0.062003784886121835,0.004061804500035533,0.003942346619987927,0.003942346438442126,0.0,1.019679059602319,0.0,0.0,0.00015353257203114154,6.792588983185783e-07
O2_s62_RESPONSE_U,RESPONSE_U,22,32,0.653722931294513,0.19707433599978685,0.4566485952947261,2.0,1.96875,2.0,2.0,0.10000000000000005,3.5660555723350633,0.09329053781714462,0.001933725384608351,-0.029917965476645183,-0.02987769259849243,-0.029877691954728898,0.0025348672921905236,0.002396494027723039,0.0023964937757725885,0.09375,1.0394928461701336,0.0,0.0,0.00010515508277160879,4.841730298637098e-07
O2_s62_RESPONSE_U,RESPONSE_U,23,32,0.6150549004163081,0.16669822135008872,0.44835667906621945,2.0,1.96875,2.0,2.0,0.15000000000000002,3.8052374457041087,0.1380628733924605,0.0016696781310165435,-0.03844583546680845,-0.03832735257690422,-0.03832735464896266,0.0022740081821138666,0.002099697986601045,0.0020996979515786377,0.09375,1.0562777618076074,0.0,0.0,0.00021055397732237672,5.207446686027071e-07
O2_s62_RESPONSE_U,RESPONSE_U,24,32,0.6504749962773445,0.17758592718746513,0.4728890690898794,2.0,1.96875,2.0,2.0,0.2000000000000001,4.563543819627556,0.0942915843715841,0.002482186739298049,-0.028541423560766117,-0.028385178835822363,-0.028385179850776675,0.0017409276769818941,0.0015698822862483296,0.001569881943340939,0.09375,1.0765358028238543,0.0,0.0,0.0002846513351941386,5.416414393473169e-07
O2_s62_RESPONSE_U,RESPONSE_U,25,32,0.6294013222040882,0.1709776659263298,0.4584236562777584,2.0,1.96875,2.0,2.0,0.25,5.838330088320178,0.09480925639838145,0.0032834802156030676,-0.04573139265732084,-0.04536810235623468,-0.045368098360246294,0.0019177746543645896,0.0016935489417300915,0.0016935487021905906,0.0625,1.0999073227678158,0.0,0.0,0.0004869247475491464,6.430935952771043e-07
O2_s62_RESPONSE_U,RESPONSE_U,26,32,0.5772859109259175,0.15396629075985402,0.4233196201660635,2.0,1.96875,2.0,2.0,0.30000000000000004,4.72568746158163,0.10092288925523649,0.0037482556809597368,-0.03725721055759599,-0.03689700088645677,-0.03689700601172749,0.0019694618696955582,0.0017025916150941107,0.0017025922332480135,0.03125,1.0911817956471634,0.0,0.0,0.00047972053269091346,5.795040446984038e-07
O2_s62_RESPONSE_U,RESPONSE_U,27,32,0.63053956945195,0.1778633026406169,0.452676266811333,2.0,1.96875,2.0,2.0,0.3499999999999998,4.636514476574388,0.08800912602852184,0.0064798550302163724,-0.03673882218112472,-0.03619431585974136,-0.03619431218973296,0.002635712665164891,0.002204739374802487,0.002204739640994415,0.03125,1.105690174925335,0.0,0.0,0.0007688157440022318,5.987763966244491e-07
O2_s62_RESPONSE_U,RESPONSE_U,28,32,0.6150438300760358,0.16522660688497126,0.44981722319106454,2.0,1.96875,2.0,2.0,0.4000000000000002,4.64893898051926,0.11627179480049954,0.005701303642334319,-0.04303594245358499,-0.04299486032520868,-0.04299485753129004,0.0026441006255672928,0.002147345068899922,0.0021473447328764195,0.09375,1.1662417690219626,0.0,0.0,0.00046676735186285275,6.200003547770476e-07
O2_s62_RESPONSE_U,RESPONSE_U,29,32,0.6020757791661085,0.16004310525022447,0.44203267391588397,2.0,1.96875,2.0,2.0,0.44999999999999973,4.54092449042448,0.12007377613013838,0.005028608547054338,-0.0355116022344726,-0.03517889524648285,-0.03517889516989601,0.0022311311793918056,0.0017649263379197458,0.001764926230402356,0.0625,1.1487874368120503,0.0,0.0,0.0005572254665874239,5.952496862515694e-07
O2_s62_RESPONSE_U,RESPONSE_U,30,32,0.5427625428775865,0.14378123718779534,0.3989813056897913,2.0,1.96875,2.0,2.0,0.5,4.306199654494369,0.090314661372449,0.0069235393852882954,-0.04721382850121813,-0.046107806604795847,-0.04610780610279365,0.0022623058397133,0.0017871723868863694,0.001787172652487942,0.125,1.1502389719310615,0.0,0.0,0.0012524481004664652,5.669739143558177e-07
O2_s62_RESPONSE_U,RESPONSE_U,31,32,0.5202175226628374,0.13406224315986037,0.38615527950297696,2.0,1.96875,2.0,2.0,0.5500000000000003,3.4358558169395477,0.08333730728782317,0.0061065685264283685,-0.019192318909502005,-0.018955292860032148,-0.018955292100022676,0.0016344348868546235,0.001266758762549651,0.0012667588417082452,0.03125,1.1955636206986575,0.0,0.0,0.00044753346670173733,4.5735464831379905e-07
O2_s62_RESPONSE_U,RESPONSE_U,32,32,0.5390187395801349,0.1408576318062842,0.3981611077738509,2.0,1.96875,2.0,2.0,0.6000000000000001,3.9694377467598354,0.07964911843891033,0.007454198511295891,-0.02313118367159083,-0.02257949859177485,-0.02257950031877714,0.0017716568797922962,0.0013157621698092544,0.0013157622566507521,0.0625,1.1680024395606314,0.0,0.0,0.0007096922303318452,5.546627004864443e-07
O2_s62_RESPONSE_U,RESPONSE_U,33,32,0.5366203313671807,0.14594213769305497,0.3906781936741259,2.0,1.96875,2.0,2.0,0.6499999999999998,4.69894287896591,0.09013460897815197,0.006776668150844242,-0.029913610697740154,-0.0299326490042571,-0.029932646056449942,0.0018088241470548153,0.0013694753320127907,0.0013694753657218456,0.0,1.2194691112555553,0.0,0.0,0.0009735386189751834,5.724518983833693e-07
O2_s62_RESPONSE_U,RESPONSE_U,34,32,0.43148964221867386,0.10836705402471125,0.3231225881939626,2.0,1.96875,2.0,2.0,0.6999999999999996,3.103829605099639,0.07676935747747062,0.007488520416553849,-0.018329188360761643,-0.017904247907008848,-0.01790424719478662,0.0016561943023258032,0.0012359044749116039,0.0012359045289478156,0.0,1.1848252144478106,0.0,0.0,0.00047599692688316464,4.526053574826629e-07
O2_s62_RESPONSE_U,RESPONSE_U,35,32,0.5149934770544425,0.14307562552858144,0.3719178515258611,2.0,1.96875,2.0,2.0,0.75,4.829812494874454,0.09274141931507009,0.007781918029726841,-0.03754547084555851,-0.03701288914173479,-0.03701288802289664,0.001730428512091498,0.0012326305765610632,0.001232630247470959,0.03125,1.2341948750606748,0.0,0.0,0.0007932871871989435,6.482355161708739e-07
O2_s62_RESPONSE_U,RESPONSE_U,36,32,0.4839669943302001,0.1303189650643617,0.3536480292658383,2.0,1.96875,2.0,2.0,0.8000000000000004,3.813814633468066,0.07554056624861816,0.009907678252309331,-0.02817953756974937,-0.02802740269656093,-0.028027402207007515,0.0019351226075384426,0.0014096304720770654,0.0014096301895980276,0.03125,1.2611342860127284,0.0,0.0,0.0004241673286080172,5.668762617936041e-07
O2_s62_RESPONSE_U,RESPONSE_U,37,32,0.47455693691456396,0.12611282872967422,0.34844410818488986,2.0,1.96875,2.0,2.0,0.8500000000000004,3.492121470715762,0.07270839543172995,0.00956151377242727,-0.022628518785171234,-0.022147873691004835,-0.022147874210687098,0.001668253839481425,0.0011720501251679411,0.0011720505428969201,0.03125,1.2342298432660772,0.0,0.0,0.0005709281720315999,5.283113254150423e-07
O2_s62_RESPONSE_U,RESPONSE_U,38,32,0.4539459800938049,0.11985004262533039,0.33409593746847444,2.0,1.96875,2.0,2.0,0.8999999999999995,3.6749531124016426,0.08568618285437174,0.008042880386340923,-0.025645395886930836,-0.025486384720279226,-0.0254863868900974,0.0016126912680398896,0.0011180449855406592,0.0011180451645487763,0.0,1.2425674506333633,0.0,0.0,0.00040523416160966427,5.519442144042947e-07
O2_s62_RESPONSE_U,RESPONSE_U,39,32,0.4130303728457073,0.11297527921851724,0.3000550936271901,2.0,1.96875,2.0,2.0,0.9499999999999995,3.326132065451817,0.06899578295076256,0.008232391176548854,-0.021708722969026515,-0.021517433755230138,-0.021517435065760846,0.0012709347841333685,0.0008680729993094982,0.0008680731657815898,0.0,1.2747373248812524,0.0,0.0,0.0003929482901753165,5.233271695758516e-07
O2_s62_RESPONSE_U,RESPONSE_U,40,32,0.45087063866498533,0.11939447384793311,0.3314761648170523,2.0,1.96875,2.0,2.0,1.0,4.655165790448431,0.08737695121247888,0.0073666994985710455,-0.032998645681819413,-0.03229639712035773,-0.032296401001472005,0.001393107370361369,0.000959133988654701,0.0009591334076878529,0.0,1.3062844575012642,0.0,0.0,0.0008605335085092357,6.257911860328222e-07
O2_s62_RESPONSE_U,RESPONSE_U,41,32,0.4399898289336165,0.12366413092240691,0.3163256980112096,2.0,1.96875,2.0,2.0,1.0,3.584995426439204,0.07517393441434486,0.009686991061932455,-0.02090542737023084,-0.02049695619617655,-0.02049695601581674,0.0015248163754810779,0.0010104520996430868,0.0010104523527364145,0.0,1.2851512867468409,0.0,0.0,0.0006100516875479182,5.248031582791761e-07
O2_s62_RESPONSE_U,RESPONSE_U,42,32,0.4368320587336635,0.11290152266155928,0.3239305360721042,2.0,1.96875,2.0,2.0,1.0,4.108280366988953,0.08319619124056199,0.008952284840168218,-0.030228937328530728,-0.029903787271233793,-0.02990378938176905,0.001621732663648307,0.001115567744248898,0.0011155675857481792,0.03125,1.2461363074074792,0.0,0.0,0.0006692460147359537,6.063148050895167e-07
O2_s62_RESPONSE_U,RESPONSE_U,43,32,0.40297868852581836,0.10903419507667422,0.29394449344914414,2.0,1.96875,2.0,2.0,1.0,3.7404464545587732,0.08173559549333073,0.0076891217667339525,-0.02662737312041645,-0.026283148382735048,-0.026283146235023674,0.0013436369944028576,0.0009016866275137037,0.0009016867006956039,0.03125,1.2774755134881133,0.0,0.0,0.0005937566046927622,5.64171717096343e-07
O2_s62_RESPONSE_U,RESPONSE_U,44,32,0.47984352417982273,0.1346485618269071,0.34519496235291575,2.0,1.96875,2.0,2.0,1.0,4.451562151014868,0.09115832813409527,0.010106435919723274,-0.04125798751781519,-0.04042972737273917,-0.04042972287004376,0.0020130859037321225,0.0013614295800153044,0.0013614296886386048,0.03125,1.2728609307300114,0.0,0.0,0.001158348533816125,6.752161543524402e-07
O2_s62_RESPONSE_U,RESPONSE_U,45,32,0.3886213104643148,0.10046622052323073,0.2881550899410841,2.0,1.96875,2.0,2.0,1.0,3.8943986202907777,0.06818038151154779,0.011191467304673023,-0.019781617104981896,-0.019568769183066242,-0.01956876852180713,0.0015566167152560675,0.0010192717858053591,0.001019271319218796,0.0,1.2567614164253071,0.0,0.0,0.0005035511048992397,5.578022795696607e-07
O2_s62_RESPONSE_U,RESPONSE_U,46,32,0.4437793407277846,0.11783326882869005,0.3259460718990945,2.0,1.96875,2.0,2.0,1.0,4.323678843699668,0.06897668294199495,0.009410918489602543,-0.02575134770675591,-0.02514996126961307,-0.025149961661489986,0.001395767596111168,0.0009256476113856652,0.0009256476524022368,0.0,1.3361308358361088,0.0,0.0,0.0008455352255624769,6.371668355422961e-07
O2_s62_RESPONSE_U,RESPONSE_U,47,32,0.4357641499611485,0.11428898386657238,0.32147516609457605,2.0,1.96875,2.0,2.0,1.0,4.071426775344024,0.06092141894561728,0.010198649330779715,-0.023268672162679575,-0.02266823669085153,-0.022668232620161603,0.001359102126216137,0.0009027947710659298,0.0009027946353081201,0.03125,1.258794121760851,0.0,0.0,0.0007259550241856111,5.745220798518494e-07
O2_s62_RESPONSE_U,RESPONSE_U,48,32,0.3955772995756673,0.10402897791936994,0.29154832165629735,2.0,1.96875,2.0,2.0,1.0,3.918832685533307,0.06542969142072512,0.009256053566383187,-0.021494643579774278,-0.02086958361815094,-0.020869584960032467,0.001294791602869287,0.0008422123958382196,0.0008422125786931352,0.0,1.3602306956756078,0.0,0.0,0.0008158761701176371,5.756957514028235e-07
O2_s62_RESPONSE_U,RESPONSE_U,49,32,0.4069854569479432,0.11052446893882006,0.2964609880091232,2.0,1.96875,2.0,2.0,1.0,4.411673638700594,0.08110413507636201,0.011222249302086125,-0.033662637255239214,-0.032942893951455124,-0.03294289183214457,0.001925814611709107,0.0012631629768520977,0.0012631629690225171,0.03125,1.2850173569327337,0.0,0.0,0.001153007892830331,6.674092070189444e-07
O2_s62_RESPONSE_U,RESPONSE_U,50,32,0.435934013714537,0.12286911404225975,0.31306489967227724,2.0,1.96875,2.0,2.0,1.0,4.066801635553731,0.07099852165864036,0.008642489371790749,-0.022415233390780474,-0.02185239903076723,-0.021852403374811053,0.001307760387097509,0.0008603766463610907,0.0008603768645482625,0.0625,1.3112324203022283,0.0,0.0,0.0008930748110430666,5.93577405965065e-07
O2_s62_RESPONSE_U,RESPONSE_U,51,32,0.40463841909922876,0.10724226769525558,0.29739615140397324,2.0,1.96875,2.0,2.0,1.0,3.895558749694734,0.06026827298889102,0.006981100490674724,-0.020046683233735235,-0.01991164844268516,-0.01991165033128571,0.0009002583667626256,0.0006057507351190647,0.0006057512386418056,0.03125,1.2863517802527187,0.0,0.0,0.00022128519219339373,6.028252753230498e-07
O2_s62_RESPONSE_U,RESPONSE_U,52,32,0.40146237056724854,0.10937213362194598,0.29209023694530256,2.0,1.96875,2.0,2.0,1.0,3.6339924139484014,0.06733962634590966,0.010754746176867691,-0.021353297929330602,-0.021297879069098906,-0.02129788088910404,0.0014793650502480655,0.0009750129268157608,0.0009750125201309958,0.03125,1.2964699831921973,0.0,0.0,0.0006365535146115363,5.538645831934839e-07
O2_s62_RESPONSE_U,RESPONSE_U,53,32,0.3833059490825962,0.10342485120054334,0.27988109788205284,2.0,1.96875,2.0,2.0,1.0,4.914572025475328,0.056969861239962616,0.011017947813470768,-0.024939875267386617,-0.02445348722287491,-0.024453488163062025,0.0012918469148270333,0.0008409135521780786,0.0008409133543838688,0.0,1.2824626469476939,0.0,0.0,0.0006793052606980369,6.493466287130521e-07
O2_s62_RESPONSE_U,RESPONSE_U,54,32,0.3984818437059242,0.1085387805942446,0.2899430631116796,2.0,1.96875,2.0,2.0,1.0,3.713696630838659,0.06656266277431985,0.008928402450958084,-0.016683610939345665,-0.016710760026871118,-0.016710761398527993,0.0012124661960273674,0.0007958906055878278,0.0007958908886225272,0.03125,1.3119033423220603,0.0,0.0,0.0005280051511353388,5.558403806659936e-07
O2_s62_RESPONSE_U,RESPONSE_U,55,32,0.4222974808997681,0.11970468587242067,0.3025927950273474,2.0,1.96875,2.0,2.0,1.0,3.499664177537269,0.05154244005935769,0.009889447265755654,-0.01555358646617187,-0.015325810310366672,-0.01532581150917397,0.0010938601999320576,0.0007295309321726923,0.0007295312433422132,0.0,1.2718515916350486,0.0,0.0,0.00042614201396019196,5.594032385061129e-07
O2_s62_RESPONSE_U,RESPONSE_U,56,32,0.4158737507478376,0.10737671452807263,0.30849703621976504,2.0,1.96875,2.0,2.0,1.0,4.29889221454389,0.06635096877628904,0.008722569207527472,-0.02209138901052073,-0.021855785413812237,-0.021855785113802737,0.0012862055453060346,0.0008498417324136676,0.0008498419999871151,0.0,1.3028625062836423,0.0,0.0,0.0005827021096711147,6.588350735077102e-07
O2_s62_RESPONSE_U,RESPONSE_U,57,32,0.40217718594456603,0.1064887170214206,0.2956884689231455,2.0,1.96875,2.0,2.0,1.0,4.357365366957462,0.05808076243707428,0.008607329110764065,-0.0236376915652865,-0.023132501638706362,-0.023132499087158843,0.001072860784357907,0.0007248111424339315,0.0007248111136613507,0.0625,1.291585344497887,0.0,0.0,0.0007898987509622009,6.500907455512306e-07
O2_s62_RESPONSE_U,RESPONSE_U,58,32,0.37395613644258013,0.09777408221270889,0.27618205422987124,2.0,1.96875,2.0,2.0,1.0,4.231175244342216,0.049953863125603,0.010542280365912274,-0.018635639756115024,-0.018399862337177136,-0.018399860123926783,0.0011395465825888365,0.0007367288509250055,0.0007367290873297853,0.09375,1.267797161807457,0.0,0.0,0.00048700571227203984,6.176821759819644e-07
O2_s62_RESPONSE_U,RESPONSE_U,59,32,0.3477088207984748,0.08844045491423458,0.25926836588424024,2.0,1.96875,2.0,2.0,1.0,4.249647494121245,0.04909927543900204,0.009784501491526088,-0.019097258677227325,-0.018672660173640155,-0.018672662150445406,0.0010215298623167171,0.000684387686951599,0.0006843878298369096,0.0,1.2758321598211826,0.0,0.0,0.0005894261166195366,6.352737392318531e-07
O2_s62_RESPONSE_U,RESPONSE_U,60,32,0.41700330556584164,0.1172392206499353,0.29976408491590634,2.0,1.96875,2.0,2.0,1.0,5.276416776954997,0.0691150312464319,0.009860026999030803,-0.038710059142102175,-0.03878247226954685,-0.03878247402736379,0.0014923906768413505,0.000979039123078309,0.0009790388909422965,0.0,1.2662990536270307,0.0,0.0,0.0014133256494342182,7.495990767604824e-07
O2_s62_RESPONSE_U,RESPONSE_U,61,32,0.4030615648050654,0.11608916078694165,0.2869724040181238,2.0,1.96875,2.0,2.0,1.0,3.5119344925898694,0.05921854354720616,0.009378780726546859,-0.016256567634649333,-0.016041880578777194,-0.016041878710118734,0.0011535605206116396,0.0007643125127022866,0.0007643119676058821,0.0,1.2906185592918116,0.0,0.0,0.0003370162351139577,5.727504147018388e-07
O2_s62_RESPONSE_U,RESPONSE_U,62,32,0.387744139362653,0.10138636629562825,0.28635777306702465,2.0,1.96875,2.0,2.0,1.0,3.830249034208959,0.04634002689424252,0.007704067526322679,-0.017415227320103394,-0.017235465329736382,-0.017235464295885024,0.0007842479969038035,0.0005185752277382854,0.00051857520924914,0.0625,1.3722095413261204,0.0,0.0,0.00039716560695806746,5.783297368188601e-07
O2_s62_RESPONSE_U,RESPONSE_U,63,32,0.40064687189278186,0.10699034680146724,0.2936565250913147,2.0,1.96875,2.0,2.0,1.0,4.894399505225734,0.05751396557392916,0.00850706896280143,-0.023754654464194763,-0.023286790843186786,-0.023286789228488397,0.0010751366622423634,0.000724805242132168,0.0007248046696340214,0.03125,1.3657389933144781,0.0,0.0,0.0006612042193430633,7.075718657711949e-07
O2_s62_RESPONSE_U,RESPONSE_U,64,32,0.37997391825292937,0.10003739036619663,0.27993652788673284,2.0,1.96875,2.0,2.0,1.0,3.7794319970282095,0.04888570915069665,0.009852275996627384,-0.017372750251610343,-0.017235348430249937,-0.017235348703057637,0.001017568348525282,0.0006575792310079017,0.0006575796071961644,0.0,1.3024950756555849,0.0,0.0,0.0003341214026969836,6.424388003604824e-07
O2_s62_RESPONSE_U,RESPONSE_U,65,32,0.38330090479380907,0.10051225835923105,0.28278864643457813,2.0,1.96875,2.0,2.0,1.0,4.453609389035619,0.046967639894723995,0.008746609730237713,-0.017159009217375235,-0.016993139084780323,-0.01699314125026906,0.000885206268124286,0.0005701666934835196,0.0005701670047283452,0.03125,1.293932237661249,0.0,0.0,0.00036900498345804247,6.568838698525559e-07
O2_s62_RESPONSE_U,RESPONSE_U,66,32,0.35252641166152654,0.09262855630367994,0.2598978553578466,2.0,1.96875,2.0,2.0,1.0,4.186353799517592,0.04490743848438633,0.009742521736422264,-0.017488215820981187,-0.017254145258647657,-0.017254144615412408,0.000971549702588272,0.0006473383529272328,0.0006473384031901874,0.03125,1.2933301172569498,0.0,0.0,0.0005759408320050594,6.214378164936718e-07
O2_s62_RESPONSE_U,RESPONSE_U,67,32,0.3737337671545144,0.1023343171691522,0.27139944998536214,2.0,1.96875,2.0,2.0,1.0,3.3511208002340336,0.0468769540162166,0.008893380476438924,-0.014255104621789364,-0.014179562321001104,-0.014179563822991875,0.0008600068202252721,0.0005853786420192999,0.0005853785203544915,0.0,1.3064424045455527,0.0,0.0,0.00020584948103373216,5.585731759740066e-07
O2_s62_RESPONSE_U,RESPONSE_U,68,32,0.33520151722517605,0.08275212475564331,0.2524493924695328,2.0,1.96875,2.0,2.0,1.0,3.875162534380097,0.05006263694079595,0.009211423522122791,-0.015510175860507158,-0.015413331034729574,-0.015413331155444217,0.0009394017442424876,0.0006197534582507465,0.0006197535976038476,0.0625,1.2715743238485957,0.0,0.0,0.0005048273152129899,6.038458116300281e-07
O2_s62_RESPONSE_U,RESPONSE_U,69,32,0.3666919455443743,0.10031628957949579,0.2663756559648785,2.0,1.96875,2.0,2.0,1.0,4.792006070998977,0.046304028603760206,0.010049903515037381,-0.020248646817644093,-0.020468922461671594,-0.0204689213385639,0.0009351690966079691,0.0005821610504930975,0.000582160833852731,0.09375,1.3601286667329766,0.0,0.0,0.0005056121544810491,6.985592029269903e-07
O2_s62_RESPONSE_U,RESPONSE_U,70,32,0.3827987851018548,0.10013017512392253,0.2826686099779323,2.0,1.96875,2.0,2.0,1.0,5.480529515080248,0.05111608643753909,0.009911853320433692,-0.01941127951034844,-0.018896178297731634,-0.018896180541478517,0.0010530509200599996,0.0006993058761234112,0.0006993062670251574,0.0,1.3330830264089468,0.0,0.0,0.0006977727575114241,7.381039638385065e-07
O2_s62_RESPONSE_U,RESPONSE_U,71,32,0.3300241986701087,0.0841310383984819,0.24589316027162683,2.0,1.96875,2.0,2.0,1.0,4.143730808128997,0.04142946876825337,0.00989323937477619,-0.013820533546493015,-0.01354577801487238,-0.013545778293544102,0.0008494640976651816,0.0005604546526398912,0.0005604549452527112,0.0,1.3237182365353835,0.0,0.0,0.0003803768066928626,6.424713043037996e-07
O2_s62_RESPONSE_U,RESPONSE_U,72,32,0.3331896545243014,0.09029302379349247,0.24289663073080894,2.0,1.96875,2.0,2.0,1.0,4.614598313517197,0.049794593052914254,0.008001888111483219,-0.0187128291126327,-0.018602753744308517,-0.018602751166078964,0.0008531846296900458,0.0005698220190712856,0.0005698220643238861,0.03125,1.2786691189790242,0.0,0.0,0.00029495601245544827,7.064286287412443e-07
O2_s62_RESPONSE_U,RESPONSE_U,73,32,0.3452377568075975,0.09523469110717997,0.2500030657004175,2.0,1.96875,2.0,2.0,1.0,4.099419111391971,0.041916592814288736,0.010589764760445488,-0.013594116650876517,-0.013000832625238571,-0.01300083463593087,0.0009465041127403406,0.0006174427043356562,0.000617442139737479,0.0625,1.2925153633137958,0.0,0.0,0.0007989014002870679,6.334292072781579e-07
O2_s62_RESPONSE_U,RESPONSE_U,74,32,0.35403401698396886,0.09181461203843355,0.2622194049455353,2.0,1.96875,2.0,2.0,1.0,3.703507578846844,0.03839655354274028,0.008373327625997184,-0.013818373665066387,-0.013639093548849535,-0.013639089508082616,0.0006928088819298819,0.00046629605865132923,0.0004662959712025112,0.03125,1.2830945305403756,0.0,0.0,0.00030204411988323584,6.297752764668845e-07
O2_s62_RESPONSE_U,RESPONSE_U,75,32,0.3484353667486351,0.08827988035045564,0.2601554863981796,2.0,1.96875,2.0,2.0,1.0,3.630307601510124,0.04546022019725945,0.007752585767658837,-0.012018482262623992,-0.011913873659969718,-0.011913872800495813,0.0007776182055730137,0.000523930155669287,0.0005239303777486063,0.0,1.333787341648865,0.0,0.0,0.00029555128824022473,5.96647636700833e-07
O2_s62_RESPONSE_U,RESPONSE_U,76,32,0.3337477817415699,0.08736876194598153,0.24637901979558827,2.0,1.96875,2.0,2.0,1.0,4.516409694033778,0.03834405130254835,0.007672294890586698,-0.015173828384388124,-0.01509887742890775,-0.015098882880460116,0.0006371372195295811,0.00043123282069684586,0.000431232639326184,0.03125,1.278654514403701,0.0,0.0,0.0002435009050445868,6.499405688548719e-07
O2_s62_RESPONSE_U,RESPONSE_U,77,32,0.33396421344984306,0.08775340544525534,0.24621080800458772,2.0,1.96875,2.0,2.0,1.0,3.821463621472515,0.03634097137005132,0.007994364627359161,-0.011720434038145247,-0.011627173820111924,-0.011627175603769755,0.0006114126022548948,0.0003955896085352239,0.00039559032515881266,0.0,1.2752477243143705,0.0,0.0,0.00024777542028712947,6.100530887484446e-07
O2_s62_RESPONSE_U,RESPONSE_U,78,32,0.33623810145220284,0.08656147663714364,0.24967662481505912,2.0,1.96875,2.0,2.0,1.0,3.720667106794222,0.0346326279525331,0.011871433933256686,-0.01146271897772055,-0.011319127230578603,-0.011319131900479628,0.0008662453399440318,0.0005786647759101335,0.0005786644754841047,0.0,1.3087121649056253,0.0,0.0,0.00024497026749642275,5.931140177681477e-07
O2_s62_RESPONSE_U,RESPONSE_U,79,32,0.35166536119808084,0.09102297818753868,0.26064238301054204,2.0,1.96875,2.0,2.0,1.0,3.982773040139069,0.03923793718216379,0.00967737892008597,-0.013485146147400031,-0.013323823350388694,-0.013323826174392702,0.00080086432350046,0.0005299021225604083,0.0005299023753475035,0.09375,1.2953632205030123,0.0,0.0,0.00032118988100226126,6.558244203275124e-07
O2_s62_RESPONSE_U,RESPONSE_U,80,32,0.3631375783031391,0.09627608233131468,0.2668614959718245,2.0,1.96875,2.0,2.0,1.0,4.196697413337527,0.03173776155589507,0.007477570180338374,-0.010158673675449979,-0.010057075431994654,-0.01005707399355204,0.0004942380966071054,0.0003328053554749844,0.00033280584312348654,0.0,1.295640169134182,0.0,0.0,0.00021726931442591567,6.378175562071537e-07
O2_s62_RESPONSE_U,RESPONSE_U,81,32,0.29681573751371965,0.07343141041928902,0.2233843270944306,2.0,1.96875,2.0,2.0,1.0,4.168422495275355,0.031316398929246606,0.00683551284047988,-0.009997515748007177,-0.009986525790510646,-0.0099865285056024,0.0004538943465610195,0.0003064060753065597,0.00030640619267510315,0.09375,1.3081935028523197,0.0,0.0,0.00022224514763199854,6.172167038312054e-07
O2_s62_RESPONSE_U,RESPONSE_U,82,32,0.2770832462986811,0.07068876957055181,0.20639447672812927,2.0,1.96875,2.0,2.0,1.0,3.700294371395014,0.026963678928706162,0.005794687885483416,-0.007265159018971022,-0.007251859943525518,-0.007251859697454595,0.00032409023404746204,0.00021562593373098066,0.00021562623276647714,0.0,1.3077590670074626,0.0,0.0,0.00013337310405765927,5.782635685039677e-07
O2_s62_RESPONSE_U,RESPONSE_U,83,32,0.3380017059983476,0.089143872493878,0.2488578335044696,2.0,1.96875,2.0,2.0,1.0,3.809659859474205,0.03315887270091571,0.008369719702257198,-0.009791767922656795,-0.009799406403842435,-0.009799410423124355,0.0006152426569466696,0.000401622706697152,0.0004016221168362676,0.0,1.325306029837392,0.0,0.0,0.00017087784591386012,6.193451228333739e-07
O2_s62_RESPONSE_U,RESPONSE_U,84,32,0.336671723847704,0.08930325449910015,0.24736846934860385,2.0,1.96875,2.0,2.0,1.0,4.131177030813885,0.031329051781257784,0.0075530458827872396,-0.01024744400057999,-0.010215341200158209,-0.010215337076417771,0.0004896999772686501,0.0003293078862990508,0.00032930813794837934,0.09375,1.2803361710468637,0.0,0.0,0.00021040266547755357,6.894221068031083e-07
O2_s62_RESPONSE_U,RESPONSE_U,85,32,0.29475041439241384,0.07239628623938188,0.22235412815303202,2.0,1.96875,2.0,2.0,1.0,3.3264987055800574,0.026491072361521942,0.008334181998661264,-0.007681206270186244,-0.007664271873715624,-0.007664273586294511,0.0004578704508802195,0.00030452122405264274,0.000304521130719598,0.0,1.2953405943278982,0.0,0.0,9.419079981101155e-05,5.784381264879581e-07
O2_s62_RESPONSE_U,RESPONSE_U,86,32,0.2808413216380645,0.07231229596072808,0.20852902567733636,2.0,1.96875,2.0,2.0,1.0,3.368216929383513,0.023317783254380404,0.009876666397203145,-0.00740273956582156,-0.007367491781420334,-0.0073674932632351925,0.0004735438249744146,0.0003143412616431519,0.00031434146645268756,0.03125,1.2768958762682376,0.0,0.0,0.00010722999207075691,5.80166652633794e-07
O2_s62_RESPONSE_U,RESPONSE_U,87,32,0.3088915829631247,0.07864388852613047,0.2302476944369943,2.0,1.96875,2.0,2.0,1.0,4.0340084578458075,0.023723607217267528,0.007418810113575331,-0.008522021289877566,-0.00846854826517018,-0.008468545407954187,0.0003857675277941382,0.00025783306265351547,0.00025783289493022513,0.03125,1.2797011269670462,0.0,0.0,0.0001575571387208485,6.729941031153703e-07
O2_s62_RESPONSE_U,RESPONSE_U,88,32,0.3189768900873104,0.0876781529514119,0.2312987371358985,2.0,1.96875,2.0,2.0,1.0,4.507198687843311,0.02092336825241566,0.008234459569945167,-0.006548609017085765,-0.006488048583901124,-0.006488049593746235,0.00035621873544622735,0.00023569673342626105,0.0002356971377852467,0.0,1.286967510460976,0.0,0.0,0.0001355486497663411,6.521395891128119e-07
O2_s62_RESPONSE_U,RESPONSE_U,89,32,0.3105032821630245,0.07678624929394573,0.23371703286907866,2.0,1.96875,2.0,2.0,1.0,4.15994165274676,0.022373267641843924,0.010214320161053666,-0.008187107424153408,-0.008031604209145723,-0.008031603562745822,0.00048594253560482043,0.0003145092723020094,0.00031450902172960773,0.03125,1.3338690519695733,0.0,0.0,0.0002541810337466953,6.881049856830568e-07
O2_s62_RESPONSE_U,RESPONSE_U,90,32,0.30342679957751467,0.07963079435285181,0.22379600522466295,2.0,1.96875,2.0,2.0,1.0,3.6011738796876194,0.015505586503649568,0.008282842323777335,-0.00487754548197992,-0.004864261546687569,-0.004864263656098058,0.00028037102826136516,0.0001865661203453375,0.00018656577491370032,0.0625,1.3144300940226354,0.0,0.0,9.860111293274937e-05,5.898270048024368e-07
O2_s62_RESPONSE_U,RESPONSE_U,91,32,0.26368013078659486,0.06488133396487683,0.1987987968217181,2.0,1.96875,2.0,2.0,1.0,3.869985046790482,0.01585122000642413,0.008544349062191344,-0.005778678610112962,-0.00567637693251151,-0.005676375706415755,0.0002876777792183475,0.00019735634080614872,0.00019735635555274584,0.0625,1.343120449041347,0.0,0.0,0.00013944988957807392,6.379825779416386e-07
O2_s62_RESPONSE_U,RESPONSE_U,92,32,0.2977752011502952,0.07872685452457517,0.21904834662572004,2.0,1.96875,2.0,2.0,1.0,4.009632722212325,0.014233707089766661,0.006496120597349536,-0.004195057280242066,-0.004137082767151075,-0.004137081608130183,0.00019675844828145433,0.0001269956736393489,0.00012699562153206537,0.0,1.3123278699073684,0.0,0.0,8.684793025871738e-05,6.280439099606423e-07
O2_s62_RESPONSE_U,RESPONSE_U,93,32,0.2634803033399854,0.0663612995413132,0.19711900379867223,2.0,1.96875,2.0,2.0,1.0,3.2610994888344678,0.012857741907844377,0.009323788652444596,-0.0031723188851027393,-0.003151670049620877,-0.0031516707597444727,0.00025136676600874075,0.0001666051379029031,0.00016660507140314293,0.0,1.2965423285312418,0.0,0.0,7.14130849596751e-05,5.50358535329862e-07
O2_s62_RESPONSE_U,RESPONSE_U,94,32,0.2739465148528301,0.07430552219739184,0.1996409926554383,2.0,1.96875,2.0,2.0,1.0,3.551097572447047,0.010363103776995264,0.009713226228135674,-0.0034063052325578966,-0.0033609112115346603,-0.003360912713797398,0.00022545552746564004,0.00014836684863464328,0.00014836657993503403,0.03125,1.3113397922595125,0.0,0.0,9.986284184378679e-05,5.999589833771777e-07
O2_s62_RESPONSE_U,RESPONSE_U,95,32,0.2904318475056827,0.07107645366340876,0.21935539384227393,2.0,1.96875,2.0,2.0,1.0,3.855838960291832,0.009366603903238029,0.010037812561090325,-0.0029661299397419232,-0.00289263374242147,-0.002892636846631951,0.00020715248126258984,0.00013700922440933782,0.0001370095251652223,0.03125,1.332787758128361,0.0,0.0,0.00012047004293231721,6.142122250914851e-07
O2_s62_RESPONSE_U,RESPONSE_U,96,32,0.26862387806352084,0.06726468267152086,0.20135919539199995,2.0,1.96875,2.0,2.0,1.0,4.20100476682473,0.008010278718189842,0.008590155476645421,-0.003107452394679896,-0.003028946827855214,-0.0030289491558872306,0.00014356063083605688,9.058504763981028e-05,9.058573749857324e-05,0.0,1.3035824883307905,0.0,0.0,0.00010086980329177431,6.651655868067933e-07
O2_s62_RESPONSE_U,RESPONSE_U,97,32,0.255950586061057,0.06342469929950312,0.19252588676155388,2.0,1.96875,2.0,2.0,1.0,3.1837940258250885,0.006460868516072176,0.00870386373808076,-0.0016285406117917546,-0.0016191956774513022,-0.0016191957175252189,0.00012343759567285813,8.204870579592391e-05,8.20488156204501e-05,0.0,1.2797081283700016,0.0,0.0,4.242404998679183e-05,5.406124169589911e-07
O2_s62_RESPONSE_U,RESPONSE_U,98,32,0.2839556368174108,0.07099100173218176,0.21296463508522903,2.0,1.96875,2.0,2.0,1.0,3.749322963880081,0.004875472849029204,0.011133171983071967,-0.0016548692351590188,-0.0016301743229254829,-0.0016301741868659822,0.000124023866333612,8.285176987619738e-05,8.285202147212062e-05,0.09375,1.3228581870071559,0.0,0.0,5.980465535720254e-05,6.079224682040579e-07
O2_s62_RESPONSE_U,RESPONSE_U,99,32,0.2915651745499799,0.07670937292277813,0.21485580162720166,2.0,1.96875,2.0,2.0,1.0,3.4379513515368156,0.003074502297489409,0.007875567575791007,-0.0009070586424937597,-0.0009069081247617362,-0.0009069065511557807,5.382715082734199e-05,3.841592065733993e-05,3.841651872282584e-05,0.0,1.3155492398046764,0.0,0.0,1.919720412894963e-05,5.765680633847563e-07
O2_s62_RESPONSE_U,RESPONSE_U,100,32,0.26577057110952684,0.07193226262461394,0.19383830848491285,2.0,1.96875,2.0,2.0,1.0,3.577052117671005,0.0012623768181420204,0.006562897137318672,-0.00039871279962351255,-0.0003879895941036186,-0.00038798921240472227,2.0779923611129064e-05,1.3754560665073984e-05,1.3757767878816826e-05,0.0,1.2997391394985534,0.0,0.0,1.3583051115397615e-05,5.954727309008005e-07
O2_s62_DPR_L,DPR_L,1,32,0.5788836694444918,0.17756050417665392,0.40132316526783784,2.0,0.0,0.0,0.0,0.0,6.936525251682122,0.22890910994220887,0.0,-0.14828388368901635,-0.14828388368901635,-0.14828388368901635,0.0,0.0,0.0,0.03125,1.0,0.0,0.0,0.0,8.485596919025949e-07
O2_s62_DPR_L,DPR_L,2,32,0.3618159368420839,0.0759297568583861,0.2858861799836978,2.0,0.0,0.0,0.0,0.0,3.4964107022640287,0.09409963138284061,0.0,-0.021034924717181918,-0.021034924717181918,-0.021034924717181918,0.0,0.0,0.0,0.03125,1.0,0.0,0.0,0.0,4.4477388048487366e-07
O2_s62_DPR_L,DPR_L,3,32,0.34296298366557804,0.07585020014084876,0.26711278352472934,2.0,0.0,0.0,0.0,0.0,4.312396378973619,0.10158314613994762,0.0,-0.027336899032578917,-0.027336899032578917,-0.027336899032578917,0.0,0.0,0.0,0.125,1.0,0.0,0.0,0.0,5.383150633368896e-07
O2_s62_DPR_L,DPR_L,4,32,0.3427225994918111,0.07106517546344548,0.2716574240283656,2.0,0.0,0.0,0.0,0.0,3.891239990958525,0.1722610515148839,0.0,-0.05670033216106769,-0.05670033216106769,-0.05670033216106769,0.0,0.0,0.0,0.03125,1.0,0.0,0.0,0.0,5.380375143097387e-07
O2_s62_DPR_L,DPR_L,5,32,0.3358004120952237,0.06940494617447257,0.2663954659207511,2.0,0.0,0.0,0.0,0.0,4.327686463969007,0.10612551277254532,0.0,-0.028115221819410733,-0.028115221819410733,-0.028115221819410733,0.0,0.0,0.0,0.0625,1.0,0.0,0.0,0.0,5.304444237270715e-07
O2_s62_DPR_L,DPR_L,6,32,0.3040704431836941,0.06362500332761556,0.24044543985607864,2.0,0.0,0.0,0.0,0.0,4.386012019823622,0.09170425213286003,0.0,-0.029567463838396185,-0.029567463838396185,-0.029567463838396185,0.0,0.0,0.0,0.09375,1.0,0.0,0.0,0.0,5.371500457739621e-07
O2_s62_DPR_L,DPR_L,7,32,0.2644962947697615,0.057541081798262894,0.20695521297149871,2.0,0.0,0.0,0.0,0.0,3.690207075837735,0.09211952797021643,0.0,-0.023899106479582325,-0.023899106479582325,-0.023899106479582325,0.0,0.0,0.0,0.03125,1.0,0.0,0.0,0.0,4.854310157707113e-07
O2_s62_DPR_L,DPR_L,8,32,0.26231347756635415,0.05893746862420812,0.20337600894214602,2.0,0.0,0.0,0.0,0.0,3.7482341907681533,0.09077035363806782,0.0,-0.0280503030007546,-0.0280503030007546,-0.0280503030007546,0.0,0.0,0.0,0.0625,1.0,0.0,0.0,0.0,4.883474863580285e-07
O2_s62_DPR_L,DPR_L,9,32,0.2643199865085641,0.05791284120641649,0.20640714530214765,2.0,0.0,0.0,0.0,0.0,3.7141566922459868,0.09923538054209195,0.0,-0.030928209944611533,-0.030928209944611533,-0.030928209944611533,0.0,0.0,0.0,0.03125,1.0,0.0,0.0,0.0,4.838334812766164e-07
O2_s62_DPR_L,DPR_L,10,32,0.24622211976974323,0.05444797046948224,0.19177414930026104,2.0,0.0,0.0,0.0,0.0,3.9707512542942136,0.08967782544879671,0.0,-0.02866507979974254,-0.02866507979974254,-0.02866507979974254,0.0,0.0,0.0,0.03125,1.0,0.0,0.0,0.0,5.093725414905886e-07
O2_s62_DPR_L,DPR_L,11,32,0.2459379761477738,0.053762290510348976,0.19217568563742485,2.0,0.0,0.0,0.0,0.0,3.629127543460472,0.09587209945122199,0.0,-0.022790989019380967,-0.022790989019380967,-0.022790989019380967,0.0,0.0,0.0,0.0625,1.0,0.0,0.0,0.0,4.6804855201069236e-07
O2_s62_DPR_L,DPR_L,12,32,0.2298541259587964,0.05252258904511109,0.1773315369136853,2.0,0.0,0.0,0.0,0.0,4.2132231755544165,0.1232139617972431,0.0,-0.028407340985076975,-0.028407340985076975,-0.028407340985076975,0.0,0.0,0.0,0.0,1.0,0.0,0.0,0.0,5.262849778557755e-07
O2_s62_DPR_L,DPR_L,13,32,0.21399937810011166,0.04786982509540394,0.16612955300470775,2.0,0.0,0.0,0.0,0.0,3.5757120857189935,0.08767100976071977,0.0,-0.019651505335752485,-0.019651505335752485,-0.019651505335752485,0.0,0.0,0.0,0.0625,1.0,0.0,0.0,0.0,4.43300489558289e-07
O2_s62_DPR_L,DPR_L,14,32,0.23299712197755632,0.05246183933923021,0.1805352826383261,2.0,0.0,0.0,0.0,0.0,4.028791728880547,0.14626211838614164,0.0,-0.05250056669821823,-0.05250056669821823,-0.05250056669821823,0.0,0.0,0.0,0.03125,1.0,0.0,0.0,0.0,5.57000980314548e-07
O2_s62_DPR_L,DPR_L,15,32,0.23020224233195588,0.04949211800703779,0.1807101243249181,2.0,0.0,0.0,0.0,0.0,3.2310315127594866,0.09412055851094417,0.0,-0.018420438579739944,-0.018420438579739944,-0.018420438579739944,0.0,0.0,0.0,0.0625,1.0,0.0,0.0,0.0,4.3497869706168325e-07
O2_s62_DPR_L,DPR_L,16,32,0.19668697180166642,0.044521955656819046,0.15216501614484737,2.0,0.0,0.0,0.0,0.0,3.66820173076164,0.06998292306161825,0.0,-0.020028414356230116,-0.020028414356230116,-0.020028414356230116,0.0,0.0,0.0,0.0,1.0,0.0,0.0,0.0,4.58031828061388e-07
O2_s62_DPR_L,DPR_L,17,32,0.19071408947199983,0.04077303869416937,0.1499410507778305,2.0,0.0,0.0,0.0,0.0,3.623879129195793,0.06948336474402918,0.0,-0.019768413239121648,-0.019768413239121648,-0.019768413239121648,0.0,0.0,0.0,0.03125,1.0,0.0,0.0,0.0,4.540168106726057e-07
O2_s62_DPR_L,DPR_L,18,32,0.18895176021312446,0.04158317088149488,0.14736858933162958,2.0,0.0,0.0,0.0,0.0,3.359767112046917,0.09203134135112039,0.0,-0.026102141555287006,-0.026102141555287006,-0.026102141555287006,0.0,0.0,0.0,0.03125,1.0,0.0,0.0,0.0,4.7049811323116823e-07
O2_s62_DPR_L,DPR_L,19,32,0.1858174566129504,0.04001050250371918,0.14580695410923122,2.0,0.0,0.0,0.0,0.0,3.837069806751422,0.08287236932809075,0.0,-0.024908399956415393,-0.024908399956415393,-0.024908399956415393,0.0,0.0,0.0,0.03125,1.0,0.0,0.0,0.0,4.939957071610043e-07
O2_s62_DPR_L,DPR_L,20,32,0.1923861037224889,0.043144623981788754,0.14924147974070012,2.0,0.0,0.0,0.0,0.0,3.636964747973723,0.08725358277447763,0.0,-0.023394943499053075,-0.023394943499053075,-0.023394943499053075,0.0,0.0,0.0,0.0,1.0,0.0,0.0,0.0,4.849099198028829e-07
O2_s62_DPR_L,DPR_L,21,32,0.8145205571450088,0.2862555005121976,0.5282650566328111,2.0,2.0,2.0,2.0,0.050000000000000024,4.826902824009704,0.13795182282534438,0.0009946243606761785,-0.06174905383696122,-0.06174905383696123,-0.061749053665962395,0.0037387865280414183,0.0036448917850364256,0.0036448918081409885,0.0,1.0146898383322924,0.0,0.0,8.194415907502305e-09,6.785425426973851e-07
O2_s62_DPR_L,DPR_L,22,32,0.654607564263664,0.198067809920758,0.4565397543429059,2.0,2.0,2.0,2.0,0.10000000000000005,3.7705522246526053,0.0950285428128118,0.0021629014086519973,-0.033260823176002104,-0.0332608231760021,-0.033260822266233066,0.0029751246202922898,0.0028292784033132237,0.0028292784007873176,0.125,1.0293608210448184,0.0,0.0,6.423612388918403e-09,5.062064763202199e-07
O2_s62_DPR_L,DPR_L,23,32,0.6105885266666184,0.16694070654921234,0.44364782011740633,2.0,2.0,2.0,2.0,0.15000000000000002,3.541400514976368,0.12088522449856713,0.001677403264721365,-0.03188996668360276,-0.03188996668360276,-0.031889968259632244,0.0020701538729819,0.0019229551880652405,0.001922955306485344,0.03125,1.0486168337476793,0.0,0.0,5.5880128815578884e-09,4.898763791723631e-07
O2_s62_DPR_L,DPR_L,24,32,0.6452948822012821,0.1760678106220439,0.46922707157923815,2.0,2.0,2.0,2.0,0.2000000000000001,4.284636356915317,0.08795041809969367,0.0031402746881277113,-0.026640703923803934,-0.02664070392380393,-0.026640703328828348,0.002185489230979999,0.0019882642897438,0.001988264420509114,0.03125,1.0501213776761826,0.0,0.0,7.0824352493490626e-09,5.22168044464608e-07
O2_s62_DPR_L,DPR_L,25,32,0.6253328101023008,0.1717862900113687,0.4535465200909322,2.0,2.0,2.0,2.0,0.25,5.381936128103987,0.10906764705628762,0.0036954982727102014,-0.043825605317669894,-0.043825605317669894,-0.04382560910941488,0.0026790663878907303,0.0023973033384042555,0.0023973038050737667,0.125,1.0796850977950734,0.0,0.0,1.1670551968261697e-08,6.409365608048506e-07
O2_s62_DPR_L,DPR_L,26,32,0.5830976272027086,0.15661011263728142,0.42648751456542716,2.0,2.0,2.0,2.0,0.30000000000000004,3.8311547898066647,0.08174728587371848,0.004852112906596475,-0.028648518172346267,-0.028648518172346274,-0.028648516406650625,0.0022464628950743908,0.001967491784800332,0.0019674918245360506,0.0,1.0865667174129277,0.0,0.0,5.205993856916424e-09,5.002532453505367e-07
O2_s62_DPR_L,DPR_L,27,32,0.6199935833558861,0.179619541275315,0.44037404208057096,2.0,2.0,2.0,2.0,0.3499999999999998,4.818812011956283,0.09205263564012091,0.004627009166779145,-0.035755629281531615,-0.035755629281531615,-0.035755632661191465,0.0020686523570053778,0.0017803099766722562,0.001780310489876782,0.03125,1.1114469061343324,0.0,0.0,8.595961599777873e-09,6.173747699759822e-07
O2_s62_DPR_L,DPR_L,28,32,0.5487526330350821,0.1490209767362103,0.39973165629887186,2.0,2.0,2.0,2.0,0.4000000000000002,4.977823640579567,0.08858698218761125,0.005350468264621105,-0.03169415351792299,-0.03169415351792299,-0.03169415332663858,0.0020972391391139225,0.001771957436768017,0.0017719573769461963,0.03125,1.1278278897089098,0.0,0.0,9.129950793706089e-09,5.990804487004939e-07
O2_s62_DPR_L,DPR_L,29,32,0.5833236834631844,0.15787161269690841,0.4254520707662761,2.0,2.0,2.0,2.0,0.44999999999999973,5.028380947780263,0.09174902413965126,0.005602452167359121,-0.03435687848568656,-0.034356878485686554,-0.034356876172270685,0.0019684934383182957,0.001610697817728122,0.0016106973214971105,0.0625,1.1433320925965833,0.0,0.0,9.188100697454874e-09,6.227851074293026e-07
O2_s62_DPR_L,DPR_L,30,32,0.5063237519932569,0.1336159014608711,0.3727078505323857,2.0,2.0,2.0,2.0,0.5,3.9192609424105407,0.07419488900918184,0.006108187360218447,-0.026170713973820082,-0.026170713973820082,-0.02617071522749937,0.001612801785901985,0.001282495056879122,0.0012824953732982973,0.03125,1.1468626145168028,0.0,0.0,5.727836200807336e-09,5.385637152194737e-07
O2_s62_DPR_L,DPR_L,31,32,0.4721896676201087,0.1253954682033509,0.34679419941675793,2.0,2.0,2.0,2.0,0.5500000000000003,4.186085503321338,0.08197700740759842,0.008137644258595216,-0.033662321979625945,-0.033662321979625945,-0.033662319645330736,0.0022467812276243415,0.0018005664154069117,0.0018005665788403645,0.03125,1.1364222551819734,0.0,0.0,8.714645460783693e-09,5.913429329235219e-07
O2_s62_DPR_L,DPR_L,32,32,0.5180179293328273,0.13539339345879853,0.3826245358740288,2.0,2.0,2.0,2.0,0.6000000000000001,3.960447362532913,0.09056295910014725,0.005938261522993936,-0.026396568930553466,-0.026396568930553463,-0.026396568476914035,0.0016878059687084053,0.001311618967406404,0.001311619285350038,0.0625,1.1411818031472922,0.0,0.0,7.3916178171971824e-09,5.530873685268541e-07
O2_s62_DPR_L,DPR_L,33,32,0.5182409572344112,0.13925295462831855,0.3789880026060926,2.0,2.0,2.0,2.0,0.6499999999999998,4.445084035164883,0.0943162010970949,0.006228380233688501,-0.03380479820666142,-0.03380479820666142,-0.03380479897365853,0.001767360121087852,0.0013472630439166377,0.00134726299456837,0.03125,1.2003102522004294,0.0,0.0,1.069579880085246e-08,6.274342613190461e-07
O2_s62_DPR_L,DPR_L,34,32,0.4174129330308822,0.1046119264792651,0.31280100655161724,2.0,2.0,2.0,2.0,0.6999999999999996,3.5535432644824327,0.06955602721748577,0.007336848257238215,-0.021912541912965922,-0.021912541912965922,-0.021912540259859274,0.0015539560014779044,0.0012008693744149227,0.001200869239182233,0.03125,1.1966035566072668,0.0,0.0,6.4606560613638745e-09,4.96457232089945e-07
O2_s62_DPR_L,DPR_L,35,32,0.5198669226226623,0.14778024575207382,0.3720866768705885,2.0,2.0,2.0,2.0,0.75,5.057948632431721,0.08902494778576305,0.007125820063683226,-0.03831647403474106,-0.03831647403474105,-0.03831647434759067,0.0017344489826521578,0.0013232064356070506,0.0013232059999791327,0.03125,1.229718693892953,0.0,0.0,9.286563294869214e-09,6.942932070716e-07
O2_s62_DPR_L,DPR_L,36,32,0.4520876171975878,0.1168724725721404,0.33521514462544744,2.0,2.0,2.0,2.0,0.8000000000000004,4.7058659143531845,0.08972412457597095,0.008705928964163447,-0.04085408690482967,-0.04085408690482967,-0.04085408512792196,0.0019738856708091776,0.0014250805362415104,0.0014250806219526456,0.0,1.214481745519722,0.0,0.0,1.1515596793737236e-08,6.6926304520694e-07
O2_s62_DPR_L,DPR_L,37,32,0.4910309978518951,0.13654504320584238,0.3544859546460527,2.0,2.0,2.0,2.0,0.8500000000000004,4.0072416746143285,0.07705532715736904,0.010964197034402023,-0.022513445235901895,-0.022513445235901902,-0.022513444160909897,0.0020544437884257322,0.0014902113243360658,0.0014902113889444547,0.0,1.2274653500125428,0.0,0.0,6.304075224420144e-09,5.82171084773601e-07
O2_s62_DPR_L,DPR_L,38,32,0.44066479144563725,0.11790554388426244,0.3227592475613748,2.0,2.0,2.0,2.0,0.8999999999999995,4.268729145238001,0.07188385620967074,0.010171251507285622,-0.031452303831577356,-0.031452303831577356,-0.03145230462014093,0.0017600312112773947,0.0012428290073546182,0.001242829328543984,0.03125,1.2115876112004729,0.0,0.0,9.34488512482816e-09,6.202285334229744e-07
O2_s62_DPR_L,DPR_L,39,32,0.44572535922740064,0.12510440091136843,0.3206209583160321,2.0,2.0,2.0,2.0,0.9499999999999995,4.628655783530349,0.08473531641304569,0.010513499718296517,-0.03737407105338779,-0.03737407105338779,-0.03737406848292601,0.002035786507509969,0.0014094111806357296,0.0014094111408166753,0.0625,1.25756052776566,0.0,0.0,7.972692852825689e-09,6.289038429618183e-07
O2_s62_DPR_L,DPR_L,40,32,0.4451946287884054,0.1209430766175501,0.3242515521708553,2.0,2.0,2.0,2.0,1.0,4.102170601652656,0.10057980539249815,0.008748635675064367,-0.03725662023172269,-0.037256620231722694,-0.03725662233632017,0.0018246251701441462,0.0012689203190160404,0.0012689201301920186,0.0625,1.2618548316591787,0.0,0.0,8.47140240149672e-09,6.098669070691038e-07
O2_s62_DPR_L,DPR_L,41,32,0.43957644807777724,0.12109855131711811,0.31847789676065924,2.0,2.0,2.0,2.0,1.0,4.001954129088214,0.07208133717694455,0.008385551940872388,-0.022140758844530706,-0.022140758844530706,-0.022140759241297086,0.0013035334336759675,0.0008920877087981304,0.0008920877936784678,0.0,1.2488748568116845,0.0,0.0,6.735778869122121e-09,5.579442242609137e-07
O2_s62_DPR_L,DPR_L,42,32,0.42922892536717205,0.11452356947120279,0.31470535589596915,2.0,2.0,2.0,2.0,1.0,4.729543005421358,0.08647463795103714,0.009268935500437305,-0.03764350604211524,-0.03764350604211524,-0.03764350063618115,0.001692339689653119,0.001135973033731073,0.0011359725845984324,0.0625,1.2528255874264982,0.0,0.0,1.2112626133699946e-08,6.725669343832444e-07
O2_s62_DPR_L,DPR_L,43,32,0.421385239066724,0.11468811891973019,0.3066971201469937,2.0,2.0,2.0,2.0,1.0,4.101346155851328,0.07765770754499134,0.013462137626015913,-0.030043254728693982,-0.030043254728693982,-0.030043254958097274,0.002244249948088117,0.0015300712946544719,0.0015300710978998773,0.0,1.2530526573509013,0.0,0.0,9.033468840072096e-09,6.080910682546881e-07
O2_s62_DPR_L,DPR_L,44,32,0.43984324447454476,0.11905247252434492,0.32079077195019995,2.0,2.0,2.0,2.0,1.0,5.022298458082003,0.07404085357535184,0.010844323763833855,-0.03465379952760109,-0.03465379952760109,-0.03465379677709235,0.0017474698205313147,0.0012106997492834506,0.0012106995598040481,0.03125,1.251923645367199,0.0,0.0,1.130630557191653e-08,6.93735832518493e-07
O2_s62_DPR_L,DPR_L,45,32,0.370996928219086,0.09017652762122452,0.28082040059786145,2.0,2.0,2.0,2.0,1.0,5.0479047755897515,0.058385620957327994,0.010482259228516847,-0.02841177279098103,-0.02841177279098103,-0.028411769258935245,0.0013487872218741594,0.0009273332347458797,0.0009273324868396098,0.03125,1.2132709273701865,0.0,0.0,9.419591522154132e-09,6.55127663134194e-07
O2_s62_DPR_L,DPR_L,46,32,0.4413083060848827,0.11938682151958346,0.3219214845652992,2.0,2.0,2.0,2.0,1.0,4.289671761751387,0.08423584445698658,0.00898752043093074,-0.024513226033292757,-0.024513226033292757,-0.024513223347444758,0.0015407656372371727,0.0010332700761789147,0.0010332702472939674,0.0,1.2734628085711994,0.0,0.0,1.0271412014342768e-08,6.359797174873718e-07
O2_s62_DPR_L,DPR_L,47,32,0.42071326392157854,0.10962563578505069,0.3110876281365278,2.0,2.0,2.0,2.0,1.0,4.116971033698763,0.06713637757400909,0.010054222113695813,-0.024979011575546464,-0.024979011575546467,-0.024979013559449464,0.0014755609999384835,0.001019104145127555,0.0010191038186437233,0.03125,1.224658275378309,0.0,0.0,6.907580780554992e-09,5.959301556243936e-07
O2_s62_DPR_L,DPR_L,48,32,0.3930633467365155,0.10395456594415009,0.28910878079236546,2.0,2.0,2.0,2.0,1.0,4.0960766497556005,0.06460393370983487,0.00972806310220083,-0.02259347635461426,-0.02259347635461426,-0.022593477792552066,0.001409041137562604,0.000983539209010312,0.0009835388970333033,0.0,1.2629224871675406,0.0,0.0,6.230959390151053e-09,5.915914107090927e-07
O2_s62_DPR_L,DPR_L,49,32,0.370174196697398,0.09583418804686517,0.2743400086505328,2.0,2.0,2.0,2.0,1.0,3.918399955366548,0.06355280282285251,0.009874741642973174,-0.019780075668636057,-0.019780075668636057,-0.019780075782974412,0.0013474568099537156,0.0009186640232901311,0.0009186634331232077,0.0,1.2563598133036324,0.0,0.0,6.722021424784554e-09,5.682179124643816e-07
O2_s62_DPR_L,DPR_L,50,32,0.41582736298110057,0.1144410336855799,0.3013863292955207,2.0,2.0,2.0,2.0,1.0,4.988491592808679,0.057486821721682055,0.011040220477031973,-0.027527950103479686,-0.027527950103479686,-0.027527951946170803,0.0013987337902148335,0.0009764916715387773,0.0009764920958192751,0.0625,1.2385586829658963,0.0,0.0,1.1872212011299198e-08,6.818046521972486e-07
O2_s62_DPR_L,DPR_L,51,32,0.3901545962226249,0.10393295891117305,0.2862216373114516,2.0,2.0,2.0,2.0,1.0,3.7896756817321533,0.05223823680527471,0.011549290134742705,-0.019458737604138198,-0.01945873760413819,-0.01945873731185595,0.0013395806088382235,0.0009128298054886363,0.0009128303186731795,0.0,1.2478430327242704,0.0,0.0,5.9219922936235766e-09,5.927775509428186e-07
O2_s62_DPR_L,DPR_L,52,32,0.3677330865710381,0.09891058399807662,0.2688225025729613,2.0,2.0,2.0,2.0,1.0,3.326793608190424,0.05152077426096078,0.010022975250162693,-0.015190530780000025,-0.015190530780000024,-0.015190531151290012,0.0011292402167602333,0.0007431253366926994,0.0007431255159790053,0.0,1.2614609189768315,0.0,0.0,7.351019418266982e-09,5.111482534233468e-07
O2_s62_DPR_L,DPR_L,53,32,0.3664162775563865,0.10095187311526388,0.26546440444112257,2.0,2.0,2.0,2.0,1.0,4.3521247866810615,0.05447073590327585,0.00779908457396506,-0.0206390493018038,-0.0206390493018038,-0.020639049219391525,0.0009574286604593483,0.0006762266561092984,0.00067622687916177,0.0,1.2940734602389024,0.0,0.0,8.54438797484301e-09,6.227754823026325e-07
O2_s62_DPR_L,DPR_L,54,32,0.3704819058223779,0.10095813113730401,0.2695237746850738,2.0,2.0,2.0,2.0,1.0,4.06272390852571,0.06074566838060956,0.008638571781935077,-0.01990957848475957,-0.01990957848475957,-0.019909576824748556,0.001132981116866284,0.0007728888577741606,0.0007728887120164214,0.0,1.232824276831508,0.0,0.0,7.310866834160304e-09,6.066144116142182e-07
O2_s62_DPR_L,DPR_L,55,32,0.4084119846723214,0.11450613080523908,0.29390585386708235,2.0,2.0,2.0,2.0,1.0,3.7403612433152023,0.054597617532176915,0.009718797030143937,-0.01636846928165077,-0.01636846928165077,-0.016368469168610685,0.001114230748529112,0.0007629423426420012,0.0007629421719038657,0.0,1.2060974943357308,0.0,0.0,7.933408793105691e-09,5.598606453781106e-07
O2_s62_DPR_L,DPR_L,56,32,0.3957641017693114,0.10107392258942127,0.2946901791798902,2.0,2.0,2.0,2.0,1.0,4.585392044931883,0.0556948922551282,0.009440279889131781,-0.02217063907898755,-0.022170639078987555,-0.022170640297168344,0.001177597109984515,0.0008289138023283652,0.0008289138912361662,0.0,1.2945825286876371,0.0,0.0,7.4358086951031385e-09,6.612194576346867e-07
O2_s62_DPR_L,DPR_L,57,32,0.39255612206858864,0.1039971811696887,0.2885589408988999,2.0,2.0,2.0,2.0,1.0,4.5264167553025425,0.06005942866754122,0.010387629481127078,-0.02835770282634092,-0.028357702826340925,-0.028357701324804394,0.0013775116830972898,0.0009587621806808024,0.0009587621122794652,0.03125,1.2435550600859602,0.0,0.0,6.088864882599962e-09,6.983842819774662e-07
O2_s62_DPR_L,DPR_L,58,32,0.3695471919790197,0.09749310777988285,0.2720540841991368,2.0,2.0,2.0,2.0,1.0,3.8000147778168856,0.0543017181155424,0.009666658561351692,-0.01821447044028363,-0.01821447044028363,-0.018214471810371516,0.0012318988122778398,0.0008731557715006941,0.0008731555152509803,0.03125,1.244002647092465,0.0,0.0,5.3498710404786525e-09,5.992647217057893e-07
O2_s62_DPR_L,DPR_L,59,32,0.3576231279628868,0.08799015288241208,0.26963297508047473,2.0,2.0,2.0,2.0,1.0,4.600022359190726,0.05486913730874601,0.00902346808433102,-0.02752515358260264,-0.02752515358260264,-0.027525155622888146,0.001179930408538384,0.0007968972263294053,0.0007968973094421325,0.03125,1.252703204114589,0.0,0.0,1.1217592121234466e-08,7.052477601291957e-07
O2_s62_DPR_L,DPR_L,60,32,0.4054093086576707,0.1075074722757563,0.2979018363819145,2.0,2.0,2.0,2.0,1.0,4.757651937650453,0.06365156976779421,0.009387903962652667,-0.026106339351164742,-0.026106339351164742,-0.026106337572421215,0.0013027926024718592,0.000894302757573856,0.0008943023271820047,0.0625,1.251728427872553,0.0,0.0,9.014062066613719e-09,7.05488167792879e-07
O2_s62_DPR_L,DPR_L,61,32,0.37294296135679883,0.10359854868147522,0.26934441267532355,2.0,2.0,2.0,2.0,1.0,3.650291381029376,0.05072582973958281,0.008205105610017582,-0.01451753343340497,-0.01451753343340497,-0.014517531897383572,0.0009219337941976045,0.0006402097639810734,0.0006402091694067996,0.0,1.2828813977981064,0.0,0.0,7.730509292063032e-09,5.788015404284069e-07
O2_s62_DPR_L,DPR_L,62,32,0.3651390288850527,0.09282325964886695,0.2723157692361857,2.0,2.0,2.0,2.0,1.0,3.440439271168719,0.051978919515034576,0.009432341899890343,-0.01701981399639988,-0.01701981399639988,-0.01701981117736959,0.001010867802805047,0.0006908016226010351,0.0006908012289059765,0.09375,1.246135020506722,0.0,0.0,6.670566338313167e-09,5.714659035053801e-07
O2_s62_DPR_L,DPR_L,63,32,0.381314356016978,0.09967366687487811,0.2816406891420999,2.0,2.0,2.0,2.0,1.0,5.158403658744551,0.05885599350100489,0.009954662330053776,-0.02445636521194532,-0.02445636521194532,-0.024456369032832808,0.001308644369355536,0.0009032773536807715,0.0009032774683141859,0.0625,1.2756631704544303,0.0,0.0,1.117198294285968e-08,7.333781089468358e-07
O2_s62_DPR_L,DPR_L,64,32,0.3511233304819912,0.08814241079380736,0.2629809196881839,2.0,2.0,2.0,2.0,1.0,3.8572661746527466,0.052086186978201054,0.007463967433294611,-0.017414130897183112,-0.017414130897183112,-0.0174141310997232,0.0008226733183209267,0.0005593464416452254,0.000559346631434732,0.03125,1.2669812716791489,0.0,0.0,8.475150141276833e-09,6.305688481286956e-07
O2_s62_DPR_L,DPR_L,65,32,0.37959129058236313,0.09359786903951317,0.28599342154285,2.0,2.0,2.0,2.0,1.0,4.969066161731993,0.049045351019839804,0.012623357506929469,-0.022593699631417042,-0.022593699631417042,-0.022593699810259438,0.001352641988992465,0.0009380885673584623,0.0009380888660414282,0.09375,1.2545755250905413,0.0,0.0,8.685065889340773e-09,7.413552547827765e-07
O2_s62_DPR_L,DPR_L,66,32,0.3378937795283896,0.09125428897095844,0.24663949055743123,2.0,2.0,2.0,2.0,1.0,4.014098492056153,0.04674713687962591,0.013405609863029678,-0.017489990463023384,-0.017489990463023384,-0.017489991730511408,0.0013462855094687161,0.0008716821905810428,0.0008716824267074626,0.09375,1.2191260765446397,0.0,0.0,7.449004364535423e-09,6.03296812770316e-07
O2_s62_DPR_L,DPR_L,67,32,0.36196211513654225,0.09622621006565168,0.26573590507089057,2.0,2.0,2.0,2.0,1.0,3.890471690940645,0.045091604330934405,0.009762413909831825,-0.015988321780687646,-0.015988321780687646,-0.015988324856814708,0.0009615472402634679,0.0006460967116704944,0.0006460968422169183,0.0,1.2799908593299116,0.0,0.0,8.112965742232036e-09,6.26185400606344e-07
O2_s62_DPR_L,DPR_L,68,32,0.32641567974274144,0.0794911979464814,0.24692448179626003,2.0,2.0,2.0,2.0,1.0,4.209080864590401,0.0540612563252969,0.00892564677069373,-0.019160356337994146,-0.019160356337994146,-0.019160352948729503,0.001062407870053448,0.0007115740202293354,0.0007115744326238814,0.03125,1.2378636080888255,0.0,0.0,7.984465835182877e-09,6.692909850816558e-07
O2_s62_DPR_L,DPR_L,69,32,0.34778747333992005,0.09323720436077565,0.2545502689791444,2.0,2.0,2.0,2.0,1.0,4.840531285659753,0.04195155339367636,0.011003713347219583,-0.01868987019889633,-0.018689870198896334,-0.01868987164541151,0.0010075979975122285,0.0006931931720621033,0.000693193537262501,0.03125,1.2536315312447734,0.0,0.0,7.947157090252537e-09,7.204260116827735e-07
O2_s62_DPR_L,DPR_L,70,32,0.3650137160077964,0.09331776772160083,0.27169594828619553,2.0,2.0,2.0,2.0,1.0,5.630222110792161,0.06085413701063199,0.00889754019623643,-0.030831241767563106,-0.030831241767563102,-0.030831239809989117,0.0011148383615863602,0.0007715278694609586,0.0007715274373852421,0.0,1.2596866505647393,0.0,0.0,8.963959151744474e-09,8.563794313665011e-07
O2_s62_DPR_L,DPR_L,71,32,0.31448943815122665,0.07721954199951142,0.23726989615171523,2.0,2.0,2.0,2.0,1.0,3.6887608588368987,0.04618894630788588,0.007453498348661741,-0.011871839574063866,-0.011871839574063866,-0.0118718407215157,0.0007606871739297288,0.0005359173082915392,0.000535917403109796,0.03125,1.2576516042237527,0.0,0.0,7.070113148111894e-09,5.974976963479427e-07
O2_s62_DPR_L,DPR_L,72,32,0.3240071171305253,0.0864736910443753,0.23753342608615,2.0,2.0,2.0,2.0,1.0,5.331408154446393,0.046022604307285865,0.010948316664125712,-0.02324810237842936,-0.02324810237842936,-0.023248102873332437,0.0011090975539355971,0.0007565829364910525,0.0007565832599636575,0.03125,1.2320397773992313,0.0,0.0,9.781136410738307e-09,7.699016154484541e-07
O2_s62_DPR_L,DPR_L,73,32,0.3251676651947631,0.08758059603860602,0.2375870691561571,2.0,2.0,2.0,2.0,1.0,4.409588120198393,0.04234067532628477,0.010204644442187149,-0.014853229089275858,-0.014853229089275858,-0.014853228577234909,0.0009548745175904391,0.0006493281914745535,0.0006493282251601443,0.03125,1.2323136880460517,0.0,0.0,9.253726499789873e-09,6.785426244579924e-07
O2_s62_DPR_L,DPR_L,74,32,0.3501594996279501,0.08622690022457391,0.2639325994033762,2.0,2.0,2.0,2.0,1.0,3.891790157896038,0.04003635309772997,0.008461965290332794,-0.013857137263781384,-0.013857137263781384,-0.013857134874590732,0.0007178042319659182,0.0004939599147428218,0.0004939600128462175,0.03125,1.2488340100704514,0.0,0.0,9.826011057054429e-09,6.556492149993786e-07
O2_s62_DPR_L,DPR_L,75,32,0.3238370210534862,0.07911827135831118,0.24471874969517507,2.0,2.0,2.0,2.0,1.0,3.309159187081921,0.0448580121575622,0.010026187417898094,-0.011735666979688412,-0.011735666979688412,-0.011735667632533385,0.0009908167945145822,0.0006650781410259524,0.0006650782957524811,0.03125,1.232167244959374,0.0,0.0,6.712489674317521e-09,5.710580754112781e-07
O2_s62_DPR_L,DPR_L,76,32,0.3088294252924773,0.078115263604559,0.23071416168791836,2.0,2.0,2.0,2.0,1.0,4.79297461240352,0.038741526904509334,0.009543918495579397,-0.024676323904260868,-0.024676323904260868,-0.024676325557496104,0.0007787766044880587,0.0005357240117054441,0.0005357236619598468,0.03125,1.2087308964943686,0.0,0.0,8.909126596383442e-09,7.072772329544278e-07
O2_s62_DPR_L,DPR_L,77,32,0.32529970757597565,0.08345874544465914,0.24184096213131664,2.0,2.0,2.0,2.0,1.0,4.031439164561536,0.04336030383592407,0.007134953551770348,-0.011677680264757365,-0.011677680264757365,-0.011677679597123352,0.0006386232371541984,0.00043228454932537844,0.0004322845764775866,0.0,1.243066895755461,0.0,0.0,6.891279373278362e-09,6.357703337559515e-07
O2_s62_DPR_L,DPR_L,78,32,0.31566164423790916,0.07759882078971714,0.238062823448192,2.0,2.0,2.0,2.0,1.0,3.777275473385699,0.03011497389516117,0.010855070633938578,-0.010688999807421683,-0.010688999807421683,-0.01068899836450582,0.0007088757977458601,0.0004797196424914094,0.00047971971628502064,0.0,1.2515201957127895,0.0,0.0,8.545526461074823e-09,6.11847722861069e-07
O2_s62_DPR_L,DPR_L,79,32,0.3334805874657131,0.08288655732758343,0.2505940301381296,2.0,2.0,2.0,2.0,1.0,4.232658659042359,0.03542529923827447,0.010606644809425544,-0.012974096617927878,-0.012974096617927878,-0.012974094322178964,0.000792069921077348,0.0005270272773452515,0.0005270270769011241,0.0625,1.2398519663890675,0.0,0.0,5.801460786694948e-09,6.938655364374245e-07
O2_s62_DPR_L,DPR_L,80,32,0.34481110454654196,0.09032021090388298,0.2544908936426589,2.0,2.0,2.0,2.0,1.0,4.372840002808685,0.029863163426767234,0.010963987021338299,-0.010614096821682168,-0.010614096821682167,-0.010614095897140026,0.0007124048656635808,0.0004891587789290616,0.0004891586186795318,0.03125,1.2278194241920206,0.0,0.0,7.341967524232767e-09,6.70178981118285e-07
O2_s62_DPR_L,DPR_L,81,32,0.2784745965521026,0.06808006815845147,0.21039452839365116,2.0,2.0,2.0,2.0,1.0,3.4934931358267947,0.0291284561703375,0.009669439312889428,-0.008120694944234981,-0.008120694944234981,-0.008120692923274978,0.0006279140028971446,0.0004380658447140136,0.00043806583403586805,0.03125,1.263753954507671,0.0,0.0,8.38637214906046e-09,5.67182970693542e-07
O2_s62_DPR_L,DPR_L,82,32,0.2768234784567923,0.06874131003860384,0.20808216841818844,2.0,2.0,2.0,2.0,1.0,4.01894716518058,0.03395841511928684,0.005537066089567785,-0.009618826708427917,-0.009618826708427917,-0.009618824320819785,0.00041090384895948383,0.00028144951836833423,0.0002814496585252635,0.0,1.2750697119070364,0.0,0.0,8.99766145510342e-09,6.183095668994354e-07
O2_s62_DPR_L,DPR_L,83,32,0.3240624443894121,0.08202911831904203,0.24203332607037006,2.0,2.0,2.0,2.0,1.0,3.9109939743458764,0.027929822493786734,0.009373184643212918,-0.009475185912024646,-0.009475185912024646,-0.009475189315894193,0.0005831300401050381,0.00039802220058208994,0.0003980223869011486,0.0,1.2637264088772144,0.0,0.0,8.526679432186039e-09,6.546271423360549e-07
O2_s62_DPR_L,DPR_L,84,32,0.30498411822612737,0.08048304129624739,0.22450107692988003,2.0,2.0,2.0,2.0,1.0,3.539088802325024,0.025014922039336487,0.008114173433265669,-0.007438937972618689,-0.007438937972618688,-0.007438937502639605,0.00045391397926458047,0.00031579437683489575,0.0003157945974948124,0.03125,1.2124988351278245,0.0,0.0,6.671728687730244e-09,5.979103968172044e-07
O2_s62_DPR_L,DPR_L,85,32,0.2727119025723837,0.06542139768134803,0.20729050489103562,2.0,2.0,2.0,2.0,1.0,3.2579137218727436,0.022605761070676737,0.009116418841115881,-0.005672739015424952,-0.005672739015424952,-0.005672736556984833,0.0004315381103661278,0.0002912945826317218,0.0002912945537012148,0.0,1.2585143881335985,0.0,0.0,7.268869514599295e-09,5.43712424687438e-07
O2_s62_DPR_L,DPR_L,86,32,0.2602807781336733,0.06519744585966691,0.19508333227400637,2.0,2.0,2.0,2.0,1.0,3.5137395090692203,0.022167906728661712,0.011873794454384334,-0.0072694598775846185,-0.0072694598775846185,-0.007269458754902471,0.0005891802037159762,0.0004071139730760272,0.0004071138282611857,0.03125,1.2354823971160223,0.0,0.0,5.990339941443885e-09,6.058754001737465e-07
O2_s62_DPR_L,DPR_L,87,32,0.2929982262813622,0.07383554504485801,0.21916268123650406,2.0,2.0,2.0,2.0,1.0,4.015302806428697,0.019833967816093246,0.011112922939558897,-0.006842175076031446,-0.006842175076031446,-0.006842176307661908,0.0005061566950701772,0.00033692217749394914,0.00033692193132877697,0.09375,1.2224392601533185,0.0,0.0,7.077316281257336e-09,6.666664190805787e-07
O2_s62_DPR_L,DPR_L,88,32,0.30244852209901957,0.08059873688034713,0.22184978521867244,2.0,2.0,2.0,2.0,1.0,5.239755843215257,0.02628799785004016,0.009754949170241162,-0.014785221884341978,-0.014785221884341976,-0.014785222740322838,0.0005667234075177347,0.00037850116802166326,0.00037850130155116295,0.0625,1.2743696512103277,0.0,0.0,1.1456999295134971e-08,8.140240798046365e-07
O2_s62_DPR_L,DPR_L,89,32,0.2992978744374054,0.07187069533392787,0.2274271791034776,2.0,2.0,2.0,2.0,1.0,4.81950290865245,0.02077333986898678,0.012046935768638715,-0.010671948312086873,-0.010671948312086873,-0.01067194696039782,0.0005162790943734189,0.00034776031622256193,0.0003477602054983927,0.0625,1.2218044260068632,0.0,0.0,8.92837316722625e-09,8.009119199426711e-07
O2_s62_DPR_L,DPR_L,90,32,0.2846332585874987,0.07406357961008325,0.21056967897741538,2.0,2.0,2.0,2.0,1.0,3.4508848871591056,0.016276909882493206,0.008176859346982264,-0.005018309485082475,-0.005018309485082475,-0.005018312982557206,0.0003022270180410217,0.00020861187675257013,0.00020861218428457014,0.0,1.2095665896360368,0.0,0.0,7.549562438853402e-09,5.995645098424719e-07
O2_s62_DPR_L,DPR_L,91,32,0.2612009505864608,0.06505111657315865,0.19614983401330213,2.0,2.0,2.0,2.0,1.0,3.92888258691877,0.013107201637727935,0.010038452848906362,-0.00490290029461293,-0.00490290029461293,-0.004902897647200617,0.00028847047211278645,0.0001950275239900355,0.0001950275924570136,0.03125,1.2241830685422312,0.0,0.0,7.734200095270882e-09,6.221997161495101e-07
O2_s62_DPR_L,DPR_L,92,32,0.27344880236202473,0.07025340473046526,0.20319539763155944,2.0,2.0,2.0,2.0,1.0,3.7426970874767176,0.013150995125729304,0.007104384869648185,-0.0037426904201936753,-0.0037426904201936758,-0.0037426911630724755,0.00020516057319658101,0.00013815717709198206,0.00013815730708452382,0.0,1.2515801663826582,0.0,0.0,8.551502447140566e-09,6.143937684476222e-07
O2_s62_DPR_L,DPR_L,93,32,0.25432196247037886,0.06254168332088739,0.1917802791494915,2.0,2.0,2.0,2.0,1.0,3.4675731710835063,0.010349977029978948,0.009415637223229524,-0.003055476598640077,-0.003055476598640077,-0.003055474471584412,0.00020882433727201582,0.0001418877166451309,0.00014188767446127746,0.0,1.199496359037237,0.0,0.0,6.925558356000794e-09,5.689315153330745e-07
O2_s62_DPR_L,DPR_L,94,32,0.25791285924458945,0.06650901469402015,0.1914038445505693,2.0,2.0,2.0,2.0,1.0,3.4125975428262945,0.01074901895119226,0.007914915901902674,-0.004207997688473584,-0.004207997688473584,-0.004207997595116923,0.0001833197678679093,0.00012307616635805178,0.00012307543227427963,0.03125,1.2552258312403162,0.0,0.0,4.929430454916852e-09,6.089188861381782e-07
O2_s62_DPR_L,DPR_L,95,32,0.27719331922251406,0.06410754012176767,0.2130857791007463,2.0,2.0,2.0,2.0,1.0,3.7843578971771827,0.009737041271595687,0.010667163279032651,-0.0031113515774102885,-0.0031113515774102885,-0.0031113527567794576,0.00023387184430789362,0.0001580929572929322,0.00015809300316651327,0.03125,1.2270550420751356,0.0,0.0,6.739835063844364e-09,6.249139723430136e-07
O2_s62_DPR_L,DPR_L,96,32,0.251916066106487,0.060349717910867184,0.1915663481956198,2.0,2.0,2.0,2.0,1.0,4.211371236418447,0.008003914355504276,0.010133677433482983,-0.0031255902517252523,-0.0031255902517252523,-0.0031255918121794184,0.000175683820334207,0.0001178482543016785,0.00011784816540253259,0.0,1.2577720050972434,0.0,0.0,9.667867729136312e-09,6.750441150373715e-07
O2_s62_DPR_L,DPR_L,97,32,0.24173611050943047,0.057641925290226936,0.18409418521920354,2.0,2.0,2.0,2.0,1.0,3.4923409891889645,0.0062421008341154325,0.006469967032423882,-0.0017427353832050682,-0.0017427353832050684,-0.0017427329460164395,9.140117040460719e-05,6.211806514072661e-05,6.211823797218694e-05,0.03125,1.2910017088867543,0.0,0.0,7.2577649054258266e-09,5.776993035575453e-07
O2_s62_DPR_L,DPR_L,98,32,0.26976437197828196,0.0669025438837707,0.20286182809451128,2.0,2.0,2.0,2.0,1.0,3.5557649182773523,0.004691880281019753,0.008523776354778892,-0.0015308428516451172,-0.001530842851645117,-0.0015308432898311112,8.77416657197185e-05,5.9696145982618794e-05,5.969700903636606e-05,0.0625,1.2404593142646736,0.0,0.0,4.579012643935144e-09,6.0392014773701e-07
O2_s62_DPR_L,DPR_L,99,32,0.2754485169091067,0.06969007034786046,0.20575844656124626,2.0,2.0,2.0,2.0,1.0,3.436191231310453,0.003295929343833066,0.007157802912722374,-0.0009398371183657173,-0.0009398371183657173,-0.0009398363589934285,5.036192142061244e-05,3.4796866871583654e-05,3.479749375619197e-05,0.03125,1.2039813879109493,0.0,0.0,6.961820692280578e-09,6.045890521502032e-07
O2_s62_DPR_L,DPR_L,100,32,0.24939367718950775,0.06660164834465832,0.18279202884484944,2.0,2.0,2.0,2.0,1.0,3.599740025978888,0.0013132738689903521,0.0077837633484374716,-0.00037722320336922894,-0.00037722320336922894,-0.00037722347431908226,2.3378251953676857e-05,1.658888393532687e-05,1.659139279861773e-05,0.03125,1.2294197723238136,0.0,0.0,7.420079728208783e-09,6.174109009141011e-07
O1_s63_DPR_U,DPR_U,1,21,0.603430622596736,0.2494865588489033,0.35394406374783266,2.0,0.0,0.0,0.0,0.0,6.8249213087781735,0.20550776444422403,0.0,-0.15257297290115415,-0.15257297290115415,-0.15257297290115415,0.0,0.0,0.0,0.09523809523809523,1.0,0.0,0.0,0.0,8.424568619920783e-07
O1_s63_DPR_U,DPR_U,2,21,0.4169343806019682,0.12916786418784232,0.2877665164141259,2.0,0.0,0.0,0.0,0.0,4.925515559647253,0.10141363441272229,0.0,-0.020886153125920896,-0.020886153125920896,-0.020886153125920896,0.0,0.0,0.0,0.09523809523809523,1.0,0.0,0.0,0.0,4.6726587551835435e-07
O1_s63_DPR_U,DPR_U,3,21,0.3664809749620363,0.112822430119628,0.25365854484240835,2.0,0.0,0.0,0.0,0.0,6.749301694583274,0.08172971232940292,0.0,-0.031479456806097705,-0.031479456806097705,-0.031479456806097705,0.0,0.0,0.0,0.09523809523809523,1.0,0.0,0.0,0.0,6.135083743250626e-07
O1_s63_DPR_U,DPR_U,4,21,0.35102824399324123,0.10671373705069225,0.24431450694254903,2.0,0.0,0.0,0.0,0.0,7.205204287138433,0.08576174082717761,0.0,-0.03431426126571385,-0.03431426126571385,-0.03431426126571385,0.0,0.0,0.0,0.19047619047619047,1.0,0.0,0.0,0.0,6.696760528928823e-07
O1_s63_DPR_U,DPR_U,5,21,0.2977725624736769,0.08969603053161077,0.20807653194206616,2.0,0.0,0.0,0.0,0.0,6.707773345291757,0.09145925237673841,0.0,-0.030504529598579876,-0.030504529598579876,-0.030504529598579876,0.0,0.0,0.0,0.09523809523809523,1.0,0.0,0.0,0.0,6.394140732296454e-07
O1_s63_DPR_U,DPR_U,6,21,0.3047031236010501,0.09526583712015833,0.20943728648089177,2.0,0.0,0.0,0.0,0.0,8.02736215081442,0.12156511897516221,0.0,-0.05366298658972406,-0.05366298658972406,-0.05366298658972406,0.0,0.0,0.0,0.19047619047619047,1.0,0.0,0.0,0.0,7.941264377324485e-07
O1_s63_DPR_U,DPR_U,7,21,0.35097640461232743,0.11499799575124468,0.23597840886108268,2.0,0.0,0.0,0.0,0.0,6.097866539855418,0.09329439745289243,0.0,-0.0273007821053979,-0.0273007821053979,-0.0273007821053979,0.0,0.0,0.0,0.09523809523809523,1.0,0.0,0.0,0.0,5.458323897860225e-07
O1_s63_DPR_U,DPR_U,8,21,0.280063512882155,0.0769915504469758,0.2030719624351792,2.0,0.0,0.0,0.0,0.0,6.050303463704362,0.08567932774440751,0.0,-0.02095600487089034,-0.02095600487089034,-0.02095600487089034,0.0,0.0,0.0,0.2857142857142857,1.0,0.0,0.0,0.0,5.476817585666195e-07
O1_s63_DPR_U,DPR_U,9,21,0.2262572352103675,0.06417191897829373,0.16208531623207378,2.0,0.0,0.0,0.0,0.0,5.9674595418860985,0.08709146971022094,0.0,-0.02157487210097494,-0.02157487210097494,-0.02157487210097494,0.0,0.0,0.0,0.09523809523809523,1.0,0.0,0.0,0.0,5.720949628606374e-07
O1_s63_DPR_U,DPR_U,10,21,0.19986440289496296,0.056211464816615694,0.14365293807834723,2.0,0.0,0.0,0.0,0.0,5.485518317856686,0.07570800344859735,0.0,-0.018034696993828942,-0.018034696993828942,-0.018034696993828942,0.0,0.0,0.0,0.0,1.0,0.0,0.0,0.0,5.003236141588085e-07
O1_s63_DPR_U,DPR_U,11,21,0.24312271170686,0.07498459411518914,0.16813811759167088,2.0,0.0,0.0,0.0,0.0,6.26356594864101,0.09683224287105906,0.0,-0.034033820079984047,-0.034033820079984047,-0.034033820079984047,0.0,0.0,0.0,0.23809523809523808,1.0,0.0,0.0,0.0,6.018874213337419e-07
O1_s63_DPR_U,DPR_U,12,21,0.27174148910641094,0.08261023745650337,0.18913125164990763,2.0,0.0,0.0,0.0,0.0,7.523442616225757,0.13252501362535546,0.0,-0.05497608780620824,-0.05497608780620824,-0.05497608780620824,0.0,0.0,0.0,0.09523809523809523,1.0,0.0,0.0,0.0,7.409842974582978e-07
O1_s63_DPR_U,DPR_U,13,21,0.23573016886705533,0.06744593896326564,0.16828422990378972,2.0,0.0,0.0,0.0,0.0,6.4584461519577845,0.09644028701401496,0.0,-0.028437818637854356,-0.028437818637854356,-0.028437818637854356,0.0,0.0,0.0,0.0,1.0,0.0,0.0,0.0,6.328858866600393e-07
O1_s63_DPR_U,DPR_U,14,21,0.19082507282084998,0.05378418256129537,0.1370408902595546,2.0,0.0,0.0,0.0,0.0,5.586820667540908,0.08416944212988203,0.0,-0.020646105766420484,-0.020646105766420484,-0.020646105766420484,0.0,0.0,0.0,0.047619047619047616,1.0,0.0,0.0,0.0,5.002481514012429e-07
O1_s63_DPR_U,DPR_U,15,21,0.2034114193457038,0.060701320213930945,0.1427100991317729,2.0,0.0,0.0,0.0,0.0,6.191805596545911,0.11405358407748874,0.0,-0.029934961919369195,-0.029934961919369195,-0.029934961919369195,0.0,0.0,0.0,0.047619047619047616,1.0,0.0,0.0,0.0,5.93486195329357e-07
O1_s63_DPR_U,DPR_U,16,21,0.22747463903322396,0.07005832982914788,0.15741630920407607,2.0,0.0,0.0,0.0,0.0,9.57448451558121,0.10611122072396799,0.0,-0.05685789431841498,-0.05685789431841498,-0.05685789431841498,0.0,0.0,0.0,0.19047619047619047,1.0,0.0,0.0,0.0,8.147970851816726e-07
O1_s63_DPR_U,DPR_U,17,21,0.22249952578871804,0.06693734051216216,0.15556218527655588,2.0,0.0,0.0,0.0,0.0,4.478619531871912,0.0852619044552481,0.0,-0.01094498990937315,-0.01094498990937315,-0.01094498990937315,0.0,0.0,0.0,0.047619047619047616,1.0,0.0,0.0,0.0,4.227803672317355e-07
O1_s63_DPR_U,DPR_U,18,21,0.17958875750376152,0.05042814410158566,0.12916061340217586,2.0,0.0,0.0,0.0,0.0,4.9089807627929956,0.0756528024122373,0.0,-0.017182433453116035,-0.017182433453116035,-0.017182433453116035,0.0,0.0,0.0,0.0,1.0,0.0,0.0,0.0,4.586596950372282e-07
O1_s63_DPR_U,DPR_U,19,21,0.17428403367499193,0.04825118095392272,0.12603285272106915,2.0,0.0,0.0,0.0,0.0,4.293521740529322,0.08181987831316816,0.0,-0.01892836280319772,-0.01892836280319772,-0.01892836280319772,0.0,0.0,0.0,0.19047619047619047,1.0,0.0,0.0,0.0,4.6025841581044836e-07
O1_s63_DPR_U,DPR_U,20,21,0.18394488930984712,0.056816007675869126,0.12712888163397804,2.0,0.0,0.0,0.0,0.0,7.664213010335867,0.11862691817998508,0.0,-0.03679099349786975,-0.03679099349786975,-0.03679099349786975,0.0,0.0,0.0,0.09523809523809523,1.0,0.0,0.0,0.0,6.447442394310549e-07
O1_s63_DPR_U,DPR_U,21,21,0.6862347692552996,0.2851156485932214,0.401119120662078,2.0,1.9523809523809523,2.0,2.0,0.05000000000000001,10.651886545831344,0.1628053872247515,0.0007757089521553702,-0.1522436578380317,-0.1522436578380317,-0.1522436572114155,0.004020675607053039,0.003938110873576777,0.003938111067732762,0.047619047619047616,1.0181845352919634,0.0,0.0,2.1759039439309855e-08,1.2486134724113198e-06
O1_s63_DPR_U,DPR_U,22,21,0.5985027140327807,0.21518085542179288,0.3833218586109877,2.0,1.9523809523809523,2.0,2.0,0.10000000000000002,5.488908794446808,0.16631628547769772,0.0010546534625131255,-0.04449570351456937,-0.04449570351456937,-0.04449570355738913,0.0027352676738905232,0.002617158674649913,0.002617158803313272,0.047619047619047616,1.0402330131140487,0.0,0.0,6.436817763381928e-09,6.547410191040311e-07
O1_s63_DPR_U,DPR_U,23,21,0.565178471586161,0.21217003464698792,0.353008436939173,2.0,1.9523809523809523,2.0,2.0,0.14999999999999997,5.018301490229634,0.18047304789417862,0.0010925228012474537,-0.05061634072330149,-0.05061634072330149,-0.05061633925966641,0.0022281606101527567,0.0021009173045417476,0.002100917107913479,0.047619047619047616,1.0517009005704605,0.0,0.0,6.9192350238335155e-09,6.634447014819757e-07
O1_s63_DPR_U,DPR_U,24,21,0.4803160162576119,0.15692565590143204,0.3233903603561799,2.0,1.9523809523809523,2.0,2.0,0.20000000000000004,5.173283872574375,0.1311490124561037,0.001634138437841126,-0.02964856415997586,-0.02964856415997586,-0.029648561095963557,0.0018419785281246323,0.0017107459386653593,0.0017107463070931942,0.14285714285714285,1.0757881242538976,0.0,0.0,5.956122645177828e-09,6.14764988404052e-07
O1_s63_DPR_U,DPR_U,25,21,0.44893546381723853,0.15741804384049915,0.2915174199767393,2.0,1.9523809523809523,2.0,2.0,0.25,4.6586954738172555,0.13791918254996485,0.0026450779170989445,-0.02059470070911779,-0.020594700709117786,-0.020594699804353356,0.002425919831073268,0.002123359554188072,0.002123360221262887,0.19047619047619047,1.1058302821253367,0.0,0.0,1.0391020406370022e-08,5.299078071803361e-07
O1_s63_DPR_U,DPR_U,26,21,0.42402565369034145,0.14160154972757613,0.2824241039627653,2.0,1.9523809523809523,2.0,2.0,0.29999999999999993,4.045706250507233,0.11672907317168037,0.00235530033840266,-0.0248586113704845,-0.0248586113704845,-0.024858612326265263,0.001396580234441042,0.0012110530693540092,0.0012110537224698523,0.047619047619047616,1.1312335301526493,0.0,0.0,6.585367286859608e-09,5.175183979252474e-07
O1_s63_DPR_U,DPR_U,27,21,0.47418207902825815,0.17009222276863598,0.3040898562596222,2.0,1.9523809523809523,2.0,2.0,0.34999999999999987,5.84810348954271,0.11778498069915597,0.0030410560365265217,-0.03981504289729624,-0.03981504289729624,-0.03981504526711156,0.0017743267747365819,0.0015516131515731872,0.0015516132743744974,0.047619047619047616,1.0949821177696417,0.0,0.0,1.1284711349028655e-08,6.939549041291557e-07
O1_s63_DPR_U,DPR_U,28,21,0.46590926240693725,0.16345277251232238,0.3024564898946148,2.0,1.9523809523809523,2.0,2.0,0.4000000000000001,6.306243354908315,0.11331910021430017,0.003932389468854898,-0.02786389003645797,-0.02786389003645797,-0.027863889143148763,0.001910006591003558,0.0016448274660383938,0.0016448273135945106,0.0,1.128735038045367,0.0,0.0,9.675948063781066e-09,6.805474477995215e-07
O1_s63_DPR_U,DPR_U,29,21,0.422731587601819,0.14548231058177494,0.2772492770200441,2.0,1.9523809523809523,2.0,2.0,0.44999999999999996,5.7649434206668175,0.10484584297104063,0.0037818380321829916,-0.02228860906959704,-0.02228860906959704,-0.022288610528929484,0.0015539973148224933,0.0013070107118237858,0.0013070105908872707,0.047619047619047616,1.131236919964501,0.0,0.0,9.663653521355549e-09,5.628851174585364e-07
O1_s63_DPR_U,DPR_U,30,21,0.44764020669841154,0.16327133260312535,0.28436887409528616,2.0,1.9523809523809523,2.0,2.0,0.5,8.13077749979078,0.12482793074938107,0.003713483225855859,-0.03887531469221223,-0.03887531469221223,-0.03887532278202143,0.0018750562206865946,0.0016257879787623267,0.0016257878861509162,0.09523809523809523,1.1717591490342105,0.0,0.0,1.6413714240986345e-08,7.759305566344189e-07
O1_s63_DPR_U,DPR_U,31,21,0.39672354590116765,0.1259709018326941,0.2707526440684736,2.0,1.9523809523809523,2.0,2.0,0.5500000000000002,6.605225091576084,0.08089561196945357,0.0036267532482289525,-0.02361237866651133,-0.02361237866651133,-0.023612380791936016,0.0011350672561399318,0.0009612726884381017,0.0009612730580336343,0.0,1.1699494223609994,0.0,0.0,1.0588036656142648e-08,6.400570016790123e-07
O1_s63_DPR_U,DPR_U,32,21,0.3875743670945352,0.13242468503969057,0.2551496820548446,2.0,1.9523809523809523,2.0,2.0,0.5999999999999999,5.490349658193884,0.07819975677128663,0.006114228056614962,-0.023766892820654653,-0.023766892820654653,-0.02376689525281071,0.0014657264055118638,0.0011569662768788377,0.001156966281389872,0.047619047619047616,1.195333498382839,0.0,0.0,6.9904462884418864e-09,5.937416987113524e-07
O1_s63_DPR_U,DPR_U,33,21,0.40446208479895307,0.12674643613752865,0.2777156486614244,2.0,1.9523809523809523,2.0,2.0,0.6500000000000001,6.800218020299461,0.0996234765978593,0.006333128442092518,-0.029384323489888894,-0.029384323489888894,-0.029384321552216364,0.0019161668377777811,0.0015454585108275111,0.0015454589076271087,0.047619047619047616,1.1678923270292025,0.0,0.0,1.0074030090487184e-08,6.951873048711185e-07
O1_s63_DPR_U,DPR_U,34,21,0.3790102497997413,0.12750659741106488,0.2515036523886764,2.0,1.9523809523809523,2.0,2.0,0.6999999999999997,6.4069624866402455,0.09371598422996043,0.00642217614822421,-0.02617045266265681,-0.026170452662656808,-0.026170457639692814,0.0017033660419482305,0.0013344023889125113,0.0013344025328359728,0.09523809523809523,1.1802011083304893,0.0,0.0,1.3439288108447385e-08,6.382231684404033e-07
O1_s63_DPR_U,DPR_U,35,21,0.3746597508096895,0.12986474626121067,0.24479500454847888,2.0,1.9523809523809523,2.0,2.0,0.75,6.2590479000805335,0.10714878944185369,0.006823058747871957,-0.030020951834282487,-0.030020951834282487,-0.030020945958545694,0.0019046536411884665,0.0014465884034080081,0.0014465882566380291,0.19047619047619047,1.287044766095667,0.0,0.0,1.0184182712940121e-08,7.019165120719066e-07
O1_s63_DPR_U,DPR_U,36,21,0.3748612282758044,0.12152085009784926,0.25334037817795513,2.0,1.9523809523809523,2.0,2.0,0.8000000000000002,6.379705874969563,0.09279771076501446,0.007130081708129457,-0.02294490822571181,-0.02294490822571181,-0.022944909692550114,0.001837863033881222,0.0013922684414274145,0.00139226837082359,0.047619047619047616,1.210920293894517,0.0,0.0,1.176066272962131e-08,6.220807985622826e-07
O1_s63_DPR_U,DPR_U,37,21,0.35735905365036164,0.11980983579442614,0.23754921785593552,2.0,1.9523809523809523,2.0,2.0,0.8499999999999999,5.709920920540988,0.08519811769787192,0.005826733676645375,-0.022028821901873084,-0.022028821901873084,-0.022028819749928107,0.0012452023435459891,0.0009274189101813974,0.00092741753459605,0.0,1.3035883023952597,0.0,0.0,1.2762164042656501e-08,6.123024667805611e-07
O1_s63_DPR_U,DPR_U,38,21,0.3322948179993494,0.10477221136291821,0.22752260663643117,2.0,1.9523809523809523,2.0,2.0,0.8999999999999999,6.127240403034672,0.08460106816449685,0.008163089842302624,-0.022233604344992473,-0.022233604344992476,-0.022233600983921877,0.001689415581909839,0.0012439928554848017,0.0012439923898533826,0.0,1.3167546698931236,0.0,0.0,1.0628528729074933e-08,6.437681115520713e-07
O1_s63_DPR_U,DPR_U,39,21,0.33455088373401526,0.1135523562275228,0.22099852750649243,2.0,1.9523809523809523,2.0,2.0,0.9499999999999996,6.747315038990682,0.0787693470092132,0.007539663956289313,-0.024137482292540563,-0.024137482292540563,-0.024137480752072154,0.0013725895953943168,0.0009649448850650621,0.0009649458232012188,0.047619047619047616,1.2844863091670806,0.0,0.0,1.035555852304447e-08,6.476001427338406e-07
O1_s63_DPR_U,DPR_U,40,21,0.3350990441941091,0.10892885462159202,0.22617018957251697,2.0,1.9523809523809523,2.0,2.0,1.0,6.481625043454694,0.11590395233773625,0.006665124556691223,-0.029076683916958914,-0.029076683916958918,-0.029076684182696794,0.0017231599489375218,0.0012481016003612077,0.0012481019002017508,0.047619047619047616,1.3793311354856825,0.0,0.0,1.0089438442729255e-08,7.333558125154533e-07
O1_s63_DPR_U,DPR_U,41,21,0.31328178270871104,0.10300542272272564,0.21027635998598537,2.0,1.9523809523809523,2.0,2.0,1.0,5.9952561338393515,0.07314485660208139,0.00978498197372704,-0.022539404983209926,-0.02253940498320993,-0.02253940709102657,0.0016378942264699224,0.001184794924137442,0.0011847951029383072,0.047619047619047616,1.344186096090366,0.0,0.0,9.975093556553142e-09,6.320993151122874e-07
O1_s63_DPR_U,DPR_U,42,21,0.32447606237084187,0.10598469099828176,0.21849137137256022,2.0,1.9523809523809523,2.0,2.0,1.0,6.0146210762470185,0.07071585806270753,0.005762487021387967,-0.023342418261559156,-0.02334241826155916,-0.02334241493561507,0.0009864359989129989,0.0007222718221109685,0.0007222720954101342,0.0,1.3831818215840355,0.0,0.0,6.008113026649943e-09,6.694048342770853e-07
O1_s63_DPR_U,DPR_U,43,21,0.32203527691144557,0.1076332392791907,0.21440203763225488,2.0,1.9523809523809523,2.0,2.0,1.0,7.257192947128813,0.083416399624735,0.005774876620447471,-0.028862311610779918,-0.028862311610779918,-0.028862309116092628,0.0012540672721506406,0.0009381760745310252,0.0009381759133460952,0.09523809523809523,1.3398729191623857,0.0,0.0,1.1820790643997838e-08,7.072673090103271e-07
O1_s63_DPR_U,DPR_U,44,21,0.3152680545635486,0.10439583659172058,0.21087221797182792,2.0,1.9523809523809523,2.0,2.0,1.0,6.730710995689448,0.0748571336564133,0.009689270098253456,-0.026426808521492425,-0.026426808521492425,-0.026426807171054653,0.0015984855538572072,0.0010933606681670918,0.0010933606516696616,0.047619047619047616,1.3984841337909553,0.0,0.0,1.1845726300347278e-08,6.686643077852408e-07
O1_s63_DPR_U,DPR_U,45,21,0.33041776061774797,0.11425501924185526,0.21616274137589278,2.0,1.9523809523809523,2.0,2.0,1.0,5.971544864935839,0.07064944055467688,0.006740314194456373,-0.022850424714175813,-0.022850424714175813,-0.02285042152281961,0.0010681456316498858,0.000746162855140284,0.0007461629581835221,0.14285714285714285,1.3755529910945303,0.0,0.0,8.54544261124311e-09,6.48205946207769e-07
O1_s63_DPR_U,DPR_U,46,21,0.314083135701208,0.10021075145119712,0.21387238425001084,2.0,1.9523809523809523,2.0,2.0,1.0,5.223238668613361,0.06543731553780194,0.006759453143013429,-0.020456231220459094,-0.020456231220459094,-0.020456234291433954,0.0009681017324813685,0.000657679540658807,0.0006576798398283038,0.047619047619047616,1.3829420880836765,0.0,0.0,7.859994139477379e-09,6.280047594616036e-07
O1_s63_DPR_U,DPR_U,47,21,0.33498327054962074,0.1197490142214866,0.21523425632813417,2.0,1.9523809523809523,2.0,2.0,1.0,6.213632375754811,0.07163872832635702,0.006870431381275739,-0.029375832309397647,-0.029375832309397647,-0.02937583082831132,0.0010213173500228465,0.0006944989829057481,0.0006944989837158447,0.0,1.3781099077251355,0.0,0.0,9.652083518021787e-09,6.620795506432428e-07
O1_s63_DPR_U,DPR_U,48,21,0.3180758236923806,0.10292390858133633,0.21515191511104423,2.0,1.9523809523809523,2.0,2.0,1.0,6.491941162099552,0.08404833978134889,0.00784443458290834,-0.024820462659547467,-0.024820462659547467,-0.024820463529195542,0.001533831393934406,0.0010923762545260395,0.0010923761981375356,0.09523809523809523,1.3591795374708489,0.0,0.0,1.1479102750465564e-08,7.104498085665473e-07
O1_s63_DPR_U,DPR_U,49,21,0.33497216610581093,0.1088422458796274,0.2261299202261835,2.0,1.9523809523809523,2.0,2.0,1.0,6.673207450006996,0.06908012274250896,0.009966283589566284,-0.026211637464834105,-0.026211637464834105,-0.026211636809707152,0.001586315588721112,0.001119614833984255,0.0011196146982260346,0.09523809523809523,1.297920641165099,0.0,0.0,9.700829172136345e-09,7.109896037527843e-07
O1_s63_DPR_U,DPR_U,50,21,0.2936756223837955,0.09472086528937022,0.1989547570944253,2.0,1.9523809523809523,2.0,2.0,1.0,4.32040426674974,0.06782647051779644,0.006154593674590544,-0.015473871386905317,-0.015473871386905317,-0.01547387251199124,0.000989358121444999,0.0007226258249522394,0.0007226257649318747,0.047619047619047616,1.3596624403755466,0.0,0.0,5.718708132498212e-09,5.435878967216053e-07
O1_s63_DPR_U,DPR_U,51,21,0.2675499342294468,0.08255683471049581,0.1849930995189509,2.0,1.9523809523809523,2.0,2.0,1.0,5.413380879327218,0.07337143721261001,0.008887505135117633,-0.020156224831980603,-0.020156224831980603,-0.020156228503023694,0.001383879290059349,0.0009194924046099853,0.0009194921957723348,0.047619047619047616,1.3432054100511144,0.0,0.0,8.893425124314262e-09,5.914366501878045e-07
O1_s63_DPR_U,DPR_U,52,21,0.2822127248023175,0.09113540411705062,0.19107732068526695,2.0,1.9523809523809523,2.0,2.0,1.0,5.7266703323899275,0.07008651555409319,0.009524541969356981,-0.02308629576374023,-0.02308629576374023,-0.02308629696918338,0.0014239073351161482,0.0009840725503972405,0.0009840732140960426,0.0,1.290312879066752,0.0,0.0,6.626990378118144e-09,6.379754011454845e-07
O1_s63_DPR_U,DPR_U,53,21,0.27698315754025765,0.0930217584328992,0.18396139910735848,2.0,1.9523809523809523,2.0,2.0,1.0,4.8650421060831786,0.06645451706722623,0.0053687799426439375,-0.014061706725820921,-0.014061706725820921,-0.014061710071576314,0.0008605726711591448,0.0006480733040987426,0.0006480733943801808,0.047619047619047616,1.365924568288643,0.0,0.0,8.708944087798306e-09,5.485555450301809e-07
O1_s63_DPR_U,DPR_U,54,21,0.2626370416738657,0.08494508479322706,0.17769195688063874,2.0,1.9523809523809523,2.0,2.0,1.0,5.757238930508576,0.05491203716718914,0.008453608163745957,-0.01600039800473636,-0.01600039800473636,-0.016000396939958812,0.0010908840040427074,0.000814712734426583,0.0008147130766230403,0.047619047619047616,1.2770962360086782,0.0,0.0,8.905604960689464e-09,6.245093891319106e-07
O1_s63_DPR_U,DPR_U,55,21,0.25600718609386064,0.08041598310782797,0.17559120298603273,2.0,1.9523809523809523,2.0,2.0,1.0,5.692505664225199,0.056453672681708,0.007569858973702479,-0.021198489730998527,-0.021198489730998527,-0.021198492344025717,0.0010105017687783273,0.0007306245932941418,0.0007306248871136513,0.19047619047619047,1.364061436643709,0.0,0.0,1.0632782457272761e-08,6.735418990789008e-07
O1_s63_DPR_U,DPR_U,56,21,0.3028289471371909,0.10415780863591603,0.19867113850127482,2.0,1.9523809523809523,2.0,2.0,1.0,5.4097691933725605,0.08168844686755088,0.005948084805391482,-0.02414817467234685,-0.02414817467234685,-0.024148174251532685,0.0011062801902819563,0.0007924609001639268,0.000792460980969236,0.047619047619047616,1.3608791078713802,0.0,0.0,1.1598110680683567e-08,6.869846674952875e-07
O1_s63_DPR_U,DPR_U,57,21,0.2851583382428918,0.09274839255071822,0.19240994569217348,2.0,1.9523809523809523,2.0,2.0,1.0,5.8375145036856715,0.06333391432789798,0.00650697395592312,-0.020584801245929485,-0.020584801245929485,-0.02058480439599293,0.0009146770828246138,0.0006588503572740366,0.0006588499873437527,0.047619047619047616,1.4094578845573489,0.0,0.0,1.0139386755028337e-08,6.713907970458824e-07
O1_s63_DPR_U,DPR_U,58,21,0.2731099032139427,0.08478082397154399,0.18832907924239872,2.0,1.9523809523809523,2.0,2.0,1.0,5.768719946914298,0.07093080228184176,0.007064436543359444,-0.019190685468238815,-0.019190685468238815,-0.01919068188784621,0.0011452670024003585,0.0007765502545298927,0.0007765504773666849,0.047619047619047616,1.3335185527891444,0.0,0.0,1.1493927360072783e-08,6.636016179856788e-07
O1_s63_DPR_U,DPR_U,59,21,0.2840561671263395,0.09094249120070821,0.19311367592563128,2.0,1.9523809523809523,2.0,2.0,1.0,5.3820701698233036,0.06072493499954181,0.006340515292501739,-0.015526295469920647,-0.015526295469920645,-0.015526295360296342,0.0008635429537794868,0.0006249705251624755,0.000624970141322763,0.09523809523809523,1.3440704742813578,0.0,0.0,1.009093627679308e-08,6.100513928414876e-07
O1_s63_DPR_U,DPR_U,60,21,0.27559018617022357,0.08668238527718045,0.188907800893043,2.0,1.9523809523809523,2.0,2.0,1.0,7.349330191395826,0.07346627337570591,0.006446517282605429,-0.02633762084830383,-0.02633762084830383,-0.026337622412338987,0.001008462436472476,0.000708952576470438,0.0007089533781420059,0.047619047619047616,1.2518324702016488,0.0,0.0,1.759214573904043e-08,7.665716415375222e-07
O1_s63_DPR_U,DPR_U,61,21,0.29643498976208393,0.10422282187002045,0.19221216789206347,2.0,1.9523809523809523,2.0,2.0,1.0,7.042056269171057,0.07832207812416128,0.008297450777407967,-0.025547300925771236,-0.025547300925771236,-0.025547296908462185,0.0014839798797322604,0.0010754725867007109,0.0010754722520844762,0.0,1.3947781856589754,0.0,0.0,1.018768318026821e-08,7.903365056054522e-07
O1_s63_DPR_U,DPR_U,62,21,0.2679833179700863,0.08659156340928305,0.18139175456080328,2.0,1.9523809523809523,2.0,2.0,1.0,5.497175687792092,0.07672655215816565,0.00825118890156552,-0.017143188515974545,-0.01714318851597455,-0.017143185978838224,0.0014697184105587511,0.0010796127256491764,0.001079612136137277,0.09523809523809523,1.314371315052305,0.0,0.0,8.726286392643059e-09,6.585734757998974e-07
O1_s63_DPR_U,DPR_U,63,21,0.2669716264006054,0.08531130193954423,0.18166032446106115,2.0,1.9523809523809523,2.0,2.0,1.0,5.051464086677947,0.06091660732292846,0.007960615727499365,-0.02122842363769559,-0.02122842363769559,-0.02122842304100424,0.0011525840989521645,0.0007862946427996209,0.0007862952685606757,0.14285714285714285,1.4055423847524733,0.0,0.0,8.465342242200032e-09,6.651349714572513e-07
O1_s63_DPR_U,DPR_U,64,21,0.27344201997550666,0.08702926674769038,0.18641275322781634,2.0,1.9523809523809523,2.0,2.0,1.0,5.6368959249068125,0.047398760411563955,0.009104281275916372,-0.015505001376869007,-0.015505001376869007,-0.015505002378549565,0.0009135952235808384,0.0006323573395814802,0.0006323574639111846,0.047619047619047616,1.3402444131232119,0.0,0.0,8.261168202139145e-09,6.381635208555336e-07
O1_s63_DPR_U,DPR_U,65,21,0.28726743365611374,0.0944741481826419,0.19279328547347194,2.0,1.9523809523809523,2.0,2.0,1.0,5.627770448269716,0.04626422370398588,0.010574061527716554,-0.016473144872212936,-0.016473144872212936,-0.01647314055902941,0.0010968913319312592,0.0007706295465081757,0.0007706292851828034,0.047619047619047616,1.3286808063339786,0.0,0.0,8.939247536188508e-09,6.825411426845936e-07
O1_s63_DPR_U,DPR_U,66,21,0.2602338242909625,0.08166808883349101,0.17856573545747145,2.0,1.9523809523809523,2.0,2.0,1.0,5.3985662987273075,0.05263158160396131,0.005407482697946535,-0.01435534113469356,-0.01435534113469356,-0.014355341720774937,0.0006545546586276842,0.00044766513740461154,0.0004476652019171578,0.0,1.3523493127033004,0.0,0.0,9.984901029143664e-09,6.445584186171361e-07
O1_s63_DPR_U,DPR_U,67,21,0.24858089841092576,0.07857969438745863,0.17000120402346716,2.0,1.9523809523809523,2.0,2.0,1.0,5.6886157832433115,0.041951061255628405,0.007551509291617015,-0.013348970350085455,-0.013348970350085455,-0.013348972033476306,0.0006964804133220353,0.0004784601468626959,0.00047845932625844277,0.047619047619047616,1.3769248656576634,0.0,0.0,1.2490936477870874e-08,6.280415769468002e-07
O1_s63_DPR_U,DPR_U,68,21,0.2563031019784751,0.08088851737834159,0.1754145846001336,2.0,1.9523809523809523,2.0,2.0,1.0,5.864285783766535,0.059306561700684254,0.006515496297213684,-0.0217171831388851,-0.021717183138885106,-0.021717189855731095,0.0008741451608582791,0.0006421119172162276,0.000642112214784731,0.047619047619047616,1.366143368032387,0.0,0.0,8.742820017753107e-09,7.477148975885147e-07
O1_s63_DPR_U,DPR_U,69,21,0.26932305187983613,0.08916281252389863,0.18016023935593756,2.0,1.9523809523809523,2.0,2.0,1.0,6.177570610021293,0.05778767823101369,0.009234192621708057,-0.018228273210672247,-0.018228273210672247,-0.01822827230433303,0.0011829325283115866,0.0008059170580537099,0.0008059172087233184,0.047619047619047616,1.3934864495396122,0.0,0.0,1.2431318326202499e-08,7.042872571477907e-07
O1_s63_DPR_U,DPR_U,70,21,0.24983595765991365,0.07877973733203751,0.17105622032787612,2.0,1.9523809523809523,2.0,2.0,1.0,5.523694420054669,0.04425546779758663,0.007140709767591543,-0.014176774064521416,-0.014176774064521417,-0.014176771815137759,0.0007266159261868409,0.0004946678009707507,0.0004946677860521604,0.0,1.398748507742023,0.0,0.0,1.1611513615052338e-08,6.929852437676886e-07
O1_s63_DPR_U,DPR_U,71,21,0.25006027857759966,0.0776532090135983,0.1724070695640014,2.0,1.9523809523809523,2.0,2.0,1.0,6.637409373141948,0.04758990549932159,0.007644521346834347,-0.0187955442642064,-0.018795544264206397,-0.018795550017465232,0.000828440269396402,0.0005777632994037412,0.0005777637190111787,0.0,1.3683562111535454,0.0,0.0,1.390067775684037e-08,7.751466818497651e-07
O1_s63_DPR_U,DPR_U,72,21,0.24278853644841944,0.07950227743103391,0.16328625901738555,2.0,1.9523809523809523,2.0,2.0,1.0,6.111016643561745,0.048840914046992576,0.008314734637978532,-0.016745812557456195,-0.01674581255745619,-0.016745810578086117,0.000954692820226372,0.0006765375862703578,0.0006765381044575693,0.0,1.4215819642013905,0.0,0.0,7.361803806966622e-09,7.478615681038474e-07
O1_s63_DPR_U,DPR_U,73,21,0.2493646528795174,0.08095407485961914,0.16841057801989825,2.0,1.9523809523809523,2.0,2.0,1.0,6.334751621661602,0.04290593314243553,0.007558006333834425,-0.017428753085998155,-0.017428753085998155,-0.01742875489281826,0.0007843670069599401,0.0005774779581062027,0.000577478477343115,0.047619047619047616,1.3856946393356975,0.0,0.0,1.2667980745913386e-08,7.535039474056761e-07
O1_s63_DPR_U,DPR_U,74,21,0.24901493251023693,0.07992440408893994,0.16909052842129693,2.0,1.9523809523809523,2.0,2.0,1.0,6.125649331391422,0.039720444019434274,0.008673216141488662,-0.01565235241110478,-0.01565235241110478,-0.015652352142288176,0.0007476005571611406,0.0005056090629342655,0.0005056088350288759,0.0,1.3327795043955404,0.0,0.0,1.305260317042362e-08,7.259893847369937e-07
O1_s63_DPR_U,DPR_U,75,21,0.28054757769971406,0.09077721692266918,0.18977036077704493,2.0,1.9523809523809523,2.0,2.0,1.0,9.18369899414697,0.04746959836921315,0.011322665292748954,-0.028059926337899343,-0.028059926337899353,-0.028059930189773638,0.0012560532493757904,0.0009309305355560124,0.0009309306746536365,0.09523809523809523,1.2996329941892397,0.0,0.0,1.3390260037728662e-08,9.595598547890793e-07
O1_s63_DPR_U,DPR_U,76,21,0.2424731361482146,0.07701253589420091,0.16546060025401377,2.0,1.9523809523809523,2.0,2.0,1.0,5.914891998388214,0.03991668263192718,0.008412168118104189,-0.012144184082189915,-0.012144184082189915,-0.012144179493344636,0.0007586942163826523,0.0005021987564323626,0.0005021994904782027,0.09523809523809523,1.330933481275223,0.0,0.0,1.3037107849814281e-08,6.919870960677517e-07
O1_s63_DPR_U,DPR_U,77,21,0.2289544260577045,0.07426004697169576,0.15469437908600872,2.0,1.9523809523809523,2.0,2.0,1.0,5.030117176113441,0.033633221727749484,0.007069594973310574,-0.009194755596105754,-0.009194755596105754,-0.009194757128802609,0.0005261137724675879,0.0003667004734754111,0.0003667005824652532,0.0,1.3624215230082841,0.0,0.0,7.484666371968042e-09,6.138220976541105e-07
O1_s63_DPR_U,DPR_U,78,21,0.21652329332392947,0.06608051735730398,0.15044277596662547,2.0,1.9523809523809523,2.0,2.0,1.0,4.953471615363835,0.03611456158054695,0.006920608799337187,-0.01038815562521124,-0.010388155625211242,-0.010388152904313743,0.0005625380051431387,0.00039877367920920185,0.0003987740368334417,0.0,1.2817470047054071,0.0,0.0,8.758162191034183e-09,6.119762840719097e-07
O1_s63_DPR_U,DPR_U,79,21,0.23337931801805128,0.07644627828683172,0.15693303973121958,2.0,1.9523809523809523,2.0,2.0,1.0,6.291010595668529,0.03308207868293779,0.009156786045313897,-0.012192348224633229,-0.012192348224633229,-0.012192342034696959,0.0006590517349138933,0.0004451922327667475,0.0004451921109046805,0.14285714285714285,1.4031774330395155,0.0,0.0,1.2524209192976126e-08,7.413199392065591e-07
O1_s63_DPR_U,DPR_U,80,21,0.2148550365345019,0.0681880648647036,0.1466669716697983,2.0,1.9523809523809523,2.0,2.0,1.0,4.38174206095473,0.02830982382644695,0.00828785790541116,-0.008034250380984017,-0.008034250380984018,-0.008034248606714593,0.0005179499438327212,0.0003634802075499442,0.0003634795926136785,0.047619047619047616,1.323646289042782,0.0,0.0,6.4291562352278275e-09,5.883353307821334e-07
O1_s63_DPR_U,DPR_U,81,21,0.22560979449352186,0.07249482437258675,0.15311497012093503,2.0,1.9523809523809523,2.0,2.0,1.0,5.012092254855225,0.028620162708302636,0.007329058872569145,-0.008971373281993178,-0.008971373281993178,-0.008971374941051363,0.00048401985524298654,0.00034670783603966634,0.0003467080468286453,0.0,1.334049015646524,0.0,0.0,9.552156188512065e-09,6.334155795095294e-07
O1_s63_DPR_U,DPR_U,82,21,0.2164669861197198,0.06954649516514369,0.14692049095457613,2.0,1.9523809523809523,2.0,2.0,1.0,4.4200981424377455,0.030052768573010265,0.006361980489589093,-0.008403047871682973,-0.008403047871682973,-0.008403045835870877,0.00042515130851979974,0.00029684997655819284,0.0002968503481858447,0.0,1.3340971919323148,0.0,0.0,6.511026562392002e-09,6.026810469018405e-07
O1_s63_DPR_U,DPR_U,83,21,0.219816242404523,0.07026656646104086,0.14954967594348215,2.0,1.9523809523809523,2.0,2.0,1.0,5.081376979374128,0.027985211048432285,0.007061390896433552,-0.008644781996584059,-0.008644781996584059,-0.0086447791023414,0.00046598055717126687,0.00033472106709772035,0.00033472040717233897,0.047619047619047616,1.346245039587731,0.0,0.0,7.496284335700617e-09,6.595461741677062e-07
O1_s63_DPR_U,DPR_U,84,21,0.21586060565737902,0.07041323628453981,0.1454473693728392,2.0,1.9523809523809523,2.0,2.0,1.0,4.944734558380129,0.028545805574400018,0.005157395881397142,-0.008056525783938877,-0.008056525783938876,-0.008056529031807941,0.0003363132450177571,0.0002408126861111505,0.0002408124055072765,0.0,1.4029176379367494,0.0,0.0,7.248009794535446e-09,6.122003841574284e-07
O1_s63_DPR_U,DPR_U,85,21,0.21836818921727158,0.06998650995748383,0.14838167925978774,2.0,1.9523809523809523,2.0,2.0,1.0,6.605633532060724,0.025192737453776037,0.00813725204693896,-0.01086375337812163,-0.01086375337812163,-0.010863752288618028,0.00045756472516805406,0.00032664635162902114,0.00032664643515269235,0.09523809523809523,1.3444770418112864,0.0,0.0,1.3007455408712104e-08,7.484389877627995e-07
O1_s63_DPR_U,DPR_U,86,21,0.22612504723054933,0.07269401245173954,0.15343103477880976,2.0,1.9523809523809523,2.0,2.0,1.0,6.738533960597468,0.029743915375742787,0.011021556911624897,-0.01316297263720108,-0.01316297263720108,-0.013162967412034574,0.0007751224084085004,0.0005295871595925049,0.0005295865438957369,0.09523809523809523,1.3898425653019835,0.0,0.0,1.2965880487216746e-08,8.032350714504182e-07
O1_s63_DPR_U,DPR_U,87,21,0.19379241307790337,0.06049111254868053,0.13330130052922287,2.0,1.9523809523809523,2.0,2.0,1.0,4.763888015557584,0.02311892804177578,0.008908374555602703,-0.006726248781854606,-0.006726248781854607,-0.006726246406814904,0.00047109080406343353,0.000350804865567028,0.00035080483369526866,0.0,1.313059073846448,0.0,0.0,7.378096933149052e-09,6.020011785717545e-07
O1_s63_DPR_U,DPR_U,88,21,0.207529556407179,0.06666343978473119,0.14086611662244777,2.0,1.9523809523809523,2.0,2.0,1.0,4.992814328887584,0.019666873168756222,0.008996290387662828,-0.006892752631442479,-0.006892752631442479,-0.006892752575590787,0.00041521130151984237,0.0002889861647877268,0.0002889860942253698,0.0,1.3919387093747133,0.0,0.0,7.162844332441562e-09,6.452533568719457e-07
O1_s63_DPR_U,DPR_U,89,21,0.20310516353859015,0.06527309793801535,0.13783206560057482,2.0,1.9523809523809523,2.0,2.0,1.0,3.883607444378117,0.021098586368285915,0.009351531382522532,-0.00528816354927006,-0.00528816354927006,-0.005288160285835769,0.00045035742538230026,0.0003137536364933716,0.00031375433437883974,0.0,1.3997647450206603,0.0,0.0,5.9797124593318536e-09,5.766273049827039e-07
O1_s63_DPR_U,DPR_U,90,21,0.2086599948754734,0.06843554742989086,0.14022444744558257,2.0,1.9523809523809523,2.0,2.0,1.0,4.6551394777777535,0.021399475216902553,0.008979927024192983,-0.006331949553177428,-0.006331949553177428,-0.006331948915721329,0.0004343806493370601,0.0003035487489167608,0.00030354861233365064,0.0,1.3297336513412892,0.0,0.0,5.873040386834113e-09,6.48186874983793e-07
O1_s63_DPR_U,DPR_U,91,21,0.19583601870395628,0.0612967431190468,0.13453927558490947,2.0,1.9523809523809523,2.0,2.0,1.0,4.261317195651166,0.016778585750967228,0.005749614220587416,-0.005422725179433309,-0.005422725179433309,-0.005422722815931969,0.00022210708768463484,0.00015395406714806032,0.00015395422709620947,0.047619047619047616,1.4133066214249819,0.0,0.0,6.501675823582936e-09,6.13654035208734e-07
O1_s63_DPR_U,DPR_U,92,21,0.19560307620343656,0.06417484173462504,0.13142823446881147,2.0,1.9523809523809523,2.0,2.0,1.0,5.528577513570152,0.015106932762381424,0.013834529669157002,-0.005359444244737812,-0.005359444244737813,-0.005359443459658214,0.0004435569579424691,0.0002949673105850189,0.0002949669378636231,0.047619047619047616,1.3097630710838624,0.0,0.0,8.660446115757269e-09,7.045609913855385e-07
O1_s63_DPR_U,DPR_U,93,21,0.20568543371931403,0.06662372544053055,0.1390617082787835,2.0,1.9523809523809523,2.0,2.0,1.0,4.7559825499213915,0.013771698284012479,0.013284251611167284,-0.0056791870211463855,-0.0056791870211463855,-0.005679187411598097,0.00041444699018460636,0.0002946614777687059,0.0002946616515076325,0.047619047619047616,1.4131722595686145,0.0,0.0,6.028413915798386e-09,6.595944579946735e-07
O1_s63_DPR_U,DPR_U,94,21,0.20600672000595224,0.06872716333184924,0.137279556674103,2.0,1.9523809523809523,2.0,2.0,1.0,5.042310166033819,0.014621606047583325,0.012177323244898846,-0.004989830744614339,-0.004989830744614339,-0.004989833815625005,0.00040087429760069025,0.0002703562706351769,0.000270356832032996,0.047619047619047616,1.370042872898222,0.0,0.0,9.80569277356604e-09,6.92281788724061e-07
O1_s63_DPR_U,DPR_U,95,21,0.204727978404081,0.0676658409869387,0.13706213741714224,2.0,1.9523809523809523,2.0,2.0,1.0,4.690932813433544,0.012943826651915666,0.010013129355555003,-0.004195327998757257,-0.004195327998757254,-0.0041953286734857445,0.00028368520540497205,0.00019767189335929738,0.0001976718165310806,0.0,1.328859830265851,0.0,0.0,6.296241450543139e-09,6.74475676912457e-07
O1_s63_DPR_U,DPR_U,96,21,0.19755494446521316,0.06174608834442638,0.1358088561207868,2.0,1.9523809523809523,2.0,2.0,1.0,4.513717581057596,0.008208615427408607,0.008182812101662346,-0.0024953373787562814,-0.0024953373787562814,-0.002495337088282749,0.00015777032774934449,0.00011358983576585993,0.00011359026739239507,0.14285714285714285,1.4221287235428495,0.0,0.0,6.387679914043129e-09,6.236246692188105e-07
O1_s63_DPR_U,DPR_U,97,21,0.19165735625874333,0.061407030338332766,0.13025032592041055,2.0,1.9523809523809523,2.0,2.0,1.0,4.214864127398113,0.00717980763496313,0.00945447396580337,-0.002103632081277431,-0.002103632081277431,-0.0021036317360965634,0.00014883009953940251,0.0001003866582205743,0.00010038699304387544,0.0,1.370966119022167,0.0,0.0,6.92044180003199e-09,6.017134957080737e-07
O1_s63_DPR_U,DPR_U,98,21,0.18593547332319346,0.05997080231706301,0.12596467100613049,2.0,1.9523809523809523,2.0,2.0,1.0,4.793841555700516,0.004943772459601951,0.011816416474343307,-0.001627292625079363,-0.001627292625079363,-0.001627288826472959,0.00012884396539035385,8.997192884015172e-05,8.997210624924693e-05,0.0,1.2861917506941711,0.0,0.0,8.262493099001209e-09,6.201187747276799e-07
O1_s63_DPR_U,DPR_U,99,21,0.18080342777124755,0.05699301910187517,0.12381040866937239,2.0,1.9523809523809523,2.0,2.0,1.0,4.558437277580344,0.0036081822740896617,0.009507684076909105,-0.0011671019817228088,-0.0011671019817228088,-0.0011670986452510012,7.668473876766529e-05,5.460952540380671e-05,5.460979013688124e-05,0.0,1.3424159463253351,0.0,0.0,9.169288396644411e-09,6.144085860372173e-07
O1_s63_DPR_U,DPR_U,100,21,0.19529157355019694,0.06285991856739634,0.1324316549828006,2.0,1.9523809523809523,2.0,2.0,1.0,4.680470375265948,0.0009981320308428989,0.01072043576924757,-0.000371541756025521,-0.000371541756025521,-0.00037154177810292587,2.060152969348843e-05,1.4046954807526326e-05,1.4048567512898297e-05,0.0,1.3720999202861743,0.0,0.0,1.0923938262919734e-08,6.274324248286917e-07
O1_s63_RESPONSE_U,RESPONSE_U,1,21,0.603430622596736,0.2494865588489033,0.35394406374783266,2.0,0.0,0.0,0.0,0.0,6.8249213087781735,0.20550776444422403,0.0,-0.15257297290115415,-0.15257297290115415,-0.15257297290115415,0.0,0.0,0.0,0.09523809523809523,1.0,0.0,0.0,0.0,8.424568619920783e-07
O1_s63_RESPONSE_U,RESPONSE_U,2,21,0.4169343806019682,0.12916786418784232,0.2877665164141259,2.0,0.0,0.0,0.0,0.0,4.925515559647253,0.10141363441272229,0.0,-0.020886153125920896,-0.020886153125920896,-0.020886153125920896,0.0,0.0,0.0,0.09523809523809523,1.0,0.0,0.0,0.0,4.6726587551835435e-07
O1_s63_RESPONSE_U,RESPONSE_U,3,21,0.3664809749620363,0.112822430119628,0.25365854484240835,2.0,0.0,0.0,0.0,0.0,6.749301694583274,0.08172971232940292,0.0,-0.031479456806097705,-0.031479456806097705,-0.031479456806097705,0.0,0.0,0.0,0.09523809523809523,1.0,0.0,0.0,0.0,6.135083743250626e-07
O1_s63_RESPONSE_U,RESPONSE_U,4,21,0.35102824399324123,0.10671373705069225,0.24431450694254903,2.0,0.0,0.0,0.0,0.0,7.205204287138433,0.08576174082717761,0.0,-0.03431426126571385,-0.03431426126571385,-0.03431426126571385,0.0,0.0,0.0,0.19047619047619047,1.0,0.0,0.0,0.0,6.696760528928823e-07
O1_s63_RESPONSE_U,RESPONSE_U,5,21,0.2977725624736769,0.08969603053161077,0.20807653194206616,2.0,0.0,0.0,0.0,0.0,6.707773345291757,0.09145925237673841,0.0,-0.030504529598579876,-0.030504529598579876,-0.030504529598579876,0.0,0.0,0.0,0.09523809523809523,1.0,0.0,0.0,0.0,6.394140732296454e-07
O1_s63_RESPONSE_U,RESPONSE_U,6,21,0.3047031236010501,0.09526583712015833,0.20943728648089177,2.0,0.0,0.0,0.0,0.0,8.02736215081442,0.12156511897516221,0.0,-0.05366298658972406,-0.05366298658972406,-0.05366298658972406,0.0,0.0,0.0,0.19047619047619047,1.0,0.0,0.0,0.0,7.941264377324485e-07
O1_s63_RESPONSE_U,RESPONSE_U,7,21,0.35097640461232743,0.11499799575124468,0.23597840886108268,2.0,0.0,0.0,0.0,0.0,6.097866539855418,0.09329439745289243,0.0,-0.0273007821053979,-0.0273007821053979,-0.0273007821053979,0.0,0.0,0.0,0.09523809523809523,1.0,0.0,0.0,0.0,5.458323897860225e-07
O1_s63_RESPONSE_U,RESPONSE_U,8,21,0.280063512882155,0.0769915504469758,0.2030719624351792,2.0,0.0,0.0,0.0,0.0,6.050303463704362,0.08567932774440751,0.0,-0.02095600487089034,-0.02095600487089034,-0.02095600487089034,0.0,0.0,0.0,0.2857142857142857,1.0,0.0,0.0,0.0,5.476817585666195e-07
O1_s63_RESPONSE_U,RESPONSE_U,9,21,0.2262572352103675,0.06417191897829373,0.16208531623207378,2.0,0.0,0.0,0.0,0.0,5.9674595418860985,0.08709146971022094,0.0,-0.02157487210097494,-0.02157487210097494,-0.02157487210097494,0.0,0.0,0.0,0.09523809523809523,1.0,0.0,0.0,0.0,5.720949628606374e-07
O1_s63_RESPONSE_U,RESPONSE_U,10,21,0.19986440289496296,0.056211464816615694,0.14365293807834723,2.0,0.0,0.0,0.0,0.0,5.485518317856686,0.07570800344859735,0.0,-0.018034696993828942,-0.018034696993828942,-0.018034696993828942,0.0,0.0,0.0,0.0,1.0,0.0,0.0,0.0,5.003236141588085e-07
O1_s63_RESPONSE_U,RESPONSE_U,11,21,0.24312271170686,0.07498459411518914,0.16813811759167088,2.0,0.0,0.0,0.0,0.0,6.26356594864101,0.09683224287105906,0.0,-0.034033820079984047,-0.034033820079984047,-0.034033820079984047,0.0,0.0,0.0,0.23809523809523808,1.0,0.0,0.0,0.0,6.018874213337419e-07
O1_s63_RESPONSE_U,RESPONSE_U,12,21,0.27174148910641094,0.08261023745650337,0.18913125164990763,2.0,0.0,0.0,0.0,0.0,7.523442616225757,0.13252501362535546,0.0,-0.05497608780620824,-0.05497608780620824,-0.05497608780620824,0.0,0.0,0.0,0.09523809523809523,1.0,0.0,0.0,0.0,7.409842974582978e-07
O1_s63_RESPONSE_U,RESPONSE_U,13,21,0.23573016886705533,0.06744593896326564,0.16828422990378972,2.0,0.0,0.0,0.0,0.0,6.4584461519577845,0.09644028701401496,0.0,-0.028437818637854356,-0.028437818637854356,-0.028437818637854356,0.0,0.0,0.0,0.0,1.0,0.0,0.0,0.0,6.328858866600393e-07
O1_s63_RESPONSE_U,RESPONSE_U,14,21,0.19082507282084998,0.05378418256129537,0.1370408902595546,2.0,0.0,0.0,0.0,0.0,5.586820667540908,0.08416944212988203,0.0,-0.020646105766420484,-0.020646105766420484,-0.020646105766420484,0.0,0.0,0.0,0.047619047619047616,1.0,0.0,0.0,0.0,5.002481514012429e-07
O1_s63_RESPONSE_U,RESPONSE_U,15,21,0.2034114193457038,0.060701320213930945,0.1427100991317729,2.0,0.0,0.0,0.0,0.0,6.191805596545911,0.11405358407748874,0.0,-0.029934961919369195,-0.029934961919369195,-0.029934961919369195,0.0,0.0,0.0,0.047619047619047616,1.0,0.0,0.0,0.0,5.93486195329357e-07
O1_s63_RESPONSE_U,RESPONSE_U,16,21,0.22747463903322396,0.07005832982914788,0.15741630920407607,2.0,0.0,0.0,0.0,0.0,9.57448451558121,0.10611122072396799,0.0,-0.05685789431841498,-0.05685789431841498,-0.05685789431841498,0.0,0.0,0.0,0.19047619047619047,1.0,0.0,0.0,0.0,8.147970851816726e-07
O1_s63_RESPONSE_U,RESPONSE_U,17,21,0.22249952578871804,0.06693734051216216,0.15556218527655588,2.0,0.0,0.0,0.0,0.0,4.478619531871912,0.0852619044552481,0.0,-0.01094498990937315,-0.01094498990937315,-0.01094498990937315,0.0,0.0,0.0,0.047619047619047616,1.0,0.0,0.0,0.0,4.227803672317355e-07
O1_s63_RESPONSE_U,RESPONSE_U,18,21,0.17958875750376152,0.05042814410158566,0.12916061340217586,2.0,0.0,0.0,0.0,0.0,4.9089807627929956,0.0756528024122373,0.0,-0.017182433453116035,-0.017182433453116035,-0.017182433453116035,0.0,0.0,0.0,0.0,1.0,0.0,0.0,0.0,4.586596950372282e-07
O1_s63_RESPONSE_U,RESPONSE_U,19,21,0.17428403367499193,0.04825118095392272,0.12603285272106915,2.0,0.0,0.0,0.0,0.0,4.293521740529322,0.08181987831316816,0.0,-0.01892836280319772,-0.01892836280319772,-0.01892836280319772,0.0,0.0,0.0,0.19047619047619047,1.0,0.0,0.0,0.0,4.6025841581044836e-07
O1_s63_RESPONSE_U,RESPONSE_U,20,21,0.18394488930984712,0.056816007675869126,0.12712888163397804,2.0,0.0,0.0,0.0,0.0,7.664213010335867,0.11862691817998508,0.0,-0.03679099349786975,-0.03679099349786975,-0.03679099349786975,0.0,0.0,0.0,0.09523809523809523,1.0,0.0,0.0,0.0,6.447442394310549e-07
O1_s63_RESPONSE_U,RESPONSE_U,21,21,0.6857459364854235,0.2848293199425652,0.40091661654285826,2.0,1.9523809523809523,2.0,2.0,0.05000000000000001,10.66703893616005,0.16264111237233075,0.0008735164384473415,-0.15227662914179335,-0.151950639036804,-0.15195064632751384,0.004023892355532022,0.003919356152298036,0.003919356624017763,0.047619047619047616,1.0237595071774783,0.0,0.0,0.0005623052783380435,1.2498510490096234e-06
O1_s63_RESPONSE_U,RESPONSE_U,22,21,0.5967018353750898,0.21454949730208941,0.3821523380730004,2.0,1.9523809523809523,2.0,2.0,0.10000000000000002,5.575845628944907,0.16641324567750476,0.00115670007897798,-0.0449121182971993,-0.0446602884059937,-0.04466028280263871,0.0027457876039366507,0.002604749210996084,0.002604748982287662,0.047619047619047616,1.0492057576897578,0.0,0.0,0.0004837850989345498,6.599832125760734e-07
O1_s63_RESPONSE_U,RESPONSE_U,23,21,0.5636310030082317,0.21199156095584235,0.3516394420523894,2.0,1.9523809523809523,2.0,2.0,0.14999999999999997,5.130766854565387,0.18151681428043812,0.0011705436911980417,-0.05106188237179174,-0.05090226098182961,-0.050902259935568364,0.0022146333635016825,0.0020656598577877966,0.0020656603050076576,0.047619047619047616,1.0668211445918485,0.0,0.0,0.00036569511357142063,6.712410792278148e-07
O1_s63_RESPONSE_U,RESPONSE_U,24,21,0.47988826728940126,0.15689788510402045,0.3229903821853808,2.0,1.9523809523809523,2.0,2.0,0.20000000000000004,5.189246435192424,0.13129484628915536,0.001782627608540545,-0.029616290457136228,-0.029630355962428294,-0.029630354832273238,0.0018636556806738457,0.0017072509467288965,0.0017072505837717985,0.14285714285714285,1.1001254170254018,0.0,0.0,0.0003542025590132958,6.146736339894026e-07
O1_s63_RESPONSE_U,RESPONSE_U,25,21,0.44918543161311414,0.15736435513411248,0.2918210764790016,2.0,1.9523809523809523,2.0,2.0,0.25,4.63699716315538,0.1376503066242439,0.002692011207592906,-0.02058528934878478,-0.02076435401544107,-0.020764354886551966,0.002331493220826678,0.0020109186548572014,0.0020109185687372305,0.19047619047619047,1.1359299522100206,0.0,0.0,0.0005342182432683239,5.302131608675196e-07
O1_s63_RESPONSE_U,RESPONSE_U,26,21,0.4242867689419418,0.14204069546290807,0.28224607347903374,2.0,1.9523809523809523,2.0,2.0,0.29999999999999993,4.010876448277412,0.11546392005335056,0.00250277934598302,-0.024672930387244666,-0.024399724089130714,-0.024399721953936342,0.0013899271078023426,0.001184051086658005,0.0011840507211458857,0.047619047619047616,1.1745815917150626,0.0,0.0,0.00032444474596177083,5.135663009240135e-07
O1_s63_RESPONSE_U,RESPONSE_U,27,21,0.4722661880992838,0.1696067149085658,0.30265947319071784,2.0,1.9523809523809523,2.0,2.0,0.34999999999999987,5.792901043109789,0.117160904138418,0.003389782657035848,-0.03861940053849156,-0.03771205131517759,-0.037712048837762066,0.0017655400952512352,0.0014752871915863642,0.0014752875465079338,0.047619047619047616,1.1606574076508602,0.0,0.0,0.0011755139328710712,6.859619728758192e-07
O1_s63_RESPONSE_U,RESPONSE_U,28,21,0.46474858600183455,0.16345272372875894,0.30129586227307564,2.0,1.9523809523809523,2.0,2.0,0.4000000000000001,6.236302204923349,0.10767864451359739,0.0038990755230596994,-0.02647531648982374,-0.025763889098498655,-0.025763888576637715,0.001733416039311695,0.0014655303006708008,0.0014655306524594476,0.0,1.1573037814047775,0.0,0.0,0.0009814579730284437,6.681867735517342e-07
O1_s63_RESPONSE_U,RESPONSE_U,29,21,0.4222631701037496,0.14538104211290678,0.2768821279908427,2.0,1.9523809523809523,2.0,2.0,0.44999999999999996,5.7436430623359795,0.10025413157735297,0.0045699975427793485,-0.022728321989860065,-0.02204951886683067,-0.022049516068001533,0.0016560244539364985,0.001309880676550445,0.001309880659208398,0.047619047619047616,1.2216604526108679,0.0,0.0,0.0013375344916331442,5.679036511365924e-07
O1_s63_RESPONSE_U,RESPONSE_U,30,21,0.45372165187300195,0.1665578264565695,0.28716382541643243,2.0,1.9523809523809523,2.0,2.0,0.5,8.245173401414988,0.1248753370304101,0.004428952937222941,-0.04044955379502271,-0.039418912228821816,-0.039418916749647474,0.0019361704262004034,0.0015908255877193482,0.0015908252647338164,0.09523809523809523,1.2797804267401807,0.0,0.0,0.0019307854677334535,7.824241784980966e-07
O1_s63_RESPONSE_U,RESPONSE_U,31,21,0.39919330403711023,0.1262173494767575,0.2729759545603528,2.0,1.9523809523809523,2.0,2.0,0.5500000000000002,6.298311916048719,0.08472222656723942,0.003941204964453542,-0.02207466058575637,-0.02123074795791394,-0.021230745488654192,0.0011009845634340574,0.0008526091214845942,0.0008526082241180788,0.0,1.3024814801159836,0.0,0.0,0.0011200417307012875,6.171517009516251e-07
O1_s63_RESPONSE_U,RESPONSE_U,32,21,0.38731695323206644,0.13077057152986526,0.25654638170220123,2.0,1.9523809523809523,2.0,2.0,0.5999999999999999,5.500994404506029,0.0776490051723359,0.006079553825969823,-0.02264474596325737,-0.022488597017600854,-0.022488597999491072,0.0013883548623369805,0.0010648556647244961,0.0010648554499593358,0.09523809523809523,1.2522707774207837,0.0,0.0,0.0006770117889414293,5.807422885474707e-07
O1_s63_RESPONSE_U,RESPONSE_U,33,21,0.40366099812965944,0.12667878114041828,0.27698221698924114,2.0,1.9523809523809523,2.0,2.0,0.6500000000000001,6.896396939148348,0.09780692880615251,0.006725723568991563,-0.028934501518891268,-0.026775313013731653,-0.026775313314631587,0.0017925633431931276,0.0013264282262087038,0.0013264282703548931,0.0,1.2961613315814002,0.0,0.0,0.0023220975784088707,6.908912309125926e-07
O1_s63_RESPONSE_U,RESPONSE_U,34,21,0.3786123225284157,0.128011231975896,0.2506010905525198,2.0,1.9523809523809523,2.0,2.0,0.6999999999999997,6.1874257886296435,0.0895367499662642,0.006945184075053766,-0.024757021078174055,-0.02427585055207392,-0.02427585109927708,0.0016523194133309942,0.0012231821651410223,0.0012231815800208736,0.047619047619047616,1.245067431441914,0.0,0.0,0.0015474905750950086,6.238446899708616e-07
O1_s63_RESPONSE_U,RESPONSE_U,35,21,0.3840034690404069,0.13357954951269285,0.250423919527714,2.0,1.9523809523809523,2.0,2.0,0.75,6.63022640865788,0.11350591507224711,0.007076833435116279,-0.032206336865988894,-0.03153887933286911,-0.03153887820998521,0.001967876140118233,0.0014435974277057085,0.0014435970500451484,0.19047619047619047,1.4134777426367182,0.0,0.0,0.0016496107813662446,7.126781975322621e-07
O1_s63_RESPONSE_U,RESPONSE_U,36,21,0.38127135501294956,0.1231201592655409,0.2581511957474087,2.0,1.9523809523809523,2.0,2.0,0.8000000000000002,6.047462394535148,0.09875525407708809,0.008312651291908873,-0.024993143301269692,-0.0237199862090348,-0.023719984582585615,0.0020950034977550982,0.0014094242958038248,0.0014094239898998259,0.09523809523809523,1.443557255064852,0.0,0.0,0.002480990774335556,6.219812171137653e-07
O1_s63_RESPONSE_U,RESPONSE_U,37,21,0.36264626000039674,0.12231440611538433,0.24033185388501238,2.0,1.9523809523809523,2.0,2.0,0.8499999999999999,5.71666339382516,0.08444388226654927,0.005590499983558508,-0.021447347791917325,-0.021123512584949777,-0.02112351290170833,0.0011403460704450625,0.0007836665659374827,0.0007836663913551445,0.047619047619047616,1.449988343175919,0.0,0.0,0.0007078792505852918,6.093260549899515e-07
O1_s63_RESPONSE_U,RESPONSE_U,38,21,0.3305946336641105,0.10398433162342935,0.22661030204068117,2.0,1.9523809523809523,2.0,2.0,0.8999999999999999,5.885362882961043,0.08124326696169207,0.007923335572064854,-0.020244646318295374,-0.019610399359707136,-0.01961040543860752,0.001447055345045062,0.0009895590435767586,0.000989559447920837,0.047619047619047616,1.4367412011426932,0.0,0.0,0.0016158567962680807,6.210014779204578e-07
O1_s63_RESPONSE_U,RESPONSE_U,39,21,0.33076373916059876,0.11134262205589385,0.2194211171047049,2.0,1.9523809523809523,2.0,2.0,0.9499999999999996,6.484526338552689,0.07499114705846645,0.00785526241381652,-0.022785760617935056,-0.021841633821591662,-0.021841633252744592,0.0012752126481928405,0.0008500437108041594,0.0008500436006267019,0.047619047619047616,1.4498885421891463,0.0,0.0,0.001389089366610535,6.150558662603257e-07
O1_s63_RESPONSE_U,RESPONSE_U,40,21,0.3356183629149991,0.1083776784085092,0.22724068450648982,2.0,1.9523809523809523,2.0,2.0,1.0,6.964016975412183,0.10705280807507107,0.006699956928157065,-0.029976395443868938,-0.029042483781070234,-0.029042487020111966,0.0015471828953933138,0.0010538787023871327,0.001053877959759144,0.047619047619047616,1.4369787102561498,0.0,0.0,0.0015279130616753182,7.371508369490462e-07
O1_s63_RESPONSE_U,RESPONSE_U,41,21,0.31907167947295695,0.1057894474693707,0.21328223200358623,2.0,1.9523809523809523,2.0,2.0,1.0,5.8082502743845605,0.07251181980543635,0.008920218296779985,-0.01913975828497641,-0.018447516540705717,-0.0184475183603836,0.0014205717670805272,0.0009399359225472719,0.0009399358995186716,0.09523809523809523,1.4283400597054852,0.0,0.0,0.0017614512444605423,5.980502785233706e-07
O1_s63_RESPONSE_U,RESPONSE_U,42,21,0.33163081864963495,0.1092902785610585,0.22234054008857643,2.0,1.9523809523809523,2.0,2.0,1.0,6.34626585714794,0.0778294455578459,0.0060602325006017515,-0.0284252939860911,-0.028479878576322976,-0.02847987642530872,0.001111120415053633,0.000766813054218578,0.0007668135775243,0.09523809523809523,1.518784861558007,0.0,0.0,0.000853198570008361,7.010784739579729e-07
O1_s63_RESPONSE_U,RESPONSE_U,43,21,0.331326058566785,0.11039640754461288,0.22092965102217219,2.0,1.9523809523809523,2.0,2.0,1.0,7.720740952961742,0.08748479604654939,0.0058318995433430335,-0.030776574612789123,-0.028934047388316557,-0.028934046202940805,0.001206767742240625,0.0007765128061019513,0.0007765127752256994,0.09523809523809523,1.5124819763553004,0.0,0.0,0.0036298170811774506,7.435246418804593e-07
O1_s63_RESPONSE_U,RESPONSE_U,44,21,0.3244752572262505,0.10671092108601615,0.21776433614023438,2.0,1.9523809523809523,2.0,2.0,1.0,7.036488179446056,0.07463618778711678,0.010423806592265808,-0.028422243429197254,-0.02707968890596005,-0.027079689111938175,0.0016816221773048488,0.0010410028737382082,0.0010410026883437941,0.09523809523809523,1.6015234076355331,0.0,0.0,0.0027216755221592705,6.849067716096247e-07
O1_s63_RESPONSE_U,RESPONSE_U,45,21,0.33075166254080757,0.1137989138563474,0.2169527486844601,2.0,1.9523809523809523,2.0,2.0,1.0,5.911089064700909,0.06365359622139906,0.007904468397234552,-0.02098555226229312,-0.020224320618324697,-0.02022432446497136,0.0011190425676513393,0.0007549782319427736,0.000754978472689773,0.09523809523809523,1.516341513405731,0.0,0.0,0.0011335776772754072,6.355796586422768e-07
O1_s63_RESPONSE_U,RESPONSE_U,46,21,0.3172097070534552,0.10108236418593497,0.2161273428675202,2.0,1.9523809523809523,2.0,2.0,1.0,5.655416692233812,0.06314322642720017,0.0072702218630766235,-0.022196025137684976,-0.021983576780913987,-0.021983575124584015,0.0010119700108376301,0.0006822324941175409,0.0006822327578379615,0.09523809523809523,1.5038334301833216,0.0,0.0,0.0005728861697767013,6.370849790971233e-07
O1_s63_RESPONSE_U,RESPONSE_U,47,21,0.34316122628902324,0.12280509656383878,0.22035612972518448,2.0,1.9523809523809523,2.0,2.0,1.0,6.420631571631118,0.0731684041933289,0.00773879285598094,-0.02861090106483997,-0.027003374697932143,-0.027003366366017603,0.0011268315421320196,0.0006806481626179231,0.0006806480846955113,0.047619047619047616,1.5501421319631692,0.0,0.0,0.0025797944464657475,6.789676687031544e-07
O1_s63_RESPONSE_U,RESPONSE_U,48,21,0.31817134900160465,0.10279595160058566,0.21537539740101902,2.0,1.9523809523809523,2.0,2.0,1.0,6.667074574854405,0.0807702870708196,0.00889030322714545,-0.024351542304833707,-0.022777880737371296,-0.02277788452215217,0.00159069046145598,0.0010433709423028083,0.0010433711927766464,0.09523809523809523,1.4824736989799687,0.0,0.0,0.002092211419260069,6.975059972104183e-07
O1_s63_RESPONSE_U,RESPONSE_U,49,21,0.3390283514668814,0.11098899621339071,0.22803935525349076,2.0,1.9523809523809523,2.0,2.0,1.0,6.620987770477943,0.06683035516007713,0.0109100460266767,-0.023196940238623457,-0.02199225444725338,-0.021992255512431853,0.0016076219361703032,0.0010580194214870236,0.0010580196308938093,0.047619047619047616,1.455070322337477,0.0,0.0,0.0022329123043064517,6.816440474612398e-07
O1_s63_RESPONSE_U,RESPONSE_U,50,21,0.2986438119941299,0.09506199704039664,0.2035818149537333,2.0,1.9523809523809523,2.0,2.0,1.0,4.799953806130579,0.06796608391048668,0.008821582925852089,-0.01774646045123322,-0.01759449117021366,-0.017594498876200775,0.00121793218473273,0.0007878177487952943,0.0007878174255284773,0.09523809523809523,1.4562977916562503,0.0,0.0,0.000896204984971276,5.874085032107086e-07
O1_s63_RESPONSE_U,RESPONSE_U,51,21,0.2634415027756723,0.07976841962053663,0.1836730831551357,2.0,1.9523809523809523,2.0,2.0,1.0,5.1174734129574535,0.06429275291204936,0.00871176440102592,-0.017107386557625174,-0.016897797498841256,-0.016897800518542436,0.0012079501703100338,0.0007643078381111519,0.0007643075358140911,0.047619047619047616,1.439162403213043,0.0,0.0,0.0010575843797241645,5.516842552660445e-07
O1_s63_RESPONSE_U,RESPONSE_U,52,21,0.28149633728163836,0.09003701575455211,0.1914593215270862,2.0,1.9523809523809523,2.0,2.0,1.0,6.282969665362303,0.0755076523278154,0.009359180374770647,-0.027090598806686288,-0.026578030322584618,-0.026578034905484826,0.0013878792456021288,0.0008641964610664522,0.0008641963313383446,0.0,1.47361471270565,0.0,0.0,0.0019462549253404938,6.643875207384059e-07
O1_s63_RESPONSE_U,RESPONSE_U,53,21,0.2929999650885311,0.10012081212231091,0.1928791529662202,2.0,1.9523809523809523,2.0,2.0,1.0,5.543455070053832,0.07353273810687269,0.006649976771075067,-0.015428297710324538,-0.01484926326904289,-0.014849263156187276,0.0010735721020294338,0.0007235826242192191,0.0007235824039812184,0.09523809523809523,1.501899917336701,0.0,0.0,0.0012373728124408828,5.920457398553152e-07
O1_s63_RESPONSE_U,RESPONSE_U,54,21,0.2664219967896237,0.08664844202853385,0.1797735547610899,2.0,1.9523809523809523,2.0,2.0,1.0,5.556737051912775,0.060514357992081394,0.007422061709748144,-0.015055353074529477,-0.014336373236844587,-0.01433637164793072,0.0009840064366966347,0.000672739910351493,0.000672740110545476,0.0,1.464549991689707,0.0,0.0,0.0009276711235642937,5.99952689355437e-07
O1_s63_RESPONSE_U,RESPONSE_U,55,21,0.2600761856001355,0.08227291224258286,0.17780327335755264,2.0,1.9523809523809523,2.0,2.0,1.0,5.144876980310901,0.055082389989136046,0.007887938976165878,-0.01650539640632112,-0.01573758411812521,-0.015737584048634297,0.0009270150444659112,0.0005951462675422978,0.0005951460257468641,0.0,1.509302325375118,0.0,0.0,0.001000822492106944,6.073805753833824e-07
O1_s63_RESPONSE_U,RESPONSE_U,56,21,0.30367317178576103,0.10417649291810535,0.1994966788676557,2.0,1.9523809523809523,2.0,2.0,1.0,4.950747286588223,0.07838993934577435,0.006351580747473799,-0.02140283679488088,-0.021223808276867446,-0.02122380770321729,0.0010858980302693954,0.0007394619042607413,0.0007394620623389351,0.0,1.5131742175768668,0.0,0.0,0.0007907273829976342,6.458616908494966e-07
O1_s63_RESPONSE_U,RESPONSE_U,57,21,0.2806072848716897,0.09171263838098162,0.18889464649070803,2.0,1.9523809523809523,2.0,2.0,1.0,5.405005814355778,0.06934041462650756,0.007344100620839854,-0.019985504688883375,-0.01948096342501138,-0.019480965421828082,0.001104317196158268,0.0007487284304398238,0.0007487288712044423,0.047619047619047616,1.5103900788972786,0.0,0.0,0.0009342844337843293,6.470837497483018e-07
O1_s63_RESPONSE_U,RESPONSE_U,58,21,0.2748547913994771,0.08501720765516871,0.18983758374430848,2.0,1.9523809523809523,2.0,2.0,1.0,5.546663673756565,0.07156649521206661,0.007941923474427357,-0.01925621076888426,-0.01880429199104065,-0.01880429091978247,0.0012626160742551166,0.0008400876971080324,0.0008400879995613486,0.14285714285714285,1.4945139397870466,0.0,0.0,0.0011324317161259811,6.546712066225755e-07
O1_s63_RESPONSE_U,RESPONSE_U,59,21,0.2865570940036529,0.09182730015544664,0.1947297938482062,2.0,1.9523809523809523,2.0,2.0,1.0,5.489299006692661,0.06009543548461095,0.007366212496962489,-0.015600727025471847,-0.015207098741975704,-0.015207099728820056,0.0009580226686069418,0.0006631118308165805,0.0006631118374801398,0.14285714285714285,1.4242250028806716,0.0,0.0,0.0006747883276826007,6.048439791632924e-07
O1_s63_RESPONSE_U,RESPONSE_U,60,21,0.2964379127160892,0.09595987395871253,0.20047803875737666,2.0,1.9523809523809523,2.0,2.0,1.0,7.639231729691313,0.0839066114825141,0.007545675319709656,-0.03244144766273389,-0.03148634297980232,-0.03148634870808832,0.001328798834856983,0.000871631051328131,0.0008716309005085438,0.047619047619047616,1.4356864709870432,0.0,0.0,0.001271132973100533,8.025232307669924e-07
O1_s63_RESPONSE_U,RESPONSE_U,61,21,0.2970730197618064,0.1029503121972084,0.194122707564598,2.0,1.9523809523809523,2.0,2.0,1.0,7.087141623410495,0.06700045587030072,0.008614593398230081,-0.021384305880086624,-0.02123468437902491,-0.02123469230543199,0.0012564696740447784,0.0008579976524895976,0.0008579976463360755,0.047619047619047616,1.481535947516107,0.0,0.0,0.0011408021423615787,7.463391033189979e-07
O1_s63_RESPONSE_U,RESPONSE_U,62,21,0.27216307180820887,0.08627503986159961,0.1858880319466094,2.0,1.9523809523809523,2.0,2.0,1.0,5.246047402159935,0.05806922177266821,0.008248006639410645,-0.016199414636327743,-0.016028715035086516,-0.01602871216936182,0.001092365433146553,0.0007473045866823426,0.0007473044800779857,0.047619047619047616,1.4218829345821788,0.0,0.0,0.0011166542806371829,6.212489583207487e-07
O1_s63_RESPONSE_U,RESPONSE_U,63,21,0.2647889062059665,0.08281196689321882,0.18197693931274772,2.0,1.9523809523809523,2.0,2.0,1.0,4.754227922082946,0.05060510097393758,0.009178748187710754,-0.018116839559018168,-0.018081009733987134,-0.018081008080896938,0.0010459714247766463,0.0006816919711690206,0.0006816919744828823,0.09523809523809523,1.49457628447926,0.0,0.0,0.0008444830240904382,6.328775075278083e-07
O1_s63_RESPONSE_U,RESPONSE_U,64,21,0.26947630489090857,0.08596273830958776,0.18351356658132092,2.0,1.9523809523809523,2.0,2.0,1.0,5.4043889773032765,0.048124342189087586,0.008563718410727441,-0.013586892751379894,-0.013233300865070931,-0.01323330505576564,0.0008485598770617721,0.0005505012191322179,0.0005505015915134666,0.047619047619047616,1.5606122909765656,0.0,0.0,0.0008735342265008023,6.128344265536202e-07
O1_s63_RESPONSE_U,RESPONSE_U,65,21,0.28689159272056364,0.09356172595705305,0.19332986676351058,2.0,1.9523809523809523,2.0,2.0,1.0,5.505665966184451,0.046767702630724356,0.00853567885469953,-0.01532087027695118,-0.014747338600657946,-0.01474733874988766,0.0008848203886987144,0.0005905378595423943,0.0005905382347030163,0.0,1.4162174706018447,0.0,0.0,0.000901418082440462,6.502428991879219e-07
O1_s63_RESPONSE_U,RESPONSE_U,66,21,0.26364137237618857,0.08346228230567206,0.1801790900705165,2.0,1.9523809523809523,2.0,2.0,1.0,5.410800109438047,0.051170521519252166,0.007107711006316524,-0.013974791827529535,-0.013624031310081774,-0.013624026459389059,0.000801982958397563,0.000505169068849678,0.0005051693557675459,0.047619047619047616,1.4317901101221242,0.0,0.0,0.0007516790796426775,6.320315603486863e-07
O1_s63_RESPONSE_U,RESPONSE_U,67,21,0.25614841180116676,0.08146255427882784,0.17468585752233898,2.0,1.9523809523809523,2.0,2.0,1.0,6.829402860229454,0.045871931034378616,0.008342852673376465,-0.016925058118879496,-0.01645868930816438,-0.016458683080350166,0.0007888398226614851,0.0005040019222957151,0.0005040017656288069,0.09523809523809523,1.4231913880551275,0.0,0.0,0.0012440117327555543,7.074092080522006e-07
O1_s63_RESPONSE_U,RESPONSE_U,68,21,0.2655017893493986,0.08505744043560255,0.180444348913796,2.0,1.9523809523809523,2.0,2.0,1.0,6.066884151379521,0.062316153729488365,0.006263249358493259,-0.021729622540898656,-0.021329060857887945,-0.021329052994483254,0.0008676118516948918,0.0006186312894542856,0.0006186309783090432,0.047619047619047616,1.4758886261245519,0.0,0.0,0.000773278108675206,7.404680628594517e-07
O1_s63_RESPONSE_U,RESPONSE_U,69,21,0.27257809820830436,0.0906943849154881,0.18188371329281625,2.0,1.9523809523809523,2.0,2.0,1.0,6.080605768801461,0.06157145249929915,0.008669887281500315,-0.01831239793454322,-0.01774838842161529,-0.01774839144729936,0.0011388600754708021,0.0007239715854708181,0.0007239716819965339,0.047619047619047616,1.4696201658807024,0.0,0.0,0.001464340849280964,6.773213531668184e-07
O1_s63_RESPONSE_U,RESPONSE_U,70,21,0.25758805178865646,0.0813806943950199,0.17620735739363647,2.0,1.9523809523809523,2.0,2.0,1.0,5.402412695061641,0.050341234571724194,0.006431050497974157,-0.016129139537151914,-0.01588249792201731,-0.01588249502927,0.0007140362519782917,0.00045527950395901097,0.0004552794169193565,0.0,1.5145537330125431,0.0,0.0,0.0004870640692219301,6.865748463416433e-07
O1_s63_RESPONSE_U,RESPONSE_U,71,21,0.25356478759982226,0.07772671821571532,0.175838069384107,2.0,1.9523809523809523,2.0,2.0,1.0,6.498092988279875,0.048287617601661885,0.006153660906207219,-0.016675727760333832,-0.016196403188526325,-0.016196398723476082,0.0006637430458566115,0.0004438913491291458,0.0004438913472523901,0.047619047619047616,1.5217751803835717,0.0,0.0,0.0006810111886783012,7.325256749361105e-07
O1_s63_RESPONSE_U,RESPONSE_U,72,21,0.24233269808062752,0.07960871376451992,0.16272398431610757,2.0,1.9523809523809523,2.0,2.0,1.0,5.4401824404688135,0.04964128354280163,0.0071777315758598985,-0.013676694478847248,-0.013576343406377079,-0.013576346046850237,0.0008413942215034858,0.0005968142862125554,0.0005968140996097273,0.0,1.504422547555595,0.0,0.0,0.0005888912060989836,6.760261984379157e-07
O1_s63_RESPONSE_U,RESPONSE_U,73,21,0.25383368945057483,0.08178649842739105,0.17204719102318378,2.0,1.9523809523809523,2.0,2.0,1.0,6.392287745637698,0.043511520323078846,0.008399152829997902,-0.016731419664778886,-0.016036812701057612,-0.01603680792943484,0.0007937790391578931,0.0005339893143746463,0.0005339891588858809,0.09523809523809523,1.477183926154819,0.0,0.0,0.0012076145196600802,7.477904727167263e-07
O1_s63_RESPONSE_U,RESPONSE_U,74,21,0.24961393778694824,0.07977187988303956,0.16984205790390872,2.0,1.9523809523809523,2.0,2.0,1.0,5.747764919029365,0.03979764181951314,0.008651411333601316,-0.014318045721148396,-0.014398428764726454,-0.014398423173625193,0.0007338490953875291,0.00047308378548465796,0.00047308349908670123,0.047619047619047616,1.4609604108240786,0.0,0.0,0.0006298284739009145,6.996430001500099e-07
O1_s63_RESPONSE_U,RESPONSE_U,75,21,0.28790208503876485,0.09406800044789201,0.19383408459087287,2.0,1.9523809523809523,2.0,2.0,1.0,9.214775322451768,0.04956627796837866,0.011729732633840284,-0.028226122909896685,-0.026234209745159956,-0.02623421333558026,0.0012532473338048005,0.0008170682994448631,0.0008170685427538655,0.09523809523809523,1.4671334813171573,0.0,0.0,0.0035796350826462434,9.455546670976472e-07
O1_s63_RESPONSE_U,RESPONSE_U,76,21,0.24927173465354158,0.08039791083761624,0.1688738238159254,2.0,1.9523809523809523,2.0,2.0,1.0,5.381642373963581,0.042257597585825056,0.00867337502042797,-0.011629499592871493,-0.011631901234777321,-0.011631901738341725,0.0008059210725962285,0.0005194303522796462,0.0005194307365189114,0.09523809523809523,1.4437226950643864,0.0,0.0,0.0007594484795275508,6.46196634878849e-07
O1_s63_RESPONSE_U,RESPONSE_U,77,21,0.2350499043677955,0.07680880633138475,0.15824109803641065,2.0,1.9523809523809523,2.0,2.0,1.0,5.241465568550979,0.034732284292268586,0.007410566219284032,-0.009553646234378122,-0.009231360528239346,-0.009231357518766815,0.0005445587065858261,0.00034747160106565663,0.0003474712698964077,0.0,1.4508915335368837,0.0,0.0,0.0006068654455587033,6.039989561456569e-07
O1_s63_RESPONSE_U,RESPONSE_U,78,21,0.2215717149832399,0.0673072865853707,0.1542644283978692,2.0,1.9523809523809523,2.0,2.0,1.0,5.395231269425766,0.03594914843357314,0.007044693291985626,-0.011105988937843439,-0.010918222797988123,-0.010918226012750035,0.0005680341438205365,0.00038447718333346835,0.00038447700033126327,0.047619047619047616,1.463739243580424,0.0,0.0,0.00047971252904349557,6.283006612733127e-07
O1_s63_RESPONSE_U,RESPONSE_U,79,21,0.23844347295516405,0.07929410182294391,0.15914937113222008,2.0,1.9523809523809523,2.0,2.0,1.0,5.548374706078298,0.03544798577110313,0.006954331460234326,-0.010720421033293973,-0.010571285809695399,-0.010571283859936357,0.0005315908500146552,0.00035103677824407063,0.0003510363452676021,0.09523809523809523,1.4832940868819438,0.0,0.0,0.0005618630745690619,6.87068957325693e-07
O1_s63_RESPONSE_U,RESPONSE_U,80,21,0.22049946405052584,0.06977479940369016,0.15072466464683565,2.0,1.9523809523809523,2.0,2.0,1.0,4.526634533869655,0.028787715652253867,0.008422380653578313,-0.00892350576391708,-0.009004573142126477,-0.009004576807540065,0.0005221346993524803,0.0003485391679969301,0.0003485393967582062,0.0,1.392439019396236,0.0,0.0,0.0002623569100878236,6.001676566966893e-07
O1_s63_RESPONSE_U,RESPONSE_U,81,21,0.23020518046614474,0.07396760760318666,0.15623757286295814,2.0,1.9523809523809523,2.0,2.0,1.0,5.028305536702947,0.028435918570454174,0.00718131152131802,-0.008492442010540469,-0.00824149491914349,-0.008241491892544523,0.00046119813434993315,0.00031727007378591344,0.00031726995963022854,0.0,1.5012048937868427,0.0,0.0,0.00040753287944966023,6.264752562365949e-07
O1_s63_RESPONSE_U,RESPONSE_U,82,21,0.21743725114485957,0.06923393053667885,0.14820332060818073,2.0,1.9523809523809523,2.0,2.0,1.0,4.192788586939265,0.029943165853640156,0.00587370870802948,-0.008140648745393136,-0.008133351044583754,-0.008133353779175722,0.00039457032589755033,0.0002690463150445368,0.0002690460555433525,0.047619047619047616,1.4809529093573617,0.0,0.0,0.0002241093119368796,5.76808931028345e-07
O1_s63_RESPONSE_U,RESPONSE_U,83,21,0.22378665589820143,0.07186940472040858,0.1519172511777928,2.0,1.9523809523809523,2.0,2.0,1.0,5.023415042509696,0.030128560624370897,0.006572887893452535,-0.009035032530979996,-0.008678040006282998,-0.008678042498628514,0.0004518522250375441,0.00030746377164881614,0.00030746429328862485,0.0,1.4572821210479918,0.0,0.0,0.0004411589066524249,6.432184515142811e-07
O1_s63_RESPONSE_U,RESPONSE_U,84,21,0.22290352808471472,0.07337779888794535,0.14952572919676937,2.0,1.9523809523809523,2.0,2.0,1.0,4.815822915282488,0.02822419036094063,0.005400164035686987,-0.008064960078749713,-0.007868518859618145,-0.007868516308219173,0.00032753281582959865,0.0002120402056876659,0.0002120398985024338,0.0,1.5319776758715398,0.0,0.0,0.0003715583056506758,6.040404371540443e-07
O1_s63_RESPONSE_U,RESPONSE_U,85,21,0.22896423906804172,0.07473288671601386,0.15423135235202787,2.0,1.9523809523809523,2.0,2.0,1.0,7.541293488070899,0.026141707310076107,0.009977991103212602,-0.012886181949077934,-0.011804825241708946,-0.011804830278198002,0.0005557907022277433,0.0003546811402875756,0.0003546808596376477,0.09523809523809523,1.517445590640006,0.0,0.0,0.0011715226995820656,8.026111405354991e-07
O1_s63_RESPONSE_U,RESPONSE_U,86,21,0.23278345898442412,0.07509910066922505,0.15768435831519906,2.0,1.9523809523809523,2.0,2.0,1.0,6.871769418785112,0.02905152864842897,0.01191161105831729,-0.013167268460938178,-0.013022890255818405,-0.013022890978324663,0.0007803875371392389,0.0005036868961447217,0.000503687086602849,0.14285714285714285,1.4592324544908262,0.0,0.0,0.0006233557419070339,7.851727880757833e-07
O1_s63_RESPONSE_U,RESPONSE_U,87,21,0.19481841067606256,0.060380389115640094,0.13443802156042248,2.0,1.9523809523809523,2.0,2.0,1.0,4.613717340401407,0.021999321340347048,0.00748442084955674,-0.005719898484722638,-0.005480993309097693,-0.0054809933113413945,0.0003539065631814147,0.00023657855788986217,0.0002365785027779115,0.0,1.5137786419706127,0.0,0.0,0.00040312309724234777,5.61134426662656e-07
O1_s63_RESPONSE_U,RESPONSE_U,88,21,0.2131042414478534,0.06766288088900703,0.14544136055884638,2.0,1.9523809523809523,2.0,2.0,1.0,5.215559661461929,0.021100863443075275,0.00997448248920717,-0.00749440725564296,-0.007511089772381362,-0.007511087396939313,0.0004665388993588755,0.0003028716413344929,0.00030287174039702203,0.0,1.433942708134108,0.0,0.0,0.0003521899276865307,6.622019049384749e-07
O1_s63_RESPONSE_U,RESPONSE_U,89,21,0.20877176058307553,0.06759139487431162,0.14118036570876388,2.0,1.9523809523809523,2.0,2.0,1.0,3.982621948336088,0.021415697035034865,0.009504156639440788,-0.005480290246289581,-0.005371712762535084,-0.005371715390228947,0.00043705697024220717,0.00028324506275273465,0.0002832449674835142,0.0,1.4464144400213208,0.0,0.0,0.0002553188550716204,5.76030778517319e-07
O1_s63_RESPONSE_U,RESPONSE_U,90,21,0.21417099839293924,0.07117876375005358,0.1429922346428857,2.0,1.9523809523809523,2.0,2.0,1.0,4.310920184197526,0.020539654224192967,0.009470579204253812,-0.0056935822114969874,-0.0055723989836462965,-0.005572402316670814,0.00043043517125436616,0.0002888396937707572,0.00028883976345135166,0.0,1.4247651840906126,0.0,0.0,0.0003457456027918658,5.9879003724662e-07
O1_s63_RESPONSE_U,RESPONSE_U,91,21,0.20184000659103254,0.06276592062342734,0.13907408596760518,2.0,1.9523809523809523,2.0,2.0,1.0,4.479533744904659,0.01814706092720731,0.006865165098212035,-0.005690587939935086,-0.005647458556123315,-0.005647459038037314,0.0002824431770748098,0.00018971323581919408,0.00018971346101602404,0.047619047619047616,1.4673772732564276,0.0,0.0,0.00016167614557854705,6.207414097649284e-07
O1_s63_RESPONSE_U,RESPONSE_U,92,21,0.19921065052319448,0.06484387974653925,0.1343667707766552,2.0,1.9523809523809523,2.0,2.0,1.0,5.654023058755997,0.015551358745393182,0.012890044148045912,-0.005050130800476807,-0.004960431736888952,-0.004960434859276023,0.0004134432407886763,0.0002590032227731441,0.000259003475024749,0.047619047619047616,1.454363227202101,0.0,0.0,0.0002746086087232328,6.947015752925645e-07
O1_s63_RESPONSE_U,RESPONSE_U,93,21,0.2093788223440101,0.06732357648156938,0.14205524586244073,2.0,1.9523809523809523,2.0,2.0,1.0,4.59805403849164,0.013748235253784961,0.013103032503815398,-0.0051912546144841296,-0.004990648483981262,-0.0049906493419449955,0.00039323390190086,0.0002625545869545152,0.0002625546623877398,0.047619047619047616,1.5132028894972314,0.0,0.0,0.00030192889523484115,6.303118408166386e-07
O1_s63_RESPONSE_U,RESPONSE_U,94,21,0.21051976434102054,0.06975284094611804,0.14076692339490252,2.0,1.9523809523809523,2.0,2.0,1.0,5.019629360459418,0.014854642158768302,0.011891721950530624,-0.004892218375751962,-0.004622858628147724,-0.004622859248337626,0.00039431619004117553,0.0002538352392980481,0.000253835361923252,0.047619047619047616,1.4252994463128488,0.0,0.0,0.00038173722602082347,6.779887363445475e-07
O1_s63_RESPONSE_U,RESPONSE_U,95,21,0.20732508303013872,0.06794572710281327,0.13937935592732548,2.0,1.9523809523809523,2.0,2.0,1.0,4.732529375632622,0.014040436213695127,0.009137869928066839,-0.00430587443774189,-0.004235392980547599,-0.004235394276921304,0.0002808509833033245,0.00019136011181636103,0.0001913601867362514,0.047619047619047616,1.422367785829881,0.0,0.0,0.00017028447410820263,6.717894933513184e-07
O1_s63_RESPONSE_U,RESPONSE_U,96,21,0.20519230762999124,0.06476994621611777,0.1404223614138735,2.0,1.9523809523809523,2.0,2.0,1.0,4.43305576102918,0.007990775312693975,0.007964351062372033,-0.0024277350625498202,-0.0024047506257819542,-0.0024047463722047403,0.00014579557545965545,0.0001006392577001936,0.00010063965212917822,0.19047619047619047,1.538051287255653,0.0,0.0,8.4614127070853e-05,6.081360191585379e-07
O1_s63_RESPONSE_U,RESPONSE_U,97,21,0.19565050440013457,0.06274723598644846,0.1329032684136861,2.0,1.9523809523809523,2.0,2.0,1.0,3.940798101156451,0.0071082686771065185,0.009250597324140387,-0.001854949459077412,-0.0018411376370342698,-0.001841136423849291,0.0001415093359479895,9.198729188506438e-05,9.198746806436724e-05,0.047619047619047616,1.435398886898876,0.0,0.0,8.392973711539822e-05,5.629814053944253e-07
O1_s63_RESPONSE_U,RESPONSE_U,98,21,0.1912914676337187,0.061402831049192516,0.1298886365845262,2.0,1.9523809523809523,2.0,2.0,1.0,4.863415680560029,0.004649196245304595,0.013148967797675395,-0.0015654066820831136,-0.001459194862694324,-0.0014591932185903731,0.00013065727088728738,8.340211853178703e-05,8.34023288686242e-05,0.0,1.4265225001229,0.0,0.0,0.00011832021521792304,6.18123903877254e-07
O1_s63_RESPONSE_U,RESPONSE_U,99,21,0.18712007698678884,0.05880260662663551,0.12831747036015334,2.0,1.9523809523809523,2.0,2.0,1.0,4.717414044272464,0.0035205968774062795,0.010031968693198503,-0.0012191946962983096,-0.001219733564658289,-0.0012197356446191018,7.748888858770299e-05,5.265128374880953e-05,5.2651459408105126e-05,0.047619047619047616,1.4641395269479394,0.0,0.0,6.49466719177452e-05,6.267451287633623e-07
O1_s63_RESPONSE_U,RESPONSE_U,100,21,0.20109066913230536,0.06476893444501218,0.13632173468729317,2.0,1.9523809523809523,2.0,2.0,1.0,4.743912643889417,0.0010875070869733566,0.010095766328492007,-0.00038184855089272077,-0.0003753557123481586,-0.0003753555393605138,1.9275630454494225e-05,1.255272647164076e-05,1.2554915375983671e-05,0.0,1.4415049780108422,0.0,0.0,1.1863541356634174e-05,6.150428260698211e-07
O1_s63_DPR_L,DPR_L,1,21,0.603430622596736,0.2494865588489033,0.35394406374783266,2.0,0.0,0.0,0.0,0.0,6.8249213087781735,0.20550776444422403,0.0,-0.15257297290115415,-0.15257297290115415,-0.15257297290115415,0.0,0.0,0.0,0.09523809523809523,1.0,0.0,0.0,0.0,8.424568619920783e-07
O1_s63_DPR_L,DPR_L,2,21,0.4169343806019682,0.12916786418784232,0.2877665164141259,2.0,0.0,0.0,0.0,0.0,4.925515559647253,0.10141363441272229,0.0,-0.020886153125920896,-0.020886153125920896,-0.020886153125920896,0.0,0.0,0.0,0.09523809523809523,1.0,0.0,0.0,0.0,4.6726587551835435e-07
O1_s63_DPR_L,DPR_L,3,21,0.3664809749620363,0.112822430119628,0.25365854484240835,2.0,0.0,0.0,0.0,0.0,6.749301694583274,0.08172971232940292,0.0,-0.031479456806097705,-0.031479456806097705,-0.031479456806097705,0.0,0.0,0.0,0.09523809523809523,1.0,0.0,0.0,0.0,6.135083743250626e-07
O1_s63_DPR_L,DPR_L,4,21,0.35102824399324123,0.10671373705069225,0.24431450694254903,2.0,0.0,0.0,0.0,0.0,7.205204287138433,0.08576174082717761,0.0,-0.03431426126571385,-0.03431426126571385,-0.03431426126571385,0.0,0.0,0.0,0.19047619047619047,1.0,0.0,0.0,0.0,6.696760528928823e-07
O1_s63_DPR_L,DPR_L,5,21,0.2977725624736769,0.08969603053161077,0.20807653194206616,2.0,0.0,0.0,0.0,0.0,6.707773345291757,0.09145925237673841,0.0,-0.030504529598579876,-0.030504529598579876,-0.030504529598579876,0.0,0.0,0.0,0.09523809523809523,1.0,0.0,0.0,0.0,6.394140732296454e-07
O1_s63_DPR_L,DPR_L,6,21,0.3047031236010501,0.09526583712015833,0.20943728648089177,2.0,0.0,0.0,0.0,0.0,8.02736215081442,0.12156511897516221,0.0,-0.05366298658972406,-0.05366298658972406,-0.05366298658972406,0.0,0.0,0.0,0.19047619047619047,1.0,0.0,0.0,0.0,7.941264377324485e-07
O1_s63_DPR_L,DPR_L,7,21,0.35097640461232743,0.11499799575124468,0.23597840886108268,2.0,0.0,0.0,0.0,0.0,6.097866539855418,0.09329439745289243,0.0,-0.0273007821053979,-0.0273007821053979,-0.0273007821053979,0.0,0.0,0.0,0.09523809523809523,1.0,0.0,0.0,0.0,5.458323897860225e-07
O1_s63_DPR_L,DPR_L,8,21,0.280063512882155,0.0769915504469758,0.2030719624351792,2.0,0.0,0.0,0.0,0.0,6.050303463704362,0.08567932774440751,0.0,-0.02095600487089034,-0.02095600487089034,-0.02095600487089034,0.0,0.0,0.0,0.2857142857142857,1.0,0.0,0.0,0.0,5.476817585666195e-07
O1_s63_DPR_L,DPR_L,9,21,0.2262572352103675,0.06417191897829373,0.16208531623207378,2.0,0.0,0.0,0.0,0.0,5.9674595418860985,0.08709146971022094,0.0,-0.02157487210097494,-0.02157487210097494,-0.02157487210097494,0.0,0.0,0.0,0.09523809523809523,1.0,0.0,0.0,0.0,5.720949628606374e-07
O1_s63_DPR_L,DPR_L,10,21,0.19986440289496296,0.056211464816615694,0.14365293807834723,2.0,0.0,0.0,0.0,0.0,5.485518317856686,0.07570800344859735,0.0,-0.018034696993828942,-0.018034696993828942,-0.018034696993828942,0.0,0.0,0.0,0.0,1.0,0.0,0.0,0.0,5.003236141588085e-07
O1_s63_DPR_L,DPR_L,11,21,0.24312271170686,0.07498459411518914,0.16813811759167088,2.0,0.0,0.0,0.0,0.0,6.26356594864101,0.09683224287105906,0.0,-0.034033820079984047,-0.034033820079984047,-0.034033820079984047,0.0,0.0,0.0,0.23809523809523808,1.0,0.0,0.0,0.0,6.018874213337419e-07
O1_s63_DPR_L,DPR_L,12,21,0.27174148910641094,0.08261023745650337,0.18913125164990763,2.0,0.0,0.0,0.0,0.0,7.523442616225757,0.13252501362535546,0.0,-0.05497608780620824,-0.05497608780620824,-0.05497608780620824,0.0,0.0,0.0,0.09523809523809523,1.0,0.0,0.0,0.0,7.409842974582978e-07
O1_s63_DPR_L,DPR_L,13,21,0.23573016886705533,0.06744593896326564,0.16828422990378972,2.0,0.0,0.0,0.0,0.0,6.4584461519577845,0.09644028701401496,0.0,-0.028437818637854356,-0.028437818637854356,-0.028437818637854356,0.0,0.0,0.0,0.0,1.0,0.0,0.0,0.0,6.328858866600393e-07
O1_s63_DPR_L,DPR_L,14,21,0.19082507282084998,0.05378418256129537,0.1370408902595546,2.0,0.0,0.0,0.0,0.0,5.586820667540908,0.08416944212988203,0.0,-0.020646105766420484,-0.020646105766420484,-0.020646105766420484,0.0,0.0,0.0,0.047619047619047616,1.0,0.0,0.0,0.0,5.002481514012429e-07
O1_s63_DPR_L,DPR_L,15,21,0.2034114193457038,0.060701320213930945,0.1427100991317729,2.0,0.0,0.0,0.0,0.0,6.191805596545911,0.11405358407748874,0.0,-0.029934961919369195,-0.029934961919369195,-0.029934961919369195,0.0,0.0,0.0,0.047619047619047616,1.0,0.0,0.0,0.0,5.93486195329357e-07
O1_s63_DPR_L,DPR_L,16,21,0.22747463903322396,0.07005832982914788,0.15741630920407607,2.0,0.0,0.0,0.0,0.0,9.57448451558121,0.10611122072396799,0.0,-0.05685789431841498,-0.05685789431841498,-0.05685789431841498,0.0,0.0,0.0,0.19047619047619047,1.0,0.0,0.0,0.0,8.147970851816726e-07
O1_s63_DPR_L,DPR_L,17,21,0.22249952578871804,0.06693734051216216,0.15556218527655588,2.0,0.0,0.0,0.0,0.0,4.478619531871912,0.0852619044552481,0.0,-0.01094498990937315,-0.01094498990937315,-0.01094498990937315,0.0,0.0,0.0,0.047619047619047616,1.0,0.0,0.0,0.0,4.227803672317355e-07
O1_s63_DPR_L,DPR_L,18,21,0.17958875750376152,0.05042814410158566,0.12916061340217586,2.0,0.0,0.0,0.0,0.0,4.9089807627929956,0.0756528024122373,0.0,-0.017182433453116035,-0.017182433453116035,-0.017182433453116035,0.0,0.0,0.0,0.0,1.0,0.0,0.0,0.0,4.586596950372282e-07
O1_s63_DPR_L,DPR_L,19,21,0.17428403367499193,0.04825118095392272,0.12603285272106915,2.0,0.0,0.0,0.0,0.0,4.293521740529322,0.08181987831316816,0.0,-0.01892836280319772,-0.01892836280319772,-0.01892836280319772,0.0,0.0,0.0,0.19047619047619047,1.0,0.0,0.0,0.0,4.6025841581044836e-07
O1_s63_DPR_L,DPR_L,20,21,0.18394488930984712,0.056816007675869126,0.12712888163397804,2.0,0.0,0.0,0.0,0.0,7.664213010335867,0.11862691817998508,0.0,-0.03679099349786975,-0.03679099349786975,-0.03679099349786975,0.0,0.0,0.0,0.09523809523809523,1.0,0.0,0.0,0.0,6.447442394310549e-07
O1_s63_DPR_L,DPR_L,21,21,0.6856160557656497,0.284803725424267,0.4008123303413826,2.0,2.0,2.0,2.0,0.05000000000000001,10.654952574640776,0.16268512676243324,0.0010227127739875972,-0.15195329864294635,-0.15195329864294635,-0.15195329671885044,0.0048234697739744994,0.004704617007748293,0.004704616922258106,0.047619047619047616,1.0182307789571747,0.0,0.0,2.412474395123755e-08,1.248055268707982e-06
O1_s63_DPR_L,DPR_L,22,21,0.5973747650866892,0.21490651830321267,0.38246824678347646,2.0,2.0,2.0,2.0,0.10000000000000002,5.49719079047131,0.16775022772032724,0.0014328292947719122,-0.04418527905431922,-0.044185279054319224,-0.044185273150023414,0.0035407606486812203,0.003365725183752114,0.003365724883752688,0.047619047619047616,1.0395657053791254,0.0,0.0,1.0718742431725689e-08,6.5395222990173e-07
O1_s63_DPR_L,DPR_L,23,21,0.5650207506575848,0.21239904456195377,0.3526217060956312,2.0,2.0,2.0,2.0,0.14999999999999997,5.042331348110405,0.18208784345261458,0.0014246005360190651,-0.050871804323494196,-0.050871804323494196,-0.0508718026285331,0.002904943406319708,0.0027370639689320276,0.00273706388231159,0.047619047619047616,1.0567779108116222,0.0,0.0,7.389156333135861e-09,6.664599308464249e-07
O1_s63_DPR_L,DPR_L,24,21,0.47960427900427394,0.15665496708381743,0.32294931192045656,2.0,2.0,2.0,2.0,0.20000000000000004,5.1771539325141065,0.13277295273011727,0.002559851248241971,-0.029540485328970616,-0.02954048532897061,-0.02954048083445266,0.002676986750984046,0.002466098644696458,0.0024660990544972746,0.14285714285714285,1.0667191540251142,0.0,0.0,7.85156400079659e-09,6.138635412809275e-07
O1_s63_DPR_L,DPR_L,25,21,0.4495309770661459,0.1579777995745341,0.2915531774916118,2.0,2.0,2.0,2.0,0.25,4.637462740444307,0.13933397877139256,0.0017396051596917015,-0.02038705611611759,-0.02038705611611759,-0.02038705429337991,0.0017353023849679223,0.001560753513876039,0.0015607537182919951,0.19047619047619047,1.0995105148017075,0.0,0.0,7.474982878416163e-09,5.285700799624602e-07
O1_s63_DPR_L,DPR_L,26,21,0.42396937231395154,0.14165827383597693,0.2823110984779747,2.0,2.0,2.0,2.0,0.29999999999999993,4.03208376003157,0.11746435607012432,0.0025579730627813217,-0.02479945775160905,-0.024799457751609046,-0.024799456033614827,0.0018100722096646704,0.001603113930196744,0.0016031139309372238,0.047619047619047616,1.1099804044046342,0.0,0.0,8.147200341792223e-09,5.157706181768096e-07
O1_s63_DPR_L,DPR_L,27,21,0.4729049759828662,0.16960946736591204,0.30329550861695426,2.0,2.0,2.0,2.0,0.34999999999999987,5.815644458953681,0.11909410705697827,0.002934883000104719,-0.038891248456488316,-0.038891248456488316,-0.03889125458115347,0.001903718816268402,0.001669345134594515,0.001669344754780364,0.047619047619047616,1.1175958183208106,0.0,0.0,9.59064950937661e-09,6.895361604988447e-07
O1_s63_DPR_L,DPR_L,28,21,0.46343974470150234,0.16300656149784723,0.3004331832036551,2.0,2.0,2.0,2.0,0.4000000000000001,6.283460460495496,0.1116388264273248,0.003955877224182329,-0.027715890942220156,-0.027715890942220156,-0.027715888932190163,0.0019495619383183799,0.0016774029143385967,0.0016774022914278768,0.0,1.1185129739320496,0.0,0.0,1.3893144301454229e-08,6.799540041958362e-07
O1_s63_DPR_L,DPR_L,29,21,0.42498771664158064,0.14630799740552902,0.27867971923605167,2.0,2.0,2.0,2.0,0.44999999999999996,5.841595835385285,0.10721940303070442,0.005579836018363871,-0.02285955692735475,-0.02285955692735475,-0.022859558370900295,0.0023896147987511394,0.0020026711848555884,0.002002671341278673,0.047619047619047616,1.127012193456078,0.0,0.0,8.790545736855014e-09,5.723518404926148e-07
O1_s63_DPR_L,DPR_L,30,21,0.4471971706120274,0.1626975875170458,0.2844995830949816,2.0,2.0,2.0,2.0,0.5,8.031408487760674,0.12405208503273465,0.004943770224909936,-0.038376122758677134,-0.038376122758677134,-0.038376124243033105,0.0024705948160511026,0.001988508652497364,0.0019885089311769055,0.09523809523809523,1.1530605580406315,0.0,0.0,1.5897448927928522e-08,7.715149423865101e-07
O1_s63_DPR_L,DPR_L,31,21,0.3984302928095328,0.1263520841797193,0.2720782086298134,2.0,2.0,2.0,2.0,0.5500000000000002,6.83906065215815,0.08127144629568649,0.00593598790249014,-0.024283884999994777,-0.024283884999994777,-0.024283882958000293,0.0017307166972605481,0.0014382952582896384,0.001438295054210851,0.0,1.114764336159197,0.0,0.0,1.289307938025011e-08,6.525620411887651e-07
O1_s63_DPR_L,DPR_L,32,21,0.38464398347484213,0.1309279529821305,0.25371603049271163,2.0,2.0,2.0,2.0,0.5999999999999999,5.421109962518241,0.07721901936461231,0.006596740171053382,-0.02330497642538472,-0.023304976425384722,-0.023304972525763894,0.0016237390547424585,0.0012505774006803501,0.0012505775462509923,0.047619047619047616,1.1876179690498228,0.0,0.0,8.845496626063571e-09,5.867995976470285e-07
O1_s63_DPR_L,DPR_L,33,21,0.3981014163624939,0.12511911686687244,0.27298229949562147,2.0,2.0,2.0,2.0,0.6500000000000001,6.649647698555942,0.09785239826726604,0.005944204760180066,-0.026669528654653926,-0.026669528654653926,-0.026669522541181795,0.0017834626378746559,0.0013983206185964655,0.001398320519749521,0.0,1.1826691453354472,0.0,0.0,1.2546006946340806e-08,6.667186697070954e-07
O1_s63_DPR_L,DPR_L,34,21,0.37567692901392696,0.12713378188865526,0.2485431471252717,2.0,2.0,2.0,2.0,0.6999999999999997,6.585421421699408,0.08554555764555159,0.005738411696593748,-0.026384402450938305,-0.026384402450938305,-0.026384406881006437,0.0014534222749680113,0.001109824197243255,0.0011098244470915115,0.047619047619047616,1.2288703763805975,0.0,0.0,1.4817829803255365e-08,6.601406294553169e-07
O1_s63_DPR_L,DPR_L,35,21,0.3768356461423735,0.13097963570838883,0.2458560104339847,2.0,2.0,2.0,2.0,0.75,6.968906665616402,0.10355672345351066,0.007463063549498832,-0.03448797196053604,-0.03448797196053604,-0.03448797029089292,0.0021235723916589394,0.0016249246034312093,0.0016249253142925238,0.14285714285714285,1.1697961410345923,0.0,0.0,1.3381686090324071e-08,7.437826462896854e-07
O1_s63_DPR_L,DPR_L,36,21,0.3746613844998783,0.12170048536998886,0.2529608991298894,2.0,2.0,2.0,2.0,0.8000000000000002,6.47238012012035,0.08839915034083934,0.005776002310122478,-0.021859303114301773,-0.021859303114301776,-0.021859297131783622,0.0014831157724519972,0.0011746408573647352,0.001174640663098903,0.047619047619047616,1.2610222070480561,0.0,0.0,1.516788660876066e-08,6.204322780506369e-07
O1_s63_DPR_L,DPR_L,37,21,0.35063428189784984,0.11669767115797315,0.23393661073987676,2.0,2.0,2.0,2.0,0.8499999999999999,5.4074473521449065,0.0791573103054448,0.00705810527797217,-0.020520028442556928,-0.020520028442556924,-0.02052003362211936,0.0014161367323806064,0.001062694386705172,0.0010626949074113627,0.0,1.2503817861934554,0.0,0.0,1.0087340293954162e-08,5.874860939783837e-07
O1_s63_DPR_L,DPR_L,38,21,0.3420148586025227,0.1097617285947005,0.2322531300078221,2.0,2.0,2.0,2.0,0.8999999999999999,6.781933332156955,0.08686519113414526,0.007495538511470197,-0.02676386884706681,-0.02676386884706681,-0.026763872116637586,0.0016195159042466075,0.001194423473478055,0.001194423350129511,0.0,1.2562389227681845,0.0,0.0,1.2209388065804277e-08,6.884658811865697e-07
O1_s63_DPR_L,DPR_L,39,21,0.3468642432441152,0.11758912478884061,0.2292751184552746,2.0,2.0,2.0,2.0,0.9499999999999996,7.62418300982329,0.08450859877000266,0.005632154516140418,-0.02738257981424125,-0.027382579814241245,-0.027382584280535336,0.001234549070574348,0.0009786029353347375,0.0009786032334950952,0.09523809523809523,1.2453616758917718,0.0,0.0,1.6192611916645374e-08,6.879255412597787e-07
O1_s63_DPR_L,DPR_L,40,21,0.3363969613561835,0.1084518941740195,0.22794506718216404,2.0,2.0,2.0,2.0,1.0,7.254721879605318,0.10655155769096172,0.007870182120362276,-0.02992974967052114,-0.02992974967052114,-0.029929752873167913,0.0018965643632156718,0.0013098416002287959,0.001309841881007093,0.09523809523809523,1.2573173968654006,0.0,0.0,1.4779341454881821e-08,7.341029941361745e-07
O1_s63_DPR_L,DPR_L,41,21,0.326442944021342,0.10909456617775418,0.2173483778435878,2.0,2.0,2.0,2.0,1.0,5.780290733836392,0.07303564409364285,0.009480422294101168,-0.020949267677863776,-0.02094926767786378,-0.0209492675622845,0.0015718294947690149,0.001173364183353397,0.0011733640854048614,0.047619047619047616,1.292083692673008,0.0,0.0,1.0479434095695825e-08,6.11908799490864e-07
O1_s63_DPR_L,DPR_L,42,21,0.33593124954870934,0.10958237538025492,0.2263488741684545,2.0,2.0,2.0,2.0,1.0,6.213899780570373,0.08219360362945967,0.005494567850624509,-0.027961328389246063,-0.027961328389246063,-0.02796132986978233,0.0010729948734083537,0.0008013253336143113,0.0008013254041484254,0.09523809523809523,1.286205214744827,0.0,0.0,5.951692742711104e-09,7.026410419429378e-07
O1_s63_DPR_L,DPR_L,43,21,0.32727325747274916,0.10810457294185956,0.21916868453088956,2.0,2.0,2.0,2.0,1.0,7.421579231378799,0.0943970264920282,0.006027879131568916,-0.02853766186631485,-0.02853766186631485,-0.02853765677506248,0.001394620812426852,0.0010399433055637843,0.0010399430497380975,0.09523809523809523,1.3057840156438338,0.0,0.0,1.6837067936973558e-08,7.197238853161477e-07
O1_s63_DPR_L,DPR_L,44,21,0.3253942042483522,0.10882955470255443,0.21656464954579782,2.0,2.0,2.0,2.0,1.0,6.694033842442316,0.07556437139595734,0.00853921893475775,-0.02710342068920841,-0.027103420689208405,-0.02710341853156073,0.0015246346660319082,0.0011178629466334527,0.0011178627560248333,0.09523809523809523,1.260665361141808,0.0,0.0,1.1164784605443611e-08,6.603790916651619e-07
O1_s63_DPR_L,DPR_L,45,21,0.3340719419967795,0.11479705394733519,0.21927488804944426,2.0,2.0,2.0,2.0,1.0,6.123998119834283,0.06460357409301809,0.009966030321046636,-0.020514201478894836,-0.020514201478894833,-0.020514200544254783,0.001473705321414891,0.0010630169429617256,0.0010630168836336647,0.09523809523809523,1.2666569747726932,0.0,0.0,8.401277810030036e-09,6.396950560174958e-07
O1_s63_DPR_L,DPR_L,46,21,0.31353008244613073,0.09912566911606562,0.21440441333006502,2.0,2.0,2.0,2.0,1.0,5.161625240794753,0.05967189119895416,0.006413667647759066,-0.018705295945819427,-0.01870529594581943,-0.018705295215031042,0.0009069562605125819,0.0006567523258455385,0.000656752558130338,0.047619047619047616,1.307491189161744,0.0,0.0,7.145987558399015e-09,5.981487305260197e-07
O1_s63_DPR_L,DPR_L,47,21,0.3299274462788427,0.11614150394286428,0.21378594233597847,2.0,2.0,2.0,2.0,1.0,6.104820478987449,0.06615139346992079,0.008080768802147188,-0.025547184076801253,-0.025547184076801253,-0.025547187594301274,0.001264367998019598,0.0009186674686179496,0.0009186679365870877,0.047619047619047616,1.311505362173375,0.0,0.0,1.314188566707788e-08,6.422891884257222e-07
O1_s63_DPR_L,DPR_L,48,21,0.3150571205757429,0.10073033312246912,0.2143267874532738,2.0,2.0,2.0,2.0,1.0,6.502955096774867,0.0819464224692392,0.007042127500598614,-0.023054197725166085,-0.023054197725166085,-0.023054195145530018,0.001399093018243032,0.001044439443973983,0.001044439524277271,0.09523809523809523,1.2913529372323351,0.0,0.0,1.2482399619263075e-08,7.022381962499319e-07
O1_s63_DPR_L,DPR_L,49,21,0.33232125966438214,0.1065896549040363,0.22573160476034587,2.0,2.0,2.0,2.0,1.0,7.109539306621114,0.07479827062729857,0.008746815703417529,-0.029566284195483232,-0.029566284195483232,-0.029566290874268583,0.0015938720823322724,0.0011932139870671089,0.0011932147646396165,0.09523809523809523,1.2951551864166362,0.0,0.0,1.2669319183879797e-08,7.47312871450611e-07
O1_s63_DPR_L,DPR_L,50,21,0.3020555951889565,0.09949891854609762,0.2025566766428589,2.0,2.0,2.0,2.0,1.0,4.068573964983446,0.06749522298347346,0.007806606695300414,-0.015054508363677901,-0.015054508363677901,-0.015054510252730892,0.0012743613708246014,0.0009260287318613074,0.000926028614937661,0.047619047619047616,1.300153738823719,0.0,0.0,5.160701662255583e-09,5.281058517014514e-07
O1_s63_DPR_L,DPR_L,51,21,0.26727167645337235,0.0812804422208241,0.1859912342325482,2.0,2.0,2.0,2.0,1.0,5.552621975771051,0.06713351414655597,0.008094712233411926,-0.018817200491829486,-0.01881720049182949,-0.01881720508776858,0.0012908381112468432,0.0009483132363972331,0.0009483129448757821,0.0,1.2744064005865428,0.0,0.0,1.098426269389854e-08,5.781502756352596e-07
O1_s63_DPR_L,DPR_L,52,21,0.29087979759635,0.09325590907108217,0.19762388852526794,2.0,2.0,2.0,2.0,1.0,5.937654227170009,0.07019923347486517,0.010318668153989968,-0.02413126378668993,-0.02413126378668992,-0.02413126802286225,0.0016905680716768356,0.0012139763654498608,0.0012139765808943236,0.047619047619047616,1.332347262899641,0.0,0.0,9.258365360761336e-09,6.527635812657322e-07
O1_s63_DPR_L,DPR_L,53,21,0.28074645977772716,0.09478073939681053,0.18596572038091666,2.0,2.0,2.0,2.0,1.0,4.837352111801326,0.06847973700884606,0.0068944577661996225,-0.013894879165700253,-0.013894879165700253,-0.013894879813753572,0.0010736455322575087,0.0007582398211289631,0.0007582403474838728,0.047619047619047616,1.2575640139269442,0.0,0.0,7.432906004890906e-09,5.476767365024531e-07
O1_s63_DPR_L,DPR_L,54,21,0.2669907086619578,0.08553652376646087,0.1814541848954969,2.0,2.0,2.0,2.0,1.0,6.30986534236801,0.05542293502410286,0.009601290744881096,-0.01640291478972076,-0.01640291478972076,-0.016402916128820038,0.0011650237625522827,0.0008156497643815661,0.0008156500134730429,0.047619047619047616,1.2390529516382212,0.0,0.0,1.1252685070498976e-08,6.46010573629574e-07
O1_s63_DPR_L,DPR_L,55,21,0.25559543368929255,0.08080051910309564,0.1747949145861969,2.0,2.0,2.0,2.0,1.0,5.3156737537717405,0.051635486787353635,0.01138956745548111,-0.019523909966387653,-0.019523909966387656,-0.019523911889909176,0.001365701870887529,0.0009322231886879405,0.0009322235762747874,0.14285714285714285,1.3290029783163813,0.0,0.0,9.607966203028616e-09,6.379994164542281e-07
O1_s63_DPR_L,DPR_L,56,21,0.3086147882227839,0.1068757428299813,0.2017390453928026,2.0,2.0,2.0,2.0,1.0,5.685406807319633,0.07760086051772855,0.006304543955943688,-0.023601717391277595,-0.023601717391277595,-0.02360171697204994,0.001127488231204753,0.0008084173678852466,0.000808416380808551,0.047619047619047616,1.2821346345921754,0.0,0.0,1.0522529038652203e-08,6.945787990290694e-07
O1_s63_DPR_L,DPR_L,57,21,0.2905754933411152,0.09432168677449226,0.19625380656662297,2.0,2.0,2.0,2.0,1.0,5.800539215451761,0.06217609637669863,0.0072589665650320215,-0.020652982407359115,-0.020652982407359115,-0.02065298978375768,0.001092387638980211,0.00081360021747499,0.0008136002223475783,0.047619047619047616,1.3220599991811117,0.0,0.0,1.4235147502880194e-08,6.559500510202302e-07
O1_s63_DPR_L,DPR_L,58,21,0.26924710506657074,0.08256992502581506,0.18667718004075567,2.0,2.0,2.0,2.0,1.0,5.24624001303682,0.07175195941800654,0.007874375272387765,-0.016815687123838238,-0.016815687123838238,-0.01681569223840867,0.0014082827817219871,0.0010547303650222941,0.0010547309355751445,0.09523809523809523,1.294820285746103,0.0,0.0,7.770272516376633e-09,6.148738407462628e-07
O1_s63_DPR_L,DPR_L,59,21,0.28399221686929943,0.09151911088043735,0.1924731059888621,2.0,2.0,2.0,2.0,1.0,5.52060087984523,0.05939484207941794,0.006503347575434441,-0.014800465071253982,-0.014800465071253982,-0.01480046358945934,0.0008844498259859968,0.0006361347527501821,0.000636134680595011,0.09523809523809523,1.2880271437039437,0.0,0.0,9.444174198071893e-09,6.051065495410311e-07
O1_s63_DPR_L,DPR_L,60,21,0.28435295407237926,0.09077366423748788,0.19357928983489134,2.0,2.0,2.0,2.0,1.0,7.6309546636100185,0.0739796443600665,0.007971056568767908,-0.027966649043315788,-0.027966649043315788,-0.02796665161247614,0.0013493406866445113,0.0009713169247812338,0.0009713166226250002,0.047619047619047616,1.246556078130671,0.0,0.0,1.506653022504986e-08,7.838169600061644e-07
O1_s63_DPR_L,DPR_L,61,21,0.2964874609370819,0.10382998202528272,0.19265747891179916,2.0,2.0,2.0,2.0,1.0,7.096341990292658,0.07846788198747862,0.00605031953844601,-0.022281279209132674,-0.022281279209132678,-0.022281273817367303,0.0011964324777729613,0.0009079613229405652,0.000907961000609052,0.0,1.3098698188008064,0.0,0.0,1.4256776969704578e-08,7.514184058570896e-07
O1_s63_DPR_L,DPR_L,62,21,0.2690738157502823,0.0863093441086156,0.1827644716416667,2.0,2.0,2.0,2.0,1.0,5.157087560990128,0.07091641643887339,0.009353365637049724,-0.016996504504248916,-0.016996504504248916,-0.016996502500454844,0.001520455577678131,0.0010805047867406034,0.0010805051877755313,0.09523809523809523,1.2666415890652813,0.0,0.0,8.173780945131038e-09,6.230667005135695e-07
O1_s63_DPR_L,DPR_L,63,21,0.26339866230741893,0.08240075622286115,0.18099790608455787,2.0,2.0,2.0,2.0,1.0,4.56557129508097,0.05709000722815133,0.007538353495958661,-0.017865721801951624,-0.017865721801951635,-0.017865718015888047,0.0010113488877256424,0.0007306184817751112,0.0007306187188381175,0.047619047619047616,1.298135327007943,0.0,0.0,9.32769711523326e-09,6.007973391865648e-07
O1_s63_DPR_L,DPR_L,64,21,0.2782002154654642,0.09001218900084496,0.18818802646461913,2.0,2.0,2.0,2.0,1.0,5.499577437360297,0.05689022249244454,0.008927841640095167,-0.01620552651498383,-0.01620552651498383,-0.016205523762840065,0.0011189078785552716,0.0007897114603154438,0.0007897113286297787,0.047619047619047616,1.2671263563268622,0.0,0.0,1.3272594547684043e-08,6.370705501078981e-07
O1_s63_DPR_L,DPR_L,65,21,0.28787993018237135,0.09454184806063062,0.19333808212174072,2.0,2.0,2.0,2.0,1.0,5.544889695791996,0.046730184476297586,0.009699785465776677,-0.015604746877108713,-0.015604746877108713,-0.0156047484263807,0.0010852995980494345,0.0007725937920826297,0.000772593537439497,0.047619047619047616,1.2614637964941917,0.0,0.0,9.968597961364196e-09,6.55180540222415e-07
O1_s63_DPR_L,DPR_L,66,21,0.2617267687470151,0.08157812608849435,0.18014864265852076,2.0,2.0,2.0,2.0,1.0,5.230968931585086,0.047716610771136245,0.006968560070088011,-0.013032985771903398,-0.013032985771903398,-0.01303298444367609,0.0007450503849061775,0.0005131875547249454,0.0005131874287367469,0.0,1.3305573090935385,0.0,0.0,6.127093968076661e-09,6.133340663424627e-07
O1_s63_DPR_L,DPR_L,67,21,0.25174897362741655,0.08012714449848447,0.17162182912893206,2.0,2.0,2.0,2.0,1.0,6.002388008667554,0.04319300669663113,0.007841638826945399,-0.013300250142988305,-0.013300250142988301,-0.013300251624317774,0.0007895617543738581,0.0005815055094371159,0.0005815056054978257,0.047619047619047616,1.2665580203938933,0.0,0.0,1.2247587210392963e-08,6.518427936851532e-07
O1_s63_DPR_L,DPR_L,68,21,0.2559815487340235,0.08088459677639462,0.17509695195762884,2.0,2.0,2.0,2.0,1.0,5.432485568715587,0.06028284186583134,0.009142003902728625,-0.01949712115138505,-0.019497121151385053,-0.019497126856721943,0.0012711578972872703,0.0008953442521794345,0.0008953444414930781,0.047619047619047616,1.308002164286855,0.0,0.0,1.0430321472274398e-08,7.039351551594046e-07
O1_s63_DPR_L,DPR_L,69,21,0.26473402103498894,0.0871429792827084,0.17759104175228063,2.0,2.0,2.0,2.0,1.0,5.885240589849538,0.05819016819233873,0.006963328118670393,-0.016286908864967687,-0.016286908864967687,-0.016286913627580276,0.0009227376661104536,0.0006597138316671889,0.0006597138591640688,0.047619047619047616,1.2589472019137087,0.0,0.0,1.1809016448287985e-08,6.596410503947739e-07
O1_s63_DPR_L,DPR_L,70,21,0.25835452912811574,0.0814324330006327,0.17692209612748297,2.0,2.0,2.0,2.0,1.0,5.745124061365471,0.04717014374040987,0.006473441575686328,-0.017451038871574436,-0.017451038871574436,-0.017451039071150372,0.0006925422240907275,0.0004884928852519409,0.0004884927443827969,0.0,1.2658987929540158,0.0,0.0,1.0402991067922205e-08,7.09006119257689e-07
O1_s63_DPR_L,DPR_L,71,21,0.25413735827977774,0.07812147835890453,0.1760158799208732,2.0,2.0,2.0,2.0,1.0,6.7896328179930325,0.04757439079031626,0.009878756026977908,-0.017780705216249762,-0.017780705216249765,-0.017780699988353188,0.0010351571791073723,0.0007464086316934812,0.0007464088795745181,0.0,1.283163324901319,0.0,0.0,1.5534100156606728e-08,7.652515508437493e-07
O1_s63_DPR_L,DPR_L,72,21,0.24369451687735236,0.08001654630615598,0.16367797057119635,2.0,2.0,2.0,2.0,1.0,5.468457622545365,0.048270201656249796,0.007582744246954535,-0.014445450674307758,-0.014445450674307756,-0.014445450670781618,0.0008345494385118416,0.0005944952813549937,0.0005944953066854181,0.0,1.3191056447685765,0.0,0.0,7.817787342617982e-09,6.949287199465734e-07
O1_s63_DPR_L,DPR_L,73,21,0.2534446553460632,0.0827001743905601,0.17074448095550313,2.0,2.0,2.0,2.0,1.0,6.556955777219277,0.04520349404460243,0.007279294533232367,-0.01816625370519363,-0.01816625370519363,-0.018166253041193674,0.0007334097557808401,0.0005387859242546034,0.0005387857089600128,0.047619047619047616,1.2870044255627036,0.0,0.0,1.3059731316580529e-08,7.496790652559841e-07
O1_s63_DPR_L,DPR_L,74,21,0.2668352251144209,0.08669231441758928,0.1801429106968316,2.0,2.0,2.0,2.0,1.0,7.28448108973707,0.042726793470049824,0.01111767645781386,-0.020277012699509572,-0.020277012699509572,-0.020277010877494533,0.0010978024035992705,0.0007661337563396184,0.0007661338365264116,0.09523809523809523,1.298801200412006,0.0,0.0,1.332061137644882e-08,7.985406131827268e-07
O1_s63_DPR_L,DPR_L,75,21,0.2850223024976251,0.09362539524833362,0.19139690724929143,2.0,2.0,2.0,2.0,1.0,8.394607965375513,0.048454662157647876,0.009897537560572439,-0.02408073184403374,-0.02408073184403374,-0.02408072469693308,0.0011777993568363417,0.000878020758077574,0.0008780212587456064,0.14285714285714285,1.2793441299381543,0.0,0.0,1.8101140098956344e-08,8.833412129431151e-07
O1_s63_DPR_L,DPR_L,76,21,0.24739933540013015,0.07776353295360293,0.1696358024465272,2.0,2.0,2.0,2.0,1.0,5.462234999532571,0.039351710033190206,0.008577915382701659,-0.012225860718083126,-0.012225860718083122,-0.012225863823335178,0.0007679078582170263,0.0005498845774670943,0.000549884392718797,0.047619047619047616,1.3501219475416952,0.0,0.0,9.64857269807254e-09,6.705974527357116e-07
O1_s63_DPR_L,DPR_L,77,21,0.24400162288221375,0.07932718009466216,0.1646744427875516,2.0,2.0,2.0,2.0,1.0,6.0175802327902925,0.04252477807076366,0.008227051837949736,-0.012735263108396174,-0.012735263108396174,-0.012735268597892377,0.0007699715141271495,0.0005461264838193683,0.0005461270998423794,0.047619047619047616,1.301524573210482,0.0,0.0,1.4423896409522153e-08,6.492009904307549e-07
O1_s63_DPR_L,DPR_L,78,21,0.226579803411337,0.0682188817078159,0.15836092170352112,2.0,2.0,2.0,2.0,1.0,5.472215352708704,0.037059643833186655,0.009766426613444004,-0.010846974973140877,-0.010846974973140877,-0.010846976029474233,0.0008386984851778878,0.0006071772013295381,0.0006071770981440922,0.047619047619047616,1.3520622935679003,0.0,0.0,8.742506140404986e-09,6.334766157457829e-07
O1_s63_DPR_L,DPR_L,79,21,0.2363488272547366,0.07775578523675601,0.15859304201798066,2.0,2.0,2.0,2.0,1.0,5.598659681124737,0.0335759139904381,0.005119320928992128,-0.010114827392166235,-0.010114827392166237,-0.010114826153060768,0.000398274232300243,0.00029897698784713016,0.00029897708445345955,0.0,1.3061455450020591,0.0,0.0,1.1314147919804737e-08,6.787984866477947e-07
O1_s63_DPR_L,DPR_L,80,21,0.21773209474916908,0.0683714532781215,0.1493606414710476,2.0,2.0,2.0,2.0,1.0,4.375717243435001,0.03049277802290467,0.008492249237837084,-0.008426179114143586,-0.008426179114143586,-0.008426178086393524,0.0005872933746451898,0.00040613397417482266,0.0004061337768456998,0.0,1.3051341433775496,0.0,0.0,5.8217720382168e-09,5.774509560899271e-07
O1_s63_DPR_L,DPR_L,81,21,0.22979211741660832,0.07416469213508424,0.15562742528152407,2.0,2.0,2.0,2.0,1.0,5.130639565988868,0.028316509881400848,0.00811302047625547,-0.0082769348734859,-0.0082769348734859,-0.008276936996240275,0.0005487571832483544,0.0004017439640668601,0.00040174428517890414,0.0,1.306548779681341,0.0,0.0,1.036920713632292e-08,6.145167502931696e-07
O1_s63_DPR_L,DPR_L,82,21,0.2199186984658769,0.07061530392439593,0.149303394541481,2.0,2.0,2.0,2.0,1.0,4.429611183827621,0.029477935627309954,0.007651735829518148,-0.008217548746863437,-0.008217548746863437,-0.008217547165523375,0.0005016960267678617,0.00033577769513968187,0.00033577694933299343,0.0,1.3849788458933943,0.0,0.0,7.085945611631153e-09,5.841625299285801e-07
O1_s63_DPR_L,DPR_L,83,21,0.2222101950795802,0.07118981438023704,0.15102038069934318,2.0,2.0,2.0,2.0,1.0,4.646680341884366,0.02837778762389926,0.007498265014792248,-0.008329662821586736,-0.008329662821586736,-0.008329664139914459,0.0004911681327001521,0.0003388320088949977,0.0003388316104992015,0.047619047619047616,1.343636169968524,0.0,0.0,7.955997027769154e-09,6.263973802890044e-07
O1_s63_DPR_L,DPR_L,84,21,0.22046982143027463,0.07159000032004856,0.1488798211102261,2.0,2.0,2.0,2.0,1.0,4.5535096441935154,0.02789582836122708,0.006957480037001534,-0.007435452657483223,-0.007435452657483223,-0.007435455236447732,0.0004477153601292332,0.0003207032322698791,0.0003207033997816617,0.0,1.3365906873941722,0.0,0.0,7.603227722720326e-09,5.911671821394643e-07
O1_s63_DPR_L,DPR_L,85,21,0.22508691902726868,0.07212100869842938,0.15296591032883927,2.0,2.0,2.0,2.0,1.0,6.939514199933742,0.027262651313438052,0.009290232655266028,-0.011888883032656674,-0.011888883032656675,-0.011888887387434535,0.000581987116112252,0.0004248226804242651,0.0004248220298558837,0.14285714285714285,1.2667150384861443,0.0,0.0,1.0905482363897125e-08,7.679045186476525e-07
O1_s63_DPR_L,DPR_L,86,21,0.23239604174404646,0.07443209631102425,0.15796394543302217,2.0,2.0,2.0,2.0,1.0,6.712423894337584,0.029136555603700116,0.008991730367471496,-0.01296720475747524,-0.012967204757475244,-0.012967205878317737,0.0006611130212455703,0.00048785338465361127,0.00048785359936414567,0.14285714285714285,1.2824765446946855,0.0,0.0,9.278710022998018e-09,7.966033771188062e-07
O1_s63_DPR_L,DPR_L,87,21,0.19691236993459715,0.06137362007229101,0.1355387498623061,2.0,2.0,2.0,2.0,1.0,4.615639873621449,0.02357959833504373,0.010368689914671459,-0.00655901848892806,-0.006559018488928062,-0.006559017089225314,0.0005489930115695497,0.000394289529247458,0.00039428921654563703,0.0,1.2671789665626878,0.0,0.0,7.113575609996871e-09,5.744380244946302e-07
O1_s63_DPR_L,DPR_L,88,21,0.21148544901587582,0.06820063275240716,0.14328481626346862,2.0,2.0,2.0,2.0,1.0,4.837162648356793,0.019328553827715048,0.010119937368495589,-0.006592033257707451,-0.006592033257707451,-0.0065920314629390585,0.0004375278378109927,0.00030242017780407026,0.0003024204160244857,0.047619047619047616,1.3815900256565357,0.0,0.0,6.493576581135677e-09,6.307257342208515e-07
O1_s63_DPR_L,DPR_L,89,21,0.2071873187010053,0.06687527824015845,0.14031204046084683,2.0,2.0,2.0,2.0,1.0,3.694769189356385,0.019724842422836966,0.0075614238233505885,-0.004809832115203236,-0.004809832115203235,-0.004809835484960033,0.0003478990692162943,0.00025342341475262354,0.0002534233675992023,0.0,1.343118059586269,0.0,0.0,6.032979049247095e-09,5.51632679658683e-07
O1_s63_DPR_L,DPR_L,90,21,0.21541420852318613,0.07113251019091833,0.1442816983322678,2.0,2.0,2.0,2.0,1.0,4.306092632723603,0.021171899581810743,0.008049537624530919,-0.005950319422567675,-0.005950319422567675,-0.00595031806201329,0.00038714203830934706,0.0002665545800592672,0.0002665547501447936,0.0,1.304289567249157,0.0,0.0,6.262545402062107e-09,6.151197149257424e-07
O1_s63_DPR_L,DPR_L,91,21,0.20345352327445884,0.06364232159796215,0.1398112016764967,2.0,2.0,2.0,2.0,1.0,4.7907924699711275,0.0175420468804403,0.00855784600099338,-0.005658713419679571,-0.005658713419679569,-0.005658711131503495,0.0003461625469529677,0.0002515863244492469,0.00025158628154486683,0.0,1.2913970576393254,0.0,0.0,7.756702452790747e-09,6.288024821733753e-07
O1_s63_DPR_L,DPR_L,92,21,0.19601132145431593,0.06362510472536087,0.1323862167289551,2.0,2.0,2.0,2.0,1.0,5.570988994727067,0.014844566238817533,0.009907394619954428,-0.004849423579536701,-0.004849423579536701,-0.004849424798405476,0.0003458433242000423,0.0002549481139708316,0.0002549481285007111,0.09523809523809523,1.312248431827334,0.0,0.0,1.0186866162233161e-08,6.831260401170008e-07
O1_s63_DPR_L,DPR_L,93,21,0.2102775293775212,0.06810414170225461,0.14217338767526658,2.0,2.0,2.0,2.0,1.0,4.780311069554035,0.013715399688062397,0.010782179113499121,-0.0051719697631263445,-0.0051719697631263445,-0.005171968070830526,0.00033538314762659267,0.00024125783635915176,0.00024125814928144078,0.047619047619047616,1.2897297826334395,0.0,0.0,5.275656371895044e-09,6.390616691755073e-07
O1_s63_DPR_L,DPR_L,94,21,0.2071722789660564,0.0686080844274589,0.13856419453859753,2.0,2.0,2.0,2.0,1.0,4.743944385867013,0.013644090817590942,0.011222721479045452,-0.004240136756744279,-0.004240136756744278,-0.004240137511528015,0.00035254209152467555,0.0002552658598456768,0.0002552662259836853,0.047619047619047616,1.2207262076575527,0.0,0.0,1.1125413551819919e-08,6.46605224225857e-07
O1_s63_DPR_L,DPR_L,95,21,0.20931569947036413,0.06872181434716497,0.14059388512319917,2.0,2.0,2.0,2.0,1.0,4.795955123742649,0.013460594099172739,0.012117729605864219,-0.004625540500315923,-0.004625540500315923,-0.004625534359588178,0.0003655729930256687,0.000255730038655893,0.0002557296375040318,0.0,1.292694733595309,0.0,0.0,1.0820094231990446e-08,6.843056650864345e-07
O1_s63_DPR_L,DPR_L,96,21,0.20406504821778504,0.06443036879811968,0.13963467941966537,2.0,2.0,2.0,2.0,1.0,4.369607813352526,0.008673175517017254,0.007988825704279917,-0.0025051144175759475,-0.0025051144175759475,-0.0025051146698222885,0.0001585252422957181,0.0001102430604124179,0.00011024358051959235,0.09523809523809523,1.3753839551902522,0.0,0.0,9.376660581695745e-09,6.183220912575366e-07
O1_s63_DPR_L,DPR_L,97,21,0.1983538881407401,0.06358149204225767,0.13477239609848238,2.0,2.0,2.0,2.0,1.0,4.16604540781408,0.007370720384109176,0.00878606200112744,-0.002147372398681464,-0.002147372398681464,-0.0021473732580140586,0.0001461179904896835,0.00010323056929089437,0.00010323019869158761,0.0,1.2868498914312998,0.0,0.0,6.668595659241398e-09,6.050806379202282e-07
O1_s63_DPR_L,DPR_L,98,21,0.1899915040004545,0.06087633914181164,0.12911516485864286,2.0,2.0,2.0,2.0,1.0,4.588903917157911,0.004971010551711985,0.006466617612278698,-0.0016093796124261677,-0.0016093796124261677,-0.0016093818194706758,7.501284292304245e-05,5.4903858101127114e-05,5.4904727888146785e-05,0.0,1.278694372322771,0.0,0.0,6.439978607040065e-09,6.186191396600056e-07
O1_s63_DPR_L,DPR_L,99,21,0.18625880136446446,0.058434116787144115,0.12782468457732035,2.0,2.0,2.0,2.0,1.0,4.487707732096835,0.0037744774357893495,0.011528232325627096,-0.0012737187439308584,-0.0012737187439308584,-0.0012737207867102227,0.00010460635814570597,7.673308013253391e-05,7.67328458283541e-05,0.0,1.2757712599683073,0.0,0.0,5.01635309599705e-09,6.19219347266522e-07
O1_s63_DPR_L,DPR_L,100,21,0.20111846461425312,0.0646320255916743,0.13648643902257884,2.0,2.0,2.0,2.0,1.0,4.82546019446696,0.0010321592879363047,0.011274031541511714,-0.0004012252409382082,-0.0004012252409382082,-0.00040122653401922096,2.788279255025652e-05,1.9516917129418692e-05,1.9518500516140813e-05,0.0,1.298843927622234,0.0,0.0,7.115005331749047e-09,6.333963579146338e-07
O2_s63_DPR_U,DPR_U,1,32,0.6852613232316399,0.1789420733693987,0.5063192498622412,2.0,0.0,0.0,0.0,0.0,6.847826267841634,0.17896391810276052,0.0,-0.14253871957522654,-0.14253871957522654,-0.14253871957522654,0.0,0.0,0.0,0.03125,1.0,0.0,0.0,0.0,7.667852593357601e-07
O2_s63_DPR_U,DPR_U,2,32,0.5120676491125625,0.09349473542533815,0.4185729136872244,2.0,0.0,0.0,0.0,0.0,4.627264253279979,0.11760906655629735,0.0,-0.024189488498396142,-0.024189488498396142,-0.024189488498396142,0.0,0.0,0.0,0.09375,1.0,0.0,0.0,0.0,4.676435701798477e-07
O2_s63_DPR_U,DPR_U,3,32,0.4455344188922888,0.0912283705547452,0.3543060483375436,2.0,0.0,0.0,0.0,0.0,4.076753160566126,0.17870047009929785,0.0,-0.032261915443847336,-0.032261915443847336,-0.032261915443847336,0.0,0.0,0.0,0.09375,1.0,0.0,0.0,0.0,4.926444366174274e-07
O2_s63_DPR_U,DPR_U,4,32,0.41623324901504216,0.08662068261764944,0.3296125663973927,2.0,0.0,0.0,0.0,0.0,3.838733408842863,0.10311753499885597,0.0,-0.02422668103313044,-0.02422668103313044,-0.02422668103313044,0.0,0.0,0.0,0.125,1.0,0.0,0.0,0.0,4.586118395116518e-07
O2_s63_DPR_U,DPR_U,5,32,0.3933384772470642,0.08248951390851289,0.31084896333855144,2.0,0.0,0.0,0.0,0.0,3.764142292452469,0.12739486753313495,0.0,-0.03173570813126442,-0.03173570813126442,-0.03173570813126442,0.0,0.0,0.0,0.03125,1.0,0.0,0.0,0.0,4.6206776207444704e-07
O2_s63_DPR_U,DPR_U,6,32,0.3431880873465451,0.07758415979333222,0.2656039275532129,2.0,0.0,0.0,0.0,0.0,3.385968236040394,0.11975915613769987,0.0,-0.027032231667770173,-0.027032231667770173,-0.027032231667770173,0.0,0.0,0.0,0.03125,1.0,0.0,0.0,0.0,4.4007018902214567e-07
O2_s63_DPR_U,DPR_U,7,32,0.3315499372836279,0.0724400884937495,0.25910984878987836,2.0,0.0,0.0,0.0,0.0,3.6437451982259614,0.10873047330366342,0.0,-0.02566483248574826,-0.02566483248574826,-0.02566483248574826,0.0,0.0,0.0,0.0625,1.0,0.0,0.0,0.0,4.513726897999849e-07
O2_s63_DPR_U,DPR_U,8,32,0.32806112125413467,0.07551050477195531,0.2525506164821793,2.0,0.0,0.0,0.0,0.0,4.360610511147688,0.12809416103882051,0.0,-0.03881376483363431,-0.03881376483363431,-0.03881376483363431,0.0,0.0,0.0,0.09375,1.0,0.0,0.0,0.0,5.599956887286957e-07
O2_s63_DPR_U,DPR_U,9,32,0.29856060202185336,0.0676902283448726,0.2308703736769808,2.0,0.0,0.0,0.0,0.0,3.494661828397379,0.11273401064138985,0.0,-0.0261053785414295,-0.0261053785414295,-0.0261053785414295,0.0,0.0,0.0,0.125,1.0,0.0,0.0,0.0,4.6091035691567886e-07
O2_s63_DPR_U,DPR_U,10,32,0.25601126311151945,0.058264531078748405,0.19774673203277107,2.0,0.0,0.0,0.0,0.0,2.80900692326449,0.09575563606259882,0.0,-0.017667178631466225,-0.017667178631466225,-0.017667178631466225,0.0,0.0,0.0,0.0,1.0,0.0,0.0,0.0,3.785373898618849e-07
O2_s63_DPR_U,DPR_U,11,32,0.31168850117490465,0.07125613221433014,0.24043236896057452,2.0,0.0,0.0,0.0,0.0,4.80725467165574,0.13802233022254515,0.0,-0.04939844254662083,-0.04939844254662083,-0.04939844254662083,0.0,0.0,0.0,0.09375,1.0,0.0,0.0,0.0,5.999716360181351e-07
O2_s63_DPR_U,DPR_U,12,32,0.2806971657645364,0.062449643097352237,0.2182475226671842,2.0,0.0,0.0,0.0,0.0,3.7319740504572745,0.10260998156713515,0.0,-0.023927476868970978,-0.023927476868970978,-0.023927476868970978,0.0,0.0,0.0,0.125,1.0,0.0,0.0,0.0,4.562899415543302e-07
O2_s63_DPR_U,DPR_U,13,32,0.24367179053160404,0.053613462077919394,0.19005832845368464,2.0,0.0,0.0,0.0,0.0,3.412487166006886,0.10470847365404252,0.0,-0.024132947167043027,-0.024132947167043027,-0.024132947167043027,0.0,0.0,0.0,0.03125,1.0,0.0,0.0,0.0,4.5423403365246607e-07
O2_s63_DPR_U,DPR_U,14,32,0.23470363185311252,0.05412626621546224,0.18057736563765028,2.0,0.0,0.0,0.0,0.0,3.608472582462747,0.11410752192695026,0.0,-0.02783197376861353,-0.02783197376861353,-0.02783197376861353,0.0,0.0,0.0,0.03125,1.0,0.0,0.0,0.0,4.6798603802274434e-07
O2_s63_DPR_U,DPR_U,15,32,0.2491459275474212,0.05822981253731996,0.19091611501010125,2.0,0.0,0.0,0.0,0.0,3.8769200345037595,0.10191219590929546,0.0,-0.029597865017559302,-0.029597865017559302,-0.029597865017559302,0.0,0.0,0.0,0.09375,1.0,0.0,0.0,0.0,5.03174784166893e-07
O2_s63_DPR_U,DPR_U,16,32,0.24473300855367616,0.05442226747982204,0.19031074107385418,2.0,0.0,0.0,0.0,0.0,4.133795909348057,0.09852021001667732,0.0,-0.03365528512693875,-0.03365528512693875,-0.03365528512693875,0.0,0.0,0.0,0.09375,1.0,0.0,0.0,0.0,5.559465575617381e-07
O2_s63_DPR_U,DPR_U,17,32,0.2072895648631789,0.04614228184800595,0.16114728301517298,2.0,0.0,0.0,0.0,0.0,2.7153299336759047,0.08823491637011903,0.0,-0.015680835582921805,-0.015680835582921805,-0.015680835582921805,0.0,0.0,0.0,0.03125,1.0,0.0,0.0,0.0,3.8115275606123e-07
O2_s63_DPR_U,DPR_U,18,32,0.19304744770803525,0.04443475074367598,0.14861269696435928,2.0,0.0,0.0,0.0,0.0,3.0109595522931,0.0978615260844544,0.0,-0.022502268531095004,-0.022502268531095004,-0.022502268531095004,0.0,0.0,0.0,0.03125,1.0,0.0,0.0,0.0,4.2771315285720873e-07
O2_s63_DPR_U,DPR_U,19,32,0.20979778109504557,0.049955719034187496,0.15984206206085805,2.0,0.0,0.0,0.0,0.0,3.2135143343279626,0.0968265712111905,0.0,-0.023662941910390513,-0.023662941910390513,-0.023662941910390513,0.0,0.0,0.0,0.0625,1.0,0.0,0.0,0.0,4.5943329648374107e-07
O2_s63_DPR_U,DPR_U,20,32,0.1975287893603454,0.04682294302619994,0.15070584633414552,2.0,0.0,0.0,0.0,0.0,3.2439764537483904,0.08939048836936826,0.0,-0.02163252839307979,-0.02163252839307979,-0.02163252839307979,0.0,0.0,0.0,0.0,1.0,0.0,0.0,0.0,4.576902963059868e-07
O2_s63_DPR_U,DPR_U,21,32,0.8291998974384167,0.28560747974552214,0.5435924176928947,2.0,1.96875,2.0,2.0,0.050000000000000024,6.385785633751006,0.19309986252362504,0.0008515321929071543,-0.1158491766551764,-0.11584917665517638,-0.11584917358029899,0.004911170542870968,0.004800623429838248,0.004800623464248605,0.03125,1.0168460721099153,0.0,0.0,1.2218160083902725e-08,8.526735335791574e-07
O2_s63_DPR_U,DPR_U,22,32,0.7313989837178769,0.21759850531816483,0.5138004783997123,2.0,1.96875,2.0,2.0,0.10000000000000005,5.043867512066497,0.15950600286735533,0.001264159670966311,-0.047404074366838675,-0.047404074366838675,-0.047404070961640385,0.0030845090745025964,0.002947060036764721,0.0029470598649333642,0.125,1.0388149837385459,0.0,0.0,8.42223104175556e-09,6.41453441996719e-07
O2_s63_DPR_U,DPR_U,23,32,0.5950171025966984,0.1680600952822715,0.4269570073144269,2.0,1.96875,2.0,2.0,0.15000000000000002,4.0760127559003125,0.1227234832345048,0.0017675926066954605,-0.02803329619178853,-0.02803329619178853,-0.02803329760280346,0.002169165638635706,0.0020215929458261774,0.0020215933352078263,0.125,1.0562150090212483,0.0,0.0,6.9199756872612215e-09,5.129883061313342e-07
O2_s63_DPR_U,DPR_U,24,32,0.5946288115795842,0.16830650460906327,0.4263223069705209,2.0,1.96875,2.0,2.0,0.2000000000000001,4.274506532550501,0.1185404529926422,0.0024968986663646076,-0.03339681352228559,-0.03339681352228559,-0.033396812355623876,0.0023264267970476496,0.002115438472393971,0.002115438344035013,0.03125,1.063556874126566,0.0,0.0,8.405891816182094e-09,5.5587860170095e-07
O2_s63_DPR_U,DPR_U,25,32,0.6753039446208482,0.19735976902302355,0.47794417559782465,2.0,1.96875,2.0,2.0,0.25,3.953302881226984,0.18172275502498822,0.0017543311043569049,-0.0282359817432647,-0.0282359817432647,-0.02823598468430993,0.0020676600121667357,0.0018544700094493879,0.0018544701018170112,0.0625,1.1002214200905693,0.0,0.0,7.882136703357526e-09,5.447304849540312e-07
O2_s63_DPR_U,DPR_U,26,32,0.5712811737381686,0.15480947925243527,0.4164716944857332,2.0,1.96875,2.0,2.0,0.30000000000000004,4.326738140404948,0.1417925897076852,0.0026565546525552696,-0.028004396189242192,-0.028004396189242196,-0.028004393412101092,0.0020618242269947306,0.001792037917443208,0.0017920377721220313,0.0625,1.1102746617276578,0.0,0.0,9.407047852824963e-09,5.569937307408296e-07
O2_s63_DPR_U,DPR_U,27,32,0.595533609102689,0.16469567536842078,0.43083793373426826,2.0,1.96875,2.0,2.0,0.3499999999999998,4.380350339790264,0.15285507860788958,0.0030507072437192984,-0.0358111185302486,-0.035811118530248605,-0.03581111759395942,0.002186353431694182,0.0018539929479701516,0.0018539928053703688,0.0,1.1243311571409111,0.0,0.0,6.845316357922349e-09,6.247525635545219e-07
O2_s63_DPR_U,DPR_U,28,32,0.5695800698822515,0.15699000738095492,0.4125900625012966,2.0,1.96875,2.0,2.0,0.4000000000000002,4.5784350345382165,0.1346306720624997,0.0033740701916369583,-0.03458767069830809,-0.034587670698308086,-0.03458767062610378,0.001998955106861345,0.0016906495381433712,0.0016906494053590718,0.09375,1.1253912685592755,0.0,0.0,7.306391988242209e-09,6.121655169006688e-07
O2_s63_DPR_U,DPR_U,29,32,0.523471550464308,0.13977846503257751,0.3836930854317307,2.0,1.96875,2.0,2.0,0.44999999999999973,3.7096617741145517,0.13463683393876974,0.003543264222098263,-0.03129179545661989,-0.03129179545661989,-0.031291796050062076,0.0018801365875779285,0.0015470865195081557,0.001547086419368838,0.0,1.141928283395676,0.0,0.0,5.970351485074735e-09,5.241018843403372e-07
O2_s63_DPR_U,DPR_U,30,32,0.5905405847885754,0.1701530561549589,0.4203875286336165,2.0,1.96875,2.0,2.0,0.5,4.658431113058611,0.15780577280282876,0.003397941870584255,-0.04093536150101863,-0.04093536150101862,-0.04093536335523875,0.0019107215108945148,0.001544858434714857,0.0015448582909369324,0.0625,1.170873994878321,0.0,0.0,9.421406205030359e-09,6.234561161783324e-07
O2_s63_DPR_U,DPR_U,31,32,0.5522127326026126,0.1505797611316666,0.401632971470946,2.0,1.96875,2.0,2.0,0.5500000000000003,3.9474306872499985,0.13279911832786753,0.0035088374996399526,-0.0296931209372811,-0.0296931209372811,-0.02969312323464692,0.0015301081085797386,0.0012062635504100435,0.0012062635690977543,0.0625,1.1639575691076343,0.0,0.0,7.283355758370624e-09,5.493834984135648e-07
O2_s63_DPR_U,DPR_U,32,32,0.5397892701176338,0.14334611559752375,0.39644315452011003,2.0,1.96875,2.0,2.0,0.6000000000000001,4.164515138477951,0.1500691947043618,0.004106585048645933,-0.037056691897580894,-0.037056691897580894,-0.03705669205989001,0.0019301126158148341,0.0015020348240283542,0.0015020347995449118,0.125,1.1418768254189338,0.0,0.0,7.280197771279796e-09,6.157199314087231e-07
O2_s63_DPR_U,DPR_U,33,32,0.5648334228846557,0.1645924465265125,0.40024097635814304,2.0,1.96875,2.0,2.0,0.6499999999999998,3.745300975040804,0.11348919821745956,0.005664118127513663,-0.03020455664377292,-0.03020455664377292,-0.030204557570013214,0.0019887223500402794,0.0015376647204680674,0.0015376652580977993,0.0,1.233384465028272,0.0,0.0,5.406479426606535e-09,5.678717133244044e-07
O2_s63_DPR_U,DPR_U,34,32,0.4716476486814036,0.12481341348029673,0.34683423520110684,2.0,1.96875,2.0,2.0,0.6999999999999996,3.4943737098775904,0.10806578160917563,0.007291503032107973,-0.02591208568588495,-0.02591208568588495,-0.025912084644590817,0.0021399920336330125,0.0015570107836731953,0.001557011284893812,0.0,1.201262698339134,0.0,0.0,6.096089818937297e-09,5.282104731399641e-07
O2_s63_DPR_U,DPR_U,35,32,0.4737776524584848,0.1230093432823196,0.3507683091761652,2.0,1.96875,2.0,2.0,0.75,4.0591247568445095,0.09545111012513506,0.007184744430213502,-0.02759476994083298,-0.027594769940832976,-0.027594765160776708,0.001775969488085913,0.0012927215989027507,0.0012927213138140521,0.03125,1.2726246490448405,0.0,0.0,7.343695556653484e-09,5.633474467626677e-07
O2_s63_DPR_U,DPR_U,36,32,0.5412418778455725,0.14044443040620536,0.40079744743936707,2.0,1.96875,2.0,2.0,0.8000000000000004,4.313697136049446,0.1131937625547461,0.008525284977058558,-0.03681275293913968,-0.03681275293913968,-0.03681275611928985,0.002372977170795307,0.0016560815575457348,0.0016560819285167182,0.03125,1.2530232115812323,0.0,0.0,7.776397957610412e-09,6.35997720505494e-07
O2_s63_DPR_U,DPR_U,37,32,0.5013354094162926,0.1338623211486265,0.3674730882676662,2.0,1.96875,2.0,2.0,0.8500000000000004,4.177931636162165,0.10588479465479674,0.00727879717381332,-0.033877217714060555,-0.033877217714060555,-0.03387721495565259,0.0018879900801395037,0.0013282770571300736,0.0013282764916727463,0.0625,1.2768932125279275,0.0,0.0,9.798695498668386e-09,6.184010269087783e-07
O2_s63_DPR_U,DPR_U,38,32,0.4671901891422982,0.12631296727340668,0.3408772218688915,2.0,1.96875,2.0,2.0,0.8999999999999995,3.8530822204184867,0.08567432449062569,0.006637278180024311,-0.03177847145534961,-0.03177847145534961,-0.03177847384155043,0.0013409254737867784,0.0009293587728796142,0.0009293589114641156,0.09375,1.251433084232952,0.0,0.0,6.747914864793396e-09,5.688031928139038e-07
O2_s63_DPR_U,DPR_U,39,32,0.5108088063673403,0.14565970958210528,0.36514909678523494,2.0,1.96875,2.0,2.0,0.9499999999999995,4.6876634222083835,0.12137349760707367,0.008703133309249947,-0.03608968847346855,-0.03608968847346855,-0.03608968988749847,0.002302924355347288,0.0015634772459241475,0.0015634773275858115,0.125,1.262204497640158,0.0,0.0,6.375352151615915e-09,6.23873909627605e-07
O2_s63_DPR_U,DPR_U,40,32,0.4880491111365495,0.12801895232405514,0.36003015881249434,2.0,1.96875,2.0,2.0,1.0,3.3315442983407477,0.07460700621927172,0.01370862704290613,-0.02121815431324326,-0.021218154313243264,-0.02121815618659852,0.002224620483004639,0.0015204125240329703,0.0015204125030619155,0.09375,1.2537846882481531,0.0,0.0,7.029986731773365e-09,5.217534803868838e-07
O2_s63_DPR_U,DPR_U,41,32,0.47071026475458233,0.11890837777173147,0.3518018869828509,2.0,1.96875,2.0,2.0,1.0,4.523292169781565,0.08512723671002145,0.010322941723258788,-0.03070405541682324,-0.03070405541682324,-0.03070405471169189,0.0019223928187759888,0.0013013638273807998,0.0013013639166078617,0.09375,1.2946598239749763,0.0,0.0,7.1295010565374124e-09,6.834998846562154e-07
O2_s63_DPR_U,DPR_U,42,32,0.4087343267181146,0.09627896174788475,0.3124553649702299,2.0,1.96875,2.0,2.0,1.0,3.5529957978226343,0.0796208017590628,0.012323998113855119,-0.024434979582122877,-0.024434979582122877,-0.02443498167519125,0.0020831706855814008,0.001379487151195921,0.0013794872706336073,0.0625,1.2691344218086758,0.0,0.0,6.634605513485431e-09,5.739302645987225e-07
O2_s63_DPR_U,DPR_U,43,32,0.42998859463908473,0.113532509887591,0.3164560847514938,2.0,1.96875,2.0,2.0,1.0,3.91471886273092,0.09300937739449174,0.007218429404724276,-0.028236963871258902,-0.028236963871258902,-0.02823696376701622,0.001538683029477238,0.0010652001635700185,0.0010652002996677401,0.0,1.2958597495789306,0.0,0.0,7.10709263783921e-09,6.24459419653714e-07
O2_s63_DPR_U,DPR_U,44,32,0.3996225045940942,0.10089646687265486,0.2987260377214393,2.0,1.96875,2.0,2.0,1.0,4.259176524708211,0.08131700459084044,0.010740308719268236,-0.03696669879342987,-0.03696669879342987,-0.036966699996993355,0.0018369308517508865,0.0011883909632590633,0.001188390798166103,0.03125,1.303788026777766,0.0,0.0,7.95758059994655e-09,6.502598636908176e-07
O2_s63_DPR_U,DPR_U,45,32,0.5200535690136413,0.15193024021573365,0.36812332879790766,2.0,1.96875,2.0,2.0,1.0,4.637994049327245,0.10368168395132149,0.011340290433728866,-0.0391781628755905,-0.03917816287559049,-0.03917816359867331,0.0025790340442222027,0.0017142463480553799,0.0017142463639411379,0.15625,1.3305214053561825,0.0,0.0,6.570004801952292e-09,6.79203033723034e-07
O2_s63_DPR_U,DPR_U,46,32,0.440473366988375,0.11444984248373657,0.3260235245046385,2.0,1.96875,2.0,2.0,1.0,3.9989783507819108,0.08991435936057675,0.010000506681861934,-0.025584474927488023,-0.025584474927488023,-0.025584474417395486,0.0019353582868824257,0.0013093706305835168,0.0013093708308379798,0.0,1.2391134501049783,0.0,0.0,5.794076346673264e-09,6.028782038220512e-07
O2_s63_DPR_U,DPR_U,47,32,0.44185888239513604,0.12243956397287548,0.31941931842226057,2.0,1.96875,2.0,2.0,1.0,4.446780910009357,0.08442841198870527,0.010219688017856108,-0.028482109458514777,-0.028482109458514773,-0.028482110527478045,0.0018224249663520964,0.0011991333592716855,0.0011991333493992552,0.0,1.2700289780528764,0.0,0.0,8.652739882887717e-09,6.659867945851968e-07
O2_s63_DPR_U,DPR_U,48,32,0.4239158807985555,0.10717225645203143,0.3167436243465241,2.0,1.96875,2.0,2.0,1.0,3.684266960279491,0.08409501469783724,0.008288427642406272,-0.019865272653993935,-0.01986527265399394,-0.01986527221524112,0.0014960600715686852,0.0009862866314473795,0.0009862867121594979,0.0,1.289315015708037,0.0,0.0,6.9028438953653274e-09,5.652805461791328e-07
O2_s63_DPR_U,DPR_U,49,32,0.4457128556224065,0.1158861160511151,0.3298267395712913,2.0,1.96875,2.0,2.0,1.0,4.708715349614982,0.08248445789116196,0.007583071626980932,-0.03284707338768909,-0.03284707338768909,-0.03284707379284964,0.001364625843819446,0.0009257631027903352,0.0009257627747795421,0.03125,1.3032150630885886,0.0,0.0,7.671699393022557e-09,7.350159882036425e-07
O2_s63_DPR_U,DPR_U,50,32,0.463025330275185,0.12488097231835127,0.33814435795683384,2.0,1.96875,2.0,2.0,1.0,4.667676371055327,0.08214058245303031,0.011081615809064792,-0.033073135571662644,-0.033073135571662644,-0.03307313396725436,0.0019835233046096527,0.001330507217098949,0.0013305071195390125,0.03125,1.2953341882033969,0.0,0.0,7.831018558177426e-09,7.351892496295642e-07
O2_s63_DPR_U,DPR_U,51,32,0.39554722448975177,0.10305474570486695,0.2924924787848848,2.0,1.96875,2.0,2.0,1.0,4.597741277897258,0.0834574897787468,0.011957578688819248,-0.029247862761866975,-0.029247862761866975,-0.02924786190510231,0.0020970605476819844,0.0014054763032412833,0.0014054764208156884,0.09375,1.299164750150731,0.0,0.0,6.5934403176983246e-09,6.90029182497387e-07
O2_s63_DPR_U,DPR_U,52,32,0.3737536119296332,0.09527028736192733,0.2784833245677058,2.0,1.96875,2.0,2.0,1.0,3.533665896700143,0.07302880690972634,0.010943208200924762,-0.021889516816328412,-0.021889516816328416,-0.021889516226113216,0.001761201782453378,0.0011887412065122464,0.0011887408674578492,0.0,1.263052485517675,0.0,0.0,3.530217783947891e-09,6.10274244723131e-07
O2_s63_DPR_U,DPR_U,53,32,0.40729720605535596,0.10579490126110613,0.30150230479424994,2.0,1.96875,2.0,2.0,1.0,4.607915548461005,0.07130045797145697,0.013729246193100276,-0.03349462378050016,-0.033494623780500166,-0.03349462046587008,0.0021585152463781485,0.0014468324675989159,0.0014468320988602046,0.0625,1.2566722001826016,0.0,0.0,6.602481441188393e-09,7.436798198074772e-07
O2_s63_DPR_U,DPR_U,54,32,0.43629672081930915,0.11690909345634282,0.3193876273629664,2.0,1.96875,2.0,2.0,1.0,4.147449743794114,0.10033919526089588,0.009858617667981687,-0.030124785842899425,-0.030124785842899425,-0.030124786049917727,0.0021427652742420597,0.001414360456438505,0.0014143600811040082,0.0,1.2805947593378593,0.0,0.0,5.523183927458611e-09,7.034517696514e-07
O2_s63_DPR_U,DPR_U,55,32,0.3960280318479387,0.10378470597788692,0.29224332587005186,2.0,1.96875,2.0,2.0,1.0,3.729897164150283,0.07165299563223428,0.014525648976482255,-0.02399910098293336,-0.02399910098293335,-0.02399910422706389,0.0022292323557067933,0.0014741581076285516,0.001474158487733122,0.0,1.246829228111583,0.0,0.0,7.151473078106712e-09,6.44935687942974e-07
O2_s63_DPR_U,DPR_U,56,32,0.4058288130998147,0.10659280885010958,0.29923600424970515,2.0,1.96875,2.0,2.0,1.0,4.498988671789732,0.07334644884621078,0.008892477651412219,-0.022791081431639316,-0.02279108143163932,-0.022791082183141183,0.0013565046468846694,0.0008968191851158726,0.0008968190721967464,0.0625,1.2994653468116109,0.0,0.0,8.426566481065865e-09,7.0352176350761e-07
O2_s63_DPR_U,DPR_U,57,32,0.42128540772648254,0.1136903278529644,0.3075950798735182,2.0,1.96875,2.0,2.0,1.0,4.3445325248867475,0.06806668993598912,0.011283281493012514,-0.031202553938875485,-0.031202553938875485,-0.031202552316602884,0.001690808860705431,0.0011204951695753913,0.0011204950860046001,0.03125,1.311874262831422,0.0,0.0,7.36952681892807e-09,7.136658548920856e-07
O2_s63_DPR_U,DPR_U,58,32,0.3713149967040143,0.09510572243016213,0.27620927427385206,2.0,1.96875,2.0,2.0,1.0,4.451491686364223,0.06507099330659155,0.013156812599825797,-0.02773986337623288,-0.02773986337623288,-0.0277398585392363,0.001827662251388727,0.001213099572417998,0.0012130995302605976,0.0,1.2636503557163397,0.0,0.0,8.321505360391599e-09,7.232169691227357e-07
O2_s63_DPR_U,DPR_U,59,32,0.3883641809063197,0.10602671944070607,0.28233746146561367,2.0,1.96875,2.0,2.0,1.0,3.831528941600232,0.06592484474544855,0.009923342085158849,-0.022243806998785493,-0.022243806998785493,-0.022243807969416288,0.0013995711304712187,0.0009406466825221458,0.0009406470291525011,0.03125,1.287295825245604,0.0,0.0,6.697773923572772e-09,6.657779746098239e-07
O2_s63_DPR_U,DPR_U,60,32,0.37575349556622384,0.09541351289954036,0.2803399826666835,2.0,1.96875,2.0,2.0,1.0,4.0048483367826755,0.06085931756876125,0.01047235370967847,-0.020961373310594257,-0.020961373310594257,-0.020961377576046096,0.0013316577819456653,0.000909831810498836,0.0009098318681508975,0.09375,1.2684842398427678,0.0,0.0,8.290978871338274e-09,6.666280335331531e-07
O2_s63_DPR_U,DPR_U,61,32,0.3751847809594018,0.099138114717789,0.2760466662416127,2.0,1.96875,2.0,2.0,1.0,5.040405027178109,0.0609826568442818,0.017369539990648025,-0.03154249999289367,-0.03154249999289367,-0.03154250063807698,0.002275600670959782,0.0015045243569602586,0.001504524548033758,0.0,1.3063427802372471,0.0,0.0,6.148981483048366e-09,7.971839324470469e-07
O2_s63_DPR_U,DPR_U,62,32,0.36130824316890925,0.0926907531102188,0.26861749005869046,2.0,1.96875,2.0,2.0,1.0,3.94796635131018,0.05999025038456045,0.01591758764089407,-0.02206077928089158,-0.02206077928089158,-0.022060779027787195,0.0020033127708996047,0.0013329711035856649,0.0013329711297915738,0.0625,1.239992727067572,0.0,0.0,6.079390364626637e-09,6.570416156335407e-07
O2_s63_DPR_U,DPR_U,63,32,0.35370227627135314,0.09742662607459351,0.2562756501967597,2.0,1.96875,2.0,2.0,1.0,3.783002536342182,0.0480121433377524,0.016571816250548717,-0.018965634814023965,-0.018965634814023965,-0.0189656325517286,0.0017113852338418254,0.0011725038264245556,0.0011725036168382995,0.03125,1.245725895752864,0.0,0.0,5.519630829314633e-09,6.438908910384825e-07
O2_s63_DPR_U,DPR_U,64,32,0.3752118066409628,0.09324978082440794,0.28196202581655483,2.0,1.96875,2.0,2.0,1.0,4.751676948162158,0.05839015674591084,0.014138970350249563,-0.02591933771563856,-0.02591933771563856,-0.025919335240038418,0.0017377426929289907,0.001119314599539506,0.001119315067059265,0.0625,1.3182212954150894,0.0,0.0,8.755163604655565e-09,7.797736963687888e-07
O2_s63_DPR_U,DPR_U,65,32,0.37254946856814125,0.0985472533502616,0.2740022152178796,2.0,1.96875,2.0,2.0,1.0,5.281073748641621,0.07161560512037551,0.011987831337186608,-0.03595664615794704,-0.03595664615794704,-0.03595664559519696,0.001795965726264285,0.0012038999695047493,0.0012038998259224437,0.0625,1.2929119368293602,0.0,0.0,6.689696315716362e-09,8.55436776275204e-07
O2_s63_DPR_U,DPR_U,66,32,0.3482235205341346,0.0920044087106362,0.2562191118234984,2.0,1.96875,2.0,2.0,1.0,4.2335087581779804,0.046500660975820396,0.01300468808535354,-0.018781306325976202,-0.0187813063259762,-0.0187813050246793,0.001324856200026721,0.0008905904603992724,0.000890590478106785,0.03125,1.2773998382868648,0.0,0.0,5.834854977867491e-09,7.052292170865901e-07
O2_s63_DPR_U,DPR_U,67,32,0.3090654316994907,0.07604830880882218,0.23301712289066848,2.0,1.96875,2.0,2.0,1.0,3.652385929723907,0.046161045092310546,0.011420930387086735,-0.015906525397602986,-0.015906525397602986,-0.015906525194934157,0.0011307439121144996,0.0007518392011385093,0.0007518392397039796,0.09375,1.2761883915970282,0.0,0.0,3.764387260855702e-09,6.229548680465593e-07
O2_s63_DPR_U,DPR_U,68,32,0.3399047651169698,0.09184176690177992,0.2480629982151899,2.0,1.96875,2.0,2.0,1.0,3.860973968550674,0.04565334172897379,0.011290508241680043,-0.017333649911947874,-0.017333649911947874,-0.017333653922657403,0.0011467791286566247,0.0007719100909621325,0.0007719097480315921,0.0,1.3031291112408365,0.0,0.0,8.587203710859568e-09,6.601802064434944e-07
O2_s63_DPR_U,DPR_U,69,32,0.33999484481914455,0.08467210561502725,0.25532273920411724,2.0,1.96875,2.0,2.0,1.0,3.979254656527985,0.04700587556896812,0.010508687825854141,-0.016085390735796547,-0.016085390735796547,-0.016085388172687624,0.001029549704618266,0.0006637011618930127,0.0006637008228821346,0.03125,1.2790635296421267,0.0,0.0,5.2204313706825535e-09,7.02831931686093e-07
O2_s63_DPR_U,DPR_U,70,32,0.3668543001247702,0.09374764584936202,0.27310665427540814,2.0,1.96875,2.0,2.0,1.0,5.223703357652238,0.056869053351224795,0.010941162806336856,-0.02629233202526451,-0.02629233202526451,-0.026292330554799834,0.0013913761019307138,0.0009369980602711036,0.0009369975939208428,0.0,1.2779448296520142,0.0,0.0,1.0618446891637966e-08,8.657633110053285e-07
O2_s63_DPR_U,DPR_U,71,32,0.2974750382254957,0.07249950454570353,0.22497553367979214,2.0,1.96875,2.0,2.0,1.0,3.8495231363843714,0.043150907082378814,0.010223484832087359,-0.017390824814466632,-0.017390824814466632,-0.01739082462670041,0.0009554864313048348,0.0006324658228797644,0.0006324654899834059,0.0625,1.278592038638096,0.0,0.0,6.377477525540945e-09,6.675656121399279e-07
O2_s63_DPR_U,DPR_U,72,32,0.3141952427533515,0.07826788735110313,0.23592735540224832,2.0,1.96875,2.0,2.0,1.0,3.809607429500195,0.045485095459402825,0.008823173926033375,-0.01670964081783764,-0.01670964081783764,-0.016709640208843555,0.0008946350970487107,0.0005898242491079659,0.000589824119017573,0.09375,1.333541149093736,0.0,0.0,6.099756938710523e-09,6.850789232366664e-07
O2_s63_DPR_U,DPR_U,73,32,0.3397453054437462,0.08519694447750226,0.25454836096624395,2.0,1.96875,2.0,2.0,1.0,4.481269892601962,0.04409812622274552,0.010178108468149932,-0.01827203794692249,-0.01827203794692249,-0.01827203874372233,0.0009769825299902858,0.0006386497214998283,0.0006386497676486245,0.03125,1.262265353985488,0.0,0.0,8.142852648244666e-09,7.606139843861982e-07
O2_s63_DPR_U,DPR_U,74,32,0.33576758606695845,0.08734378905501217,0.2484237970119464,2.0,1.96875,2.0,2.0,1.0,4.571689744374161,0.04175180353042318,0.012067997445661888,-0.018962894998585455,-0.018962894998585455,-0.01896289568933937,0.0011231539139802047,0.0007567590533817089,0.0007567594718112876,0.0625,1.3228165625465016,0.0,0.0,6.137633001185794e-09,7.759023593099353e-07
O2_s63_DPR_U,DPR_U,75,32,0.3032504278227882,0.0812427700147964,0.22200765780799184,2.0,1.96875,2.0,2.0,1.0,3.6631235167842346,0.034434558126363736,0.013822454122525838,-0.011438083585133561,-0.011438083585133565,-0.011438082849594518,0.0010159767428093503,0.0006777389314942224,0.0006777388753681727,0.15625,1.2821790527596137,0.0,0.0,6.268174869192622e-09,6.286105353151827e-07
O2_s63_DPR_U,DPR_U,76,32,0.28291321160657856,0.07192783762002364,0.21098537398655492,2.0,1.96875,2.0,2.0,1.0,3.423020771630157,0.02889950789829088,0.013615291585911855,-0.010210707321456814,-0.010210707321456814,-0.010210705436198975,0.0008507004655901343,0.0005665582669072485,0.0005665581123470752,0.03125,1.2886443049960128,0.0,0.0,5.280587293144776e-09,6.044574714518688e-07
O2_s63_DPR_U,DPR_U,77,32,0.3226591042462092,0.08486164634814486,0.23779745789806436,2.0,1.96875,2.0,2.0,1.0,4.092984940252646,0.03340756419640231,0.010944521104693301,-0.014169354021358207,-0.014169354021358207,-0.014169354907190042,0.000780358002088302,0.0005135111119501809,0.0005135109280960912,0.0625,1.2893600292781067,0.0,0.0,7.149145893657389e-09,7.088747180653596e-07
O2_s63_DPR_U,DPR_U,78,32,0.2858770133324281,0.07139968441333622,0.21447732891909185,2.0,1.96875,2.0,2.0,1.0,4.185366463685772,0.03059757154440481,0.013074825557782594,-0.011817675810091187,-0.011817675810091187,-0.01181767553268649,0.000858025965624187,0.0005749892123297893,0.0005749886066714507,0.03125,1.2987805055966914,0.0,0.0,7.253984703628451e-09,6.861049263179256e-07
O2_s63_DPR_U,DPR_U,79,32,0.284862905213597,0.06999205803731456,0.2148708471762824,2.0,1.96875,2.0,2.0,1.0,3.6592938517762934,0.0330597048676981,0.010629189152747532,-0.010627447179077354,-0.010627447179077354,-0.010627445228291265,0.0007553648438702648,0.000506698344649334,0.00050669825153186,0.03125,1.2990877477356633,0.0,0.0,6.022618059919618e-09,6.515049990893139e-07
O2_s63_DPR_U,DPR_U,80,32,0.2993511829407081,0.07705375226214528,0.22229743067856284,2.0,1.96875,2.0,2.0,1.0,3.7752483286777827,0.027584592487969458,0.011787623610245317,-0.009105896922421336,-0.009105896922421334,-0.009105895048002778,0.0007024487927771022,0.0004399928742091869,0.00043999280979350726,0.0,1.3432654728070939,0.0,0.0,5.866455146652039e-09,6.499902999633491e-07
O2_s63_DPR_U,DPR_U,81,32,0.2847394148976818,0.07495121017564088,0.20978820472204085,2.0,1.96875,2.0,2.0,1.0,3.8000555580672772,0.028994847788993718,0.010938041182305638,-0.011427227330269843,-0.011427227330269846,-0.011427225580924853,0.0007163459778700155,0.00047539521731434917,0.0004753951635873445,0.09375,1.254554211090148,0.0,0.0,6.185077785808298e-09,6.803776050897614e-07
O2_s63_DPR_U,DPR_U,82,32,0.2817742310656818,0.07249951642006636,0.2092747146456154,2.0,1.96875,2.0,2.0,1.0,4.2283739364097706,0.028132326880814115,0.012255709623256226,-0.012500125509343048,-0.012500125509343046,-0.012500127149157058,0.0007539095604134837,0.0005099071931934723,0.0005099074827906025,0.03125,1.2507861213433704,0.0,0.0,8.65176423679627e-09,7.191884884131807e-07
O2_s63_DPR_U,DPR_U,83,32,0.3563638238791077,0.1001161978347227,0.2562476260443849,2.0,1.96875,2.0,2.0,1.0,5.412835232461259,0.03541874625047124,0.013773070632349362,-0.02108959850940563,-0.02108959850940563,-0.021089599050354124,0.0010594219291478921,0.0007014007005344088,0.000701400766193771,0.125,1.2915766600685592,0.0,0.0,1.070180652422215e-08,9.248922665387695e-07
O2_s63_DPR_U,DPR_U,84,32,0.29633688815123616,0.0717993191210553,0.22453756903018088,2.0,1.96875,2.0,2.0,1.0,4.2726000042545875,0.026396818070409202,0.010621966332798076,-0.009310307772724357,-0.009310307772724357,-0.009310308244007496,0.0006223043391000197,0.00041863571947315205,0.0004186353192866451,0.0,1.2904583940056003,0.0,0.0,7.170671935901344e-09,6.987754050793915e-07
O2_s63_DPR_U,DPR_U,85,32,0.28729393642659234,0.07084050861885771,0.21645342780773463,2.0,1.96875,2.0,2.0,1.0,4.214556098219336,0.022469665764511395,0.013226697156492615,-0.009604115678037399,-0.009604115678037399,-0.00960411810530501,0.0006303981017273164,0.00041576801362403165,0.00041576826494577323,0.0,1.3228146374537864,0.0,0.0,7.029677622053324e-09,7.304310355782301e-07
O2_s63_DPR_U,DPR_U,86,32,0.27449635348169393,0.0674585277447477,0.20703782573694623,2.0,1.96875,2.0,2.0,1.0,4.340860917979079,0.02325510595075775,0.010663988425712707,-0.01010555900715547,-0.01010555900715547,-0.010105561917910861,0.0005330294707626888,0.0003589963723150622,0.00035899618955549645,0.03125,1.2989484408601084,0.0,0.0,7.524118920014642e-09,7.656961939709859e-07
O2_s63_DPR_U,DPR_U,87,32,0.28236278604848897,0.07319470797665417,0.2091680780718348,2.0,1.96875,2.0,2.0,1.0,4.098271918473579,0.023564190390369614,0.01107045647628378,-0.009268484091717903,-0.009268484091717903,-0.009268487143146315,0.0005698086382831425,0.00037469520661020386,0.0003746953724843227,0.09375,1.2868946174238156,0.0,0.0,8.554588512547525e-09,6.945306921518036e-07
O2_s63_DPR_U,DPR_U,88,32,0.3210188246175098,0.08210227958625183,0.238916545031258,2.0,1.96875,2.0,2.0,1.0,5.10576465345171,0.02565787963646379,0.013219321187625957,-0.013157302460345983,-0.013157302460345981,-0.013157303805385736,0.0007526417212874876,0.0004915420082779708,0.0004915419844990514,0.03125,1.2891233424104716,0.0,0.0,8.279055963689142e-09,8.836946010805725e-07
O2_s63_DPR_U,DPR_U,89,32,0.3053656078449895,0.07411983830388635,0.23124576954110324,2.0,1.96875,2.0,2.0,1.0,4.8930006231921475,0.020506394311920507,0.013578703651256723,-0.010035184052057621,-0.010035184052057621,-0.010035185205526658,0.0005841123122920526,0.00038572234893829895,0.0003857222341451808,0.03125,1.3028618277154638,0.0,0.0,7.149980040522719e-09,8.444923484945048e-07
O2_s63_DPR_U,DPR_U,90,32,0.2917110710946286,0.06827034906018525,0.22344072203444337,2.0,1.96875,2.0,2.0,1.0,4.771946971585422,0.016894225757937222,0.013122445901460833,-0.008726065521708308,-0.00872606552170831,-0.008726064739997577,0.0004895855505676033,0.0003288207922320424,0.00032882072670123067,0.0625,1.2546962526913006,0.0,0.0,6.990093395451731e-09,8.00868431535239e-07
O2_s63_DPR_U,DPR_U,91,32,0.2707730822229957,0.06605263572419062,0.20472044649880508,2.0,1.96875,2.0,2.0,1.0,3.3130200520116313,0.01460379534200494,0.009146634108175601,-0.004681980705601559,-0.0046819807056015595,-0.004681979755834256,0.0002785576190682975,0.00018920755388189127,0.00018920728104513881,0.0,1.2796097026084212,0.0,0.0,5.03099199439847e-09,6.023747878697984e-07
O2_s63_DPR_U,DPR_U,92,32,0.30067053974492874,0.07521089515648782,0.22545964458844092,2.0,1.96875,2.0,2.0,1.0,4.03337755906093,0.013151070142109462,0.012240963474385354,-0.005258842701432525,-0.005258842701432525,-0.00525883856396612,0.0003455880355004792,0.00022794809220298256,0.00022794837623567576,0.03125,1.3308634474666954,0.0,0.0,7.448295064704261e-09,7.054331090905647e-07
O2_s63_DPR_U,DPR_U,93,32,0.2606095790258811,0.06457813561428338,0.1960314434115977,2.0,1.96875,2.0,2.0,1.0,3.464125962437418,0.013028359236893628,0.010109879941893388,-0.004665335979060988,-0.004665335979060988,-0.004665336251382117,0.00028667121666252294,0.00018895562907272846,0.00018895573225223553,0.125,1.315677615922628,0.0,0.0,6.152816703496379e-09,6.515906610532129e-07
O2_s63_DPR_U,DPR_U,94,32,0.246782364735818,0.060534288291819394,0.1862480764439986,2.0,1.96875,2.0,2.0,1.0,4.0357513803173255,0.011386203637350241,0.01359493255524392,-0.004633815250852499,-0.004633815250852499,-0.004633818635675365,0.000334555878792439,0.00021402963629513043,0.00021402930758075383,0.0625,1.2822877588507964,0.0,0.0,5.84364627154799e-09,7.091095509209622e-07
O2_s63_DPR_U,DPR_U,95,32,0.2595432809443165,0.06195859226863831,0.19758468867567827,2.0,1.96875,2.0,2.0,1.0,4.265860241144386,0.009484967142309092,0.011478686711503452,-0.004366063864617503,-0.004366063864617504,-0.004366059897460328,0.00022731029354469944,0.000152474258069257,0.0001524744186086226,0.0625,1.2867483801960617,0.0,0.0,7.218394444791975e-09,7.273454012776705e-07
O2_s63_DPR_U,DPR_U,96,32,0.2408552129589561,0.05644798441790044,0.1844072285410556,2.0,1.96875,2.0,2.0,1.0,4.0722535600334755,0.00882316949170046,0.010886960546800013,-0.0031689165353155735,-0.0031689165353155735,-0.0031689177076242012,0.00021308086615153614,0.0001408456041337416,0.00014084596274664555,0.0625,1.2910521868772495,0.0,0.0,7.280833186582205e-09,7.076479736048422e-07
O2_s63_DPR_U,DPR_U,97,32,0.23052970442531787,0.056917711859568954,0.1736119925657489,2.0,1.96875,2.0,2.0,1.0,3.6693518523350104,0.005464090985312211,0.011447202328593727,-0.0018895838066698533,-0.0018895838066698533,-0.0018895840946828116,0.0001379638581733069,9.069704868075687e-05,9.069726973243246e-05,0.0,1.3401265796984576,0.0,0.0,6.438644926430379e-09,6.348285314222888e-07
O2_s63_DPR_U,DPR_U,98,32,0.22311074727100033,0.05267076939344406,0.17043997787755633,2.0,1.96875,2.0,2.0,1.0,3.3364883682799706,0.004548802668379343,0.014666939512746573,-0.0017116044734755012,-0.001711604473475501,-0.0017116043226280888,0.0001440532539265345,9.807265368167161e-05,9.807322705471931e-05,0.0,1.3086166204029361,0.0,0.0,5.026819783428793e-09,6.243099622306798e-07
O2_s63_DPR_U,DPR_U,99,32,0.24231424874032206,0.06075984553899616,0.18155440320132585,2.0,1.96875,2.0,2.0,1.0,3.890150643849646,0.0028541392659768975,0.01174215575270789,-0.001126577473439999,-0.0011265774734399987,-0.0011265795255973625,7.32912267614862e-05,4.837774477182581e-05,4.8377992558586775e-05,0.0625,1.2971559346293795,0.0,0.0,8.461863895596925e-09,6.792795417365866e-07
O2_s63_DPR_U,DPR_U,100,32,0.24713067575692366,0.05985757935559377,0.18727309640132986,2.0,1.96875,2.0,2.0,1.0,4.054758429193751,0.0011694069566335777,0.012709179426611697,-0.0004985295806120949,-0.0004985295806120949,-0.0004985294196881046,3.1345232058958684e-05,2.068090374517028e-05,2.068320764995701e-05,0.0,1.3087714421984253,0.0,0.0,9.852218516241172e-09,7.211705456362049e-07
O2_s63_RESPONSE_U,RESPONSE_U,1,32,0.6852613232316399,0.1789420733693987,0.5063192498622412,2.0,0.0,0.0,0.0,0.0,6.847826267841634,0.17896391810276052,0.0,-0.14253871957522654,-0.14253871957522654,-0.14253871957522654,0.0,0.0,0.0,0.03125,1.0,0.0,0.0,0.0,7.667852593357601e-07
O2_s63_RESPONSE_U,RESPONSE_U,2,32,0.5120676491125625,0.09349473542533815,0.4185729136872244,2.0,0.0,0.0,0.0,0.0,4.627264253279979,0.11760906655629735,0.0,-0.024189488498396142,-0.024189488498396142,-0.024189488498396142,0.0,0.0,0.0,0.09375,1.0,0.0,0.0,0.0,4.676435701798477e-07
O2_s63_RESPONSE_U,RESPONSE_U,3,32,0.4455344188922888,0.0912283705547452,0.3543060483375436,2.0,0.0,0.0,0.0,0.0,4.076753160566126,0.17870047009929785,0.0,-0.032261915443847336,-0.032261915443847336,-0.032261915443847336,0.0,0.0,0.0,0.09375,1.0,0.0,0.0,0.0,4.926444366174274e-07
O2_s63_RESPONSE_U,RESPONSE_U,4,32,0.41623324901504216,0.08662068261764944,0.3296125663973927,2.0,0.0,0.0,0.0,0.0,3.838733408842863,0.10311753499885597,0.0,-0.02422668103313044,-0.02422668103313044,-0.02422668103313044,0.0,0.0,0.0,0.125,1.0,0.0,0.0,0.0,4.586118395116518e-07
O2_s63_RESPONSE_U,RESPONSE_U,5,32,0.3933384772470642,0.08248951390851289,0.31084896333855144,2.0,0.0,0.0,0.0,0.0,3.764142292452469,0.12739486753313495,0.0,-0.03173570813126442,-0.03173570813126442,-0.03173570813126442,0.0,0.0,0.0,0.03125,1.0,0.0,0.0,0.0,4.6206776207444704e-07
O2_s63_RESPONSE_U,RESPONSE_U,6,32,0.3431880873465451,0.07758415979333222,0.2656039275532129,2.0,0.0,0.0,0.0,0.0,3.385968236040394,0.11975915613769987,0.0,-0.027032231667770173,-0.027032231667770173,-0.027032231667770173,0.0,0.0,0.0,0.03125,1.0,0.0,0.0,0.0,4.4007018902214567e-07
O2_s63_RESPONSE_U,RESPONSE_U,7,32,0.3315499372836279,0.0724400884937495,0.25910984878987836,2.0,0.0,0.0,0.0,0.0,3.6437451982259614,0.10873047330366342,0.0,-0.02566483248574826,-0.02566483248574826,-0.02566483248574826,0.0,0.0,0.0,0.0625,1.0,0.0,0.0,0.0,4.513726897999849e-07
O2_s63_RESPONSE_U,RESPONSE_U,8,32,0.32806112125413467,0.07551050477195531,0.2525506164821793,2.0,0.0,0.0,0.0,0.0,4.360610511147688,0.12809416103882051,0.0,-0.03881376483363431,-0.03881376483363431,-0.03881376483363431,0.0,0.0,0.0,0.09375,1.0,0.0,0.0,0.0,5.599956887286957e-07
O2_s63_RESPONSE_U,RESPONSE_U,9,32,0.29856060202185336,0.0676902283448726,0.2308703736769808,2.0,0.0,0.0,0.0,0.0,3.494661828397379,0.11273401064138985,0.0,-0.0261053785414295,-0.0261053785414295,-0.0261053785414295,0.0,0.0,0.0,0.125,1.0,0.0,0.0,0.0,4.6091035691567886e-07
O2_s63_RESPONSE_U,RESPONSE_U,10,32,0.25601126311151945,0.058264531078748405,0.19774673203277107,2.0,0.0,0.0,0.0,0.0,2.80900692326449,0.09575563606259882,0.0,-0.017667178631466225,-0.017667178631466225,-0.017667178631466225,0.0,0.0,0.0,0.0,1.0,0.0,0.0,0.0,3.785373898618849e-07
O2_s63_RESPONSE_U,RESPONSE_U,11,32,0.31168850117490465,0.07125613221433014,0.24043236896057452,2.0,0.0,0.0,0.0,0.0,4.80725467165574,0.13802233022254515,0.0,-0.04939844254662083,-0.04939844254662083,-0.04939844254662083,0.0,0.0,0.0,0.09375,1.0,0.0,0.0,0.0,5.999716360181351e-07
O2_s63_RESPONSE_U,RESPONSE_U,12,32,0.2806971657645364,0.062449643097352237,0.2182475226671842,2.0,0.0,0.0,0.0,0.0,3.7319740504572745,0.10260998156713515,0.0,-0.023927476868970978,-0.023927476868970978,-0.023927476868970978,0.0,0.0,0.0,0.125,1.0,0.0,0.0,0.0,4.562899415543302e-07
O2_s63_RESPONSE_U,RESPONSE_U,13,32,0.24367179053160404,0.053613462077919394,0.19005832845368464,2.0,0.0,0.0,0.0,0.0,3.412487166006886,0.10470847365404252,0.0,-0.024132947167043027,-0.024132947167043027,-0.024132947167043027,0.0,0.0,0.0,0.03125,1.0,0.0,0.0,0.0,4.5423403365246607e-07
O2_s63_RESPONSE_U,RESPONSE_U,14,32,0.23470363185311252,0.05412626621546224,0.18057736563765028,2.0,0.0,0.0,0.0,0.0,3.608472582462747,0.11410752192695026,0.0,-0.02783197376861353,-0.02783197376861353,-0.02783197376861353,0.0,0.0,0.0,0.03125,1.0,0.0,0.0,0.0,4.6798603802274434e-07
O2_s63_RESPONSE_U,RESPONSE_U,15,32,0.2491459275474212,0.05822981253731996,0.19091611501010125,2.0,0.0,0.0,0.0,0.0,3.8769200345037595,0.10191219590929546,0.0,-0.029597865017559302,-0.029597865017559302,-0.029597865017559302,0.0,0.0,0.0,0.09375,1.0,0.0,0.0,0.0,5.03174784166893e-07
O2_s63_RESPONSE_U,RESPONSE_U,16,32,0.24473300855367616,0.05442226747982204,0.19031074107385418,2.0,0.0,0.0,0.0,0.0,4.133795909348057,0.09852021001667732,0.0,-0.03365528512693875,-0.03365528512693875,-0.03365528512693875,0.0,0.0,0.0,0.09375,1.0,0.0,0.0,0.0,5.559465575617381e-07
O2_s63_RESPONSE_U,RESPONSE_U,17,32,0.2072895648631789,0.04614228184800595,0.16114728301517298,2.0,0.0,0.0,0.0,0.0,2.7153299336759047,0.08823491637011903,0.0,-0.015680835582921805,-0.015680835582921805,-0.015680835582921805,0.0,0.0,0.0,0.03125,1.0,0.0,0.0,0.0,3.8115275606123e-07
O2_s63_RESPONSE_U,RESPONSE_U,18,32,0.19304744770803525,0.04443475074367598,0.14861269696435928,2.0,0.0,0.0,0.0,0.0,3.0109595522931,0.0978615260844544,0.0,-0.022502268531095004,-0.022502268531095004,-0.022502268531095004,0.0,0.0,0.0,0.03125,1.0,0.0,0.0,0.0,4.2771315285720873e-07
O2_s63_RESPONSE_U,RESPONSE_U,19,32,0.20979778109504557,0.049955719034187496,0.15984206206085805,2.0,0.0,0.0,0.0,0.0,3.2135143343279626,0.0968265712111905,0.0,-0.023662941910390513,-0.023662941910390513,-0.023662941910390513,0.0,0.0,0.0,0.0625,1.0,0.0,0.0,0.0,4.5943329648374107e-07
O2_s63_RESPONSE_U,RESPONSE_U,20,32,0.1975287893603454,0.04682294302619994,0.15070584633414552,2.0,0.0,0.0,0.0,0.0,3.2439764537483904,0.08939048836936826,0.0,-0.02163252839307979,-0.02163252839307979,-0.02163252839307979,0.0,0.0,0.0,0.0,1.0,0.0,0.0,0.0,4.576902963059868e-07
O2_s63_RESPONSE_U,RESPONSE_U,21,32,0.8297074280874266,0.2858214331790805,0.5438859949083462,2.0,1.96875,2.0,2.0,0.050000000000000024,6.386597167759777,0.19291767809554258,0.0009028906007540437,-0.11565747693326396,-0.11534725890124727,-0.11534726132910524,0.004922364256187785,0.004797225261780885,0.004797225747828374,0.03125,1.017949595370501,0.0,0.0,0.00038002848631227124,8.521190271200764e-07
O2_s63_RESPONSE_U,RESPONSE_U,22,32,0.7313450541358222,0.21745788445696235,0.5138871696788598,2.0,1.96875,2.0,2.0,0.10000000000000005,5.282355684387674,0.1597953633241171,0.0013298429343650143,-0.05141541737091905,-0.05113570917710743,-0.051135710216930225,0.0030856115997693534,0.0029285859215776914,0.0029285863089232216,0.09375,1.042253046719946,0.0,0.0,0.0004151001172692383,6.665325517115922e-07
O2_s63_RESPONSE_U,RESPONSE_U,23,32,0.5944020095524023,0.1676443131873384,0.4267576963650639,2.0,1.96875,2.0,2.0,0.15000000000000002,4.165567404437983,0.11808124449082678,0.0019090870759452133,-0.02840245937465764,-0.0281629614316579,-0.028162963244845303,0.0021618760280510173,0.001999416617552601,0.001999417106063126,0.15625,1.063330037627044,0.0,0.0,0.0003777152181510156,5.210079135680184e-07
O2_s63_RESPONSE_U,RESPONSE_U,24,32,0.5924722676230303,0.16820538020692766,0.4242668874161027,2.0,1.96875,2.0,2.0,0.2000000000000001,4.24669536609514,0.11857182004047513,0.0026548590826264698,-0.0326653350373344,-0.032328310837075505,-0.03232831393699109,0.002391254068524735,0.0021538703701562555,0.0021538703712629505,0.03125,1.0715774823212376,0.0,0.0,0.00043356535188619316,5.513831445630197e-07
O2_s63_RESPONSE_U,RESPONSE_U,25,32,0.6743763060347621,0.19786929956171662,0.47650700647304545,2.0,1.96875,2.0,2.0,0.25,3.9833742102665886,0.16936462511459505,0.001748563258196801,-0.028458056552213822,-0.028278293907373797,-0.028278294052810946,0.0019500904128598342,0.0017402513917497034,0.0017402509188508386,0.125,1.1103997814833961,0.0,0.0,0.00029828158035258225,5.499062223105923e-07
O2_s63_RESPONSE_U,RESPONSE_U,26,32,0.5736799336257625,0.15494129178114235,0.4187386418446203,2.0,1.96875,2.0,2.0,0.30000000000000004,4.241215580251006,0.12334273279088313,0.0029876531529036375,-0.02666730708121093,-0.026454341636286165,-0.02645434524456006,0.0018399580262135093,0.0015781851934876564,0.0015781852030691246,0.09375,1.1172404006834271,0.0,0.0,0.0003237734296187878,5.436500937978075e-07
O2_s63_RESPONSE_U,RESPONSE_U,27,32,0.6017405522736425,0.16535026172641665,0.436390290547226,2.0,1.96875,2.0,2.0,0.3499999999999998,4.8275869341049775,0.14638129703530556,0.0035889030582671537,-0.040450721155043536,-0.04016617102731627,-0.04016617290716779,0.0025051587586654997,0.0021196464902141373,0.002119646938875942,0.0625,1.1325887654656153,0.0,0.0,0.0006024635090412517,6.684351349216156e-07
O2_s63_RESPONSE_U,RESPONSE_U,28,32,0.5866320608074106,0.16575883165933192,0.4208732291480788,2.0,1.96875,2.0,2.0,0.4000000000000002,4.184511003606179,0.17548707422001478,0.0034773139228355264,-0.04784854152184998,-0.047479468518403324,-0.04747946730948359,0.002595185655522149,0.0021373598351106895,0.002137359773253759,0.125,1.1279150523930106,0.0,0.0,0.0006027802135015355,6.162326509094095e-07
O2_s63_RESPONSE_U,RESPONSE_U,29,32,0.5606877973473682,0.14993049565237015,0.41075730169499824,2.0,1.96875,2.0,2.0,0.44999999999999973,4.319490702881895,0.1372310754210563,0.004057254219113489,-0.033004203191256874,-0.03235202984321782,-0.032352031834063696,0.0021479967914032707,0.0017257574087304174,0.0017257575799479116,0.0,1.1662510996430404,0.0,0.0,0.000794688456839027,5.515799418191484e-07
O2_s63_RESPONSE_U,RESPONSE_U,30,32,0.5550828164378323,0.1523402751190588,0.40274254131877335,2.0,1.96875,2.0,2.0,0.5,4.683358453392198,0.13227670116873902,0.005317579493752368,-0.0401402098454683,-0.03972737282187204,-0.03972737508297548,0.0023678768023964493,0.0018526474600501826,0.0018526476194354134,0.09375,1.2103809133683003,0.0,0.0,0.0006765732920796137,6.090843831123624e-07
O2_s63_RESPONSE_U,RESPONSE_U,31,32,0.5388799690135243,0.14523614768404514,0.39364382132947906,2.0,1.96875,2.0,2.0,0.5500000000000003,3.7348704478468124,0.12715326178867228,0.004411953422466857,-0.02634507422141171,-0.02628808683087043,-0.026288085447051295,0.0017914214689989647,0.001362861133982629,0.0013628610439790467,0.0625,1.1652534764505251,0.0,0.0,0.0005204264397931709,5.322413594503678e-07
O2_s63_RESPONSE_U,RESPONSE_U,32,32,0.5620364247432563,0.14921193569898605,0.4128244890442704,2.0,1.96875,2.0,2.0,0.6000000000000001,4.878927961712623,0.15218274643680216,0.004869685050894367,-0.0433606171231794,-0.04283933990549326,-0.04283933832884163,0.002306501656456914,0.0017584574156570764,0.0017584572020784962,0.125,1.1956206394087496,0.0,0.0,0.0010391672889464095,6.338252428189966e-07
O2_s63_RESPONSE_U,RESPONSE_U,33,32,0.5844092473667177,0.16461804509162903,0.41979120227508865,2.0,1.96875,2.0,2.0,0.6499999999999998,3.8171943430916864,0.1467645506326021,0.0051629912972661045,-0.029456401885583,-0.02879433245479877,-0.028794338226675837,0.0021762521654325987,0.0016218861565619818,0.001621886656486187,0.0625,1.2240548248578602,0.0,0.0,0.0008735474529422192,5.631765826255655e-07
O2_s63_RESPONSE_U,RESPONSE_U,34,32,0.4708704521350104,0.1240629986859858,0.3468074534490245,2.0,1.96875,2.0,2.0,0.6999999999999996,3.081458040469597,0.12818334408892695,0.005325134321612687,-0.021730453161718143,-0.021657734730020372,-0.021657733176664282,0.0017767524202982725,0.0012888308179584101,0.001288830933233732,0.0,1.2220023787461687,0.0,0.0,0.00046339204104941064,4.680734253260446e-07
O2_s63_RESPONSE_U,RESPONSE_U,35,32,0.47818185499462723,0.12592377996770665,0.3522580750269205,2.0,1.96875,2.0,2.0,0.75,3.8293100081618987,0.10912000851445361,0.006399803981964935,-0.0268503220677225,-0.026276094523277213,-0.02627609294065645,0.0016795513558093493,0.001161530058239363,0.0011615300124972867,0.03125,1.2674594920039526,0.0,0.0,0.0007822393950660747,5.492860966524569e-07
O2_s63_RESPONSE_U,RESPONSE_U,36,32,0.5243767597334834,0.13968018535524607,0.3846965743782371,2.0,1.96875,2.0,2.0,0.8000000000000004,4.427949397554297,0.10702895464271438,0.008480893856529635,-0.03388754598093963,-0.032579757883766505,-0.032579753672362266,0.002229421436817762,0.0015119436028182207,0.0015119433335251693,0.0625,1.262741203005062,0.0,0.0,0.0014257998686433516,6.323470305496264e-07
O2_s63_RESPONSE_U,RESPONSE_U,37,32,0.4886530672342671,0.1282332229311578,0.36041984430310936,2.0,1.96875,2.0,2.0,0.8500000000000004,3.72848557923572,0.11917538703969792,0.00691269748003879,-0.028514381568151927,-0.02794255834156993,-0.027942560347569423,0.0019195093849444388,0.001328148913983627,0.0013281491249241117,0.0,1.2335445273075287,0.0,0.0,0.0007335370521177662,5.928120395105846e-07
O2_s63_RESPONSE_U,RESPONSE_U,38,32,0.467969579497098,0.12791452277451754,0.3400550567225806,2.0,1.96875,2.0,2.0,0.8999999999999995,3.9709223453980975,0.10563022503191817,0.0065709127557332225,-0.030027477818009733,-0.029600485172560326,-0.029600482338867855,0.0016067308217076839,0.0010769027140638031,0.001076902176918123,0.09375,1.2578834162479935,0.0,0.0,0.0006859333008455776,5.804691225332805e-07
O2_s63_RESPONSE_U,RESPONSE_U,39,32,0.529374858445785,0.15211503021419048,0.37725982823159454,2.0,1.96875,2.0,2.0,0.9499999999999995,5.494143816136233,0.10556594563458231,0.010976155529264233,-0.047483173568192545,-0.0450231968411959,-0.045023200620676905,0.0025998033351178943,0.0016945298675034599,0.0016945295559239368,0.125,1.2788195442758086,0.0,0.0,0.003181470053047495,7.110452702660194e-07
O2_s63_RESPONSE_U,RESPONSE_U,40,32,0.4819906396894535,0.12125616252887994,0.3607344771605736,2.0,1.96875,2.0,2.0,1.0,3.7699599652269042,0.09425037645483318,0.012470925680205537,-0.025480472836074304,-0.024336088401166175,-0.024336088954296894,0.0024972132875652523,0.0016390646210742424,0.0016390643958959703,0.09375,1.2556071884318332,0.0,0.0,0.0012992132638182557,5.606284542813256e-07
O2_s63_RESPONSE_U,RESPONSE_U,41,32,0.48650201804735,0.12470530567225069,0.3617967123750994,2.0,1.96875,2.0,2.0,1.0,4.930675120032524,0.10385301354481291,0.010675196041557252,-0.038713126211437715,-0.038159892882168055,-0.038159894345811095,0.0022736381808962634,0.0014507195557184828,0.001450719231054423,0.09375,1.3168596419140972,0.0,0.0,0.0012684481286245103,7.447917686975807e-07
O2_s63_RESPONSE_U,RESPONSE_U,42,32,0.40983418118967174,0.09983387647662312,0.3100003047130488,2.0,1.96875,2.0,2.0,1.0,3.417079327866852,0.10617499425256947,0.007103743533564534,-0.02048381651758147,-0.02010538256370495,-0.020105381371927605,0.00161370894094755,0.0010544163985803795,0.0010544165243796574,0.03125,1.27423566188003,0.0,0.0,0.0005229460311354495,5.264524454064364e-07
O2_s63_RESPONSE_U,RESPONSE_U,43,32,0.4075180620313532,0.10493420384591445,0.3025838581854387,2.0,1.96875,2.0,2.0,1.0,3.1855746695740472,0.08729647615395957,0.009235658385166021,-0.01889750690383976,-0.0184757474297527,-0.018475748610183085,0.0017451630379710656,0.001115277197944849,0.0011152768173791315,0.0,1.3215980898164086,0.0,0.0,0.000538998988582049,5.097589588270751e-07
O2_s63_RESPONSE_U,RESPONSE_U,44,32,0.41719174300010614,0.10918362461961806,0.30800811838048814,2.0,1.96875,2.0,2.0,1.0,4.3726508783163816,0.1036146921955003,0.010067339856989743,-0.03419156943410043,-0.03344073529260296,-0.03344073436196576,0.0021764863024098667,0.0014000161065678585,0.001400016232557064,0.03125,1.3514264805470517,0.0,0.0,0.0010361569323141773,6.498532041629276e-07
O2_s63_RESPONSE_U,RESPONSE_U,45,32,0.4718947384147389,0.13357704802183434,0.33831769039290466,2.0,1.96875,2.0,2.0,1.0,3.945241897427377,0.11343177428443327,0.006788992329834641,-0.027104956256867728,-0.026557602594113595,-0.026557606405824573,0.0016664311307031353,0.0010813133968842338,0.0010813135363616764,0.03125,1.3871792114765513,0.0,0.0,0.0008756909840572217,5.734909150700919e-07
O2_s63_RESPONSE_U,RESPONSE_U,46,32,0.4264107412962006,0.10480978956911713,0.3216009517270836,2.0,1.96875,2.0,2.0,1.0,4.594895111946016,0.10034392726395412,0.007344388652316096,-0.03223175454069932,-0.031807634767359594,-0.03180764033706222,0.0015216025635445619,0.0009801495263362186,0.0009801492958441324,0.0625,1.3157373527253582,0.0,0.0,0.0006993991659824113,6.463529108083544e-07
O2_s63_RESPONSE_U,RESPONSE_U,47,32,0.44274296069108554,0.11968994722701609,0.32305301346406945,2.0,1.96875,2.0,2.0,1.0,4.574130787398357,0.09449904753620138,0.008603588078176214,-0.028497567188414476,-0.028429016307879966,-0.028429014392830507,0.0017310105696049527,0.0011381902066350752,0.0011381899961536075,0.0,1.2936571999277473,0.0,0.0,0.0006024421895052393,6.49014574010828e-07
O2_s63_RESPONSE_U,RESPONSE_U,48,32,0.42164867158553576,0.10658275987952948,0.3150659117060063,2.0,1.96875,2.0,2.0,1.0,3.8923278055658366,0.0871744754804103,0.00975682177830394,-0.02206298998734145,-0.021616590573206144,-0.021616594166818916,0.0017537622812974143,0.0011106915853998725,0.0011106916241041436,0.0625,1.3241096173498932,0.0,0.0,0.0007542259438857675,5.792110742495958e-07
O2_s63_RESPONSE_U,RESPONSE_U,49,32,0.44188501808407704,0.11964432673994452,0.32224069134413263,2.0,1.96875,2.0,2.0,1.0,5.075097884034301,0.09229734488381808,0.00840483797458051,-0.03364249662291598,-0.03312226814462444,-0.03312226629281327,0.0016262993222962874,0.0010527177132061264,0.001052717789135757,0.03125,1.3433818039019947,0.0,0.0,0.0009981589644848434,7.476491932258275e-07
O2_s63_RESPONSE_U,RESPONSE_U,50,32,0.45600557776069106,0.12401120038703084,0.3319943773736601,2.0,1.96875,2.0,2.0,1.0,5.083974554292243,0.09430515426231752,0.01084565651868926,-0.03849817681661496,-0.03791228324692376,-0.0379122853673847,0.0022199287963591136,0.0014471206221520544,0.0014471204406877028,0.0625,1.289999480419438,0.0,0.0,0.0014583902292551636,7.684227248885806e-07
O2_s63_RESPONSE_U,RESPONSE_U,51,32,0.39283063680960423,0.10518355446401983,0.2876470823455844,2.0,1.96875,2.0,2.0,1.0,3.7865938854551726,0.08232630757078628,0.009382318094307285,-0.022887623275079597,-0.022514800543852187,-0.022514800185065707,0.0016870582197815792,0.0011200537871750512,0.0011200538350905123,0.0625,1.296075781262274,0.0,0.0,0.0007855777397977789,6.079402809236326e-07
O2_s63_RESPONSE_U,RESPONSE_U,52,32,0.37212202408389705,0.0949558395659551,0.27716618451794195,2.0,1.96875,2.0,2.0,1.0,3.8692556453578977,0.09216271066028171,0.007996556506114569,-0.021519597470239005,-0.021076285141026895,-0.021076284305966336,0.0016186388266967143,0.001066061729669258,0.0010660612492969979,0.0,1.2982948041521563,0.0,0.0,0.0007775780143776307,6.010864744115832e-07
O2_s63_RESPONSE_U,RESPONSE_U,53,32,0.3966452950245495,0.10053331195376813,0.29611198307078135,2.0,1.96875,2.0,2.0,1.0,4.205780616033598,0.08038602985183906,0.009610592559017812,-0.02593456091358422,-0.025272111499874617,-0.025272108563456935,0.0017313695286011233,0.0011563672027845484,0.001156367533275115,0.09375,1.2742816099922338,0.0,0.0,0.0008804019112519155,6.663792700173807e-07
O2_s63_RESPONSE_U,RESPONSE_U,54,32,0.4146833677155405,0.11069916293490678,0.3039842047806337,2.0,1.96875,2.0,2.0,1.0,3.65107082679523,0.08375754336558,0.009172713031160696,-0.02238514137230896,-0.02213846846539491,-0.0221384698718558,0.001593866990000146,0.0010604982085912315,0.001060498079585666,0.03125,1.30068797286664,0.0,0.0,0.0005744573752620511,6.270223086440111e-07
O2_s63_RESPONSE_U,RESPONSE_U,55,32,0.42134654125253307,0.11604859563522041,0.3052979456173126,2.0,1.96875,2.0,2.0,1.0,4.54116860339079,0.09090593970330478,0.015170140552426336,-0.03329363694421243,-0.032051766699029746,-0.032051764504019586,0.002944949708206614,0.0019302822401654352,0.0019302819226189793,0.03125,1.2576140976188617,0.0,0.0,0.0016747509731561369,7.445098202656585e-07
O2_s63_RESPONSE_U,RESPONSE_U,56,32,0.4030967814288452,0.10500231297919527,0.29809446844964993,2.0,1.96875,2.0,2.0,1.0,4.638390521788018,0.07211914569937153,0.011776829481854914,-0.03171196955683268,-0.031502464156887684,-0.03150246769234026,0.0018613952929677883,0.0011978049986079476,0.0011978053982941862,0.0625,1.2928690257326232,0.0,0.0,0.0008257610751659678,7.197946363083736e-07
O2_s63_RESPONSE_U,RESPONSE_U,57,32,0.44453790038515373,0.12289698654785752,0.3216409138372962,2.0,1.96875,2.0,2.0,1.0,4.1234096285584325,0.07749728360801605,0.010329090188090289,-0.02294608470742691,-0.022535315966531105,-0.022535311946175977,0.0017582135194568664,0.001167195686821625,0.0011671957673606477,0.0625,1.373849439715403,0.0,0.0,0.0008901382947008049,6.624774333542583e-07
O2_s63_RESPONSE_U,RESPONSE_U,58,32,0.3771048153276473,0.09930704429280013,0.2777977710348471,2.0,1.96875,2.0,2.0,1.0,4.242022084928512,0.06998555615922869,0.008803837201312635,-0.02360218729532643,-0.023341263400454504,-0.023341261522440895,0.0013304454202419927,0.0008889696724769325,0.0008889695018336168,0.03125,1.3035667311322972,0.0,0.0,0.0005509744263192137,6.774170855164789e-07
O2_s63_RESPONSE_U,RESPONSE_U,59,32,0.3729032773863383,0.09907065983861685,0.2738326175477215,2.0,1.96875,2.0,2.0,1.0,3.469989013612752,0.059925638672994504,0.008098337695721453,-0.01608401670663315,-0.01571024848328788,-0.015710247919916757,0.0010512388660199965,0.0006911633969919307,0.0006911638726739969,0.0,1.2900882024106193,0.0,0.0,0.00047929522458463835,5.862496711443664e-07
O2_s63_RESPONSE_U,RESPONSE_U,60,32,0.36517540726537945,0.09255527262575924,0.2726201346396203,2.0,1.96875,2.0,2.0,1.0,3.9652415076387553,0.05341265309738984,0.01169174723695963,-0.019162952463201977,-0.01840488346248217,-0.01840488320052845,0.0013191139952095454,0.0008170635589110118,0.0008170637577856604,0.03125,1.3612602754533691,0.0,0.0,0.0009712814843916667,6.398964757420913e-07
O2_s63_RESPONSE_U,RESPONSE_U,61,32,0.36501425566284806,0.09601928881602362,0.2689949668468244,2.0,1.96875,2.0,2.0,1.0,4.735214037526293,0.06833080623894273,0.013192066799181642,-0.02999375010741264,-0.029137002343175403,-0.02913700032428794,0.0018927287910003423,0.0011381372131939742,0.0011381374995011516,0.0625,1.4138028675861434,0.0,0.0,0.0011994460305333433,7.455854672660449e-07
O2_s63_RESPONSE_U,RESPONSE_U,62,32,0.38772006985307966,0.10513416165485978,0.28258590819821977,2.0,1.96875,2.0,2.0,1.0,3.9875725602457126,0.07109865793208196,0.01294367905769737,-0.023527725348663632,-0.022759674011560767,-0.022759674373118176,0.001911414129688502,0.0012070993294412131,0.001207099203986105,0.03125,1.3560178838702512,0.0,0.0,0.0011596081627426602,6.711695669178768e-07
O2_s63_RESPONSE_U,RESPONSE_U,63,32,0.35373833737390437,0.09536427911370993,0.25837405826019444,2.0,1.96875,2.0,2.0,1.0,3.8285092571120947,0.059415716363007375,0.011415345444233428,-0.01991863970556221,-0.01975656754287655,-0.019756569086344558,0.0014849225353241917,0.0009697787402735907,0.0009697786012843028,0.125,1.2887342289586015,0.0,0.0,0.0007358832270819281,6.400951442587967e-07
O2_s63_RESPONSE_U,RESPONSE_U,64,32,0.40505678874243817,0.10352994711138308,0.3015268416310551,2.0,1.96875,2.0,2.0,1.0,5.82191548899283,0.06774753335926058,0.014707757071465304,-0.04272236962828845,-0.0423891831387596,-0.04238918704014889,0.0020310345039002663,0.001305442609173449,0.0013054428246970834,0.09375,1.3227772283479835,0.0,0.0,0.001172333712096208,8.925274261368586e-07
O2_s63_RESPONSE_U,RESPONSE_U,65,32,0.39465029623082504,0.1070892825955525,0.2875610136352725,2.0,1.96875,2.0,2.0,1.0,4.578891131901382,0.07015770530261765,0.008617399417425047,-0.02356367114811968,-0.02287626927963689,-0.022876268689466014,0.0012981955019228959,0.0008635404613526128,0.0008635404428519126,0.0625,1.345735429193915,0.0,0.0,0.0009181713897168728,7.200992557414923e-07
O2_s63_RESPONSE_U,RESPONSE_U,66,32,0.36156388007383217,0.09345178108196706,0.26811209899186517,2.0,1.96875,2.0,2.0,1.0,4.097690195422143,0.05893451561184999,0.009898993908564207,-0.019044977443272156,-0.01905501106920022,-0.019055013320677345,0.001243280640225991,0.0008241848780939196,0.0008241847555115885,0.0,1.3315728148551558,0.0,0.0,0.00036518992417280526,6.753398689203842e-07
O2_s63_RESPONSE_U,RESPONSE_U,67,32,0.32035370807673635,0.08027791877975687,0.24007578929697948,2.0,1.96875,2.0,2.0,1.0,3.3227857403580328,0.0504544530787559,0.009724973550057657,-0.015016703587616803,-0.014712403997570924,-0.014712404778507474,0.0010341573067133183,0.0006706602531535744,0.0006706602149500223,0.03125,1.3366777679229958,0.0,0.0,0.00042104954473353394,5.915818885978869e-07
O2_s63_RESPONSE_U,RESPONSE_U,68,32,0.3444520741965623,0.09132708515971899,0.2531249890368434,2.0,1.96875,2.0,2.0,1.0,3.350299399075329,0.045863250989940915,0.009315374832880353,-0.015622564557228338,-0.015392091438472397,-0.01539209328544095,0.0009056967040946209,0.0005833535045708512,0.000583353293327174,0.0,1.3648364206123107,0.0,0.0,0.00030962719666117485,5.897729868867153e-07
O2_s63_RESPONSE_U,RESPONSE_U,69,32,0.35154086839194276,0.08654995053075254,0.26499091786119017,2.0,1.96875,2.0,2.0,1.0,4.08252392975768,0.058022251816443,0.010601742594856859,-0.018659727078394788,-0.018323477508519252,-0.018323478171141744,0.0012848265089993839,0.0008474217770919421,0.0008474214562831369,0.0,1.3022953923449527,0.0,0.0,0.0004665539831996211,7.126360353102939e-07
O2_s63_RESPONSE_U,RESPONSE_U,70,32,0.3822547989345394,0.09717629943042994,0.28507849950410935,2.0,1.96875,2.0,2.0,1.0,4.7943439599221644,0.06325407385385855,0.010226186177048605,-0.024029108760447525,-0.023247072094400724,-0.023247067488130786,0.0013827943544402982,0.0008774706108317218,0.0008774707659873759,0.0,1.2935339822882992,0.0,0.0,0.0010462288329194016,7.955699589619851e-07
O2_s63_RESPONSE_U,RESPONSE_U,71,32,0.34890038255032596,0.09387454146053642,0.2550258410897896,2.0,1.96875,2.0,2.0,1.0,5.187066159904792,0.06542246137760595,0.009769396304686671,-0.04209232113930483,-0.041948494328332746,-0.04194849624236104,0.001389288827123798,0.0009018040967605789,0.0009018035210280222,0.09375,1.3515270865789875,0.0,0.0,0.0008230896891064603,8.92945422376824e-07
O2_s63_RESPONSE_U,RESPONSE_U,72,32,0.3569165743653468,0.09443341050064191,0.2624831638647048,2.0,1.96875,2.0,2.0,1.0,4.327584626361577,0.05241195630304516,0.008863332184682281,-0.017879402596740725,-0.017612354426878717,-0.017612351582217287,0.0009962937964102898,0.0006407276392232049,0.0006407276220247581,0.0625,1.3753752791919711,0.0,0.0,0.000562448624862037,7.144085112228511e-07
O2_s63_RESPONSE_U,RESPONSE_U,73,32,0.36784387402560825,0.09383922384586185,0.2740046501797464,2.0,1.96875,2.0,2.0,1.0,5.337210397147432,0.051223991717596125,0.01242625880930707,-0.02429792725346243,-0.023723923614316543,-0.02372392677853052,0.001324638821642625,0.0008433576287337183,0.0008433573650056259,0.03125,1.313844262886247,0.0,0.0,0.0008935899182403751,8.469608547735071e-07
O2_s63_RESPONSE_U,RESPONSE_U,74,32,0.35364551370142383,0.0928835307713598,0.26076198293006414,2.0,1.96875,2.0,2.0,1.0,4.097209012469405,0.051583984036096625,0.008662500046945552,-0.015327564257046438,-0.015001091580446472,-0.015001091744176385,0.0009552021747019242,0.0006469575144629151,0.0006469574410713976,0.0,1.3620955984426213,0.0,0.0,0.00040495535361508494,7.003399785013321e-07
O2_s63_RESPONSE_U,RESPONSE_U,75,32,0.2984033057251516,0.07896445505321026,0.21943885067194135,2.0,1.96875,2.0,2.0,1.0,3.2543745324053335,0.03592811669991473,0.009668947995058824,-0.011866986179653184,-0.011710590654393328,-0.011710589766698015,0.0007392624543885085,0.00048507053555734016,0.00048507017638388915,0.0625,1.3414782290581246,0.0,0.0,0.00024342246036150424,5.814241551260001e-07
O2_s63_RESPONSE_U,RESPONSE_U,76,32,0.2906081427647509,0.07524646271485835,0.21536168004989256,2.0,1.96875,2.0,2.0,1.0,3.543479480116602,0.03190369535206673,0.00844746655727652,-0.009999600155063066,-0.009859583122078295,-0.009859581572172064,0.0005806800045712552,0.0003720974680188025,0.0003720976285571179,0.0,1.3456632762032168,0.0,0.0,0.00020423434567952447,6.021266746365482e-07
O2_s63_RESPONSE_U,RESPONSE_U,77,32,0.352228906724424,0.09936799440765753,0.25286091231676644,2.0,1.96875,2.0,2.0,1.0,4.497265447652675,0.040345806713695274,0.013030274296651535,-0.020312975699607945,-0.019826523655552097,-0.019826523430817606,0.0011120487554113884,0.0007096392097878578,0.0007096385009462509,0.09375,1.3093813551032292,0.0,0.0,0.0006214972557404652,7.625770394620522e-07
O2_s63_RESPONSE_U,RESPONSE_U,78,32,0.3102202295262288,0.07723628438543528,0.23298394514079357,2.0,1.96875,2.0,2.0,1.0,4.0259788497163616,0.03267840930108284,0.011100263396407885,-0.012122576740456676,-0.011671933444094973,-0.01167193404951715,0.0007773815941737429,0.0004932897875323082,0.0004932902212292889,0.0,1.3253493217838284,0.0,0.0,0.0004892444241772204,6.803688832212483e-07
O2_s63_RESPONSE_U,RESPONSE_U,79,32,0.28582620753990173,0.07222653104690835,0.21359967649299338,2.0,1.96875,2.0,2.0,1.0,3.5742433723472593,0.028915321313582872,0.010882050414034887,-0.009234665060686134,-0.009121642833479266,-0.009121641458818367,0.0006609796055464245,0.00041950479351134074,0.0004195043665250239,0.0,1.311145861821947,0.0,0.0,0.00022526442211251113,6.074467484361398e-07
O2_s63_RESPONSE_U,RESPONSE_U,80,32,0.29910692601718153,0.07629078795434907,0.22281613806283246,2.0,1.96875,2.0,2.0,1.0,3.713253405081884,0.02781773514503079,0.008557478464269932,-0.008790522705369098,-0.008712724905595912,-0.008712725259324516,0.0005209073459779678,0.00035168354786762815,0.0003516835562018268,0.0,1.3332235610659353,0.0,0.0,0.00021210381702561535,6.131145687325012e-07
O2_s63_RESPONSE_U,RESPONSE_U,81,32,0.2911730237811465,0.0797017109580338,0.21147131282311266,2.0,1.96875,2.0,2.0,1.0,3.2440314463687674,0.028163905075980256,0.011041133381673653,-0.010081413112942196,-0.01002021566506568,-0.010020215975316786,0.0006721110075782492,0.0004335447453192858,0.0004335447779947138,0.03125,1.2876541328298114,0.0,0.0,0.00014071726307380203,6.063043150806844e-07
O2_s63_RESPONSE_U,RESPONSE_U,82,32,0.29180671909173067,0.07565099169733003,0.21615572739440064,2.0,1.96875,2.0,2.0,1.0,3.73818747414749,0.02989801064544479,0.012975236893268773,-0.010983923456000907,-0.01085247327811865,-0.010852473834447141,0.0008271573639452249,0.0005350294584703865,0.0005350294109384889,0.0,1.2788909715858516,0.0,0.0,0.0002948671752829933,6.603666565306355e-07
O2_s63_RESPONSE_U,RESPONSE_U,83,32,0.36503539002301766,0.10238130739890039,0.2626540826241173,2.0,1.96875,2.0,2.0,1.0,5.660543035886214,0.03446651242304717,0.012773237205009969,-0.021037340570228238,-0.020734698028742254,-0.02073469459935189,0.0009620847410941585,0.0006450005147407863,0.0006450003766734719,0.0625,1.3263841686728266,0.0,0.0,0.0006780764776221304,9.352747835955657e-07
O2_s63_RESPONSE_U,RESPONSE_U,84,32,0.29825476926689753,0.0733446606900543,0.22491010857684318,2.0,1.96875,2.0,2.0,1.0,3.895111108794942,0.025711337792644565,0.01107983231180736,-0.009259970205780772,-0.0090790270712648,-0.009079030735814335,0.0006094203791878021,0.0003851112450878967,0.0003851114009445643,0.0,1.3823445517199031,0.0,0.0,0.0002832050138437353,6.765817073339609e-07
O2_s63_RESPONSE_U,RESPONSE_U,85,32,0.29784289429036787,0.07502746948739514,0.22281542480297273,2.0,1.96875,2.0,2.0,1.0,4.111315743879306,0.02497153779742687,0.014584056330143645,-0.009656533591378556,-0.009392601977935993,-0.009392598152536655,0.0007459842930006011,0.00046350752813611806,0.0004635076145364254,0.0,1.3539309017400283,0.0,0.0,0.00031215942015970456,7.185966131501162e-07
O2_s63_RESPONSE_U,RESPONSE_U,86,32,0.28851052638691665,0.06992014776915312,0.21859037861776356,2.0,1.96875,2.0,2.0,1.0,3.9731792320904695,0.02586691046950348,0.012608849764064267,-0.009211987139049947,-0.008836250320177489,-0.008836249327337897,0.000672512773274654,0.00042123212088776156,0.0004212322536366524,0.03125,1.3150503799469486,0.0,0.0,0.00041392463269999236,7.240478074289826e-07
O2_s63_RESPONSE_U,RESPONSE_U,87,32,0.29157232772888836,0.0750342984101735,0.2165380293187149,2.0,1.96875,2.0,2.0,1.0,4.0400032832189945,0.02245253154465604,0.010689495169435376,-0.00850624658703193,-0.008434570308215704,-0.008434570987717506,0.0005074542207340695,0.0003247383318844824,0.0003247387277989032,0.03125,1.2903976059100182,0.0,0.0,0.0002265039294806758,6.997544684078429e-07
O2_s63_RESPONSE_U,RESPONSE_U,88,32,0.32937826259791825,0.08385757956421003,0.24552068303370816,2.0,1.96875,2.0,2.0,1.0,4.087250807437944,0.022491659631070218,0.01135690210890415,-0.009634246323596054,-0.00948355442478597,-0.009483554006365425,0.0005561932351539674,0.0003660954406173036,0.00036609562142836925,0.0,1.3086192151711695,0.0,0.0,0.0002073972402059391,7.700289813542193e-07
O2_s63_RESPONSE_U,RESPONSE_U,89,32,0.3149667019079986,0.07971075526438653,0.23525594664361207,2.0,1.96875,2.0,2.0,1.0,4.266634298041297,0.023053810916687123,0.01157840251938731,-0.009046454245820436,-0.008938316192649483,-0.008938318500099391,0.000575697509328592,0.0003820911429482964,0.0003820912127599814,0.03125,1.3228121511073925,0.0,0.0,0.00019791137942451204,7.704088778805322e-07
O2_s63_RESPONSE_U,RESPONSE_U,90,32,0.31163936850531504,0.07637910865014419,0.2352602598551708,2.0,1.96875,2.0,2.0,1.0,4.190457675108914,0.019737946141018318,0.009242950743532386,-0.007303527411868233,-0.007178128054367765,-0.007178130620705189,0.0004092852088367296,0.00026676536090278376,0.00026676561184901636,0.03125,1.3154641832568437,0.0,0.0,0.0002446449715060914,7.497312993452701e-07
O2_s63_RESPONSE_U,RESPONSE_U,91,32,0.2729583802937276,0.06632494361838326,0.20663343667534437,2.0,1.96875,2.0,2.0,1.0,3.1729475251218235,0.015536056640654794,0.00973172134807704,-0.004642323830193384,-0.004568825176725162,-0.004568825314059534,0.00032547631805188344,0.00021673394126841812,0.0002167337337442442,0.0,1.2758557880367083,0.0,0.0,0.00011167974931543126,5.925057841409186e-07
O2_s63_RESPONSE_U,RESPONSE_U,92,32,0.313558492787794,0.08043871098197997,0.23311978180581405,2.0,1.96875,2.0,2.0,1.0,3.8335232322079404,0.015003579276936378,0.009070412931581078,-0.0056815571770233025,-0.0056301288005295436,-0.005630127851830866,0.0002974591214954844,0.00019798991457700612,0.0001979895741738492,0.03125,1.3085828251339673,0.0,0.0,0.00013783212691094546,7.190375878569068e-07
O2_s63_RESPONSE_U,RESPONSE_U,93,32,0.2773672737499944,0.06965352821862325,0.20771374553137117,2.0,1.96875,2.0,2.0,1.0,3.1707125598088544,0.01335213875057301,0.011411395948191348,-0.003870326211893835,-0.0037835394417068935,-0.0037835393989311557,0.0003338261031451805,0.00021981748109060802,0.0002198175558764228,0.0625,1.3028752776776251,0.0,0.0,0.00012999415798315176,6.05587603408012e-07
O2_s63_RESPONSE_U,RESPONSE_U,94,32,0.2612204612055706,0.0641792407259345,0.19704122047963615,2.0,1.96875,2.0,2.0,1.0,3.5107182375863433,0.009760319738533679,0.012034942668518633,-0.0035354724789355757,-0.0034862729138782273,-0.0034862717623085617,0.0002477133597291983,0.00015766761105863268,0.0001576683081967963,0.09375,1.3340145609138674,0.0,0.0,6.91863783186878e-05,6.199017891861873e-07
O2_s63_RESPONSE_U,RESPONSE_U,95,32,0.2720157787239528,0.06650614400859922,0.20550963471535355,2.0,1.96875,2.0,2.0,1.0,4.1951317886102055,0.009443107458200652,0.010653367609845057,-0.00557053657404458,-0.005507817515445365,-0.005507816633371735,0.00021895285094225843,0.00014313706706756165,0.0001431365704147009,0.125,1.315246814110509,0.0,0.0,8.78118039299749e-05,7.646062460690582e-07
O2_s63_RESPONSE_U,RESPONSE_U,96,32,0.24665779897194334,0.058458267361857,0.18819953161008635,2.0,1.96875,2.0,2.0,1.0,3.5948426836889826,0.008395328655598782,0.010812578672851104,-0.002593724687166986,-0.002562371286012873,-0.0025623704449367632,0.00018986967132409577,0.00012474267414884068,0.00012474222544085994,0.03125,1.3602283266088657,0.0,0.0,4.748853216804316e-05,6.541334596991068e-07
O2_s63_RESPONSE_U,RESPONSE_U,97,32,0.23982399737681084,0.0597116471035406,0.18011235027327024,2.0,1.96875,2.0,2.0,1.0,3.3169707799614865,0.005939344535821652,0.01291870236162516,-0.0019239813919276964,-0.0019119221078571322,-0.0019119227166904185,0.00016297624043651006,0.00010542852520148404,0.00010542810745257908,0.0,1.3418386718412418,0.0,0.0,4.043093373456834e-05,6.040310911857833e-07
O2_s63_RESPONSE_U,RESPONSE_U,98,32,0.23419197544498982,0.05513212375808507,0.17905985168690475,2.0,1.96875,2.0,2.0,1.0,3.265792940489061,0.004264797143248767,0.011818615637613843,-0.00161447360278855,-0.0016074267247684266,-0.0016074263128966128,0.00010597913857170588,7.103257610927103e-05,7.103345082843526e-05,0.03125,1.2858584099620425,0.0,0.0,2.9387543908029023e-05,6.024675427011709e-07
O2_s63_RESPONSE_U,RESPONSE_U,99,32,0.25296171997423345,0.06315679720137268,0.18980492277286073,2.0,1.96875,2.0,2.0,1.0,3.643492597591539,0.002811560843595976,0.009747297948286878,-0.0011349105659340438,-0.0011275106168329877,-0.0011275140013289843,6.23087342708773e-05,3.999829554156614e-05,3.999968783172359e-05,0.03125,1.3072968109885355,0.0,0.0,2.3865494970114923e-05,6.319710854798385e-07
O2_s63_RESPONSE_U,RESPONSE_U,100,32,0.25826674909879,0.06282216828549281,0.19544458081329721,2.0,1.96875,2.0,2.0,1.0,4.018666619464414,0.0011400723780518806,0.012375658125634003,-0.0005371950027322301,-0.0005218406597467667,-0.0005218392191857175,3.083621656137345e-05,1.9120492978022716e-05,1.9123004453152527e-05,0.0,1.3308679792056224,0.0,0.0,1.82507996721404e-05,7.345204701993481e-07
O2_s63_DPR_L,DPR_L,1,32,0.6852613232316399,0.1789420733693987,0.5063192498622412,2.0,0.0,0.0,0.0,0.0,6.847826267841634,0.17896391810276052,0.0,-0.14253871957522654,-0.14253871957522654,-0.14253871957522654,0.0,0.0,0.0,0.03125,1.0,0.0,0.0,0.0,7.667852593357601e-07
O2_s63_DPR_L,DPR_L,2,32,0.5120676491125625,0.09349473542533815,0.4185729136872244,2.0,0.0,0.0,0.0,0.0,4.627264253279979,0.11760906655629735,0.0,-0.024189488498396142,-0.024189488498396142,-0.024189488498396142,0.0,0.0,0.0,0.09375,1.0,0.0,0.0,0.0,4.676435701798477e-07
O2_s63_DPR_L,DPR_L,3,32,0.4455344188922888,0.0912283705547452,0.3543060483375436,2.0,0.0,0.0,0.0,0.0,4.076753160566126,0.17870047009929785,0.0,-0.032261915443847336,-0.032261915443847336,-0.032261915443847336,0.0,0.0,0.0,0.09375,1.0,0.0,0.0,0.0,4.926444366174274e-07
O2_s63_DPR_L,DPR_L,4,32,0.41623324901504216,0.08662068261764944,0.3296125663973927,2.0,0.0,0.0,0.0,0.0,3.838733408842863,0.10311753499885597,0.0,-0.02422668103313044,-0.02422668103313044,-0.02422668103313044,0.0,0.0,0.0,0.125,1.0,0.0,0.0,0.0,4.586118395116518e-07
O2_s63_DPR_L,DPR_L,5,32,0.3933384772470642,0.08248951390851289,0.31084896333855144,2.0,0.0,0.0,0.0,0.0,3.764142292452469,0.12739486753313495,0.0,-0.03173570813126442,-0.03173570813126442,-0.03173570813126442,0.0,0.0,0.0,0.03125,1.0,0.0,0.0,0.0,4.6206776207444704e-07
O2_s63_DPR_L,DPR_L,6,32,0.3431880873465451,0.07758415979333222,0.2656039275532129,2.0,0.0,0.0,0.0,0.0,3.385968236040394,0.11975915613769987,0.0,-0.027032231667770173,-0.027032231667770173,-0.027032231667770173,0.0,0.0,0.0,0.03125,1.0,0.0,0.0,0.0,4.4007018902214567e-07
O2_s63_DPR_L,DPR_L,7,32,0.3315499372836279,0.0724400884937495,0.25910984878987836,2.0,0.0,0.0,0.0,0.0,3.6437451982259614,0.10873047330366342,0.0,-0.02566483248574826,-0.02566483248574826,-0.02566483248574826,0.0,0.0,0.0,0.0625,1.0,0.0,0.0,0.0,4.513726897999849e-07
O2_s63_DPR_L,DPR_L,8,32,0.32806112125413467,0.07551050477195531,0.2525506164821793,2.0,0.0,0.0,0.0,0.0,4.360610511147688,0.12809416103882051,0.0,-0.03881376483363431,-0.03881376483363431,-0.03881376483363431,0.0,0.0,0.0,0.09375,1.0,0.0,0.0,0.0,5.599956887286957e-07
O2_s63_DPR_L,DPR_L,9,32,0.29856060202185336,0.0676902283448726,0.2308703736769808,2.0,0.0,0.0,0.0,0.0,3.494661828397379,0.11273401064138985,0.0,-0.0261053785414295,-0.0261053785414295,-0.0261053785414295,0.0,0.0,0.0,0.125,1.0,0.0,0.0,0.0,4.6091035691567886e-07
O2_s63_DPR_L,DPR_L,10,32,0.25601126311151945,0.058264531078748405,0.19774673203277107,2.0,0.0,0.0,0.0,0.0,2.80900692326449,0.09575563606259882,0.0,-0.017667178631466225,-0.017667178631466225,-0.017667178631466225,0.0,0.0,0.0,0.0,1.0,0.0,0.0,0.0,3.785373898618849e-07
O2_s63_DPR_L,DPR_L,11,32,0.31168850117490465,0.07125613221433014,0.24043236896057452,2.0,0.0,0.0,0.0,0.0,4.80725467165574,0.13802233022254515,0.0,-0.04939844254662083,-0.04939844254662083,-0.04939844254662083,0.0,0.0,0.0,0.09375,1.0,0.0,0.0,0.0,5.999716360181351e-07
O2_s63_DPR_L,DPR_L,12,32,0.2806971657645364,0.062449643097352237,0.2182475226671842,2.0,0.0,0.0,0.0,0.0,3.7319740504572745,0.10260998156713515,0.0,-0.023927476868970978,-0.023927476868970978,-0.023927476868970978,0.0,0.0,0.0,0.125,1.0,0.0,0.0,0.0,4.562899415543302e-07
O2_s63_DPR_L,DPR_L,13,32,0.24367179053160404,0.053613462077919394,0.19005832845368464,2.0,0.0,0.0,0.0,0.0,3.412487166006886,0.10470847365404252,0.0,-0.024132947167043027,-0.024132947167043027,-0.024132947167043027,0.0,0.0,0.0,0.03125,1.0,0.0,0.0,0.0,4.5423403365246607e-07
O2_s63_DPR_L,DPR_L,14,32,0.23470363185311252,0.05412626621546224,0.18057736563765028,2.0,0.0,0.0,0.0,0.0,3.608472582462747,0.11410752192695026,0.0,-0.02783197376861353,-0.02783197376861353,-0.02783197376861353,0.0,0.0,0.0,0.03125,1.0,0.0,0.0,0.0,4.6798603802274434e-07
O2_s63_DPR_L,DPR_L,15,32,0.2491459275474212,0.05822981253731996,0.19091611501010125,2.0,0.0,0.0,0.0,0.0,3.8769200345037595,0.10191219590929546,0.0,-0.029597865017559302,-0.029597865017559302,-0.029597865017559302,0.0,0.0,0.0,0.09375,1.0,0.0,0.0,0.0,5.03174784166893e-07
O2_s63_DPR_L,DPR_L,16,32,0.24473300855367616,0.05442226747982204,0.19031074107385418,2.0,0.0,0.0,0.0,0.0,4.133795909348057,0.09852021001667732,0.0,-0.03365528512693875,-0.03365528512693875,-0.03365528512693875,0.0,0.0,0.0,0.09375,1.0,0.0,0.0,0.0,5.559465575617381e-07
O2_s63_DPR_L,DPR_L,17,32,0.2072895648631789,0.04614228184800595,0.16114728301517298,2.0,0.0,0.0,0.0,0.0,2.7153299336759047,0.08823491637011903,0.0,-0.015680835582921805,-0.015680835582921805,-0.015680835582921805,0.0,0.0,0.0,0.03125,1.0,0.0,0.0,0.0,3.8115275606123e-07
O2_s63_DPR_L,DPR_L,18,32,0.19304744770803525,0.04443475074367598,0.14861269696435928,2.0,0.0,0.0,0.0,0.0,3.0109595522931,0.0978615260844544,0.0,-0.022502268531095004,-0.022502268531095004,-0.022502268531095004,0.0,0.0,0.0,0.03125,1.0,0.0,0.0,0.0,4.2771315285720873e-07
O2_s63_DPR_L,DPR_L,19,32,0.20979778109504557,0.049955719034187496,0.15984206206085805,2.0,0.0,0.0,0.0,0.0,3.2135143343279626,0.0968265712111905,0.0,-0.023662941910390513,-0.023662941910390513,-0.023662941910390513,0.0,0.0,0.0,0.0625,1.0,0.0,0.0,0.0,4.5943329648374107e-07
O2_s63_DPR_L,DPR_L,20,32,0.1975287893603454,0.04682294302619994,0.15070584633414552,2.0,0.0,0.0,0.0,0.0,3.2439764537483904,0.08939048836936826,0.0,-0.02163252839307979,-0.02163252839307979,-0.02163252839307979,0.0,0.0,0.0,0.0,1.0,0.0,0.0,0.0,4.576902963059868e-07
O2_s63_DPR_L,DPR_L,21,32,0.828595984698415,0.28521630843169987,0.5433796762667151,2.0,2.0,2.0,2.0,0.050000000000000024,6.386262337645207,0.19301668860302226,0.0007633948087869677,-0.1160617026704038,-0.1160617026704038,-0.11606170319572046,0.004490517911939572,0.004376282177778072,0.004376282037246739,0.03125,1.0182381738502253,0.0,0.0,9.992438136367012e-09,8.527247354548318e-07
O2_s63_DPR_L,DPR_L,22,32,0.7327590295499901,0.21831038314849138,0.5144486464014988,2.0,2.0,2.0,2.0,0.10000000000000005,5.073996595651673,0.15682624518691654,0.0013346563573847293,-0.04824848004916024,-0.04824848004916024,-0.04824848405677281,0.003172282975909279,0.0030295005969656445,0.003029500866909261,0.125,1.0351615191343693,0.0,0.0,1.3994154561624794e-08,6.493711715868518e-07
O2_s63_DPR_L,DPR_L,23,32,0.5941033167215632,0.16702159959822893,0.4270817171233344,2.0,2.0,2.0,2.0,0.15000000000000002,3.935432263630846,0.10534056790304691,0.0017134073839657525,-0.025885499513666158,-0.025885499513666158,-0.025885498789177414,0.0018318488310808964,0.0017024800998103541,0.001702480186035787,0.125,1.0527332164892296,0.0,0.0,6.129232896134691e-09,4.978942100626861e-07
O2_s63_DPR_L,DPR_L,24,32,0.5889525401520207,0.1669307720148936,0.4220217681371272,2.0,2.0,2.0,2.0,0.2000000000000001,4.422155511844352,0.1182490464804339,0.0025119159843794035,-0.03462269114861573,-0.03462269114861573,-0.034622689279475795,0.002414380435661576,0.0022211515624705968,0.0022211510135429027,0.03125,1.0619773372824475,0.0,0.0,7.843599649166198e-09,5.708705490609616e-07
O2_s63_DPR_L,DPR_L,25,32,0.6749080171645253,0.19862883375026286,0.47627918341426256,2.0,2.0,2.0,2.0,0.25,4.026473180130958,0.14026084420502233,0.0028406743008127216,-0.02853066729558672,-0.028530667295586728,-0.02853066662947584,0.0025479694789624597,0.002273880687042643,0.0022738807623956174,0.0625,1.085672389121888,0.0,0.0,5.792107773136844e-09,5.57520599966145e-07
O2_s63_DPR_L,DPR_L,26,32,0.5667179381607703,0.15156693663448095,0.4151510015262894,2.0,2.0,2.0,2.0,0.30000000000000004,4.148388002713334,0.13001740977426837,0.003089082398852087,-0.02767679252355402,-0.02767679252355402,-0.027676791402189947,0.002222321095330008,0.0019432856687792077,0.0019432857898535592,0.09375,1.093504079626485,0.0,0.0,6.063240695605919e-09,5.374222061803325e-07
O2_s63_DPR_L,DPR_L,27,32,0.6038412582926441,0.16622919694054872,0.43761206135209557,2.0,2.0,2.0,2.0,0.3499999999999998,4.449719301724023,0.14681240700155052,0.0037288489431684083,-0.04049275345592297,-0.04049275345592297,-0.04049275132364925,0.0026967629828924416,0.0023117690651631817,0.0023117693623488297,0.03125,1.1106173729942632,0.0,0.0,7.4501126701063594e-09,6.402662969734753e-07
O2_s63_DPR_L,DPR_L,28,32,0.5528259299952333,0.15528813155833632,0.39753779843689696,2.0,2.0,2.0,2.0,0.4000000000000002,4.541711204236908,0.16666662462240783,0.0027731937942444803,-0.0411977083432532,-0.0411977083432532,-0.041197705250529744,0.00209915688751436,0.001787190427327892,0.0017871900829792334,0.125,1.1262977196760455,0.0,0.0,8.484348053695824e-09,6.34493714039252e-07
O2_s63_DPR_L,DPR_L,29,32,0.5506849536104804,0.1487548635341227,0.40193009007635777,2.0,2.0,2.0,2.0,0.44999999999999973,4.124259858095989,0.1420198933476894,0.004155804834744905,-0.0359074055818911,-0.0359074055818911,-0.035907407034971306,0.002408757532098191,0.0020075227620904813,0.0020075233985061233,0.0625,1.1517964019104014,0.0,0.0,7.2704024716177945e-09,5.599122534043117e-07
O2_s63_DPR_L,DPR_L,30,32,0.5737962778211126,0.16063741501420736,0.4131588628069051,2.0,2.0,2.0,2.0,0.5,4.512043517022523,0.1759006666190509,0.0032828834459766028,-0.03862237533653901,-0.03862237533653901,-0.03862237999205843,0.002105323597059262,0.0017277767312188245,0.001727776749362045,0.03125,1.160098955046168,0.0,0.0,1.0692364907339838e-08,6.111888879677256e-07
O2_s63_DPR_L,DPR_L,31,32,0.5356727369799084,0.1480211423477158,0.38765159463219256,2.0,2.0,2.0,2.0,0.5500000000000003,4.12070297077986,0.14713167504629762,0.003863771200863101,-0.02899870603162711,-0.028998706031627103,-0.028998705899033837,0.001956978438056028,0.001569297914896796,0.0015692982776836675,0.0625,1.1547573137666054,0.0,0.0,8.518020780197154e-09,5.717109358641619e-07
O2_s63_DPR_L,DPR_L,32,32,0.5560956885767582,0.1451651977840811,0.41093049079267696,2.0,2.0,2.0,2.0,0.6000000000000001,4.280947340655498,0.13903239182541416,0.00423603417838531,-0.029978374653940883,-0.02997837465394088,-0.029978375838006097,0.001879033537382135,0.0014742924368453404,0.0014742924641390404,0.125,1.1677587780071355,0.0,0.0,9.056567821548499e-09,5.726821159908349e-07
O2_s63_DPR_L,DPR_L,33,32,0.5703761373894158,0.16424587136134505,0.40613026602807084,2.0,2.0,2.0,2.0,0.6499999999999998,3.7631098741446127,0.13447708376366377,0.006350385848556502,-0.032753704377130655,-0.032753704377130655,-0.032753704644228554,0.0025977201265044805,0.001994998602449947,0.0019949983290323144,0.03125,1.220298156701475,0.0,0.0,5.973987250149585e-09,5.765860447087006e-07
O2_s63_DPR_L,DPR_L,34,32,0.4733588002365012,0.12476013496052474,0.34859866527597644,2.0,2.0,2.0,2.0,0.6999999999999996,3.3887041844937102,0.1130343389401696,0.00800425772621952,-0.02441282542507606,-0.02441282542507606,-0.024412822271291025,0.002569713981642469,0.0019407938914935796,0.0019407934943836181,0.03125,1.1932648482261365,0.0,0.0,5.00933904977298e-09,5.044286604271632e-07
O2_s63_DPR_L,DPR_L,35,32,0.47927194347499746,0.12489941366948187,0.35437252980551565,2.0,2.0,2.0,2.0,0.75,3.754216840887864,0.10797459252385569,0.0059276738274274664,-0.029459783407949428,-0.029459783407949428,-0.029459780699524606,0.001754464008540808,0.0013288159258858147,0.0013288158248662286,0.0,1.2244877831139134,0.0,0.0,7.103053822228669e-09,5.540318908481434e-07
O2_s63_DPR_L,DPR_L,36,32,0.5235054192014311,0.138125951285474,0.3853794679159571,2.0,2.0,2.0,2.0,0.8000000000000004,4.002658586603044,0.10936701626739041,0.007328870437114072,-0.027087288475193847,-0.027087288475193854,-0.02708728800430502,0.0019960921592847582,0.001438333995114672,0.0014383335611484328,0.0,1.2106209406794763,0.0,0.0,8.317362368210196e-09,5.780218253464582e-07
O2_s63_DPR_L,DPR_L,37,32,0.48729142282550586,0.1272646546131,0.3600267682124059,2.0,2.0,2.0,2.0,0.8500000000000004,3.838570982083431,0.10430863210903317,0.006583589143692697,-0.02691997523552777,-0.02691997523552777,-0.02691997674194818,0.0016560789733265002,0.0011907383455276876,0.0011907387681766586,0.0,1.2297295134978241,0.0,0.0,6.1274939550665345e-09,5.82858703215737e-07
O2_s63_DPR_L,DPR_L,38,32,0.46024308213137255,0.12507838371675462,0.33516469841461793,2.0,2.0,2.0,2.0,0.8999999999999995,4.246062237462582,0.08550060494694309,0.0075307151028552385,-0.030310667053049856,-0.030310667053049856,-0.030310667031028037,0.0015387861851028709,0.0010739997215770953,0.0010739997864726834,0.125,1.225056153734013,0.0,0.0,1.0095285221841251e-08,5.781675188058377e-07
O2_s63_DPR_L,DPR_L,39,32,0.49116350253097607,0.13933373801410198,0.35182976451687414,2.0,2.0,2.0,2.0,0.9499999999999995,4.7703646285558365,0.10192450954396763,0.009022754770498548,-0.03467209779223047,-0.034672097792230475,-0.03467209486791269,0.002039842084230069,0.0014169518198974827,0.0014169511820429207,0.15625,1.2708977903330987,0.0,0.0,7.882621354224758e-09,6.472459903329998e-07
O2_s63_DPR_L,DPR_L,40,32,0.47619735661462287,0.1250378907425329,0.35115946587208996,2.0,2.0,2.0,2.0,1.0,3.669340089696103,0.09350591524573248,0.010315073721932792,-0.027161456963661748,-0.02716145696366175,-0.027161459184057882,0.0020142793953730415,0.0013515843532514494,0.0013515841111314839,0.03125,1.3155306986738509,0.0,0.0,7.065518889281002e-09,5.885267006381628e-07
O2_s63_DPR_L,DPR_L,41,32,0.4730330379564855,0.12222170206950977,0.3508113358869757,2.0,2.0,2.0,2.0,1.0,4.735889168680218,0.09024940645769691,0.011796621239757804,-0.03718955380606771,-0.03718955380606772,-0.037189551721864764,0.002292725970914952,0.001506096890937961,0.0015060970309055308,0.09375,1.2595913128126044,0.0,0.0,6.808677830305381e-09,7.308756479512793e-07
O2_s63_DPR_L,DPR_L,42,32,0.4069545224145298,0.09664148394949734,0.31031303846503244,2.0,2.0,2.0,2.0,1.0,3.2961290422526197,0.08838171836743211,0.00943449909978283,-0.02156927666900873,-0.02156927666900873,-0.021569276775164518,0.001758423845296137,0.0011879442904341368,0.0011879443006774222,0.0625,1.2614010758712875,0.0,0.0,4.317228547139574e-09,5.360183970393187e-07
O2_s63_DPR_L,DPR_L,43,32,0.4102526449412267,0.10555032850243151,0.30470231643879525,2.0,2.0,2.0,2.0,1.0,3.3468256317199865,0.06785647768503521,0.009138312688921825,-0.020097812425295767,-0.020097812425295767,-0.02009781510168627,0.0013923616142716632,0.0009295109972681304,0.0009295109260981363,0.03125,1.3021453551334012,0.0,0.0,5.601945554658454e-09,5.393784832977898e-07
O2_s63_DPR_L,DPR_L,44,32,0.4095413241670316,0.10661994921974838,0.30292137494728316,2.0,2.0,2.0,2.0,1.0,4.293975038092979,0.09042738866490388,0.011722938159158564,-0.04277757166958633,-0.04277757166958633,-0.042777569782377345,0.00226559470711574,0.0015351982647162342,0.0015351981354734564,0.0625,1.2642899695670449,0.0,0.0,7.724177594378455e-09,6.7932543189761e-07
O2_s63_DPR_L,DPR_L,45,32,0.5177657258851727,0.15005820477381349,0.36770752111135924,2.0,2.0,2.0,2.0,1.0,5.138478481715355,0.11684540181253028,0.009902853112064538,-0.054335415479961485,-0.054335415479961485,-0.05433541683119657,0.0025714016784306676,0.0017772640620484482,0.0017772639008138496,0.125,1.2166096673131224,0.0,0.0,7.208348022302231e-09,7.814144836527908e-07
O2_s63_DPR_L,DPR_L,46,32,0.4752506070842219,0.12400321965105832,0.3512473874331637,2.0,2.0,2.0,2.0,1.0,4.317941145963187,0.11458563330056755,0.01052211609805438,-0.035666172903195244,-0.03566617290319525,-0.03566617571277726,0.002717222827012125,0.0018572570560074291,0.0018572572923580112,0.0625,1.261010929050914,0.0,0.0,7.201492309500364e-09,6.18165218189487e-07
O2_s63_DPR_L,DPR_L,47,32,0.45244748625677067,0.11855486163403839,0.33389262462273217,2.0,2.0,2.0,2.0,1.0,3.7550796787304237,0.0900020974368307,0.007548485690937709,-0.022830429339404584,-0.022830429339404577,-0.022830429965275685,0.0014773905112055673,0.0009832304535389675,0.0009832306086801441,0.03125,1.2827051309380455,0.0,0.0,6.397066625482932e-09,5.768944658934955e-07
O2_s63_DPR_L,DPR_L,48,32,0.42327342516875255,0.10692112543620169,0.3163522997325508,2.0,2.0,2.0,2.0,1.0,3.417507388482676,0.0735441252117834,0.007660874579091733,-0.017492564190244995,-0.017492564190244995,-0.017492566356794324,0.001227285297456048,0.0008428821413241327,0.0008428819594820863,0.0,1.2620604311190438,0.0,0.0,6.322612574465956e-09,5.273504992594029e-07
O2_s63_DPR_L,DPR_L,49,32,0.46596711296258536,0.12431101338006556,0.3416560995825198,2.0,2.0,2.0,2.0,1.0,5.677090272587994,0.08613872985584126,0.009417504532293737,-0.040460788019996176,-0.040460788019996176,-0.040460784861523075,0.0017816331883094884,0.0012352108144105499,0.0012352107982202358,0.0625,1.268643883080952,0.0,0.0,1.0841665012877615e-08,7.787306827514227e-07
O2_s63_DPR_L,DPR_L,50,32,0.45480660089506564,0.12251570110674948,0.33229089978831616,2.0,2.0,2.0,2.0,1.0,4.161821011824562,0.08817474909832307,0.008317132181057823,-0.027785468221033244,-0.027785468221033244,-0.02778547018729157,0.0015297926222013803,0.001035980628871616,0.001035980505682495,0.0,1.2702239115456404,0.0,0.0,9.768226217168122e-09,6.657970747303868e-07
O2_s63_DPR_L,DPR_L,51,32,0.38446127505346933,0.10246528289280832,0.2819959921606611,2.0,2.0,2.0,2.0,1.0,3.6512129573519814,0.07784884093117295,0.009979400667796044,-0.021899813765182706,-0.021899813765182706,-0.021899814945983847,0.00167362776009087,0.0011288937475560873,0.0011288939851364984,0.03125,1.2276813989535367,0.0,0.0,5.038399966839114e-09,5.884976269538471e-07
O2_s63_DPR_L,DPR_L,52,32,0.3631641514665101,0.09457719407510012,0.26858695739141,2.0,2.0,2.0,2.0,1.0,3.489406643164201,0.07217307842249335,0.00957355273228842,-0.018345252819711385,-0.018345252819711385,-0.018345251537586444,0.0015442830099160832,0.0010609418167218478,0.0010609421448751675,0.03125,1.3066479084936709,0.0,0.0,7.21755663691271e-09,5.460419332452987e-07
O2_s63_DPR_L,DPR_L,53,32,0.39848527583571963,0.1008874976541847,0.2975977781815348,2.0,2.0,2.0,2.0,1.0,4.938630747948639,0.06951460423534207,0.013008163862490067,-0.03369080239105286,-0.03369080239105286,-0.03369080315378597,0.0019592492455452826,0.0013384163966500525,0.0013384164107065393,0.09375,1.2360383242023583,0.0,0.0,1.0300979980531107e-08,7.317106660935607e-07
O2_s63_DPR_L,DPR_L,54,32,0.4487125469146415,0.1213393323123455,0.32737321460229596,2.0,2.0,2.0,2.0,1.0,3.9848456528460448,0.10489664152695394,0.01055567317700472,-0.03948524610027692,-0.03948524610027692,-0.039485248490850305,0.002505291281139039,0.0017146509298029773,0.0017146510479988696,0.125,1.2776887626821238,0.0,0.0,5.4316763067956325e-09,7.0402657891553e-07
O2_s63_DPR_L,DPR_L,55,32,0.4110888534538826,0.10991201095748693,0.30117684249639576,2.0,2.0,2.0,2.0,1.0,3.854987298224734,0.08090720607074003,0.011574521893944117,-0.02206472070479159,-0.02206472070479159,-0.022064723971748954,0.001979108522667872,0.0013300301765321958,0.0013300301275899827,0.0625,1.2446993672779447,0.0,0.0,6.748605930923222e-09,6.402376041484951e-07
O2_s63_DPR_L,DPR_L,56,32,0.40276255966426416,0.10390576638747007,0.2988567932767941,2.0,2.0,2.0,2.0,1.0,4.1097128215740675,0.0591877822942448,0.010076321453089863,-0.022401565849543573,-0.022401565849543573,-0.022401568804203437,0.0013104400354125793,0.0008867587301780672,0.0008867588274341947,0.0625,1.2932749158659382,0.0,0.0,9.051611044726581e-09,6.547549954009483e-07
O2_s63_DPR_L,DPR_L,57,32,0.42195758289654567,0.11957526439800858,0.30238231849853714,2.0,2.0,2.0,2.0,1.0,3.96821648677318,0.07662231183497928,0.009240606625767662,-0.02753830381298792,-0.02753830381298792,-0.02753830514167103,0.0015738455612097175,0.001040773936369401,0.0010407743043519958,0.03125,1.297397059162142,0.0,0.0,6.484846381517859e-09,6.54446984669917e-07
O2_s63_DPR_L,DPR_L,58,32,0.39112228460196646,0.10468409734312445,0.286438187258842,2.0,2.0,2.0,2.0,1.0,4.5482949711896445,0.06817764190079025,0.008844763660080282,-0.02576566112013102,-0.025765661120131025,-0.025765657390433714,0.0012904976298352313,0.0008623297112748439,0.0008623291073028833,0.0,1.293116834220757,0.0,0.0,9.149979912001548e-09,7.18320650146921e-07
O2_s63_DPR_L,DPR_L,59,32,0.37163067318091614,0.09697308135218918,0.27465759182872684,2.0,2.0,2.0,2.0,1.0,3.6376662098007913,0.0579801424922843,0.010391518659146597,-0.01906811150237024,-0.01906811150237024,-0.01906811302307439,0.0013394460515981609,0.000919654800611573,0.0009196547703030933,0.0625,1.3002892764595795,0.0,0.0,4.99849035573069e-09,6.20072054888487e-07
O2_s63_DPR_L,DPR_L,60,32,0.355769966979078,0.08654350624419749,0.2692264607348806,2.0,2.0,2.0,2.0,1.0,3.91501058874096,0.05230824039635394,0.013987547090920496,-0.01640434626374863,-0.016404346263748627,-0.01640434589894729,0.001622615056918725,0.001107545676352071,0.0011075457372429506,0.0625,1.2941633238128931,0.0,0.0,7.816797182207297e-09,6.205072162259388e-07
O2_s63_DPR_L,DPR_L,61,32,0.3486846784130498,0.09026466141222045,0.25842001700082934,2.0,2.0,2.0,2.0,1.0,3.959695338852008,0.0555857702917427,0.012243740324358382,-0.021257624151160087,-0.021257624151160087,-0.021257621620308247,0.001449955102286485,0.0009622323278011956,0.0009622323360014086,0.0,1.308631654473889,0.0,0.0,8.189576635970859e-09,6.551416268540164e-07
O2_s63_DPR_L,DPR_L,62,32,0.3561994186260384,0.09065541671589017,0.26554400191014815,2.0,2.0,2.0,2.0,1.0,4.453240308782065,0.06489897064987758,0.012366934215637707,-0.025303296885416316,-0.025303296885416316,-0.025303295169176777,0.0017258003425892753,0.0011650215850305783,0.00116502174258175,0.03125,1.3045444577695309,0.0,0.0,6.085876089012409e-09,7.157931731027497e-07
O2_s63_DPR_L,DPR_L,63,32,0.3439411464791381,0.0936927538132295,0.25024839266590854,2.0,2.0,2.0,2.0,1.0,3.9496911893865976,0.05124066665252514,0.012546666311714394,-0.018284085142062763,-0.018284085142062763,-0.01828408451106544,0.0013966882989433235,0.0009368133755383409,0.0009368130805047463,0.0,1.2994398641057592,0.0,0.0,6.3066247966686634e-09,6.492702610170859e-07
O2_s63_DPR_L,DPR_L,64,32,0.39335450264427535,0.09912675456143916,0.2942277480828361,2.0,2.0,2.0,2.0,1.0,5.540335412797052,0.06992456087674742,0.009728776508070539,-0.04121825207661905,-0.04121825207661904,-0.04121824650412738,0.0014446664727582746,0.0009792907992278528,0.000979290687392648,0.0625,1.3245567566578156,0.0,0.0,1.2230136954210939e-08,8.598949286122917e-07
O2_s63_DPR_L,DPR_L,65,32,0.3977615568136814,0.1097369174240157,0.28802463938966577,2.0,2.0,2.0,2.0,1.0,5.632557598189972,0.0673678439358627,0.011565298153889738,-0.03649538317954703,-0.03649538317954702,-0.03649538573249906,0.001723161191248235,0.001181956843405686,0.0011819571339947458,0.09375,1.2261350239887598,0.0,0.0,8.502392341601835e-09,8.652824326047374e-07
O2_s63_DPR_L,DPR_L,66,32,0.3497850692265305,0.0908304342883639,0.2589546349381666,2.0,2.0,2.0,2.0,1.0,3.852634440685006,0.05708920358320097,0.008813082256389252,-0.016562739264681624,-0.016562739264681624,-0.016562741337644838,0.001113672329850307,0.0007609809639361524,0.0007609813044223698,0.03125,1.2744101165304171,0.0,0.0,7.111364773149678e-09,6.567413663020556e-07
O2_s63_DPR_L,DPR_L,67,32,0.3083397219894833,0.07549797743558884,0.23284174455389442,2.0,2.0,2.0,2.0,1.0,3.474682225165127,0.05273824394470295,0.011274244763993175,-0.016172251203491975,-0.016172251203491975,-0.016172250996164223,0.0013506312703193458,0.0009091026110586658,0.0009091029614439918,0.0,1.2586606803910283,0.0,0.0,5.437430511556253e-09,6.163541722666464e-07
O2_s63_DPR_L,DPR_L,68,32,0.34026742674913424,0.08924612030386925,0.25102130644526505,2.0,2.0,2.0,2.0,1.0,3.458505297175292,0.04366186391870073,0.011884835095247438,-0.013293164783407856,-0.013293164783407856,-0.01329316485929218,0.0010939396893685348,0.000728435608499708,0.0007284360608216803,0.0,1.2745549717681344,0.0,0.0,4.71456964408444e-09,5.982683739765732e-07
O2_s63_DPR_L,DPR_L,69,32,0.35075282433755467,0.08755476726219058,0.263198057075364,2.0,2.0,2.0,2.0,1.0,4.734125026189309,0.05176216042560449,0.012290719706233777,-0.028117846323164004,-0.028117846323164004,-0.028117847944174525,0.001353358721306428,0.0009340109316698623,0.0009340111619056687,0.03125,1.3069701193742933,0.0,0.0,7.105772232211665e-09,7.836656560333332e-07
O2_s63_DPR_L,DPR_L,70,32,0.39600789411225235,0.10513956646900624,0.2908683276432462,2.0,2.0,2.0,2.0,1.0,6.0026749128619326,0.05841541920351781,0.014412008838918617,-0.03797424854227028,-0.03797424854227027,-0.037974245146789834,0.0019466160072091794,0.0013308848828325452,0.00133088474479562,0.03125,1.2843895377690127,0.0,0.0,1.0713639045247851e-08,9.7699283370953e-07
O2_s63_DPR_L,DPR_L,71,32,0.30606565319113516,0.0738734730402939,0.2321921801508412,2.0,2.0,2.0,2.0,1.0,4.166798265559341,0.051998875233448,0.010099837213966189,-0.015586179222903493,-0.01558617922290349,-0.015586181863497157,0.0011506594249442185,0.0007886229503920955,0.0007886232497587779,0.0,1.251551318327748,0.0,0.0,8.369401371633256e-09,7.042111188647456e-07
O2_s63_DPR_L,DPR_L,72,32,0.29979835128664867,0.07119356747716665,0.228604783809482,2.0,2.0,2.0,2.0,1.0,3.6651001077629997,0.03709225154109641,0.009045097133518887,-0.011535727790640528,-0.011535727790640526,-0.011535726896023439,0.0007186504234102601,0.00048034068390834516,0.0004803407662154906,0.03125,1.2321693926195856,0.0,0.0,7.005242626225083e-09,6.263741300147801e-07
O2_s63_DPR_L,DPR_L,73,32,0.32096528930371837,0.07946142472792417,0.24150386457579423,2.0,2.0,2.0,2.0,1.0,4.089515744568996,0.03862196096067578,0.012369572046594527,-0.015364978768523292,-0.015364978768523295,-0.015364980769781067,0.0010607801311037495,0.000708229783597922,0.0007082300295525917,0.03125,1.287078778227265,0.0,0.0,8.344260309235578e-09,6.953055087312379e-07
O2_s63_DPR_L,DPR_L,74,32,0.33036072073955086,0.08557393396040425,0.24478678677914664,2.0,2.0,2.0,2.0,1.0,4.872711194693835,0.04388729164114046,0.015543436250969881,-0.020571871244664048,-0.020571871244664048,-0.020571872266206402,0.0015387884370472943,0.0010349057220427347,0.0010349058103020176,0.0625,1.268082042774746,0.0,0.0,6.6273266613129715e-09,8.305059675121959e-07
O2_s63_DPR_L,DPR_L,75,32,0.3033782013555635,0.08370200981153175,0.21967619154403176,2.0,2.0,2.0,2.0,1.0,3.963601645755974,0.04700369938666019,0.014177013312712056,-0.015337237223991699,-0.015337237223991697,-0.015337235211593686,0.0013554171416801477,0.000874932826619419,0.0008749331167567294,0.03125,1.3001748528099322,0.0,0.0,5.927344480604715e-09,6.717355724023875e-07
O2_s63_DPR_L,DPR_L,76,32,0.287388414749685,0.07119178917491809,0.2161966255747669,2.0,2.0,2.0,2.0,1.0,3.514358711286562,0.034019908593945755,0.012655981592506173,-0.010147636722287698,-0.010147636722287698,-0.010147636634989916,0.0008753845888757647,0.0005718782898136114,0.0005718782557246263,0.03125,1.233104386908722,0.0,0.0,4.830466652721618e-09,6.006281700337469e-07
O2_s63_DPR_L,DPR_L,77,32,0.3219557937291035,0.08392630069283769,0.23802949303626586,2.0,2.0,2.0,2.0,1.0,3.8194187797559027,0.03676190026668141,0.011830979664635874,-0.013502060145130028,-0.013502060145130028,-0.013502059262984482,0.0009087535214786856,0.0006250891362033859,0.0006250890188699632,0.09375,1.2966728981979427,0.0,0.0,5.7304045098748265e-09,6.791653409812097e-07
O2_s63_DPR_L,DPR_L,78,32,0.2884814674323898,0.06987346074311063,0.21860800668927916,2.0,2.0,2.0,2.0,1.0,3.9864270215075743,0.04360464368413968,0.008956325941933308,-0.011871557012181063,-0.01187155701218106,-0.011871555127069668,0.0008258424068481791,0.0005760926487298545,0.0005760931597439803,0.03125,1.2844908198378697,0.0,0.0,7.013199721310195e-09,6.76588305346141e-07
O2_s63_DPR_L,DPR_L,79,32,0.27115186304396344,0.06754506973084062,0.20360679331312279,2.0,2.0,2.0,2.0,1.0,3.514133726347924,0.02876137264469965,0.010128832565496123,-0.008143129503003789,-0.00814312950300379,-0.008143132347609874,0.000656456705808485,0.0004581663194808674,0.00045816665428828846,0.0625,1.2788396959407238,0.0,0.0,7.180089580296833e-09,6.029293961817425e-07
O2_s63_DPR_L,DPR_L,80,32,0.2874273073685736,0.07109475566539913,0.2163325517031745,2.0,2.0,2.0,2.0,1.0,3.821115416846436,0.03114182663905445,0.010169248051681113,-0.009378034271220954,-0.009378034271220952,-0.009378033822391349,0.0006728359890600894,0.0004401916839661819,0.00044019169152003805,0.0,1.3247988428910589,0.0,0.0,8.183021037352199e-09,6.588187371923031e-07
O2_s63_DPR_L,DPR_L,81,32,0.2751408971311391,0.07114156143506989,0.20399933569606923,2.0,2.0,2.0,2.0,1.0,3.3356114493546194,0.03166178900299307,0.008484960864720732,-0.009783041469759482,-0.009783041469759482,-0.009783042045225857,0.00059530142486019,0.00040142543454790776,0.0004014256808056289,0.03125,1.3042565702183078,0.0,0.0,5.388962208716069e-09,6.217152181387401e-07
O2_s63_DPR_L,DPR_L,82,32,0.2742537208510139,0.06858733657281846,0.20566638427819547,2.0,2.0,2.0,2.0,1.0,4.056683429871591,0.025993142981619945,0.012854765613935051,-0.010025720276348106,-0.010025720276348108,-0.010025721170927083,0.0007195907395908571,0.0004853301171659499,0.0004853302091294734,0.03125,1.2819513546014605,0.0,0.0,9.991652568856881e-09,6.756256201884036e-07
O2_s63_DPR_L,DPR_L,83,32,0.33551102425499124,0.08905486256117001,0.2464561616938214,2.0,2.0,2.0,2.0,1.0,5.200390254597653,0.03195074353088109,0.01488474819415601,-0.01709933939621265,-0.01709933939621265,-0.017099341365696078,0.0010160778738195245,0.000672090221256969,0.0006720900160332311,0.09375,1.255019340554354,0.0,0.0,9.837471649687226e-09,8.796237275978079e-07
O2_s63_DPR_L,DPR_L,84,32,0.28298704716798295,0.06767296977341175,0.21531407739457123,2.0,2.0,2.0,2.0,1.0,4.128925666291,0.025756646366767645,0.010888213828537647,-0.01016372549065209,-0.01016372549065209,-0.010163724864062824,0.000594344400828363,0.000398423995405512,0.0003984240710221799,0.0625,1.2503799259322605,0.0,0.0,5.868431386905177e-09,6.911922173420896e-07
O2_s63_DPR_L,DPR_L,85,32,0.2864650686053125,0.07059025729540735,0.21587481130990513,2.0,2.0,2.0,2.0,1.0,4.331760080889731,0.022631498052047592,0.010816454849974611,-0.009338294142769335,-0.009338294142769335,-0.009338297540952478,0.0005451018597870983,0.0003760268853404565,0.00037602683732015967,0.0,1.276537486537162,0.0,0.0,7.085405260959304e-09,7.341207448396164e-07
O2_s63_DPR_L,DPR_L,86,32,0.26265732881080484,0.06468413770198822,0.19797319110881664,2.0,2.0,2.0,2.0,1.0,4.114817437912143,0.02621354439094984,0.012912989451261486,-0.009658433466180607,-0.009658433466180607,-0.009658433112630753,0.0006804056387994495,0.0004544079745905632,0.00045440789232187333,0.03125,1.252685279053205,0.0,0.0,7.15024874293069e-09,7.210032858304402e-07
O2_s63_DPR_L,DPR_L,87,32,0.274237767043547,0.06895082001574337,0.20528694702780362,2.0,2.0,2.0,2.0,1.0,3.813453974210878,0.02536313351921417,0.012207592743396127,-0.007534373263795306,-0.007534373263795306,-0.007534371868016971,0.0006954290312246632,0.00046674053381034445,0.00046674073283270787,0.03125,1.2398476559897191,0.0,0.0,6.274709000815899e-09,6.595702450865651e-07
O2_s63_DPR_L,DPR_L,88,32,0.30139245098805983,0.07490464195143431,0.22648780903662546,2.0,2.0,2.0,2.0,1.0,4.303179529261189,0.024087206394845087,0.013018490705176,-0.010479597600199118,-0.01047959760019912,-0.01047959618340826,0.0006859891469626301,0.00046198841029574327,0.0004619885644062103,0.0625,1.2595020905630498,0.0,0.0,8.094320312090979e-09,7.798861888437778e-07
O2_s63_DPR_L,DPR_L,89,32,0.29807916870043943,0.07358660706086084,0.22449256163957862,2.0,2.0,2.0,2.0,1.0,4.4318774655989515,0.022308993142283823,0.01034265806241704,-0.008584392416436302,-0.0085843924164363,-0.00858438987816856,0.0005052666276740371,0.00033907006490773486,0.00033907038606659375,0.0,1.2345414577523317,0.0,0.0,8.035758869906025e-09,7.728084511579294e-07
O2_s63_DPR_L,DPR_L,90,32,0.2815170160987987,0.06711162411374971,0.21440539198504902,2.0,2.0,2.0,2.0,1.0,4.3251163385868745,0.020464441778742317,0.01082869808690241,-0.00773326996313603,-0.00773326996313603,-0.007733271329756636,0.0004928363395975577,0.00034004441274668987,0.0003400443804756168,0.0,1.2835766937044626,0.0,0.0,8.085712843041723e-09,7.583410825328288e-07
O2_s63_DPR_L,DPR_L,91,32,0.2637681587872979,0.06446802610298619,0.19930013268431176,2.0,2.0,2.0,2.0,1.0,3.4722232266589144,0.015901418325653484,0.0091926396218089,-0.0049097324475795255,-0.0049097324475795255,-0.0049097333587668004,0.00030600161882954184,0.00020455550795494534,0.00020455560507235096,0.0,1.3050260325772327,0.0,0.0,6.082264838371994e-09,6.203011427566325e-07
O2_s63_DPR_L,DPR_L,92,32,0.28914042687055197,0.07182992098387331,0.21731050588667863,2.0,2.0,2.0,2.0,1.0,3.9395121070347248,0.01394300556175291,0.011548211935838498,-0.005303995997016408,-0.0053039959970164075,-0.005303995288387543,0.00035304876510355366,0.00024125882827406514,0.00024125873498521296,0.03125,1.299705146624242,0.0,0.0,6.581918615130499e-09,6.889544174519133e-07
O2_s63_DPR_L,DPR_L,93,32,0.25141498267532725,0.06239010562421754,0.18902487705110965,2.0,2.0,2.0,2.0,1.0,3.537918583259492,0.012936047377381871,0.013609538095419373,-0.004214323993647317,-0.004214323993647317,-0.004214326050747162,0.0003776699584487106,0.00025635544862272224,0.00025635590482464473,0.15625,1.2741612171427945,0.0,0.0,6.234525929442828e-09,6.275414159577692e-07
O2_s63_DPR_L,DPR_L,94,32,0.2513184782692314,0.06190548907034099,0.1894129891988904,2.0,2.0,2.0,2.0,1.0,4.054318126079323,0.010781892299488383,0.012583600096516804,-0.004502182681163445,-0.004502182681163445,-0.004502184205367488,0.00029965626813895205,0.00020264117681958153,0.00020264125331663312,0.0625,1.265481772086395,0.0,0.0,6.811817534444178e-09,6.936744025138067e-07
O2_s63_DPR_L,DPR_L,95,32,0.2508477649908028,0.05954936635680497,0.19129839863399786,2.0,2.0,2.0,2.0,1.0,3.998071727733036,0.009357221330239383,0.010602515239048397,-0.003646360024862788,-0.0036463600248627876,-0.003646363588072762,0.00021586727567251244,0.00014508172120662096,0.00014508172110612406,0.0625,1.2775089364967278,0.0,0.0,7.563909745987669e-09,6.740801774853505e-07
O2_s63_DPR_L,DPR_L,96,32,0.2422212335273866,0.057406681997235864,0.18481455153015072,2.0,2.0,2.0,2.0,1.0,4.291911162965773,0.008283995647731898,0.008828802477571134,-0.003217493779541345,-0.0032174937795413456,-0.003217492241015674,0.00016430781057996663,0.00011451204966380943,0.00011451242050819272,0.03125,1.2253844467405537,0.0,0.0,7.659492565082643e-09,7.195737620980694e-07
O2_s63_DPR_L,DPR_L,97,32,0.22586957945399924,0.057467576290946454,0.1684020031630528,2.0,2.0,2.0,2.0,1.0,3.6058597329190825,0.006472207955568323,0.012514269750190453,-0.0022464068197529372,-0.0022464068197529372,-0.002246410313716972,0.00017396351251729438,0.0001140312258860389,0.0001140312659329546,0.03125,1.3159097640649455,0.0,0.0,7.457782588300612e-09,6.41442454038035e-07
O2_s63_DPR_L,DPR_L,98,32,0.2220557308375088,0.05138854117831215,0.17066718965919667,2.0,2.0,2.0,2.0,1.0,3.5059247673674347,0.004795077182632987,0.011287495184811484,-0.0016064224050679103,-0.0016064224050679103,-0.001606422649189107,0.00011815568090340194,8.154752731277317e-05,8.154818146695958e-05,0.03125,1.2523865770360736,0.0,0.0,5.7672447688221035e-09,6.076041584580178e-07
O2_s63_DPR_L,DPR_L,99,32,0.24167492503122198,0.06062174425460398,0.181053180776618,2.0,2.0,2.0,2.0,1.0,4.049994752863023,0.002928533562643241,0.010553834530083855,-0.0012073761431813592,-0.0012073761431813592,-0.0012073757539575187,6.874597531802867e-05,4.588808015304706e-05,4.588882123417242e-05,0.03125,1.2671176876219057,0.0,0.0,6.69630329552547e-09,6.73121503221011e-07
O2_s63_DPR_L,DPR_L,100,32,0.23932908050050294,0.05759389029117301,0.18173519020932988,2.0,2.0,2.0,2.0,1.0,4.206035148785252,0.001098825391175267,0.011450557778082853,-0.0004396717203517665,-0.00043967172035176645,-0.00043967207696365165,2.73968567176563e-05,1.903361995079601e-05,1.903622819855678e-05,0.03125,1.219237352945578,0.0,0.0,9.025825998878062e-09,7.151559535473457e-07
