seed,transition,update_batch,variant,virtual_step_norm,raw_gradient_norm,objective,loss_sup,loss_assim_r0,loss_assim_pas,loss_relation_r0,loss_sfm_stable,kappa,previous_val_loss_before,previous_val_loss_after,previous_val_loss_delta,previous_val_dice_before,previous_val_dice_after,previous_val_dice_delta,current_val_loss_before,current_val_loss_after,current_val_loss_delta,current_val_dice_before,current_val_dice_after,current_val_dice_delta,checkpoint_or_model_mutated
0,REFUGE->RIM_ONE_r3,0,S0,0.001,1.7558553218841553,0.07563462853431702,0.016358565539121628,0.012466080486774445,0.001690465840511024,0.04680998623371124,0.11134447157382965,0.6749326586723328,0.6201920881867409,0.6201465222984552,-4.55658882856369e-05,0.7369811721146107,0.7369336262345314,-4.754588007926941e-05,0.4998316541314125,0.5008283890783787,0.0009967349469661713,0.7476552985608578,0.7473592199385166,-0.000296078622341156,False
0,REFUGE->RIM_ONE_r3,0,S1,0.001,1.4841368198394775,0.06485901772975922,0.016358565539121628,0.012466080486774445,0.001690465840511024,0.04680998623371124,0.11134447157382965,0.6749326586723328,0.6201920881867409,0.6197639182209969,-0.00042816996574401855,0.7369811721146107,0.7370602265000343,7.905438542366028e-05,0.4998316541314125,0.5004565995186567,0.0006249453872442245,0.7476552985608578,0.7475196272134781,-0.00013567134737968445,False
0,REFUGE->RIM_ONE_r3,0,S2,0.001,1.7697546482086182,0.1507846564054489,0.016358565539121628,0.012466080486774445,0.001690465840511024,0.04680998623371124,0.11134447157382965,0.6749326586723328,0.6201920881867409,0.6193064283579588,-0.0008856598287820816,0.7369811721146107,0.7372600547969341,0.0002788826823234558,0.4998316541314125,0.4999372176826,0.00010556355118751526,0.7476552985608578,0.7477528564631939,9.75579023361206e-05,False
0,REFUGE->RIM_ONE_r3,0,S3,0.001,1.6547577381134033,0.1400090456008911,0.016358565539121628,0.012466080486774445,0.001690465840511024,0.04680998623371124,0.11134447157382965,0.6749326586723328,0.6201920881867409,0.6189206074923277,-0.0012714806944131851,0.7369811721146107,0.737398985773325,0.00041781365871429443,0.4998316541314125,0.4994430895894766,-0.0003885645419359207,0.7476552985608578,0.7479549385607243,0.0002996399998664856,False
0,REFUGE->RIM_ONE_r3,0,S4,0.001,2.531745195388794,0.22062434256076813,0.016358565539121628,0.012466080486774445,0.001690465840511024,0.04680998623371124,0.11134447157382965,0.6749326586723328,0.6201920881867409,0.6188730727881193,-0.0013190153986215591,0.7369811721146107,0.7374554090201855,0.0004742369055747986,0.4998316541314125,0.49955136328935623,-0.0002802908420562744,0.7476552985608578,0.7479659654200077,0.00031066685914993286,False
0,REFUGE->RIM_ONE_r3,0,S5,0.001,1.3703027963638306,0.19775018095970154,0.016358565539121628,0.012466080486774445,0.001690465840511024,0.04680998623371124,0.11134447157382965,0.6749326586723328,0.6201920881867409,0.6193876042962074,-0.0008044838905334473,0.7369811721146107,0.7372174486517906,0.0002362765371799469,0.4998316541314125,0.49998398683965206,0.00015233270823955536,0.7476552985608578,0.7476833425462246,2.804398536682129e-05,False
0,REFUGE->RIM_ONE_r3,1,S0,0.001,1.4186841249465942,0.057554468512535095,0.017222169786691666,0.0030597811564803123,0.0007050063577480614,0.03727251663804054,0.11240018904209137,0.7561846971511841,0.6201920881867409,0.6188401598483324,-0.0013519283384084702,0.7369811721146107,0.7373574189841747,0.0003762468695640564,0.4998316541314125,0.4990871977061033,-0.0007444564253091812,0.7476552985608578,0.7479673102498055,0.0003120116889476776,False
0,REFUGE->RIM_ONE_r3,1,S1,0.001,1.3100755214691162,0.05519969016313553,0.017222169786691666,0.0030597811564803123,0.0007050063577480614,0.03727251663804054,0.11240018904209137,0.7561846971511841,0.6201920881867409,0.6187977027148008,-0.0013943854719400406,0.7369811721146107,0.737355176359415,0.0003740042448043823,0.4998316541314125,0.4990199189633131,-0.0008117351680994034,0.7476552985608578,0.7479701787233353,0.0003148801624774933,False
0,REFUGE->RIM_ONE_r3,1,S2,0.001,2.1864261627197266,0.1425497680902481,0.017222169786691666,0.0030597811564803123,0.0007050063577480614,0.03727251663804054,0.11240018904209137,0.7561846971511841,0.6201920881867409,0.618787806481123,-0.0014042817056179047,0.7369811721146107,0.7374414727091789,0.00046030059456825256,0.4998316541314125,0.49914692901074886,-0.0006847251206636429,0.7476552985608578,0.7480052970349789,0.00034999847412109375,False
0,REFUGE->RIM_ONE_r3,1,S3,0.001,2.0476624965667725,0.14019498229026794,0.017222169786691666,0.0030597811564803123,0.0007050063577480614,0.03727251663804054,0.11240018904209137,0.7561846971511841,0.6201920881867409,0.6187326740473509,-0.0014594141393899918,0.7369811721146107,0.7374544218182564,0.0004732497036457062,0.4998316541314125,0.4990921672433615,-0.000739486888051033,0.7476552985608578,0.7480176389217377,0.00036234036087989807,False
0,REFUGE->RIM_ONE_r3,1,S4,0.001,3.121084690093994,0.24133367836475372,0.017222169786691666,0.0030597811564803123,0.0007050063577480614,0.03727251663804054,0.11240018904209137,0.7561846971511841,0.6201920881867409,0.6186456121504307,-0.001546476036310196,0.7369811721146107,0.7374834641814232,0.0005022920668125153,0.4998316541314125,0.49909878335893154,-0.0007328707724809647,0.7476552985608578,0.7480021007359028,0.00034680217504501343,False
0,REFUGE->RIM_ONE_r3,1,S5,0.001,1.4107298851013184,0.21304188668727875,0.017222169786691666,0.0030597811564803123,0.0007050063577480614,0.03727251663804054,0.11240018904209137,0.7561846971511841,0.6201920881867409,0.6186896413564682,-0.0015024468302726746,0.7369811721146107,0.7374913245439529,0.0005101524293422699,0.4998316541314125,0.49859668500721455,-0.00123496912419796,0.7476552985608578,0.7481018826365471,0.0004465840756893158,False
0,REFUGE->RIM_ONE_r3,2,S0,0.001,1.579998254776001,0.057931527495384216,0.015816422179341316,0.0024693149607628584,0.000966358813457191,0.03964579105377197,0.10271097719669342,0.7836339473724365,0.6201920881867409,0.6186284050345421,-0.0015636831521987915,0.7369811721146107,0.7373425215482712,0.0003613494336605072,0.4998316541314125,0.4985081348568201,-0.0013235192745923996,0.7476552985608578,0.7480924315750599,0.0004371330142021179,False
0,REFUGE->RIM_ONE_r3,2,S1,0.001,1.5453431606292725,0.05642857402563095,0.015816422179341316,0.0024693149607628584,0.000966358813457191,0.03964579105377197,0.10271097719669342,0.7836339473724365,0.6201920881867409,0.6187056098133326,-0.0014864783734083176,0.7369811721146107,0.7373188063502312,0.00033763423562049866,0.4998316541314125,0.4985571578145027,-0.00127449631690979,0.7476552985608578,0.7480794005095959,0.00042410194873809814,False
0,REFUGE->RIM_ONE_r3,2,S2,0.001,2.1187217235565186,0.13841933012008667,0.015816422179341316,0.0024693149607628584,0.000966358813457191,0.03964579105377197,0.10271097719669342,0.7836339473724365,0.6201920881867409,0.6181538607925177,-0.002038227394223213,0.7369811721146107,0.7375907264649868,0.0006095543503761292,0.4998316541314125,0.49815360084176064,-0.0016780532896518707,0.7476552985608578,0.7482725195586681,0.0006172209978103638,False
0,REFUGE->RIM_ONE_r3,2,S3,0.001,2.0780184268951416,0.136916384100914,0.015816422179341316,0.0024693149607628584,0.000966358813457191,0.03964579105377197,0.10271097719669342,0.7836339473724365,0.6201920881867409,0.6181964743882418,-0.0019956137984991074,0.7369811721146107,0.7375800497829914,0.0005988776683807373,0.4998316541314125,0.49817734956741333,-0.001654304563999176,0.7476552985608578,0.7482690811157227,0.0006137825548648834,False
0,REFUGE->RIM_ONE_r3,2,S4,0.001,2.8047733306884766,0.25538453459739685,0.015816422179341316,0.0024693149607628584,0.000966358813457191,0.03964579105377197,0.10271097719669342,0.7836339473724365,0.6201920881867409,0.6176757793873549,-0.0025163087993860245,0.7369811721146107,0.7377591468393803,0.0007779747247695923,0.4998316541314125,0.4978854339569807,-0.0019462201744318008,0.7476552985608578,0.7483851760625839,0.0007298775017261505,False
0,REFUGE->RIM_ONE_r3,2,S5,0.001,1.6485106945037842,0.23470279574394226,0.015816422179341316,0.0024693149607628584,0.000966358813457191,0.03964579105377197,0.10271097719669342,0.7836339473724365,0.6201920881867409,0.6185820233076811,-0.0016100648790597916,0.7369811721146107,0.7374384291470051,0.0004572570323944092,0.4998316541314125,0.4981716647744179,-0.001659989356994629,0.7476552985608578,0.7481643334031105,0.0005090348422527313,False
0,REFUGE->RIM_ONE_r3,3,S0,0.001,2.288856029510498,0.05702033266425133,0.015035230666399002,0.008926722221076488,0.0006883868481963873,0.03305837884545326,0.10988824814558029,0.7467740178108215,0.6201920881867409,0.6182000562548637,-0.0019920319318771362,0.7369811721146107,0.7376058325171471,0.0006246604025363922,0.4998316541314125,0.4979424364864826,-0.0018892176449298859,0.7476552985608578,0.74834755808115,0.0006922595202922821,False
0,REFUGE->RIM_ONE_r3,3,S1,0.001,1.9722285270690918,0.048781998455524445,0.015035230666399002,0.008926722221076488,0.0006883868481963873,0.03305837884545326,0.10988824814558029,0.7467740178108215,0.6201920881867409,0.6183274257928133,-0.0018646623939275742,0.7369811721146107,0.7375493347644806,0.0005681626498699188,0.4998316541314125,0.4980640560388565,-0.0017675980925559998,0.7476552985608578,0.7483073025941849,0.0006520040333271027,False
0,REFUGE->RIM_ONE_r3,3,S2,0.001,2.874303102493286,0.13908201456069946,0.015035230666399002,0.008926722221076488,0.0006883868481963873,0.03305837884545326,0.10988824814558029,0.7467740178108215,0.6201920881867409,0.6180269606411457,-0.002165127545595169,0.7369811721146107,0.7377178557217121,0.0007366836071014404,0.4998316541314125,0.497798178344965,-0.002033475786447525,0.7476552985608578,0.748428363353014,0.0007730647921562195,False
0,REFUGE->RIM_ONE_r3,3,S3,0.001,2.5443379878997803,0.13084368407726288,0.015035230666399002,0.008926722221076488,0.0006883868481963873,0.03305837884545326,0.10988824814558029,0.7467740178108215,0.6201920881867409,0.6180950850248337,-0.002097003161907196,0.7369811721146107,0.7376909591257572,0.0007097870111465454,0.4998316541314125,0.49786769412457943,-0.0019639600068330765,0.7476552985608578,0.7484097741544247,0.0007544755935668945,False
0,REFUGE->RIM_ONE_r3,3,S4,0.001,3.5353567600250244,0.2334146946668625,0.015035230666399002,0.008926722221076488,0.0006883868481963873,0.03305837884545326,0.10988824814558029,0.7467740178108215,0.6201920881867409,0.6178520768880844,-0.0023400112986564636,0.7369811721146107,0.7377612143754959,0.0007800422608852386,0.4998316541314125,0.49769606813788414,-0.002135585993528366,0.7476552985608578,0.7484549395740032,0.0007996410131454468,False
0,REFUGE->RIM_ONE_r3,3,S5,0.001,2.4561054706573486,0.19413451850414276,0.015035230666399002,0.008926722221076488,0.0006883868481963873,0.03305837884545326,0.10988824814558029,0.7467740178108215,0.6201920881867409,0.6184154339134693,-0.0017766542732715607,0.7369811721146107,0.7375625520944595,0.0005813799798488617,0.4998316541314125,0.49791980907320976,-0.0019118450582027435,0.7476552985608578,0.7483235634863377,0.0006682649254798889,False
0,REFUGE->RIM_ONE_r3,4,S0,0.001,1.6525242328643799,0.06420636177062988,0.01741679012775421,0.0041243815794587135,0.0010296354303136468,0.04266519472002983,0.11101323366165161,0.6687668561935425,0.6201920881867409,0.6191154383122921,-0.0010766498744487762,0.7369811721146107,0.7371676526963711,0.0001864805817604065,0.4998316541314125,0.4993961825966835,-0.0004354715347290039,0.7476552985608578,0.747707836329937,5.2537769079208374e-05,False
0,REFUGE->RIM_ONE_r3,4,S1,0.001,1.5580788850784302,0.06111162155866623,0.01741679012775421,0.0041243815794587135,0.0010296354303136468,0.04266519472002983,0.11101323366165161,0.6687668561935425,0.6201920881867409,0.6193376462906599,-0.0008544418960809708,0.7369811721146107,0.7371293641626835,0.00014819204807281494,0.4998316541314125,0.4996932949870825,-0.00013835914433002472,0.7476552985608578,0.747621513903141,-3.37846577167511e-05,False
0,REFUGE->RIM_ONE_r3,4,S2,0.001,1.93211829662323,0.1384483277797699,0.01741679012775421,0.0041243815794587135,0.0010296354303136468,0.04266519472002983,0.11101323366165161,0.6687668561935425,0.6201920881867409,0.61862981505692,-0.0015622731298208237,0.7369811721146107,0.7373610287904739,0.000379856675863266,0.4998316541314125,0.49892980232834816,-0.0009018518030643463,0.7476552985608578,0.747919823974371,0.0002645254135131836,False
0,REFUGE->RIM_ONE_r3,4,S3,0.001,1.7893675565719604,0.13535359501838684,0.01741679012775421,0.0041243815794587135,0.0010296354303136468,0.04266519472002983,0.11101323366165161,0.6687668561935425,0.6201920881867409,0.6187514271587133,-0.0014406610280275345,0.7369811721146107,0.737348947674036,0.000367775559425354,0.4998316541314125,0.49914222210645676,-0.0006894320249557495,0.7476552985608578,0.7478630058467388,0.00020770728588104248,False
0,REFUGE->RIM_ONE_r3,4,S4,0.001,2.458595037460327,0.21211691200733185,0.01741679012775421,0.0041243815794587135,0.0010296354303136468,0.04266519472002983,0.11101323366165161,0.6687668561935425,0.6201920881867409,0.6183881387114525,-0.0018039494752883911,0.7369811721146107,0.7375221699476242,0.0005409978330135345,0.4998316541314125,0.49910979717969894,-0.000721856951713562,0.7476552985608578,0.7479285597801208,0.0002732612192630768,False
0,REFUGE->RIM_ONE_r3,4,S5,0.001,1.5046638250350952,0.2140967845916748,0.01741679012775421,0.0041243815794587135,0.0010296354303136468,0.04266519472002983,0.11101323366165161,0.6687668561935425,0.6201920881867409,0.6190878748893738,-0.001104213297367096,0.7369811721146107,0.7372472733259201,0.000266101211309433,0.4998316541314125,0.49921657517552376,-0.0006150789558887482,0.7476552985608578,0.7477402091026306,8.491054177284241e-05,False
0,REFUGE->RIM_ONE_r3,5,S0,0.001,1.5006264448165894,0.06612372398376465,0.018001506105065346,0.00976529996842146,0.0008631799719296396,0.03835691884160042,0.10471581667661667,0.7181854248046875,0.6201920881867409,0.6201085411012173,-8.354708552360535e-05,0.7369811721146107,0.7369212806224823,-5.989149212837219e-05,0.4998316541314125,0.5002225078642368,0.00039085373282432556,0.7476552985608578,0.747527964413166,-0.00012733414769172668,False
0,REFUGE->RIM_ONE_r3,5,S1,0.001,1.3673193454742432,0.057221606373786926,0.018001506105065346,0.00976529996842146,0.0008631799719296396,0.03835691884160042,0.10471581667661667,0.7181854248046875,0.6201920881867409,0.6200350876897573,-0.00015700049698352814,0.7369811721146107,0.7369160279631615,-6.514415144920349e-05,0.4998316541314125,0.5000665578991175,0.00023490376770496368,0.7476552985608578,0.747547622770071,-0.00010767579078674316,False
0,REFUGE->RIM_ONE_r3,5,S2,0.001,1.5964897871017456,0.1413290947675705,0.018001506105065346,0.00976529996842146,0.0008631799719296396,0.03835691884160042,0.10471581667661667,0.7181854248046875,0.6201920881867409,0.619738919660449,-0.00045316852629184723,0.7369811721146107,0.7371002621948719,0.00011909008026123047,0.4998316541314125,0.49993705190718174,0.0001053977757692337,0.7476552985608578,0.7476596906781197,4.392117261886597e-06,False
0,REFUGE->RIM_ONE_r3,5,S3,0.001,1.4805108308792114,0.13242697715759277,0.018001506105065346,0.00976529996842146,0.0008631799719296396,0.03835691884160042,0.10471581667661667,0.7181854248046875,0.6201920881867409,0.6196392141282558,-0.0005528740584850311,0.7369811721146107,0.7371116168797016,0.00013044476509094238,0.4998316541314125,0.4997550006955862,-7.665343582630157e-05,0.7476552985608578,0.7476958744227886,4.057586193084717e-05,False
0,REFUGE->RIM_ONE_r3,5,S4,0.001,1.7272028923034668,0.18412946164608002,0.018001506105065346,0.00976529996842146,0.0008631799719296396,0.03835691884160042,0.10471581667661667,0.7181854248046875,0.6201920881867409,0.6191666442900896,-0.001025443896651268,0.7369811721146107,0.737293004989624,0.00031183287501335144,0.4998316541314125,0.49929059110581875,-0.0005410630255937576,0.7476552985608578,0.7479059994220734,0.00025070086121559143,False
0,REFUGE->RIM_ONE_r3,5,S5,0.001,1.2916319370269775,0.20527538657188416,0.018001506105065346,0.00976529996842146,0.0008631799719296396,0.03835691884160042,0.10471581667661667,0.7181854248046875,0.6201920881867409,0.6200095862150192,-0.00018250197172164917,0.7369811721146107,0.7370558679103851,7.469579577445984e-05,0.4998316541314125,0.49934665113687515,-0.0004850029945373535,0.7476552985608578,0.7477995753288269,0.00014427676796913147,False
0,REFUGE->RIM_ONE_r3,6,S0,0.001,1.1620222330093384,0.058014288544654846,0.017850467935204506,0.009847153909504414,0.0008056489168666303,0.030316663905978203,0.10613535344600677,0.6903557777404785,0.6201920881867409,0.6188933569937944,-0.001298731192946434,0.7369811721146107,0.7373736314475536,0.00039245933294296265,0.4998316541314125,0.4990060515701771,-0.0008256025612354279,0.7476552985608578,0.7479905821382999,0.0003352835774421692,False
0,REFUGE->RIM_ONE_r3,6,S1,0.001,0.7789391279220581,0.048972778022289276,0.017850467935204506,0.009847153909504414,0.0008056489168666303,0.030316663905978203,0.10613535344600677,0.6903557777404785,0.6201920881867409,0.6185406967997551,-0.0016513913869857788,0.7369811721146107,0.7374645993113518,0.0004834271967411041,0.4998316541314125,0.49855922535061836,-0.0012724287807941437,0.7476552985608578,0.7481570430099964,0.0005017444491386414,False
0,REFUGE->RIM_ONE_r3,6,S2,0.001,1.8609237670898438,0.13128544390201569,0.017850467935204506,0.009847153909504414,0.0008056489168666303,0.030316663905978203,0.10613535344600677,0.6903557777404785,0.6201920881867409,0.6186941135674715,-0.001497974619269371,0.7369811721146107,0.7374840267002583,0.000502854585647583,0.4998316541314125,0.4987658355385065,-0.0010658185929059982,0.7476552985608578,0.7481118962168694,0.0004565976560115814,False
0,REFUGE->RIM_ONE_r3,6,S3,0.001,1.4208447933197021,0.12224394083023071,0.017850467935204506,0.009847153909504414,0.0008056489168666303,0.030316663905978203,0.10613535344600677,0.6903557777404785,0.6201920881867409,0.618387758731842,-0.0018043294548988342,0.7369811721146107,0.7375812157988548,0.0006000436842441559,0.4998316541314125,0.4984054211527109,-0.0014262329787015915,0.7476552985608578,0.7482591867446899,0.0006038881838321686,False
0,REFUGE->RIM_ONE_r3,6,S4,0.001,2.386279582977295,0.20484940707683563,0.017850467935204506,0.009847153909504414,0.0008056489168666303,0.030316663905978203,0.10613535344600677,0.6903557777404785,0.6201920881867409,0.6181701328605413,-0.0020219553261995316,0.7369811721146107,0.7376314364373684,0.000650264322757721,0.4998316541314125,0.4984001163393259,-0.0014315377920866013,0.7476552985608578,0.7482422813773155,0.0005869828164577484,False
0,REFUGE->RIM_ONE_r3,6,S5,0.001,0.9447303414344788,0.20378905534744263,0.017850467935204506,0.009847153909504414,0.0008056489168666303,0.030316663905978203,0.10613535344600677,0.6903557777404785,0.6201920881867409,0.6188012938946486,-0.0013907942920923233,0.7369811721146107,0.7374623343348503,0.0004811622202396393,0.4998316541314125,0.49838566966354847,-0.0014459844678640366,0.7476552985608578,0.7481786943972111,0.000523395836353302,False
0,REFUGE->RIM_ONE_r3,7,S0,0.001,1.516512155532837,0.05117371678352356,0.01810184121131897,0.007120378781110048,0.001014893758110702,0.02595149539411068,0.10162904858589172,0.7382379770278931,0.6201920881867409,0.620079018175602,-0.00011307001113891602,0.7369811721146107,0.7369154468178749,-6.572529673576355e-05,0.4998316541314125,0.5003595091402531,0.0005278550088405609,0.7476552985608578,0.7474727854132652,-0.00018251314759254456,False
0,REFUGE->RIM_ONE_r3,7,S1,0.001,1.377427339553833,0.04506823047995567,0.01810184121131897,0.007120378781110048,0.001014893758110702,0.02595149539411068,0.10162904858589172,0.7382379770278931,0.6201920881867409,0.6203373558819294,0.00014526769518852234,0.7369811721146107,0.7368528246879578,-0.00012834742665290833,0.4998316541314125,0.5005007646977901,0.0006691105663776398,0.7476552985608578,0.7474075965583324,-0.0002477020025253296,False
0,REFUGE->RIM_ONE_r3,7,S2,0.001,1.6584612131118774,0.1262001395225525,0.01810184121131897,0.007120378781110048,0.001014893758110702,0.02595149539411068,0.10162904858589172,0.7382379770278931,0.6201920881867409,0.6195219103246927,-0.0006701778620481491,0.7369811721146107,0.737118698656559,0.00013752654194831848,0.4998316541314125,0.49977162666618824,-6.002746522426605e-05,0.7476552985608578,0.747701421380043,4.612281918525696e-05,False
0,REFUGE->RIM_ONE_r3,7,S3,0.001,1.4759804010391235,0.1200946569442749,0.01810184121131897,0.007120378781110048,0.001014893758110702,0.02595149539411068,0.10162904858589172,0.7382379770278931,0.6201920881867409,0.6196812782436609,-0.0005108099430799484,0.7369811721146107,0.7370837926864624,0.00010262057185173035,0.4998316541314125,0.4998460952192545,1.444108784198761e-05,0.7476552985608578,0.7476640716195107,8.773058652877808e-06,False
0,REFUGE->RIM_ONE_r3,7,S4,0.001,2.422909736633301,0.17318956553936005,0.01810184121131897,0.007120378781110048,0.001014893758110702,0.02595149539411068,0.10162904858589172,0.7382379770278931,0.6201920881867409,0.6190625298768282,-0.0011295583099126816,0.7369811721146107,0.7372761927545071,0.0002950206398963928,0.4998316541314125,0.49933279491961,-0.0004988592118024826,0.7476552985608578,0.7478898130357265,0.00023451447486877441,False
0,REFUGE->RIM_ONE_r3,7,S5,0.001,1.325536847114563,0.2073354572057724,0.01810184121131897,0.007120378781110048,0.001014893758110702,0.02595149539411068,0.10162904858589172,0.7382379770278931,0.6201920881867409,0.619773630052805,-0.00041845813393592834,0.7369811721146107,0.737112570554018,0.00013139843940734863,0.4998316541314125,0.4988300073891878,-0.0010016467422246933,0.7476552985608578,0.7479087710380554,0.0002534724771976471,False
0,REFUGE->RIM_ONE_r3,8,S0,0.001,1.280063271522522,0.05795971304178238,0.016358565539121628,0.012944505549967289,0.0006197263137437403,0.028656644746661186,0.10876306891441345,0.7964808940887451,0.6201920881867409,0.6189142912626266,-0.0012777969241142273,0.7369811721146107,0.7373080067336559,0.00032683461904525757,0.4998316541314125,0.4992717020213604,-0.0005599521100521088,0.7476552985608578,0.7479601688683033,0.0003048703074455261,False
0,REFUGE->RIM_ONE_r3,8,S1,0.001,1.101300835609436,0.04563493654131889,0.016358565539121628,0.012944505549967289,0.0006197263137437403,0.028656644746661186,0.10876306891441345,0.7964808940887451,0.6201920881867409,0.6189585775136948,-0.001233510673046112,0.7369811721146107,0.7372441478073597,0.00026297569274902344,0.4998316541314125,0.49923305585980415,-0.0005985982716083527,0.7476552985608578,0.7479080185294151,0.0002527199685573578,False
0,REFUGE->RIM_ONE_r3,8,S2,0.001,1.7221572399139404,0.1445874273777008,0.016358565539121628,0.012944505549967289,0.0006197263137437403,0.028656644746661186,0.10876306891441345,0.7964808940887451,0.6201920881867409,0.6183124743402004,-0.001879613846540451,0.7369811721146107,0.7375872954726219,0.0006061233580112457,0.4998316541314125,0.49876605346798897,-0.0010656006634235382,0.7476552985608578,0.7481690011918545,0.0005137026309967041,False
0,REFUGE->RIM_ONE_r3,8,S3,0.001,1.5307804346084595,0.13226264715194702,0.016358565539121628,0.012944505549967289,0.0006197263137437403,0.028656644746661186,0.10876306891441345,0.7964808940887451,0.6201920881867409,0.618255915120244,-0.001936173066496849,0.7369811721146107,0.7375804632902145,0.0005992911756038666,0.4998316541314125,0.49866281263530254,-0.0011688414961099625,0.7476552985608578,0.748164065182209,0.0005087666213512421,False
0,REFUGE->RIM_ONE_r3,8,S4,0.001,2.288456678390503,0.22802414000034332,0.016358565539121628,0.012944505549967289,0.0006197263137437403,0.028656644746661186,0.10876306891441345,0.7964808940887451,0.6201920881867409,0.6176915690302849,-0.0025005191564559937,0.7369811721146107,0.7377768158912659,0.0007956437766551971,0.4998316541314125,0.4981960952281952,-0.0016355589032173157,0.7476552985608578,0.7483450956642628,0.0006897971034049988,False
0,REFUGE->RIM_ONE_r3,8,S5,0.001,1.346492052078247,0.255943238735199,0.016358565539121628,0.012944505549967289,0.0006197263137437403,0.028656644746661186,0.10876306891441345,0.7964808940887451,0.6201920881867409,0.6189437434077263,-0.0012483447790145874,0.7369811721146107,0.7373716533184052,0.00039048120379447937,0.4998316541314125,0.49864592403173447,-0.0011857300996780396,0.7476552985608578,0.7479941695928574,0.000338871031999588,False
0,REFUGE->RIM_ONE_r3,9,S0,0.001,1.5554839372634888,0.08021038770675659,0.017222169786691666,0.0157981738448143,0.001054488937370479,0.047190047800540924,0.10656918585300446,0.787144660949707,0.6201920881867409,0.6182693317532539,-0.0019227564334869385,0.7369811721146107,0.7374652586877346,0.0004840865731239319,0.4998316541314125,0.49832117930054665,-0.00151047483086586,0.7476552985608578,0.7481640540063381,0.0005087554454803467,False
0,REFUGE->RIM_ONE_r3,9,S1,0.001,1.4411356449127197,0.06546670198440552,0.017222169786691666,0.0157981738448143,0.001054488937370479,0.047190047800540924,0.10656918585300446,0.787144660949707,0.6201920881867409,0.6182578336447477,-0.0019342545419931412,0.7369811721146107,0.737485483288765,0.0005043111741542816,0.4998316541314125,0.4982405807822943,-0.0015910733491182327,0.7476552985608578,0.7481978014111519,0.0005425028502941132,False
0,REFUGE->RIM_ONE_r3,9,S2,0.001,2.095752239227295,0.16409575939178467,0.017222169786691666,0.0157981738448143,0.001054488937370479,0.047190047800540924,0.10656918585300446,0.787144660949707,0.6201920881867409,0.618006519973278,-0.0021855682134628296,0.7369811721146107,0.7376430034637451,0.0006618313491344452,0.4998316541314125,0.4982109107077122,-0.0016207434237003326,0.7476552985608578,0.7482511252164841,0.000595826655626297,False
0,REFUGE->RIM_ONE_r3,9,S3,0.001,1.981342077255249,0.1493520736694336,0.017222169786691666,0.0157981738448143,0.001054488937370479,0.047190047800540924,0.10656918585300446,0.787144660949707,0.6201920881867409,0.6179897077381611,-0.002202380448579788,0.7369811721146107,0.737665880471468,0.0006847083568572998,0.4998316541314125,0.4981536269187927,-0.0016780272126197815,0.7476552985608578,0.7482777424156666,0.0006224438548088074,False
0,REFUGE->RIM_ONE_r3,9,S4,0.001,2.7063543796539307,0.27575168013572693,0.017222169786691666,0.0157981738448143,0.001054488937370479,0.047190047800540924,0.10656918585300446,0.787144660949707,0.6201920881867409,0.6175577249377966,-0.0026343632489442825,0.7369811721146107,0.7378023490309715,0.0008211769163608551,0.4998316541314125,0.49799851700663567,-0.0018331371247768402,0.7476552985608578,0.7483360432088375,0.0006807446479797363,False
0,REFUGE->RIM_ONE_r3,9,S5,0.001,1.8577948808670044,0.24256137013435364,0.017222169786691666,0.0157981738448143,0.001054488937370479,0.047190047800540924,0.10656918585300446,0.787144660949707,0.6201920881867409,0.6183956656605005,-0.0017964225262403488,0.7369811721146107,0.7375487051904202,0.0005675330758094788,0.4998316541314125,0.49793928302824497,-0.0018923711031675339,0.7476552985608578,0.7482788935303688,0.0006235949695110321,False
0,REFUGE->RIM_ONE_r3,10,S0,0.001,1.291170358657837,0.0661015436053276,0.015816422179341316,0.0016531082801520824,0.0005679372698068619,0.04863201081752777,0.11131566762924194,0.6892342567443848,0.6201920881867409,0.6191680412739515,-0.0010240469127893448,0.7369811721146107,0.737239345908165,0.00025817379355430603,0.4998316541314125,0.4988491013646126,-0.0009825527667999268,0.7476552985608578,0.7479899227619171,0.00033462420105934143,False
0,REFUGE->RIM_ONE_r3,10,S1,0.001,1.2584724426269531,0.06501637399196625,0.015816422179341316,0.0016531082801520824,0.0005679372698068619,0.04863201081752777,0.11131566762924194,0.6892342567443848,0.6201920881867409,0.6192071828991175,-0.0009849052876234055,0.7369811721146107,0.7372187376022339,0.00023756548762321472,0.4998316541314125,0.49888372980058193,-0.000947924330830574,0.7476552985608578,0.7479715943336487,0.0003162957727909088,False
0,REFUGE->RIM_ONE_r3,10,S2,0.001,1.6964212656021118,0.14282411336898804,0.015816422179341316,0.0016531082801520824,0.0005679372698068619,0.04863201081752777,0.11131566762924194,0.6892342567443848,0.6201920881867409,0.6185370683670044,-0.0016550198197364807,0.7369811721146107,0.7375309281051159,0.0005497559905052185,0.4998316541314125,0.4983082637190819,-0.0015233904123306274,0.7476552985608578,0.7482388131320477,0.0005835145711898804,False
0,REFUGE->RIM_ONE_r3,10,S3,0.001,1.6565577983856201,0.14173895120620728,0.015816422179341316,0.0016531082801520824,0.0005679372698068619,0.04863201081752777,0.11131566762924194,0.6892342567443848,0.6201920881867409,0.6185489613562822,-0.001643126830458641,0.7369811721146107,0.7375219985842705,0.0005408264696598053,0.4998316541314125,0.4983099102973938,-0.0015217438340187073,0.7476552985608578,0.7482363395392895,0.0005810409784317017,False
0,REFUGE->RIM_ONE_r3,10,S4,0.001,2.2787864208221436,0.2706344723701477,0.015816422179341316,0.0016531082801520824,0.0005679372698068619,0.04863201081752777,0.11131566762924194,0.6892342567443848,0.6201920881867409,0.618289589881897,-0.0019024983048439026,0.7369811721146107,0.7375928051769733,0.0006116330623626709,0.4998316541314125,0.49822794646024704,-0.0016037076711654663,0.7476552985608578,0.7482685968279839,0.0006132982671260834,False
0,REFUGE->RIM_ONE_r3,10,S5,0.001,1.9831947088241577,0.20743684470653534,0.015816422179341316,0.0016531082801520824,0.0005679372698068619,0.04863201081752777,0.11131566762924194,0.6892342567443848,0.6201920881867409,0.6190809812396765,-0.0011111069470643997,0.7369811721146107,0.7372966445982456,0.00031547248363494873,0.4998316541314125,0.49851518496870995,-0.0013164691627025604,0.7476552985608578,0.7481044493615627,0.00044915080070495605,False
0,REFUGE->RIM_ONE_r3,11,S0,0.001,1.241737723350525,0.04247881472110748,0.015035230666399002,0.006151215638965368,0.0006564928335137665,0.021292367950081825,0.10669605433940887,0.8073581457138062,0.6201920881867409,0.6181405168026686,-0.0020515713840723038,0.7369811721146107,0.7376239709556103,0.0006427988409996033,0.4998316541314125,0.49820982851088047,-0.0016218256205320358,0.7476552985608578,0.7483121752738953,0.0006568767130374908,False
0,REFUGE->RIM_ONE_r3,11,S1,0.001,1.1392309665679932,0.036984093487262726,0.015035230666399002,0.006151215638965368,0.0006564928335137665,0.021292367950081825,0.10669605433940887,0.8073581457138062,0.6201920881867409,0.6182393301278353,-0.0019527580589056015,0.7369811721146107,0.737591203302145,0.0006100311875343323,0.4998316541314125,0.49827468395233154,-0.0015569701790809631,0.7476552985608578,0.748282115906477,0.0006268173456192017,False
0,REFUGE->RIM_ONE_r3,11,S2,0.001,1.8873975276947021,0.12862074375152588,0.015035230666399002,0.006151215638965368,0.0006564928335137665,0.021292367950081825,0.10669605433940887,0.8073581457138062,0.6201920881867409,0.6177934166043997,-0.002398671582341194,0.7369811721146107,0.7378304302692413,0.000849258154630661,0.4998316541314125,0.49792001210153103,-0.0019116420298814774,0.7476552985608578,0.7484307661652565,0.0007754676043987274,False
0,REFUGE->RIM_ONE_r3,11,S3,0.001,1.774057388305664,0.12312601506710052,0.015035230666399002,0.006151215638965368,0.0006564928335137665,0.021292367950081825,0.10669605433940887,0.8073581457138062,0.6201920881867409,0.6178285796195269,-0.002363508567214012,0.7369811721146107,0.7378238141536713,0.0008426420390605927,0.4998316541314125,0.4979374408721924,-0.0018942132592201233,0.7476552985608578,0.7484211549162865,0.0007658563554286957,False
0,REFUGE->RIM_ONE_r3,11,S4,0.001,2.5431299209594727,0.223569855093956,0.015035230666399002,0.006151215638965368,0.0006564928335137665,0.021292367950081825,0.10669605433940887,0.8073581457138062,0.6201920881867409,0.6173884626477957,-0.002803625538945198,0.7369811721146107,0.7379528805613518,0.0009717084467411041,0.4998316541314125,0.49769735522568226,-0.0021342989057302475,0.7476552985608578,0.7484896034002304,0.0008343048393726349,False
0,REFUGE->RIM_ONE_r3,11,S5,0.001,1.6357090473175049,0.24115732312202454,0.015035230666399002,0.006151215638965368,0.0006564928335137665,0.021292367950081825,0.10669605433940887,0.8073581457138062,0.6201920881867409,0.6189120672643185,-0.001280020922422409,0.7369811721146107,0.7374960780143738,0.0005149058997631073,0.4998316541314125,0.49839068576693535,-0.0014409683644771576,0.7476552985608578,0.7481160573661327,0.0004607588052749634,False
0,REFUGE->RIM_ONE_r3,12,S0,0.001,1.5752979516983032,0.061266884207725525,0.01741679012775421,0.004445268306881189,0.0007758761057630181,0.03940482810139656,0.10308903455734253,0.7752751111984253,0.6201920881867409,0.6182403638958931,-0.0019517242908477783,0.7369811721146107,0.7374600805342197,0.0004789084196090698,0.4998316541314125,0.49833714589476585,-0.0014945082366466522,0.7476552985608578,0.7481065765023232,0.0004512779414653778,False
0,REFUGE->RIM_ONE_r3,12,S1,0.001,1.4448590278625488,0.05759749561548233,0.01741679012775421,0.004445268306881189,0.0007758761057630181,0.03940482810139656,0.10308903455734253,0.7752751111984253,0.6201920881867409,0.6184119414538145,-0.0017801467329263687,0.7369811721146107,0.737391609698534,0.00041043758392333984,0.4998316541314125,0.49850389547646046,-0.0013277586549520493,0.7476552985608578,0.7480408549308777,0.0003855563700199127,False
0,REFUGE->RIM_ONE_r3,12,S2,0.001,2.2343506813049316,0.14118924736976624,0.01741679012775421,0.004445268306881189,0.0007758761057630181,0.03940482810139656,0.10308903455734253,0.7752751111984253,0.6201920881867409,0.6177773158997297,-0.0024147722870111465,0.7369811721146107,0.7376984842121601,0.0007173120975494385,0.4998316541314125,0.4978773668408394,-0.00195428729057312,0.7476552985608578,0.7483208812773228,0.0006655827164649963,False
0,REFUGE->RIM_ONE_r3,12,S3,0.001,2.0639071464538574,0.13751985132694244,0.01741679012775421,0.004445268306881189,0.0007758761057630181,0.03940482810139656,0.10308903455734253,0.7752751111984253,0.6201920881867409,0.6178123261779547,-0.0023797620087862015,0.7369811721146107,0.7376838102936745,0.000702638179063797,0.4998316541314125,0.4979180824011564,-0.0019135717302560806,0.7476552985608578,0.7483066618442535,0.0006513632833957672,False
0,REFUGE->RIM_ONE_r3,12,S4,0.001,3.2060165405273438,0.2646127939224243,0.01741679012775421,0.004445268306881189,0.0007758761057630181,0.03940482810139656,0.10308903455734253,0.7752751111984253,0.6201920881867409,0.6174061149358749,-0.0027859732508659363,0.7369811721146107,0.7378187999129295,0.0008376277983188629,0.4998316541314125,0.4977593068033457,-0.002072347328066826,0.7476552985608578,0.7483918033540249,0.0007365047931671143,False
0,REFUGE->RIM_ONE_r3,12,S5,0.001,1.7356175184249878,0.22094497084617615,0.01741679012775421,0.004445268306881189,0.0007758761057630181,0.03940482810139656,0.10308903455734253,0.7752751111984253,0.6201920881867409,0.6182251553982496,-0.001966932788491249,0.7369811721146107,0.7375081330537796,0.00052696093916893,0.4998316541314125,0.49822690337896347,-0.0016047507524490356,0.7476552985608578,0.7481312155723572,0.0004759170114994049,False
0,REFUGE->RIM_ONE_r3,13,S0,0.001,1.804036259651184,0.06464990973472595,0.018001506105065346,0.008428836241364479,0.0011179597349837422,0.03821956366300583,0.111996129155159,0.7448217272758484,0.6201920881867409,0.6190827134996653,-0.001109374687075615,0.7369811721146107,0.7372334189713001,0.0002522468566894531,0.4998316541314125,0.49918139167129993,-0.0006502624601125717,0.7476552985608578,0.7479159794747829,0.0002606809139251709,False
0,REFUGE->RIM_ONE_r3,13,S1,0.001,1.7164740562438965,0.057339027523994446,0.018001506105065346,0.008428836241364479,0.0011179597349837422,0.03821956366300583,0.111996129155159,0.7448217272758484,0.6201920881867409,0.6190826073288918,-0.001109480857849121,0.7369811721146107,0.7372052557766438,0.00022408366203308105,0.4998316541314125,0.4990826677531004,-0.0007489863783121109,0.7476552985608578,0.7479230612516403,0.000267762690782547,False
0,REFUGE->RIM_ONE_r3,13,S2,0.001,2.5324597358703613,0.14806705713272095,0.018001506105065346,0.008428836241364479,0.0011179597349837422,0.03821956366300583,0.111996129155159,0.7448217272758484,0.6201920881867409,0.6185740865767002,-0.0016180016100406647,0.7369811721146107,0.7375052608549595,0.0005240887403488159,0.4998316541314125,0.4987283796072006,-0.0011032745242118835,0.7476552985608578,0.7481230050325394,0.00046770647168159485,False
0,REFUGE->RIM_ONE_r3,13,S3,0.001,2.4431352615356445,0.14075617492198944,0.018001506105065346,0.008428836241364479,0.0011179597349837422,0.03821956366300583,0.111996129155159,0.7448217272758484,0.6201920881867409,0.6185521874576807,-0.001639900729060173,0.7369811721146107,0.7374954260885715,0.0005142539739608765,0.4998316541314125,0.4986273031681776,-0.0012043509632349014,0.7476552985608578,0.7481435798108578,0.00048828125,False
0,REFUGE->RIM_ONE_r3,13,S4,0.001,2.9168686866760254,0.24067369103431702,0.018001506105065346,0.008428836241364479,0.0011179597349837422,0.03821956366300583,0.111996129155159,0.7448217272758484,0.6201920881867409,0.6181186065077782,-0.0020734816789627075,0.7369811721146107,0.7376336678862572,0.0006524957716464996,0.4998316541314125,0.498467855155468,-0.001363798975944519,0.7476552985608578,0.7482067495584488,0.0005514509975910187,False
0,REFUGE->RIM_ONE_r3,13,S5,0.001,2.0621743202209473,0.2308601438999176,0.018001506105065346,0.008428836241364479,0.0011179597349837422,0.03821956366300583,0.111996129155159,0.7448217272758484,0.6201920881867409,0.6189801301807165,-0.0012119580060243607,0.7369811721146107,0.737315233796835,0.0003340616822242737,0.4998316541314125,0.4986591525375843,-0.0011725015938282013,0.7476552985608578,0.7480581365525723,0.00040283799171447754,False
0,REFUGE->RIM_ONE_r3,14,S0,0.001,2.6601755619049072,0.07720313966274261,0.017850467935204506,0.004194941837340593,0.0008429652079939842,0.055157728493213654,0.10776519030332565,0.6228210926055908,0.6201920881867409,0.6189167089760303,-0.0012753792107105255,0.7369811721146107,0.7373067177832127,0.00032554566860198975,0.4998316541314125,0.4989415593445301,-0.0008900947868824005,0.7476552985608578,0.7479650378227234,0.00030973926186561584,False
0,REFUGE->RIM_ONE_r3,14,S1,0.001,2.552766799926758,0.07385116070508957,0.017850467935204506,0.004194941837340593,0.0008429652079939842,0.055157728493213654,0.10776519030332565,0.6228210926055908,0.6201920881867409,0.6188426334410906,-0.0013494547456502914,0.7369811721146107,0.7373225428164005,0.00034137070178985596,0.4998316541314125,0.49877743422985077,-0.001054219901561737,0.7476552985608578,0.7480166107416153,0.0003613121807575226,False
0,REFUGE->RIM_ONE_r3,14,S2,0.001,2.9451065063476562,0.14432157576084137,0.017850467935204506,0.004194941837340593,0.0008429652079939842,0.055157728493213654,0.10776519030332565,0.6228210926055908,0.6201920881867409,0.6186230108141899,-0.0015690773725509644,0.7369811721146107,0.7374414689838886,0.0004602968692779541,0.4998316541314125,0.49868630431592464,-0.0011453498154878616,0.7476552985608578,0.7480809539556503,0.00042565539479255676,False
0,REFUGE->RIM_ONE_r3,14,S3,0.001,2.850005865097046,0.14096960425376892,0.017850467935204506,0.004194941837340593,0.0008429652079939842,0.055157728493213654,0.10776519030332565,0.6228210926055908,0.6201920881867409,0.6185525674372911,-0.00163952074944973,0.7369811721146107,0.7374584265053272,0.00047725439071655273,0.4998316541314125,0.4985347017645836,-0.0012969523668289185,0.7476552985608578,0.7481286711990833,0.0004733726382255554,False
0,REFUGE->RIM_ONE_r3,14,S4,0.001,3.219987392425537,0.22998003661632538,0.017850467935204506,0.004194941837340593,0.0008429652079939842,0.055157728493213654,0.10776519030332565,0.6228210926055908,0.6201920881867409,0.6183251459151506,-0.0018669422715902328,0.7369811721146107,0.7375568337738514,0.0005756616592407227,0.4998316541314125,0.4984033089131117,-0.0014283452183008194,0.7476552985608578,0.7481916733086109,0.0005363747477531433,False
0,REFUGE->RIM_ONE_r3,14,S5,0.001,2.279585361480713,0.20474229753017426,0.017850467935204506,0.004194941837340593,0.0008429652079939842,0.055157728493213654,0.10776519030332565,0.6228210926055908,0.6201920881867409,0.6188872754573822,-0.001304812729358673,0.7369811721146107,0.7373527102172375,0.00037153810262680054,0.4998316541314125,0.49873276613652706,-0.0010988879948854446,0.7476552985608578,0.7480049282312393,0.000349629670381546,False
0,REFUGE->RIM_ONE_r3,15,S0,0.001,2.159592628479004,0.07655715942382812,0.01810184121131897,0.00811376515775919,0.0015856677200645208,0.05034155398607254,0.10553134977817535,0.6213622689247131,0.6201920881867409,0.6181780844926834,-0.0020140036940574646,0.7369811721146107,0.7374983988702297,0.0005172267556190491,0.4998316541314125,0.4978896249085665,-0.0019420292228460312,0.7476552985608578,0.7482735253870487,0.0006182268261909485,False
0,REFUGE->RIM_ONE_r3,15,S1,0.001,1.9072239398956299,0.07002906501293182,0.01810184121131897,0.00811376515775919,0.0015856677200645208,0.05034155398607254,0.10553134977817535,0.6213622689247131,0.6201920881867409,0.618206487968564,-0.0019856002181768417,0.7369811721146107,0.7374862805008888,0.0005051083862781525,0.4998316541314125,0.4979257434606552,-0.0019059106707572937,0.7476552985608578,0.7482591159641743,0.0006038174033164978,False
0,REFUGE->RIM_ONE_r3,15,S2,0.001,2.729933977127075,0.14213036000728607,0.01810184121131897,0.00811376515775919,0.0015856677200645208,0.05034155398607254,0.10553134977817535,0.6213622689247131,0.6201920881867409,0.6179066225886345,-0.0022854655981063843,0.7369811721146107,0.737649954855442,0.0006687827408313751,0.4998316541314125,0.4976454824209213,-0.0021861717104911804,0.7476552985608578,0.7483980059623718,0.0007427074015140533,False
0,REFUGE->RIM_ONE_r3,15,S3,0.001,2.472781181335449,0.13560226559638977,0.01810184121131897,0.00811376515775919,0.0015856677200645208,0.05034155398607254,0.10553134977817535,0.6213622689247131,0.6201920881867409,0.6178917326033115,-0.0023003555834293365,0.7369811721146107,0.7376601621508598,0.0006789900362491608,0.4998316541314125,0.4976446833461523,-0.0021869707852602005,0.7476552985608578,0.7484019584953785,0.0007466599345207214,False
0,REFUGE->RIM_ONE_r3,15,S4,0.001,3.299839973449707,0.2481841742992401,0.01810184121131897,0.00811376515775919,0.0015856677200645208,0.05034155398607254,0.10553134977817535,0.6213622689247131,0.6201920881867409,0.6176762264221907,-0.002515861764550209,0.7369811721146107,0.7377324998378754,0.0007513277232646942,0.4998316541314125,0.497533455491066,-0.002298198640346527,0.7476552985608578,0.7484343312680721,0.0007790327072143555,False
0,REFUGE->RIM_ONE_r3,15,S5,0.001,2.1361520290374756,0.20424219965934753,0.01810184121131897,0.00811376515775919,0.0015856677200645208,0.05034155398607254,0.10553134977817535,0.6213622689247131,0.6201920881867409,0.6182668060064316,-0.0019252821803092957,0.7369811721146107,0.7375004589557648,0.0005192868411540985,0.4998316541314125,0.4978631865233183,-0.0019684676080942154,0.7476552985608578,0.7482620924711227,0.0006067939102649689,False
0,REFUGE->RIM_ONE_r3,16,S0,0.001,1.7558553218841553,0.07563462853431702,0.016358565539121628,0.012466080486774445,0.001690465840511024,0.04680998623371124,0.11134447157382965,0.6749326586723328,0.6201920881867409,0.6201468948274851,-4.519335925579071e-05,0.7369811721146107,0.7369334325194359,-4.773959517478943e-05,0.4998316541314125,0.5008284170180559,0.0009967628866434097,0.7476552985608578,0.7473591901361942,-0.0002961084246635437,False
0,REFUGE->RIM_ONE_r3,16,S1,0.001,1.4841368198394775,0.06485901772975922,0.016358565539121628,0.012466080486774445,0.001690465840511024,0.04680998623371124,0.11134447157382965,0.6749326586723328,0.6201920881867409,0.6197639387100935,-0.000428149476647377,0.7369811721146107,0.7370602078735828,7.903575897216797e-05,0.4998316541314125,0.5004566200077534,0.0006249658763408661,0.7476552985608578,0.7475196234881878,-0.0001356750726699829,False
0,REFUGE->RIM_ONE_r3,16,S2,0.001,1.7697546482086182,0.1507846564054489,0.016358565539121628,0.012466080486774445,0.001690465840511024,0.04680998623371124,0.11134447157382965,0.6749326586723328,0.6201920881867409,0.6193064488470554,-0.0008856393396854401,0.7369811721146107,0.7372600138187408,0.00027884170413017273,0.4998316541314125,0.4999372474849224,0.00010559335350990295,0.7476552985608578,0.7477528378367424,9.75392758846283e-05,False
0,REFUGE->RIM_ONE_r3,16,S3,0.001,1.6547577381134033,0.1400090456008911,0.016358565539121628,0.012466080486774445,0.001690465840511024,0.04680998623371124,0.11134447157382965,0.6749326586723328,0.6201920881867409,0.6189200393855572,-0.0012720488011837006,0.7369811721146107,0.7373994328081608,0.00041826069355010986,0.4998316541314125,0.49944364838302135,-0.00038800574839115143,0.7476552985608578,0.7479545809328556,0.00029928237199783325,False
0,REFUGE->RIM_ONE_r3,16,S4,0.001,2.531745195388794,0.22062434256076813,0.016358565539121628,0.012466080486774445,0.001690465840511024,0.04680998623371124,0.11134447157382965,0.6749326586723328,0.6201920881867409,0.6188730821013451,-0.001319006085395813,0.7369811721146107,0.7374554798007011,0.00047430768609046936,0.4998316541314125,0.4995514415204525,-0.0002802126109600067,0.7476552985608578,0.7479659095406532,0.00031061097979545593,False
0,REFUGE->RIM_ONE_r3,16,S5,0.001,1.3703027963638306,0.19775018095970154,0.016358565539121628,0.012466080486774445,0.001690465840511024,0.04680998623371124,0.11134447157382965,0.6749326586723328,0.6201920881867409,0.6193877011537552,-0.0008043870329856873,0.7369811721146107,0.7372174970805645,0.0002363249659538269,0.4998316541314125,0.4999842308461666,0.00015257671475410461,0.7476552985608578,0.7476831115782261,2.781301736831665e-05,False
0,REFUGE->RIM_ONE_r3,17,S0,0.001,1.4186841249465942,0.057554468512535095,0.017222169786691666,0.0030597811564803123,0.0007050063577480614,0.03727251663804054,0.11240018904209137,0.7561846971511841,0.6201920881867409,0.6188408341258764,-0.0013512540608644485,0.7369811721146107,0.7373571619391441,0.0003759898245334625,0.4998316541314125,0.49908749386668205,-0.0007441602647304535,0.7476552985608578,0.7479670532047749,0.00031175464391708374,False
0,REFUGE->RIM_ONE_r3,17,S1,0.001,1.3100755214691162,0.05519969016313553,0.017222169786691666,0.0030597811564803123,0.0007050063577480614,0.03727251663804054,0.11240018904209137,0.7561846971511841,0.6201920881867409,0.618797717615962,-0.0013943705707788467,0.7369811721146107,0.7373551651835442,0.00037399306893348694,0.4998316541314125,0.4990199040621519,-0.0008117500692605972,0.7476552985608578,0.7479701787233353,0.0003148801624774933,False
0,REFUGE->RIM_ONE_r3,17,S2,0.001,2.1864261627197266,0.1425497680902481,0.017222169786691666,0.0030597811564803123,0.0007050063577480614,0.03727251663804054,0.11240018904209137,0.7561846971511841,0.6201920881867409,0.618787806481123,-0.0014042817056179047,0.7369811721146107,0.7374414727091789,0.00046030059456825256,0.4998316541314125,0.49914692901074886,-0.0006847251206636429,0.7476552985608578,0.7480052970349789,0.00034999847412109375,False
0,REFUGE->RIM_ONE_r3,17,S3,0.001,2.0476627349853516,0.14019498229026794,0.017222169786691666,0.0030597811564803123,0.0007050063577480614,0.03727251663804054,0.11240018904209137,0.7561846971511841,0.6201920881867409,0.618733175098896,-0.0014589130878448486,0.7369811721146107,0.737453993409872,0.00047282129526138306,0.4998316541314125,0.4990923386067152,-0.0007393155246973038,0.7476552985608578,0.7480174973607063,0.0003621987998485565,False
0,REFUGE->RIM_ONE_r3,17,S4,0.001,3.121084690093994,0.24133367836475372,0.017222169786691666,0.0030597811564803123,0.0007050063577480614,0.03727251663804054,0.11240018904209137,0.7561846971511841,0.6201920881867409,0.6186456177383661,-0.0015464704483747482,0.7369811721146107,0.7374834567308426,0.0005022846162319183,0.4998316541314125,0.49909909442067146,-0.0007325597107410431,0.7476552985608578,0.7480019927024841,0.00034669414162635803,False
0,REFUGE->RIM_ONE_r3,17,S5,0.001,1.4107298851013184,0.21304188668727875,0.017222169786691666,0.0030597811564803123,0.0007050063577480614,0.03727251663804054,0.11240018904209137,0.7561846971511841,0.6201920881867409,0.61868966370821,-0.0015024244785308838,0.7369811721146107,0.7374913953244686,0.0005102232098579407,0.4998316541314125,0.49859809689223766,-0.0012335572391748428,0.7476552985608578,0.7481010891497135,0.0004457905888557434,False
0,REFUGE->RIM_ONE_r3,18,S0,0.001,1.579998254776001,0.057931527495384216,0.015816422179341316,0.0024693149607628584,0.000966358813457191,0.03964579105377197,0.10271097719669342,0.7836339473724365,0.6201920881867409,0.6186283770948648,-0.00156371109187603,0.7369811721146107,0.7373425252735615,0.00036135315895080566,0.4998316541314125,0.4985079672187567,-0.0013236869126558304,0.7476552985608578,0.7480925023555756,0.0004372037947177887,False
0,REFUGE->RIM_ONE_r3,18,S1,0.001,1.5453431606292725,0.05642857402563095,0.015816422179341316,0.0024693149607628584,0.000966358813457191,0.03964579105377197,0.10271097719669342,0.7836339473724365,0.6201920881867409,0.6187055315822363,-0.0014865566045045853,0.7369811721146107,0.7373188361525536,0.00033766403794288635,0.4998316541314125,0.4985571336001158,-0.00127452053129673,0.7476552985608578,0.7480794116854668,0.00042411312460899353,False
0,REFUGE->RIM_ONE_r3,18,S2,0.001,2.1187217235565186,0.13841933012008667,0.015816422179341316,0.0024693149607628584,0.000966358813457191,0.03964579105377197,0.10271097719669342,0.7836339473724365,0.6201920881867409,0.6181533355265856,-0.0020387526601552963,0.7369811721146107,0.7375911213457584,0.0006099492311477661,0.4998316541314125,0.4981520473957062,-0.0016796067357063293,0.7476552985608578,0.7482732124626637,0.0006179139018058777,False
0,REFUGE->RIM_ONE_r3,18,S3,0.001,2.0780186653137207,0.136916384100914,0.015816422179341316,0.0024693149607628584,0.000966358813457191,0.03964579105377197,0.10271097719669342,0.7836339473724365,0.6201920881867409,0.6181966755539179,-0.0019954126328229904,0.7369811721146107,0.7375798411667347,0.0005986690521240234,0.4998316541314125,0.49817752093076706,-0.0016541332006454468,0.7476552985608578,0.7482691220939159,0.0006138235330581665,False
0,REFUGE->RIM_ONE_r3,18,S4,0.001,2.8047733306884766,0.25538453459739685,0.015816422179341316,0.0024693149607628584,0.000966358813457191,0.03964579105377197,0.10271097719669342,0.7836339473724365,0.6201920881867409,0.6176750436425209,-0.0025170445442199707,0.7369811721146107,0.7377594523131847,0.0007782801985740662,0.4998316541314125,0.49788624979555607,-0.0019454043358564377,0.7476552985608578,0.7483847960829735,0.0007294975221157074,False
0,REFUGE->RIM_ONE_r3,18,S5,0.001,1.6485108137130737,0.23470279574394226,0.015816422179341316,0.0024693149607628584,0.000966358813457191,0.03964579105377197,0.10271097719669342,0.7836339473724365,0.6201920881867409,0.618581984192133,-0.0016101039946079254,0.7369811721146107,0.7374384701251984,0.00045729801058769226,0.4998316541314125,0.49817164056003094,-0.001660013571381569,0.7476552985608578,0.7481643296778202,0.0005090311169624329,False
0,REFUGE->RIM_ONE_r3,19,S0,0.001,2.288856029510498,0.05702033266425133,0.015035230666399002,0.008926722221076488,0.0006883868481963873,0.03305837884545326,0.10988824814558029,0.7467740178108215,0.6201920881867409,0.6181997004896402,-0.0019923876971006393,0.7369811721146107,0.7376058213412762,0.0006246492266654968,0.4998316541314125,0.4979421254247427,-0.0018895287066698074,0.7476552985608578,0.7483475171029568,0.000692218542098999,False
0,REFUGE->RIM_ONE_r3,19,S1,0.001,1.9722285270690918,0.048781998455524445,0.015035230666399002,0.008926722221076488,0.0006883868481963873,0.03305837884545326,0.10988824814558029,0.7467740178108215,0.6201920881867409,0.6183274257928133,-0.0018646623939275742,0.7369811721146107,0.7375493347644806,0.0005681626498699188,0.4998316541314125,0.4980640560388565,-0.0017675980925559998,0.7476552985608578,0.7483073025941849,0.0006520040333271027,False
0,REFUGE->RIM_ONE_r3,19,S2,0.001,2.874302864074707,0.13908201456069946,0.015035230666399002,0.008926722221076488,0.0006883868481963873,0.03305837884545326,0.10988824814558029,0.7467740178108215,0.6201920881867409,0.6180266886949539,-0.002165399491786957,0.7369811721146107,0.7377180866897106,0.0007369145750999451,0.4998316541314125,0.49779666773974895,-0.0020349863916635513,0.7476552985608578,0.7484292611479759,0.0007739625871181488,False
0,REFUGE->RIM_ONE_r3,19,S3,0.001,2.544337749481201,0.13084368407726288,0.015035230666399002,0.008926722221076488,0.0006883868481963873,0.03305837884545326,0.10988824814558029,0.7467740178108215,0.6201920881867409,0.6180956102907658,-0.002096477895975113,0.7369811721146107,0.737690519541502,0.0007093474268913269,0.4998316541314125,0.4978669695556164,-0.0019646845757961273,0.7476552985608578,0.7484101802110672,0.0007548816502094269,False
0,REFUGE->RIM_ONE_r3,19,S4,0.001,3.5353565216064453,0.2334146946668625,0.015035230666399002,0.008926722221076488,0.0006883868481963873,0.03305837884545326,0.10988824814558029,0.7467740178108215,0.6201920881867409,0.6178523078560829,-0.002339780330657959,0.7369811721146107,0.7377610169351101,0.0007798448204994202,0.4998316541314125,0.4976944327354431,-0.002137221395969391,0.7476552985608578,0.7484557963907719,0.000800497829914093,False
0,REFUGE->RIM_ONE_r3,19,S5,0.001,2.4561052322387695,0.19413451850414276,0.015035230666399002,0.008926722221076488,0.0006883868481963873,0.03305837884545326,0.10988824814558029,0.7467740178108215,0.6201920881867409,0.6184161156415939,-0.0017759725451469421,0.7369811721146107,0.7375620976090431,0.0005809254944324493,0.4998316541314125,0.4979187846183777,-0.0019128695130348206,0.7476552985608578,0.7483242563903332,0.0006689578294754028,False
0,REFUGE->RIM_ONE_r3,20,S0,0.001,1.6525242328643799,0.06420636177062988,0.01741679012775421,0.0041243815794587135,0.0010296354303136468,0.04266519472002983,0.11101323366165161,0.6687668561935425,0.6201920881867409,0.6191154606640339,-0.0010766275227069855,0.7369811721146107,0.7371676750481129,0.00018650293350219727,0.4998316541314125,0.49939501844346523,-0.00043663568794727325,0.7476552985608578,0.7477086111903191,5.331262946128845e-05,False
0,REFUGE->RIM_ONE_r3,20,S1,0.001,1.5580788850784302,0.06111162155866623,0.01741679012775421,0.0041243815794587135,0.0010296354303136468,0.04266519472002983,0.11101323366165161,0.6687668561935425,0.6201920881867409,0.6193377319723368,-0.0008543562144041061,0.7369811721146107,0.7371292896568775,0.0001481175422668457,0.4998316541314125,0.49969323724508286,-0.00013841688632965088,0.7476552985608578,0.747621513903141,-3.37846577167511e-05,False
0,REFUGE->RIM_ONE_r3,20,S2,0.001,1.93211829662323,0.1384483277797699,0.01741679012775421,0.0041243815794587135,0.0010296354303136468,0.04266519472002983,0.11101323366165161,0.6687668561935425,0.6201920881867409,0.6186299994587898,-0.0015620887279510498,0.7369811721146107,0.7373609021306038,0.0003797300159931183,0.4998316541314125,0.49892856925725937,-0.0009030848741531372,0.7476552985608578,0.7479204460978508,0.00026514753699302673,False
0,REFUGE->RIM_ONE_r3,20,S3,0.001,1.7893675565719604,0.13535359501838684,0.01741679012775421,0.0041243815794587135,0.0010296354303136468,0.04266519472002983,0.11101323366165161,0.6687668561935425,0.6201920881867409,0.6187509652227163,-0.0014411229640245438,0.7369811721146107,0.7373490631580353,0.0003678910434246063,0.4998316541314125,0.49914312176406384,-0.000688532367348671,0.7476552985608578,0.7478626295924187,0.00020733103156089783,False
0,REFUGE->RIM_ONE_r3,20,S4,0.001,2.458595037460327,0.21211691200733185,0.01741679012775421,0.0041243815794587135,0.0010296354303136468,0.04266519472002983,0.11101323366165161,0.6687668561935425,0.6201920881867409,0.6183880064636469,-0.0018040817230939865,0.7369811721146107,0.7375222966074944,0.0005411244928836823,0.4998316541314125,0.49910970963537693,-0.0007219444960355759,0.7476552985608578,0.7479286231100559,0.00027332454919815063,False
0,REFUGE->RIM_ONE_r3,20,S5,0.001,1.5046637058258057,0.2140967845916748,0.01741679012775421,0.0041243815794587135,0.0010296354303136468,0.04266519472002983,0.11101323366165161,0.6687668561935425,0.6201920881867409,0.6190877538174391,-0.001104334369301796,0.7369811721146107,0.7372473105788231,0.0002661384642124176,0.4998316541314125,0.4992165379226208,-0.0006151162087917328,0.7476552985608578,0.7477402128279209,8.491426706314087e-05,False
0,REFUGE->RIM_ONE_r3,21,S0,0.001,1.5006264448165894,0.06612372398376465,0.018001506105065346,0.00976529996842146,0.0008631799719296396,0.03835691884160042,0.10471581667661667,0.7181854248046875,0.6201920881867409,0.620108537375927,-8.355081081390381e-05,0.7369811721146107,0.7369212806224823,-5.989149212837219e-05,0.4998316541314125,0.5002225078642368,0.00039085373282432556,0.7476552985608578,0.747527964413166,-0.00012733414769172668,False
0,REFUGE->RIM_ONE_r3,21,S1,0.001,1.3673193454742432,0.057221606373786926,0.018001506105065346,0.00976529996842146,0.0008631799719296396,0.03835691884160042,0.10471581667661667,0.7181854248046875,0.6201920881867409,0.6200353298336267,-0.0001567583531141281,0.7369811721146107,0.7369159124791622,-6.525963544845581e-05,0.4998316541314125,0.5000665299594402,0.00023487582802772522,0.7476552985608578,0.7475476674735546,-0.00010763108730316162,False
0,REFUGE->RIM_ONE_r3,21,S2,0.001,1.5964897871017456,0.1413290947675705,0.018001506105065346,0.00976529996842146,0.0008631799719296396,0.03835691884160042,0.10471581667661667,0.7181854248046875,0.6201920881867409,0.619738919660449,-0.00045316852629184723,0.7369811721146107,0.7371002621948719,0.00011909008026123047,0.4998316541314125,0.49993705190718174,0.0001053977757692337,0.7476552985608578,0.7476596906781197,4.392117261886597e-06,False
0,REFUGE->RIM_ONE_r3,21,S3,0.001,1.4805108308792114,0.13242697715759277,0.018001506105065346,0.00976529996842146,0.0008631799719296396,0.03835691884160042,0.10471581667661667,0.7181854248046875,0.6201920881867409,0.6196391563862562,-0.0005529318004846573,0.7369811721146107,0.7371116243302822,0.0001304522156715393,0.4998316541314125,0.49975490011274815,-7.675401866436005e-05,0.7476552985608578,0.7476958595216274,4.056096076965332e-05,False
0,REFUGE->RIM_ONE_r3,21,S4,0.001,1.7272028923034668,0.18412946164608002,0.018001506105065346,0.00976529996842146,0.0008631799719296396,0.03835691884160042,0.10471581667661667,0.7181854248046875,0.6201920881867409,0.6191662792116404,-0.0010258089751005173,0.7369811721146107,0.737293116748333,0.0003119446337223053,0.4998316541314125,0.49929074198007584,-0.0005409121513366699,0.7476552985608578,0.7479058802127838,0.00025058165192604065,False
0,REFUGE->RIM_ONE_r3,21,S5,0.001,1.2916316986083984,0.20527538657188416,0.018001506105065346,0.00976529996842146,0.0008631799719296396,0.03835691884160042,0.10471581667661667,0.7181854248046875,0.6201920881867409,0.6200108341872692,-0.00018125399947166443,0.7369811721146107,0.7370551526546478,7.398054003715515e-05,0.4998316541314125,0.4993467051535845,-0.0004849489778280258,0.7476552985608578,0.7477994039654732,0.00014410540461540222,False
0,REFUGE->RIM_ONE_r3,22,S0,0.001,1.1620222330093384,0.058014288544654846,0.017850467935204506,0.009847153909504414,0.0008056489168666303,0.030316663905978203,0.10613535344600677,0.6903557777404785,0.6201920881867409,0.6188933532685041,-0.0012987349182367325,0.7369811721146107,0.737373661249876,0.00039248913526535034,0.4998316541314125,0.4990059472620487,-0.0008257068693637848,0.7476552985608578,0.7479904778301716,0.00033517926931381226,False
0,REFUGE->RIM_ONE_r3,22,S1,0.001,0.7789391279220581,0.048972778022289276,0.017850467935204506,0.009847153909504414,0.0008056489168666303,0.030316663905978203,0.10613535344600677,0.6903557777404785,0.6201920881867409,0.6185410916805267,-0.0016509965062141418,0.7369811721146107,0.7374643795192242,0.0004832074046134949,0.4998316541314125,0.49855993688106537,-0.0012717172503471375,0.7476552985608578,0.7481568455696106,0.0005015470087528229,False
0,REFUGE->RIM_ONE_r3,22,S2,0.001,1.8609237670898438,0.13128544390201569,0.017850467935204506,0.009847153909504414,0.0008056489168666303,0.030316663905978203,0.10613535344600677,0.6903557777404785,0.6201920881867409,0.6186941098421812,-0.0014979783445596695,0.7369811721146107,0.7374840267002583,0.000502854585647583,0.4998316541314125,0.4987658429890871,-0.0010658111423254013,0.7476552985608578,0.7481118924915791,0.00045659393072128296,False
0,REFUGE->RIM_ONE_r3,22,S3,0.001,1.4208447933197021,0.12224394083023071,0.017850467935204506,0.009847153909504414,0.0008056489168666303,0.030316663905978203,0.10613535344600677,0.6903557777404785,0.6201920881867409,0.618387758731842,-0.0018043294548988342,0.7369811721146107,0.7375812157988548,0.0006000436842441559,0.4998316541314125,0.4984054211527109,-0.0014262329787015915,0.7476552985608578,0.7482591867446899,0.0006038881838321686,False
0,REFUGE->RIM_ONE_r3,22,S4,0.001,2.386279582977295,0.20484940707683563,0.017850467935204506,0.009847153909504414,0.0008056489168666303,0.030316663905978203,0.10613535344600677,0.6903557777404785,0.6201920881867409,0.6181704849004745,-0.002021603286266327,0.7369811721146107,0.7376313768327236,0.0006502047181129456,0.4998316541314125,0.49839997477829456,-0.0014316793531179428,0.7476552985608578,0.7482421696186066,0.0005868710577487946,False
0,REFUGE->RIM_ONE_r3,22,S5,0.001,0.9447303414344788,0.20378905534744263,0.017850467935204506,0.009847153909504414,0.0008056489168666303,0.030316663905978203,0.10613535344600677,0.6903557777404785,0.6201920881867409,0.6188017725944519,-0.001390315592288971,0.7369811721146107,0.7374619692564011,0.00048079714179039,0.4998316541314125,0.4983852934092283,-0.0014463607221841812,0.7476552985608578,0.7481788359582424,0.0005235373973846436,False
0,REFUGE->RIM_ONE_r3,23,S0,0.001,1.516512155532837,0.05117371678352356,0.01810184121131897,0.007120378781110048,0.001014893758110702,0.02595149539411068,0.10162904858589172,0.7382379770278931,0.6201920881867409,0.6200794111937284,-0.00011267699301242828,0.7369811721146107,0.7369153797626495,-6.579235196113586e-05,0.4998316541314125,0.5003598444163799,0.0005281902849674225,0.7476552985608578,0.7474724128842354,-0.00018288567662239075,False
0,REFUGE->RIM_ONE_r3,23,S1,0.001,1.3774274587631226,0.04506823047995567,0.01810184121131897,0.007120378781110048,0.001014893758110702,0.02595149539411068,0.10162904858589172,0.7382379770278931,0.6201920881867409,0.6203373186290264,0.00014523044228553772,0.7369811721146107,0.7368529364466667,-0.00012823566794395447,0.4998316541314125,0.5005006995052099,0.0006690453737974167,0.7476552985608578,0.7474077939987183,-0.0002475045621395111,False
0,REFUGE->RIM_ONE_r3,23,S2,0.001,1.6584612131118774,0.1262001395225525,0.01810184121131897,0.007120378781110048,0.001014893758110702,0.02595149539411068,0.10162904858589172,0.7382379770278931,0.6201920881867409,0.6195218022912741,-0.0006702858954668045,0.7369811721146107,0.7371187508106232,0.00013757869601249695,0.4998316541314125,0.49977158941328526,-6.006471812725067e-05,0.7476552985608578,0.7477014437317848,4.614517092704773e-05,False
0,REFUGE->RIM_ONE_r3,23,S3,0.001,1.4759804010391235,0.1200946569442749,0.01810184121131897,0.007120378781110048,0.001014893758110702,0.02595149539411068,0.10162904858589172,0.7382379770278931,0.6201920881867409,0.6196811534464359,-0.0005109347403049469,0.7369811721146107,0.7370838709175587,0.00010269880294799805,0.4998316541314125,0.4998461864888668,1.4532357454299927e-05,0.7476552985608578,0.7476639375090599,8.638948202133179e-06,False
0,REFUGE->RIM_ONE_r3,23,S4,0.001,2.422909736633301,0.17318956553936005,0.01810184121131897,0.007120378781110048,0.001014893758110702,0.02595149539411068,0.10162904858589172,0.7382379770278931,0.6201920881867409,0.6190624367445707,-0.0011296514421701431,0.7369811721146107,0.7372762598097324,0.00029508769512176514,0.4998316541314125,0.49933300353586674,-0.0004986505955457687,0.7476552985608578,0.7478897199034691,0.00023442134261131287,False
0,REFUGE->RIM_ONE_r3,23,S5,0.001,1.325536847114563,0.2073354572057724,0.01810184121131897,0.007120378781110048,0.001014893758110702,0.02595149539411068,0.10162904858589172,0.7382379770278931,0.6201920881867409,0.6197736524045467,-0.0004184357821941376,0.7369811721146107,0.7371125631034374,0.0001313909888267517,0.4998316541314125,0.4988299794495106,-0.0010016746819019318,0.7476552985608578,0.7479088231921196,0.00025352463126182556,False
0,REFUGE->RIM_ONE_r3,24,S0,0.001,1.280063271522522,0.05795971304178238,0.016358565539121628,0.012944505549967289,0.0006197263137437403,0.028656644746661186,0.10876306891441345,0.7964808940887451,0.6201920881867409,0.6189144365489483,-0.0012776516377925873,0.7369811721146107,0.7373080030083656,0.0003268308937549591,0.4998316541314125,0.49927113205194473,-0.0005605220794677734,0.7476552985608578,0.7479604482650757,0.00030514970421791077,False
0,REFUGE->RIM_ONE_r3,24,S1,0.001,1.101300835609436,0.04563493654131889,0.016358565539121628,0.012944505549967289,0.0006197263137437403,0.028656644746661186,0.10876306891441345,0.7964808940887451,0.6201920881867409,0.6189589351415634,-0.0012331530451774597,0.7369811721146107,0.7372439168393612,0.0002627447247505188,0.4998316541314125,0.49923297204077244,-0.000598682090640068,0.7476552985608578,0.747907992452383,0.00025269389152526855,False
0,REFUGE->RIM_ONE_r3,24,S2,0.001,1.72215735912323,0.1445874273777008,0.016358565539121628,0.012944505549967289,0.0006197263137437403,0.028656644746661186,0.10876306891441345,0.7964808940887451,0.6201920881867409,0.6183131113648415,-0.001878976821899414,0.7369811721146107,0.7375870868563652,0.0006059147417545319,0.4998316541314125,0.4987645708024502,-0.001067083328962326,0.7476552985608578,0.7481698952615261,0.000514596700668335,False
0,REFUGE->RIM_ONE_r3,24,S3,0.001,1.5307804346084595,0.13226264715194702,0.016358565539121628,0.012944505549967289,0.0006197263137437403,0.028656644746661186,0.10876306891441345,0.7964808940887451,0.6201920881867409,0.6182554867118597,-0.0019366014748811722,0.7369811721146107,0.7375807985663414,0.0005996264517307281,0.4998316541314125,0.4986627921462059,-0.001168861985206604,0.7476552985608578,0.748164139688015,0.0005088411271572113,False
0,REFUGE->RIM_ONE_r3,24,S4,0.001,2.288456916809082,0.22802414000034332,0.016358565539121628,0.012944505549967289,0.0006197263137437403,0.028656644746661186,0.10876306891441345,0.7964808940887451,0.6201920881867409,0.6176915317773819,-0.0025005564093589783,0.7369811721146107,0.7377768270671368,0.0007956549525260925,0.4998316541314125,0.4981963038444519,-0.0016353502869606018,0.7476552985608578,0.7483449429273605,0.0006896443665027618,False
0,REFUGE->RIM_ONE_r3,24,S5,0.001,1.346492052078247,0.255943238735199,0.016358565539121628,0.012944505549967289,0.0006197263137437403,0.028656644746661186,0.10876306891441345,0.7964808940887451,0.6201920881867409,0.6189434751868248,-0.0012486129999160767,0.7369811721146107,0.7373717166483402,0.0003905445337295532,0.4998316541314125,0.4986458234488964,-0.001185830682516098,0.7476552985608578,0.7479941695928574,0.000338871031999588,False
0,REFUGE->RIM_ONE_r3,25,S0,0.001,1.5554839372634888,0.08021038770675659,0.017222169786691666,0.0157981738448143,0.001054488937370479,0.047190047800540924,0.10656918585300446,0.787144660949707,0.6201920881867409,0.6182693317532539,-0.0019227564334869385,0.7369811721146107,0.7374652288854122,0.0004840567708015442,0.4998316541314125,0.49832136183977127,-0.0015102922916412354,0.7476552985608578,0.7481639385223389,0.0005086399614810944,False
0,REFUGE->RIM_ONE_r3,25,S1,0.001,1.4411356449127197,0.06546670198440552,0.017222169786691666,0.0157981738448143,0.001054488937370479,0.047190047800540924,0.10656918585300446,0.787144660949707,0.6201920881867409,0.6182578336447477,-0.0019342545419931412,0.7369811721146107,0.737485483288765,0.0005043111741542816,0.4998316541314125,0.4982405807822943,-0.0015910733491182327,0.7476552985608578,0.7481978014111519,0.0005425028502941132,False
0,REFUGE->RIM_ONE_r3,25,S2,0.001,2.095752239227295,0.16409575939178467,0.017222169786691666,0.0157981738448143,0.001054488937370479,0.047190047800540924,0.10656918585300446,0.787144660949707,0.6201920881867409,0.6180069670081139,-0.002185121178627014,0.7369811721146107,0.7376426421105862,0.0006614699959754944,0.4998316541314125,0.49821153096854687,-0.0016201231628656387,0.7476552985608578,0.7482506521046162,0.0005953535437583923,False
0,REFUGE->RIM_ONE_r3,25,S3,0.001,1.981342077255249,0.1493520736694336,0.017222169786691666,0.0157981738448143,0.001054488937370479,0.047190047800540924,0.10656918585300446,0.787144660949707,0.6201920881867409,0.6179897077381611,-0.002202380448579788,0.7369811721146107,0.7376658283174038,0.0006846562027931213,0.4998316541314125,0.4981539808213711,-0.0016776733100414276,0.7476552985608578,0.7482774071395397,0.0006221085786819458,False
0,REFUGE->RIM_ONE_r3,25,S4,0.001,2.7063543796539307,0.27575168013572693,0.017222169786691666,0.0157981738448143,0.001054488937370479,0.047190047800540924,0.10656918585300446,0.787144660949707,0.6201920881867409,0.6175577901303768,-0.0026342980563640594,0.7369811721146107,0.7378022484481335,0.0008210763335227966,0.4998316541314125,0.4979987144470215,-0.0018329396843910217,0.7476552985608578,0.7483359053730965,0.0006806068122386932,False
0,REFUGE->RIM_ONE_r3,25,S5,0.001,1.8577946424484253,0.24256137013435364,0.017222169786691666,0.0157981738448143,0.001054488937370479,0.047190047800540924,0.10656918585300446,0.787144660949707,0.6201920881867409,0.6183958426117897,-0.0017962455749511719,0.7369811721146107,0.7375486604869366,0.0005674883723258972,0.4998316541314125,0.4979394469410181,-0.0018922071903944016,0.7476552985608578,0.7482788413763046,0.0006235428154468536,False
0,REFUGE->RIM_ONE_r3,26,S0,0.001,1.291170358657837,0.0661015436053276,0.015816422179341316,0.0016531082801520824,0.0005679372698068619,0.04863201081752777,0.11131566762924194,0.6892342567443848,0.6201920881867409,0.6191678736358881,-0.0010242145508527756,0.7369811721146107,0.737239420413971,0.00025824829936027527,0.4998316541314125,0.4988490752875805,-0.000982578843832016,0.7476552985608578,0.7479899190366268,0.00033462047576904297,False
0,REFUGE->RIM_ONE_r3,26,S1,0.001,1.2584725618362427,0.06501637399196625,0.015816422179341316,0.0016531082801520824,0.0005679372698068619,0.04863201081752777,0.11131566762924194,0.6892342567443848,0.6201920881867409,0.619207140058279,-0.0009849481284618378,0.7369811721146107,0.7372188344597816,0.00023766234517097473,0.4998316541314125,0.49888281524181366,-0.0009488388895988464,0.7476552985608578,0.7479721270501614,0.00031682848930358887,False
0,REFUGE->RIM_ONE_r3,26,S2,0.001,1.6964212656021118,0.14282411336898804,0.015816422179341316,0.0016531082801520824,0.0005679372698068619,0.04863201081752777,0.11131566762924194,0.6892342567443848,0.6201920881867409,0.6185370683670044,-0.0016550198197364807,0.7369811721146107,0.7375309281051159,0.0005497559905052185,0.4998316541314125,0.4983082637190819,-0.0015233904123306274,0.7476552985608578,0.7482388131320477,0.0005835145711898804,False
0,REFUGE->RIM_ONE_r3,26,S3,0.001,1.6565577983856201,0.14173895120620728,0.015816422179341316,0.0016531082801520824,0.0005679372698068619,0.04863201081752777,0.11131566762924194,0.6892342567443848,0.6201920881867409,0.6185489613562822,-0.001643126830458641,0.7369811721146107,0.7375219985842705,0.0005408264696598053,0.4998316541314125,0.4983099065721035,-0.0015217475593090057,0.7476552985608578,0.7482363432645798,0.0005810447037220001,False
0,REFUGE->RIM_ONE_r3,26,S4,0.001,2.2787864208221436,0.2706344723701477,0.015816422179341316,0.0016531082801520824,0.0005679372698068619,0.04863201081752777,0.11131566762924194,0.6892342567443848,0.6201920881867409,0.6182895377278328,-0.001902550458908081,0.7369811721146107,0.7375928424298763,0.0006116703152656555,0.4998316541314125,0.49822795763611794,-0.001603696495294571,0.7476552985608578,0.7482685893774033,0.0006132908165454865,False
0,REFUGE->RIM_ONE_r3,26,S5,0.001,1.9831948280334473,0.20743684470653534,0.015816422179341316,0.0016531082801520824,0.0005679372698068619,0.04863201081752777,0.11131566762924194,0.6892342567443848,0.6201920881867409,0.6190809737890959,-0.0011111143976449966,0.7369811721146107,0.737296562641859,0.00031539052724838257,0.4998316541314125,0.4985148888081312,-0.0013167653232812881,0.7476552985608578,0.7481046430766582,0.0004493445158004761,False
0,REFUGE->RIM_ONE_r3,27,S0,0.001,1.241737723350525,0.04247881472110748,0.015035230666399002,0.006151215638965368,0.0006564928335137665,0.021292367950081825,0.10669605433940887,0.8073581457138062,0.6201920881867409,0.6181400772184134,-0.0020520109683275223,0.7369811721146107,0.7376242056488991,0.0006430335342884064,0.4998316541314125,0.49820955097675323,-0.0016221031546592712,0.7476552985608578,0.7483124732971191,0.0006571747362613678,False
0,REFUGE->RIM_ONE_r3,27,S1,0.001,1.1392308473587036,0.036984093487262726,0.015035230666399002,0.006151215638965368,0.0006564928335137665,0.021292367950081825,0.10669605433940887,0.8073581457138062,0.6201920881867409,0.6182391718029976,-0.0019529163837432861,0.7369811721146107,0.7375913336873055,0.0006101615726947784,0.4998316541314125,0.4982742238789797,-0.0015574302524328232,0.7476552985608578,0.7482824325561523,0.0006271339952945709,False
0,REFUGE->RIM_ONE_r3,27,S2,0.001,1.8873975276947021,0.12862074375152588,0.015035230666399002,0.006151215638965368,0.0006564928335137665,0.021292367950081825,0.10669605433940887,0.8073581457138062,0.6201920881867409,0.6177930627018213,-0.002399025484919548,0.7369811721146107,0.7378307841718197,0.0008496120572090149,0.4998316541314125,0.4979196600615978,-0.001911994069814682,0.7476552985608578,0.7484309412539005,0.0007756426930427551,False
0,REFUGE->RIM_ONE_r3,27,S3,0.001,1.7740575075149536,0.12312601506710052,0.015035230666399002,0.006151215638965368,0.0006564928335137665,0.021292367950081825,0.10669605433940887,0.8073581457138062,0.6201920881867409,0.6178286205977201,-0.002363467589020729,0.7369811721146107,0.7378238067030907,0.0008426345884799957,0.4998316541314125,0.4979374408721924,-0.0018942132592201233,0.7476552985608578,0.7484211549162865,0.0007658563554286957,False
0,REFUGE->RIM_ONE_r3,27,S4,0.001,2.5431299209594727,0.223569855093956,0.015035230666399002,0.006151215638965368,0.0006564928335137665,0.021292367950081825,0.10669605433940887,0.8073581457138062,0.6201920881867409,0.6173884626477957,-0.002803625538945198,0.7369811721146107,0.7379528805613518,0.0009717084467411041,0.4998316541314125,0.49769735522568226,-0.0021342989057302475,0.7476552985608578,0.7484896034002304,0.0008343048393726349,False
0,REFUGE->RIM_ONE_r3,27,S5,0.001,1.6357090473175049,0.24115732312202454,0.015035230666399002,0.006151215638965368,0.0006564928335137665,0.021292367950081825,0.10669605433940887,0.8073581457138062,0.6201920881867409,0.6189125869423151,-0.0012795012444257736,0.7369811721146107,0.737495943903923,0.0005147717893123627,0.4998316541314125,0.4983906876295805,-0.0014409665018320084,0.7476552985608578,0.7481160946190357,0.000460796058177948,False
0,REFUGE->RIM_ONE_r3,28,S0,0.001,1.5752979516983032,0.061266884207725525,0.01741679012775421,0.004445268306881189,0.0007758761057630181,0.03940482810139656,0.10308903455734253,0.7752751111984253,0.6201920881867409,0.6182405315339565,-0.0019515566527843475,0.7369811721146107,0.7374599687755108,0.00047879666090011597,0.4998316541314125,0.49833979830145836,-0.0014918558299541473,0.7476552985608578,0.7481051422655582,0.00044984370470046997,False
0,REFUGE->RIM_ONE_r3,28,S1,0.001,1.4448590278625488,0.05759749561548233,0.01741679012775421,0.004445268306881189,0.0007758761057630181,0.03940482810139656,0.10308903455734253,0.7752751111984253,0.6201920881867409,0.6184119544923306,-0.001780133694410324,0.7369811721146107,0.7373916059732437,0.0004104338586330414,0.4998316541314125,0.49850389547646046,-0.0013277586549520493,0.7476552985608578,0.7480408549308777,0.0003855563700199127,False
0,REFUGE->RIM_ONE_r3,28,S2,0.001,2.2343506813049316,0.14118924736976624,0.01741679012775421,0.004445268306881189,0.0007758761057630181,0.03940482810139656,0.10308903455734253,0.7752751111984253,0.6201920881867409,0.6177772711962461,-0.002414816990494728,0.7369811721146107,0.7376986518502235,0.0007174797356128693,0.4998316541314125,0.49787698686122894,-0.0019546672701835632,0.7476552985608578,0.7483210489153862,0.0006657503545284271,False
0,REFUGE->RIM_ONE_r3,28,S3,0.001,2.0639071464538574,0.13751985132694244,0.01741679012775421,0.004445268306881189,0.0007758761057630181,0.03940482810139656,0.10308903455734253,0.7752751111984253,0.6201920881867409,0.617812491953373,-0.00237959623336792,0.7369811721146107,0.7376837357878685,0.0007025636732578278,0.4998316541314125,0.49791788682341576,-0.0019137673079967499,0.7476552985608578,0.7483067139983177,0.0006514154374599457,False
0,REFUGE->RIM_ONE_r3,28,S4,0.001,3.2060165405273438,0.2646127939224243,0.01741679012775421,0.004445268306881189,0.0007758761057630181,0.03940482810139656,0.10308903455734253,0.7752751111984253,0.6201920881867409,0.6174064390361309,-0.00278564915060997,0.7369811721146107,0.7378186471760273,0.000837475061416626,0.4998316541314125,0.49776023998856544,-0.002071414142847061,0.7476552985608578,0.7483909428119659,0.0007356442511081696,False
0,REFUGE->RIM_ONE_r3,28,S5,0.001,1.7356175184249878,0.22094497084617615,0.01741679012775421,0.004445268306881189,0.0007758761057630181,0.03940482810139656,0.10308903455734253,0.7752751111984253,0.6201920881867409,0.6182251609861851,-0.0019669272005558014,0.7369811721146107,0.7375080548226833,0.0005268827080726624,0.4998316541314125,0.49822777323424816,-0.0016038808971643448,0.7476552985608578,0.7481307648122311,0.000475466251373291,False
0,REFUGE->RIM_ONE_r3,29,S0,0.001,1.804036259651184,0.06464990973472595,0.018001506105065346,0.008428836241364479,0.0011179597349837422,0.03821956366300583,0.111996129155159,0.7448217272758484,0.6201920881867409,0.619082149118185,-0.001109939068555832,0.7369811721146107,0.7372338250279427,0.0002526529133319855,0.4998316541314125,0.4991806987673044,-0.0006509553641080856,0.7476552985608578,0.7479163929820061,0.00026109442114830017,False
0,REFUGE->RIM_ONE_r3,29,S1,0.001,1.7164740562438965,0.057339027523994446,0.018001506105065346,0.008428836241364479,0.0011179597349837422,0.03821956366300583,0.111996129155159,0.7448217272758484,0.6201920881867409,0.6190824583172798,-0.0011096298694610596,0.7369811721146107,0.7372053265571594,0.00022415444254875183,0.4998316541314125,0.4990815855562687,-0.0007500685751438141,0.7476552985608578,0.7479238472878933,0.00026854872703552246,False
0,REFUGE->RIM_ONE_r3,29,S2,0.001,2.5324597358703613,0.14806705713272095,0.018001506105065346,0.008428836241364479,0.0011179597349837422,0.03821956366300583,0.111996129155159,0.7448217272758484,0.6201920881867409,0.6185739729553461,-0.0016181152313947678,0.7369811721146107,0.7375054024159908,0.0005242303013801575,0.4998316541314125,0.4987282957881689,-0.001103358343243599,0.7476552985608578,0.7481232807040215,0.00046798214316368103,False
0,REFUGE->RIM_ONE_r3,29,S3,0.001,2.4431352615356445,0.14075617492198944,0.018001506105065346,0.008428836241364479,0.0011179597349837422,0.03821956366300583,0.111996129155159,0.7448217272758484,0.6201920881867409,0.6185521874576807,-0.001639900729060173,0.7369811721146107,0.7374954260885715,0.0005142539739608765,0.4998316541314125,0.4986273031681776,-0.0012043509632349014,0.7476552985608578,0.7481435798108578,0.00048828125,False
0,REFUGE->RIM_ONE_r3,29,S4,0.001,2.9168686866760254,0.24067369103431702,0.018001506105065346,0.008428836241364479,0.0011179597349837422,0.03821956366300583,0.111996129155159,0.7448217272758484,0.6201920881867409,0.6181186102330685,-0.002073477953672409,0.7369811721146107,0.7376336008310318,0.0006524287164211273,0.4998316541314125,0.49846835248172283,-0.0013633016496896744,0.7476552985608578,0.7482065372169018,0.0005512386560440063,False
0,REFUGE->RIM_ONE_r3,29,S5,0.001,2.062174081802368,0.2308601438999176,0.018001506105065346,0.008428836241364479,0.0011179597349837422,0.03821956366300583,0.111996129155159,0.7448217272758484,0.6201920881867409,0.6189795453101397,-0.0012125428766012192,0.7369811721146107,0.7373157441616058,0.00033457204699516296,0.4998316541314125,0.49866041727364063,-0.0011712368577718735,0.7476552985608578,0.7480573505163193,0.0004020519554615021,False
0,REFUGE->RIM_ONE_r3,30,S0,0.001,2.6601755619049072,0.07720313966274261,0.017850467935204506,0.004194941837340593,0.0008429652079939842,0.055157728493213654,0.10776519030332565,0.6228210926055908,0.6201920881867409,0.6189170628786087,-0.0012750253081321716,0.7369811721146107,0.7373065277934074,0.0003253556787967682,0.4998316541314125,0.49894166365265846,-0.0008899904787540436,0.7476552985608578,0.7479652985930443,0.0003100000321865082,False
0,REFUGE->RIM_ONE_r3,30,S1,0.001,2.552766799926758,0.07385116070508957,0.017850467935204506,0.004194941837340593,0.0008429652079939842,0.055157728493213654,0.10776519030332565,0.6228210926055908,0.6201920881867409,0.6188420839607716,-0.0013500042259693146,0.7369811721146107,0.7373228371143341,0.00034166499972343445,0.4998316541314125,0.49877817183732986,-0.0010534822940826416,0.7476552985608578,0.7480160854756832,0.00036078691482543945,False
0,REFUGE->RIM_ONE_r3,30,S2,0.001,2.9451065063476562,0.14432157576084137,0.017850467935204506,0.004194941837340593,0.0008429652079939842,0.055157728493213654,0.10776519030332565,0.6228210926055908,0.6201920881867409,0.6186229269951582,-0.0015691611915826797,0.7369811721146107,0.7374417372047901,0.00046056509017944336,0.4998316541314125,0.49868734553456306,-0.0011443085968494415,0.7476552985608578,0.7480804063379765,0.00042510777711868286,False
0,REFUGE->RIM_ONE_r3,30,S3,0.001,2.850005865097046,0.14096960425376892,0.017850467935204506,0.004194941837340593,0.0008429652079939842,0.055157728493213654,0.10776519030332565,0.6228210926055908,0.6201920881867409,0.6185525711625814,-0.0016395170241594315,0.7369811721146107,0.7374584227800369,0.00047725066542625427,0.4998316541314125,0.4985346980392933,-0.001296956092119217,0.7476552985608578,0.7481286711990833,0.0004733726382255554,False
0,REFUGE->RIM_ONE_r3,30,S4,0.001,3.219987392425537,0.22998003661632538,0.017850467935204506,0.004194941837340593,0.0008429652079939842,0.055157728493213654,0.10776519030332565,0.6228210926055908,0.6201920881867409,0.6183252986520529,-0.001866789534687996,0.7369811721146107,0.7375565953552723,0.0005754232406616211,0.4998316541314125,0.4984043091535568,-0.0014273449778556824,0.7476552985608578,0.7481913454830647,0.0005360469222068787,False
0,REFUGE->RIM_ONE_r3,30,S5,0.001,2.279585361480713,0.20474229753017426,0.017850467935204506,0.004194941837340593,0.0008429652079939842,0.055157728493213654,0.10776519030332565,0.6228210926055908,0.6201920881867409,0.6188873685896397,-0.0013047195971012115,0.7369811721146107,0.7373526617884636,0.00037148967385292053,0.4998316541314125,0.4987328629940748,-0.0010987911373376846,0.7476552985608578,0.748004861176014,0.0003495626151561737,False
0,REFUGE->RIM_ONE_r3,31,S0,0.001,2.159592628479004,0.07655715942382812,0.01810184121131897,0.00811376515775919,0.0015856677200645208,0.05034155398607254,0.10553134977817535,0.6213622689247131,0.6201920881867409,0.618178179487586,-0.002013908699154854,0.7369811721146107,0.7374983727931976,0.0005172006785869598,0.4998316541314125,0.49788963608443737,-0.0019420180469751358,0.7476552985608578,0.7482735402882099,0.0006182417273521423,False
0,REFUGE->RIM_ONE_r3,31,S1,0.001,1.9072240591049194,0.07002906501293182,0.01810184121131897,0.00811376515775919,0.0015856677200645208,0.05034155398607254,0.10553134977817535,0.6213622689247131,0.6201920881867409,0.618206450715661,-0.0019856374710798264,0.7369811721146107,0.7374863103032112,0.0005051381886005402,0.4998316541314125,0.4979256857186556,-0.0019059684127569199,0.7476552985608578,0.7482591681182384,0.0006038695573806763,False
0,REFUGE->RIM_ONE_r3,31,S2,0.001,2.729933977127075,0.14213036000728607,0.01810184121131897,0.00811376515775919,0.0015856677200645208,0.05034155398607254,0.10553134977817535,0.6213622689247131,0.6201920881867409,0.6179065518081188,-0.002285536378622055,0.7369811721146107,0.7376500181853771,0.000668846070766449,0.4998316541314125,0.4976452197879553,-0.002186434343457222,0.7476552985608578,0.7483981885015965,0.000742889940738678,False
0,REFUGE->RIM_ONE_r3,31,S3,0.001,2.47278094291687,0.13560226559638977,0.01810184121131897,0.00811376515775919,0.0015856677200645208,0.05034155398607254,0.10553134977817535,0.6213622689247131,0.6201920881867409,0.6178916394710541,-0.002300448715686798,0.7369811721146107,0.7376602478325367,0.0006790757179260254,0.4998316541314125,0.49764441698789597,-0.0021872371435165405,0.7476552985608578,0.7484021186828613,0.0007468201220035553,False
0,REFUGE->RIM_ONE_r3,31,S4,0.001,3.299839735031128,0.2481841742992401,0.01810184121131897,0.00811376515775919,0.0015856677200645208,0.05034155398607254,0.10553134977817535,0.6213622689247131,0.6201920881867409,0.6176763623952866,-0.002515725791454315,0.7369811721146107,0.7377323769032955,0.000751204788684845,0.4998316541314125,0.4975339565426111,-0.002297697588801384,0.7476552985608578,0.7484340593218803,0.0007787607610225677,False
0,REFUGE->RIM_ONE_r3,31,S5,0.001,2.1361520290374756,0.20424219965934753,0.01810184121131897,0.00811376515775919,0.0015856677200645208,0.05034155398607254,0.10553134977817535,0.6213622689247131,0.6201920881867409,0.6182668060064316,-0.0019252821803092957,0.7369811721146107,0.7375004589557648,0.0005192868411540985,0.4998316541314125,0.4978631865233183,-0.0019684676080942154,0.7476552985608578,0.7482620924711227,0.0006067939102649689,False
0,RIM_ONE_r3->Drishti_GS,0,S0,0.001,3.485966920852661,0.07653631269931793,0.01854902319610119,0.008084464818239212,0.001008208142593503,0.04990282654762268,0.13914930820465088,0.3103068470954895,0.6899990402162075,0.6884978916496038,-0.0015011485666036606,0.6696200221776962,0.6702608838677406,0.0006408616900444031,0.7460956051945686,0.7460837550461292,-1.1850148439407349e-05,0.6919702626764774,0.6917945854365826,-0.00017567723989486694,False
0,RIM_ONE_r3->Drishti_GS,0,S1,0.001,3.3713529109954834,0.06946005672216415,0.01854902319610119,0.008084464818239212,0.001008208142593503,0.04990282654762268,0.13914930820465088,0.3103068470954895,0.6899990402162075,0.6883999686688185,-0.0015990715473890305,0.6696200221776962,0.6702908799052238,0.0006708577275276184,0.7460956051945686,0.7459144406020641,-0.00018116459250450134,0.6919702626764774,0.6918878965079784,-8.236616849899292e-05,False
0,RIM_ONE_r3->Drishti_GS,0,S2,0.001,3.527193069458008,0.11971529573202133,0.01854902319610119,0.008084464818239212,0.001008208142593503,0.04990282654762268,0.13914930820465088,0.3103068470954895,0.6899990402162075,0.6883779373019934,-0.0016211029142141342,0.6696200221776962,0.6703734770417213,0.000753454864025116,0.7460956051945686,0.7459172494709492,-0.00017835572361946106,0.6919702626764774,0.6918587423861027,-0.00011152029037475586,False
0,RIM_ONE_r3->Drishti_GS,0,S3,0.001,3.382842779159546,0.11263903975486755,0.01854902319610119,0.008084464818239212,0.001008208142593503,0.04990282654762268,0.13914930820465088,0.3103068470954895,0.6899990402162075,0.688268406316638,-0.0017306338995695114,0.6696200221776962,0.6704103834927082,0.0007903613150119781,0.7460956051945686,0.7457408010959625,-0.0003548040986061096,0.6919702626764774,0.6919524185359478,-1.784414052963257e-05,False
0,RIM_ONE_r3->Drishti_GS,0,S4,0.001,3.4068491458892822,0.13355505466461182,0.01854902319610119,0.008084464818239212,0.001008208142593503,0.04990282654762268,0.13914930820465088,0.3103068470954895,0.6899990402162075,0.6882888004183769,-0.0017102397978305817,0.6696200221776962,0.6704433634877205,0.0008233413100242615,0.7460956051945686,0.7454875595867634,-0.0006080456078052521,0.6919702626764774,0.6920583993196487,8.813664317131042e-05,False
0,RIM_ONE_r3->Drishti_GS,0,S5,0.001,3.464106798171997,0.16262920200824738,0.01854902319610119,0.008084464818239212,0.001008208142593503,0.04990282654762268,0.13914930820465088,0.3103068470954895,0.6899990402162075,0.6884509231895208,-0.0015481170266866684,0.6696200221776962,0.670319102704525,0.0006990805268287659,0.7460956051945686,0.7456615790724754,-0.0004340261220932007,0.6919702626764774,0.6919946894049644,2.442672848701477e-05,False
0,RIM_ONE_r3->Drishti_GS,1,S0,0.001,2.4037301540374756,0.03788628429174423,0.01651669293642044,0.01124526932835579,0.0007866841624490917,0.010124322026968002,0.16095617413520813,0.3316443860530853,0.6899990402162075,0.6886795740574598,-0.001319466158747673,0.6696200221776962,0.6698208823800087,0.00020086020231246948,0.7460956051945686,0.75027871504426,0.004183109849691391,0.6919702626764774,0.6900062784552574,-0.0019639842212200165,False
0,RIM_ONE_r3->Drishti_GS,1,S1,0.001,1.0228263139724731,0.02742769941687584,0.01651669293642044,0.01124526932835579,0.0007866841624490917,0.010124322026968002,0.16095617413520813,0.3316443860530853,0.6899990402162075,0.6886019315570593,-0.0013971086591482162,0.6696200221776962,0.6698797792196274,0.00025975704193115234,0.7460956051945686,0.7496734410524368,0.0035778358578681946,0.6919702626764774,0.6903081610798836,-0.0016621015965938568,False
0,RIM_ONE_r3->Drishti_GS,1,S2,0.001,2.367208957672119,0.09126649796962738,0.01651669293642044,0.01124526932835579,0.0007866841624490917,0.010124322026968002,0.16095617413520813,0.3316443860530853,0.6899990402162075,0.6883714478462934,-0.0016275923699140549,0.6696200221776962,0.670011606067419,0.0003915838897228241,0.7460956051945686,0.750100415199995,0.004004810005426407,0.6919702626764774,0.6900736540555954,-0.0018966086208820343,False
0,RIM_ONE_r3->Drishti_GS,1,S3,0.001,1.0192488431930542,0.08080790936946869,0.01651669293642044,0.01124526932835579,0.0007866841624490917,0.010124322026968002,0.16095617413520813,0.3316443860530853,0.6899990402162075,0.6879366301000118,-0.0020624101161956787,0.6696200221776962,0.670309379696846,0.0006893575191497803,0.7460956051945686,0.7491321340203285,0.0030365288257598877,0.6919702626764774,0.6905272454023361,-0.0014430172741413116,False
0,RIM_ONE_r3->Drishti_GS,1,S4,0.001,1.0053037405014038,0.11597570776939392,0.01651669293642044,0.01124526932835579,0.0007866841624490917,0.010124322026968002,0.16095617413520813,0.3316443860530853,0.6899990402162075,0.6877732686698437,-0.0022257715463638306,0.6696200221776962,0.6704333163797855,0.0008132942020893097,0.7460956051945686,0.7488172315061092,0.0027216263115406036,0.6919702626764774,0.6906824894249439,-0.0012877732515335083,False
0,RIM_ONE_r3->Drishti_GS,1,S5,0.001,1.0599325895309448,0.115531325340271,0.01651669293642044,0.01124526932835579,0.0007866841624490917,0.010124322026968002,0.16095617413520813,0.3316443860530853,0.6899990402162075,0.6887623928487301,-0.001236647367477417,0.6696200221776962,0.6698493622243404,0.00022934004664421082,0.7460956051945686,0.7494709864258766,0.0033753812313079834,0.6919702626764774,0.6903660967946053,-0.0016041658818721771,False
0,RIM_ONE_r3->Drishti_GS,2,S0,0.001,4.753490924835205,0.07963870465755463,0.020572485402226448,0.025109965354204178,0.0012492840178310871,0.03395624831318855,0.1544380784034729,0.3218136429786682,0.6899990402162075,0.688286105170846,-0.0017129350453615189,0.6696200221776962,0.6704756990075111,0.0008556768298149109,0.7460956051945686,0.7456841245293617,-0.0004114806652069092,0.6919702626764774,0.6918969191610813,-7.334351539611816e-05,False
0,RIM_ONE_r3->Drishti_GS,2,S1,0.001,3.764082431793213,0.05577801913022995,0.020572485402226448,0.025109965354204178,0.0012492840178310871,0.03395624831318855,0.1544380784034729,0.3218136429786682,0.6899990402162075,0.6880510300397873,-0.0019480101764202118,0.6696200221776962,0.6704726405441761,0.0008526183664798737,0.7460956051945686,0.7460649199783802,-3.0685216188430786e-05,0.6919702626764774,0.6917666122317314,-0.00020365044474601746,False
0,RIM_ONE_r3->Drishti_GS,2,S2,0.001,4.918873310089111,0.12933897972106934,0.020572485402226448,0.025109965354204178,0.0012492840178310871,0.03395624831318855,0.1544380784034729,0.3218136429786682,0.6899990402162075,0.6883707884699106,-0.0016282517462968826,0.6696200221776962,0.6705012172460556,0.000881195068359375,0.7460956051945686,0.7453493848443031,-0.0007462203502655029,0.6919702626764774,0.6920387223362923,6.84596598148346e-05,False
0,RIM_ONE_r3->Drishti_GS,2,S3,0.001,3.839545249938965,0.10547829419374466,0.020572485402226448,0.025109965354204178,0.0012492840178310871,0.03395624831318855,0.1544380784034729,0.3218136429786682,0.6899990402162075,0.6881141141057014,-0.0018849261105060577,0.6696200221776962,0.6705292090773582,0.0009091868996620178,0.7460956051945686,0.7456100024282932,-0.0004856027662754059,0.6919702626764774,0.6919549256563187,-1.53370201587677e-05,False
0,RIM_ONE_r3->Drishti_GS,2,S4,0.001,4.166719436645508,0.12999960780143738,0.020572485402226448,0.025109965354204178,0.0012492840178310871,0.03395624831318855,0.1544380784034729,0.3218136429786682,0.6899990402162075,0.6881438493728638,-0.0018551908433437347,0.6696200221776962,0.6705699600279331,0.0009499378502368927,0.7460956051945686,0.7449598871171474,-0.0011357180774211884,0.6919702626764774,0.6922636069357395,0.00029334425926208496,False
0,RIM_ONE_r3->Drishti_GS,2,S5,0.001,3.8249216079711914,0.15117008984088898,0.020572485402226448,0.025109965354204178,0.0012492840178310871,0.03395624831318855,0.1544380784034729,0.3218136429786682,0.6899990402162075,0.6881623603403568,-0.0018366798758506775,0.6696200221776962,0.6704885996878147,0.0008685775101184845,0.7460956051945686,0.7457081153988838,-0.00038748979568481445,0.6919702626764774,0.6919160895049572,-5.4173171520233154e-05,False
0,RIM_ONE_r3->Drishti_GS,3,S0,0.001,9.644417762756348,0.1593429297208786,0.020597396418452263,0.04556641727685928,0.001929168007336557,0.0931791141629219,0.16343954205513,0.21857930719852448,0.6899990402162075,0.6887849923223257,-0.0012140478938817978,0.6696200221776962,0.6696892231702805,6.920099258422852e-05,0.7460956051945686,0.7501920238137245,0.004096418619155884,0.6919702626764774,0.6899717524647713,-0.0019985102117061615,False
0,RIM_ONE_r3->Drishti_GS,3,S1,0.001,7.115955829620361,0.11570567637681961,0.020597396418452263,0.04556641727685928,0.001929168007336557,0.0931791141629219,0.16343954205513,0.21857930719852448,0.6899990402162075,0.6889211013913155,-0.001077938824892044,0.6696200221776962,0.6696993783116341,7.93561339378357e-05,0.7460956051945686,0.7493959479033947,0.003300342708826065,0.6919702626764774,0.690328162163496,-0.0016421005129814148,False
0,RIM_ONE_r3->Drishti_GS,3,S2,0.001,9.8253812789917,0.19506743550300598,0.020597396418452263,0.04556641727685928,0.001929168007336557,0.0931791141629219,0.16343954205513,0.21857930719852448,0.6899990402162075,0.6887783128768206,-0.00122072733938694,0.6696200221776962,0.6697156131267548,9.559094905853271e-05,0.7460956051945686,0.7501826770603657,0.004087071865797043,0.6919702626764774,0.689969077706337,-0.002001184970140457,False
0,RIM_ONE_r3->Drishti_GS,3,S3,0.001,7.242114067077637,0.1514301747083664,0.020597396418452263,0.04556641727685928,0.001929168007336557,0.0931791141629219,0.16343954205513,0.21857930719852448,0.6899990402162075,0.6888962741941214,-0.0011027660220861435,0.6696200221776962,0.6697337105870247,0.0001136884093284607,0.7460956051945686,0.7494037337601185,0.0033081285655498505,0.6919702626764774,0.690313208848238,-0.001657053828239441,False
0,RIM_ONE_r3->Drishti_GS,3,S4,0.001,7.411083698272705,0.180303156375885,0.020597396418452263,0.04556641727685928,0.001929168007336557,0.0931791141629219,0.16343954205513,0.21857930719852448,0.6899990402162075,0.688972856849432,-0.0010261833667755127,0.6696200221776962,0.6697068586945534,8.683651685714722e-05,0.7460956051945686,0.7494522891938686,0.003356683999300003,0.6919702626764774,0.6902862302958965,-0.001684032380580902,False
0,RIM_ONE_r3->Drishti_GS,3,S5,0.001,7.204402923583984,0.1868419647216797,0.020597396418452263,0.04556641727685928,0.001929168007336557,0.0931791141629219,0.16343954205513,0.21857930719852448,0.6899990402162075,0.6889784913510084,-0.001020548865199089,0.6696200221776962,0.6696829125285149,6.289035081863403e-05,0.7460956051945686,0.7493898198008537,0.003294214606285095,0.6919702626764774,0.690329372882843,-0.0016408897936344147,False
0,RIM_ONE_r3->Drishti_GS,4,S0,0.001,6.829787254333496,0.11507819592952728,0.016417616978287697,0.01155147049576044,0.0016257187817245722,0.08710911124944687,0.17313668131828308,0.23898597061634064,0.6899990402162075,0.6894022952765226,-0.0005967449396848679,0.6696200221776962,0.6697538197040558,0.0001337975263595581,0.7460956051945686,0.7480629980564117,0.001967392861843109,0.6919702626764774,0.6908882111310959,-0.001082051545381546,False
0,RIM_ONE_r3->Drishti_GS,4,S1,0.001,6.422709941864014,0.1051524430513382,0.016417616978287697,0.01155147049576044,0.0016257187817245722,0.08710911124944687,0.17313668131828308,0.23898597061634064,0.6899990402162075,0.6893462706357241,-0.0006527695804834366,0.6696200221776962,0.6697657145559788,0.000145692378282547,0.7460956051945686,0.7480036430060863,0.0019080378115177155,0.6919702626764774,0.6909273378551006,-0.0010429248213768005,False
0,RIM_ONE_r3->Drishti_GS,4,S2,0.001,7.141523361206055,0.15645544230937958,0.016417616978287697,0.01155147049576044,0.0016257187817245722,0.08710911124944687,0.17313668131828308,0.23898597061634064,0.6899990402162075,0.689580412581563,-0.00041862763464450836,0.6696200221776962,0.6697542816400528,0.00013425946235656738,0.7460956051945686,0.7476586066186428,0.001563001424074173,0.6919702626764774,0.6910526491701603,-0.0009176135063171387,False
0,RIM_ONE_r3->Drishti_GS,4,S3,0.001,6.687420845031738,0.1465296894311905,0.016417616978287697,0.01155147049576044,0.0016257187817245722,0.08710911124944687,0.17313668131828308,0.23898597061634064,0.6899990402162075,0.6895218640565872,-0.00047717615962028503,0.6696200221776962,0.6697744987905025,0.0001544766128063202,0.7460956051945686,0.7475915960967541,0.00149599090218544,0.6919702626764774,0.6910936050117016,-0.0008766576647758484,False
0,RIM_ONE_r3->Drishti_GS,4,S4,0.001,6.752326011657715,0.1741827130317688,0.016417616978287697,0.01155147049576044,0.0016257187817245722,0.08710911124944687,0.17313668131828308,0.23898597061634064,0.6899990402162075,0.6895211227238178,-0.00047791749238967896,0.6696200221776962,0.6697849966585636,0.00016497448086738586,0.7460956051945686,0.7475664615631104,0.0014708563685417175,0.6919702626764774,0.6911038383841515,-0.0008664242923259735,False
0,RIM_ONE_r3->Drishti_GS,4,S5,0.001,6.509036540985107,0.17700344324111938,0.016417616978287697,0.01155147049576044,0.0016257187817245722,0.08710911124944687,0.17313668131828308,0.23898597061634064,0.6899990402162075,0.6894246060401201,-0.0005744341760873795,0.6696200221776962,0.6697505302727222,0.00013050809502601624,0.7460956051945686,0.7479311935603619,0.0018355883657932281,0.6919702626764774,0.6909567937254906,-0.0010134689509868622,False
0,RIM_ONE_r3->Drishti_GS,5,S0,0.001,2.297170400619507,0.044320378452539444,0.01854902319610119,0.007057536393404007,0.0008917751838453114,0.01871381886303425,0.14929519593715668,0.3774559795856476,0.6899990402162075,0.6881070975214243,-0.0018919426947832108,0.6696200221776962,0.6702043265104294,0.0005843043327331543,0.7460956051945686,0.7483001351356506,0.0022045299410820007,0.6919702626764774,0.6908472813665867,-0.001122981309890747,False
0,RIM_ONE_r3->Drishti_GS,5,S1,0.001,1.2665023803710938,0.038154616951942444,0.01854902319610119,0.007057536393404007,0.0008917751838453114,0.01871381886303425,0.14929519593715668,0.3774559795856476,0.6899990402162075,0.6883934270590544,-0.0016056131571531296,0.6696200221776962,0.6700525879859924,0.0004325658082962036,0.7460956051945686,0.7476988285779953,0.0016032233834266663,0.6919702626764774,0.6912094913423061,-0.0007607713341712952,False
0,RIM_ONE_r3->Drishti_GS,5,S2,0.001,2.1788675785064697,0.10067274421453476,0.01854902319610119,0.007057536393404007,0.0008917751838453114,0.01871381886303425,0.14929519593715668,0.3774559795856476,0.6899990402162075,0.6877618320286274,-0.0022372081875801086,0.6696200221776962,0.670393131673336,0.000773109495639801,0.7460956051945686,0.7482565008103848,0.0021608956158161163,0.6919702626764774,0.690873246639967,-0.0010970160365104675,False
0,RIM_ONE_r3->Drishti_GS,5,S3,0.001,1.1830430030822754,0.09450698643922806,0.01854902319610119,0.007057536393404007,0.0008917751838453114,0.01871381886303425,0.14929519593715668,0.3774559795856476,0.6899990402162075,0.6878421269357204,-0.0021569132804870605,0.6696200221776962,0.6703643910586834,0.0007443688809871674,0.7460956051945686,0.7475186176598072,0.0014230124652385712,0.6919702626764774,0.6913125067949295,-0.0006577558815479279,False
0,RIM_ONE_r3->Drishti_GS,5,S4,0.001,1.1427361965179443,0.12219760566949844,0.01854902319610119,0.007057536393404007,0.0008917751838453114,0.01871381886303425,0.14929519593715668,0.3774559795856476,0.6899990402162075,0.6878133323043585,-0.002185707911849022,0.6696200221776962,0.6703648641705513,0.000744841992855072,0.7460956051945686,0.7477017194032669,0.0016061142086982727,0.6919702626764774,0.6912464313209057,-0.0007238313555717468,False
0,RIM_ONE_r3->Drishti_GS,5,S5,0.001,1.4605973958969116,0.14233650267124176,0.01854902319610119,0.007057536393404007,0.0008917751838453114,0.01871381886303425,0.14929519593715668,0.3774559795856476,0.6899990402162075,0.6879734601825476,-0.002025580033659935,0.6696200221776962,0.670287735760212,0.0006677135825157166,0.7460956051945686,0.74749306589365,0.001397460699081421,0.6919702626764774,0.6912671811878681,-0.000703081488609314,False
0,RIM_ONE_r3->Drishti_GS,6,S0,0.001,4.901503086090088,0.0795566737651825,0.01651669293642044,0.02075877971947193,0.0015389106702059507,0.04228120297193527,0.14916570484638214,0.30247166752815247,0.6899990402162075,0.6878379248082638,-0.0021611154079437256,0.6696200221776962,0.6701394505798817,0.0005194284021854401,0.7460956051945686,0.749850295484066,0.0037546902894973755,0.6919702626764774,0.6901467368006706,-0.0018235258758068085,False
0,RIM_ONE_r3->Drishti_GS,6,S1,0.001,4.059199810028076,0.06033680588006973,0.01651669293642044,0.02075877971947193,0.0015389106702059507,0.04228120297193527,0.14916570484638214,0.30247166752815247,0.6899990402162075,0.6879272982478142,-0.002071741968393326,0.6696200221776962,0.6701310761272907,0.0005110539495944977,0.7460956051945686,0.7494812645018101,0.00338565930724144,0.6919702626764774,0.6903138309717178,-0.0016564317047595978,False
0,RIM_ONE_r3->Drishti_GS,6,S2,0.001,4.995988845825195,0.12467507272958755,0.01651669293642044,0.02075877971947193,0.0015389106702059507,0.04228120297193527,0.14916570484638214,0.30247166752815247,0.6899990402162075,0.6877256669104099,-0.002273373305797577,0.6696200221776962,0.6702014021575451,0.0005813799798488617,0.7460956051945686,0.7498306818306446,0.0037350766360759735,0.6919702626764774,0.6901599615812302,-0.0018103010952472687,False
0,RIM_ONE_r3->Drishti_GS,6,S3,0.001,4.144411563873291,0.10545520484447479,0.01651669293642044,0.02075877971947193,0.0015389106702059507,0.04228120297193527,0.14916570484638214,0.30247166752815247,0.6899990402162075,0.6877874322235584,-0.0022116079926490784,0.6696200221776962,0.6702043674886227,0.0005843453109264374,0.7460956051945686,0.7494585886597633,0.003362983465194702,0.6919702626764774,0.6903318986296654,-0.0016383640468120575,False
0,RIM_ONE_r3->Drishti_GS,6,S4,0.001,4.291022777557373,0.12322517484426498,0.01651669293642044,0.02075877971947193,0.0015389106702059507,0.04228120297193527,0.14916570484638214,0.30247166752815247,0.6899990402162075,0.6877589300274849,-0.0022401101887226105,0.6696200221776962,0.6702193804085255,0.0005993582308292389,0.7460956051945686,0.7495019435882568,0.003406338393688202,0.6919702626764774,0.6903166323900223,-0.0016536302864551544,False
0,RIM_ONE_r3->Drishti_GS,6,S5,0.001,4.136392593383789,0.14746643602848053,0.01651669293642044,0.02075877971947193,0.0015389106702059507,0.04228120297193527,0.14916570484638214,0.30247166752815247,0.6899990402162075,0.6878745015710592,-0.0021245386451482773,0.6696200221776962,0.6701780408620834,0.000558018684387207,0.7460956051945686,0.7493717968463898,0.0032761916518211365,0.6919702626764774,0.6903599537909031,-0.0016103088855743408,False
0,RIM_ONE_r3->Drishti_GS,7,S0,0.001,3.82381010055542,0.06411504745483398,0.020572485402226448,0.022500108927488327,0.001460104831494391,0.02104245498776436,0.14551502466201782,0.3548908233642578,0.6899990402162075,0.6895124167203903,-0.00048662349581718445,0.6696200221776962,0.6701304018497467,0.0005103796720504761,0.7460956051945686,0.7443860769271851,-0.0017095282673835754,0.6919702626764774,0.6925185769796371,0.0005483143031597137,False
0,RIM_ONE_r3->Drishti_GS,7,S1,0.001,2.1445415019989014,0.04307504743337631,0.020572485402226448,0.022500108927488327,0.001460104831494391,0.02104245498776436,0.14551502466201782,0.3548908233642578,0.6899990402162075,0.689231438562274,-0.0007676016539335251,0.6696200221776962,0.6700314842164516,0.00041146203875541687,0.7460956051945686,0.7455275654792786,-0.0005680397152900696,0.6919702626764774,0.692023515701294,5.325302481651306e-05,False
0,RIM_ONE_r3->Drishti_GS,7,S2,0.001,3.9772536754608154,0.11575700342655182,0.020572485402226448,0.022500108927488327,0.001460104831494391,0.02104245498776436,0.14551502466201782,0.3548908233642578,0.6899990402162075,0.6896115746349096,-0.00038746558129787445,0.6696200221776962,0.6701412871479988,0.0005212649703025818,0.7460956051945686,0.7441139370203018,-0.001981668174266815,0.6919702626764774,0.6926388740539551,0.0006686113774776459,False
0,RIM_ONE_r3->Drishti_GS,7,S3,0.001,2.21817946434021,0.09471699595451355,0.020572485402226448,0.022500108927488327,0.001460104831494391,0.02104245498776436,0.14551502466201782,0.3548908233642578,0.6899990402162075,0.6894079465419054,-0.0005910936743021011,0.6696200221776962,0.670069195330143,0.0004491731524467468,0.7460956051945686,0.744942132383585,-0.0011534728109836578,0.6919702626764774,0.6922761276364326,0.00030586495995521545,False
0,RIM_ONE_r3->Drishti_GS,7,S4,0.001,2.2357842922210693,0.10548129677772522,0.020572485402226448,0.022500108927488327,0.001460104831494391,0.02104245498776436,0.14551502466201782,0.3548908233642578,0.6899990402162075,0.6893529649823904,-0.0006460752338171005,0.6696200221776962,0.670096643269062,0.0004766210913658142,0.7460956051945686,0.744993731379509,-0.0011018738150596619,0.6919702626764774,0.6922492571175098,0.00027899444103240967,False
0,RIM_ONE_r3->Drishti_GS,7,S5,0.001,2.359330654144287,0.14545337855815887,0.020572485402226448,0.022500108927488327,0.001460104831494391,0.02104245498776436,0.14551502466201782,0.3548908233642578,0.6899990402162075,0.6893780454993248,-0.0006209947168827057,0.6696200221776962,0.6700552552938461,0.00043523311614990234,0.7460956051945686,0.7451124042272568,-0.0009832009673118591,0.6919702626764774,0.6921975575387478,0.00022729486227035522,False
0,RIM_ONE_r3->Drishti_GS,8,S0,0.001,5.262195110321045,0.08208789676427841,0.020597396418452263,0.025747906416654587,0.0016252030618488789,0.03574259579181671,0.19143787026405334,0.25794702768325806,0.6899990402162075,0.6888446155935526,-0.0011544246226549149,0.6696200221776962,0.6699250787496567,0.0003050565719604492,0.7460956051945686,0.7486653216183186,0.0025697164237499237,0.6919702626764774,0.6906797401607037,-0.0012905225157737732,False
0,RIM_ONE_r3->Drishti_GS,8,S1,0.001,3.097273349761963,0.057965196669101715,0.020597396418452263,0.025747906416654587,0.0016252030618488789,0.03574259579181671,0.19143787026405334,0.25794702768325806,0.6899990402162075,0.6895141713321209,-0.0004848688840866089,0.6696200221776962,0.6696927845478058,7.27623701095581e-05,0.7460956051945686,0.7475769892334938,0.001481384038925171,0.6919702626764774,0.6911958307027817,-0.000774431973695755,False
0,RIM_ONE_r3->Drishti_GS,8,S2,0.001,5.298248767852783,0.1314687281847,0.020597396418452263,0.025747906416654587,0.0016252030618488789,0.03574259579181671,0.19143787026405334,0.25794702768325806,0.6899990402162075,0.6888015829026699,-0.0011974573135375977,0.6696200221776962,0.6699905321002007,0.00037050992250442505,0.7460956051945686,0.7484205029904842,0.0023248977959156036,0.6919702626764774,0.6907835863530636,-0.0011866763234138489,False
0,RIM_ONE_r3->Drishti_GS,8,S3,0.001,3.0992112159729004,0.10734602808952332,0.020597396418452263,0.025747906416654587,0.0016252030618488789,0.03574259579181671,0.19143787026405334,0.25794702768325806,0.6899990402162075,0.6894248872995377,-0.0005741529166698456,0.6696200221776962,0.6698066256940365,0.00018660351634025574,0.7460956051945686,0.7471932917833328,0.0010976865887641907,0.6919702626764774,0.6913544237613678,-0.0006158389151096344,False
0,RIM_ONE_r3->Drishti_GS,8,S4,0.001,3.132018566131592,0.13306070864200592,0.020597396418452263,0.025747906416654587,0.0016252030618488789,0.03574259579181671,0.19143787026405334,0.25794702768325806,0.6899990402162075,0.6895240675657988,-0.0004749726504087448,0.6696200221776962,0.6697957329452038,0.0001757107675075531,0.7460956051945686,0.7469506300985813,0.00085502490401268,0.6919702626764774,0.6914641298353672,-0.0005061328411102295,False
0,RIM_ONE_r3->Drishti_GS,8,S5,0.001,3.1775832176208496,0.13707943260669708,0.020597396418452263,0.025747906416654587,0.0016252030618488789,0.03574259579181671,0.19143787026405334,0.25794702768325806,0.6899990402162075,0.6894164606928825,-0.0005825795233249664,0.6696200221776962,0.6697637289762497,0.0001437067985534668,0.7460956051945686,0.7474080994725227,0.0013124942779541016,0.6919702626764774,0.6912549324333668,-0.0007153302431106567,False
0,RIM_ONE_r3->Drishti_GS,9,S0,0.001,5.940703392028809,0.0656784251332283,0.016417616978287697,0.023228691890835762,0.0014214651891961694,0.026032118126749992,0.13270695507526398,0.4102109670639038,0.6899990402162075,0.687081990763545,-0.002917049452662468,0.6696200221776962,0.6705124452710152,0.0008924230933189392,0.7460956051945686,0.7490951493382454,0.002999544143676758,0.6919702626764774,0.6904603354632854,-0.001509927213191986,False
0,RIM_ONE_r3->Drishti_GS,9,S1,0.001,3.0213706493377686,0.0438712015748024,0.016417616978287697,0.023228691890835762,0.0014214651891961694,0.026032118126749992,0.13270695507526398,0.4102109670639038,0.6899990402162075,0.6870787385851145,-0.002920301631093025,0.6696200221776962,0.6705248132348061,0.0009047910571098328,0.7460956051945686,0.7485669516026974,0.0024713464081287384,0.6919702626764774,0.6907301396131516,-0.001240123063325882,False
0,RIM_ONE_r3->Drishti_GS,9,S2,0.001,6.0009260177612305,0.12011627852916718,0.016417616978287697,0.023228691890835762,0.0014214651891961694,0.026032118126749992,0.13270695507526398,0.4102109670639038,0.6899990402162075,0.6870665457099676,-0.002932494506239891,0.6696200221776962,0.670559573918581,0.0009395517408847809,0.7460956051945686,0.7490033730864525,0.00290776789188385,0.6919702626764774,0.6904853358864784,-0.0014849267899990082,False
0,RIM_ONE_r3->Drishti_GS,9,S3,0.001,3.012570858001709,0.09830904752016068,0.016417616978287697,0.023228691890835762,0.0014214651891961694,0.026032118126749992,0.13270695507526398,0.4102109670639038,0.6899990402162075,0.68698326125741,-0.003015778958797455,0.6696200221776962,0.6706359423696995,0.0010159201920032501,0.7460956051945686,0.748442992568016,0.002347387373447418,0.6919702626764774,0.6907509490847588,-0.0012193135917186737,False
0,RIM_ONE_r3->Drishti_GS,9,S4,0.001,3.4200963973999023,0.10813745856285095,0.016417616978287697,0.023228691890835762,0.0014214651891961694,0.026032118126749992,0.13270695507526398,0.4102109670639038,0.6899990402162075,0.6869979966431856,-0.0030010435730218887,0.6696200221776962,0.6706559658050537,0.001035943627357483,0.7460956051945686,0.7484343163669109,0.0023387111723423004,0.6919702626764774,0.6907395869493484,-0.0012306757271289825,False
0,RIM_ONE_r3->Drishti_GS,9,S5,0.001,3.2757816314697266,0.16183412075042725,0.016417616978287697,0.023228691890835762,0.0014214651891961694,0.026032118126749992,0.13270695507526398,0.4102109670639038,0.6899990402162075,0.6870240215212107,-0.002975018694996834,0.6696200221776962,0.6706294417381287,0.001009419560432434,0.7460956051945686,0.748246856033802,0.0021512508392333984,0.6919702626764774,0.690847747027874,-0.0011225156486034393,False
0,RIM_ONE_r3->Drishti_GS,10,S0,0.001,11.100327491760254,0.1510637104511261,0.01854902319610119,0.06995958834886551,0.0029075557831674814,0.06255509704351425,0.16910725831985474,0.4163604974746704,0.6899990402162075,0.6895582098513842,-0.00044083036482334137,0.6696200221776962,0.6693579964339733,-0.00026202574372291565,0.7460956051945686,0.7501953355967999,0.004099730402231216,0.6919702626764774,0.690040148794651,-0.0019301138818264008,False
0,RIM_ONE_r3->Drishti_GS,10,S1,0.001,4.853122234344482,0.08401167392730713,0.01854902319610119,0.06995958834886551,0.0029075557831674814,0.06255509704351425,0.16910725831985474,0.4163604974746704,0.6899990402162075,0.6899152491241693,-8.37910920381546e-05,0.6696200221776962,0.6692953631281853,-0.0003246590495109558,0.7460956051945686,0.7496159859001637,0.0035203807055950165,0.6919702626764774,0.6903286837041378,-0.0016415789723396301,False
0,RIM_ONE_r3->Drishti_GS,10,S2,0.001,11.271979331970215,0.22147327661514282,0.01854902319610119,0.06995958834886551,0.0029075557831674814,0.06255509704351425,0.16910725831985474,0.4163604974746704,0.6899990402162075,0.6895015612244606,-0.0004974789917469025,0.6696200221776962,0.669401902705431,-0.00021811947226524353,0.7460956051945686,0.7502059526741505,0.004110347479581833,0.6919702626764774,0.6900232993066311,-0.001946963369846344,False
0,RIM_ONE_r3->Drishti_GS,10,S3,0.001,4.987699031829834,0.15442125499248505,0.01854902319610119,0.06995958834886551,0.0029075557831674814,0.06255509704351425,0.16910725831985474,0.4163604974746704,0.6899990402162075,0.6897746603935957,-0.00022437982261180878,0.6696200221776962,0.6693934090435505,-0.0002266131341457367,0.7460956051945686,0.7496854327619076,0.0035898275673389435,0.6919702626764774,0.6902691870927811,-0.0017010755836963654,False
0,RIM_ONE_r3->Drishti_GS,10,S4,0.001,5.314861297607422,0.17227493226528168,0.01854902319610119,0.06995958834886551,0.0029075557831674814,0.06255509704351425,0.16910725831985474,0.4163604974746704,0.6899990402162075,0.6897307876497507,-0.00026825256645679474,0.6696200221776962,0.6694377809762955,-0.00018224120140075684,0.7460956051945686,0.7496160827577114,0.0035204775631427765,0.6919702626764774,0.6902850866317749,-0.00168517604470253,False
0,RIM_ONE_r3->Drishti_GS,10,S5,0.001,5.315996170043945,0.22427944839000702,0.01854902319610119,0.06995958834886551,0.0029075557831674814,0.06255509704351425,0.16910725831985474,0.4163604974746704,0.6899990402162075,0.6899225488305092,-7.649138569831848e-05,0.6696200221776962,0.669295497238636,-0.0003245249390602112,0.7460956051945686,0.7496651858091354,0.003569580614566803,0.6919702626764774,0.6902970895171165,-0.0016731731593608856,False
0,RIM_ONE_r3->Drishti_GS,11,S0,0.001,3.45641827583313,0.07450398802757263,0.01651669293642044,0.008084464818239212,0.001008208142593503,0.04990282654762268,0.13914930820465088,0.3103068470954895,0.6899990402162075,0.6885795798152685,-0.0014194604009389877,0.6696200221776962,0.6702447682619095,0.0006247460842132568,0.7460956051945686,0.7459568493068218,-0.0001387558877468109,0.6919702626764774,0.6918413452804089,-0.000128917396068573,False
0,RIM_ONE_r3->Drishti_GS,11,S1,0.001,3.33253812789917,0.06742772459983826,0.01651669293642044,0.008084464818239212,0.001008208142593503,0.04990282654762268,0.13914930820465088,0.3103068470954895,0.6899990402162075,0.6884873695671558,-0.0015116706490516663,0.6696200221776962,0.6702732555568218,0.0006532333791255951,0.7460956051945686,0.7457813695073128,-0.0003142356872558594,0.6919702626764774,0.69193434715271,-3.5915523767471313e-05,False
0,RIM_ONE_r3->Drishti_GS,11,S2,0.001,3.510411024093628,0.11768296360969543,0.01651669293642044,0.008084464818239212,0.001008208142593503,0.04990282654762268,0.13914930820465088,0.3103068470954895,0.6899990402162075,0.6884678974747658,-0.0015311427414417267,0.6696200221776962,0.6703547276556492,0.0007347054779529572,0.7460956051945686,0.7457993924617767,-0.00029621273279190063,0.6919702626764774,0.6918999701738358,-7.029250264167786e-05,False
0,RIM_ONE_r3->Drishti_GS,11,S3,0.001,3.357149124145508,0.11060671508312225,0.01651669293642044,0.008084464818239212,0.001008208142593503,0.04990282654762268,0.13914930820465088,0.3103068470954895,0.6899990402162075,0.6883593127131462,-0.0016397275030612946,0.6696200221776962,0.6703917011618614,0.0007716789841651917,0.7460956051945686,0.7456034570932388,-0.0004921481013298035,0.6919702626764774,0.6920017078518867,3.1445175409317017e-05,False
0,RIM_ONE_r3->Drishti_GS,11,S4,0.001,3.3841562271118164,0.13152271509170532,0.01651669293642044,0.008084464818239212,0.001008208142593503,0.04990282654762268,0.13914930820465088,0.3103068470954895,0.6899990402162075,0.6883833594620228,-0.001615680754184723,0.6696200221776962,0.6704214811325073,0.0008014589548110962,0.7460956051945686,0.7453654296696186,-0.0007301755249500275,0.6919702626764774,0.6921016238629818,0.00013136118650436401,False
0,RIM_ONE_r3->Drishti_GS,11,S5,0.001,3.432302713394165,0.16059686243534088,0.01651669293642044,0.008084464818239212,0.001008208142593503,0.04990282654762268,0.13914930820465088,0.3103068470954895,0.6899990402162075,0.6885345447808504,-0.0014644954353570938,0.6696200221776962,0.6703021042048931,0.0006820820271968842,0.7460956051945686,0.7455278411507607,-0.0005677640438079834,0.6919702626764774,0.6920449025928974,7.463991641998291e-05,False
0,RIM_ONE_r3->Drishti_GS,12,S0,0.001,2.3841660022735596,0.04194207862019539,0.020572485402226448,0.01124526932835579,0.0007866841624490917,0.010124322026968002,0.16095617413520813,0.3316443860530853,0.6899990402162075,0.6889127884060144,-0.0010862518101930618,0.6696200221776962,0.6697595305740833,0.00013950839638710022,0.7460956051945686,0.7501408755779266,0.004045270383358002,0.6919702626764774,0.6900586001574993,-0.001911662518978119,False
0,RIM_ONE_r3->Drishti_GS,12,S1,0.001,0.9956316351890564,0.031483493745326996,0.020572485402226448,0.01124526932835579,0.0007866841624490917,0.010124322026968002,0.16095617413520813,0.3316443860530853,0.6899990402162075,0.6891619376838207,-0.0008371025323867798,0.6696200221776962,0.6697257123887539,0.00010569021105766296,0.7460956051945686,0.7493376582860947,0.0032420530915260315,0.6919702626764774,0.6904424615204334,-0.0015278011560440063,False
0,RIM_ONE_r3->Drishti_GS,12,S2,0.001,2.3411874771118164,0.09532228857278824,0.020572485402226448,0.01124526932835579,0.0007866841624490917,0.010124322026968002,0.16095617413520813,0.3316443860530853,0.6899990402162075,0.6886077392846346,-0.0013913009315729141,0.6696200221776962,0.6699463948607445,0.0003263726830482483,0.7460956051945686,0.7499635815620422,0.0038679763674736023,0.6919702626764774,0.6901285871863365,-0.001841675490140915,False
0,RIM_ONE_r3->Drishti_GS,12,S3,0.001,0.9773077368736267,0.08486369997262955,0.020572485402226448,0.01124526932835579,0.0007866841624490917,0.010124322026968002,0.16095617413520813,0.3316443860530853,0.6899990402162075,0.6884508039802313,-0.0015482362359762192,0.6696200221776962,0.6701799035072327,0.000559881329536438,0.7460956051945686,0.7488242201507092,0.002728614956140518,0.6919702626764774,0.6906469762325287,-0.0013232864439487457,False
0,RIM_ONE_r3->Drishti_GS,12,S4,0.001,0.9537845849990845,0.12003149837255478,0.020572485402226448,0.01124526932835579,0.0007866841624490917,0.010124322026968002,0.16095617413520813,0.3316443860530853,0.6899990402162075,0.6882742531597614,-0.0017247870564460754,0.6696200221776962,0.670312125235796,0.0006921030580997467,0.7460956051945686,0.748515821993351,0.0024202167987823486,0.6919702626764774,0.6907957345247269,-0.0011745281517505646,False
0,RIM_ONE_r3->Drishti_GS,12,S5,0.001,1.052857756614685,0.11958711594343185,0.020572485402226448,0.01124526932835579,0.0007866841624490917,0.010124322026968002,0.16095617413520813,0.3316443860530853,0.6899990402162075,0.6893204413354397,-0.0006785988807678223,0.6696200221776962,0.6697005778551102,8.055567741394043e-05,0.7460956051945686,0.7490952536463737,0.0029996484518051147,0.6919702626764774,0.690518956631422,-0.0014513060450553894,False
0,RIM_ONE_r3->Drishti_GS,13,S0,0.001,4.996105670928955,0.07966360449790955,0.020597396418452263,0.025109965354204178,0.0012492840178310871,0.03395624831318855,0.1544380784034729,0.3218136429786682,0.6899990402162075,0.6881573498249054,-0.0018416903913021088,0.6696200221776962,0.6705462746322155,0.0009262524545192719,0.7460956051945686,0.7455726005136967,-0.0005230046808719635,0.6919702626764774,0.691952757537365,-1.7505139112472534e-05,False
0,RIM_ONE_r3->Drishti_GS,13,S1,0.001,4.006924629211426,0.055802926421165466,0.020597396418452263,0.025109965354204178,0.0012492840178310871,0.03395624831318855,0.1544380784034729,0.3218136429786682,0.6899990402162075,0.6879112236201763,-0.002087816596031189,0.6696200221776962,0.6705567836761475,0.0009367614984512329,0.7460956051945686,0.7459079325199127,-0.0001876726746559143,0.6919702626764774,0.6918442472815514,-0.00012601539492607117,False
0,RIM_ONE_r3->Drishti_GS,13,S2,0.001,5.1632561683654785,0.12936389446258545,0.020597396418452263,0.025109965354204178,0.0012492840178310871,0.03395624831318855,0.1544380784034729,0.3218136429786682,0.6899990402162075,0.6882377341389656,-0.0017613060772418976,0.6696200221776962,0.6705708056688309,0.0009507834911346436,0.7460956051945686,0.7452575825154781,-0.0008380226790904999,0.6919702626764774,0.692087646573782,0.00011738389730453491,False
0,RIM_ONE_r3->Drishti_GS,13,S3,0.001,4.089959144592285,0.10550320893526077,0.020597396418452263,0.025109965354204178,0.0012492840178310871,0.03395624831318855,0.1544380784034729,0.3218136429786682,0.6899990402162075,0.6879771556705236,-0.0020218845456838608,0.6696200221776962,0.670606791973114,0.0009867697954177856,0.7460956051945686,0.7454889006912708,-0.0006067045032978058,0.6919702626764774,0.6920136585831642,4.339590668678284e-05,False
0,RIM_ONE_r3->Drishti_GS,13,S4,0.001,4.424529075622559,0.1300245225429535,0.020597396418452263,0.025109965354204178,0.0012492840178310871,0.03395624831318855,0.1544380784034729,0.3218136429786682,0.6899990402162075,0.6880142614245415,-0.001984778791666031,0.6696200221776962,0.6706398017704487,0.0010197795927524567,0.7460956051945686,0.7448776736855507,-0.0012179315090179443,0.6919702626764774,0.692305613309145,0.0003353506326675415,False
0,RIM_ONE_r3->Drishti_GS,13,S5,0.001,4.067948341369629,0.1511950045824051,0.020597396418452263,0.025109965354204178,0.0012492840178310871,0.03395624831318855,0.1544380784034729,0.3218136429786682,0.6899990402162075,0.6880117394030094,-0.0019873008131980896,0.6696200221776962,0.6705734021961689,0.0009533800184726715,0.7460956051945686,0.7455766424536705,-0.0005189627408981323,0.6919702626764774,0.6919816359877586,1.1373311281204224e-05,False
0,RIM_ONE_r3->Drishti_GS,14,S0,0.001,9.627004623413086,0.15516313910484314,0.016417616978287697,0.04556641727685928,0.001929168007336557,0.0931791141629219,0.16343954205513,0.21857930719852448,0.6899990402162075,0.6887799073010683,-0.0012191329151391983,0.6696200221776962,0.6696818023920059,6.178021430969238e-05,0.7460956051945686,0.750213835388422,0.004118230193853378,0.6919702626764774,0.6899623163044453,-0.0020079463720321655,False
0,RIM_ONE_r3->Drishti_GS,14,S1,0.001,7.104981899261475,0.11152590066194534,0.016417616978287697,0.04556641727685928,0.001929168007336557,0.0931791141629219,0.16343954205513,0.21857930719852448,0.6899990402162075,0.6889187339693308,-0.0010803062468767166,0.6696200221776962,0.6696859300136566,6.590783596038818e-05,0.7460956051945686,0.7494071610271931,0.0033115558326244354,0.6919702626764774,0.6903225630521774,-0.001647699624300003,False
0,RIM_ONE_r3->Drishti_GS,14,S2,0.001,9.80024242401123,0.19088764488697052,0.016417616978287697,0.04556641727685928,0.001929168007336557,0.0931791141629219,0.16343954205513,0.21857930719852448,0.6899990402162075,0.6887703854590654,-0.001228654757142067,0.6696200221776962,0.6697082333266735,8.821114897727966e-05,0.7460956051945686,0.7501932978630066,0.004097692668437958,0.6919702626764774,0.6899642050266266,-0.0020060576498508453,False
0,RIM_ONE_r3->Drishti_GS,14,S3,0.001,7.220412731170654,0.14725039899349213,0.016417616978287697,0.04556641727685928,0.001929168007336557,0.0931791141629219,0.16343954205513,0.21857930719852448,0.6899990402162075,0.6888877619057894,-0.001111278310418129,0.6696200221776962,0.6697247475385666,0.00010472536087036133,0.7460956051945686,0.7494303323328495,0.0033347271382808685,0.6919702626764774,0.6902989000082016,-0.0016713626682758331,False
0,RIM_ONE_r3->Drishti_GS,14,S4,0.001,7.383584499359131,0.17612338066101074,0.016417616978287697,0.04556641727685928,0.001929168007336557,0.0931791141629219,0.16343954205513,0.21857930719852448,0.6899990402162075,0.688958628103137,-0.001040412113070488,0.6696200221776962,0.6697009056806564,8.088350296020508e-05,0.7460956051945686,0.7494748421013355,0.0033792369067668915,0.6919702626764774,0.6902735978364944,-0.0016966648399829865,False
0,RIM_ONE_r3->Drishti_GS,14,S5,0.001,7.189697265625,0.18266218900680542,0.016417616978287697,0.04556641727685928,0.001929168007336557,0.0931791141629219,0.16343954205513,0.21857930719852448,0.6899990402162075,0.6889700908213854,-0.0010289493948221207,0.6696200221776962,0.6696727871894836,5.276501178741455e-05,0.7460956051945686,0.7494069151580334,0.003311309963464737,0.6919702626764774,0.6903209611773491,-0.0016493014991283417,False
0,RIM_ONE_r3->Drishti_GS,15,S0,0.001,6.873826503753662,0.11720960587263107,0.01854902319610119,0.01155147049576044,0.0016257187817245722,0.08710911124944687,0.17313668131828308,0.23898597061634064,0.6899990402162075,0.6894375421106815,-0.0005614981055259705,0.6696200221776962,0.6697143539786339,9.433180093765259e-05,0.7460956051945686,0.7482352666556835,0.0021396614611148834,0.6919702626764774,0.6908222064375877,-0.0011480562388896942,False
0,RIM_ONE_r3->Drishti_GS,15,S1,0.001,6.471320629119873,0.10728385299444199,0.01854902319610119,0.01155147049576044,0.0016257187817245722,0.08710911124944687,0.17313668131828308,0.23898597061634064,0.6899990402162075,0.6893778182566166,-0.0006212219595909119,0.6696200221776962,0.6697276681661606,0.00010764598846435547,0.7460956051945686,0.7481970116496086,0.002101406455039978,0.6919702626764774,0.690854586660862,-0.0011156760156154633,False
0,RIM_ONE_r3->Drishti_GS,15,S2,0.001,7.16338586807251,0.15858684480190277,0.01854902319610119,0.01155147049576044,0.0016257187817245722,0.08710911124944687,0.17313668131828308,0.23898597061634064,0.6899990402162075,0.6896037943661213,-0.00039524585008621216,0.6696200221776962,0.6697209626436234,0.00010094046592712402,0.7460956051945686,0.7478402368724346,0.001744631677865982,0.6919702626764774,0.6909828595817089,-0.0009874030947685242,False
0,RIM_ONE_r3->Drishti_GS,15,S3,0.001,6.712498664855957,0.14866109192371368,0.01854902319610119,0.01155147049576044,0.0016257187817245722,0.08710911124944687,0.17313668131828308,0.23898597061634064,0.6899990402162075,0.6895531341433525,-0.00044590607285499573,0.6696200221776962,0.6697356812655926,0.00011565908789634705,0.7460956051945686,0.7477839700877666,0.0016883648931980133,0.6919702626764774,0.6910186819732189,-0.0009515807032585144,False
0,RIM_ONE_r3->Drishti_GS,15,S4,0.001,6.775458812713623,0.176314115524292,0.01854902319610119,0.01155147049576044,0.0016257187817245722,0.08710911124944687,0.17313668131828308,0.23898597061634064,0.6899990402162075,0.6895485669374466,-0.00045047327876091003,0.6696200221776962,0.669748343527317,0.0001283213496208191,0.7460956051945686,0.7477587684988976,0.0016631633043289185,0.6919702626764774,0.6910295188426971,-0.0009407438337802887,False
0,RIM_ONE_r3->Drishti_GS,15,S5,0.001,6.5548882484436035,0.17913484573364258,0.01854902319610119,0.01155147049576044,0.0016257187817245722,0.08710911124944687,0.17313668131828308,0.23898597061634064,0.6899990402162075,0.6894574053585529,-0.0005416348576545715,0.6696200221776962,0.6697111465036869,9.112432599067688e-05,0.7460956051945686,0.7481227070093155,0.0020271018147468567,0.6919702626764774,0.6908829025924206,-0.0010873600840568542,False
0,RIM_ONE_r3->Drishti_GS,16,S0,0.001,2.2496914863586426,0.042288050055503845,0.01651669293642044,0.007057536393404007,0.0008917751838453114,0.01871381886303425,0.14929519593715668,0.3774559795856476,0.6899990402162075,0.6882125288248062,-0.001786511391401291,0.6696200221776962,0.670184288173914,0.0005642659962177277,0.7460956051945686,0.7481653243303299,0.002069719135761261,0.6919702626764774,0.6908907033503056,-0.001079559326171875,False
0,RIM_ONE_r3->Drishti_GS,16,S1,0.001,1.213690996170044,0.03612228482961655,0.01651669293642044,0.007057536393404007,0.0008917751838453114,0.01871381886303425,0.14929519593715668,0.3774559795856476,0.6899990402162075,0.6886030584573746,-0.0013959817588329315,0.6696200221776962,0.6700032316148281,0.0003832094371318817,0.7460956051945686,0.7474163435399532,0.0013207383453845978,0.6919702626764774,0.6913072727620602,-0.0006629899144172668,False
0,RIM_ONE_r3->Drishti_GS,16,S2,0.001,2.1334705352783203,0.09864041209220886,0.01651669293642044,0.007057536393404007,0.0008917751838453114,0.01871381886303425,0.14929519593715668,0.3774559795856476,0.6899990402162075,0.687870766967535,-0.0021282732486724854,0.6696200221776962,0.670372411608696,0.0007523894309997559,0.7460956051945686,0.7481092251837254,0.002013619989156723,0.6919702626764774,0.6909187138080597,-0.0010515488684177399,False
0,RIM_ONE_r3->Drishti_GS,16,S3,0.001,1.1352195739746094,0.09247465431690216,0.01651669293642044,0.007057536393404007,0.0008917751838453114,0.01871381886303425,0.14929519593715668,0.3774559795856476,0.6899990402162075,0.6880524829030037,-0.0019465573132038116,0.6696200221776962,0.6703230179846287,0.0007029958069324493,0.7460956051945686,0.7472034320235252,0.001107826828956604,0.6919702626764774,0.6914253979921341,-0.000544864684343338,False
0,RIM_ONE_r3->Drishti_GS,16,S4,0.001,1.0985547304153442,0.12016527354717255,0.01651669293642044,0.007057536393404007,0.0008917751838453114,0.01871381886303425,0.14929519593715668,0.3774559795856476,0.6899990402162075,0.6880333609879017,-0.0019656792283058167,0.6696200221776962,0.6703213788568974,0.0007013566792011261,0.7460956051945686,0.7473884895443916,0.001292884349822998,0.6919702626764774,0.6913565769791603,-0.0006136856973171234,False
0,RIM_ONE_r3->Drishti_GS,16,S5,0.001,1.4071465730667114,0.14030417799949646,0.01651669293642044,0.007057536393404007,0.0008917751838453114,0.01871381886303425,0.14929519593715668,0.3774559795856476,0.6899990402162075,0.6881375834345818,-0.0018614567816257477,0.6696200221776962,0.6702569723129272,0.0006369501352310181,0.7460956051945686,0.7472437880933285,0.001148182898759842,0.6919702626764774,0.6913523375988007,-0.0006179250776767731,False
0,RIM_ONE_r3->Drishti_GS,17,S0,0.001,4.831876277923584,0.08361247181892395,0.020572485402226448,0.02075877971947193,0.0015389106702059507,0.04228120297193527,0.14916570484638214,0.30247166752815247,0.6899990402162075,0.6879292074590921,-0.002069832757115364,0.6696200221776962,0.6701129712164402,0.0004929490387439728,0.7460956051945686,0.749818954616785,0.0037233494222164154,0.6919702626764774,0.6901556625962257,-0.0018146000802516937,False
0,RIM_ONE_r3->Drishti_GS,17,S1,0.001,3.989744186401367,0.06439259648323059,0.020572485402226448,0.02075877971947193,0.0015389106702059507,0.04228120297193527,0.14916570484638214,0.30247166752815247,0.6899990402162075,0.6880358010530472,-0.001963239163160324,0.6696200221776962,0.6701021157205105,0.00048209354281425476,0.7460956051945686,0.7494285441935062,0.003332938998937607,0.6919702626764774,0.6903332620859146,-0.0016370005905628204,False
0,RIM_ONE_r3->Drishti_GS,17,S2,0.001,4.920309066772461,0.1287308633327484,0.020572485402226448,0.02075877971947193,0.0015389106702059507,0.04228120297193527,0.14916570484638214,0.30247166752815247,0.6899990402162075,0.6878126841038465,-0.0021863561123609543,0.6696200221776962,0.6701752468943596,0.0005552247166633606,0.7460956051945686,0.749802190810442,0.003706585615873337,0.6919702626764774,0.690168272703886,-0.0018019899725914001,False
0,RIM_ONE_r3->Drishti_GS,17,S3,0.001,4.067473888397217,0.10951099544763565,0.020572485402226448,0.02075877971947193,0.0015389106702059507,0.04228120297193527,0.14916570484638214,0.30247166752815247,0.6899990402162075,0.6878851130604744,-0.0021139271557331085,0.6696200221776962,0.670178983360529,0.0005589611828327179,0.7460956051945686,0.7494273409247398,0.0033317357301712036,0.6919702626764774,0.6903395466506481,-0.0016307160258293152,False
0,RIM_ONE_r3->Drishti_GS,17,S4,0.001,4.210049629211426,0.12728096544742584,0.020572485402226448,0.02075877971947193,0.0015389106702059507,0.04228120297193527,0.14916570484638214,0.30247166752815247,0.6899990402162075,0.6878504548221827,-0.002148585394024849,0.6696200221776962,0.6701967865228653,0.0005767643451690674,0.7460956051945686,0.7494726739823818,0.0033770687878131866,0.6919702626764774,0.6903227120637894,-0.0016475506126880646,False
0,RIM_ONE_r3->Drishti_GS,17,S5,0.001,4.069655418395996,0.15152223408222198,0.020572485402226448,0.02075877971947193,0.0015389106702059507,0.04228120297193527,0.14916570484638214,0.30247166752815247,0.6899990402162075,0.6879923511296511,-0.0020066890865564346,0.6696200221776962,0.6701441034674644,0.000524081289768219,0.7460956051945686,0.7493224889039993,0.0032268837094306946,0.6919702626764774,0.6903774254024029,-0.0015928372740745544,False
0,RIM_ONE_r3->Drishti_GS,18,S0,0.001,4.009853839874268,0.0641399621963501,0.020597396418452263,0.022500108927488327,0.001460104831494391,0.02104245498776436,0.14551502466201782,0.3548908233642578,0.6899990402162075,0.6892683375626802,-0.0007307026535272598,0.6696200221776962,0.6702460236847401,0.0006260015070438385,0.7460956051945686,0.7443125694990158,-0.001783035695552826,0.6919702626764774,0.6925529465079308,0.0005826838314533234,False
0,RIM_ONE_r3->Drishti_GS,18,S1,0.001,2.319844961166382,0.04309995472431183,0.020597396418452263,0.022500108927488327,0.001460104831494391,0.02104245498776436,0.14551502466201782,0.3548908233642578,0.6899990402162075,0.6888232678174973,-0.0011757723987102509,0.6696200221776962,0.6702456548810005,0.0006256327033042908,0.7460956051945686,0.7452860325574875,-0.0008095726370811462,0.6919702626764774,0.6921346709132195,0.00016440823674201965,False
0,RIM_ONE_r3->Drishti_GS,18,S2,0.001,4.1642069816589355,0.11578191071748734,0.020597396418452263,0.022500108927488327,0.001460104831494391,0.02104245498776436,0.14551502466201782,0.3548908233642578,0.6899990402162075,0.6893732976168394,-0.0006257425993680954,0.6696200221776962,0.6702516227960587,0.0006316006183624268,0.7460956051945686,0.7440471649169922,-0.0020484402775764465,0.6919702626764774,0.6926707550883293,0.0007004924118518829,False
0,RIM_ONE_r3->Drishti_GS,18,S3,0.001,2.401585340499878,0.09474191069602966,0.020597396418452263,0.022500108927488327,0.001460104831494391,0.02104245498776436,0.14551502466201782,0.3548908233642578,0.6899990402162075,0.6890055537223816,-0.0009934864938259125,0.6696200221776962,0.6702702268958092,0.0006502047181129456,0.7460956051945686,0.7447560764849186,-0.0013395287096500397,0.6919702626764774,0.6923621892929077,0.0003919266164302826,False
0,RIM_ONE_r3->Drishti_GS,18,S4,0.001,2.4190428256988525,0.10550621151924133,0.020597396418452263,0.022500108927488327,0.001460104831494391,0.02104245498776436,0.14551502466201782,0.3548908233642578,0.6899990402162075,0.6889602951705456,-0.0010387450456619263,0.6696200221776962,0.6702917143702507,0.0006716921925544739,0.7460956051945686,0.74480951577425,-0.0012860894203186035,0.6919702626764774,0.6923347860574722,0.00036452338099479675,False
0,RIM_ONE_r3->Drishti_GS,18,S5,0.001,2.5342578887939453,0.145478293299675,0.020597396418452263,0.022500108927488327,0.001460104831494391,0.02104245498776436,0.14551502466201782,0.3548908233642578,0.6899990402162075,0.6890057995915413,-0.000993240624666214,0.6696200221776962,0.6702424511313438,0.0006224289536476135,0.7460956051945686,0.7449247688055038,-0.0011708363890647888,0.6919702626764774,0.6922848410904408,0.00031457841396331787,False
0,RIM_ONE_r3->Drishti_GS,19,S0,0.001,5.194459915161133,0.07790812104940414,0.016417616978287697,0.025747906416654587,0.0016252030618488789,0.03574259579181671,0.19143787026405334,0.25794702768325806,0.6899990402162075,0.688818883150816,-0.0011801570653915405,0.6696200221776962,0.669917106628418,0.0002970844507217407,0.7460956051945686,0.7487128227949142,0.0026172176003456116,0.6919702626764774,0.6906587034463882,-0.0013115592300891876,False
0,RIM_ONE_r3->Drishti_GS,19,S1,0.001,3.0419914722442627,0.05378541350364685,0.016417616978287697,0.025747906416654587,0.0016252030618488789,0.03574259579181671,0.19143787026405334,0.25794702768325806,0.6899990402162075,0.6894877962768078,-0.0005112439393997192,0.6696200221776962,0.669668834656477,4.881247878074646e-05,0.7460956051945686,0.7476321347057819,0.0015365295112133026,0.6919702626764774,0.6911667212843895,-0.0008035413920879364,False
0,RIM_ONE_r3->Drishti_GS,19,S2,0.001,5.226770401000977,0.12728895246982574,0.016417616978287697,0.025747906416654587,0.0016252030618488789,0.03574259579181671,0.19143787026405334,0.25794702768325806,0.6899990402162075,0.6887772474437952,-0.0012217927724123001,0.6696200221776962,0.6699819713830948,0.00036194920539855957,0.7460956051945686,0.748468678444624,0.002373073250055313,0.6919702626764774,0.6907595917582512,-0.001210670918226242,False
0,RIM_ONE_r3->Drishti_GS,19,S3,0.001,3.03672456741333,0.10316624492406845,0.016417616978287697,0.025747906416654587,0.0016252030618488789,0.03574259579181671,0.19143787026405334,0.25794702768325806,0.6899990402162075,0.6894039697945118,-0.0005950704216957092,0.6696200221776962,0.669782318174839,0.00016229599714279175,0.7460956051945686,0.7472534216940403,0.0011578164994716644,0.6919702626764774,0.6913252025842667,-0.0006450600922107697,False
0,RIM_ONE_r3->Drishti_GS,19,S4,0.001,3.069668769836426,0.12888093292713165,0.016417616978287697,0.025747906416654587,0.0016252030618488789,0.03574259579181671,0.19143787026405334,0.25794702768325806,0.6899990402162075,0.689504100009799,-0.0004949402064085007,0.6696200221776962,0.6697706431150436,0.0001506209373474121,0.7460956051945686,0.7470166385173798,0.0009210333228111267,0.6919702626764774,0.6914314813911915,-0.0005387812852859497,False
0,RIM_ONE_r3->Drishti_GS,19,S5,0.001,3.118452787399292,0.13289965689182281,0.016417616978287697,0.025747906416654587,0.0016252030618488789,0.03574259579181671,0.19143787026405334,0.25794702768325806,0.6899990402162075,0.6893981751054525,-0.0006008651107549667,0.6696200221776962,0.6697368957102299,0.00011687353253364563,0.7460956051945686,0.747477225959301,0.0013816207647323608,0.6919702626764774,0.6912193335592747,-0.0007509291172027588,False
0,RIM_ONE_r3->Drishti_GS,20,S0,0.001,5.945313930511475,0.06780983507633209,0.01854902319610119,0.023228691890835762,0.0014214651891961694,0.026032118126749992,0.13270695507526398,0.4102109670639038,0.6899990402162075,0.6871149074286222,-0.0028841327875852585,0.6696200221776962,0.6704691685736179,0.0008491463959217072,0.7460956051945686,0.7493243366479874,0.0032287314534187317,0.6919702626764774,0.6903725862503052,-0.0015976764261722565,False
0,RIM_ONE_r3->Drishti_GS,20,S1,0.001,3.044980049133301,0.04600260406732559,0.01854902319610119,0.023228691890835762,0.0014214651891961694,0.026032118126749992,0.13270695507526398,0.4102109670639038,0.6899990402162075,0.6871630605310202,-0.0028359796851873398,0.6696200221776962,0.6704364791512489,0.0008164569735527039,0.7460956051945686,0.7489888593554497,0.0028932541608810425,0.6919702626764774,0.6905714869499207,-0.001398775726556778,False
0,RIM_ONE_r3->Drishti_GS,20,S2,0.001,5.99481201171875,0.12224768102169037,0.01854902319610119,0.023228691890835762,0.0014214651891961694,0.026032118126749992,0.13270695507526398,0.4102109670639038,0.6899990402162075,0.687091464176774,-0.0029075760394334793,0.6696200221776962,0.6705192252993584,0.0008992031216621399,0.7460956051945686,0.7492422312498093,0.003146626055240631,0.6919702626764774,0.6903924196958542,-0.0015778429806232452,False
0,RIM_ONE_r3->Drishti_GS,20,S3,0.001,3.0150721073150635,0.10044045746326447,0.01854902319610119,0.023228691890835762,0.0014214651891961694,0.026032118126749992,0.13270695507526398,0.4102109670639038,0.6899990402162075,0.6870369408279657,-0.002962099388241768,0.6696200221776962,0.6705585531890392,0.0009385310113430023,0.7460956051945686,0.74889812245965,0.0028025172650814056,0.6919702626764774,0.6905758157372475,-0.0013944469392299652,False
0,RIM_ONE_r3->Drishti_GS,20,S4,0.001,3.4100587368011475,0.11026886105537415,0.01854902319610119,0.023228691890835762,0.0014214651891961694,0.026032118126749992,0.13270695507526398,0.4102109670639038,0.6899990402162075,0.6870353985577822,-0.002963641658425331,0.6696200221776962,0.6705870181322098,0.0009669959545135498,0.7460956051945686,0.7488420307636261,0.0027464255690574646,0.6919702626764774,0.6905840896070004,-0.0013861730694770813,False
0,RIM_ONE_r3->Drishti_GS,20,S5,0.001,3.272524356842041,0.16396552324295044,0.01854902319610119,0.023228691890835762,0.0014214651891961694,0.026032118126749992,0.13270695507526398,0.4102109670639038,0.6899990402162075,0.6870670840144157,-0.0029319562017917633,0.6696200221776962,0.6705592572689056,0.0009392350912094116,0.7460956051945686,0.7486557587981224,0.002560153603553772,0.6919702626764774,0.6906915195286274,-0.0012787431478500366,False
0,RIM_ONE_r3->Drishti_GS,21,S0,0.001,11.110739707946777,0.1490313708782196,0.01651669293642044,0.06995958834886551,0.0029075557831674814,0.06255509704351425,0.16910725831985474,0.4163604974746704,0.6899990402162075,0.689586965367198,-0.00041207484900951385,0.6696200221776962,0.6693530641496181,-0.0002669580280780792,0.7460956051945686,0.7501464374363422,0.004050832241773605,0.6919702626764774,0.6900576800107956,-0.001912582665681839,False
0,RIM_ONE_r3->Drishti_GS,21,S1,0.001,4.855515003204346,0.08197934925556183,0.01651669293642044,0.06995958834886551,0.0029075557831674814,0.06255509704351425,0.16910725831985474,0.4163604974746704,0.6899990402162075,0.6899869982153177,-1.2042000889778137e-05,0.6696200221776962,0.6692760325968266,-0.0003439895808696747,0.7460956051945686,0.7495219931006432,0.003426387906074524,0.6919702626764774,0.6903638578951359,-0.0016064047813415527,False
0,RIM_ONE_r3->Drishti_GS,21,S2,0.001,11.285545349121094,0.21944095194339752,0.01651669293642044,0.06995958834886551,0.0029075557831674814,0.06255509704351425,0.16910725831985474,0.4163604974746704,0.6899990402162075,0.6895350590348244,-0.00046398118138313293,0.6696200221776962,0.669393353164196,-0.00022666901350021362,0.7460956051945686,0.7501682974398136,0.00407269224524498,0.6919702626764774,0.6900370195508003,-0.0019332431256771088,False
0,RIM_ONE_r3->Drishti_GS,21,S3,0.001,4.997512340545654,0.15238891541957855,0.01651669293642044,0.06995958834886551,0.0029075557831674814,0.06255509704351425,0.16910725831985474,0.4163604974746704,0.6899990402162075,0.6898460276424885,-0.00015301257371902466,0.6696200221776962,0.6693762689828873,-0.00024375319480895996,0.7460956051945686,0.7495923303067684,0.0034967251121997833,0.6919702626764774,0.6903035566210747,-0.0016667060554027557,False
0,RIM_ONE_r3->Drishti_GS,21,S4,0.001,5.3281779289245605,0.17024259269237518,0.01651669293642044,0.06995958834886551,0.0029075557831674814,0.06255509704351425,0.16910725831985474,0.4163604974746704,0.6899990402162075,0.6897993385791779,-0.00019970163702964783,0.6696200221776962,0.6694233454763889,-0.00019667670130729675,0.7460956051945686,0.7495243214070797,0.0034287162125110626,0.6919702626764774,0.6903195269405842,-0.0016507357358932495,False
0,RIM_ONE_r3->Drishti_GS,21,S5,0.001,5.322545051574707,0.22224710881710052,0.01651669293642044,0.06995958834886551,0.0029075557831674814,0.06255509704351425,0.16910725831985474,0.4163604974746704,0.6899990402162075,0.6899841912090778,-1.484900712966919e-05,0.6696200221776962,0.6692832484841347,-0.00033677369356155396,0.7460956051945686,0.7495838515460491,0.003488246351480484,0.6919702626764774,0.6903261467814445,-0.0016441158950328827,False
0,RIM_ONE_r3->Drishti_GS,22,S0,0.001,3.455162286758423,0.07855977863073349,0.020572485402226448,0.008084464818239212,0.001008208142593503,0.04990282654762268,0.13914930820465088,0.3103068470954895,0.6899990402162075,0.6887498218566179,-0.0012492183595895767,0.6696200221776962,0.6702008470892906,0.0005808249115943909,0.7460956051945686,0.7458239123225212,-0.0002716928720474243,0.6919702626764774,0.6918963566422462,-7.390603423118591e-05,False
0,RIM_ONE_r3->Drishti_GS,22,S1,0.001,3.3156189918518066,0.07148352265357971,0.020572485402226448,0.008084464818239212,0.001008208142593503,0.04990282654762268,0.13914930820465088,0.3103068470954895,0.6899990402162075,0.6886612698435783,-0.0013377703726291656,0.6696200221776962,0.6702278479933739,0.0006078258156776428,0.7460956051945686,0.745650801807642,-0.000444803386926651,0.6919702626764774,0.6919883787631989,1.8116086721420288e-05,False
0,RIM_ONE_r3->Drishti_GS,22,S2,0.001,3.518411874771118,0.12173876166343689,0.020572485402226448,0.008084464818239212,0.001008208142593503,0.04990282654762268,0.13914930820465088,0.3103068470954895,0.6899990402162075,0.6886426247656345,-0.0013564154505729675,0.6696200221776962,0.6703065894544125,0.0006865672767162323,0.7460956051945686,0.7456650361418724,-0.00043056905269622803,0.6919702626764774,0.691957026720047,-1.323595643043518e-05,False
0,RIM_ONE_r3->Drishti_GS,22,S3,0.001,3.350057363510132,0.11466250568628311,0.020572485402226448,0.008084464818239212,0.001008208142593503,0.04990282654762268,0.13914930820465088,0.3103068470954895,0.6899990402162075,0.6885279938578606,-0.001471046358346939,0.6696200221776962,0.6703474819660187,0.0007274597883224487,0.7460956051945686,0.745466873049736,-0.0006287321448326111,0.6919702626764774,0.6920567601919174,8.649751543998718e-05,False
0,RIM_ONE_r3->Drishti_GS,22,S4,0.001,3.3843066692352295,0.13557851314544678,0.020572485402226448,0.008084464818239212,0.001008208142593503,0.04990282654762268,0.13914930820465088,0.3103068470954895,0.6899990402162075,0.6885591018944979,-0.0014399383217096329,0.6696200221776962,0.670375794172287,0.0007557719945907593,0.7460956051945686,0.7452341690659523,-0.000861436128616333,0.6919702626764774,0.6921556331217289,0.00018537044525146484,False
0,RIM_ONE_r3->Drishti_GS,22,S5,0.001,3.426509380340576,0.16465266048908234,0.020572485402226448,0.008084464818239212,0.001008208142593503,0.04990282654762268,0.13914930820465088,0.3103068470954895,0.6899990402162075,0.6887120828032494,-0.0012869574129581451,0.6696200221776962,0.6702520921826363,0.000632070004940033,0.7460956051945686,0.7453939318656921,-0.0007016733288764954,0.6919702626764774,0.6920988522469997,0.00012858957052230835,False
0,RIM_ONE_r3->Drishti_GS,23,S0,0.001,2.3776605129241943,0.041966985911130905,0.020597396418452263,0.01124526932835579,0.0007866841624490917,0.010124322026968002,0.16095617413520813,0.3316443860530853,0.6899990402162075,0.6884563881903887,-0.0015426520258188248,0.6696200221776962,0.6699964255094528,0.0003764033317565918,0.7460956051945686,0.7499081268906593,0.0038125216960906982,0.6919702626764774,0.6901533864438534,-0.001816876232624054,False
0,RIM_ONE_r3->Drishti_GS,23,S1,0.001,1.0593215227127075,0.03150840103626251,0.020597396418452263,0.01124526932835579,0.0007866841624490917,0.010124322026968002,0.16095617413520813,0.3316443860530853,0.6899990402162075,0.6881844960153103,-0.0018145442008972168,0.6696200221776962,0.670258030295372,0.0006380081176757812,0.7460956051945686,0.7486046180129051,0.002509012818336487,0.6919702626764774,0.6907521225512028,-0.0012181401252746582,False
0,RIM_ONE_r3->Drishti_GS,23,S2,0.001,2.364840269088745,0.09534719586372375,0.020597396418452263,0.01124526932835579,0.0007866841624490917,0.010124322026968002,0.16095617413520813,0.3316443860530853,0.6899990402162075,0.6881574373692274,-0.001841602846980095,0.6696200221776962,0.6701872311532497,0.0005672089755535126,0.7460956051945686,0.7496918812394142,0.003596276044845581,0.6919702626764774,0.690240103751421,-0.0017301589250564575,False
0,RIM_ONE_r3->Drishti_GS,23,S3,0.001,1.1082866191864014,0.08488861471414566,0.020597396418452263,0.01124526932835579,0.0007866841624490917,0.010124322026968002,0.16095617413520813,0.3316443860530853,0.6899990402162075,0.6876663733273745,-0.002332666888833046,0.6696200221776962,0.6706220917403698,0.0010020695626735687,0.7460956051945686,0.7479616813361645,0.0018660761415958405,0.6919702626764774,0.691019631922245,-0.0009506307542324066,False
0,RIM_ONE_r3->Drishti_GS,23,S4,0.001,1.0982130765914917,0.12005641311407089,0.020597396418452263,0.01124526932835579,0.0007866841624490917,0.010124322026968002,0.16095617413520813,0.3316443860530853,0.6899990402162075,0.6875253114849329,-0.002473728731274605,0.6696200221776962,0.6707340516149998,0.001114029437303543,0.7460956051945686,0.7476685121655464,0.0015729069709777832,0.6919702626764774,0.6911610588431358,-0.0008092038333415985,False
0,RIM_ONE_r3->Drishti_GS,23,S5,0.001,1.1140449047088623,0.11961203068494797,0.020597396418452263,0.01124526932835579,0.0007866841624490917,0.010124322026968002,0.16095617413520813,0.3316443860530853,0.6899990402162075,0.6883854866027832,-0.0016135536134243011,0.6696200221776962,0.6702068783342838,0.0005868561565876007,0.7460956051945686,0.7484205663204193,0.0023249611258506775,0.6919702626764774,0.6908058486878872,-0.0011644139885902405,False
0,RIM_ONE_r3->Drishti_GS,24,S0,0.001,4.896177768707275,0.07548382878303528,0.016417616978287697,0.025109965354204178,0.0012492840178310871,0.03395624831318855,0.1544380784034729,0.3218136429786682,0.6899990402162075,0.68811453320086,-0.0018845070153474808,0.6696200221776962,0.6705480515956879,0.0009280294179916382,0.7460956051945686,0.7455840818583965,-0.0005115233361721039,0.6919702626764774,0.6919398941099644,-3.0368566513061523e-05,False
0,RIM_ONE_r3->Drishti_GS,24,S1,0.001,3.9527151584625244,0.0516231507062912,0.016417616978287697,0.025109965354204178,0.0012492840178310871,0.03395624831318855,0.1544380784034729,0.3218136429786682,0.6899990402162075,0.6878735776990652,-0.002125462517142296,0.6696200221776962,0.6705503687262535,0.0009303465485572815,0.7460956051945686,0.7459266297519207,-0.00016897544264793396,0.6919702626764774,0.6918298155069351,-0.00014044716954231262,False
0,RIM_ONE_r3->Drishti_GS,24,S2,0.001,5.054475784301758,0.12518411874771118,0.016417616978287697,0.025109965354204178,0.0012492840178310871,0.03395624831318855,0.1544380784034729,0.3218136429786682,0.6899990402162075,0.6881905011832714,-0.0018085390329360962,0.6696200221776962,0.6705771312117577,0.0009571090340614319,0.7460956051945686,0.7452589720487595,-0.0008366331458091736,0.6919702626764774,0.692079983651638,0.00010972097516059875,False
0,RIM_ONE_r3->Drishti_GS,24,S3,0.001,4.021603107452393,0.10132342576980591,0.016417616978287697,0.025109965354204178,0.0012492840178310871,0.03395624831318855,0.1544380784034729,0.3218136429786682,0.6899990402162075,0.6879354156553745,-0.0020636245608329773,0.6696200221776962,0.6706045083701611,0.0009844861924648285,0.7460956051945686,0.7455006986856461,-0.0005949065089225769,0.6919702626764774,0.6920033283531666,3.306567668914795e-05,False
0,RIM_ONE_r3->Drishti_GS,24,S4,0.001,4.374813079833984,0.12584474682807922,0.016417616978287697,0.025109965354204178,0.0012492840178310871,0.03395624831318855,0.1544380784034729,0.3218136429786682,0.6899990402162075,0.687988568097353,-0.0020104721188545227,0.6696200221776962,0.6706311143934727,0.0010110922157764435,0.7460956051945686,0.7448975555598736,-0.001198049634695053,0.6919702626764774,0.6922936514019966,0.0003233887255191803,False
0,RIM_ONE_r3->Drishti_GS,24,S5,0.001,3.9998350143432617,0.14701522886753082,0.016417616978287697,0.025109965354204178,0.0012492840178310871,0.03395624831318855,0.1544380784034729,0.3218136429786682,0.6899990402162075,0.6879797820001841,-0.002019258216023445,0.6696200221776962,0.6705654114484787,0.0009453892707824707,0.7460956051945686,0.7455974742770195,-0.0004981309175491333,0.6919702626764774,0.6919678226113319,-2.4400651454925537e-06,False
0,RIM_ONE_r3->Drishti_GS,25,S0,0.001,9.72347354888916,0.15729455649852753,0.01854902319610119,0.04556641727685928,0.001929168007336557,0.0931791141629219,0.16343954205513,0.21857930719852448,0.6899990402162075,0.6888116020709276,-0.0011874381452798843,0.6696200221776962,0.6696551665663719,3.51443886756897e-05,0.7460956051945686,0.7503057681024075,0.004210162907838821,0.6919702626764774,0.6899291835725307,-0.002041079103946686,False
0,RIM_ONE_r3->Drishti_GS,25,S1,0.001,7.16306209564209,0.11365730315446854,0.01854902319610119,0.04556641727685928,0.001929168007336557,0.0931791141629219,0.16343954205513,0.21857930719852448,0.6899990402162075,0.6889500878751278,-0.001048952341079712,0.6696200221776962,0.6696527935564518,3.277137875556946e-05,0.7460956051945686,0.7495603673160076,0.00346476212143898,0.6919702626764774,0.6902678795158863,-0.0017023831605911255,False
0,RIM_ONE_r3->Drishti_GS,25,S2,0.001,9.8908109664917,0.1930190622806549,0.01854902319610119,0.04556641727685928,0.001929168007336557,0.0931791141629219,0.16343954205513,0.21857930719852448,0.6899990402162075,0.6887941583991051,-0.0012048818171024323,0.6696200221776962,0.6696839518845081,6.392970681190491e-05,0.7460956051945686,0.7502877302467823,0.004192125052213669,0.6919702626764774,0.6899310015141964,-0.0020392611622810364,False
0,RIM_ONE_r3->Drishti_GS,25,S3,0.001,7.271846771240234,0.14938180148601532,0.01854902319610119,0.04556641727685928,0.001929168007336557,0.0931791141629219,0.16343954205513,0.21857930719852448,0.6899990402162075,0.6889272667467594,-0.0010717734694480896,0.6696200221776962,0.6696864813566208,6.645917892456055e-05,0.7460956051945686,0.749584149569273,0.003488544374704361,0.6919702626764774,0.690242774784565,-0.0017274878919124603,False
0,RIM_ONE_r3->Drishti_GS,25,S4,0.001,7.437788963317871,0.17825478315353394,0.01854902319610119,0.04556641727685928,0.001929168007336557,0.0931791141629219,0.16343954205513,0.21857930719852448,0.6899990402162075,0.6889966893941164,-0.0010023508220911026,0.6696200221776962,0.6696620918810368,4.2069703340530396e-05,0.7460956051945686,0.7496258355677128,0.0035302303731441498,0.6919702626764774,0.6902192793786526,-0.0017509832978248596,False
0,RIM_ONE_r3->Drishti_GS,25,S5,0.001,7.247692108154297,0.1847935914993286,0.01854902319610119,0.04556641727685928,0.001929168007336557,0.0931791141629219,0.16343954205513,0.21857930719852448,0.6899990402162075,0.6890053637325764,-0.000993676483631134,0.6696200221776962,0.6696382388472557,1.821666955947876e-05,0.7460956051945686,0.7495721057057381,0.0034765005111694336,0.6919702626764774,0.6902588382363319,-0.0017114244401454926,False
0,RIM_ONE_r3->Drishti_GS,26,S0,0.001,6.887881278991699,0.11517727375030518,0.01651669293642044,0.01155147049576044,0.0016257187817245722,0.08710911124944687,0.17313668131828308,0.23898597061634064,0.6899990402162075,0.6894912868738174,-0.0005077533423900604,0.6696200221776962,0.6696999631822109,7.994100451469421e-05,0.7460956051945686,0.7481726370751858,0.0020770318806171417,0.6919702626764774,0.6908459737896919,-0.0011242888867855072,False
0,RIM_ONE_r3->Drishti_GS,26,S1,0.001,6.479120254516602,0.10525152087211609,0.01651669293642044,0.01155147049576044,0.0016257187817245722,0.08710911124944687,0.17313668131828308,0.23898597061634064,0.6899990402162075,0.6894274204969406,-0.0005716197192668915,0.6696200221776962,0.6697166822850704,9.666010737419128e-05,0.7460956051945686,0.7481193542480469,0.002023749053478241,0.6919702626764774,0.6908843778073788,-0.0010858848690986633,False
0,RIM_ONE_r3->Drishti_GS,26,S2,0.001,7.189407825469971,0.15655452013015747,0.01651669293642044,0.01155147049576044,0.0016257187817245722,0.08710911124944687,0.17313668131828308,0.23898597061634064,0.6899990402162075,0.689654478803277,-0.0003445614129304886,0.6696200221776962,0.6697082631289959,8.824095129966736e-05,0.7460956051945686,0.747772853821516,0.001677248626947403,0.6919702626764774,0.6910092532634735,-0.0009610094130039215,False
0,RIM_ONE_r3->Drishti_GS,26,S3,0.001,6.733401298522949,0.14662876725196838,0.01651669293642044,0.01155147049576044,0.0016257187817245722,0.08710911124944687,0.17313668131828308,0.23898597061634064,0.6899990402162075,0.6896054595708847,-0.0003935806453227997,0.6696200221776962,0.6697230413556099,0.00010301917791366577,0.7460956051945686,0.747714389115572,0.0016187839210033417,0.6919702626764774,0.6910461112856865,-0.0009241513907909393,False
0,RIM_ONE_r3->Drishti_GS,26,S4,0.001,6.798232078552246,0.1742817908525467,0.01651669293642044,0.01155147049576044,0.0016257187817245722,0.08710911124944687,0.17313668131828308,0.23898597061634064,0.6899990402162075,0.6895980946719646,-0.0004009455442428589,0.6696200221776962,0.6697380170226097,0.00011799484491348267,0.7460956051945686,0.7476822137832642,0.0015866085886955261,0.6919702626764774,0.6910584680736065,-0.0009117946028709412,False
0,RIM_ONE_r3->Drishti_GS,26,S5,0.001,6.566831111907959,0.17710252106189728,0.01651669293642044,0.01155147049576044,0.0016257187817245722,0.08710911124944687,0.17313668131828308,0.23898597061634064,0.6899990402162075,0.6895074862986803,-0.0004915539175271988,0.6696200221776962,0.66969970241189,7.968023419380188e-05,0.7460956051945686,0.7480502314865589,0.00195462629199028,0.6919702626764774,0.6909105964004993,-0.0010596662759780884,False
0,RIM_ONE_r3->Drishti_GS,27,S0,0.001,2.2336628437042236,0.0463438406586647,0.020572485402226448,0.007057536393404007,0.0008917751838453114,0.01871381886303425,0.14929519593715668,0.3774559795856476,0.6899990402162075,0.6884593684226274,-0.0015396717935800552,0.6696200221776962,0.6701202765107155,0.0005002543330192566,0.7460956051945686,0.7479897662997246,0.0018941611051559448,0.6919702626764774,0.6909601911902428,-0.001010071486234665,False
0,RIM_ONE_r3->Drishti_GS,27,S1,0.001,1.2034547328948975,0.0401780791580677,0.020572485402226448,0.007057536393404007,0.0008917751838453114,0.01871381886303425,0.14929519593715668,0.3774559795856476,0.6899990402162075,0.6890739034861326,-0.0009251367300748825,0.6696200221776962,0.6698806621134281,0.0002606399357318878,0.7460956051945686,0.7470824420452118,0.000986836850643158,0.6919702626764774,0.6914441883563995,-0.0005260743200778961,False
0,RIM_ONE_r3->Drishti_GS,27,S2,0.001,2.1110541820526123,0.10269621014595032,0.020572485402226448,0.007057536393404007,0.0008917751838453114,0.01871381886303425,0.14929519593715668,0.3774559795856476,0.6899990402162075,0.6881207153201103,-0.0018783248960971832,0.6696200221776962,0.6703102476894855,0.0006902255117893219,0.7460956051945686,0.7479268237948418,0.0018312186002731323,0.6919702626764774,0.6909909695386887,-0.0009792931377887726,False
0,RIM_ONE_r3->Drishti_GS,27,S3,0.001,1.1138648986816406,0.09653044492006302,0.020572485402226448,0.007057536393404007,0.0008917751838453114,0.01871381886303425,0.14929519593715668,0.3774559795856476,0.6899990402162075,0.6885362099856138,-0.0014628302305936813,0.6696200221776962,0.6701999418437481,0.0005799196660518646,0.7460956051945686,0.7468368038535118,0.0007411986589431763,0.6919702626764774,0.6915751919150352,-0.00039507076144218445,False
0,RIM_ONE_r3->Drishti_GS,27,S4,0.001,1.0782042741775513,0.1242210641503334,0.020572485402226448,0.007057536393404007,0.0008917751838453114,0.01871381886303425,0.14929519593715668,0.3774559795856476,0.6899990402162075,0.6885340828448534,-0.001464957371354103,0.6696200221776962,0.6701930090785027,0.000572986900806427,0.7460956051945686,0.7470103465020657,0.0009147413074970245,0.6919702626764774,0.6915118470788002,-0.00045841559767723083,False
0,RIM_ONE_r3->Drishti_GS,27,S5,0.001,1.3853081464767456,0.14435996115207672,0.020572485402226448,0.007057536393404007,0.0008917751838453114,0.01871381886303425,0.14929519593715668,0.3774559795856476,0.6899990402162075,0.688528636470437,-0.0014704037457704544,0.6696200221776962,0.6701549291610718,0.0005349069833755493,0.7460956051945686,0.7469510734081268,0.000855468213558197,0.6919702626764774,0.6914717629551888,-0.000498499721288681,False
0,RIM_ONE_r3->Drishti_GS,28,S0,0.001,4.887138366699219,0.08363737910985947,0.020597396418452263,0.02075877971947193,0.0015389106702059507,0.04228120297193527,0.14916570484638214,0.30247166752815247,0.6899990402162075,0.6877304557710886,-0.002268584445118904,0.6696200221776962,0.6702238693833351,0.0006038472056388855,0.7460956051945686,0.7496721632778645,0.003576558083295822,0.6919702626764774,0.690218985080719,-0.0017512775957584381,False
0,RIM_ONE_r3->Drishti_GS,28,S1,0.001,4.057615280151367,0.0644175112247467,0.020597396418452263,0.02075877971947193,0.0015389106702059507,0.04228120297193527,0.14916570484638214,0.30247166752815247,0.6899990402162075,0.6878020577132702,-0.002196982502937317,0.6696200221776962,0.670233927667141,0.0006139054894447327,0.7460956051945686,0.7492429316043854,0.003147326409816742,0.6919702626764774,0.6904137395322323,-0.0015565231442451477,False
0,RIM_ONE_r3->Drishti_GS,28,S2,0.001,4.978142738342285,0.12875577807426453,0.020597396418452263,0.02075877971947193,0.0015389106702059507,0.04228120297193527,0.14916570484638214,0.30247166752815247,0.6899990402162075,0.6876155026257038,-0.0023835375905036926,0.6696200221776962,0.670287013053894,0.0006669908761978149,0.7460956051945686,0.74964165315032,0.003546047955751419,0.6919702626764774,0.6902388408780098,-0.001731421798467636,False
0,RIM_ONE_r3->Drishti_GS,28,S3,0.001,4.138343334197998,0.10953591018915176,0.020597396418452263,0.02075877971947193,0.0015389106702059507,0.04228120297193527,0.14916570484638214,0.30247166752815247,0.6899990402162075,0.6876638755202293,-0.0023351646959781647,0.6696200221776962,0.6703053265810013,0.0006853044033050537,0.7460956051945686,0.749228622764349,0.0031330175697803497,0.6919702626764774,0.6904246062040329,-0.0015456564724445343,False
0,RIM_ONE_r3->Drishti_GS,28,S4,0.001,4.275125980377197,0.12730588018894196,0.020597396418452263,0.02075877971947193,0.0015389106702059507,0.04228120297193527,0.14916570484638214,0.30247166752815247,0.6899990402162075,0.6876341588795185,-0.0023648813366889954,0.6696200221776962,0.6703187264502048,0.0006987042725086212,0.7460956051945686,0.749298632144928,0.0032030269503593445,0.6919702626764774,0.6903973668813705,-0.0015728957951068878,False
0,RIM_ONE_r3->Drishti_GS,28,S5,0.001,4.13692569732666,0.1515471339225769,0.020597396418452263,0.02075877971947193,0.0015389106702059507,0.04228120297193527,0.14916570484638214,0.30247166752815247,0.6899990402162075,0.6877564545720816,-0.0022425856441259384,0.6696200221776962,0.670275405049324,0.0006553828716278076,0.7460956051945686,0.749136209487915,0.003040604293346405,0.6919702626764774,0.6904569528996944,-0.0015133097767829895,False
0,RIM_ONE_r3->Drishti_GS,29,S0,0.001,3.8750317096710205,0.05996018275618553,0.016417616978287697,0.022500108927488327,0.001460104831494391,0.02104245498776436,0.14551502466201782,0.3548908233642578,0.6899990402162075,0.6892372481524944,-0.0007617920637130737,0.6696200221776962,0.6702467687427998,0.0006267465651035309,0.7460956051945686,0.7442738823592663,-0.001821722835302353,0.6919702626764774,0.6925624832510948,0.0005922205746173859,False
0,RIM_ONE_r3->Drishti_GS,29,S1,0.001,2.2225868701934814,0.03892017900943756,0.016417616978287697,0.022500108927488327,0.001460104831494391,0.02104245498776436,0.14551502466201782,0.3548908233642578,0.6899990402162075,0.6887596379965544,-0.0012394022196531296,0.6696200221776962,0.6702345237135887,0.0006145015358924866,0.7460956051945686,0.7453178390860558,-0.0007777661085128784,0.6919702626764774,0.692108940333128,0.0001386776566505432,False
0,RIM_ONE_r3->Drishti_GS,29,S2,0.001,4.021354675292969,0.11160213500261307,0.016417616978287697,0.022500108927488327,0.001460104831494391,0.02104245498776436,0.14551502466201782,0.3548908233642578,0.6899990402162075,0.6893476322293282,-0.0006514079868793488,0.6696200221776962,0.6702493727207184,0.0006293505430221558,0.7460956051945686,0.7439989782869816,-0.0020966269075870514,0.6919702626764774,0.6926833055913448,0.0007130429148674011,False
0,RIM_ONE_r3->Drishti_GS,29,S3,0.001,2.2846341133117676,0.0905621275305748,0.016417616978287697,0.022500108927488327,0.001460104831494391,0.02104245498776436,0.14551502466201782,0.3548908233642578,0.6899990402162075,0.6889488380402327,-0.0010502021759748459,0.6696200221776962,0.6702621579170227,0.000642135739326477,0.7460956051945686,0.7447529919445515,-0.0013426132500171661,0.6919702626764774,0.6923508457839489,0.00038058310747146606,False
0,RIM_ONE_r3->Drishti_GS,29,S4,0.001,2.3008131980895996,0.10132642835378647,0.016417616978287697,0.022500108927488327,0.001460104831494391,0.02104245498776436,0.14551502466201782,0.3548908233642578,0.6899990402162075,0.6888919994235039,-0.0011070407927036285,0.6696200221776962,0.6702912040054798,0.0006711818277835846,0.7460956051945686,0.7448139190673828,-0.0012816861271858215,0.6919702626764774,0.6923212297260761,0.00035096704959869385,False
0,RIM_ONE_r3->Drishti_GS,29,S5,0.001,2.420700788497925,0.14129851758480072,0.016417616978287697,0.022500108927488327,0.001460104831494391,0.02104245498776436,0.14551502466201782,0.3548908233642578,0.6899990402162075,0.6889439467340708,-0.0010550934821367264,0.6696200221776962,0.6702392846345901,0.0006192624568939209,0.7460956051945686,0.7449282892048359,-0.0011673159897327423,0.6919702626764774,0.6922715082764626,0.0003012455999851227,False
0,RIM_ONE_r3->Drishti_GS,30,S0,0.001,5.20731258392334,0.08003952354192734,0.01854902319610119,0.025747906416654587,0.0016252030618488789,0.03574259579181671,0.19143787026405334,0.25794702768325806,0.6899990402162075,0.6888505537062883,-0.0011484865099191666,0.6696200221776962,0.6698717437684536,0.00025172159075737,0.7460956051945686,0.7489704415202141,0.0028748363256454468,0.6919702626764774,0.6905588507652283,-0.0014114119112491608,False
0,RIM_ONE_r3->Drishti_GS,30,S1,0.001,3.079272747039795,0.05591682344675064,0.01854902319610119,0.025747906416654587,0.0016252030618488789,0.03574259579181671,0.19143787026405334,0.25794702768325806,0.6899990402162075,0.6895537413656712,-0.00044529885053634644,0.6696200221776962,0.6695879362523556,-3.2085925340652466e-05,0.7460956051945686,0.7480389475822449,0.001943342387676239,0.6919702626764774,0.6910084560513496,-0.0009618066251277924,False
0,RIM_ONE_r3->Drishti_GS,30,S2,0.001,5.221272945404053,0.12942035496234894,0.01854902319610119,0.025747906416654587,0.0016252030618488789,0.03574259579181671,0.19143787026405334,0.25794702768325806,0.6899990402162075,0.6888107843697071,-0.0011882558465003967,0.6696200221776962,0.6699324026703835,0.00031238049268722534,0.7460956051945686,0.7487315870821476,0.0026359818875789642,0.6919702626764774,0.6906566843390465,-0.001313578337430954,False
0,RIM_ONE_r3->Drishti_GS,30,S3,0.001,3.0428225994110107,0.10529765486717224,0.01854902319610119,0.025747906416654587,0.0016252030618488789,0.03574259579181671,0.19143787026405334,0.25794702768325806,0.6899990402162075,0.6894717290997505,-0.0005273111164569855,0.6696200221776962,0.6696958541870117,7.583200931549072e-05,0.7460956051945686,0.7476861290633678,0.0015905238687992096,0.6919702626764774,0.6911539286375046,-0.0008163340389728546,False
0,RIM_ONE_r3->Drishti_GS,30,S4,0.001,3.06754469871521,0.13101233541965485,0.01854902319610119,0.025747906416654587,0.0016252030618488789,0.03574259579181671,0.19143787026405334,0.25794702768325806,0.6899990402162075,0.6895695459097624,-0.00042949430644512177,0.6696200221776962,0.6696851141750813,6.509199738502502e-05,0.7460956051945686,0.7474387250840664,0.001343119889497757,0.6919702626764774,0.6912657767534256,-0.0007044859230518341,False
0,RIM_ONE_r3->Drishti_GS,30,S5,0.001,3.1364328861236572,0.135031059384346,0.01854902319610119,0.025747906416654587,0.0016252030618488789,0.03574259579181671,0.19143787026405334,0.25794702768325806,0.6899990402162075,0.6894566565752029,-0.0005423836410045624,0.6696200221776962,0.6696597822010517,3.976002335548401e-05,0.7460956051945686,0.7478726804256439,0.0017770752310752869,0.6919702626764774,0.6910680308938026,-0.0009022317826747894,False
0,RIM_ONE_r3->Drishti_GS,31,S0,0.001,5.890145778656006,0.0657775029540062,0.01651669293642044,0.023228691890835762,0.0014214651891961694,0.026032118126749992,0.13270695507526398,0.4102109670639038,0.6899990402162075,0.6871498599648476,-0.0028491802513599396,0.6696200221776962,0.6704603806138039,0.0008403584361076355,0.7460956051945686,0.7492795325815678,0.0031839273869991302,0.6919702626764774,0.6903856545686722,-0.001584608107805252,False
0,RIM_ONE_r3->Drishti_GS,31,S1,0.001,2.97271728515625,0.04397027567028999,0.01651669293642044,0.023228691890835762,0.0014214651891961694,0.026032118126749992,0.13270695507526398,0.4102109670639038,0.6899990402162075,0.6872067395597696,-0.002792300656437874,0.6696200221776962,0.670428704470396,0.0008086822926998138,0.7460956051945686,0.7489118427038193,0.002816237509250641,0.6919702626764774,0.6905902437865734,-0.0013800188899040222,False
0,RIM_ONE_r3->Drishti_GS,31,S2,0.001,5.948727607727051,0.12021534889936447,0.01651669293642044,0.023228691890835762,0.0014214651891961694,0.026032118126749992,0.13270695507526398,0.4102109670639038,0.6899990402162075,0.6871224492788315,-0.0028765909373760223,0.6696200221776962,0.6705141067504883,0.0008940845727920532,0.7460956051945686,0.7491889894008636,0.0030933842062950134,0.6919702626764774,0.6904090046882629,-0.0015612579882144928,False
0,RIM_ONE_r3->Drishti_GS,31,S3,0.001,2.9594497680664062,0.09840812534093857,0.01651669293642044,0.023228691890835762,0.0014214651891961694,0.026032118126749992,0.13270695507526398,0.4102109670639038,0.6899990402162075,0.6870973780751228,-0.002901662141084671,0.6696200221776962,0.6705469116568565,0.0009268894791603088,0.7460956051945686,0.7487978860735893,0.002702280879020691,0.6919702626764774,0.690605878829956,-0.0013643838465213776,False
0,RIM_ONE_r3->Drishti_GS,31,S4,0.001,3.360161781311035,0.10823653638362885,0.01651669293642044,0.023228691890835762,0.0014214651891961694,0.026032118126749992,0.13270695507526398,0.4102109670639038,0.6899990402162075,0.6870920639485121,-0.002906976267695427,0.6696200221776962,0.6705781929194927,0.0009581707417964935,0.7460956051945686,0.7487491704523563,0.0026535652577877045,0.6919702626764774,0.69061079621315,-0.0013594664633274078,False
0,RIM_ONE_r3->Drishti_GS,31,S5,0.001,3.21696400642395,0.16193318367004395,0.01651669293642044,0.023228691890835762,0.0014214651891961694,0.026032118126749992,0.13270695507526398,0.4102109670639038,0.6899990402162075,0.6871215160936117,-0.002877524122595787,0.6696200221776962,0.6705504134297371,0.000930391252040863,0.7460956051945686,0.7485618442296982,0.002466239035129547,0.6919702626764774,0.6907198615372181,-0.0012504011392593384,False
