protocol_id,seed,transition,update_batch,variant,relation_form,fixed_relation_scale,relation_loss,relation_gradient_norm,relation_gradient_norm_ratio_to_x0,cos_relation_with_sup,cos_relation_with_assim,sup_gradient_norm,assim_gradient_norm,total_gradient_norm,b0_r0_loss_abs_error,old_model_gradient_nonnull,optimizer_step_called,all_finite,hidden_gt_usage
bprcseg_x1_exploratory,0,REFUGE->RIM_ONE_r3,0,X0,categorical_pixel_mean,1.0,0.012214476242661476,0.1347673535346985,1.0,0.2829642593860626,-0.37871870398521423,0.5391296148300171,0.4973568320274353,0.6691734194755554,0.0,0,False,True,none
bprcseg_x1_exploratory,0,REFUGE->RIM_ONE_r3,0,X1,top2_pairwise_class_balanced_div_num_classes,0.3333333333333333,0.012740956619381905,0.3160684108734131,2.3452891414984647,0.24540136754512787,-0.5370803475379944,0.5391296148300171,0.4973568320274353,0.6737668514251709,0.0,0,False,True,none
bprcseg_x1_exploratory,0,REFUGE->RIM_ONE_r3,1,X0,categorical_pixel_mean,1.0,0.018661625683307648,0.43258264660835266,1.0,0.005391065496951342,-0.2013097107410431,0.5538391470909119,0.3555377125740051,0.6779745221138,1.862645149230957e-09,0,False,True,none
bprcseg_x1_exploratory,0,REFUGE->RIM_ONE_r3,1,X1,top2_pairwise_class_balanced_div_num_classes,0.3333333333333333,0.021522318944334984,0.949600338935852,2.1951882406313716,0.019866010174155235,-0.2619422674179077,0.5538391470909119,0.3555377125740051,1.0380851030349731,1.862645149230957e-09,0,False,True,none
bprcseg_x1_exploratory,0,REFUGE->RIM_ONE_r3,2,X0,categorical_pixel_mean,1.0,0.02055913396179676,0.39238980412483215,1.0,-0.02643023058772087,0.40878036618232727,0.3918122351169586,0.8572579622268677,1.2304874658584595,0.0,0,False,True,none
bprcseg_x1_exploratory,0,REFUGE->RIM_ONE_r3,2,X1,top2_pairwise_class_balanced_div_num_classes,0.3333333333333333,0.023140160366892815,0.766726016998291,1.9539906718737527,-0.09609954804182053,0.2551210820674896,0.3918122351169586,0.8572579622268677,1.3995378017425537,0.0,0,False,True,none
bprcseg_x1_exploratory,0,REFUGE->RIM_ONE_r3,3,X0,categorical_pixel_mean,1.0,0.01332362461835146,0.2549496591091156,1.0,0.1771182417869568,-0.1888565570116043,0.37028223276138306,0.6351574659347534,0.7952417731285095,0.0,0,False,True,none
bprcseg_x1_exploratory,0,REFUGE->RIM_ONE_r3,3,X1,top2_pairwise_class_balanced_div_num_classes,0.3333333333333333,0.01758287288248539,0.7533074021339417,2.954729983818235,0.11974674463272095,-0.2174738049507141,0.37028223276138306,0.6351574659347534,1.010596752166748,0.0,0,False,True,none
bprcseg_x1_exploratory,0,REFUGE->RIM_ONE_r3,4,X0,categorical_pixel_mean,1.0,0.015909066423773766,0.3124344050884247,1.0,-0.33413878083229065,-0.08131401985883713,0.3000469207763672,0.2811214327812195,0.42419686913490295,1.862645149230957e-09,0,False,True,none
bprcseg_x1_exploratory,0,REFUGE->RIM_ONE_r3,4,X1,top2_pairwise_class_balanced_div_num_classes,0.3333333333333333,0.016613511368632317,0.6001498103141785,1.9208825934017255,-0.34323635697364807,-0.039940815418958664,0.3000469207763672,0.2811214327812195,0.6183422207832336,1.862645149230957e-09,0,False,True,none
bprcseg_x1_exploratory,0,REFUGE->RIM_ONE_r3,5,X0,categorical_pixel_mean,1.0,0.016878368332982063,0.3383638560771942,1.0,0.37421825528144836,0.20301330089569092,0.6255807280540466,0.217468723654747,0.8946546316146851,0.0,0,False,True,none
bprcseg_x1_exploratory,0,REFUGE->RIM_ONE_r3,5,X1,top2_pairwise_class_balanced_div_num_classes,0.3333333333333333,0.01642613112926483,0.45181089639663696,1.3352812018242308,0.2646893858909607,0.30864861607551575,0.6255807280540466,0.217468723654747,0.9549897909164429,0.0,0,False,True,none
bprcseg_x1_exploratory,0,REFUGE->RIM_ONE_r3,6,X0,categorical_pixel_mean,1.0,0.018235990777611732,0.2286282777786255,1.0,0.05028508976101875,0.32887575030326843,0.40587174892425537,0.4706621468067169,0.7521535754203796,0.0,0,False,True,none
bprcseg_x1_exploratory,0,REFUGE->RIM_ONE_r3,6,X1,top2_pairwise_class_balanced_div_num_classes,0.3333333333333333,0.01680844835937023,0.423405259847641,1.8519374067000265,-0.20441175997257233,0.210198774933815,0.40587174892425537,0.4706621468067169,0.79129958152771,0.0,0,False,True,none
bprcseg_x1_exploratory,0,REFUGE->RIM_ONE_r3,7,X0,categorical_pixel_mean,1.0,0.014630070887506008,0.19128987193107605,1.0,0.09021536260843277,-0.039759811013936996,0.22017812728881836,1.0762150287628174,1.1439324617385864,1.862645149230957e-09,0,False,True,none
bprcseg_x1_exploratory,0,REFUGE->RIM_ONE_r3,7,X1,top2_pairwise_class_balanced_div_num_classes,0.3333333333333333,0.01581489108502865,0.45194461941719055,2.3626165612157,-0.1759556084871292,-0.44261929392814636,0.22017812728881836,1.0762150287628174,1.0096758604049683,1.862645149230957e-09,0,False,True,none
bprcseg_x1_exploratory,0,REFUGE->RIM_ONE_r3,8,X0,categorical_pixel_mean,1.0,0.016094870865345,0.5270290374755859,1.0,-0.3816346526145935,0.834816575050354,0.3359881043434143,0.846169650554657,1.2271696329116821,1.862645149230957e-09,0,False,True,none
bprcseg_x1_exploratory,0,REFUGE->RIM_ONE_r3,8,X1,top2_pairwise_class_balanced_div_num_classes,0.3333333333333333,0.012490215711295605,0.34158948063850403,0.6481416702857247,-0.3787274658679962,0.44132134318351746,0.3359881043434143,0.846169650554657,0.9506090879440308,1.862645149230957e-09,0,False,True,none
bprcseg_x1_exploratory,0,REFUGE->RIM_ONE_r3,9,X0,categorical_pixel_mean,1.0,0.01580428145825863,0.26915910840034485,1.0,-0.3986116349697113,-0.10785112529993057,0.2755049467086792,1.1012327671051025,1.1969995498657227,0.0,0,False,True,none
bprcseg_x1_exploratory,0,REFUGE->RIM_ONE_r3,9,X1,top2_pairwise_class_balanced_div_num_classes,0.3333333333333333,0.015601190738379955,0.3017881512641907,1.1212258543200169,0.08895048499107361,0.3249712884426117,0.2755049467086792,1.1012327671051025,1.343581199645996,0.0,0,False,True,none
bprcseg_x1_exploratory,0,REFUGE->RIM_ONE_r3,10,X0,categorical_pixel_mean,1.0,0.01274403277784586,0.11647478491067886,1.0,-0.10816926509141922,0.35180696845054626,0.5255353450775146,0.2395249605178833,0.5505349040031433,0.0,0,False,True,none
bprcseg_x1_exploratory,0,REFUGE->RIM_ONE_r3,10,X1,top2_pairwise_class_balanced_div_num_classes,0.3333333333333333,0.01534238737076521,0.2658955156803131,2.2828590401280473,-0.008943439461290836,0.031979795545339584,0.5255353450775146,0.2395249605178833,0.596164882183075,0.0,0,False,True,none
bprcseg_x1_exploratory,0,REFUGE->RIM_ONE_r3,11,X0,categorical_pixel_mean,1.0,0.017485614866018295,0.1896115392446518,1.0,-0.2547709047794342,0.3964702785015106,0.33111652731895447,0.6929162740707397,0.6953184604644775,0.0,0,False,True,none
bprcseg_x1_exploratory,0,REFUGE->RIM_ONE_r3,11,X1,top2_pairwise_class_balanced_div_num_classes,0.3333333333333333,0.016473527997732162,0.44011035561561584,2.3211158844491564,0.0653165876865387,0.011981186456978321,0.33111652731895447,0.6929162740707397,0.771619439125061,0.0,0,False,True,none
bprcseg_x1_exploratory,0,REFUGE->RIM_ONE_r3,12,X0,categorical_pixel_mean,1.0,0.009996384382247925,0.10464903712272644,1.0,0.07772811502218246,0.03634191304445267,0.680853009223938,0.36087167263031006,0.5243871808052063,9.313225746154785e-10,0,False,True,none
bprcseg_x1_exploratory,0,REFUGE->RIM_ONE_r3,12,X1,top2_pairwise_class_balanced_div_num_classes,0.3333333333333333,0.011945902369916439,0.257290244102478,2.4586011603789784,0.16520936787128448,-0.16200445592403412,0.680853009223938,0.36087167263031006,0.5866925716400146,9.313225746154785e-10,0,False,True,none
bprcseg_x1_exploratory,0,REFUGE->RIM_ONE_r3,13,X0,categorical_pixel_mean,1.0,0.015332473441958427,0.18298543989658356,1.0,0.04051777720451355,0.058295827358961105,0.3986508548259735,0.3272410035133362,0.4783782958984375,0.0,0,False,True,none
bprcseg_x1_exploratory,0,REFUGE->RIM_ONE_r3,13,X1,top2_pairwise_class_balanced_div_num_classes,0.3333333333333333,0.01751811057329178,0.3860388398170471,2.1096697094327377,-0.10114850848913193,0.12477239966392517,0.3986508548259735,0.3272410035133362,0.5760993957519531,0.0,0,False,True,none
bprcseg_x1_exploratory,0,REFUGE->RIM_ONE_r3,14,X0,categorical_pixel_mean,1.0,0.01423118356615305,0.16269829869270325,1.0,0.16913898289203644,0.2871963679790497,0.342427134513855,0.5607383847236633,0.7039303779602051,1.862645149230957e-09,0,False,True,none
bprcseg_x1_exploratory,0,REFUGE->RIM_ONE_r3,14,X1,top2_pairwise_class_balanced_div_num_classes,0.3333333333333333,0.013776794075965881,0.2879736125469208,1.7699853954270999,0.02776605822145939,0.3419898450374603,0.342427134513855,0.5607383847236633,0.7724303603172302,1.862645149230957e-09,0,False,True,none
bprcseg_x1_exploratory,0,REFUGE->RIM_ONE_r3,15,X0,categorical_pixel_mean,1.0,0.014881911687552929,0.2103090137243271,1.0,-0.002927724737673998,0.3137001097202301,0.28313499689102173,0.35726073384284973,0.5420517921447754,9.313225746154785e-10,0,False,True,none
bprcseg_x1_exploratory,0,REFUGE->RIM_ONE_r3,15,X1,top2_pairwise_class_balanced_div_num_classes,0.3333333333333333,0.015346882864832878,0.30658838152885437,1.4577995307929608,0.06000862270593643,-0.275520384311676,0.28313499689102173,0.35726073384284973,0.49684378504753113,9.313225746154785e-10,0,False,True,none
bprcseg_x1_exploratory,0,REFUGE->RIM_ONE_r3,16,X0,categorical_pixel_mean,1.0,0.026706352829933167,0.33683016896247864,1.0,0.04441750794649124,0.1870671808719635,0.4867231249809265,0.7869921326637268,1.0172922611236572,0.0,0,False,True,none
bprcseg_x1_exploratory,0,REFUGE->RIM_ONE_r3,16,X1,top2_pairwise_class_balanced_div_num_classes,0.3333333333333333,0.0276112612336874,0.6377896070480347,1.8935049939635353,-0.028257908299565315,0.29207900166511536,0.4867231249809265,0.7869921326637268,1.2207059860229492,0.0,0,False,True,none
bprcseg_x1_exploratory,0,REFUGE->RIM_ONE_r3,17,X0,categorical_pixel_mean,1.0,0.016257211565971375,0.22266548871994019,1.0,0.11505314707756042,-0.11568420380353928,0.3998821973800659,0.5055446624755859,0.5986070036888123,0.0,0,False,True,none
bprcseg_x1_exploratory,0,REFUGE->RIM_ONE_r3,17,X1,top2_pairwise_class_balanced_div_num_classes,0.3333333333333333,0.015135752968490124,0.2949211895465851,1.324503367100257,0.04971859231591225,-0.07869557291269302,0.3998821973800659,0.5055446624755859,0.6241406202316284,0.0,0,False,True,none
bprcseg_x1_exploratory,0,REFUGE->RIM_ONE_r3,18,X0,categorical_pixel_mean,1.0,0.01526354905217886,0.15295995771884918,1.0,-0.2023688405752182,-0.011658363044261932,0.4979398250579834,0.2611750662326813,0.612382709980011,0.0,0,False,True,none
bprcseg_x1_exploratory,0,REFUGE->RIM_ONE_r3,18,X1,top2_pairwise_class_balanced_div_num_classes,0.3333333333333333,0.018955081701278687,0.5854107737541199,3.8272158444901296,-0.1899205595254898,0.044909097254276276,0.4979398250579834,0.2611750662326813,0.7931533455848694,0.0,0,False,True,none
bprcseg_x1_exploratory,0,REFUGE->RIM_ONE_r3,19,X0,categorical_pixel_mean,1.0,0.01060017291456461,0.11299169808626175,1.0,0.12274971604347229,0.26497477293014526,0.5106111168861389,0.2631974518299103,0.5698414444923401,9.313225746154785e-10,0,False,True,none
bprcseg_x1_exploratory,0,REFUGE->RIM_ONE_r3,19,X1,top2_pairwise_class_balanced_div_num_classes,0.3333333333333333,0.015020589344203472,0.3235131800174713,2.863158847037507,0.4198220670223236,-0.19121043384075165,0.5106111168861389,0.2631974518299103,0.7020177245140076,9.313225746154785e-10,0,False,True,none
bprcseg_x1_exploratory,0,REFUGE->RIM_ONE_r3,20,X0,categorical_pixel_mean,1.0,0.02176520600914955,0.26363539695739746,1.0,0.1654588133096695,0.19682082533836365,0.2480493187904358,0.8045650720596313,0.9369341731071472,0.0,0,False,True,none
bprcseg_x1_exploratory,0,REFUGE->RIM_ONE_r3,20,X1,top2_pairwise_class_balanced_div_num_classes,0.3333333333333333,0.0224110409617424,0.5425823330879211,2.058078464993077,0.012646052055060863,0.35356444120407104,0.2480493187904358,0.8045650720596313,1.1444122791290283,0.0,0,False,True,none
bprcseg_x1_exploratory,0,REFUGE->RIM_ONE_r3,21,X0,categorical_pixel_mean,1.0,0.012581858783960342,0.2299424260854721,1.0,-0.39406701922416687,0.561241865158081,0.35128331184387207,0.19310711324214935,0.3913148045539856,0.0,0,False,True,none
bprcseg_x1_exploratory,0,REFUGE->RIM_ONE_r3,21,X1,top2_pairwise_class_balanced_div_num_classes,0.3333333333333333,0.016573715955018997,0.6232393383979797,2.7104147286256555,-0.4256652593612671,0.5127226114273071,0.35128331184387207,0.19310711324214935,0.662971019744873,0.0,0,False,True,none
bprcseg_x1_exploratory,0,REFUGE->RIM_ONE_r3,22,X0,categorical_pixel_mean,1.0,0.015313955023884773,0.3308067321777344,1.0,0.16397356986999512,0.07348271459341049,0.5460549592971802,0.33076074719429016,0.7941262722015381,0.0,0,False,True,none
bprcseg_x1_exploratory,0,REFUGE->RIM_ONE_r3,22,X1,top2_pairwise_class_balanced_div_num_classes,0.3333333333333333,0.01640525832772255,0.6442014575004578,1.9473650166053575,0.0660104975104332,0.003197867190465331,0.5460549592971802,0.33076074719429016,0.953231930732727,0.0,0,False,True,none
bprcseg_x1_exploratory,0,REFUGE->RIM_ONE_r3,23,X0,categorical_pixel_mean,1.0,0.01745234988629818,0.35283178091049194,1.0,-0.23271264135837555,-0.25470757484436035,0.32885292172431946,0.6033403873443604,0.6225988268852234,1.862645149230957e-09,0,False,True,none
bprcseg_x1_exploratory,0,REFUGE->RIM_ONE_r3,23,X1,top2_pairwise_class_balanced_div_num_classes,0.3333333333333333,0.023065179586410522,0.762763261795044,2.161832643949229,-0.2658572793006897,-0.23280447721481323,0.32885292172431946,0.6033403873443604,0.8122460246086121,1.862645149230957e-09,0,False,True,none
bprcseg_x1_exploratory,0,REFUGE->RIM_ONE_r3,24,X0,categorical_pixel_mean,1.0,0.01109523605555296,0.13525983691215515,1.0,-0.0916881412267685,-0.34407442808151245,0.27028021216392517,0.19740991294384003,0.2977600395679474,0.0,0,False,True,none
bprcseg_x1_exploratory,0,REFUGE->RIM_ONE_r3,24,X1,top2_pairwise_class_balanced_div_num_classes,0.3333333333333333,0.01226559653878212,0.2149658352136612,1.5892806033269973,0.009605499915778637,-0.5198025703430176,0.27028021216392517,0.19740991294384003,0.3140946328639984,0.0,0,False,True,none
bprcseg_x1_exploratory,0,REFUGE->RIM_ONE_r3,25,X0,categorical_pixel_mean,1.0,0.023198379203677177,0.5076270699501038,1.0,-0.20947736501693726,-0.33670148253440857,0.3530646562576294,0.2581246793270111,0.49868518114089966,0.0,0,False,True,none
bprcseg_x1_exploratory,0,REFUGE->RIM_ONE_r3,25,X1,top2_pairwise_class_balanced_div_num_classes,0.3333333333333333,0.0227083470672369,0.7803062200546265,1.5371643205145171,-0.18303422629833221,-0.32423415780067444,0.3530646562576294,0.2581246793270111,0.7291990518569946,0.0,0,False,True,none
bprcseg_x1_exploratory,0,REFUGE->RIM_ONE_r3,26,X0,categorical_pixel_mean,1.0,0.011433691717684269,0.14065182209014893,1.0,-0.010396107099950314,0.28895771503448486,0.377777099609375,0.16063418984413147,0.42095062136650085,9.313225746154785e-10,0,False,True,none
bprcseg_x1_exploratory,0,REFUGE->RIM_ONE_r3,26,X1,top2_pairwise_class_balanced_div_num_classes,0.3333333333333333,0.013503151945769787,0.4343467354774475,3.088098888609198,-0.20851485431194305,0.18238602578639984,0.377777099609375,0.16063418984413147,0.539576530456543,9.313225746154785e-10,0,False,True,none
bprcseg_x1_exploratory,0,REFUGE->RIM_ONE_r3,27,X0,categorical_pixel_mean,1.0,0.014210818335413933,0.19708207249641418,1.0,-0.2676743268966675,-0.398449182510376,0.4865819215774536,1.1188031435012817,1.187778115272522,0.0,0,False,True,none
bprcseg_x1_exploratory,0,REFUGE->RIM_ONE_r3,27,X1,top2_pairwise_class_balanced_div_num_classes,0.3333333333333333,0.01834557019174099,0.6659181714057922,3.378887602361236,-0.2234172523021698,-0.24314062297344208,0.4865819215774536,1.1188031435012817,1.2390881776809692,0.0,0,False,True,none
bprcseg_x1_exploratory,0,REFUGE->RIM_ONE_r3,28,X0,categorical_pixel_mean,1.0,0.02312423475086689,0.452587753534317,1.0,-0.10091888159513474,0.4376158118247986,0.44425255060195923,0.6065967679023743,0.9318023920059204,1.862645149230957e-09,0,False,True,none
bprcseg_x1_exploratory,0,REFUGE->RIM_ONE_r3,28,X1,top2_pairwise_class_balanced_div_num_classes,0.3333333333333333,0.020656820386648178,0.5894966721534729,1.3025024816734794,-0.1197361946105957,0.30430322885513306,0.44425255060195923,0.6065967679023743,0.9829310774803162,1.862645149230957e-09,0,False,True,none
bprcseg_x1_exploratory,0,REFUGE->RIM_ONE_r3,29,X0,categorical_pixel_mean,1.0,0.011838839389383793,0.2038446068763733,1.0,0.07688998430967331,0.43865472078323364,0.3473987579345703,0.37736976146698,0.6372221112251282,9.313225746154785e-10,0,False,True,none
bprcseg_x1_exploratory,0,REFUGE->RIM_ONE_r3,29,X1,top2_pairwise_class_balanced_div_num_classes,0.3333333333333333,0.011678867042064667,0.40395548939704895,1.981683477365864,-0.16957710683345795,0.3374532461166382,0.3473987579345703,0.37736976146698,0.7103486061096191,9.313225746154785e-10,0,False,True,none
bprcseg_x1_exploratory,0,REFUGE->RIM_ONE_r3,30,X0,categorical_pixel_mean,1.0,0.013169395737349987,0.18867100775241852,1.0,-0.2725931704044342,-0.5848047733306885,0.2930566668510437,0.5183427333831787,0.5611894130706787,0.0,0,False,True,none
bprcseg_x1_exploratory,0,REFUGE->RIM_ONE_r3,30,X1,top2_pairwise_class_balanced_div_num_classes,0.3333333333333333,0.015861961990594864,0.3171187937259674,1.6808029887777094,0.13743582367897034,-0.19291427731513977,0.2930566668510437,0.5183427333831787,0.6975350379943848,0.0,0,False,True,none
bprcseg_x1_exploratory,0,REFUGE->RIM_ONE_r3,31,X0,categorical_pixel_mean,1.0,0.013452379032969475,0.3757140338420868,1.0,-0.23594699800014496,0.16887053847312927,0.3443693518638611,0.19315576553344727,0.5450718402862549,1.862645149230957e-09,0,False,True,none
bprcseg_x1_exploratory,0,REFUGE->RIM_ONE_r3,31,X1,top2_pairwise_class_balanced_div_num_classes,0.3333333333333333,0.015172789804637432,0.7451855540275574,1.9833849335017388,-0.24519553780555725,0.1575583666563034,0.3443693518638611,0.19315576553344727,0.8168873190879822,1.862645149230957e-09,0,False,True,none
bprcseg_x1_exploratory,0,RIM_ONE_r3->Drishti_GS,0,X0,categorical_pixel_mean,1.0,0.00837696436792612,0.12482480704784393,1.0,-0.46530216932296753,-0.21264714002609253,0.29900020360946655,0.553541898727417,0.5787354111671448,0.0,0,False,True,none
bprcseg_x1_exploratory,0,RIM_ONE_r3->Drishti_GS,0,X1,top2_pairwise_class_balanced_div_num_classes,0.3333333333333333,0.011743559502065182,0.42263633012771606,3.3858360379097108,-0.32504385709762573,0.05921638384461403,0.29900020360946655,0.553541898727417,0.7124953866004944,0.0,0,False,True,none
bprcseg_x1_exploratory,0,RIM_ONE_r3->Drishti_GS,1,X0,categorical_pixel_mean,1.0,0.009667932987213135,0.23612487316131592,1.0,-0.24236291646957397,0.3345007598400116,0.2921128571033478,0.7121116518974304,0.7451701164245605,9.313225746154785e-10,0,False,True,none
bprcseg_x1_exploratory,0,RIM_ONE_r3->Drishti_GS,1,X1,top2_pairwise_class_balanced_div_num_classes,0.3333333333333333,0.011164377443492413,0.33081623911857605,1.4010224111060456,-0.034753795713186264,-0.19420702755451202,0.2921128571033478,0.7121116518974304,0.6570336818695068,9.313225746154785e-10,0,False,True,none
bprcseg_x1_exploratory,0,RIM_ONE_r3->Drishti_GS,2,X0,categorical_pixel_mean,1.0,0.00673830509185791,0.12966708838939667,1.0,-0.22067706286907196,-0.38561877608299255,0.269990473985672,2.1839451789855957,2.2516720294952393,4.656612873077393e-10,0,False,True,none
bprcseg_x1_exploratory,0,RIM_ONE_r3->Drishti_GS,2,X1,top2_pairwise_class_balanced_div_num_classes,0.3333333333333333,0.010423146188259125,0.4803209900856018,3.704262940208653,-0.168387308716774,-0.03017251193523407,0.269990473985672,2.1839451789855957,2.3261382579803467,4.656612873077393e-10,0,False,True,none
bprcseg_x1_exploratory,0,RIM_ONE_r3->Drishti_GS,3,X0,categorical_pixel_mean,1.0,0.007385205943137407,0.1456233710050583,1.0,-0.013789666816592216,0.3154665231704712,0.43005064129829407,0.5606407523155212,0.775982141494751,9.313225746154785e-10,0,False,True,none
bprcseg_x1_exploratory,0,RIM_ONE_r3->Drishti_GS,3,X1,top2_pairwise_class_balanced_div_num_classes,0.3333333333333333,0.009749943390488625,0.3354622423648834,2.3036291499750474,-0.07884901016950607,0.5730865597724915,0.43005064129829407,0.5606407523155212,0.9146102666854858,9.313225746154785e-10,0,False,True,none
bprcseg_x1_exploratory,0,RIM_ONE_r3->Drishti_GS,4,X0,categorical_pixel_mean,1.0,0.005586858838796616,0.09551457315683365,1.0,0.33413517475128174,0.48445430397987366,0.6855111122131348,1.0896929502487183,1.5763193368911743,0.0,0,False,True,none
bprcseg_x1_exploratory,0,RIM_ONE_r3->Drishti_GS,4,X1,top2_pairwise_class_balanced_div_num_classes,0.3333333333333333,0.009867805987596512,0.7511366605758667,7.864105295665305,0.08264346420764923,-0.0002906547742895782,0.6855111122131348,1.0896929502487183,1.726287603378296,0.0,0,False,True,none
bprcseg_x1_exploratory,0,RIM_ONE_r3->Drishti_GS,5,X0,categorical_pixel_mean,1.0,0.008372660726308823,0.11608637869358063,1.0,-0.10800167173147202,0.3417915999889374,0.3507618010044098,0.31084975600242615,0.41473808884620667,9.313225746154785e-10,0,False,True,none
bprcseg_x1_exploratory,0,RIM_ONE_r3->Drishti_GS,5,X1,top2_pairwise_class_balanced_div_num_classes,0.3333333333333333,0.008784005418419838,0.3744410574436188,3.2255382729440307,-0.3028414249420166,0.5637364983558655,0.3507618010044098,0.31084975600242615,0.5784095525741577,9.313225746154785e-10,0,False,True,none
bprcseg_x1_exploratory,0,RIM_ONE_r3->Drishti_GS,6,X0,categorical_pixel_mean,1.0,0.008882638067007065,0.2690168023109436,1.0,0.24945126473903656,0.4834378659725189,0.43446841835975647,0.412492573261261,0.7885022759437561,9.313225746154785e-10,0,False,True,none
bprcseg_x1_exploratory,0,RIM_ONE_r3->Drishti_GS,6,X1,top2_pairwise_class_balanced_div_num_classes,0.3333333333333333,0.009794160723686218,0.40340936183929443,1.4995693888778476,0.3053557574748993,0.10929350554943085,0.43446841835975647,0.412492573261261,0.8306028842926025,9.313225746154785e-10,0,False,True,none
bprcseg_x1_exploratory,0,RIM_ONE_r3->Drishti_GS,7,X0,categorical_pixel_mean,1.0,0.008356229402124882,0.11764256656169891,1.0,0.13894151151180267,0.33187350630760193,0.32473835349082947,2.651381731033325,2.6173319816589355,0.0,0,False,True,none
bprcseg_x1_exploratory,0,RIM_ONE_r3->Drishti_GS,7,X1,top2_pairwise_class_balanced_div_num_classes,0.3333333333333333,0.01661362685263157,0.6041972637176514,5.13587285092742,0.1622360795736313,-0.05488879606127739,0.32473835349082947,2.651381731033325,2.6214003562927246,0.0,0,False,True,none
bprcseg_x1_exploratory,0,RIM_ONE_r3->Drishti_GS,8,X0,categorical_pixel_mean,1.0,0.00719209061935544,0.08893226087093353,1.0,0.12690307199954987,-0.017153745517134666,0.3467664122581482,0.37695997953414917,0.4345111548900604,9.313225746154785e-10,0,False,True,none
bprcseg_x1_exploratory,0,RIM_ONE_r3->Drishti_GS,8,X1,top2_pairwise_class_balanced_div_num_classes,0.3333333333333333,0.007948528043925762,0.2421954870223999,2.723370401815104,0.2418704479932785,0.04110269993543625,0.3467664122581482,0.37695997953414917,0.5300955772399902,9.313225746154785e-10,0,False,True,none
bprcseg_x1_exploratory,0,RIM_ONE_r3->Drishti_GS,9,X0,categorical_pixel_mean,1.0,0.0061475737020373344,0.09812860190868378,1.0,-0.09715825319290161,-0.10067293047904968,0.36390775442123413,0.49284374713897705,0.5297075510025024,4.656612873077393e-10,0,False,True,none
bprcseg_x1_exploratory,0,RIM_ONE_r3->Drishti_GS,9,X1,top2_pairwise_class_balanced_div_num_classes,0.3333333333333333,0.00697876513004303,0.2643686532974243,2.694103942736693,0.07901638001203537,-0.2204688936471939,0.36390775442123413,0.49284374713897705,0.5615060329437256,4.656612873077393e-10,0,False,True,none
bprcseg_x1_exploratory,0,RIM_ONE_r3->Drishti_GS,10,X0,categorical_pixel_mean,1.0,0.006179680582135916,0.2320222109556198,1.0,-0.4329381585121155,0.3795662224292755,0.2475016564130783,0.5469539761543274,0.6773892045021057,0.0,0,False,True,none
bprcseg_x1_exploratory,0,RIM_ONE_r3->Drishti_GS,10,X1,top2_pairwise_class_balanced_div_num_classes,0.3333333333333333,0.006438577082008123,0.241889089345932,1.042525576968144,0.39063572883605957,0.3943560719490051,0.2475016564130783,0.5469539761543274,0.7536794543266296,0.0,0,False,True,none
bprcseg_x1_exploratory,0,RIM_ONE_r3->Drishti_GS,11,X0,categorical_pixel_mean,1.0,0.01063681859523058,0.20941096544265747,1.0,0.2149195373058319,0.5626298189163208,0.2545378804206848,1.5921571254730225,1.7669564485549927,9.313225746154785e-10,0,False,True,none
bprcseg_x1_exploratory,0,RIM_ONE_r3->Drishti_GS,11,X1,top2_pairwise_class_balanced_div_num_classes,0.3333333333333333,0.0168781615793705,0.7810395956039429,3.729697697314772,0.11738109588623047,-0.3049696981906891,0.2545378804206848,1.5921571254730225,1.6056833267211914,9.313225746154785e-10,0,False,True,none
bprcseg_x1_exploratory,0,RIM_ONE_r3->Drishti_GS,12,X0,categorical_pixel_mean,1.0,0.006687845103442669,0.3611552119255066,1.0,0.20237098634243011,0.44764837622642517,0.3226872384548187,0.38878604769706726,0.7417784929275513,4.656612873077393e-10,0,False,True,none
bprcseg_x1_exploratory,0,RIM_ONE_r3->Drishti_GS,12,X1,top2_pairwise_class_balanced_div_num_classes,0.3333333333333333,0.007898211479187012,0.41759219765663147,1.1562679531335847,0.27928584814071655,0.3702923059463501,0.3226872384548187,0.38878604769706726,0.7853797674179077,4.656612873077393e-10,0,False,True,none
bprcseg_x1_exploratory,0,RIM_ONE_r3->Drishti_GS,13,X0,categorical_pixel_mean,1.0,0.00720507837831974,0.12188176065683365,1.0,-0.023990429937839508,-0.04085588827729225,0.22828519344329834,0.4579055905342102,0.5478119254112244,0.0,0,False,True,none
bprcseg_x1_exploratory,0,RIM_ONE_r3->Drishti_GS,13,X1,top2_pairwise_class_balanced_div_num_classes,0.3333333333333333,0.010560620576143265,0.47490882873535156,3.896471680225309,0.08293682336807251,0.14627571403980255,0.22828519344329834,0.4579055905342102,0.7734866738319397,0.0,0,False,True,none
bprcseg_x1_exploratory,0,RIM_ONE_r3->Drishti_GS,14,X0,categorical_pixel_mean,1.0,0.008520841598510742,0.19170664250850677,1.0,-0.1722942590713501,-0.2442757934331894,0.3592533767223358,0.796963632106781,0.913991391658783,9.313225746154785e-10,0,False,True,none
bprcseg_x1_exploratory,0,RIM_ONE_r3->Drishti_GS,14,X1,top2_pairwise_class_balanced_div_num_classes,0.3333333333333333,0.013252140954136848,0.41220542788505554,2.1501885510658,-0.5041195750236511,-0.35514387488365173,0.3592533767223358,0.796963632106781,0.827216386795044,9.313225746154785e-10,0,False,True,none
bprcseg_x1_exploratory,0,RIM_ONE_r3->Drishti_GS,15,X0,categorical_pixel_mean,1.0,0.008358086459338665,0.09439090639352798,1.0,-0.10939984023571014,0.1763572096824646,0.3838866949081421,0.48445698618888855,0.5332347750663757,9.313225746154785e-10,0,False,True,none
bprcseg_x1_exploratory,0,RIM_ONE_r3->Drishti_GS,15,X1,top2_pairwise_class_balanced_div_num_classes,0.3333333333333333,0.01121540181338787,0.4166748523712158,4.414353758126277,0.14664562046527863,0.017730675637722015,0.3838866949081421,0.48445698618888855,0.7035033106803894,9.313225746154785e-10,0,False,True,none
bprcseg_x1_exploratory,0,RIM_ONE_r3->Drishti_GS,16,X0,categorical_pixel_mean,1.0,0.007804257795214653,0.11650513112545013,1.0,-0.19635821878910065,0.058647386729717255,0.3315982222557068,0.48900315165519714,0.48657742142677307,4.656612873077393e-10,0,False,True,none
bprcseg_x1_exploratory,0,RIM_ONE_r3->Drishti_GS,16,X1,top2_pairwise_class_balanced_div_num_classes,0.3333333333333333,0.01142069697380066,0.555604875087738,4.768930515939895,-0.023425007238984108,-0.20854315161705017,0.3315982222557068,0.48900315165519714,0.6468513607978821,4.656612873077393e-10,0,False,True,none
bprcseg_x1_exploratory,0,RIM_ONE_r3->Drishti_GS,17,X0,categorical_pixel_mean,1.0,0.009069673717021942,0.2444499135017395,1.0,-0.26367512345314026,-0.1339283287525177,0.33506423234939575,1.0547354221343994,1.1009286642074585,0.0,0,False,True,none
bprcseg_x1_exploratory,0,RIM_ONE_r3->Drishti_GS,17,X1,top2_pairwise_class_balanced_div_num_classes,0.3333333333333333,0.012636736035346985,0.30905288457870483,1.2642789688551295,-0.016870368272066116,0.2940775454044342,0.33506423234939575,1.0547354221343994,1.2442907094955444,0.0,0,False,True,none
bprcseg_x1_exploratory,0,RIM_ONE_r3->Drishti_GS,18,X0,categorical_pixel_mean,1.0,0.006978369317948818,0.10669070482254028,1.0,-0.09210247546434402,-0.07995303720235825,0.4877976179122925,1.1284997463226318,1.169984221458435,0.0,0,False,True,none
bprcseg_x1_exploratory,0,RIM_ONE_r3->Drishti_GS,18,X1,top2_pairwise_class_balanced_div_num_classes,0.3333333333333333,0.009095568209886551,0.4382113814353943,4.107306087857191,0.039818793535232544,-0.025796858593821526,0.4877976179122925,1.1284997463226318,1.2529096603393555,0.0,0,False,True,none
bprcseg_x1_exploratory,0,RIM_ONE_r3->Drishti_GS,19,X0,categorical_pixel_mean,1.0,0.00567971495911479,0.16458351910114288,1.0,-0.08746938407421112,-0.08949730545282364,0.2037491500377655,0.6440001726150513,0.6333076357841492,4.656612873077393e-10,0,False,True,none
bprcseg_x1_exploratory,0,RIM_ONE_r3->Drishti_GS,19,X1,top2_pairwise_class_balanced_div_num_classes,0.3333333333333333,0.0048460522666573524,0.20398028194904327,1.2393724661075547,-0.08362442255020142,0.5967751145362854,0.2037491500377655,0.6440001726150513,0.7682915925979614,4.656612873077393e-10,0,False,True,none
bprcseg_x1_exploratory,0,RIM_ONE_r3->Drishti_GS,20,X0,categorical_pixel_mean,1.0,0.008509629406034946,0.171779066324234,1.0,-0.22260037064552307,0.13005763292312622,0.31454479694366455,0.8200687766075134,0.830178439617157,9.313225746154785e-10,0,False,True,none
bprcseg_x1_exploratory,0,RIM_ONE_r3->Drishti_GS,20,X1,top2_pairwise_class_balanced_div_num_classes,0.3333333333333333,0.009072387591004372,0.3311470150947571,1.9277495342169058,-0.24044233560562134,-0.40534377098083496,0.31454479694366455,0.8200687766075134,0.697514533996582,9.313225746154785e-10,0,False,True,none
bprcseg_x1_exploratory,0,RIM_ONE_r3->Drishti_GS,21,X0,categorical_pixel_mean,1.0,0.0062927003018558025,0.1506764143705368,1.0,0.07042321562767029,0.11046615988016129,0.24416875839233398,0.5690680742263794,0.6112987995147705,0.0,0,False,True,none
bprcseg_x1_exploratory,0,RIM_ONE_r3->Drishti_GS,21,X1,top2_pairwise_class_balanced_div_num_classes,0.3333333333333333,0.004000383894890547,0.2625812292098999,1.7426830224680798,-0.09914543479681015,0.6910499334335327,0.24416875839233398,0.5690680742263794,0.767865002155304,0.0,0,False,True,none
bprcseg_x1_exploratory,0,RIM_ONE_r3->Drishti_GS,22,X0,categorical_pixel_mean,1.0,0.007651983760297298,0.15148720145225525,1.0,-0.013033024966716766,-0.23754507303237915,0.34710797667503357,0.46188095211982727,0.6201987862586975,9.313225746154785e-10,0,False,True,none
bprcseg_x1_exploratory,0,RIM_ONE_r3->Drishti_GS,22,X1,top2_pairwise_class_balanced_div_num_classes,0.3333333333333333,0.010886935517191887,0.592510461807251,3.911290565322078,0.10976215451955795,0.03055979125201702,0.34710797667503357,0.46188095211982727,0.8995975852012634,9.313225746154785e-10,0,False,True,none
bprcseg_x1_exploratory,0,RIM_ONE_r3->Drishti_GS,23,X0,categorical_pixel_mean,1.0,0.007555325049906969,0.10815506428480148,1.0,-0.06560008227825165,-0.04397911578416824,0.3628779947757721,0.5366634726524353,0.5484766960144043,4.656612873077393e-10,0,False,True,none
bprcseg_x1_exploratory,0,RIM_ONE_r3->Drishti_GS,23,X1,top2_pairwise_class_balanced_div_num_classes,0.3333333333333333,0.011504067108035088,0.5442608594894409,5.032227229381096,-0.06488016992807388,-0.24045179784297943,0.3628779947757721,0.5366634726524353,0.6553754210472107,4.656612873077393e-10,0,False,True,none
bprcseg_x1_exploratory,0,RIM_ONE_r3->Drishti_GS,24,X0,categorical_pixel_mean,1.0,0.006415101233869791,0.18016955256462097,1.0,-0.34669238328933716,0.4060838520526886,0.42057111859321594,0.5317686200141907,0.6247839331626892,0.0,0,False,True,none
bprcseg_x1_exploratory,0,RIM_ONE_r3->Drishti_GS,24,X1,top2_pairwise_class_balanced_div_num_classes,0.3333333333333333,0.006973897572606802,0.29487866163253784,1.6366731083864707,0.06100500002503395,-0.25339481234550476,0.42057111859321594,0.5317686200141907,0.5960122346878052,0.0,0,False,True,none
bprcseg_x1_exploratory,0,RIM_ONE_r3->Drishti_GS,25,X0,categorical_pixel_mean,1.0,0.007158977910876274,0.14954809844493866,1.0,-0.08919772505760193,0.5844496488571167,0.25997045636177063,1.6673353910446167,1.8145571947097778,0.0,0,False,True,none
bprcseg_x1_exploratory,0,RIM_ONE_r3->Drishti_GS,25,X1,top2_pairwise_class_balanced_div_num_classes,0.3333333333333333,0.00611010892316699,0.18030840158462524,1.2056883601967836,0.2184211015701294,-0.021684950217604637,0.25997045636177063,1.6673353910446167,1.739446997642517,0.0,0,False,True,none
bprcseg_x1_exploratory,0,RIM_ONE_r3->Drishti_GS,26,X0,categorical_pixel_mean,1.0,0.009053287096321583,0.17175668478012085,1.0,0.07418057322502136,-0.2758902609348297,0.26615971326828003,0.6186266541481018,0.6346094012260437,9.313225746154785e-10,0,False,True,none
bprcseg_x1_exploratory,0,RIM_ONE_r3->Drishti_GS,26,X1,top2_pairwise_class_balanced_div_num_classes,0.3333333333333333,0.013490716926753521,0.6703149080276489,3.9027005492436664,0.04093111306428909,0.34234991669654846,0.26615971326828003,0.6186266541481018,1.0830078125,9.313225746154785e-10,0,False,True,none
bprcseg_x1_exploratory,0,RIM_ONE_r3->Drishti_GS,27,X0,categorical_pixel_mean,1.0,0.00633236626163125,0.15064698457717896,1.0,-0.1429334431886673,0.007074958179146051,0.4970599412918091,0.47008824348449707,0.7750888466835022,4.656612873077393e-10,0,False,True,none
bprcseg_x1_exploratory,0,RIM_ONE_r3->Drishti_GS,27,X1,top2_pairwise_class_balanced_div_num_classes,0.3333333333333333,0.006503771524876356,0.3030283451080322,2.011512848787131,-0.49681639671325684,-0.3282029330730438,0.4970599412918091,0.47008824348449707,0.6686776280403137,4.656612873077393e-10,0,False,True,none
bprcseg_x1_exploratory,0,RIM_ONE_r3->Drishti_GS,28,X0,categorical_pixel_mean,1.0,0.009367587976157665,0.22231803834438324,1.0,0.14327959716320038,0.013742215931415558,0.4974282383918762,0.5882129669189453,1.0105172395706177,0.0,0,False,True,none
bprcseg_x1_exploratory,0,RIM_ONE_r3->Drishti_GS,28,X1,top2_pairwise_class_balanced_div_num_classes,0.3333333333333333,0.009047781117260456,0.19758154451847076,0.8887337527349254,0.00037384513416327536,-0.23237618803977966,0.4974282383918762,0.5882129669189453,0.9599563479423523,0.0,0,False,True,none
bprcseg_x1_exploratory,0,RIM_ONE_r3->Drishti_GS,29,X0,categorical_pixel_mean,1.0,0.009163261391222477,0.12028300017118454,1.0,0.007002679165452719,-0.05470166355371475,0.21891441941261292,1.1005463600158691,1.1130189895629883,0.0,0,False,True,none
bprcseg_x1_exploratory,0,RIM_ONE_r3->Drishti_GS,29,X1,top2_pairwise_class_balanced_div_num_classes,0.3333333333333333,0.012739812955260277,0.5892112851142883,4.898541641593024,0.02798183262348175,0.20824182033538818,0.21891441941261292,1.1005463600158691,1.3648816347122192,0.0,0,False,True,none
bprcseg_x1_exploratory,0,RIM_ONE_r3->Drishti_GS,30,X0,categorical_pixel_mean,1.0,0.010790293104946613,0.25262144207954407,1.0,-0.12098468840122223,0.06364994496107101,0.1664062887430191,0.43388277292251587,0.5720815062522888,0.0,0,False,True,none
bprcseg_x1_exploratory,0,RIM_ONE_r3->Drishti_GS,30,X1,top2_pairwise_class_balanced_div_num_classes,0.3333333333333333,0.008331690914928913,0.23448455333709717,0.9282052679568821,-0.024311749264597893,-0.20371301472187042,0.1664062887430191,0.43388277292251587,0.520879864692688,0.0,0,False,True,none
bprcseg_x1_exploratory,0,RIM_ONE_r3->Drishti_GS,31,X0,categorical_pixel_mean,1.0,0.005424628034234047,0.07684776932001114,1.0,0.15901562571525574,0.27894774079322815,0.2434956282377243,0.4841887354850769,0.6042438745498657,0.0,0,False,True,none
bprcseg_x1_exploratory,0,RIM_ONE_r3->Drishti_GS,31,X1,top2_pairwise_class_balanced_div_num_classes,0.3333333333333333,0.0076554156839847565,0.39930903911590576,5.19610448877305,0.16958382725715637,0.32818251848220825,0.2434956282377243,0.4841887354850769,0.8073590993881226,0.0,0,False,True,none
bprcseg_x1_exploratory,1,REFUGE->RIM_ONE_r3,0,X0,categorical_pixel_mean,1.0,0.005499106831848621,0.1016336977481842,1.0,-0.04278603568673134,0.36983522772789,0.27245888113975525,0.25341862440109253,0.4098377525806427,0.0,0,False,True,none
bprcseg_x1_exploratory,1,REFUGE->RIM_ONE_r3,0,X1,top2_pairwise_class_balanced_div_num_classes,0.3333333333333333,0.008882028050720692,0.402729868888855,3.9625623962506094,-0.0843583196401596,0.31193000078201294,0.27245888113975525,0.25341862440109253,0.5901743769645691,0.0,0,False,True,none
bprcseg_x1_exploratory,1,REFUGE->RIM_ONE_r3,1,X0,categorical_pixel_mean,1.0,0.011426267214119434,0.17653843760490417,1.0,-0.32382485270500183,-0.30127233266830444,0.584113597869873,0.21877364814281464,0.6097030639648438,9.313225746154785e-10,0,False,True,none
bprcseg_x1_exploratory,1,REFUGE->RIM_ONE_r3,1,X1,top2_pairwise_class_balanced_div_num_classes,0.3333333333333333,0.01778697967529297,0.7255659699440002,4.109960299795042,-0.24394533038139343,-0.22694608569145203,0.584113597869873,0.21877364814281464,0.8235557675361633,9.313225746154785e-10,0,False,True,none
bprcseg_x1_exploratory,1,REFUGE->RIM_ONE_r3,2,X0,categorical_pixel_mean,1.0,0.008040587417781353,0.32309889793395996,1.0,0.25917303562164307,-0.828148365020752,0.36805981397628784,0.5131683945655823,0.376085102558136,9.313225746154785e-10,0,False,True,none
bprcseg_x1_exploratory,1,REFUGE->RIM_ONE_r3,2,X1,top2_pairwise_class_balanced_div_num_classes,0.3333333333333333,0.010806998237967491,0.5731264352798462,1.7738421237109598,0.14020943641662598,-0.6036734580993652,0.36805981397628784,0.5131683945655823,0.5315640568733215,9.313225746154785e-10,0,False,True,none
bprcseg_x1_exploratory,1,REFUGE->RIM_ONE_r3,3,X0,categorical_pixel_mean,1.0,0.006066088564693928,0.10595474392175674,1.0,0.26707422733306885,-0.30378860235214233,0.24218200147151947,0.21811670064926147,0.2804332375526428,0.0,0,False,True,none
bprcseg_x1_exploratory,1,REFUGE->RIM_ONE_r3,3,X1,top2_pairwise_class_balanced_div_num_classes,0.3333333333333333,0.007704471703618765,0.21669603884220123,2.045175428881433,-0.1569405496120453,0.07751509547233582,0.24218200147151947,0.21811670064926147,0.3249056041240692,0.0,0,False,True,none
bprcseg_x1_exploratory,1,REFUGE->RIM_ONE_r3,4,X0,categorical_pixel_mean,1.0,0.007023822981864214,0.15295158326625824,1.0,0.10973573476076126,0.22024394571781158,0.32162871956825256,0.17731039226055145,0.3840167820453644,0.0,0,False,True,none
bprcseg_x1_exploratory,1,REFUGE->RIM_ONE_r3,4,X1,top2_pairwise_class_balanced_div_num_classes,0.3333333333333333,0.011844923719763756,0.5262536406517029,3.4406550714522526,0.06355950981378555,0.12927426397800446,0.32162871956825256,0.17731039226055145,0.6510931253433228,0.0,0,False,True,none
bprcseg_x1_exploratory,1,REFUGE->RIM_ONE_r3,5,X0,categorical_pixel_mean,1.0,0.010969294235110283,0.33522945642471313,1.0,0.20691919326782227,0.7189236283302307,0.1971801370382309,1.0272045135498047,1.3525768518447876,0.0,0,False,True,none
bprcseg_x1_exploratory,1,REFUGE->RIM_ONE_r3,5,X1,top2_pairwise_class_balanced_div_num_classes,0.3333333333333333,0.020281165838241577,1.1302016973495483,3.371427169328637,0.24308796226978302,0.5693370699882507,0.1971801370382309,1.0272045135498047,1.9754184484481812,0.0,0,False,True,none
bprcseg_x1_exploratory,1,REFUGE->RIM_ONE_r3,6,X0,categorical_pixel_mean,1.0,0.006414799951016903,0.22470422089099884,1.0,0.3660452365875244,-0.7791168093681335,0.23914875090122223,0.2888379395008087,0.2839865982532501,0.0,0,False,True,none
bprcseg_x1_exploratory,1,REFUGE->RIM_ONE_r3,6,X1,top2_pairwise_class_balanced_div_num_classes,0.3333333333333333,0.008358078077435493,0.25420093536376953,1.1312690716525489,0.07752709090709686,-0.20414109528064728,0.23914875090122223,0.2888379395008087,0.3687979578971863,0.0,0,False,True,none
bprcseg_x1_exploratory,1,REFUGE->RIM_ONE_r3,7,X0,categorical_pixel_mean,1.0,0.00692916801199317,0.10112801194190979,1.0,-0.3589861989021301,0.22844825685024261,0.5453334450721741,0.2704482078552246,0.46197089552879333,4.656612873077393e-10,0,False,True,none
bprcseg_x1_exploratory,1,REFUGE->RIM_ONE_r3,7,X1,top2_pairwise_class_balanced_div_num_classes,0.3333333333333333,0.01156584918498993,0.48542100191116333,4.800064715896918,-0.19109056890010834,0.2097294181585312,0.5453334450721741,0.2704482078552246,0.6479197144508362,4.656612873077393e-10,0,False,True,none
bprcseg_x1_exploratory,1,REFUGE->RIM_ONE_r3,8,X0,categorical_pixel_mean,1.0,0.006304973736405373,0.12696200609207153,1.0,0.03106963075697422,0.09715045988559723,0.23953117430210114,0.3961169719696045,0.4899941086769104,9.313225746154785e-10,0,False,True,none
bprcseg_x1_exploratory,1,REFUGE->RIM_ONE_r3,8,X1,top2_pairwise_class_balanced_div_num_classes,0.3333333333333333,0.009708711877465248,0.28503715991973877,2.245058728144487,-0.1668507158756256,-0.19943194091320038,0.23953117430210114,0.3961169719696045,0.47511816024780273,9.313225746154785e-10,0,False,True,none
bprcseg_x1_exploratory,1,REFUGE->RIM_ONE_r3,9,X0,categorical_pixel_mean,1.0,0.007940537296235561,0.21286849677562714,1.0,0.1306540071964264,0.2597583532333374,0.2789449095726013,0.48921850323677063,0.6485501527786255,0.0,0,False,True,none
bprcseg_x1_exploratory,1,REFUGE->RIM_ONE_r3,9,X1,top2_pairwise_class_balanced_div_num_classes,0.3333333333333333,0.010716160759329796,0.6902800798416138,3.242753579310515,0.10253117978572845,0.2699793577194214,0.2789449095726013,0.48921850323677063,1.0019659996032715,0.0,0,False,True,none
bprcseg_x1_exploratory,1,REFUGE->RIM_ONE_r3,10,X0,categorical_pixel_mean,1.0,0.006895565893501043,0.12547285854816437,1.0,0.39922386407852173,0.0860351175069809,0.40484192967414856,0.338571161031723,0.6327037215232849,0.0,0,False,True,none
bprcseg_x1_exploratory,1,REFUGE->RIM_ONE_r3,10,X1,top2_pairwise_class_balanced_div_num_classes,0.3333333333333333,0.008114868775010109,0.30708086490631104,2.447388769647215,0.24981030821800232,0.12540923058986664,0.40484192967414856,0.338571161031723,0.7205455899238586,0.0,0,False,True,none
bprcseg_x1_exploratory,1,REFUGE->RIM_ONE_r3,11,X0,categorical_pixel_mean,1.0,0.010587978176772594,0.19478082656860352,1.0,-0.0017453666077926755,-0.1269657164812088,0.2338247448205948,0.4391350746154785,0.4856615364551544,9.313225746154785e-10,0,False,True,none
bprcseg_x1_exploratory,1,REFUGE->RIM_ONE_r3,11,X1,top2_pairwise_class_balanced_div_num_classes,0.3333333333333333,0.013536392711102962,0.4118950366973877,2.1146590450077727,-0.08962546288967133,-0.0017078547971323133,0.2338247448205948,0.4391350746154785,0.609596312046051,9.313225746154785e-10,0,False,True,none
bprcseg_x1_exploratory,1,REFUGE->RIM_ONE_r3,12,X0,categorical_pixel_mean,1.0,0.007441561669111252,0.17125236988067627,1.0,-0.13929146528244019,0.45123133063316345,0.31092822551727295,0.5174822807312012,0.5898784399032593,0.0,0,False,True,none
bprcseg_x1_exploratory,1,REFUGE->RIM_ONE_r3,12,X1,top2_pairwise_class_balanced_div_num_classes,0.3333333333333333,0.011917715892195702,0.5506760478019714,3.215582056970462,-0.12668603658676147,0.23868225514888763,0.31092822551727295,0.5174822807312012,0.8058553338050842,0.0,0,False,True,none
bprcseg_x1_exploratory,1,REFUGE->RIM_ONE_r3,13,X0,categorical_pixel_mean,1.0,0.0056772599928081036,0.07963638007640839,1.0,0.1851435899734497,-0.06972242891788483,0.1718381643295288,0.2776812016963959,0.3749338984489441,4.656612873077393e-10,0,False,True,none
bprcseg_x1_exploratory,1,REFUGE->RIM_ONE_r3,13,X1,top2_pairwise_class_balanced_div_num_classes,0.3333333333333333,0.00880592130124569,0.20688094198703766,2.597819511491387,0.21263907849788666,-0.0062672458589077,0.1718381643295288,0.2776812016963959,0.43525707721710205,4.656612873077393e-10,0,False,True,none
bprcseg_x1_exploratory,1,REFUGE->RIM_ONE_r3,14,X0,categorical_pixel_mean,1.0,0.007426162250339985,0.13527196645736694,1.0,0.01911073550581932,0.319927453994751,0.4281540811061859,0.47497838735580444,0.7930668592453003,4.656612873077393e-10,0,False,True,none
bprcseg_x1_exploratory,1,REFUGE->RIM_ONE_r3,14,X1,top2_pairwise_class_balanced_div_num_classes,0.3333333333333333,0.008700601756572723,0.2693588435649872,1.9912392095658622,-0.24136501550674438,-0.13552485406398773,0.4281540811061859,0.47497838735580444,0.741304874420166,4.656612873077393e-10,0,False,True,none
bprcseg_x1_exploratory,1,REFUGE->RIM_ONE_r3,15,X0,categorical_pixel_mean,1.0,0.007843831554055214,0.15902525186538696,1.0,-0.006919786334037781,0.45812806487083435,0.16734535992145538,0.7419028878211975,0.8477690815925598,0.0,0,False,True,none
bprcseg_x1_exploratory,1,REFUGE->RIM_ONE_r3,15,X1,top2_pairwise_class_balanced_div_num_classes,0.3333333333333333,0.011337372474372387,0.54148930311203,3.405052321944407,0.11141661554574966,0.11142022907733917,0.16734535992145538,0.7419028878211975,0.9942964911460876,0.0,0,False,True,none
bprcseg_x1_exploratory,1,REFUGE->RIM_ONE_r3,16,X0,categorical_pixel_mean,1.0,0.008678429760038853,0.19310979545116425,1.0,0.5600389838218689,-0.21313580870628357,0.3218784034252167,0.37403935194015503,0.49814921617507935,0.0,0,False,True,none
bprcseg_x1_exploratory,1,REFUGE->RIM_ONE_r3,16,X1,top2_pairwise_class_balanced_div_num_classes,0.3333333333333333,0.012560341507196426,0.3654369115829468,1.8923789480962012,0.2868972718715668,-0.2122444063425064,0.3218784034252167,0.37403935194015503,0.5612844824790955,0.0,0,False,True,none
bprcseg_x1_exploratory,1,REFUGE->RIM_ONE_r3,17,X0,categorical_pixel_mean,1.0,0.004834264516830444,0.17211684584617615,1.0,-0.4742334187030792,-0.7621005773544312,0.33870455622673035,0.41684669256210327,0.49527764320373535,0.0,0,False,True,none
bprcseg_x1_exploratory,1,REFUGE->RIM_ONE_r3,17,X1,top2_pairwise_class_balanced_div_num_classes,0.3333333333333333,0.006365144159644842,0.27078327536582947,1.5732526007816414,-0.38044610619544983,-0.41240194439888,0.33870455622673035,0.41684669256210327,0.5392184257507324,0.0,0,False,True,none
bprcseg_x1_exploratory,1,REFUGE->RIM_ONE_r3,18,X0,categorical_pixel_mean,1.0,0.007554988842457533,0.11358018964529037,1.0,0.07792318612337112,0.41256216168403625,0.19649386405944824,0.3924693465232849,0.5074023008346558,0.0,0,False,True,none
bprcseg_x1_exploratory,1,REFUGE->RIM_ONE_r3,18,X1,top2_pairwise_class_balanced_div_num_classes,0.3333333333333333,0.010715934447944164,0.3716299533843994,3.2719610219440156,0.052357155829668045,0.2860836982727051,0.19649386405944824,0.3924693465232849,0.658416211605072,0.0,0,False,True,none
bprcseg_x1_exploratory,1,REFUGE->RIM_ONE_r3,19,X0,categorical_pixel_mean,1.0,0.005473553203046322,0.09732623398303986,1.0,0.11836601793766022,0.006609431467950344,0.3219151198863983,0.3803718090057373,0.39086365699768066,0.0,0,False,True,none
bprcseg_x1_exploratory,1,REFUGE->RIM_ONE_r3,19,X1,top2_pairwise_class_balanced_div_num_classes,0.3333333333333333,0.00895991362631321,0.39389222860336304,4.047133157047903,-0.00448381993919611,0.1705128699541092,0.3219151198863983,0.3803718090057373,0.5835331082344055,0.0,0,False,True,none
bprcseg_x1_exploratory,1,REFUGE->RIM_ONE_r3,20,X0,categorical_pixel_mean,1.0,0.007836696691811085,0.09436054527759552,1.0,-0.2960970103740692,-0.07493148744106293,0.27911582589149475,0.2824454605579376,0.4368506669998169,0.0,0,False,True,none
bprcseg_x1_exploratory,1,REFUGE->RIM_ONE_r3,20,X1,top2_pairwise_class_balanced_div_num_classes,0.3333333333333333,0.010739266872406006,0.3403240740299225,3.606635305346495,-0.23254920542240143,-0.16492484509944916,0.27911582589149475,0.2824454605579376,0.49138638377189636,0.0,0,False,True,none
bprcseg_x1_exploratory,1,REFUGE->RIM_ONE_r3,21,X0,categorical_pixel_mean,1.0,0.004702115431427956,0.11474018543958664,1.0,0.050024647265672684,0.13597510755062103,0.22869062423706055,1.2037256956100464,1.2504041194915771,0.0,0,False,True,none
bprcseg_x1_exploratory,1,REFUGE->RIM_ONE_r3,21,X1,top2_pairwise_class_balanced_div_num_classes,0.3333333333333333,0.0065619791857898235,0.16072720289230347,1.400792601794513,0.027219710871577263,0.504144012928009,0.22869062423706055,1.2037256956100464,1.31645667552948,0.0,0,False,True,none
bprcseg_x1_exploratory,1,REFUGE->RIM_ONE_r3,22,X0,categorical_pixel_mean,1.0,0.004839521832764149,0.1154116615653038,1.0,0.1414235532283783,-0.11585138738155365,0.32498711347579956,0.19653698801994324,0.34187188744544983,4.656612873077393e-10,0,False,True,none
bprcseg_x1_exploratory,1,REFUGE->RIM_ONE_r3,22,X1,top2_pairwise_class_balanced_div_num_classes,0.3333333333333333,0.0070871878415346146,0.20070715248584747,1.7390543534656644,-0.050892747938632965,0.07285725325345993,0.32498711347579956,0.19653698801994324,0.3709404766559601,4.656612873077393e-10,0,False,True,none
bprcseg_x1_exploratory,1,REFUGE->RIM_ONE_r3,23,X0,categorical_pixel_mean,1.0,0.00827465858310461,0.09086453914642334,1.0,-0.21253909170627594,-0.09654326736927032,0.45157819986343384,0.28859972953796387,0.5326350927352905,0.0,0,False,True,none
bprcseg_x1_exploratory,1,REFUGE->RIM_ONE_r3,23,X1,top2_pairwise_class_balanced_div_num_classes,0.3333333333333333,0.010909199714660645,0.4262321889400482,4.6908529217674,0.028962505981326103,0.13386431336402893,0.45157819986343384,0.28859972953796387,0.723692774772644,0.0,0,False,True,none
bprcseg_x1_exploratory,1,REFUGE->RIM_ONE_r3,24,X0,categorical_pixel_mean,1.0,0.008126715198159218,0.14042161405086517,1.0,0.1468222737312317,0.689123272895813,0.4321989417076111,0.6338459849357605,0.9354934692382812,0.0,0,False,True,none
bprcseg_x1_exploratory,1,REFUGE->RIM_ONE_r3,24,X1,top2_pairwise_class_balanced_div_num_classes,0.3333333333333333,0.012290905229747295,0.3872438669204712,2.7577226592780733,-0.003383233677595854,-0.0894918218255043,0.4321989417076111,0.6338459849357605,0.9054579138755798,0.0,0,False,True,none
bprcseg_x1_exploratory,1,REFUGE->RIM_ONE_r3,25,X0,categorical_pixel_mean,1.0,0.0093711381778121,0.27401480078697205,1.0,0.40462324023246765,-0.44395557045936584,0.2143101543188095,0.39116230607032776,0.42696183919906616,0.0,0,False,True,none
bprcseg_x1_exploratory,1,REFUGE->RIM_ONE_r3,25,X1,top2_pairwise_class_balanced_div_num_classes,0.3333333333333333,0.014071663841605186,0.4266866147518158,1.5571663046170114,-0.23249317705631256,-0.20130987465381622,0.2143101543188095,0.39116230607032776,0.4766573905944824,0.0,0,False,True,none
bprcseg_x1_exploratory,1,REFUGE->RIM_ONE_r3,26,X0,categorical_pixel_mean,1.0,0.00844760611653328,0.20837797224521637,1.0,0.10830262303352356,0.4906977415084839,0.29998648166656494,0.4067102372646332,0.6387320160865784,0.0,0,False,True,none
bprcseg_x1_exploratory,1,REFUGE->RIM_ONE_r3,26,X1,top2_pairwise_class_balanced_div_num_classes,0.3333333333333333,0.014027416706085205,0.6741230487823486,3.2350974602490603,0.07550107687711716,0.28605926036834717,0.29998648166656494,0.4067102372646332,0.9537743330001831,0.0,0,False,True,none
bprcseg_x1_exploratory,1,REFUGE->RIM_ONE_r3,27,X0,categorical_pixel_mean,1.0,0.00818588025867939,0.1541065126657486,1.0,-0.25271594524383545,0.2262618988752365,0.22617757320404053,0.4755402207374573,0.5619685053825378,9.313225746154785e-10,0,False,True,none
bprcseg_x1_exploratory,1,REFUGE->RIM_ONE_r3,27,X1,top2_pairwise_class_balanced_div_num_classes,0.3333333333333333,0.01199062168598175,0.3771374821662903,2.4472520702891236,-0.3149099349975586,0.022541867569088936,0.22617757320404053,0.4755402207374573,0.6107907891273499,9.313225746154785e-10,0,False,True,none
bprcseg_x1_exploratory,1,REFUGE->RIM_ONE_r3,28,X0,categorical_pixel_mean,1.0,0.008438638411462307,0.2520444095134735,1.0,-0.16756446659564972,-0.1459524929523468,0.3546068072319031,0.30039554834365845,0.49470803141593933,9.313225746154785e-10,0,False,True,none
bprcseg_x1_exploratory,1,REFUGE->RIM_ONE_r3,28,X1,top2_pairwise_class_balanced_div_num_classes,0.3333333333333333,0.01482806634157896,0.7184730172157288,2.8505810488025185,-0.10886212438344955,-0.34585699439048767,0.3546068072319031,0.30039554834365845,0.7380420565605164,9.313225746154785e-10,0,False,True,none
bprcseg_x1_exploratory,1,REFUGE->RIM_ONE_r3,29,X0,categorical_pixel_mean,1.0,0.010555089451372623,0.16502442955970764,1.0,-0.34200143814086914,0.6443214416503906,0.3490692675113678,0.25645512342453003,0.3550790250301361,9.313225746154785e-10,0,False,True,none
bprcseg_x1_exploratory,1,REFUGE->RIM_ONE_r3,29,X1,top2_pairwise_class_balanced_div_num_classes,0.3333333333333333,0.01167297177016735,0.32552003860473633,1.9725566661447518,-0.24494004249572754,0.3460122048854828,0.3490692675113678,0.25645512342453003,0.43792977929115295,9.313225746154785e-10,0,False,True,none
bprcseg_x1_exploratory,1,REFUGE->RIM_ONE_r3,30,X0,categorical_pixel_mean,1.0,0.008934401907026768,0.13146568834781647,1.0,-0.1749732494354248,-0.13422395288944244,0.25804492831230164,0.3417437970638275,0.42424675822257996,0.0,0,False,True,none
bprcseg_x1_exploratory,1,REFUGE->RIM_ONE_r3,30,X1,top2_pairwise_class_balanced_div_num_classes,0.3333333333333333,0.00944252498447895,0.26971158385276794,2.051573967643913,0.12319133430719376,-0.39166590571403503,0.25804492831230164,0.3417437970638275,0.45202866196632385,0.0,0,False,True,none
bprcseg_x1_exploratory,1,REFUGE->RIM_ONE_r3,31,X0,categorical_pixel_mean,1.0,0.006739269942045212,0.18561400473117828,1.0,-0.31311050057411194,-0.31808868050575256,0.3476192355155945,0.11230682581663132,0.344163179397583,4.656612873077393e-10,0,False,True,none
bprcseg_x1_exploratory,1,REFUGE->RIM_ONE_r3,31,X1,top2_pairwise_class_balanced_div_num_classes,0.3333333333333333,0.009357709437608719,0.48943889141082764,2.6368640239171284,-0.20936726033687592,-0.3350566327571869,0.3476192355155945,0.11230682581663132,0.5187836289405823,4.656612873077393e-10,0,False,True,none
bprcseg_x1_exploratory,1,RIM_ONE_r3->Drishti_GS,0,X0,categorical_pixel_mean,1.0,0.006505180150270462,0.2084800899028778,1.0,-0.23593655228614807,-0.06345754116773605,0.25517386198043823,0.6833088994026184,0.7955499291419983,0.0,0,False,True,none
bprcseg_x1_exploratory,1,RIM_ONE_r3->Drishti_GS,0,X1,top2_pairwise_class_balanced_div_num_classes,0.3333333333333333,0.006924706511199474,0.15240070223808289,0.7310084253564934,-0.04395435005426407,0.2292947918176651,0.25517386198043823,0.6833088994026184,0.8367655873298645,0.0,0,False,True,none
bprcseg_x1_exploratory,1,RIM_ONE_r3->Drishti_GS,1,X0,categorical_pixel_mean,1.0,0.0050917137414216995,0.2025337517261505,1.0,0.06654602289199829,-0.5561906695365906,0.2505451738834381,0.5114312171936035,0.46846961975097656,0.0,0,False,True,none
bprcseg_x1_exploratory,1,RIM_ONE_r3->Drishti_GS,1,X1,top2_pairwise_class_balanced_div_num_classes,0.3333333333333333,0.0053588575683534145,0.16506469249725342,0.8149984439158582,-0.32774099707603455,0.5796794891357422,0.2505451738834381,0.5114312171936035,0.620423436164856,0.0,0,False,True,none
bprcseg_x1_exploratory,1,RIM_ONE_r3->Drishti_GS,2,X0,categorical_pixel_mean,1.0,0.004571800120174885,0.13496974110603333,1.0,0.5840441584587097,0.48221486806869507,0.18833623826503754,0.3812831938266754,0.6009953022003174,0.0,0,False,True,none
bprcseg_x1_exploratory,1,RIM_ONE_r3->Drishti_GS,2,X1,top2_pairwise_class_balanced_div_num_classes,0.3333333333333333,0.007489069364964962,0.3961693346500397,2.9352455698852222,0.3475148677825928,0.21957670152187347,0.18833623826503754,0.3812831938266754,0.7340261340141296,0.0,0,False,True,none
bprcseg_x1_exploratory,1,RIM_ONE_r3->Drishti_GS,3,X0,categorical_pixel_mean,1.0,0.0067224884405732155,0.1153290867805481,1.0,0.03316676616668701,-0.08743611723184586,0.17956610023975372,0.8832505345344543,0.8490698337554932,0.0,0,False,True,none
bprcseg_x1_exploratory,1,RIM_ONE_r3->Drishti_GS,3,X1,top2_pairwise_class_balanced_div_num_classes,0.3333333333333333,0.007807217538356781,0.46453940868377686,4.02794664946682,0.16921749711036682,0.010956267826259136,0.17956610023975372,0.8832505345344543,0.988452136516571,0.0,0,False,True,none
bprcseg_x1_exploratory,1,RIM_ONE_r3->Drishti_GS,4,X0,categorical_pixel_mean,1.0,0.004250387195497751,0.06843897700309753,1.0,0.07757765799760818,0.09954173117876053,0.2095257192850113,1.1096328496932983,1.1642913818359375,4.656612873077393e-10,0,False,True,none
bprcseg_x1_exploratory,1,RIM_ONE_r3->Drishti_GS,4,X1,top2_pairwise_class_balanced_div_num_classes,0.3333333333333333,0.005341777112334967,0.3316813111305237,4.846380317980379,0.2518177628517151,0.4836847186088562,0.2095257192850113,1.1096328496932983,1.3544788360595703,4.656612873077393e-10,0,False,True,none
bprcseg_x1_exploratory,1,RIM_ONE_r3->Drishti_GS,5,X0,categorical_pixel_mean,1.0,0.004822630900889635,0.11892762780189514,1.0,0.29379159212112427,0.2998104691505432,0.24485869705677032,0.19211050868034363,0.42299941182136536,0.0,0,False,True,none
bprcseg_x1_exploratory,1,RIM_ONE_r3->Drishti_GS,5,X1,top2_pairwise_class_balanced_div_num_classes,0.3333333333333333,0.00855554360896349,0.45028063654899597,3.786173531511579,0.23022057116031647,0.29545778036117554,0.24485869705677032,0.19211050868034363,0.6622774004936218,0.0,0,False,True,none
bprcseg_x1_exploratory,1,RIM_ONE_r3->Drishti_GS,6,X0,categorical_pixel_mean,1.0,0.0051340521313250065,0.14638012647628784,1.0,-0.5293450951576233,-0.05823734030127525,0.45558109879493713,0.3078395128250122,0.5502789616584778,0.0,0,False,True,none
bprcseg_x1_exploratory,1,RIM_ONE_r3->Drishti_GS,6,X1,top2_pairwise_class_balanced_div_num_classes,0.3333333333333333,0.007938683032989502,0.42262396216392517,2.887167625397469,-0.1361026018857956,-0.02045491337776184,0.45558109879493713,0.3078395128250122,0.6914567947387695,0.0,0,False,True,none
bprcseg_x1_exploratory,1,RIM_ONE_r3->Drishti_GS,7,X0,categorical_pixel_mean,1.0,0.00599922938272357,0.27964693307876587,1.0,0.37141913175582886,0.046730369329452515,0.16691917181015015,0.7515924572944641,0.8543484807014465,4.656612873077393e-10,0,False,True,none
bprcseg_x1_exploratory,1,RIM_ONE_r3->Drishti_GS,7,X1,top2_pairwise_class_balanced_div_num_classes,0.3333333333333333,0.008586674928665161,0.6081956028938293,2.1748695621221916,0.15096895396709442,0.3413659930229187,0.16691917181015015,0.7515924572944641,1.144572377204895,4.656612873077393e-10,0,False,True,none
bprcseg_x1_exploratory,1,RIM_ONE_r3->Drishti_GS,8,X0,categorical_pixel_mean,1.0,0.007419767789542675,0.2176017016172409,1.0,0.0010150289162993431,0.08754575997591019,0.22794362902641296,0.40857237577438354,0.48455333709716797,9.313225746154785e-10,0,False,True,none
bprcseg_x1_exploratory,1,RIM_ONE_r3->Drishti_GS,8,X1,top2_pairwise_class_balanced_div_num_classes,0.3333333333333333,0.006710826884955168,0.18927906453609467,0.8698418400653619,-0.25121623277664185,-0.06425688415765762,0.22794362902641296,0.40857237577438354,0.4195040464401245,9.313225746154785e-10,0,False,True,none
bprcseg_x1_exploratory,1,RIM_ONE_r3->Drishti_GS,9,X0,categorical_pixel_mean,1.0,0.006297966465353966,0.20810426771640778,1.0,0.22942574322223663,-0.11182016879320145,0.13980604708194733,0.4351523518562317,0.5080893039703369,0.0,0,False,True,none
bprcseg_x1_exploratory,1,RIM_ONE_r3->Drishti_GS,9,X1,top2_pairwise_class_balanced_div_num_classes,0.3333333333333333,0.007373826578259468,0.28181272745132446,1.3541900439800794,0.060272298753261566,-0.3951778709888458,0.13980604708194733,0.4351523518562317,0.4571671187877655,0.0,0,False,True,none
bprcseg_x1_exploratory,1,RIM_ONE_r3->Drishti_GS,10,X0,categorical_pixel_mean,1.0,0.007342444732785225,0.34631332755088806,1.0,-0.04134506732225418,0.3228151202201843,0.2671129107475281,0.4287862479686737,0.5928165912628174,0.0,0,False,True,none
bprcseg_x1_exploratory,1,RIM_ONE_r3->Drishti_GS,10,X1,top2_pairwise_class_balanced_div_num_classes,0.3333333333333333,0.008763715624809265,0.7768675684928894,2.243250567302336,-0.036136265844106674,0.4708513021469116,0.2671129107475281,0.4287862479686737,1.0224883556365967,0.0,0,False,True,none
bprcseg_x1_exploratory,1,RIM_ONE_r3->Drishti_GS,11,X0,categorical_pixel_mean,1.0,0.00569685734808445,0.20898155868053436,1.0,-0.0921923890709877,-0.12364599108695984,0.32716795802116394,0.4786573350429535,0.7065557241439819,0.0,0,False,True,none
bprcseg_x1_exploratory,1,RIM_ONE_r3->Drishti_GS,11,X1,top2_pairwise_class_balanced_div_num_classes,0.3333333333333333,0.006455400958657265,0.37889108061790466,1.8130359588192533,-0.3529137969017029,-0.19417986273765564,0.32716795802116394,0.4786573350429535,0.6917624473571777,0.0,0,False,True,none
bprcseg_x1_exploratory,1,RIM_ONE_r3->Drishti_GS,12,X0,categorical_pixel_mean,1.0,0.00489143468439579,0.10094291716814041,1.0,0.06065148115158081,0.04021928086876869,0.2783130705356598,0.5737094879150391,0.6587442755699158,4.656612873077393e-10,0,False,True,none
bprcseg_x1_exploratory,1,RIM_ONE_r3->Drishti_GS,12,X1,top2_pairwise_class_balanced_div_num_classes,0.3333333333333333,0.007912573404610157,0.42705798149108887,4.230687932068966,0.110840804874897,-0.20232312381267548,0.2783130705356598,0.5737094879150391,0.724747359752655,4.656612873077393e-10,0,False,True,none
bprcseg_x1_exploratory,1,RIM_ONE_r3->Drishti_GS,13,X0,categorical_pixel_mean,1.0,0.0058899628929793835,0.28368476033210754,1.0,0.4641416370868683,0.05840706825256348,0.3964497745037079,0.580925703048706,0.7478488683700562,0.0,0,False,True,none
bprcseg_x1_exploratory,1,RIM_ONE_r3->Drishti_GS,13,X1,top2_pairwise_class_balanced_div_num_classes,0.3333333333333333,0.0061397068202495575,0.31827956438064575,1.1219480525074323,0.44479939341545105,0.16543100774288177,0.3964497745037079,0.580925703048706,0.7936425805091858,0.0,0,False,True,none
bprcseg_x1_exploratory,1,RIM_ONE_r3->Drishti_GS,14,X0,categorical_pixel_mean,1.0,0.007509205490350723,0.2308589071035385,1.0,0.020903119817376137,0.035819556564092636,0.18559232354164124,0.19303089380264282,0.3933711349964142,0.0,0,False,True,none
bprcseg_x1_exploratory,1,RIM_ONE_r3->Drishti_GS,14,X1,top2_pairwise_class_balanced_div_num_classes,0.3333333333333333,0.008879605680704117,0.5924960970878601,2.566485757563298,-0.12178972363471985,-0.1139649897813797,0.18559232354164124,0.19303089380264282,0.6282210350036621,0.0,0,False,True,none
bprcseg_x1_exploratory,1,RIM_ONE_r3->Drishti_GS,15,X0,categorical_pixel_mean,1.0,0.0062675983645021915,0.13647226989269257,1.0,0.06739582866430283,0.02636552043259144,0.16693809628486633,0.9461756348609924,1.0320509672164917,0.0,0,False,True,none
bprcseg_x1_exploratory,1,RIM_ONE_r3->Drishti_GS,15,X1,top2_pairwise_class_balanced_div_num_classes,0.3333333333333333,0.005898861214518547,0.2739757299423218,2.0075560416614118,-0.04426902160048485,0.10672953724861145,0.16693809628486633,0.9461756348609924,1.0784034729003906,0.0,0,False,True,none
bprcseg_x1_exploratory,1,RIM_ONE_r3->Drishti_GS,16,X0,categorical_pixel_mean,1.0,0.004813217092305422,0.12057501077651978,1.0,-0.16814659535884857,0.5153817534446716,0.20298534631729126,0.3975334167480469,0.5058678984642029,0.0,0,False,True,none
bprcseg_x1_exploratory,1,RIM_ONE_r3->Drishti_GS,16,X1,top2_pairwise_class_balanced_div_num_classes,0.3333333333333333,0.00568359112367034,0.15705342590808868,1.3025371086151505,0.1579921841621399,0.08818729221820831,0.20298534631729126,0.3975334167480469,0.49592268466949463,0.0,0,False,True,none
bprcseg_x1_exploratory,1,RIM_ONE_r3->Drishti_GS,17,X0,categorical_pixel_mean,1.0,0.0048013851046562195,0.1480061560869217,1.0,0.53270024061203,-0.44241249561309814,0.37201735377311707,0.23503124713897705,0.4708251655101776,0.0,0,False,True,none
bprcseg_x1_exploratory,1,RIM_ONE_r3->Drishti_GS,17,X1,top2_pairwise_class_balanced_div_num_classes,0.3333333333333333,0.006814627908170223,0.3764804005622864,2.5436806854249046,0.22988778352737427,-0.41049790382385254,0.37201735377311707,0.23503124713897705,0.552602231502533,0.0,0,False,True,none
bprcseg_x1_exploratory,1,RIM_ONE_r3->Drishti_GS,18,X0,categorical_pixel_mean,1.0,0.006515713408589363,0.36089658737182617,1.0,-0.12828795611858368,-0.6343891024589539,0.22300085425376892,0.42526131868362427,0.3419567048549652,0.0,0,False,True,none
bprcseg_x1_exploratory,1,RIM_ONE_r3->Drishti_GS,18,X1,top2_pairwise_class_balanced_div_num_classes,0.3333333333333333,0.007736098021268845,0.19991596043109894,0.5539425071513038,0.03607269003987312,0.03594968467950821,0.22300085425376892,0.42526131868362427,0.5013730525970459,0.0,0,False,True,none
bprcseg_x1_exploratory,1,RIM_ONE_r3->Drishti_GS,19,X0,categorical_pixel_mean,1.0,0.005092500243335962,0.2797459065914154,1.0,0.5386621952056885,0.8177893757820129,0.21979041397571564,0.3698153793811798,0.7437167167663574,0.0,0,False,True,none
bprcseg_x1_exploratory,1,RIM_ONE_r3->Drishti_GS,19,X1,top2_pairwise_class_balanced_div_num_classes,0.3333333333333333,0.00705085089430213,0.553206205368042,1.9775310105825095,0.3465745747089386,0.7468406558036804,0.21979041397571564,0.3698153793811798,0.9670963287353516,0.0,0,False,True,none
bprcseg_x1_exploratory,1,RIM_ONE_r3->Drishti_GS,20,X0,categorical_pixel_mean,1.0,0.007893439382314682,0.3103502690792084,1.0,-0.01453295350074768,0.25184670090675354,0.223000630736351,1.0109106302261353,1.172524094581604,9.313225746154785e-10,0,False,True,none
bprcseg_x1_exploratory,1,RIM_ONE_r3->Drishti_GS,20,X1,top2_pairwise_class_balanced_div_num_classes,0.3333333333333333,0.00877358578145504,0.2760743200778961,0.8895572119108933,0.1893806904554367,0.4159328043460846,0.223000630736351,1.0109106302261353,1.2058584690093994,9.313225746154785e-10,0,False,True,none
bprcseg_x1_exploratory,1,RIM_ONE_r3->Drishti_GS,21,X0,categorical_pixel_mean,1.0,0.005519998725503683,0.5051386952400208,1.0,-0.6245428919792175,0.8385860323905945,0.27276575565338135,0.7000378370285034,1.0077531337738037,0.0,0,False,True,none
bprcseg_x1_exploratory,1,RIM_ONE_r3->Drishti_GS,21,X1,top2_pairwise_class_balanced_div_num_classes,0.3333333333333333,0.01018586941063404,0.5201497673988342,1.0297167338401603,-0.5750547051429749,0.644157350063324,0.27276575565338135,0.7000378370285034,0.9570428133010864,0.0,0,False,True,none
bprcseg_x1_exploratory,1,RIM_ONE_r3->Drishti_GS,22,X0,categorical_pixel_mean,1.0,0.007371283136308193,0.22877489030361176,1.0,0.14519648253917694,-0.005211121868342161,0.24566100537776947,0.19856292009353638,0.4348849356174469,4.656612873077393e-10,0,False,True,none
bprcseg_x1_exploratory,1,RIM_ONE_r3->Drishti_GS,22,X1,top2_pairwise_class_balanced_div_num_classes,0.3333333333333333,0.008140076883137226,0.31823641061782837,1.3910460636457542,-0.0032833314035087824,-0.02515561878681183,0.24566100537776947,0.19856292009353638,0.4674721658229828,4.656612873077393e-10,0,False,True,none
bprcseg_x1_exploratory,1,RIM_ONE_r3->Drishti_GS,23,X0,categorical_pixel_mean,1.0,0.009601877070963383,0.3669739365577698,1.0,0.08690763264894485,0.7650544047355652,0.13971245288848877,1.0268096923828125,1.3480020761489868,0.0,0,False,True,none
bprcseg_x1_exploratory,1,RIM_ONE_r3->Drishti_GS,23,X1,top2_pairwise_class_balanced_div_num_classes,0.3333333333333333,0.010767175815999508,0.47993001341819763,1.307804085270906,0.16678480803966522,0.6144036650657654,0.13971245288848877,1.0268096923828125,1.3982691764831543,0.0,0,False,True,none
bprcseg_x1_exploratory,1,RIM_ONE_r3->Drishti_GS,24,X0,categorical_pixel_mean,1.0,0.0045251548290252686,0.13332822918891907,1.0,0.014162789098918438,0.13787713646888733,0.21760454773902893,0.5064684152603149,0.6877102851867676,4.656612873077393e-10,0,False,True,none
bprcseg_x1_exploratory,1,RIM_ONE_r3->Drishti_GS,24,X1,top2_pairwise_class_balanced_div_num_classes,0.3333333333333333,0.007573321461677551,0.3234076499938965,2.425650231472323,0.18116210401058197,0.3121970593929291,0.21760454773902893,0.5064684152603149,0.8173917531967163,4.656612873077393e-10,0,False,True,none
bprcseg_x1_exploratory,1,RIM_ONE_r3->Drishti_GS,25,X0,categorical_pixel_mean,1.0,0.005617925897240639,0.23855078220367432,1.0,0.1488972157239914,-0.17594096064567566,0.15327109396457672,0.4420439302921295,0.5197539925575256,4.656612873077393e-10,0,False,True,none
bprcseg_x1_exploratory,1,RIM_ONE_r3->Drishti_GS,25,X1,top2_pairwise_class_balanced_div_num_classes,0.3333333333333333,0.008119973354041576,0.5526347160339355,2.316633426764859,0.1818525344133377,0.11027287691831589,0.15327109396457672,0.4420439302921295,0.7934312224388123,4.656612873077393e-10,0,False,True,none
bprcseg_x1_exploratory,1,RIM_ONE_r3->Drishti_GS,26,X0,categorical_pixel_mean,1.0,0.005954735446721315,0.2513158619403839,1.0,0.16151505708694458,-0.7502970695495605,0.18599531054496765,0.980719804763794,0.8007091879844666,0.0,0,False,True,none
bprcseg_x1_exploratory,1,RIM_ONE_r3->Drishti_GS,26,X1,top2_pairwise_class_balanced_div_num_classes,0.3333333333333333,0.007672596722841263,0.484305739402771,1.927079873365319,0.23635704815387726,-0.7330687642097473,0.18599531054496765,0.980719804763794,0.7165984511375427,0.0,0,False,True,none
bprcseg_x1_exploratory,1,RIM_ONE_r3->Drishti_GS,27,X0,categorical_pixel_mean,1.0,0.006209224928170443,0.2698400616645813,1.0,0.47566932439804077,-0.6537427306175232,0.23771759867668152,0.8026527762413025,0.6079291105270386,4.656612873077393e-10,0,False,True,none
bprcseg_x1_exploratory,1,RIM_ONE_r3->Drishti_GS,27,X1,top2_pairwise_class_balanced_div_num_classes,0.3333333333333333,0.00640855124220252,0.2800372838973999,1.0377898751205223,0.10870881378650665,-0.4446506202220917,0.23771759867668152,0.8026527762413025,0.6418088674545288,4.656612873077393e-10,0,False,True,none
bprcseg_x1_exploratory,1,RIM_ONE_r3->Drishti_GS,28,X0,categorical_pixel_mean,1.0,0.00431352062150836,0.18115665018558502,1.0,0.32125112414360046,-0.335035115480423,0.32513150572776794,0.22332441806793213,0.39881831407546997,4.656612873077393e-10,0,False,True,none
bprcseg_x1_exploratory,1,RIM_ONE_r3->Drishti_GS,28,X1,top2_pairwise_class_balanced_div_num_classes,0.3333333333333333,0.0057950709015131,0.13843798637390137,0.7641893699849234,0.0856424942612648,-0.08521480113267899,0.32513150572776794,0.22332441806793213,0.37027981877326965,4.656612873077393e-10,0,False,True,none
bprcseg_x1_exploratory,1,RIM_ONE_r3->Drishti_GS,29,X0,categorical_pixel_mean,1.0,0.006690155249089003,0.18076340854167938,1.0,-0.18364159762859344,0.4807709753513336,0.20933745801448822,0.6888965964317322,0.8138523101806641,0.0,0,False,True,none
bprcseg_x1_exploratory,1,RIM_ONE_r3->Drishti_GS,29,X1,top2_pairwise_class_balanced_div_num_classes,0.3333333333333333,0.009493144229054451,0.35142335295677185,1.9441066961057147,0.16172774136066437,0.3949255645275116,0.20933745801448822,0.6888965964317322,0.9286260604858398,0.0,0,False,True,none
bprcseg_x1_exploratory,1,RIM_ONE_r3->Drishti_GS,30,X0,categorical_pixel_mean,1.0,0.004928073845803738,0.1923978626728058,1.0,-0.2957780659198761,-0.06583091616630554,0.19446322321891785,0.9789280295372009,1.064002275466919,0.0,0,False,True,none
bprcseg_x1_exploratory,1,RIM_ONE_r3->Drishti_GS,30,X1,top2_pairwise_class_balanced_div_num_classes,0.3333333333333333,0.006890936754643917,0.5361899733543396,2.7868811321786406,-0.329868346452713,-0.06960753351449966,0.19446322321891785,0.9789280295372009,1.1347440481185913,0.0,0,False,True,none
bprcseg_x1_exploratory,1,RIM_ONE_r3->Drishti_GS,31,X0,categorical_pixel_mean,1.0,0.004949075635522604,0.1577763557434082,1.0,0.13760407269001007,-0.004584313835948706,0.20473094284534454,0.22670085728168488,0.311542272567749,0.0,0,False,True,none
bprcseg_x1_exploratory,1,RIM_ONE_r3->Drishti_GS,31,X1,top2_pairwise_class_balanced_div_num_classes,0.3333333333333333,0.007426265627145767,0.36737316846847534,2.3284424762981253,0.13599270582199097,0.10389203578233719,0.20473094284534454,0.22670085728168488,0.4861436188220978,0.0,0,False,True,none
bprcseg_x1_exploratory,2,REFUGE->RIM_ONE_r3,0,X0,categorical_pixel_mean,1.0,0.008674604818224907,0.1412057876586914,1.0,-0.4894590675830841,0.32418328523635864,0.40912291407585144,0.23792782425880432,0.3662495017051697,0.0,0,False,True,none
bprcseg_x1_exploratory,2,REFUGE->RIM_ONE_r3,0,X1,top2_pairwise_class_balanced_div_num_classes,0.3333333333333333,0.008285142481327057,0.2832370698451996,2.0058460389018338,-0.07325582206249237,-0.37029239535331726,0.40912291407585144,0.23792782425880432,0.4028734862804413,0.0,0,False,True,none
bprcseg_x1_exploratory,2,REFUGE->RIM_ONE_r3,1,X0,categorical_pixel_mean,1.0,0.010296196676790714,0.23053573071956635,1.0,0.1997591108083725,-0.08168482780456543,0.34570538997650146,1.4411078691482544,1.4018545150756836,9.313225746154785e-10,0,False,True,none
bprcseg_x1_exploratory,2,REFUGE->RIM_ONE_r3,1,X1,top2_pairwise_class_balanced_div_num_classes,0.3333333333333333,0.010337899439036846,0.40304458141326904,1.748295503500713,0.04809406399726868,0.46135666966438293,0.34570538997650146,1.4411078691482544,1.6267203092575073,9.313225746154785e-10,0,False,True,none
bprcseg_x1_exploratory,2,REFUGE->RIM_ONE_r3,2,X0,categorical_pixel_mean,1.0,0.00873619131743908,0.2471446394920349,1.0,-0.5024861097335815,-0.5221604704856873,0.5206117630004883,0.44799280166625977,0.6433818936347961,9.313225746154785e-10,0,False,True,none
bprcseg_x1_exploratory,2,REFUGE->RIM_ONE_r3,2,X1,top2_pairwise_class_balanced_div_num_classes,0.3333333333333333,0.00981361698359251,0.49530795216560364,2.004121769274978,-0.45430290699005127,-0.45975935459136963,0.5206117630004883,0.44799280166625977,0.636223554611206,9.313225746154785e-10,0,False,True,none
bprcseg_x1_exploratory,2,REFUGE->RIM_ONE_r3,3,X0,categorical_pixel_mean,1.0,0.0074373395182192326,0.15186725556850433,1.0,0.5677042603492737,-0.5730860233306885,0.7910531759262085,0.5380769371986389,0.5587551593780518,0.0,0,False,True,none
bprcseg_x1_exploratory,2,REFUGE->RIM_ONE_r3,3,X1,top2_pairwise_class_balanced_div_num_classes,0.3333333333333333,0.009254798293113708,0.2849007844924927,1.8759855995684305,0.3995588421821594,-0.49261224269866943,0.7910531759262085,0.5380769371986389,0.5971992611885071,0.0,0,False,True,none
bprcseg_x1_exploratory,2,REFUGE->RIM_ONE_r3,4,X0,categorical_pixel_mean,1.0,0.009628050960600376,0.17649045586585999,1.0,0.02097328007221222,0.12273180484771729,0.5870376825332642,0.49939003586769104,0.8942210674285889,9.313225746154785e-10,0,False,True,none
bprcseg_x1_exploratory,2,REFUGE->RIM_ONE_r3,4,X1,top2_pairwise_class_balanced_div_num_classes,0.3333333333333333,0.010677575133740902,0.22369839251041412,1.2674815270488853,0.10202288627624512,0.022014064714312553,0.5870376825332642,0.49939003586769104,0.9078843593597412,9.313225746154785e-10,0,False,True,none
bprcseg_x1_exploratory,2,REFUGE->RIM_ONE_r3,5,X0,categorical_pixel_mean,1.0,0.010173076763749123,0.27820438146591187,1.0,0.4407370984554291,0.7309606075286865,0.5766392946243286,1.2273813486099243,1.8622602224349976,9.313225746154785e-10,0,False,True,none
bprcseg_x1_exploratory,2,REFUGE->RIM_ONE_r3,5,X1,top2_pairwise_class_balanced_div_num_classes,0.3333333333333333,0.010479937307536602,0.38873234391212463,1.3972905166475809,-0.0074343932792544365,0.07895832508802414,0.5766392946243286,1.2273813486099243,1.7242882251739502,9.313225746154785e-10,0,False,True,none
bprcseg_x1_exploratory,2,REFUGE->RIM_ONE_r3,6,X0,categorical_pixel_mean,1.0,0.007614533416926861,0.18257348239421844,1.0,0.025373438373208046,0.565973699092865,0.46819257736206055,0.7728819251060486,0.8803369998931885,4.656612873077393e-10,0,False,True,none
bprcseg_x1_exploratory,2,REFUGE->RIM_ONE_r3,6,X1,top2_pairwise_class_balanced_div_num_classes,0.3333333333333333,0.008705543354153633,0.3324050307273865,1.8206643504210924,-0.013236247934401035,0.49584656953811646,0.46819257736206055,0.7728819251060486,0.968896210193634,4.656612873077393e-10,0,False,True,none
bprcseg_x1_exploratory,2,REFUGE->RIM_ONE_r3,7,X0,categorical_pixel_mean,1.0,0.010736361145973206,0.23727798461914062,1.0,-0.020041191950440407,-0.5497131943702698,0.413960725069046,0.5294453501701355,0.7268474698066711,0.0,0,False,True,none
bprcseg_x1_exploratory,2,REFUGE->RIM_ONE_r3,7,X1,top2_pairwise_class_balanced_div_num_classes,0.3333333333333333,0.009869355708360672,0.28641876578330994,1.2071021516937026,0.5640020370483398,0.11534053087234497,0.413960725069046,0.5294453501701355,0.9299773573875427,0.0,0,False,True,none
bprcseg_x1_exploratory,2,REFUGE->RIM_ONE_r3,8,X0,categorical_pixel_mean,1.0,0.01543908566236496,0.376869797706604,1.0,-0.2492409497499466,0.6327170133590698,0.5868313908576965,2.306325912475586,2.3636226654052734,9.313225746154785e-10,0,False,True,none
bprcseg_x1_exploratory,2,REFUGE->RIM_ONE_r3,8,X1,top2_pairwise_class_balanced_div_num_classes,0.3333333333333333,0.012811812572181225,0.34623485803604126,0.9187121391605589,-0.40215161442756653,0.25219011306762695,0.5868313908576965,2.306325912475586,2.194143772125244,9.313225746154785e-10,0,False,True,none
bprcseg_x1_exploratory,2,REFUGE->RIM_ONE_r3,9,X0,categorical_pixel_mean,1.0,0.007925736717879772,0.11589973419904709,1.0,-0.34527578949928284,-0.1096537783741951,0.30692726373672485,0.17440441250801086,0.3502342700958252,0.0,0,False,True,none
bprcseg_x1_exploratory,2,REFUGE->RIM_ONE_r3,9,X1,top2_pairwise_class_balanced_div_num_classes,0.3333333333333333,0.008062859997153282,0.2036571353673935,1.757183800073529,-0.04758545011281967,0.15430402755737305,0.30692726373672485,0.17440441250801086,0.42978352308273315,0.0,0,False,True,none
bprcseg_x1_exploratory,2,REFUGE->RIM_ONE_r3,10,X0,categorical_pixel_mean,1.0,0.008226439356803894,0.18347026407718658,1.0,-0.2132847011089325,0.15595369040966034,0.35308507084846497,0.36781659722328186,0.4770938754081726,0.0,0,False,True,none
bprcseg_x1_exploratory,2,REFUGE->RIM_ONE_r3,10,X1,top2_pairwise_class_balanced_div_num_classes,0.3333333333333333,0.008573116734623909,0.34788981080055237,1.8961645504265143,-0.23342616856098175,0.19840188324451447,0.35308507084846497,0.36781659722328186,0.561252236366272,0.0,0,False,True,none
bprcseg_x1_exploratory,2,REFUGE->RIM_ONE_r3,11,X0,categorical_pixel_mean,1.0,0.013049949891865253,0.2503756582736969,1.0,0.4386090040206909,-0.08935625106096268,0.28873568773269653,0.33759891986846924,0.5644299983978271,9.313225746154785e-10,0,False,True,none
bprcseg_x1_exploratory,2,REFUGE->RIM_ONE_r3,11,X1,top2_pairwise_class_balanced_div_num_classes,0.3333333333333333,0.013200778514146805,0.3323673605918884,1.327474734898401,0.19200409948825836,-0.3491882085800171,0.28873568773269653,0.33759891986846924,0.5258837342262268,9.313225746154785e-10,0,False,True,none
bprcseg_x1_exploratory,2,REFUGE->RIM_ONE_r3,12,X0,categorical_pixel_mean,1.0,0.009457257576286793,0.1354970782995224,1.0,-0.13252191245555878,0.21801047027111053,0.7983569502830505,0.6405125856399536,1.311603307723999,0.0,0,False,True,none
bprcseg_x1_exploratory,2,REFUGE->RIM_ONE_r3,12,X1,top2_pairwise_class_balanced_div_num_classes,0.3333333333333333,0.008521214127540588,0.17951779067516327,1.3248831113415678,-0.023062963038682938,0.17406447231769562,0.7983569502830505,0.6405125856399536,1.3260468244552612,0.0,0,False,True,none
bprcseg_x1_exploratory,2,REFUGE->RIM_ONE_r3,13,X0,categorical_pixel_mean,1.0,0.008444777689874172,0.11571216583251953,1.0,-0.34749364852905273,0.2651708424091339,0.5830532312393188,0.27589693665504456,0.6624836921691895,0.0,0,False,True,none
bprcseg_x1_exploratory,2,REFUGE->RIM_ONE_r3,13,X1,top2_pairwise_class_balanced_div_num_classes,0.3333333333333333,0.008797227405011654,0.19715608656406403,1.7038492464951827,-0.07858365029096603,0.36195605993270874,0.5830532312393188,0.27589693665504456,0.7180699110031128,0.0,0,False,True,none
bprcseg_x1_exploratory,2,REFUGE->RIM_ONE_r3,14,X0,categorical_pixel_mean,1.0,0.007505322340875864,0.13465210795402527,1.0,0.32922500371932983,0.21343722939491272,0.2951507866382599,0.5129044651985168,0.5735937356948853,0.0,0,False,True,none
bprcseg_x1_exploratory,2,REFUGE->RIM_ONE_r3,14,X1,top2_pairwise_class_balanced_div_num_classes,0.3333333333333333,0.006300471723079681,0.10744158923625946,0.7979198459555019,-0.07191450148820877,0.24840115010738373,0.2951507866382599,0.5129044651985168,0.5381468534469604,0.0,0,False,True,none
bprcseg_x1_exploratory,2,REFUGE->RIM_ONE_r3,15,X0,categorical_pixel_mean,1.0,0.008618701249361038,0.11515717208385468,1.0,0.0724661722779274,0.17707785964012146,0.3597491979598999,0.47811201214790344,0.6816534996032715,0.0,0,False,True,none
bprcseg_x1_exploratory,2,REFUGE->RIM_ONE_r3,15,X1,top2_pairwise_class_balanced_div_num_classes,0.3333333333333333,0.010146376676857471,0.29848289489746094,2.591960965141736,-0.11423160880804062,0.1795823723077774,0.3597491979598999,0.47811201214790344,0.736000120639801,0.0,0,False,True,none
bprcseg_x1_exploratory,2,REFUGE->RIM_ONE_r3,16,X0,categorical_pixel_mean,1.0,0.011249599047005177,0.18877069652080536,1.0,-0.09061861783266068,-0.02853347919881344,0.2839171588420868,0.5091574788093567,0.6356001496315002,0.0,0,False,True,none
bprcseg_x1_exploratory,2,REFUGE->RIM_ONE_r3,16,X1,top2_pairwise_class_balanced_div_num_classes,0.3333333333333333,0.01013207994401455,0.2608110010623932,1.3816286418885355,-0.027240999042987823,-0.17458651959896088,0.2839171588420868,0.5091574788093567,0.6333740949630737,0.0,0,False,True,none
bprcseg_x1_exploratory,2,REFUGE->RIM_ONE_r3,17,X0,categorical_pixel_mean,1.0,0.008045912720263004,0.11355412751436234,1.0,0.16993391513824463,-0.20993605256080627,0.36934834718704224,0.3482897877693176,0.5613877177238464,0.0,0,False,True,none
bprcseg_x1_exploratory,2,REFUGE->RIM_ONE_r3,17,X1,top2_pairwise_class_balanced_div_num_classes,0.3333333333333333,0.007518324069678783,0.18953582644462585,1.6691231802265694,0.10149851441383362,-0.1434059739112854,0.36934834718704224,0.3482897877693176,0.5794897079467773,0.0,0,False,True,none
bprcseg_x1_exploratory,2,REFUGE->RIM_ONE_r3,18,X0,categorical_pixel_mean,1.0,0.009839081205427647,0.1993013471364975,1.0,-0.09889586269855499,0.08094274997711182,0.37330567836761475,0.32041218876838684,0.5585684776306152,0.0,0,False,True,none
bprcseg_x1_exploratory,2,REFUGE->RIM_ONE_r3,18,X1,top2_pairwise_class_balanced_div_num_classes,0.3333333333333333,0.011091046035289764,0.4862480163574219,2.439762818183062,-0.2820408344268799,-0.16877403855323792,0.37330567836761475,0.32041218876838684,0.5984282493591309,0.0,0,False,True,none
bprcseg_x1_exploratory,2,REFUGE->RIM_ONE_r3,19,X0,categorical_pixel_mean,1.0,0.00967834796756506,0.3283780515193939,1.0,-0.19125591218471527,-0.6127627491950989,0.6436401009559631,0.6195493936538696,0.9475982785224915,0.0,0,False,True,none
bprcseg_x1_exploratory,2,REFUGE->RIM_ONE_r3,19,X1,top2_pairwise_class_balanced_div_num_classes,0.3333333333333333,0.010317019186913967,0.5763779878616333,1.7552268953261407,-0.3694711923599243,-0.6392605900764465,0.6436401009559631,0.6195493936538696,0.8496031165122986,0.0,0,False,True,none
bprcseg_x1_exploratory,2,REFUGE->RIM_ONE_r3,20,X0,categorical_pixel_mean,1.0,0.009021674282848835,0.21041253209114075,1.0,0.004058370366692543,-0.18588098883628845,0.5830244421958923,0.3008979260921478,0.696074903011322,9.313225746154785e-10,0,False,True,none
bprcseg_x1_exploratory,2,REFUGE->RIM_ONE_r3,20,X1,top2_pairwise_class_balanced_div_num_classes,0.3333333333333333,0.010378362610936165,0.23910866677761078,1.1363803495983795,0.07487917691469193,-0.23299996554851532,0.5830244421958923,0.3008979260921478,0.7122586965560913,9.313225746154785e-10,0,False,True,none
bprcseg_x1_exploratory,2,REFUGE->RIM_ONE_r3,21,X0,categorical_pixel_mean,1.0,0.008857323788106441,0.29120945930480957,1.0,-0.06139438599348068,0.39112675189971924,0.5879319906234741,0.28038862347602844,0.700351357460022,0.0,0,False,True,none
bprcseg_x1_exploratory,2,REFUGE->RIM_ONE_r3,21,X1,top2_pairwise_class_balanced_div_num_classes,0.3333333333333333,0.008881675079464912,0.34098923206329346,1.1709414689939013,-0.053953319787979126,0.3162263333797455,0.5879319906234741,0.28038862347602844,0.7196862101554871,0.0,0,False,True,none
bprcseg_x1_exploratory,2,REFUGE->RIM_ONE_r3,22,X0,categorical_pixel_mean,1.0,0.012094817124307156,0.23655329644680023,1.0,-0.16560424864292145,0.15774314105510712,0.7618051171302795,0.4998646378517151,1.099650263786316,0.0,0,False,True,none
bprcseg_x1_exploratory,2,REFUGE->RIM_ONE_r3,22,X1,top2_pairwise_class_balanced_div_num_classes,0.3333333333333333,0.012045144103467464,0.3167886734008789,1.3391851991042671,-0.13227449357509613,0.30436253547668457,0.7618051171302795,0.4998646378517151,1.143921971321106,0.0,0,False,True,none
bprcseg_x1_exploratory,2,REFUGE->RIM_ONE_r3,23,X0,categorical_pixel_mean,1.0,0.011637215502560139,0.17270904779434204,1.0,-0.21444277465343475,-0.39721354842185974,0.4538314640522003,0.3996622562408447,0.5567488670349121,0.0,0,False,True,none
bprcseg_x1_exploratory,2,REFUGE->RIM_ONE_r3,23,X1,top2_pairwise_class_balanced_div_num_classes,0.3333333333333333,0.01000926923006773,0.29966211318969727,1.7350689904012904,-0.04289405047893524,0.3448522090911865,0.4538314640522003,0.3996622562408447,0.7275510430335999,0.0,0,False,True,none
bprcseg_x1_exploratory,2,REFUGE->RIM_ONE_r3,24,X0,categorical_pixel_mean,1.0,0.009362791664898396,0.16195262968540192,1.0,-0.10093069821596146,-0.4180033504962921,0.4434623718261719,0.5459077954292297,0.4757919907569885,0.0,0,False,True,none
bprcseg_x1_exploratory,2,REFUGE->RIM_ONE_r3,24,X1,top2_pairwise_class_balanced_div_num_classes,0.3333333333333333,0.009524200111627579,0.22544686496257782,1.392054364294766,0.10065416991710663,-0.41261982917785645,0.4434623718261719,0.5459077954292297,0.5078819990158081,0.0,0,False,True,none
bprcseg_x1_exploratory,2,REFUGE->RIM_ONE_r3,25,X0,categorical_pixel_mean,1.0,0.007134616374969482,0.2505128085613251,1.0,0.050990160554647446,-0.489165723323822,0.6354032754898071,0.47199922800064087,0.6451716423034668,4.656612873077393e-10,0,False,True,none
bprcseg_x1_exploratory,2,REFUGE->RIM_ONE_r3,25,X1,top2_pairwise_class_balanced_div_num_classes,0.3333333333333333,0.008413359522819519,0.3905402421951294,1.558963170138767,0.026758641004562378,-0.4462652802467346,0.6354032754898071,0.47199922800064087,0.6739551424980164,4.656612873077393e-10,0,False,True,none
bprcseg_x1_exploratory,2,REFUGE->RIM_ONE_r3,26,X0,categorical_pixel_mean,1.0,0.009429072961211205,0.09455113112926483,1.0,0.11780231446027756,-0.101425901055336,0.40194347500801086,0.2871079742908478,0.5334387421607971,0.0,0,False,True,none
bprcseg_x1_exploratory,2,REFUGE->RIM_ONE_r3,26,X1,top2_pairwise_class_balanced_div_num_classes,0.3333333333333333,0.009133162908256054,0.2027300000190735,2.1441308802737935,0.030331842601299286,0.32158225774765015,0.40194347500801086,0.2871079742908478,0.5963551998138428,0.0,0,False,True,none
bprcseg_x1_exploratory,2,REFUGE->RIM_ONE_r3,27,X0,categorical_pixel_mean,1.0,0.007093927823007107,0.09357784688472748,1.0,0.009045105427503586,-0.48726555705070496,0.2752141058444977,0.31790876388549805,0.414340615272522,0.0,0,False,True,none
bprcseg_x1_exploratory,2,REFUGE->RIM_ONE_r3,27,X1,top2_pairwise_class_balanced_div_num_classes,0.3333333333333333,0.0069963363930583,0.1952666938304901,2.086676498028712,0.19532594084739685,-0.2125289887189865,0.2752141058444977,0.31790876388549805,0.4734767973423004,0.0,0,False,True,none
bprcseg_x1_exploratory,2,REFUGE->RIM_ONE_r3,28,X0,categorical_pixel_mean,1.0,0.009284821338951588,0.2471722960472107,1.0,0.037905991077423096,-0.409518301486969,0.3081628978252411,0.5251193046569824,0.4989798665046692,9.313225746154785e-10,0,False,True,none
bprcseg_x1_exploratory,2,REFUGE->RIM_ONE_r3,28,X1,top2_pairwise_class_balanced_div_num_classes,0.3333333333333333,0.008817142806947231,0.2938827872276306,1.188979476775577,-0.07618095725774765,0.035654038190841675,0.3081628978252411,0.5251193046569824,0.6099046468734741,9.313225746154785e-10,0,False,True,none
bprcseg_x1_exploratory,2,REFUGE->RIM_ONE_r3,29,X0,categorical_pixel_mean,1.0,0.008130816742777824,0.437078595161438,1.0,-0.17296195030212402,0.49609002470970154,0.7550903558731079,0.5961459279060364,1.05209219455719,0.0,0,False,True,none
bprcseg_x1_exploratory,2,REFUGE->RIM_ONE_r3,29,X1,top2_pairwise_class_balanced_div_num_classes,0.3333333333333333,0.00865020789206028,0.6350638270378113,1.4529739824098367,-0.23218780755996704,0.4306964576244354,0.7550903558731079,0.5961459279060364,1.1305898427963257,0.0,0,False,True,none
bprcseg_x1_exploratory,2,REFUGE->RIM_ONE_r3,30,X0,categorical_pixel_mean,1.0,0.008726177737116814,0.1513463705778122,1.0,-0.06245020404458046,0.010283355601131916,0.29612258076667786,0.4115012586116791,0.5568011403083801,0.0,0,False,True,none
bprcseg_x1_exploratory,2,REFUGE->RIM_ONE_r3,30,X1,top2_pairwise_class_balanced_div_num_classes,0.3333333333333333,0.009906097315251827,0.3140159845352173,2.074816748735783,-0.08977370709180832,0.03131960332393646,0.29612258076667786,0.4115012586116791,0.6176162958145142,0.0,0,False,True,none
bprcseg_x1_exploratory,2,REFUGE->RIM_ONE_r3,31,X0,categorical_pixel_mean,1.0,0.015207341872155666,0.3305283784866333,1.0,-0.06917925179004669,-0.49040061235427856,0.29012373089790344,0.6848605871200562,0.7072445750236511,0.0,0,False,True,none
bprcseg_x1_exploratory,2,REFUGE->RIM_ONE_r3,31,X1,top2_pairwise_class_balanced_div_num_classes,0.3333333333333333,0.016870880499482155,0.5452017188072205,1.6494853522214845,-0.07381665706634521,-0.5345402359962463,0.29012373089790344,0.6848605871200562,0.7077761888504028,0.0,0,False,True,none
bprcseg_x1_exploratory,2,RIM_ONE_r3->Drishti_GS,0,X0,categorical_pixel_mean,1.0,0.007978267967700958,0.1213158443570137,1.0,0.39653563499450684,0.48807305097579956,0.44156473875045776,0.49838343262672424,0.8621333837509155,9.313225746154785e-10,0,False,True,none
bprcseg_x1_exploratory,2,RIM_ONE_r3->Drishti_GS,0,X1,top2_pairwise_class_balanced_div_num_classes,0.3333333333333333,0.015733085572719574,0.804387629032135,6.630524094321489,0.28150010108947754,0.2184540182352066,0.44156473875045776,0.49838343262672424,1.2842271327972412,9.313225746154785e-10,0,False,True,none
bprcseg_x1_exploratory,2,RIM_ONE_r3->Drishti_GS,1,X0,categorical_pixel_mean,1.0,0.0066580153070390224,0.19929341971874237,1.0,0.4026586413383484,-0.20412135124206543,0.594923198223114,0.6401812434196472,0.8695404529571533,0.0,0,False,True,none
bprcseg_x1_exploratory,2,RIM_ONE_r3->Drishti_GS,1,X1,top2_pairwise_class_balanced_div_num_classes,0.3333333333333333,0.00928285252302885,0.5771825909614563,2.8961447486626457,0.2969350516796112,-0.1633133888244629,0.594923198223114,0.6401812434196472,1.0437250137329102,0.0,0,False,True,none
bprcseg_x1_exploratory,2,RIM_ONE_r3->Drishti_GS,2,X0,categorical_pixel_mean,1.0,0.005202158819884062,0.10827654600143433,1.0,0.08853750675916672,0.160200297832489,0.534683108329773,0.29413488507270813,0.6859255433082581,4.656612873077393e-10,0,False,True,none
bprcseg_x1_exploratory,2,RIM_ONE_r3->Drishti_GS,2,X1,top2_pairwise_class_balanced_div_num_classes,0.3333333333333333,0.005557633936405182,0.13517093658447266,1.248386114779484,0.1570475995540619,0.30147355794906616,0.534683108329773,0.29413488507270813,0.7093952894210815,4.656612873077393e-10,0,False,True,none
bprcseg_x1_exploratory,2,RIM_ONE_r3->Drishti_GS,3,X0,categorical_pixel_mean,1.0,0.008705737069249153,0.353348046541214,1.0,-0.16146226227283478,0.784065842628479,0.32159224152565,0.6073394417762756,0.897428572177887,9.313225746154785e-10,0,False,True,none
bprcseg_x1_exploratory,2,RIM_ONE_r3->Drishti_GS,3,X1,top2_pairwise_class_balanced_div_num_classes,0.3333333333333333,0.01652393862605095,1.2266606092453003,3.4715364107785565,-0.05549858883023262,0.4600965678691864,0.32159224152565,0.6073394417762756,1.5897122621536255,9.313225746154785e-10,0,False,True,none
bprcseg_x1_exploratory,2,RIM_ONE_r3->Drishti_GS,4,X0,categorical_pixel_mean,1.0,0.006700722500681877,0.15044547617435455,1.0,0.5129819512367249,0.3905666470527649,0.45267075300216675,0.3332328796386719,0.7406099438667297,0.0,0,False,True,none
bprcseg_x1_exploratory,2,RIM_ONE_r3->Drishti_GS,4,X1,top2_pairwise_class_balanced_div_num_classes,0.3333333333333333,0.008184917271137238,0.6642854809761047,4.4154566682101475,0.42470085620880127,0.38819873332977295,0.45267075300216675,0.3332328796386719,1.133745551109314,0.0,0,False,True,none
bprcseg_x1_exploratory,2,RIM_ONE_r3->Drishti_GS,5,X0,categorical_pixel_mean,1.0,0.006177489645779133,0.18098114430904388,1.0,0.28787103295326233,-0.4145070016384125,0.31560051441192627,0.6132621765136719,0.5648589730262756,0.0,0,False,True,none
bprcseg_x1_exploratory,2,RIM_ONE_r3->Drishti_GS,5,X1,top2_pairwise_class_balanced_div_num_classes,0.3333333333333333,0.006814430933445692,0.23927663266658783,1.3221080769497093,-0.06170157343149185,0.13159863650798798,0.31560051441192627,0.6132621765136719,0.6572712659835815,0.0,0,False,True,none
bprcseg_x1_exploratory,2,RIM_ONE_r3->Drishti_GS,6,X0,categorical_pixel_mean,1.0,0.007827003486454487,0.18721447885036469,1.0,-0.28579771518707275,0.255051851272583,0.2967892289161682,0.23318293690681458,0.4545719623565674,9.313225746154785e-10,0,False,True,none
bprcseg_x1_exploratory,2,RIM_ONE_r3->Drishti_GS,6,X1,top2_pairwise_class_balanced_div_num_classes,0.3333333333333333,0.0074284812435507774,0.1634431630373001,0.8730262960480513,-0.07333911210298538,0.23511187732219696,0.2967892289161682,0.23318293690681458,0.4675552546977997,9.313225746154785e-10,0,False,True,none
bprcseg_x1_exploratory,2,RIM_ONE_r3->Drishti_GS,7,X0,categorical_pixel_mean,1.0,0.006605764850974083,0.209211066365242,1.0,0.5354694128036499,0.8070972561836243,0.2310553640127182,1.1376252174377441,1.4617140293121338,4.656612873077393e-10,0,False,True,none
bprcseg_x1_exploratory,2,RIM_ONE_r3->Drishti_GS,7,X1,top2_pairwise_class_balanced_div_num_classes,0.3333333333333333,0.007150709629058838,0.5073120594024658,2.4248815715933363,0.47184014320373535,0.7922170162200928,0.2310553640127182,1.1376252174377441,1.7144392728805542,4.656612873077393e-10,0,False,True,none
bprcseg_x1_exploratory,2,RIM_ONE_r3->Drishti_GS,8,X0,categorical_pixel_mean,1.0,0.00673209223896265,0.13687874376773834,1.0,0.27912336587905884,0.6654053330421448,0.25062814354896545,0.7770773768424988,0.9880602359771729,9.313225746154785e-10,0,False,True,none
bprcseg_x1_exploratory,2,RIM_ONE_r3->Drishti_GS,8,X1,top2_pairwise_class_balanced_div_num_classes,0.3333333333333333,0.008809378370642662,0.3618444800376892,2.643540334149196,0.062493257224559784,0.3769646883010864,0.25062814354896545,0.7770773768424988,1.0729166269302368,9.313225746154785e-10,0,False,True,none
bprcseg_x1_exploratory,2,RIM_ONE_r3->Drishti_GS,9,X0,categorical_pixel_mean,1.0,0.006333460565656424,0.10204833000898361,1.0,0.0888781026005745,-0.31042802333831787,0.3568727374076843,0.3291081190109253,0.4192788898944855,4.656612873077393e-10,0,False,True,none
bprcseg_x1_exploratory,2,RIM_ONE_r3->Drishti_GS,9,X1,top2_pairwise_class_balanced_div_num_classes,0.3333333333333333,0.005886805709451437,0.22041265666484833,2.1598849941536993,-0.03754507005214691,-0.3306784927845001,0.3568727374076843,0.3291081190109253,0.41769009828567505,4.656612873077393e-10,0,False,True,none
bprcseg_x1_exploratory,2,RIM_ONE_r3->Drishti_GS,10,X0,categorical_pixel_mean,1.0,0.00391821563243866,0.14748434722423553,1.0,0.27660316228866577,-0.19235245883464813,0.34870269894599915,0.3537217080593109,0.43111810088157654,0.0,0,False,True,none
bprcseg_x1_exploratory,2,RIM_ONE_r3->Drishti_GS,10,X1,top2_pairwise_class_balanced_div_num_classes,0.3333333333333333,0.003457041224464774,0.15368938446044922,1.0420725138158529,0.21532607078552246,0.0019408949883654714,0.34870269894599915,0.3537217080593109,0.45015567541122437,0.0,0,False,True,none
bprcseg_x1_exploratory,2,RIM_ONE_r3->Drishti_GS,11,X0,categorical_pixel_mean,1.0,0.006468554958701134,0.13440503180027008,1.0,0.09152565896511078,0.2562462389469147,0.33173492550849915,0.3644864857196808,0.6513727903366089,0.0,0,False,True,none
bprcseg_x1_exploratory,2,RIM_ONE_r3->Drishti_GS,11,X1,top2_pairwise_class_balanced_div_num_classes,0.3333333333333333,0.00666618999093771,0.22535748779773712,1.676704248190835,-0.03895116224884987,0.0494246743619442,0.33173492550849915,0.3644864857196808,0.6527124643325806,0.0,0,False,True,none
bprcseg_x1_exploratory,2,RIM_ONE_r3->Drishti_GS,12,X0,categorical_pixel_mean,1.0,0.006831943988800049,0.2741672992706299,1.0,0.08393242955207825,-0.3823756277561188,0.4948885440826416,0.7331314086914062,0.5419861674308777,0.0,0,False,True,none
bprcseg_x1_exploratory,2,RIM_ONE_r3->Drishti_GS,12,X1,top2_pairwise_class_balanced_div_num_classes,0.3333333333333333,0.008068285882472992,0.23030033707618713,0.8399992912679868,-0.2827164828777313,0.4850112497806549,0.4948885440826416,0.7331314086914062,0.7084440588951111,0.0,0,False,True,none
bprcseg_x1_exploratory,2,RIM_ONE_r3->Drishti_GS,13,X0,categorical_pixel_mean,1.0,0.0071068438701331615,0.13319145143032074,1.0,-0.29298704862594604,0.07538055628538132,0.3518521785736084,0.3525373339653015,0.5006405115127563,0.0,0,False,True,none
bprcseg_x1_exploratory,2,RIM_ONE_r3->Drishti_GS,13,X1,top2_pairwise_class_balanced_div_num_classes,0.3333333333333333,0.008919425308704376,0.35482949018478394,2.664056036437244,-0.4289603531360626,0.0601462684571743,0.3518521785736084,0.3525373339653015,0.5358457565307617,0.0,0,False,True,none
bprcseg_x1_exploratory,2,RIM_ONE_r3->Drishti_GS,14,X0,categorical_pixel_mean,1.0,0.005624287761747837,0.10529935359954834,1.0,0.39733976125717163,0.36151322722435,0.43923622369766235,0.16589729487895966,0.5223265290260315,4.656612873077393e-10,0,False,True,none
bprcseg_x1_exploratory,2,RIM_ONE_r3->Drishti_GS,14,X1,top2_pairwise_class_balanced_div_num_classes,0.3333333333333333,0.004810032434761524,0.1347583383321762,1.2797641554824724,0.17852012813091278,0.2750794291496277,0.43923622369766235,0.16589729487895966,0.5137469172477722,4.656612873077393e-10,0,False,True,none
bprcseg_x1_exploratory,2,RIM_ONE_r3->Drishti_GS,15,X0,categorical_pixel_mean,1.0,0.005926115904003382,0.22431029379367828,1.0,0.17129242420196533,-0.21812964975833893,0.36804497241973877,0.18879146873950958,0.4715661406517029,4.656612873077393e-10,0,False,True,none
bprcseg_x1_exploratory,2,RIM_ONE_r3->Drishti_GS,15,X1,top2_pairwise_class_balanced_div_num_classes,0.3333333333333333,0.005852179601788521,0.24649678170681,1.0989098072045635,0.19641022384166718,-0.19455274939537048,0.36804497241973877,0.18879146873950958,0.4904365539550781,4.656612873077393e-10,0,False,True,none
bprcseg_x1_exploratory,2,RIM_ONE_r3->Drishti_GS,16,X0,categorical_pixel_mean,1.0,0.007086376193910837,0.20125435292720795,1.0,-0.29277947545051575,0.1727566123008728,0.36295294761657715,0.8297765254974365,0.7928121089935303,4.656612873077393e-10,0,False,True,none
bprcseg_x1_exploratory,2,RIM_ONE_r3->Drishti_GS,16,X1,top2_pairwise_class_balanced_div_num_classes,0.3333333333333333,0.006328880786895752,0.24846705794334412,1.234592217904537,-0.20763835310935974,-0.13707518577575684,0.36295294761657715,0.8297765254974365,0.7354254126548767,4.656612873077393e-10,0,False,True,none
bprcseg_x1_exploratory,2,RIM_ONE_r3->Drishti_GS,17,X0,categorical_pixel_mean,1.0,0.006504501216113567,0.10069940984249115,1.0,0.053360044956207275,0.04326314851641655,0.24330401420593262,0.4179933965206146,0.5835481882095337,0.0,0,False,True,none
bprcseg_x1_exploratory,2,RIM_ONE_r3->Drishti_GS,17,X1,top2_pairwise_class_balanced_div_num_classes,0.3333333333333333,0.007267611101269722,0.36266106367111206,3.60142193721262,-0.10948681086301804,0.11133494973182678,0.24330401420593262,0.4179933965206146,0.6856306791305542,0.0,0,False,True,none
bprcseg_x1_exploratory,2,RIM_ONE_r3->Drishti_GS,18,X0,categorical_pixel_mean,1.0,0.004973654635250568,0.11698444187641144,1.0,-0.14477752149105072,-0.2107372134923935,0.24648109078407288,0.3559570908546448,0.4732081890106201,4.656612873077393e-10,0,False,True,none
bprcseg_x1_exploratory,2,RIM_ONE_r3->Drishti_GS,18,X1,top2_pairwise_class_balanced_div_num_classes,0.3333333333333333,0.005219016224145889,0.14726266264915466,1.2588226287793955,0.16632051765918732,0.060127198696136475,0.24648109078407288,0.3559570908546448,0.5255566239356995,4.656612873077393e-10,0,False,True,none
bprcseg_x1_exploratory,2,RIM_ONE_r3->Drishti_GS,19,X0,categorical_pixel_mean,1.0,0.007093371823430061,0.2374485582113266,1.0,-0.03272879496216774,0.2053220123052597,0.5232229232788086,0.5635404586791992,0.9149774312973022,9.313225746154785e-10,0,False,True,none
bprcseg_x1_exploratory,2,RIM_ONE_r3->Drishti_GS,19,X1,top2_pairwise_class_balanced_div_num_classes,0.3333333333333333,0.009026190266013145,0.48331037163734436,2.03543190692783,-0.03869664669036865,0.1966620832681656,0.5232229232788086,0.5635404586791992,1.0271872282028198,9.313225746154785e-10,0,False,True,none
bprcseg_x1_exploratory,2,RIM_ONE_r3->Drishti_GS,20,X0,categorical_pixel_mean,1.0,0.009058412164449692,0.337914377450943,1.0,0.4565834105014801,-0.15230511128902435,0.48123717308044434,0.7949796319007874,0.8134362697601318,0.0,0,False,True,none
bprcseg_x1_exploratory,2,RIM_ONE_r3->Drishti_GS,20,X1,top2_pairwise_class_balanced_div_num_classes,0.3333333333333333,0.009991650469601154,0.5478688478469849,1.6213244668067495,-0.23994089663028717,0.20024938881397247,0.48123717308044434,0.7949796319007874,0.9104395508766174,0.0,0,False,True,none
bprcseg_x1_exploratory,2,RIM_ONE_r3->Drishti_GS,21,X0,categorical_pixel_mean,1.0,0.004759563598781824,0.2024778425693512,1.0,0.13450799882411957,0.4873637855052948,0.42949944734573364,1.1480231285095215,1.383832573890686,4.656612873077393e-10,0,False,True,none
bprcseg_x1_exploratory,2,RIM_ONE_r3->Drishti_GS,21,X1,top2_pairwise_class_balanced_div_num_classes,0.3333333333333333,0.0060356478206813335,0.3679181933403015,1.8170787908029242,-0.38520169258117676,-0.2758955955505371,0.42949944734573364,1.1480231285095215,1.1851593255996704,4.656612873077393e-10,0,False,True,none
bprcseg_x1_exploratory,2,RIM_ONE_r3->Drishti_GS,22,X0,categorical_pixel_mean,1.0,0.00730096735060215,0.18541952967643738,1.0,-0.10064763575792313,0.36989715695381165,0.2218359261751175,0.5558778643608093,0.7720677256584167,0.0,0,False,True,none
bprcseg_x1_exploratory,2,RIM_ONE_r3->Drishti_GS,22,X1,top2_pairwise_class_balanced_div_num_classes,0.3333333333333333,0.012207558378577232,0.863884449005127,4.65908014389116,-0.08339682966470718,0.307377427816391,0.2218359261751175,0.5558778643608093,1.2260922193527222,0.0,0,False,True,none
bprcseg_x1_exploratory,2,RIM_ONE_r3->Drishti_GS,23,X0,categorical_pixel_mean,1.0,0.005999111570417881,0.1593741923570633,1.0,0.2672223746776581,0.6363362073898315,0.37147074937820435,0.5004848837852478,0.8319018483161926,0.0,0,False,True,none
bprcseg_x1_exploratory,2,RIM_ONE_r3->Drishti_GS,23,X1,top2_pairwise_class_balanced_div_num_classes,0.3333333333333333,0.007663923315703869,0.37380748987197876,2.3454706458025356,0.30571800470352173,0.7072811126708984,0.37147074937820435,0.5004848837852478,1.0113271474838257,0.0,0,False,True,none
bprcseg_x1_exploratory,2,RIM_ONE_r3->Drishti_GS,24,X0,categorical_pixel_mean,1.0,0.008138837292790413,0.46107685565948486,1.0,0.20179499685764313,-0.12212113291025162,0.4371001720428467,0.48736247420310974,0.8215887546539307,0.0,0,False,True,none
bprcseg_x1_exploratory,2,RIM_ONE_r3->Drishti_GS,24,X1,top2_pairwise_class_balanced_div_num_classes,0.3333333333333333,0.006349058356136084,0.16848723590373993,0.36542115232123334,-0.11684443056583405,0.15900540351867676,0.4371001720428467,0.48736247420310974,0.6879367828369141,0.0,0,False,True,none
bprcseg_x1_exploratory,2,RIM_ONE_r3->Drishti_GS,25,X0,categorical_pixel_mean,1.0,0.00691111758351326,0.4250155985355377,1.0,0.3560824990272522,-0.5578345060348511,0.44697150588035583,0.698588490486145,0.5160570740699768,4.656612873077393e-10,0,False,True,none
bprcseg_x1_exploratory,2,RIM_ONE_r3->Drishti_GS,25,X1,top2_pairwise_class_balanced_div_num_classes,0.3333333333333333,0.006609183736145496,0.35595929622650146,0.8375205461941131,0.26317113637924194,-0.29790061712265015,0.44697150588035583,0.698588490486145,0.5864530205726624,4.656612873077393e-10,0,False,True,none
bprcseg_x1_exploratory,2,RIM_ONE_r3->Drishti_GS,26,X0,categorical_pixel_mean,1.0,0.0070772068575024605,0.15904223918914795,1.0,0.575517475605011,0.41991958022117615,0.30719441175460815,0.6540491580963135,0.8246564269065857,0.0,0,False,True,none
bprcseg_x1_exploratory,2,RIM_ONE_r3->Drishti_GS,26,X1,top2_pairwise_class_balanced_div_num_classes,0.3333333333333333,0.007256198674440384,0.19556985795497894,1.2296724376622297,0.2517741024494171,0.2173709273338318,0.30719441175460815,0.6540491580963135,0.7970395684242249,0.0,0,False,True,none
bprcseg_x1_exploratory,2,RIM_ONE_r3->Drishti_GS,27,X0,categorical_pixel_mean,1.0,0.008832029066979885,0.4724452793598175,1.0,0.7104002833366394,0.8893440365791321,0.3565337657928467,1.5061694383621216,2.198824882507324,0.0,0,False,True,none
bprcseg_x1_exploratory,2,RIM_ONE_r3->Drishti_GS,27,X1,top2_pairwise_class_balanced_div_num_classes,0.3333333333333333,0.010361130349338055,0.46084532141685486,0.9754469809526278,0.16082753241062164,0.3535920977592468,0.3565337657928467,1.5061694383621216,1.9652761220932007,0.0,0,False,True,none
bprcseg_x1_exploratory,2,RIM_ONE_r3->Drishti_GS,28,X0,categorical_pixel_mean,1.0,0.004882856272161007,0.17178495228290558,1.0,-0.16948285698890686,-0.29122164845466614,0.507234513759613,0.39857104420661926,0.7376725077629089,4.656612873077393e-10,0,False,True,none
bprcseg_x1_exploratory,2,RIM_ONE_r3->Drishti_GS,28,X1,top2_pairwise_class_balanced_div_num_classes,0.3333333333333333,0.00497992942109704,0.0965680256485939,0.5621448465961092,0.200844869017601,-0.11361364275217056,0.507234513759613,0.39857104420661926,0.7773728370666504,4.656612873077393e-10,0,False,True,none
bprcseg_x1_exploratory,2,RIM_ONE_r3->Drishti_GS,29,X0,categorical_pixel_mean,1.0,0.007763295900076628,0.19539709389209747,1.0,-0.5719887614250183,0.4628909230232239,0.4116125702857971,0.6763581037521362,0.5561034083366394,0.0,0,False,True,none
bprcseg_x1_exploratory,2,RIM_ONE_r3->Drishti_GS,29,X1,top2_pairwise_class_balanced_div_num_classes,0.3333333333333333,0.009258254431188107,0.5246313214302063,2.6849494584598026,-0.42379850149154663,0.3850226402282715,0.4116125702857971,0.6763581037521362,0.778573751449585,0.0,0,False,True,none
bprcseg_x1_exploratory,2,RIM_ONE_r3->Drishti_GS,30,X0,categorical_pixel_mean,1.0,0.007684529293328524,0.1557249128818512,1.0,-0.036719270050525665,-0.2470160275697708,0.2266344428062439,0.524936854839325,0.5975341200828552,9.313225746154785e-10,0,False,True,none
bprcseg_x1_exploratory,2,RIM_ONE_r3->Drishti_GS,30,X1,top2_pairwise_class_balanced_div_num_classes,0.3333333333333333,0.007443120237439871,0.28857624530792236,1.8531154711697655,-0.15017950534820557,0.28907546401023865,0.2266344428062439,0.524936854839325,0.7259479761123657,9.313225746154785e-10,0,False,True,none
bprcseg_x1_exploratory,2,RIM_ONE_r3->Drishti_GS,31,X0,categorical_pixel_mean,1.0,0.006398469675332308,0.1040119007229805,1.0,-0.25327634811401367,0.5368456840515137,0.206631600856781,0.5098691582679749,0.5547938346862793,4.656612873077393e-10,0,False,True,none
bprcseg_x1_exploratory,2,RIM_ONE_r3->Drishti_GS,31,X1,top2_pairwise_class_balanced_div_num_classes,0.3333333333333333,0.013371577486395836,0.5544666051864624,5.330799661696385,0.04031818360090256,-0.0022857587318867445,0.206631600856781,0.5098691582679749,0.7525314688682556,4.656612873077393e-10,0,False,True,none
