run_name,checkpoint,checkpoint_name,method_name,site_id,site_index,route,class_id,bin,pixel_count,valid_pixel_count,coverage,accuracy,weight_sum,effective_pixel_count,score_mean,score_p10,score_p50,score_p90,weight_mean,weight_p10,weight_p50,weight_p90
fundus_seed0_lcrseg_v0_1_full200e,/home/jiangsuiyang/SSL_CL/runs/fundus_seed0_lcrseg_v0_1_full200e/checkpoint_final_site0_REFUGE.pt,checkpoint_final_site0_REFUGE.pt,lcrseg_v0_1,REFUGE,0,learnability,0,0,129836,123370,0.9501987122215718,0.9408932479533112,16830.002732233144,116018.3176585219,0.12962508651093027,0.08105769380927086,0.13284684717655182,0.1831778734922409,0.12962508651093027,0.08105769380927086,0.13284684717655182,0.1831778734922409
fundus_seed0_lcrseg_v0_1_full200e,/home/jiangsuiyang/SSL_CL/runs/fundus_seed0_lcrseg_v0_1_full200e/checkpoint_final_site0_REFUGE.pt,checkpoint_final_site0_REFUGE.pt,lcrseg_v0_1,REFUGE,0,learnability,0,1,129836,129836,1.0,0.9910348439569919,36240.11111488938,125907.86102605368,0.2791222089011475,0.21235662698745728,0.27750322222709656,0.3488546907901764,0.2791222089011475,0.21235662698745728,0.27750322222709656,0.3488546907901764
fundus_seed0_lcrseg_v0_1_full200e,/home/jiangsuiyang/SSL_CL/runs/fundus_seed0_lcrseg_v0_1_full200e/checkpoint_final_site0_REFUGE.pt,checkpoint_final_site0_REFUGE.pt,lcrseg_v0_1,REFUGE,0,learnability,0,2,129836,129836,1.0,0.9945700730151884,59007.7940775156,128353.0486811724,0.45447945159674974,0.3852776288986206,0.45622362196445465,0.5204937160015106,0.45447945159674974,0.3852776288986206,0.45622362196445465,0.5204937160015106
fundus_seed0_lcrseg_v0_1_full200e,/home/jiangsuiyang/SSL_CL/runs/fundus_seed0_lcrseg_v0_1_full200e/checkpoint_final_site0_REFUGE.pt,checkpoint_final_site0_REFUGE.pt,lcrseg_v0_1,REFUGE,0,learnability,0,3,129836,129836,1.0,0.995848609014449,77244.863247931,129475.71625751414,0.5949417977135079,0.5489746034145355,0.5977705717086792,0.6357008814811707,0.5949417977135079,0.5489746034145355,0.5977705717086792,0.6357008814811707
fundus_seed0_lcrseg_v0_1_full200e,/home/jiangsuiyang/SSL_CL/runs/fundus_seed0_lcrseg_v0_1_full200e/checkpoint_final_site0_REFUGE.pt,checkpoint_final_site0_REFUGE.pt,lcrseg_v0_1,REFUGE,0,learnability,0,4,129836,129836,1.0,0.9964416648695277,87407.84193050861,129771.74663817114,0.6732173043725054,0.650916576385498,0.6750066876411438,0.6922261118888855,0.6732173043725054,0.650916576385498,0.6750066876411438,0.6922261118888855
fundus_seed0_lcrseg_v0_1_full200e,/home/jiangsuiyang/SSL_CL/runs/fundus_seed0_lcrseg_v0_1_full200e/checkpoint_final_site0_REFUGE.pt,checkpoint_final_site0_REFUGE.pt,lcrseg_v0_1,REFUGE,0,learnability,0,5,129836,129836,1.0,0.997196463230537,91928.73004376888,129826.18803522422,0.7080372935377621,0.6988082230091095,0.7088542580604553,0.7157662212848663,0.7080372935377621,0.6988082230091095,0.7088542580604553,0.7157662212848663
fundus_seed0_lcrseg_v0_1_full200e,/home/jiangsuiyang/SSL_CL/runs/fundus_seed0_lcrseg_v0_1_full200e/checkpoint_final_site0_REFUGE.pt,checkpoint_final_site0_REFUGE.pt,lcrseg_v0_1,REFUGE,0,learnability,0,6,129836,129836,1.0,0.9972272713269047,93732.77758592367,129834.58850712566,0.7219321111704279,0.7183547019958496,0.7222579121589661,0.7249110043048859,0.7219321111704279,0.7183547019958496,0.7222579121589661,0.7249110043048859
fundus_seed0_lcrseg_v0_1_full200e,/home/jiangsuiyang/SSL_CL/runs/fundus_seed0_lcrseg_v0_1_full200e/checkpoint_final_site0_REFUGE.pt,checkpoint_final_site0_REFUGE.pt,lcrseg_v0_1,REFUGE,0,learnability,0,7,129836,129836,1.0,0.9969808065559629,94425.32942909002,129835.79706993666,0.7272661621514066,0.7259004712104797,0.7273920476436615,0.7284056544303894,0.7272661621514066,0.7259004712104797,0.7273920476436615,0.7284056544303894
fundus_seed0_lcrseg_v0_1_full200e,/home/jiangsuiyang/SSL_CL/runs/fundus_seed0_lcrseg_v0_1_full200e/checkpoint_final_site0_REFUGE.pt,checkpoint_final_site0_REFUGE.pt,lcrseg_v0_1,REFUGE,0,learnability,0,8,129836,129836,1.0,0.9961797960504021,94692.19314694405,129835.96869541935,0.7293215529355807,0.7287869453430176,0.729367196559906,0.7297739088535309,0.7293215529355807,0.7287869453430176,0.729367196559906,0.7297739088535309
fundus_seed0_lcrseg_v0_1_full200e,/home/jiangsuiyang/SSL_CL/runs/fundus_seed0_lcrseg_v0_1_full200e/checkpoint_final_site0_REFUGE.pt,checkpoint_final_site0_REFUGE.pt,lcrseg_v0_1,REFUGE,0,learnability,0,9,129836,129836,1.0,0.9927909054499523,94810.01854330301,129834.6421296719,0.7302290469769788,0.7299332022666931,0.730191171169281,0.7304637432098389,0.7302290469769788,0.7299332022666931,0.730191171169281,0.7304637432098389
fundus_seed0_lcrseg_v0_1_full200e,/home/jiangsuiyang/SSL_CL/runs/fundus_seed0_lcrseg_v0_1_full200e/checkpoint_final_site0_REFUGE.pt,checkpoint_final_site0_REFUGE.pt,lcrseg_v0_1,REFUGE,0,learnability,1,0,13395,2759,0.20597237775289287,0.46248640811888364,221.29336460027844,2669.339108621633,0.01652059459501892,0.0,0.0,0.0842024803161621,0.01652059459501892,0.0,0.0,0.0842024803161621
fundus_seed0_lcrseg_v0_1_full200e,/home/jiangsuiyang/SSL_CL/runs/fundus_seed0_lcrseg_v0_1_full200e/checkpoint_final_site0_REFUGE.pt,checkpoint_final_site0_REFUGE.pt,lcrseg_v0_1,REFUGE,0,learnability,1,1,13395,13395,1.0,0.5782754759238522,2454.1093228906393,12501.502117302798,0.183210849039988,0.11617392152547837,0.18289658427238464,0.25164581537246705,0.183210849039988,0.11617392152547837,0.18289658427238464,0.25164581537246705
fundus_seed0_lcrseg_v0_1_full200e,/home/jiangsuiyang/SSL_CL/runs/fundus_seed0_lcrseg_v0_1_full200e/checkpoint_final_site0_REFUGE.pt,checkpoint_final_site0_REFUGE.pt,lcrseg_v0_1,REFUGE,0,learnability,1,2,13395,13395,1.0,0.6746547219111608,4911.48487791419,13088.180314175017,0.3666655377315558,0.28906903266906736,0.3667445778846741,0.4440131545066834,0.3666655377315558,0.28906903266906736,0.3667445778846741,0.4440131545066834
fundus_seed0_lcrseg_v0_1_full200e,/home/jiangsuiyang/SSL_CL/runs/fundus_seed0_lcrseg_v0_1_full200e/checkpoint_final_site0_REFUGE.pt,checkpoint_final_site0_REFUGE.pt,lcrseg_v0_1,REFUGE,0,learnability,1,3,13395,13395,1.0,0.753564762971258,7220.829735159874,13318.27518895589,0.5390690358462019,0.4795474410057068,0.5418410301208496,0.5928360342979431,0.5390690358462019,0.4795474410057068,0.5418410301208496,0.5928360342979431
fundus_seed0_lcrseg_v0_1_full200e,/home/jiangsuiyang/SSL_CL/runs/fundus_seed0_lcrseg_v0_1_full200e/checkpoint_final_site0_REFUGE.pt,checkpoint_final_site0_REFUGE.pt,lcrseg_v0_1,REFUGE,0,learnability,1,4,13395,13395,1.0,0.828742067935797,8644.46307450533,13380.844241339313,0.6453499868984941,0.614325225353241,0.6477236151695251,0.6722110152244568,0.6453499868984941,0.614325225353241,0.6477236151695251,0.6722110152244568
fundus_seed0_lcrseg_v0_1_full200e,/home/jiangsuiyang/SSL_CL/runs/fundus_seed0_lcrseg_v0_1_full200e/checkpoint_final_site0_REFUGE.pt,checkpoint_final_site0_REFUGE.pt,lcrseg_v0_1,REFUGE,0,learnability,1,5,13394,13394,1.0,0.8709870091085561,9306.126124560833,13391.870079866476,0.6947981278602982,0.6817012369632721,0.695953905582428,0.7058077454566956,0.6947981278602982,0.6817012369632721,0.695953905582428,0.7058077454566956
fundus_seed0_lcrseg_v0_1_full200e,/home/jiangsuiyang/SSL_CL/runs/fundus_seed0_lcrseg_v0_1_full200e/checkpoint_final_site0_REFUGE.pt,checkpoint_final_site0_REFUGE.pt,lcrseg_v0_1,REFUGE,0,learnability,1,6,13394,13394,1.0,0.9019710318052859,9575.221570551395,13393.666647984277,0.7148888734173059,0.7095599234104156,0.7153497040271759,0.7194075882434845,0.7148888734173059,0.7095599234104156,0.7153497040271759,0.7194075882434845
fundus_seed0_lcrseg_v0_1_full200e,/home/jiangsuiyang/SSL_CL/runs/fundus_seed0_lcrseg_v0_1_full200e/checkpoint_final_site0_REFUGE.pt,checkpoint_final_site0_REFUGE.pt,lcrseg_v0_1,REFUGE,0,learnability,1,7,13394,13394,1.0,0.9197401821711214,9688.599989056587,13393.934579296701,0.7233537396637739,0.720996618270874,0.7235248982906342,0.7254051387310028,0.7233537396637739,0.720996618270874,0.7235248982906342,0.7254051387310028
fundus_seed0_lcrseg_v0_1_full200e,/home/jiangsuiyang/SSL_CL/runs/fundus_seed0_lcrseg_v0_1_full200e/checkpoint_final_site0_REFUGE.pt,checkpoint_final_site0_REFUGE.pt,lcrseg_v0_1,REFUGE,0,learnability,1,8,13394,13394,1.0,0.9372853516499925,9742.813165903091,13393.981838549817,0.7274013114755182,0.7261567890644074,0.7274606823921204,0.7285122215747833,0.7274013114755182,0.7261567890644074,0.7274606823921204,0.7285122215747833
fundus_seed0_lcrseg_v0_1_full200e,/home/jiangsuiyang/SSL_CL/runs/fundus_seed0_lcrseg_v0_1_full200e/checkpoint_final_site0_REFUGE.pt,checkpoint_final_site0_REFUGE.pt,lcrseg_v0_1,REFUGE,0,learnability,1,9,13394,13394,1.0,0.9040615200836195,9841.189379692078,13375.103715730558,0.7347461086824009,0.7289491891860962,0.729738175868988,0.7305353283882141,0.7347461086824009,0.7289491891860962,0.729738175868988,0.7305353283882141
fundus_seed0_lcrseg_v0_1_full200e,/home/jiangsuiyang/SSL_CL/runs/fundus_seed0_lcrseg_v0_1_full200e/checkpoint_final_site0_REFUGE.pt,checkpoint_final_site0_REFUGE.pt,lcrseg_v0_1,REFUGE,0,learnability,2,0,4226,1558,0.36867013724562236,0.5121951219512195,169.5369197865948,1478.1684242919916,0.040117586319591766,0.0,0.0,0.12815729528665543,0.040117586319591766,0.0,0.0,0.12815729528665543
fundus_seed0_lcrseg_v0_1_full200e,/home/jiangsuiyang/SSL_CL/runs/fundus_seed0_lcrseg_v0_1_full200e/checkpoint_final_site0_REFUGE.pt,checkpoint_final_site0_REFUGE.pt,lcrseg_v0_1,REFUGE,0,learnability,2,1,4226,4226,1.0,0.626360624704212,977.9761877059937,4033.7178838570453,0.2314188801954552,0.16286179423332214,0.22956287115812302,0.30167096853256226,0.2314188801954552,0.16286179423332214,0.22956287115812302,0.30167096853256226
fundus_seed0_lcrseg_v0_1_full200e,/home/jiangsuiyang/SSL_CL/runs/fundus_seed0_lcrseg_v0_1_full200e/checkpoint_final_site0_REFUGE.pt,checkpoint_final_site0_REFUGE.pt,lcrseg_v0_1,REFUGE,0,learnability,2,2,4226,4226,1.0,0.6973497397065783,1782.5511813163757,4152.330804587748,0.42180576936024033,0.34245172142982483,0.4235338121652603,0.49789050221443176,0.42180576936024033,0.34245172142982483,0.4235338121652603,0.49789050221443176
fundus_seed0_lcrseg_v0_1_full200e,/home/jiangsuiyang/SSL_CL/runs/fundus_seed0_lcrseg_v0_1_full200e/checkpoint_final_site0_REFUGE.pt,checkpoint_final_site0_REFUGE.pt,lcrseg_v0_1,REFUGE,0,learnability,2,3,4226,4226,1.0,0.7879791765262659,2457.1462356448174,4210.414393662062,0.5814354556660714,0.5298086106777191,0.5840068757534027,0.6275165677070618,0.5814354556660714,0.5298086106777191,0.5840068757534027,0.6275165677070618
fundus_seed0_lcrseg_v0_1_full200e,/home/jiangsuiyang/SSL_CL/runs/fundus_seed0_lcrseg_v0_1_full200e/checkpoint_final_site0_REFUGE.pt,checkpoint_final_site0_REFUGE.pt,lcrseg_v0_1,REFUGE,0,learnability,2,4,4226,4226,1.0,0.8596781826786559,2827.2255291342735,4223.4537553887,0.6690074607511296,0.6445636749267578,0.6708379685878754,0.6897188127040863,0.6690074607511296,0.6445636749267578,0.6708379685878754,0.6897188127040863
fundus_seed0_lcrseg_v0_1_full200e,/home/jiangsuiyang/SSL_CL/runs/fundus_seed0_lcrseg_v0_1_full200e/checkpoint_final_site0_REFUGE.pt,checkpoint_final_site0_REFUGE.pt,lcrseg_v0_1,REFUGE,0,learnability,2,5,4225,4225,1.0,0.9133727810650888,2986.2803558707237,4224.63141760189,0.7068119185492837,0.6968991160392761,0.7077040672302246,0.7150872468948364,0.7068119185492837,0.6968991160392761,0.7077040672302246,0.7150872468948364
fundus_seed0_lcrseg_v0_1_full200e,/home/jiangsuiyang/SSL_CL/runs/fundus_seed0_lcrseg_v0_1_full200e/checkpoint_final_site0_REFUGE.pt,checkpoint_final_site0_REFUGE.pt,lcrseg_v0_1,REFUGE,0,learnability,2,6,4225,4225,1.0,0.9431952662721893,3049.3867221474648,4224.946432021848,0.7217483366029502,0.717869508266449,0.7220961451530457,0.7249575972557067,0.7217483366029502,0.717869508266449,0.7220961451530457,0.7249575972557067
fundus_seed0_lcrseg_v0_1_full200e,/home/jiangsuiyang/SSL_CL/runs/fundus_seed0_lcrseg_v0_1_full200e/checkpoint_final_site0_REFUGE.pt,checkpoint_final_site0_REFUGE.pt,lcrseg_v0_1,REFUGE,0,learnability,2,7,4225,4225,1.0,0.9666272189349112,3073.867932200432,4224.992145487164,0.727542705846256,0.7260472536087036,0.7276747226715088,0.7287855744361877,0.727542705846256,0.7260472536087036,0.7276747226715088,0.7287855744361877
fundus_seed0_lcrseg_v0_1_full200e,/home/jiangsuiyang/SSL_CL/runs/fundus_seed0_lcrseg_v0_1_full200e/checkpoint_final_site0_REFUGE.pt,checkpoint_final_site0_REFUGE.pt,lcrseg_v0_1,REFUGE,0,learnability,2,8,4225,4225,1.0,0.9846153846153847,3083.257926285267,4224.9988574007475,0.7297651896533176,0.7291972756385803,0.7298182249069214,0.730238389968872,0.7297651896533176,0.7291972756385803,0.7298182249069214,0.730238389968872
fundus_seed0_lcrseg_v0_1_full200e,/home/jiangsuiyang/SSL_CL/runs/fundus_seed0_lcrseg_v0_1_full200e/checkpoint_final_site0_REFUGE.pt,checkpoint_final_site0_REFUGE.pt,lcrseg_v0_1,REFUGE,0,learnability,2,9,4225,4225,1.0,0.9789349112426036,3091.391026377678,4224.0356870962105,0.7316901837580303,0.7303951978683472,0.7306240200996399,0.7307818055152893,0.7316901837580303,0.7303951978683472,0.7306240200996399,0.7307818055152893
fundus_seed0_lcrseg_v0_1_full200e,/home/jiangsuiyang/SSL_CL/runs/fundus_seed0_lcrseg_v0_1_full200e/checkpoint_final_site1_RIM_ONE_r3.pt,checkpoint_final_site1_RIM_ONE_r3.pt,lcrseg_v0_1,RIM_ONE_r3,1,learnability,0,0,52815,50493,0.9560352172678216,0.9138098350266374,6841.871468599886,47734.32942876593,0.12954409672630665,0.08659736812114717,0.13183729350566864,0.1802787572145462,0.12954409672630665,0.08659736812114717,0.13183729350566864,0.1802787572145462
fundus_seed0_lcrseg_v0_1_full200e,/home/jiangsuiyang/SSL_CL/runs/fundus_seed0_lcrseg_v0_1_full200e/checkpoint_final_site1_RIM_ONE_r3.pt,checkpoint_final_site1_RIM_ONE_r3.pt,lcrseg_v0_1,RIM_ONE_r3,1,learnability,0,1,52814,52814,1.0,0.9715227023137805,14510.19725227356,51198.56286253821,0.2747414937757708,0.20884462296962739,0.2729544937610626,0.343941530585289,0.2747414937757708,0.20884462296962739,0.2729544937610626,0.343941530585289
fundus_seed0_lcrseg_v0_1_full200e,/home/jiangsuiyang/SSL_CL/runs/fundus_seed0_lcrseg_v0_1_full200e/checkpoint_final_site1_RIM_ONE_r3.pt,checkpoint_final_site1_RIM_ONE_r3.pt,lcrseg_v0_1,RIM_ONE_r3,1,learnability,0,2,52814,52814,1.0,0.9828454576438066,23767.589760392904,52188.186454468996,0.4500244208049552,0.38033067286014555,0.45165401697158813,0.5167109310626984,0.4500244208049552,0.38033067286014555,0.45165401697158813,0.5167109310626984
fundus_seed0_lcrseg_v0_1_full200e,/home/jiangsuiyang/SSL_CL/runs/fundus_seed0_lcrseg_v0_1_full200e/checkpoint_final_site1_RIM_ONE_r3.pt,checkpoint_final_site1_RIM_ONE_r3.pt,lcrseg_v0_1,RIM_ONE_r3,1,learnability,0,3,52814,52814,1.0,0.9873139697807399,31295.213403880596,52660.11601011492,0.5925552581489869,0.5456975162029266,0.5953815877437592,0.634190845489502,0.5925552581489869,0.5456975162029266,0.5953815877437592,0.634190845489502
fundus_seed0_lcrseg_v0_1_full200e,/home/jiangsuiyang/SSL_CL/runs/fundus_seed0_lcrseg_v0_1_full200e/checkpoint_final_site1_RIM_ONE_r3.pt,checkpoint_final_site1_RIM_ONE_r3.pt,lcrseg_v0_1,RIM_ONE_r3,1,learnability,0,4,52814,52814,1.0,0.988942325898436,35522.2339707613,52786.56856094845,0.6725912441920949,0.6497953712940217,0.6743775606155396,0.6920761704444885,0.6725912441920949,0.6497953712940217,0.6743775606155396,0.6920761704444885
fundus_seed0_lcrseg_v0_1_full200e,/home/jiangsuiyang/SSL_CL/runs/fundus_seed0_lcrseg_v0_1_full200e/checkpoint_final_site1_RIM_ONE_r3.pt,checkpoint_final_site1_RIM_ONE_r3.pt,lcrseg_v0_1,RIM_ONE_r3,1,learnability,0,5,52814,52814,1.0,0.9908168288711326,37407.0181363225,52809.821962565096,0.7082784514773072,0.6988267481327057,0.7091208696365356,0.7161813676357269,0.7082784514773072,0.6988267481327057,0.7091208696365356,0.7161813676357269
fundus_seed0_lcrseg_v0_1_full200e,/home/jiangsuiyang/SSL_CL/runs/fundus_seed0_lcrseg_v0_1_full200e/checkpoint_final_site1_RIM_ONE_r3.pt,checkpoint_final_site1_RIM_ONE_r3.pt,lcrseg_v0_1,RIM_ONE_r3,1,learnability,0,6,52814,52814,1.0,0.9929942818192146,38155.46290320158,52813.410808699766,0.7224497842087625,0.7188216388225556,0.7227846086025238,0.7254649043083191,0.7224497842087625,0.7188216388225556,0.7227846086025238,0.7254649043083191
fundus_seed0_lcrseg_v0_1_full200e,/home/jiangsuiyang/SSL_CL/runs/fundus_seed0_lcrseg_v0_1_full200e/checkpoint_final_site1_RIM_ONE_r3.pt,checkpoint_final_site1_RIM_ONE_r3.pt,lcrseg_v0_1,RIM_ONE_r3,1,learnability,0,7,52814,52814,1.0,0.9935055099026773,38438.99627447128,52813.91868683085,0.7278183109492045,0.7264586687088013,0.7279445827007294,0.7289448976516724,0.7278183109492045,0.7264586687088013,0.7279445827007294,0.7289448976516724
fundus_seed0_lcrseg_v0_1_full200e,/home/jiangsuiyang/SSL_CL/runs/fundus_seed0_lcrseg_v0_1_full200e/checkpoint_final_site1_RIM_ONE_r3.pt,checkpoint_final_site1_RIM_ONE_r3.pt,lcrseg_v0_1,RIM_ONE_r3,1,learnability,0,8,52814,52814,1.0,0.9951717347672966,38544.90031886101,52813.988706880904,0.7298235376767714,0.7293156385421753,0.7298697233200073,0.730245053768158,0.7298235376767714,0.7293156385421753,0.7298697233200073,0.730245053768158
fundus_seed0_lcrseg_v0_1_full200e,/home/jiangsuiyang/SSL_CL/runs/fundus_seed0_lcrseg_v0_1_full200e/checkpoint_final_site1_RIM_ONE_r3.pt,checkpoint_final_site1_RIM_ONE_r3.pt,lcrseg_v0_1,RIM_ONE_r3,1,learnability,0,9,52814,52814,1.0,0.993429772408831,38588.063932061195,52813.12937277599,0.7306408136490551,0.7303849458694458,0.730597734451294,0.7307520508766174,0.7306408136490551,0.7303849458694458,0.730597734451294,0.7307520508766174
fundus_seed0_lcrseg_v0_1_full200e,/home/jiangsuiyang/SSL_CL/runs/fundus_seed0_lcrseg_v0_1_full200e/checkpoint_final_site1_RIM_ONE_r3.pt,checkpoint_final_site1_RIM_ONE_r3.pt,lcrseg_v0_1,RIM_ONE_r3,1,learnability,1,0,3667,978,0.26670302699754567,0.523517382413088,89.42429960891604,925.1398430008317,0.02438622841803001,0.0,0.0,0.10118013918399811,0.02438622841803001,0.0,0.0,0.10118013918399811
fundus_seed0_lcrseg_v0_1_full200e,/home/jiangsuiyang/SSL_CL/runs/fundus_seed0_lcrseg_v0_1_full200e/checkpoint_final_site1_RIM_ONE_r3.pt,checkpoint_final_site1_RIM_ONE_r3.pt,lcrseg_v0_1,RIM_ONE_r3,1,learnability,1,1,3667,3667,1.0,0.6373056994818653,833.8552407473326,3426.7721526888736,0.22739439344077791,0.14422378838062286,0.22716085612773895,0.3117144048213959,0.22739439344077791,0.14422378838062286,0.22716085612773895,0.3117144048213959
fundus_seed0_lcrseg_v0_1_full200e,/home/jiangsuiyang/SSL_CL/runs/fundus_seed0_lcrseg_v0_1_full200e/checkpoint_final_site1_RIM_ONE_r3.pt,checkpoint_final_site1_RIM_ONE_r3.pt,lcrseg_v0_1,RIM_ONE_r3,1,learnability,1,2,3667,3667,1.0,0.7199345514044178,1560.4560182392597,3611.2617642052896,0.4255402285899263,0.3500686585903168,0.4279051423072815,0.49574955701828005,0.4255402285899263,0.3500686585903168,0.4279051423072815,0.49574955701828005
fundus_seed0_lcrseg_v0_1_full200e,/home/jiangsuiyang/SSL_CL/runs/fundus_seed0_lcrseg_v0_1_full200e/checkpoint_final_site1_RIM_ONE_r3.pt,checkpoint_final_site1_RIM_ONE_r3.pt,lcrseg_v0_1,RIM_ONE_r3,1,learnability,1,3,3666,3666,1.0,0.75177304964539,2096.4092460870743,3654.0313466531798,0.5718519492872544,0.5249896943569183,0.5742456316947937,0.6158785820007324,0.5718519492872544,0.5249896943569183,0.5742456316947937,0.6158785820007324
fundus_seed0_lcrseg_v0_1_full200e,/home/jiangsuiyang/SSL_CL/runs/fundus_seed0_lcrseg_v0_1_full200e/checkpoint_final_site1_RIM_ONE_r3.pt,checkpoint_final_site1_RIM_ONE_r3.pt,lcrseg_v0_1,RIM_ONE_r3,1,learnability,1,4,3666,3666,1.0,0.7656846699399891,2407.887913107872,3663.631702045473,0.6568161246884539,0.6327047049999237,0.6578070223331451,0.6793535351753235,0.6568161246884539,0.6327047049999237,0.6578070223331451,0.6793535351753235
fundus_seed0_lcrseg_v0_1_full200e,/home/jiangsuiyang/SSL_CL/runs/fundus_seed0_lcrseg_v0_1_full200e/checkpoint_final_site1_RIM_ONE_r3.pt,checkpoint_final_site1_RIM_ONE_r3.pt,lcrseg_v0_1,RIM_ONE_r3,1,learnability,1,5,3666,3666,1.0,0.7689579923622477,2567.734835743904,3665.5165090726814,0.700418667687917,0.6882734000682831,0.7016232311725616,0.7103784084320068,0.700418667687917,0.6882734000682831,0.7016232311725616,0.7103784084320068
fundus_seed0_lcrseg_v0_1_full200e,/home/jiangsuiyang/SSL_CL/runs/fundus_seed0_lcrseg_v0_1_full200e/checkpoint_final_site1_RIM_ONE_r3.pt,checkpoint_final_site1_RIM_ONE_r3.pt,lcrseg_v0_1,RIM_ONE_r3,1,learnability,1,6,3666,3666,1.0,0.7907801418439716,2633.0417786240578,3665.929724672894,0.7182328910594811,0.7135879099369049,0.7186002731323242,0.7222318351268768,0.7182328910594811,0.7135879099369049,0.7186002731323242,0.7222318351268768
fundus_seed0_lcrseg_v0_1_full200e,/home/jiangsuiyang/SSL_CL/runs/fundus_seed0_lcrseg_v0_1_full200e/checkpoint_final_site1_RIM_ONE_r3.pt,checkpoint_final_site1_RIM_ONE_r3.pt,lcrseg_v0_1,RIM_ONE_r3,1,learnability,1,7,3666,3666,1.0,0.8240589198036007,2659.8767536878586,3665.988112053214,0.7255528515242385,0.7235996425151825,0.7257041335105896,0.7272213101387024,0.7255528515242385,0.7235996425151825,0.7257041335105896,0.7272213101387024
fundus_seed0_lcrseg_v0_1_full200e,/home/jiangsuiyang/SSL_CL/runs/fundus_seed0_lcrseg_v0_1_full200e/checkpoint_final_site1_RIM_ONE_r3.pt,checkpoint_final_site1_RIM_ONE_r3.pt,lcrseg_v0_1,RIM_ONE_r3,1,learnability,1,8,3666,3666,1.0,0.8712493180578287,2671.571695148945,3665.997332779945,0.7287429610335365,0.7278279662132263,0.7288090586662292,0.729540079832077,0.7287429610335365,0.7278279662132263,0.7288090586662292,0.729540079832077
fundus_seed0_lcrseg_v0_1_full200e,/home/jiangsuiyang/SSL_CL/runs/fundus_seed0_lcrseg_v0_1_full200e/checkpoint_final_site1_RIM_ONE_r3.pt,checkpoint_final_site1_RIM_ONE_r3.pt,lcrseg_v0_1,RIM_ONE_r3,1,learnability,1,9,3666,3666,1.0,0.8576104746317512,2677.8025770783424,3665.8584447993726,0.7304426014943651,0.7298298478126526,0.7303083539009094,0.7306632995605469,0.7304426014943651,0.7298298478126526,0.7303083539009094,0.7306632995605469
fundus_seed0_lcrseg_v0_1_full200e,/home/jiangsuiyang/SSL_CL/runs/fundus_seed0_lcrseg_v0_1_full200e/checkpoint_final_site1_RIM_ONE_r3.pt,checkpoint_final_site1_RIM_ONE_r3.pt,lcrseg_v0_1,RIM_ONE_r3,1,learnability,2,0,1581,0,0.0,nan,0.0,0.0,0.0,0.0,0.0,0.0,0.0,0.0,0.0,0.0
fundus_seed0_lcrseg_v0_1_full200e,/home/jiangsuiyang/SSL_CL/runs/fundus_seed0_lcrseg_v0_1_full200e/checkpoint_final_site1_RIM_ONE_r3.pt,checkpoint_final_site1_RIM_ONE_r3.pt,lcrseg_v0_1,RIM_ONE_r3,1,learnability,2,1,1581,1482,0.937381404174573,0.5195681511470985,197.54270888771862,1374.8530968420819,0.12494794996060633,0.06952831149101257,0.12804658710956573,0.1839538961648941,0.12494794996060633,0.06952831149101257,0.12804658710956573,0.1839538961648941
fundus_seed0_lcrseg_v0_1_full200e,/home/jiangsuiyang/SSL_CL/runs/fundus_seed0_lcrseg_v0_1_full200e/checkpoint_final_site1_RIM_ONE_r3.pt,checkpoint_final_site1_RIM_ONE_r3.pt,lcrseg_v0_1,RIM_ONE_r3,1,learnability,2,2,1581,1581,1.0,0.6306135357368754,447.82401244342327,1532.534528130122,0.28325364480924936,0.21482248604297638,0.2827100157737732,0.35499539971351624,0.28325364480924936,0.21482248604297638,0.2827100157737732,0.35499539971351624
fundus_seed0_lcrseg_v0_1_full200e,/home/jiangsuiyang/SSL_CL/runs/fundus_seed0_lcrseg_v0_1_full200e/checkpoint_final_site1_RIM_ONE_r3.pt,checkpoint_final_site1_RIM_ONE_r3.pt,lcrseg_v0_1,RIM_ONE_r3,1,learnability,2,3,1581,1581,1.0,0.7210626185958254,739.4010162055492,1560.6400869306249,0.4676793271382348,0.39126917719841003,0.4710163176059723,0.5388863682746887,0.4676793271382348,0.39126917719841003,0.4710163176059723,0.5388863682746887
fundus_seed0_lcrseg_v0_1_full200e,/home/jiangsuiyang/SSL_CL/runs/fundus_seed0_lcrseg_v0_1_full200e/checkpoint_final_site1_RIM_ONE_r3.pt,checkpoint_final_site1_RIM_ONE_r3.pt,lcrseg_v0_1,RIM_ONE_r3,1,learnability,2,4,1580,1580,1.0,0.8,972.3318567872047,1575.8021826595716,0.6153999093589904,0.5690545797348022,0.6195246875286102,0.6556921303272247,0.6153999093589904,0.5690545797348022,0.6195246875286102,0.6556921303272247
fundus_seed0_lcrseg_v0_1_full200e,/home/jiangsuiyang/SSL_CL/runs/fundus_seed0_lcrseg_v0_1_full200e/checkpoint_final_site1_RIM_ONE_r3.pt,checkpoint_final_site1_RIM_ONE_r3.pt,lcrseg_v0_1,RIM_ONE_r3,1,learnability,2,5,1580,1580,1.0,0.8620253164556962,1089.9059849977493,1579.4439735059636,0.6898139145555375,0.6702868282794953,0.6919585466384888,0.7058297038078308,0.6898139145555375,0.6702868282794953,0.6919585466384888,0.7058297038078308
fundus_seed0_lcrseg_v0_1_full200e,/home/jiangsuiyang/SSL_CL/runs/fundus_seed0_lcrseg_v0_1_full200e/checkpoint_final_site1_RIM_ONE_r3.pt,checkpoint_final_site1_RIM_ONE_r3.pt,lcrseg_v0_1,RIM_ONE_r3,1,learnability,2,6,1580,1580,1.0,0.8879746835443038,1133.8147330284119,1579.9414746891039,0.7176042614103872,0.7109066903591156,0.718309074640274,0.7230151355266571,0.7176042614103872,0.7109066903591156,0.718309074640274,0.7230151355266571
fundus_seed0_lcrseg_v0_1_full200e,/home/jiangsuiyang/SSL_CL/runs/fundus_seed0_lcrseg_v0_1_full200e/checkpoint_final_site1_RIM_ONE_r3.pt,checkpoint_final_site1_RIM_ONE_r3.pt,lcrseg_v0_1,RIM_ONE_r3,1,learnability,2,7,1580,1580,1.0,0.9018987341772152,1148.3092585206032,1579.9940052846919,0.7267780117219007,0.7246180295944213,0.7270262539386749,0.7285186231136322,0.7267780117219007,0.7246180295944213,0.7270262539386749,0.7285186231136322
fundus_seed0_lcrseg_v0_1_full200e,/home/jiangsuiyang/SSL_CL/runs/fundus_seed0_lcrseg_v0_1_full200e/checkpoint_final_site1_RIM_ONE_r3.pt,checkpoint_final_site1_RIM_ONE_r3.pt,lcrseg_v0_1,RIM_ONE_r3,1,learnability,2,8,1580,1580,1.0,0.8968354430379747,1152.9616386294365,1579.9993973936264,0.72972255609458,0.729030168056488,0.7297933995723724,0.7302759349346161,0.72972255609458,0.729030168056488,0.7297933995723724,0.7302759349346161
fundus_seed0_lcrseg_v0_1_full200e,/home/jiangsuiyang/SSL_CL/runs/fundus_seed0_lcrseg_v0_1_full200e/checkpoint_final_site1_RIM_ONE_r3.pt,checkpoint_final_site1_RIM_ONE_r3.pt,lcrseg_v0_1,RIM_ONE_r3,1,learnability,2,9,1580,1580,1.0,0.8607594936708861,1157.2231001853943,1579.5357506974583,0.732419683661642,0.7304440438747406,0.7306798994541168,0.7308095693588257,0.732419683661642,0.7304440438747406,0.7306798994541168,0.7308095693588257
fundus_seed0_lcrseg_v0_1_full200e,/home/jiangsuiyang/SSL_CL/runs/fundus_seed0_lcrseg_v0_1_full200e/checkpoint_final_site1_RIM_ONE_r3.pt,checkpoint_final_site1_RIM_ONE_r3.pt,lcrseg_v0_1,RIM_ONE_r3,1,compatibility,0,0,51609,51609,1.0,0.8273363173089965,39552.65630829148,43368.05290177895,0.766390674267889,0.0,0.9490740895271301,0.9908779740333558,0.766390674267889,0.0,0.9490740895271301,0.9908779740333558
fundus_seed0_lcrseg_v0_1_full200e,/home/jiangsuiyang/SSL_CL/runs/fundus_seed0_lcrseg_v0_1_full200e/checkpoint_final_site1_RIM_ONE_r3.pt,checkpoint_final_site1_RIM_ONE_r3.pt,lcrseg_v0_1,RIM_ONE_r3,1,compatibility,0,1,51609,51609,1.0,0.9781045941599333,51349.41615229845,51608.928208393714,0.9949701825708394,0.9931141614913941,0.995265781879425,0.9962841272354126,0.9949701825708394,0.9931141614913941,0.995265781879425,0.9962841272354126
fundus_seed0_lcrseg_v0_1_full200e,/home/jiangsuiyang/SSL_CL/runs/fundus_seed0_lcrseg_v0_1_full200e/checkpoint_final_site1_RIM_ONE_r3.pt,checkpoint_final_site1_RIM_ONE_r3.pt,lcrseg_v0_1,RIM_ONE_r3,1,compatibility,0,2,51609,51609,1.0,0.9874828033870061,51458.152723670006,51608.99472078118,0.9970771129777753,0.9966098666191101,0.9971100091934204,0.9974880218505859,0.9970771129777753,0.9966098666191101,0.9971100091934204,0.9974880218505859
fundus_seed0_lcrseg_v0_1_full200e,/home/jiangsuiyang/SSL_CL/runs/fundus_seed0_lcrseg_v0_1_full200e/checkpoint_final_site1_RIM_ONE_r3.pt,checkpoint_final_site1_RIM_ONE_r3.pt,lcrseg_v0_1,RIM_ONE_r3,1,compatibility,0,3,51609,51609,1.0,0.996667247960627,51498.25188243389,51608.99886817244,0.997854092937935,0.9976367354393005,0.9978675842285156,0.998045027256012,0.997854092937935,0.9976367354393005,0.9978675842285156,0.998045027256012
fundus_seed0_lcrseg_v0_1_full200e,/home/jiangsuiyang/SSL_CL/runs/fundus_seed0_lcrseg_v0_1_full200e/checkpoint_final_site1_RIM_ONE_r3.pt,checkpoint_final_site1_RIM_ONE_r3.pt,lcrseg_v0_1,RIM_ONE_r3,1,compatibility,0,4,51609,51609,1.0,0.9981011063961712,51517.323369026184,51608.99971489452,0.998223630936972,0.9981154799461365,0.9982298016548157,0.9983202815055847,0.998223630936972,0.9981154799461365,0.9982298016548157,0.9983202815055847
fundus_seed0_lcrseg_v0_1_full200e,/home/jiangsuiyang/SSL_CL/runs/fundus_seed0_lcrseg_v0_1_full200e/checkpoint_final_site1_RIM_ONE_r3.pt,checkpoint_final_site1_RIM_ONE_r3.pt,lcrseg_v0_1,RIM_ONE_r3,1,compatibility,0,5,51609,51609,1.0,0.9988761650099789,51528.3703674674,51608.999841070465,0.9984376827194366,0.9983607411384583,0.9984380602836609,0.9985142350196838,0.9984376827194366,0.9983607411384583,0.9984380602836609,0.9985142350196838
fundus_seed0_lcrseg_v0_1_full200e,/home/jiangsuiyang/SSL_CL/runs/fundus_seed0_lcrseg_v0_1_full200e/checkpoint_final_site1_RIM_ONE_r3.pt,checkpoint_final_site1_RIM_ONE_r3.pt,lcrseg_v0_1,RIM_ONE_r3,1,compatibility,0,6,51609,51609,1.0,0.9982367416535876,51538.3881174922,51608.999833625945,0.9986317913056288,0.9985535740852356,0.998631477355957,0.9987103343009949,0.9986317913056288,0.9985535740852356,0.998631477355957,0.9987103343009949
fundus_seed0_lcrseg_v0_1_full200e,/home/jiangsuiyang/SSL_CL/runs/fundus_seed0_lcrseg_v0_1_full200e/checkpoint_final_site1_RIM_ONE_r3.pt,checkpoint_final_site1_RIM_ONE_r3.pt,lcrseg_v0_1,RIM_ONE_r3,1,compatibility,0,7,51609,51609,1.0,0.998585518029801,51548.81720107794,51608.999810054156,0.9988338700823101,0.9987511038780212,0.9988328218460083,0.9989186525344849,0.9988338700823101,0.9987511038780212,0.9988328218460083,0.9989186525344849
fundus_seed0_lcrseg_v0_1_full200e,/home/jiangsuiyang/SSL_CL/runs/fundus_seed0_lcrseg_v0_1_full200e/checkpoint_final_site1_RIM_ONE_r3.pt,checkpoint_final_site1_RIM_ONE_r3.pt,lcrseg_v0_1,RIM_ONE_r3,1,compatibility,0,8,51609,51609,1.0,0.9975198124358154,51562.01504677534,51608.99952717427,0.9990895976820969,0.9989664435386658,0.9990805387496948,0.9992309808731079,0.9990895976820969,0.9989664435386658,0.9990805387496948,0.9992309808731079
fundus_seed0_lcrseg_v0_1_full200e,/home/jiangsuiyang/SSL_CL/runs/fundus_seed0_lcrseg_v0_1_full200e/checkpoint_final_site1_RIM_ONE_r3.pt,checkpoint_final_site1_RIM_ONE_r3.pt,lcrseg_v0_1,RIM_ONE_r3,1,compatibility,0,9,51608,51608,1.0,0.9932374825608433,51586.38694125414,51607.99810388618,0.9995812072014831,0.9993269443511963,0.9995671510696411,0.9998535513877869,0.9995812072014831,0.9993269443511963,0.9995671510696411,0.9998535513877869
fundus_seed0_lcrseg_v0_1_full200e,/home/jiangsuiyang/SSL_CL/runs/fundus_seed0_lcrseg_v0_1_full200e/checkpoint_final_site1_RIM_ONE_r3.pt,checkpoint_final_site1_RIM_ONE_r3.pt,lcrseg_v0_1,RIM_ONE_r3,1,compatibility,1,0,4059,4059,1.0,0.08967726040896773,0.0,0.0,0.0,0.0,0.0,0.0,0.0,0.0,0.0,0.0
fundus_seed0_lcrseg_v0_1_full200e,/home/jiangsuiyang/SSL_CL/runs/fundus_seed0_lcrseg_v0_1_full200e/checkpoint_final_site1_RIM_ONE_r3.pt,checkpoint_final_site1_RIM_ONE_r3.pt,lcrseg_v0_1,RIM_ONE_r3,1,compatibility,1,1,4059,4059,1.0,0.19462921901946292,0.0,0.0,0.0,0.0,0.0,0.0,0.0,0.0,0.0,0.0
fundus_seed0_lcrseg_v0_1_full200e,/home/jiangsuiyang/SSL_CL/runs/fundus_seed0_lcrseg_v0_1_full200e/checkpoint_final_site1_RIM_ONE_r3.pt,checkpoint_final_site1_RIM_ONE_r3.pt,lcrseg_v0_1,RIM_ONE_r3,1,compatibility,1,2,4059,4059,1.0,0.1325449618132545,0.0,0.0,0.0,0.0,0.0,0.0,0.0,0.0,0.0,0.0
fundus_seed0_lcrseg_v0_1_full200e,/home/jiangsuiyang/SSL_CL/runs/fundus_seed0_lcrseg_v0_1_full200e/checkpoint_final_site1_RIM_ONE_r3.pt,checkpoint_final_site1_RIM_ONE_r3.pt,lcrseg_v0_1,RIM_ONE_r3,1,compatibility,1,3,4059,4059,1.0,0.14757329391475732,0.0,0.0,0.0,0.0,0.0,0.0,0.0,0.0,0.0,0.0
fundus_seed0_lcrseg_v0_1_full200e,/home/jiangsuiyang/SSL_CL/runs/fundus_seed0_lcrseg_v0_1_full200e/checkpoint_final_site1_RIM_ONE_r3.pt,checkpoint_final_site1_RIM_ONE_r3.pt,lcrseg_v0_1,RIM_ONE_r3,1,compatibility,1,4,4059,4059,1.0,0.34023158413402316,432.6094639021903,1290.5666099931395,0.10658030645533144,0.0,0.0,0.379721736907959,0.10658030645533144,0.0,0.0,0.379721736907959
fundus_seed0_lcrseg_v0_1_full200e,/home/jiangsuiyang/SSL_CL/runs/fundus_seed0_lcrseg_v0_1_full200e/checkpoint_final_site1_RIM_ONE_r3.pt,checkpoint_final_site1_RIM_ONE_r3.pt,lcrseg_v0_1,RIM_ONE_r3,1,compatibility,1,5,4059,4059,1.0,0.6949987681694999,2446.8196660280228,3972.431056108413,0.6028134185829078,0.4712940096855164,0.6114512085914612,0.7171621561050415,0.6028134185829078,0.4712940096855164,0.6114512085914612,0.7171621561050415
fundus_seed0_lcrseg_v0_1_full200e,/home/jiangsuiyang/SSL_CL/runs/fundus_seed0_lcrseg_v0_1_full200e/checkpoint_final_site1_RIM_ONE_r3.pt,checkpoint_final_site1_RIM_ONE_r3.pt,lcrseg_v0_1,RIM_ONE_r3,1,compatibility,1,6,4059,4059,1.0,0.741069228874107,3395.916693508625,4040.4644197529315,0.8366387517882792,0.7483189821243286,0.8318804502487183,0.9084651112556458,0.8366387517882792,0.7483189821243286,0.8318804502487183,0.9084651112556458
fundus_seed0_lcrseg_v0_1_full200e,/home/jiangsuiyang/SSL_CL/runs/fundus_seed0_lcrseg_v0_1_full200e/checkpoint_final_site1_RIM_ONE_r3.pt,checkpoint_final_site1_RIM_ONE_r3.pt,lcrseg_v0_1,RIM_ONE_r3,1,compatibility,1,7,4059,4059,1.0,0.7987188962798719,3903.2764788866043,4056.686528826144,0.9616350034211886,0.9166056394577027,0.9704543948173523,0.983965528011322,0.9616350034211886,0.9166056394577027,0.9704543948173523,0.983965528011322
fundus_seed0_lcrseg_v0_1_full200e,/home/jiangsuiyang/SSL_CL/runs/fundus_seed0_lcrseg_v0_1_full200e/checkpoint_final_site1_RIM_ONE_r3.pt,checkpoint_final_site1_RIM_ONE_r3.pt,lcrseg_v0_1,RIM_ONE_r3,1,compatibility,1,8,4059,4059,1.0,0.8553830992855384,4022.304826259613,4058.976668642969,0.9909595531558544,0.9873045563697815,0.991377055644989,0.9938177943229676,0.9909595531558544,0.9873045563697815,0.991377055644989,0.9938177943229676
fundus_seed0_lcrseg_v0_1_full200e,/home/jiangsuiyang/SSL_CL/runs/fundus_seed0_lcrseg_v0_1_full200e/checkpoint_final_site1_RIM_ONE_r3.pt,checkpoint_final_site1_RIM_ONE_r3.pt,lcrseg_v0_1,RIM_ONE_r3,1,compatibility,1,9,4058,4058,1.0,0.8708723509117792,4044.191822230816,4057.9911800718764,0.9965972947833455,0.9947409331798553,0.9964118599891663,0.9988212764263154,0.9965972947833455,0.9947409331798553,0.9964118599891663,0.9988212764263154
fundus_seed0_lcrseg_v0_1_full200e,/home/jiangsuiyang/SSL_CL/runs/fundus_seed0_lcrseg_v0_1_full200e/checkpoint_final_site1_RIM_ONE_r3.pt,checkpoint_final_site1_RIM_ONE_r3.pt,lcrseg_v0_1,RIM_ONE_r3,1,compatibility,2,0,2393,2393,1.0,0.13414124529878813,0.0,0.0,0.0,0.0,0.0,0.0,0.0,0.0,0.0,0.0
fundus_seed0_lcrseg_v0_1_full200e,/home/jiangsuiyang/SSL_CL/runs/fundus_seed0_lcrseg_v0_1_full200e/checkpoint_final_site1_RIM_ONE_r3.pt,checkpoint_final_site1_RIM_ONE_r3.pt,lcrseg_v0_1,RIM_ONE_r3,1,compatibility,2,1,2393,2393,1.0,0.36523192645215213,0.0,0.0,0.0,0.0,0.0,0.0,0.0,0.0,0.0,0.0
fundus_seed0_lcrseg_v0_1_full200e,/home/jiangsuiyang/SSL_CL/runs/fundus_seed0_lcrseg_v0_1_full200e/checkpoint_final_site1_RIM_ONE_r3.pt,checkpoint_final_site1_RIM_ONE_r3.pt,lcrseg_v0_1,RIM_ONE_r3,1,compatibility,2,2,2393,2393,1.0,0.06895110739657334,0.0,0.0,0.0,0.0,0.0,0.0,0.0,0.0,0.0,0.0
fundus_seed0_lcrseg_v0_1_full200e,/home/jiangsuiyang/SSL_CL/runs/fundus_seed0_lcrseg_v0_1_full200e/checkpoint_final_site1_RIM_ONE_r3.pt,checkpoint_final_site1_RIM_ONE_r3.pt,lcrseg_v0_1,RIM_ONE_r3,1,compatibility,2,3,2393,2393,1.0,0.25699958211450064,0.0,0.0,0.0,0.0,0.0,0.0,0.0,0.0,0.0,0.0
fundus_seed0_lcrseg_v0_1_full200e,/home/jiangsuiyang/SSL_CL/runs/fundus_seed0_lcrseg_v0_1_full200e/checkpoint_final_site1_RIM_ONE_r3.pt,checkpoint_final_site1_RIM_ONE_r3.pt,lcrseg_v0_1,RIM_ONE_r3,1,compatibility,2,4,2393,2393,1.0,0.4780610112829085,1246.6156157776713,2065.720951520602,0.5209425891256462,0.2232075870037079,0.5685939788818359,0.7382715821266175,0.5209425891256462,0.2232075870037079,0.5685939788818359,0.7382715821266175
fundus_seed0_lcrseg_v0_1_full200e,/home/jiangsuiyang/SSL_CL/runs/fundus_seed0_lcrseg_v0_1_full200e/checkpoint_final_site1_RIM_ONE_r3.pt,checkpoint_final_site1_RIM_ONE_r3.pt,lcrseg_v0_1,RIM_ONE_r3,1,compatibility,2,5,2393,2393,1.0,0.6280819055578771,2131.9569838047028,2383.630914397796,0.8909139088193493,0.8051373362541199,0.9062297344207764,0.9556298732757569,0.8909139088193493,0.8051373362541199,0.9062297344207764,0.9556298732757569
fundus_seed0_lcrseg_v0_1_full200e,/home/jiangsuiyang/SSL_CL/runs/fundus_seed0_lcrseg_v0_1_full200e/checkpoint_final_site1_RIM_ONE_r3.pt,checkpoint_final_site1_RIM_ONE_r3.pt,lcrseg_v0_1,RIM_ONE_r3,1,compatibility,2,6,2393,2393,1.0,0.7709987463435019,2352.075295984745,2392.856598629294,0.9828981596258859,0.9708464860916137,0.984924852848053,0.9912083148956299,0.9828981596258859,0.9708464860916137,0.984924852848053,0.9912083148956299
fundus_seed0_lcrseg_v0_1_full200e,/home/jiangsuiyang/SSL_CL/runs/fundus_seed0_lcrseg_v0_1_full200e/checkpoint_final_site1_RIM_ONE_r3.pt,checkpoint_final_site1_RIM_ONE_r3.pt,lcrseg_v0_1,RIM_ONE_r3,1,compatibility,2,7,2393,2393,1.0,0.8863351441704973,2380.6837542057037,2392.9963747117217,0.9948532194758478,0.9929526925086976,0.9951233267784119,0.9963036894798278,0.9948532194758478,0.9929526925086976,0.9951233267784119,0.9963036894798278
fundus_seed0_lcrseg_v0_1_full200e,/home/jiangsuiyang/SSL_CL/runs/fundus_seed0_lcrseg_v0_1_full200e/checkpoint_final_site1_RIM_ONE_r3.pt,checkpoint_final_site1_RIM_ONE_r3.pt,lcrseg_v0_1,RIM_ONE_r3,1,compatibility,2,8,2393,2393,1.0,0.931884663602173,2386.8355281949043,2392.999467738186,0.9974239566213557,0.9967384576797486,0.9974552989006042,0.9980449080467224,0.9974239566213557,0.9967384576797486,0.9974552989006042,0.9980449080467224
fundus_seed0_lcrseg_v0_1_full200e,/home/jiangsuiyang/SSL_CL/runs/fundus_seed0_lcrseg_v0_1_full200e/checkpoint_final_site1_RIM_ONE_r3.pt,checkpoint_final_site1_RIM_ONE_r3.pt,lcrseg_v0_1,RIM_ONE_r3,1,compatibility,2,9,2393,2393,1.0,0.8524864187212704,2390.4565238952637,2392.999405819862,0.9989371182178285,0.9983046889305115,0.99887615442276,0.9996819615364074,0.9989371182178285,0.9983046889305115,0.99887615442276,0.9996819615364074
fundus_seed0_lcrseg_v0_1_full200e,/home/jiangsuiyang/SSL_CL/runs/fundus_seed0_lcrseg_v0_1_full200e/checkpoint_final_site2_Drishti_GS.pt,checkpoint_final_site2_Drishti_GS.pt,lcrseg_v0_1,Drishti_GS,2,learnability,0,0,33023,30311,0.9178754201617054,0.6902114743822375,3990.7362807337195,28869.20844629087,0.12084717562709989,0.07199951261281967,0.12649157643318176,0.17176053822040557,0.12084717562709989,0.07199951261281967,0.12649157643318176,0.17176053822040557
fundus_seed0_lcrseg_v0_1_full200e,/home/jiangsuiyang/SSL_CL/runs/fundus_seed0_lcrseg_v0_1_full200e/checkpoint_final_site2_Drishti_GS.pt,checkpoint_final_site2_Drishti_GS.pt,lcrseg_v0_1,Drishti_GS,2,learnability,0,1,33023,33023,1.0,0.939738969808921,8706.796992763877,31966.615936473718,0.263658571079668,0.1992001861333847,0.2616351842880249,0.33183114528656005,0.263658571079668,0.1992001861333847,0.2616351842880249,0.33183114528656005
fundus_seed0_lcrseg_v0_1_full200e,/home/jiangsuiyang/SSL_CL/runs/fundus_seed0_lcrseg_v0_1_full200e/checkpoint_final_site2_Drishti_GS.pt,checkpoint_final_site2_Drishti_GS.pt,lcrseg_v0_1,Drishti_GS,2,learnability,0,2,33023,33023,1.0,0.9673863670774915,14505.7948756814,32596.096520190746,0.43926338841660056,0.36831716299057005,0.440757691860199,0.5074758172035218,0.43926338841660056,0.36831716299057005,0.440757691860199,0.5074758172035218
fundus_seed0_lcrseg_v0_1_full200e,/home/jiangsuiyang/SSL_CL/runs/fundus_seed0_lcrseg_v0_1_full200e/checkpoint_final_site2_Drishti_GS.pt,checkpoint_final_site2_Drishti_GS.pt,lcrseg_v0_1,Drishti_GS,2,learnability,0,3,33023,33023,1.0,0.9796505465887412,19361.886364400387,32916.079488504256,0.5863151853072218,0.537476921081543,0.5892592072486877,0.6297908306121827,0.5863151853072218,0.537476921081543,0.5892592072486877,0.6297908306121827
fundus_seed0_lcrseg_v0_1_full200e,/home/jiangsuiyang/SSL_CL/runs/fundus_seed0_lcrseg_v0_1_full200e/checkpoint_final_site2_Drishti_GS.pt,checkpoint_final_site2_Drishti_GS.pt,lcrseg_v0_1,Drishti_GS,2,learnability,0,4,33023,33023,1.0,0.9867062350482997,22129.485373735428,33003.942707290174,0.6701234101606586,0.6461409449577331,0.672056257724762,0.6905434489250183,0.6701234101606586,0.6461409449577331,0.672056257724762,0.6905434489250183
fundus_seed0_lcrseg_v0_1_full200e,/home/jiangsuiyang/SSL_CL/runs/fundus_seed0_lcrseg_v0_1_full200e/checkpoint_final_site2_Drishti_GS.pt,checkpoint_final_site2_Drishti_GS.pt,lcrseg_v0_1,Drishti_GS,2,learnability,0,5,33022,33022,1.0,0.9884622372963479,23361.77041941881,33019.15357211249,0.7074607964211378,0.6976028859615326,0.7083431482315063,0.7156963348388672,0.7074607964211378,0.6976028859615326,0.7083431482315063,0.7156963348388672
fundus_seed0_lcrseg_v0_1_full200e,/home/jiangsuiyang/SSL_CL/runs/fundus_seed0_lcrseg_v0_1_full200e/checkpoint_final_site2_Drishti_GS.pt,checkpoint_final_site2_Drishti_GS.pt,lcrseg_v0_1,Drishti_GS,2,learnability,0,6,33022,33022,1.0,0.9904003391678275,23848.46673321724,33021.604577193204,0.7221993438682466,0.7184378802776337,0.7225471436977386,0.7253193557262421,0.7221993438682466,0.7184378802776337,0.7225471436977386,0.7253193557262421
fundus_seed0_lcrseg_v0_1_full200e,/home/jiangsuiyang/SSL_CL/runs/fundus_seed0_lcrseg_v0_1_full200e/checkpoint_final_site2_Drishti_GS.pt,checkpoint_final_site2_Drishti_GS.pt,lcrseg_v0_1,Drishti_GS,2,learnability,0,7,33022,33022,1.0,0.9924292895645327,24031.498644053936,33021.94627039495,0.7277420702578262,0.7263448297977447,0.7278721034526825,0.7288998365402222,0.7277420702578262,0.7263448297977447,0.7278721034526825,0.7288998365402222
fundus_seed0_lcrseg_v0_1_full200e,/home/jiangsuiyang/SSL_CL/runs/fundus_seed0_lcrseg_v0_1_full200e/checkpoint_final_site2_Drishti_GS.pt,checkpoint_final_site2_Drishti_GS.pt,lcrseg_v0_1,Drishti_GS,2,learnability,0,8,33022,33022,1.0,0.9931863606080794,24099.419256210327,33021.992601659775,0.729798899406769,0.7292797565460205,0.7298465967178345,0.7302305638790131,0.729798899406769,0.7292797565460205,0.7298465967178345,0.7302305638790131
fundus_seed0_lcrseg_v0_1_full200e,/home/jiangsuiyang/SSL_CL/runs/fundus_seed0_lcrseg_v0_1_full200e/checkpoint_final_site2_Drishti_GS.pt,checkpoint_final_site2_Drishti_GS.pt,lcrseg_v0_1,Drishti_GS,2,learnability,0,9,33022,33022,1.0,0.9959723820483314,24132.769314944744,33019.793162284535,0.7308088339575054,0.7303736805915833,0.7305915951728821,0.7307519912719727,0.7308088339575054,0.7303736805915833,0.7305915951728821,0.7307519912719727
fundus_seed0_lcrseg_v0_1_full200e,/home/jiangsuiyang/SSL_CL/runs/fundus_seed0_lcrseg_v0_1_full200e/checkpoint_final_site2_Drishti_GS.pt,checkpoint_final_site2_Drishti_GS.pt,lcrseg_v0_1,Drishti_GS,2,learnability,1,0,2675,552,0.2063551401869159,0.519927536231884,46.62791938986629,522.9123177361148,0.017430997902753754,0.0,0.0,0.08919136077165601,0.017430997902753754,0.0,0.0,0.08919136077165601
fundus_seed0_lcrseg_v0_1_full200e,/home/jiangsuiyang/SSL_CL/runs/fundus_seed0_lcrseg_v0_1_full200e/checkpoint_final_site2_Drishti_GS.pt,checkpoint_final_site2_Drishti_GS.pt,lcrseg_v0_1,Drishti_GS,2,learnability,1,1,2675,2675,1.0,0.525233644859813,575.1945640072227,2477.1255641326175,0.2150260052363449,0.1295202672481537,0.21735335886478424,0.29662991762161256,0.2150260052363449,0.1295202672481537,0.21735335886478424,0.29662991762161256
fundus_seed0_lcrseg_v0_1_full200e,/home/jiangsuiyang/SSL_CL/runs/fundus_seed0_lcrseg_v0_1_full200e/checkpoint_final_site2_Drishti_GS.pt,checkpoint_final_site2_Drishti_GS.pt,lcrseg_v0_1,Drishti_GS,2,learnability,1,2,2675,2675,1.0,0.6190654205607476,1082.3891541659832,2636.355204620639,0.40463145950130214,0.3366049647331238,0.40425315499305725,0.4719290554523468,0.40463145950130214,0.3366049647331238,0.40425315499305725,0.4719290554523468
fundus_seed0_lcrseg_v0_1_full200e,/home/jiangsuiyang/SSL_CL/runs/fundus_seed0_lcrseg_v0_1_full200e/checkpoint_final_site2_Drishti_GS.pt,checkpoint_final_site2_Drishti_GS.pt,lcrseg_v0_1,Drishti_GS,2,learnability,1,3,2675,2675,1.0,0.6710280373831776,1469.5937049984932,2664.208871540555,0.5493808242985021,0.5001556634902954,0.5510244965553284,0.5968047261238099,0.5493808242985021,0.5001556634902954,0.5510244965553284,0.5968047261238099
fundus_seed0_lcrseg_v0_1_full200e,/home/jiangsuiyang/SSL_CL/runs/fundus_seed0_lcrseg_v0_1_full200e/checkpoint_final_site2_Drishti_GS.pt,checkpoint_final_site2_Drishti_GS.pt,lcrseg_v0_1,Drishti_GS,2,learnability,1,4,2675,2675,1.0,0.7211214953271028,1722.281289935112,2672.790921118302,0.6438434728729391,0.616512680053711,0.6452777981758118,0.668067467212677,0.6438434728729391,0.616512680053711,0.6452777981758118,0.668067467212677
fundus_seed0_lcrseg_v0_1_full200e,/home/jiangsuiyang/SSL_CL/runs/fundus_seed0_lcrseg_v0_1_full200e/checkpoint_final_site2_Drishti_GS.pt,checkpoint_final_site2_Drishti_GS.pt,lcrseg_v0_1,Drishti_GS,2,learnability,1,5,2675,2675,1.0,0.7383177570093458,1853.0211817026138,2674.497801298448,0.6927181987673323,0.6783584475517273,0.6939240097999573,0.7046134948730469,0.6927181987673323,0.6783584475517273,0.6939240097999573,0.7046134948730469
fundus_seed0_lcrseg_v0_1_full200e,/home/jiangsuiyang/SSL_CL/runs/fundus_seed0_lcrseg_v0_1_full200e/checkpoint_final_site2_Drishti_GS.pt,checkpoint_final_site2_Drishti_GS.pt,lcrseg_v0_1,Drishti_GS,2,learnability,1,6,2675,2675,1.0,0.8142056074766355,1909.942405283451,2674.9323080175295,0.7139971608536265,0.7086786985397339,0.7143996953964233,0.7184965252876282,0.7139971608536265,0.7086786985397339,0.7143996953964233,0.7184965252876282
fundus_seed0_lcrseg_v0_1_full200e,/home/jiangsuiyang/SSL_CL/runs/fundus_seed0_lcrseg_v0_1_full200e/checkpoint_final_site2_Drishti_GS.pt,checkpoint_final_site2_Drishti_GS.pt,lcrseg_v0_1,Drishti_GS,2,learnability,1,7,2675,2675,1.0,0.822429906542056,1932.5070461630821,2674.987451458026,0.7224325406217129,0.720153558254242,0.7225650548934937,0.7244702935218811,0.7224325406217129,0.720153558254242,0.7225650548934937,0.7244702935218811
fundus_seed0_lcrseg_v0_1_full200e,/home/jiangsuiyang/SSL_CL/runs/fundus_seed0_lcrseg_v0_1_full200e/checkpoint_final_site2_Drishti_GS.pt,checkpoint_final_site2_Drishti_GS.pt,lcrseg_v0_1,Drishti_GS,2,learnability,1,8,2674,2674,1.0,0.818997756170531,1943.0283618569374,2673.995251990573,0.7266373828933947,0.7252690136432648,0.7266823053359985,0.7279228687286377,0.7266373828933947,0.7252690136432648,0.7266823053359985,0.7279228687286377
fundus_seed0_lcrseg_v0_1_full200e,/home/jiangsuiyang/SSL_CL/runs/fundus_seed0_lcrseg_v0_1_full200e/checkpoint_final_site2_Drishti_GS.pt,checkpoint_final_site2_Drishti_GS.pt,lcrseg_v0_1,Drishti_GS,2,learnability,1,9,2674,2674,1.0,0.8496634255796559,1950.9417357444763,2673.9351289763717,0.7295967598146882,0.7284949123859406,0.7294772565364838,0.7303792715072632,0.7295967598146882,0.7284949123859406,0.7294772565364838,0.7303792715072632
fundus_seed0_lcrseg_v0_1_full200e,/home/jiangsuiyang/SSL_CL/runs/fundus_seed0_lcrseg_v0_1_full200e/checkpoint_final_site2_Drishti_GS.pt,checkpoint_final_site2_Drishti_GS.pt,lcrseg_v0_1,Drishti_GS,2,learnability,2,0,2089,1146,0.5485878410722834,0.6387434554973822,156.36693176813424,1063.427139477399,0.07485252837153386,0.0,0.083430215716362,0.17548775970935823,0.07485252837153386,0.0,0.083430215716362,0.17548775970935823
fundus_seed0_lcrseg_v0_1_full200e,/home/jiangsuiyang/SSL_CL/runs/fundus_seed0_lcrseg_v0_1_full200e/checkpoint_final_site2_Drishti_GS.pt,checkpoint_final_site2_Drishti_GS.pt,lcrseg_v0_1,Drishti_GS,2,learnability,2,1,2089,2089,1.0,0.7630445189085687,641.7659957110882,2003.5437480891185,0.307212061135035,0.21840393245220185,0.30874645709991455,0.3938144028186798,0.307212061135035,0.21840393245220185,0.30874645709991455,0.3938144028186798
fundus_seed0_lcrseg_v0_1_full200e,/home/jiangsuiyang/SSL_CL/runs/fundus_seed0_lcrseg_v0_1_full200e/checkpoint_final_site2_Drishti_GS.pt,checkpoint_final_site2_Drishti_GS.pt,lcrseg_v0_1,Drishti_GS,2,learnability,2,2,2089,2089,1.0,0.8362853039731929,1044.5060864686966,2071.2919613289037,0.5000029135800367,0.4332900881767273,0.5034193992614746,0.5613582134246826,0.5000029135800367,0.4332900881767273,0.5034193992614746,0.5613582134246826
fundus_seed0_lcrseg_v0_1_full200e,/home/jiangsuiyang/SSL_CL/runs/fundus_seed0_lcrseg_v0_1_full200e/checkpoint_final_site2_Drishti_GS.pt,checkpoint_final_site2_Drishti_GS.pt,lcrseg_v0_1,Drishti_GS,2,learnability,2,3,2088,2088,1.0,0.8807471264367817,1303.285786151886,2084.4604480924704,0.6241790163562673,0.5863981664180755,0.6269729733467102,0.6571158647537232,0.6241790163562673,0.5863981664180755,0.6269729733467102,0.6571158647537232
fundus_seed0_lcrseg_v0_1_full200e,/home/jiangsuiyang/SSL_CL/runs/fundus_seed0_lcrseg_v0_1_full200e/checkpoint_final_site2_Drishti_GS.pt,checkpoint_final_site2_Drishti_GS.pt,lcrseg_v0_1,Drishti_GS,2,learnability,2,4,2088,2088,1.0,0.9094827586206896,1433.128065764904,2087.410935129846,0.686364016170931,0.6690749108791352,0.687785267829895,0.7009728729724884,0.686364016170931,0.6690749108791352,0.687785267829895,0.7009728729724884
fundus_seed0_lcrseg_v0_1_full200e,/home/jiangsuiyang/SSL_CL/runs/fundus_seed0_lcrseg_v0_1_full200e/checkpoint_final_site2_Drishti_GS.pt,checkpoint_final_site2_Drishti_GS.pt,lcrseg_v0_1,Drishti_GS,2,learnability,2,5,2088,2088,1.0,0.9176245210727969,1488.279915213585,2087.910727145232,0.7127777371712571,0.7058067858219147,0.7133524119853973,0.7186637580394745,0.7127777371712571,0.7058067858219147,0.7133524119853973,0.7186637580394745
fundus_seed0_lcrseg_v0_1_full200e,/home/jiangsuiyang/SSL_CL/runs/fundus_seed0_lcrseg_v0_1_full200e/checkpoint_final_site2_Drishti_GS.pt,checkpoint_final_site2_Drishti_GS.pt,lcrseg_v0_1,Drishti_GS,2,learnability,2,6,2088,2088,1.0,0.9396551724137931,1510.7275569438934,2087.9853777982657,0.723528523440562,0.7206762135028839,0.7237635254859924,0.7259463250637055,0.723528523440562,0.7206762135028839,0.7237635254859924,0.7259463250637055
fundus_seed0_lcrseg_v0_1_full200e,/home/jiangsuiyang/SSL_CL/runs/fundus_seed0_lcrseg_v0_1_full200e/checkpoint_final_site2_Drishti_GS.pt,checkpoint_final_site2_Drishti_GS.pt,lcrseg_v0_1,Drishti_GS,2,learnability,2,7,2088,2088,1.0,0.9492337164750958,1519.9692227840424,2087.9975521388437,0.7279546086130471,0.7267732501029969,0.7280640006065369,0.7289479792118072,0.7279546086130471,0.7267732501029969,0.7280640006065369,0.7289479792118072
fundus_seed0_lcrseg_v0_1_full200e,/home/jiangsuiyang/SSL_CL/runs/fundus_seed0_lcrseg_v0_1_full200e/checkpoint_final_site2_Drishti_GS.pt,checkpoint_final_site2_Drishti_GS.pt,lcrseg_v0_1,Drishti_GS,2,learnability,2,8,2088,2088,1.0,0.9554597701149425,1523.8000170588493,2087.999554248183,0.7297892802005983,0.7292853057384491,0.7298308610916138,0.7302166163921356,0.7297892802005983,0.7292853057384491,0.7298308610916138,0.7302166163921356
fundus_seed0_lcrseg_v0_1_full200e,/home/jiangsuiyang/SSL_CL/runs/fundus_seed0_lcrseg_v0_1_full200e/checkpoint_final_site2_Drishti_GS.pt,checkpoint_final_site2_Drishti_GS.pt,lcrseg_v0_1,Drishti_GS,2,learnability,2,9,2088,2088,1.0,0.9741379310344828,1525.5094359517097,2087.99491059847,0.7306079674098227,0.7303676426410675,0.7305993139743805,0.7307731091976166,0.7306079674098227,0.7303676426410675,0.7305993139743805,0.7307731091976166
fundus_seed0_lcrseg_v0_1_full200e,/home/jiangsuiyang/SSL_CL/runs/fundus_seed0_lcrseg_v0_1_full200e/checkpoint_final_site2_Drishti_GS.pt,checkpoint_final_site2_Drishti_GS.pt,lcrseg_v0_1,Drishti_GS,2,compatibility,0,0,34317,34317,1.0,0.4009091703820264,18544.196842348203,19820.317657148662,0.5403793117798235,0.0,0.7998356223106384,0.9920075416564942,0.5403793117798235,0.0,0.7998356223106384,0.9920075416564942
fundus_seed0_lcrseg_v0_1_full200e,/home/jiangsuiyang/SSL_CL/runs/fundus_seed0_lcrseg_v0_1_full200e/checkpoint_final_site2_Drishti_GS.pt,checkpoint_final_site2_Drishti_GS.pt,lcrseg_v0_1,Drishti_GS,2,compatibility,0,1,34317,34317,1.0,0.947751843109829,34147.66093116999,34316.9781888988,0.9950654466057636,0.9938226342201233,0.9952543377876282,0.9959607720375061,0.9950654466057636,0.9938226342201233,0.9952543377876282,0.9959607720375061
fundus_seed0_lcrseg_v0_1_full200e,/home/jiangsuiyang/SSL_CL/runs/fundus_seed0_lcrseg_v0_1_full200e/checkpoint_final_site2_Drishti_GS.pt,checkpoint_final_site2_Drishti_GS.pt,lcrseg_v0_1,Drishti_GS,2,compatibility,0,2,34316,34316,1.0,0.9726366709406691,34199.37518936396,34315.99760252001,0.9966014450799614,0.9962132275104523,0.9966259598731995,0.9969431161880493,0.9966014450799614,0.9962132275104523,0.9966259598731995,0.9969431161880493
fundus_seed0_lcrseg_v0_1_full200e,/home/jiangsuiyang/SSL_CL/runs/fundus_seed0_lcrseg_v0_1_full200e/checkpoint_final_site2_Drishti_GS.pt,checkpoint_final_site2_Drishti_GS.pt,lcrseg_v0_1,Drishti_GS,2,compatibility,0,3,34316,34316,1.0,0.982573726541555,34223.16315197945,34315.99921256632,0.9972946483267119,0.9970751404762268,0.997305154800415,0.9974948167800903,0.9972946483267119,0.9970751404762268,0.997305154800415,0.9974948167800903
fundus_seed0_lcrseg_v0_1_full200e,/home/jiangsuiyang/SSL_CL/runs/fundus_seed0_lcrseg_v0_1_full200e/checkpoint_final_site2_Drishti_GS.pt,checkpoint_final_site2_Drishti_GS.pt,lcrseg_v0_1,Drishti_GS,2,compatibility,0,4,34316,34316,1.0,0.9855169600186502,34238.60185074806,34315.99954180776,0.9977445462975889,0.9975825548171997,0.9977466464042664,0.9979017972946167,0.9977445462975889,0.9975825548171997,0.9977466464042664,0.9979017972946167
fundus_seed0_lcrseg_v0_1_full200e,/home/jiangsuiyang/SSL_CL/runs/fundus_seed0_lcrseg_v0_1_full200e/checkpoint_final_site2_Drishti_GS.pt,checkpoint_final_site2_Drishti_GS.pt,lcrseg_v0_1,Drishti_GS,2,compatibility,0,5,34316,34316,1.0,0.9854295372421028,34251.277966439724,34315.99965554889,0.9981139400407892,0.9979745149612427,0.9981152713298798,0.9982507228851318,0.9981139400407892,0.9979745149612427,0.9981152713298798,0.9982507228851318
fundus_seed0_lcrseg_v0_1_full200e,/home/jiangsuiyang/SSL_CL/runs/fundus_seed0_lcrseg_v0_1_full200e/checkpoint_final_site2_Drishti_GS.pt,checkpoint_final_site2_Drishti_GS.pt,lcrseg_v0_1,Drishti_GS,2,compatibility,0,6,34316,34316,1.0,0.9841764774449236,34262.606463968754,34315.999704158785,0.9984440629434885,0.9983155131340027,0.9984442591667175,0.998572051525116,0.9984440629434885,0.9983155131340027,0.9984442591667175,0.998572051525116
fundus_seed0_lcrseg_v0_1_full200e,/home/jiangsuiyang/SSL_CL/runs/fundus_seed0_lcrseg_v0_1_full200e/checkpoint_final_site2_Drishti_GS.pt,checkpoint_final_site2_Drishti_GS.pt,lcrseg_v0_1,Drishti_GS,2,compatibility,0,7,34316,34316,1.0,0.9816412169250496,34273.60170871019,34315.99969445811,0.9987644745515268,0.9986349940299988,0.9987632036209106,0.9988963603973389,0.9987644745515268,0.9986349940299988,0.9987632036209106,0.9988963603973389
fundus_seed0_lcrseg_v0_1_full200e,/home/jiangsuiyang/SSL_CL/runs/fundus_seed0_lcrseg_v0_1_full200e/checkpoint_final_site2_Drishti_GS.pt,checkpoint_final_site2_Drishti_GS.pt,lcrseg_v0_1,Drishti_GS,2,compatibility,0,8,34316,34316,1.0,0.9764832731087539,34285.63498091698,34315.999566675084,0.9991151352406159,0.9989644289016724,0.99910968542099,0.9992743730545044,0.9991151352406159,0.9989644289016724,0.99910968542099,0.9992743730545044
fundus_seed0_lcrseg_v0_1_full200e,/home/jiangsuiyang/SSL_CL/runs/fundus_seed0_lcrseg_v0_1_full200e/checkpoint_final_site2_Drishti_GS.pt,checkpoint_final_site2_Drishti_GS.pt,lcrseg_v0_1,Drishti_GS,2,compatibility,0,9,34316,34316,1.0,0.9374927147686211,34302.43776875734,34315.9988212108,0.9996047840295298,0.9993670582771301,0.9995859861373901,0.9998766183853149,0.9996047840295298,0.9993670582771301,0.9995859861373901,0.9998766183853149
fundus_seed0_lcrseg_v0_1_full200e,/home/jiangsuiyang/SSL_CL/runs/fundus_seed0_lcrseg_v0_1_full200e/checkpoint_final_site2_Drishti_GS.pt,checkpoint_final_site2_Drishti_GS.pt,lcrseg_v0_1,Drishti_GS,2,compatibility,1,0,2528,2528,1.0,0.030854430379746837,0.0,0.0,0.0,0.0,0.0,0.0,0.0,0.0,0.0,0.0
fundus_seed0_lcrseg_v0_1_full200e,/home/jiangsuiyang/SSL_CL/runs/fundus_seed0_lcrseg_v0_1_full200e/checkpoint_final_site2_Drishti_GS.pt,checkpoint_final_site2_Drishti_GS.pt,lcrseg_v0_1,Drishti_GS,2,compatibility,1,1,2528,2528,1.0,0.23813291139240506,0.0,0.0,0.0,0.0,0.0,0.0,0.0,0.0,0.0,0.0
fundus_seed0_lcrseg_v0_1_full200e,/home/jiangsuiyang/SSL_CL/runs/fundus_seed0_lcrseg_v0_1_full200e/checkpoint_final_site2_Drishti_GS.pt,checkpoint_final_site2_Drishti_GS.pt,lcrseg_v0_1,Drishti_GS,2,compatibility,1,2,2528,2528,1.0,0.2887658227848101,0.0,0.0,0.0,0.0,0.0,0.0,0.0,0.0,0.0,0.0
fundus_seed0_lcrseg_v0_1_full200e,/home/jiangsuiyang/SSL_CL/runs/fundus_seed0_lcrseg_v0_1_full200e/checkpoint_final_site2_Drishti_GS.pt,checkpoint_final_site2_Drishti_GS.pt,lcrseg_v0_1,Drishti_GS,2,compatibility,1,3,2528,2528,1.0,0.17998417721518986,0.0,0.0,0.0,0.0,0.0,0.0,0.0,0.0,0.0,0.0
fundus_seed0_lcrseg_v0_1_full200e,/home/jiangsuiyang/SSL_CL/runs/fundus_seed0_lcrseg_v0_1_full200e/checkpoint_final_site2_Drishti_GS.pt,checkpoint_final_site2_Drishti_GS.pt,lcrseg_v0_1,Drishti_GS,2,compatibility,1,4,2528,2528,1.0,0.5549841772151899,427.21873904950917,1169.567022395622,0.16899475437085015,0.0,0.06955473870038986,0.4287557631731034,0.16899475437085015,0.0,0.06955473870038986,0.4287557631731034
fundus_seed0_lcrseg_v0_1_full200e,/home/jiangsuiyang/SSL_CL/runs/fundus_seed0_lcrseg_v0_1_full200e/checkpoint_final_site2_Drishti_GS.pt,checkpoint_final_site2_Drishti_GS.pt,lcrseg_v0_1,Drishti_GS,2,compatibility,1,5,2528,2528,1.0,0.6289556962025317,1574.5038173496723,2485.2987076691384,0.6228258771161679,0.5040162384510041,0.630151778459549,0.7306505799293519,0.6228258771161679,0.5040162384510041,0.630151778459549,0.7306505799293519
fundus_seed0_lcrseg_v0_1_full200e,/home/jiangsuiyang/SSL_CL/runs/fundus_seed0_lcrseg_v0_1_full200e/checkpoint_final_site2_Drishti_GS.pt,checkpoint_final_site2_Drishti_GS.pt,lcrseg_v0_1,Drishti_GS,2,compatibility,1,6,2528,2528,1.0,0.6293512658227848,2171.1390115618706,2518.536646630552,0.8588366343203602,0.7804121673107147,0.8712430596351624,0.9176239967346191,0.8588366343203602,0.7804121673107147,0.8712430596351624,0.9176239967346191
fundus_seed0_lcrseg_v0_1_full200e,/home/jiangsuiyang/SSL_CL/runs/fundus_seed0_lcrseg_v0_1_full200e/checkpoint_final_site2_Drishti_GS.pt,checkpoint_final_site2_Drishti_GS.pt,lcrseg_v0_1,Drishti_GS,2,compatibility,1,7,2528,2528,1.0,0.528876582278481,2456.1521102786064,2527.4256135424857,0.9715791575469171,0.9476214528083802,0.9763438999652863,0.9868155300617218,0.9715791575469171,0.9476214528083802,0.9763438999652863,0.9868155300617218
fundus_seed0_lcrseg_v0_1_full200e,/home/jiangsuiyang/SSL_CL/runs/fundus_seed0_lcrseg_v0_1_full200e/checkpoint_final_site2_Drishti_GS.pt,checkpoint_final_site2_Drishti_GS.pt,lcrseg_v0_1,Drishti_GS,2,compatibility,1,8,2527,2527,1.0,0.518796992481203,2511.2804284095764,2526.9858232894476,0.993779354336991,0.9900266408920289,0.9942268133163452,0.996573293209076,0.993779354336991,0.9900266408920289,0.9942268133163452,0.996573293209076
fundus_seed0_lcrseg_v0_1_full200e,/home/jiangsuiyang/SSL_CL/runs/fundus_seed0_lcrseg_v0_1_full200e/checkpoint_final_site2_Drishti_GS.pt,checkpoint_final_site2_Drishti_GS.pt,lcrseg_v0_1,Drishti_GS,2,compatibility,1,9,2527,2527,1.0,0.6442421844083894,2523.613486468792,2526.9982400031677,0.9986598680129767,0.997469699382782,0.998757004737854,0.999749481678009,0.9986598680129767,0.997469699382782,0.998757004737854,0.999749481678009
fundus_seed0_lcrseg_v0_1_full200e,/home/jiangsuiyang/SSL_CL/runs/fundus_seed0_lcrseg_v0_1_full200e/checkpoint_final_site2_Drishti_GS.pt,checkpoint_final_site2_Drishti_GS.pt,lcrseg_v0_1,Drishti_GS,2,compatibility,2,0,942,942,1.0,0.9065817409766455,95.84962119534612,361.89629139610366,0.10175119022860522,0.0,0.0,0.3188948631286621,0.10175119022860522,0.0,0.0,0.3188948631286621
fundus_seed0_lcrseg_v0_1_full200e,/home/jiangsuiyang/SSL_CL/runs/fundus_seed0_lcrseg_v0_1_full200e/checkpoint_final_site2_Drishti_GS.pt,checkpoint_final_site2_Drishti_GS.pt,lcrseg_v0_1,Drishti_GS,2,compatibility,2,1,942,942,1.0,0.9564755838641189,488.860572963953,919.7428400766142,0.5189602685392283,0.40497756004333496,0.5246193110942841,0.6253972351551056,0.5189602685392283,0.40497756004333496,0.5246193110942841,0.6253972351551056
fundus_seed0_lcrseg_v0_1_full200e,/home/jiangsuiyang/SSL_CL/runs/fundus_seed0_lcrseg_v0_1_full200e/checkpoint_final_site2_Drishti_GS.pt,checkpoint_final_site2_Drishti_GS.pt,lcrseg_v0_1,Drishti_GS,2,compatibility,2,2,942,942,1.0,0.964968152866242,691.0192025899887,937.7531779540333,0.7335660324734488,0.6637198150157928,0.7320067584514618,0.8048626363277435,0.7335660324734488,0.6637198150157928,0.7320067584514618,0.8048626363277435
fundus_seed0_lcrseg_v0_1_full200e,/home/jiangsuiyang/SSL_CL/runs/fundus_seed0_lcrseg_v0_1_full200e/checkpoint_final_site2_Drishti_GS.pt,checkpoint_final_site2_Drishti_GS.pt,lcrseg_v0_1,Drishti_GS,2,compatibility,2,3,942,942,1.0,0.9808917197452229,833.6291960477829,940.8791529143208,0.8849566837025297,0.8331340253353119,0.8933387994766235,0.9163966715335846,0.8849566837025297,0.8331340253353119,0.8933387994766235,0.9163966715335846
fundus_seed0_lcrseg_v0_1_full200e,/home/jiangsuiyang/SSL_CL/runs/fundus_seed0_lcrseg_v0_1_full200e/checkpoint_final_site2_Drishti_GS.pt,checkpoint_final_site2_Drishti_GS.pt,lcrseg_v0_1,Drishti_GS,2,compatibility,2,4,942,942,1.0,0.9681528662420382,911.3292974233627,941.7907726675645,0.967440867753039,0.9455833256244659,0.9709848165512085,0.9837515711784363,0.967440867753039,0.9455833256244659,0.9709848165512085,0.9837515711784363
fundus_seed0_lcrseg_v0_1_full200e,/home/jiangsuiyang/SSL_CL/runs/fundus_seed0_lcrseg_v0_1_full200e/checkpoint_final_site2_Drishti_GS.pt,checkpoint_final_site2_Drishti_GS.pt,lcrseg_v0_1,Drishti_GS,2,compatibility,2,5,942,942,1.0,0.9713375796178344,933.4065014123917,941.9943916954192,0.990877390034386,0.9870445847511291,0.9913146495819092,0.9937626540660858,0.990877390034386,0.9870445847511291,0.9913146495819092,0.9937626540660858
fundus_seed0_lcrseg_v0_1_full200e,/home/jiangsuiyang/SSL_CL/runs/fundus_seed0_lcrseg_v0_1_full200e/checkpoint_final_site2_Drishti_GS.pt,checkpoint_final_site2_Drishti_GS.pt,lcrseg_v0_1,Drishti_GS,2,compatibility,2,6,941,941,1.0,0.9798087141339001,937.2668035626411,940.9993489177269,0.9960327349231043,0.9947555065155029,0.9961506128311157,0.9970828294754028,0.9960327349231043,0.9947555065155029,0.9961506128311157,0.9970828294754028
fundus_seed0_lcrseg_v0_1_full200e,/home/jiangsuiyang/SSL_CL/runs/fundus_seed0_lcrseg_v0_1_full200e/checkpoint_final_site2_Drishti_GS.pt,checkpoint_final_site2_Drishti_GS.pt,lcrseg_v0_1,Drishti_GS,2,compatibility,2,7,941,941,1.0,0.9936238044633369,939.142441213131,940.999846757438,0.9980259736590127,0.9974392652511597,0.998064398765564,0.9985498785972595,0.9980259736590127,0.9974392652511597,0.998064398765564,0.9985498785972595
fundus_seed0_lcrseg_v0_1_full200e,/home/jiangsuiyang/SSL_CL/runs/fundus_seed0_lcrseg_v0_1_full200e/checkpoint_final_site2_Drishti_GS.pt,checkpoint_final_site2_Drishti_GS.pt,lcrseg_v0_1,Drishti_GS,2,compatibility,2,8,941,941,1.0,0.9861849096705633,940.1771076917648,940.9999505781042,0.9991255129561795,0.9987810254096985,0.999142050743103,0.9994186758995056,0.9991255129561795,0.9987810254096985,0.999142050743103,0.9994186758995056
fundus_seed0_lcrseg_v0_1_full200e,/home/jiangsuiyang/SSL_CL/runs/fundus_seed0_lcrseg_v0_1_full200e/checkpoint_final_site2_Drishti_GS.pt,checkpoint_final_site2_Drishti_GS.pt,lcrseg_v0_1,Drishti_GS,2,compatibility,2,9,941,941,1.0,0.975557917109458,940.7671543955803,940.9999794194945,0.9997525551493945,0.9995463490486145,0.9997570514678955,0.9999530911445618,0.9997525551493945,0.9995463490486145,0.9997570514678955,0.9999530911445618
fundus_seed0_lcrseg_uniform_relation_kd_full200e,/home/jiangsuiyang/SSL_CL/runs/fundus_seed0_lcrseg_uniform_relation_kd_full200e/checkpoint_final_site0_REFUGE.pt,checkpoint_final_site0_REFUGE.pt,lcrseg_v0_1,REFUGE,0,learnability,0,0,129836,123370,0.9501987122215718,0.9408932479533112,16830.002732233144,116018.3176585219,0.12962508651093027,0.08105769380927086,0.13284684717655182,0.1831778734922409,0.12962508651093027,0.08105769380927086,0.13284684717655182,0.1831778734922409
fundus_seed0_lcrseg_uniform_relation_kd_full200e,/home/jiangsuiyang/SSL_CL/runs/fundus_seed0_lcrseg_uniform_relation_kd_full200e/checkpoint_final_site0_REFUGE.pt,checkpoint_final_site0_REFUGE.pt,lcrseg_v0_1,REFUGE,0,learnability,0,1,129836,129836,1.0,0.9910348439569919,36240.11111488938,125907.86102605368,0.2791222089011475,0.21235662698745728,0.27750322222709656,0.3488546907901764,0.2791222089011475,0.21235662698745728,0.27750322222709656,0.3488546907901764
fundus_seed0_lcrseg_uniform_relation_kd_full200e,/home/jiangsuiyang/SSL_CL/runs/fundus_seed0_lcrseg_uniform_relation_kd_full200e/checkpoint_final_site0_REFUGE.pt,checkpoint_final_site0_REFUGE.pt,lcrseg_v0_1,REFUGE,0,learnability,0,2,129836,129836,1.0,0.9945700730151884,59007.7940775156,128353.0486811724,0.45447945159674974,0.3852776288986206,0.45622362196445465,0.5204937160015106,0.45447945159674974,0.3852776288986206,0.45622362196445465,0.5204937160015106
fundus_seed0_lcrseg_uniform_relation_kd_full200e,/home/jiangsuiyang/SSL_CL/runs/fundus_seed0_lcrseg_uniform_relation_kd_full200e/checkpoint_final_site0_REFUGE.pt,checkpoint_final_site0_REFUGE.pt,lcrseg_v0_1,REFUGE,0,learnability,0,3,129836,129836,1.0,0.995848609014449,77244.863247931,129475.71625751414,0.5949417977135079,0.5489746034145355,0.5977705717086792,0.6357008814811707,0.5949417977135079,0.5489746034145355,0.5977705717086792,0.6357008814811707
fundus_seed0_lcrseg_uniform_relation_kd_full200e,/home/jiangsuiyang/SSL_CL/runs/fundus_seed0_lcrseg_uniform_relation_kd_full200e/checkpoint_final_site0_REFUGE.pt,checkpoint_final_site0_REFUGE.pt,lcrseg_v0_1,REFUGE,0,learnability,0,4,129836,129836,1.0,0.9964416648695277,87407.84193050861,129771.74663817114,0.6732173043725054,0.650916576385498,0.6750066876411438,0.6922261118888855,0.6732173043725054,0.650916576385498,0.6750066876411438,0.6922261118888855
fundus_seed0_lcrseg_uniform_relation_kd_full200e,/home/jiangsuiyang/SSL_CL/runs/fundus_seed0_lcrseg_uniform_relation_kd_full200e/checkpoint_final_site0_REFUGE.pt,checkpoint_final_site0_REFUGE.pt,lcrseg_v0_1,REFUGE,0,learnability,0,5,129836,129836,1.0,0.997196463230537,91928.73004376888,129826.18803522422,0.7080372935377621,0.6988082230091095,0.7088542580604553,0.7157662212848663,0.7080372935377621,0.6988082230091095,0.7088542580604553,0.7157662212848663
fundus_seed0_lcrseg_uniform_relation_kd_full200e,/home/jiangsuiyang/SSL_CL/runs/fundus_seed0_lcrseg_uniform_relation_kd_full200e/checkpoint_final_site0_REFUGE.pt,checkpoint_final_site0_REFUGE.pt,lcrseg_v0_1,REFUGE,0,learnability,0,6,129836,129836,1.0,0.9972272713269047,93732.77758592367,129834.58850712566,0.7219321111704279,0.7183547019958496,0.7222579121589661,0.7249110043048859,0.7219321111704279,0.7183547019958496,0.7222579121589661,0.7249110043048859
fundus_seed0_lcrseg_uniform_relation_kd_full200e,/home/jiangsuiyang/SSL_CL/runs/fundus_seed0_lcrseg_uniform_relation_kd_full200e/checkpoint_final_site0_REFUGE.pt,checkpoint_final_site0_REFUGE.pt,lcrseg_v0_1,REFUGE,0,learnability,0,7,129836,129836,1.0,0.9969808065559629,94425.32942909002,129835.79706993666,0.7272661621514066,0.7259004712104797,0.7273920476436615,0.7284056544303894,0.7272661621514066,0.7259004712104797,0.7273920476436615,0.7284056544303894
fundus_seed0_lcrseg_uniform_relation_kd_full200e,/home/jiangsuiyang/SSL_CL/runs/fundus_seed0_lcrseg_uniform_relation_kd_full200e/checkpoint_final_site0_REFUGE.pt,checkpoint_final_site0_REFUGE.pt,lcrseg_v0_1,REFUGE,0,learnability,0,8,129836,129836,1.0,0.9961797960504021,94692.19314694405,129835.96869541935,0.7293215529355807,0.7287869453430176,0.729367196559906,0.7297739088535309,0.7293215529355807,0.7287869453430176,0.729367196559906,0.7297739088535309
fundus_seed0_lcrseg_uniform_relation_kd_full200e,/home/jiangsuiyang/SSL_CL/runs/fundus_seed0_lcrseg_uniform_relation_kd_full200e/checkpoint_final_site0_REFUGE.pt,checkpoint_final_site0_REFUGE.pt,lcrseg_v0_1,REFUGE,0,learnability,0,9,129836,129836,1.0,0.9927909054499523,94810.01854330301,129834.6421296719,0.7302290469769788,0.7299332022666931,0.730191171169281,0.7304637432098389,0.7302290469769788,0.7299332022666931,0.730191171169281,0.7304637432098389
fundus_seed0_lcrseg_uniform_relation_kd_full200e,/home/jiangsuiyang/SSL_CL/runs/fundus_seed0_lcrseg_uniform_relation_kd_full200e/checkpoint_final_site0_REFUGE.pt,checkpoint_final_site0_REFUGE.pt,lcrseg_v0_1,REFUGE,0,learnability,1,0,13395,2759,0.20597237775289287,0.46248640811888364,221.29336460027844,2669.339108621633,0.01652059459501892,0.0,0.0,0.0842024803161621,0.01652059459501892,0.0,0.0,0.0842024803161621
fundus_seed0_lcrseg_uniform_relation_kd_full200e,/home/jiangsuiyang/SSL_CL/runs/fundus_seed0_lcrseg_uniform_relation_kd_full200e/checkpoint_final_site0_REFUGE.pt,checkpoint_final_site0_REFUGE.pt,lcrseg_v0_1,REFUGE,0,learnability,1,1,13395,13395,1.0,0.5782754759238522,2454.1093228906393,12501.502117302798,0.183210849039988,0.11617392152547837,0.18289658427238464,0.25164581537246705,0.183210849039988,0.11617392152547837,0.18289658427238464,0.25164581537246705
fundus_seed0_lcrseg_uniform_relation_kd_full200e,/home/jiangsuiyang/SSL_CL/runs/fundus_seed0_lcrseg_uniform_relation_kd_full200e/checkpoint_final_site0_REFUGE.pt,checkpoint_final_site0_REFUGE.pt,lcrseg_v0_1,REFUGE,0,learnability,1,2,13395,13395,1.0,0.6746547219111608,4911.48487791419,13088.180314175017,0.3666655377315558,0.28906903266906736,0.3667445778846741,0.4440131545066834,0.3666655377315558,0.28906903266906736,0.3667445778846741,0.4440131545066834
fundus_seed0_lcrseg_uniform_relation_kd_full200e,/home/jiangsuiyang/SSL_CL/runs/fundus_seed0_lcrseg_uniform_relation_kd_full200e/checkpoint_final_site0_REFUGE.pt,checkpoint_final_site0_REFUGE.pt,lcrseg_v0_1,REFUGE,0,learnability,1,3,13395,13395,1.0,0.753564762971258,7220.829735159874,13318.27518895589,0.5390690358462019,0.4795474410057068,0.5418410301208496,0.5928360342979431,0.5390690358462019,0.4795474410057068,0.5418410301208496,0.5928360342979431
fundus_seed0_lcrseg_uniform_relation_kd_full200e,/home/jiangsuiyang/SSL_CL/runs/fundus_seed0_lcrseg_uniform_relation_kd_full200e/checkpoint_final_site0_REFUGE.pt,checkpoint_final_site0_REFUGE.pt,lcrseg_v0_1,REFUGE,0,learnability,1,4,13395,13395,1.0,0.828742067935797,8644.46307450533,13380.844241339313,0.6453499868984941,0.614325225353241,0.6477236151695251,0.6722110152244568,0.6453499868984941,0.614325225353241,0.6477236151695251,0.6722110152244568
fundus_seed0_lcrseg_uniform_relation_kd_full200e,/home/jiangsuiyang/SSL_CL/runs/fundus_seed0_lcrseg_uniform_relation_kd_full200e/checkpoint_final_site0_REFUGE.pt,checkpoint_final_site0_REFUGE.pt,lcrseg_v0_1,REFUGE,0,learnability,1,5,13394,13394,1.0,0.8709870091085561,9306.126124560833,13391.870079866476,0.6947981278602982,0.6817012369632721,0.695953905582428,0.7058077454566956,0.6947981278602982,0.6817012369632721,0.695953905582428,0.7058077454566956
fundus_seed0_lcrseg_uniform_relation_kd_full200e,/home/jiangsuiyang/SSL_CL/runs/fundus_seed0_lcrseg_uniform_relation_kd_full200e/checkpoint_final_site0_REFUGE.pt,checkpoint_final_site0_REFUGE.pt,lcrseg_v0_1,REFUGE,0,learnability,1,6,13394,13394,1.0,0.9019710318052859,9575.221570551395,13393.666647984277,0.7148888734173059,0.7095599234104156,0.7153497040271759,0.7194075882434845,0.7148888734173059,0.7095599234104156,0.7153497040271759,0.7194075882434845
fundus_seed0_lcrseg_uniform_relation_kd_full200e,/home/jiangsuiyang/SSL_CL/runs/fundus_seed0_lcrseg_uniform_relation_kd_full200e/checkpoint_final_site0_REFUGE.pt,checkpoint_final_site0_REFUGE.pt,lcrseg_v0_1,REFUGE,0,learnability,1,7,13394,13394,1.0,0.9197401821711214,9688.599989056587,13393.934579296701,0.7233537396637739,0.720996618270874,0.7235248982906342,0.7254051387310028,0.7233537396637739,0.720996618270874,0.7235248982906342,0.7254051387310028
fundus_seed0_lcrseg_uniform_relation_kd_full200e,/home/jiangsuiyang/SSL_CL/runs/fundus_seed0_lcrseg_uniform_relation_kd_full200e/checkpoint_final_site0_REFUGE.pt,checkpoint_final_site0_REFUGE.pt,lcrseg_v0_1,REFUGE,0,learnability,1,8,13394,13394,1.0,0.9372853516499925,9742.813165903091,13393.981838549817,0.7274013114755182,0.7261567890644074,0.7274606823921204,0.7285122215747833,0.7274013114755182,0.7261567890644074,0.7274606823921204,0.7285122215747833
fundus_seed0_lcrseg_uniform_relation_kd_full200e,/home/jiangsuiyang/SSL_CL/runs/fundus_seed0_lcrseg_uniform_relation_kd_full200e/checkpoint_final_site0_REFUGE.pt,checkpoint_final_site0_REFUGE.pt,lcrseg_v0_1,REFUGE,0,learnability,1,9,13394,13394,1.0,0.9040615200836195,9841.189379692078,13375.103715730558,0.7347461086824009,0.7289491891860962,0.729738175868988,0.7305353283882141,0.7347461086824009,0.7289491891860962,0.729738175868988,0.7305353283882141
fundus_seed0_lcrseg_uniform_relation_kd_full200e,/home/jiangsuiyang/SSL_CL/runs/fundus_seed0_lcrseg_uniform_relation_kd_full200e/checkpoint_final_site0_REFUGE.pt,checkpoint_final_site0_REFUGE.pt,lcrseg_v0_1,REFUGE,0,learnability,2,0,4226,1558,0.36867013724562236,0.5121951219512195,169.5369197865948,1478.1684242919916,0.040117586319591766,0.0,0.0,0.12815729528665543,0.040117586319591766,0.0,0.0,0.12815729528665543
fundus_seed0_lcrseg_uniform_relation_kd_full200e,/home/jiangsuiyang/SSL_CL/runs/fundus_seed0_lcrseg_uniform_relation_kd_full200e/checkpoint_final_site0_REFUGE.pt,checkpoint_final_site0_REFUGE.pt,lcrseg_v0_1,REFUGE,0,learnability,2,1,4226,4226,1.0,0.626360624704212,977.9761877059937,4033.7178838570453,0.2314188801954552,0.16286179423332214,0.22956287115812302,0.30167096853256226,0.2314188801954552,0.16286179423332214,0.22956287115812302,0.30167096853256226
fundus_seed0_lcrseg_uniform_relation_kd_full200e,/home/jiangsuiyang/SSL_CL/runs/fundus_seed0_lcrseg_uniform_relation_kd_full200e/checkpoint_final_site0_REFUGE.pt,checkpoint_final_site0_REFUGE.pt,lcrseg_v0_1,REFUGE,0,learnability,2,2,4226,4226,1.0,0.6973497397065783,1782.5511813163757,4152.330804587748,0.42180576936024033,0.34245172142982483,0.4235338121652603,0.49789050221443176,0.42180576936024033,0.34245172142982483,0.4235338121652603,0.49789050221443176
fundus_seed0_lcrseg_uniform_relation_kd_full200e,/home/jiangsuiyang/SSL_CL/runs/fundus_seed0_lcrseg_uniform_relation_kd_full200e/checkpoint_final_site0_REFUGE.pt,checkpoint_final_site0_REFUGE.pt,lcrseg_v0_1,REFUGE,0,learnability,2,3,4226,4226,1.0,0.7879791765262659,2457.1462356448174,4210.414393662062,0.5814354556660714,0.5298086106777191,0.5840068757534027,0.6275165677070618,0.5814354556660714,0.5298086106777191,0.5840068757534027,0.6275165677070618
fundus_seed0_lcrseg_uniform_relation_kd_full200e,/home/jiangsuiyang/SSL_CL/runs/fundus_seed0_lcrseg_uniform_relation_kd_full200e/checkpoint_final_site0_REFUGE.pt,checkpoint_final_site0_REFUGE.pt,lcrseg_v0_1,REFUGE,0,learnability,2,4,4226,4226,1.0,0.8596781826786559,2827.2255291342735,4223.4537553887,0.6690074607511296,0.6445636749267578,0.6708379685878754,0.6897188127040863,0.6690074607511296,0.6445636749267578,0.6708379685878754,0.6897188127040863
fundus_seed0_lcrseg_uniform_relation_kd_full200e,/home/jiangsuiyang/SSL_CL/runs/fundus_seed0_lcrseg_uniform_relation_kd_full200e/checkpoint_final_site0_REFUGE.pt,checkpoint_final_site0_REFUGE.pt,lcrseg_v0_1,REFUGE,0,learnability,2,5,4225,4225,1.0,0.9133727810650888,2986.2803558707237,4224.63141760189,0.7068119185492837,0.6968991160392761,0.7077040672302246,0.7150872468948364,0.7068119185492837,0.6968991160392761,0.7077040672302246,0.7150872468948364
fundus_seed0_lcrseg_uniform_relation_kd_full200e,/home/jiangsuiyang/SSL_CL/runs/fundus_seed0_lcrseg_uniform_relation_kd_full200e/checkpoint_final_site0_REFUGE.pt,checkpoint_final_site0_REFUGE.pt,lcrseg_v0_1,REFUGE,0,learnability,2,6,4225,4225,1.0,0.9431952662721893,3049.3867221474648,4224.946432021848,0.7217483366029502,0.717869508266449,0.7220961451530457,0.7249575972557067,0.7217483366029502,0.717869508266449,0.7220961451530457,0.7249575972557067
fundus_seed0_lcrseg_uniform_relation_kd_full200e,/home/jiangsuiyang/SSL_CL/runs/fundus_seed0_lcrseg_uniform_relation_kd_full200e/checkpoint_final_site0_REFUGE.pt,checkpoint_final_site0_REFUGE.pt,lcrseg_v0_1,REFUGE,0,learnability,2,7,4225,4225,1.0,0.9666272189349112,3073.867932200432,4224.992145487164,0.727542705846256,0.7260472536087036,0.7276747226715088,0.7287855744361877,0.727542705846256,0.7260472536087036,0.7276747226715088,0.7287855744361877
fundus_seed0_lcrseg_uniform_relation_kd_full200e,/home/jiangsuiyang/SSL_CL/runs/fundus_seed0_lcrseg_uniform_relation_kd_full200e/checkpoint_final_site0_REFUGE.pt,checkpoint_final_site0_REFUGE.pt,lcrseg_v0_1,REFUGE,0,learnability,2,8,4225,4225,1.0,0.9846153846153847,3083.257926285267,4224.9988574007475,0.7297651896533176,0.7291972756385803,0.7298182249069214,0.730238389968872,0.7297651896533176,0.7291972756385803,0.7298182249069214,0.730238389968872
fundus_seed0_lcrseg_uniform_relation_kd_full200e,/home/jiangsuiyang/SSL_CL/runs/fundus_seed0_lcrseg_uniform_relation_kd_full200e/checkpoint_final_site0_REFUGE.pt,checkpoint_final_site0_REFUGE.pt,lcrseg_v0_1,REFUGE,0,learnability,2,9,4225,4225,1.0,0.9789349112426036,3091.391026377678,4224.0356870962105,0.7316901837580303,0.7303951978683472,0.7306240200996399,0.7307818055152893,0.7316901837580303,0.7303951978683472,0.7306240200996399,0.7307818055152893
fundus_seed0_lcrseg_uniform_relation_kd_full200e,/home/jiangsuiyang/SSL_CL/runs/fundus_seed0_lcrseg_uniform_relation_kd_full200e/checkpoint_final_site1_RIM_ONE_r3.pt,checkpoint_final_site1_RIM_ONE_r3.pt,lcrseg_v0_1,RIM_ONE_r3,1,learnability,0,0,52308,48184,0.92115928729831,0.928959820687365,6570.44768800959,45535.68726222737,0.1256107610310008,0.07078183293342591,0.13108781725168228,0.1804174989461899,0.1256107610310008,0.07078183293342591,0.13108781725168228,0.1804174989461899
fundus_seed0_lcrseg_uniform_relation_kd_full200e,/home/jiangsuiyang/SSL_CL/runs/fundus_seed0_lcrseg_uniform_relation_kd_full200e/checkpoint_final_site1_RIM_ONE_r3.pt,checkpoint_final_site1_RIM_ONE_r3.pt,lcrseg_v0_1,RIM_ONE_r3,1,learnability,0,1,52308,52308,1.0,0.9825265733730978,14405.430632576346,50703.43792388983,0.2753963185856149,0.20917221903800964,0.2736361473798752,0.3447541296482086,0.2753963185856149,0.20917221903800964,0.2736361473798752,0.3447541296482086
fundus_seed0_lcrseg_uniform_relation_kd_full200e,/home/jiangsuiyang/SSL_CL/runs/fundus_seed0_lcrseg_uniform_relation_kd_full200e/checkpoint_final_site1_RIM_ONE_r3.pt,checkpoint_final_site1_RIM_ONE_r3.pt,lcrseg_v0_1,RIM_ONE_r3,1,learnability,0,2,52308,52308,1.0,0.9878794830618643,23591.33722215891,51691.31142437071,0.4510082056694752,0.38132961094379425,0.45267607271671295,0.517646336555481,0.4510082056694752,0.38132961094379425,0.45267607271671295,0.517646336555481
fundus_seed0_lcrseg_uniform_relation_kd_full200e,/home/jiangsuiyang/SSL_CL/runs/fundus_seed0_lcrseg_uniform_relation_kd_full200e/checkpoint_final_site1_RIM_ONE_r3.pt,checkpoint_final_site1_RIM_ONE_r3.pt,lcrseg_v0_1,RIM_ONE_r3,1,learnability,0,3,52308,52308,1.0,0.9908044658560832,31031.836479365826,52157.321382236114,0.593252207680772,0.5465730428695679,0.5960952043533325,0.6346709847450256,0.593252207680772,0.5465730428695679,0.5960952043533325,0.6346709847450256
fundus_seed0_lcrseg_uniform_relation_kd_full200e,/home/jiangsuiyang/SSL_CL/runs/fundus_seed0_lcrseg_uniform_relation_kd_full200e/checkpoint_final_site1_RIM_ONE_r3.pt,checkpoint_final_site1_RIM_ONE_r3.pt,lcrseg_v0_1,RIM_ONE_r3,1,learnability,0,4,52308,52308,1.0,0.9923147510896995,35198.00247859955,52281.07820684696,0.6728990303318718,0.6501870155334473,0.6746982932090759,0.6922919631004334,0.6728990303318718,0.6501870155334473,0.6746982932090759,0.6922919631004334
fundus_seed0_lcrseg_uniform_relation_kd_full200e,/home/jiangsuiyang/SSL_CL/runs/fundus_seed0_lcrseg_uniform_relation_kd_full200e/checkpoint_final_site1_RIM_ONE_r3.pt,checkpoint_final_site1_RIM_ONE_r3.pt,lcrseg_v0_1,RIM_ONE_r3,1,learnability,0,5,52308,52308,1.0,0.992716219316357,37055.45142740011,52303.9093486288,0.7084088748833852,0.6990095376968384,0.7092447578907013,0.716267329454422,0.7084088748833852,0.6990095376968384,0.7092447578907013,0.716267329454422
fundus_seed0_lcrseg_uniform_relation_kd_full200e,/home/jiangsuiyang/SSL_CL/runs/fundus_seed0_lcrseg_uniform_relation_kd_full200e/checkpoint_final_site1_RIM_ONE_r3.pt,checkpoint_final_site1_RIM_ONE_r3.pt,lcrseg_v0_1,RIM_ONE_r3,1,learnability,0,6,52307,52307,1.0,0.9945131626742119,37791.981582701206,52306.42320652654,0.7225033280956891,0.718894112110138,0.7228341102600098,0.7255006074905396,0.7225033280956891,0.718894112110138,0.7228341102600098,0.7255006074905396
fundus_seed0_lcrseg_uniform_relation_kd_full200e,/home/jiangsuiyang/SSL_CL/runs/fundus_seed0_lcrseg_uniform_relation_kd_full200e/checkpoint_final_site1_RIM_ONE_r3.pt,checkpoint_final_site1_RIM_ONE_r3.pt,lcrseg_v0_1,RIM_ONE_r3,1,learnability,0,7,52307,52307,1.0,0.9960234767813103,38071.11526507139,52306.92053748629,0.7278397779469553,0.7264895439147949,0.7279654145240784,0.7289596199989319,0.7278397779469553,0.7264895439147949,0.7279654145240784,0.7289596199989319
fundus_seed0_lcrseg_uniform_relation_kd_full200e,/home/jiangsuiyang/SSL_CL/runs/fundus_seed0_lcrseg_uniform_relation_kd_full200e/checkpoint_final_site1_RIM_ONE_r3.pt,checkpoint_final_site1_RIM_ONE_r3.pt,lcrseg_v0_1,RIM_ONE_r3,1,learnability,0,8,52307,52307,1.0,0.9958514156805016,38175.22172808647,52306.98901955741,0.7298300749055857,0.7293267607688904,0.7298766374588013,0.730247437953949,0.7298300749055857,0.7293267607688904,0.7298766374588013,0.730247437953949
fundus_seed0_lcrseg_uniform_relation_kd_full200e,/home/jiangsuiyang/SSL_CL/runs/fundus_seed0_lcrseg_uniform_relation_kd_full200e/checkpoint_final_site1_RIM_ONE_r3.pt,checkpoint_final_site1_RIM_ONE_r3.pt,lcrseg_v0_1,RIM_ONE_r3,1,learnability,0,9,52307,52307,1.0,0.9947043416751105,38216.072740614414,52306.59227913814,0.7306110604816642,0.7303856015205383,0.7305941581726074,0.7307438850402832,0.7306110604816642,0.7303856015205383,0.7305941581726074,0.7307438850402832
fundus_seed0_lcrseg_uniform_relation_kd_full200e,/home/jiangsuiyang/SSL_CL/runs/fundus_seed0_lcrseg_uniform_relation_kd_full200e/checkpoint_final_site1_RIM_ONE_r3.pt,checkpoint_final_site1_RIM_ONE_r3.pt,lcrseg_v0_1,RIM_ONE_r3,1,learnability,1,0,4242,0,0.0,nan,0.0,0.0,0.0,0.0,0.0,0.0,0.0,0.0,0.0,0.0
fundus_seed0_lcrseg_uniform_relation_kd_full200e,/home/jiangsuiyang/SSL_CL/runs/fundus_seed0_lcrseg_uniform_relation_kd_full200e/checkpoint_final_site1_RIM_ONE_r3.pt,checkpoint_final_site1_RIM_ONE_r3.pt,lcrseg_v0_1,RIM_ONE_r3,1,learnability,1,1,4242,3501,0.8253182461103253,0.4438731790916881,501.6681612227112,3101.1333344662526,0.1182621785060611,0.0,0.12337547540664673,0.21100963056087493,0.1182621785060611,0.0,0.12337547540664673,0.21100963056087493
fundus_seed0_lcrseg_uniform_relation_kd_full200e,/home/jiangsuiyang/SSL_CL/runs/fundus_seed0_lcrseg_uniform_relation_kd_full200e/checkpoint_final_site1_RIM_ONE_r3.pt,checkpoint_final_site1_RIM_ONE_r3.pt,lcrseg_v0_1,RIM_ONE_r3,1,learnability,1,2,4242,4242,1.0,0.6442715700141443,1487.151535257697,4095.5867548592873,0.35057791967413887,0.258026659488678,0.35235361754894257,0.4413332849740982,0.35057791967413887,0.258026659488678,0.35235361754894257,0.4413332849740982
fundus_seed0_lcrseg_uniform_relation_kd_full200e,/home/jiangsuiyang/SSL_CL/runs/fundus_seed0_lcrseg_uniform_relation_kd_full200e/checkpoint_final_site1_RIM_ONE_r3.pt,checkpoint_final_site1_RIM_ONE_r3.pt,lcrseg_v0_1,RIM_ONE_r3,1,learnability,1,3,4242,4242,1.0,0.6883545497406883,2301.1097215116024,4216.603916850582,0.5424586802243287,0.48237869441509246,0.5455527305603027,0.5981870353221893,0.5424586802243287,0.48237869441509246,0.5455527305603027,0.5981870353221893
fundus_seed0_lcrseg_uniform_relation_kd_full200e,/home/jiangsuiyang/SSL_CL/runs/fundus_seed0_lcrseg_uniform_relation_kd_full200e/checkpoint_final_site1_RIM_ONE_r3.pt,checkpoint_final_site1_RIM_ONE_r3.pt,lcrseg_v0_1,RIM_ONE_r3,1,learnability,1,4,4241,4241,1.0,0.702428672482905,2754.480569601059,4236.89110997912,0.6494884625326713,0.6194257140159607,0.6515627503395081,0.6756246089935303,0.6494884625326713,0.6194257140159607,0.6515627503395081,0.6756246089935303
fundus_seed0_lcrseg_uniform_relation_kd_full200e,/home/jiangsuiyang/SSL_CL/runs/fundus_seed0_lcrseg_uniform_relation_kd_full200e/checkpoint_final_site1_RIM_ONE_r3.pt,checkpoint_final_site1_RIM_ONE_r3.pt,lcrseg_v0_1,RIM_ONE_r3,1,learnability,1,5,4241,4241,1.0,0.7262438104220703,2963.124815583229,4240.332876565788,0.6986854080601813,0.6853593587875366,0.6999134421348572,0.7096167206764221,0.6986854080601813,0.6853593587875366,0.6999134421348572,0.7096167206764221
fundus_seed0_lcrseg_uniform_relation_kd_full200e,/home/jiangsuiyang/SSL_CL/runs/fundus_seed0_lcrseg_uniform_relation_kd_full200e/checkpoint_final_site1_RIM_ONE_r3.pt,checkpoint_final_site1_RIM_ONE_r3.pt,lcrseg_v0_1,RIM_ONE_r3,1,learnability,1,6,4241,4241,1.0,0.755717991039849,3045.618412196636,4240.9111736798895,0.7181368573913314,0.7131591439247131,0.7185582518577576,0.7222880721092224,0.7181368573913314,0.7131591439247131,0.7185582518577576,0.7222880721092224
fundus_seed0_lcrseg_uniform_relation_kd_full200e,/home/jiangsuiyang/SSL_CL/runs/fundus_seed0_lcrseg_uniform_relation_kd_full200e/checkpoint_final_site1_RIM_ONE_r3.pt,checkpoint_final_site1_RIM_ONE_r3.pt,lcrseg_v0_1,RIM_ONE_r3,1,learnability,1,7,4241,4241,1.0,0.7767036076397076,3077.3852738142014,4240.986203003878,0.7256272751271401,0.7236642837524414,0.7257857322692871,0.7272863984107971,0.7256272751271401,0.7236642837524414,0.7257857322692871,0.7272863984107971
fundus_seed0_lcrseg_uniform_relation_kd_full200e,/home/jiangsuiyang/SSL_CL/runs/fundus_seed0_lcrseg_uniform_relation_kd_full200e/checkpoint_final_site1_RIM_ONE_r3.pt,checkpoint_final_site1_RIM_ONE_r3.pt,lcrseg_v0_1,RIM_ONE_r3,1,learnability,1,8,4241,4241,1.0,0.8064135817024287,3090.620144724846,4240.997123444904,0.7287479709325267,0.7278538346290588,0.7288042902946472,0.729531466960907,0.7287479709325267,0.7278538346290588,0.7288042902946472,0.729531466960907
fundus_seed0_lcrseg_uniform_relation_kd_full200e,/home/jiangsuiyang/SSL_CL/runs/fundus_seed0_lcrseg_uniform_relation_kd_full200e/checkpoint_final_site1_RIM_ONE_r3.pt,checkpoint_final_site1_RIM_ONE_r3.pt,lcrseg_v0_1,RIM_ONE_r3,1,learnability,1,9,4241,4241,1.0,0.8316434803112474,3098.577840566635,4240.736663707073,0.7306243434488647,0.7298229336738586,0.7302860021591187,0.7306621670722961,0.7306243434488647,0.7298229336738586,0.7302860021591187,0.7306621670722961
fundus_seed0_lcrseg_uniform_relation_kd_full200e,/home/jiangsuiyang/SSL_CL/runs/fundus_seed0_lcrseg_uniform_relation_kd_full200e/checkpoint_final_site1_RIM_ONE_r3.pt,checkpoint_final_site1_RIM_ONE_r3.pt,lcrseg_v0_1,RIM_ONE_r3,1,learnability,2,0,1512,0,0.0,nan,0.0,0.0,0.0,0.0,0.0,0.0,0.0,0.0,0.0,0.0
fundus_seed0_lcrseg_uniform_relation_kd_full200e,/home/jiangsuiyang/SSL_CL/runs/fundus_seed0_lcrseg_uniform_relation_kd_full200e/checkpoint_final_site1_RIM_ONE_r3.pt,checkpoint_final_site1_RIM_ONE_r3.pt,lcrseg_v0_1,RIM_ONE_r3,1,learnability,2,1,1512,671,0.4437830687830688,0.5081967213114754,69.0938356872648,642.0621157972121,0.04569698127464603,0.0,0.0,0.12089107111096382,0.04569698127464603,0.0,0.0,0.12089107111096382
fundus_seed0_lcrseg_uniform_relation_kd_full200e,/home/jiangsuiyang/SSL_CL/runs/fundus_seed0_lcrseg_uniform_relation_kd_full200e/checkpoint_final_site1_RIM_ONE_r3.pt,checkpoint_final_site1_RIM_ONE_r3.pt,lcrseg_v0_1,RIM_ONE_r3,1,learnability,2,2,1512,1512,1.0,0.5588624338624338,319.0802421569824,1438.3486404019684,0.21103190618848044,0.14833345115184784,0.20843760669231415,0.2781474679708481,0.21103190618848044,0.14833345115184784,0.20843760669231415,0.2781474679708481
fundus_seed0_lcrseg_uniform_relation_kd_full200e,/home/jiangsuiyang/SSL_CL/runs/fundus_seed0_lcrseg_uniform_relation_kd_full200e/checkpoint_final_site1_RIM_ONE_r3.pt,checkpoint_final_site1_RIM_ONE_r3.pt,lcrseg_v0_1,RIM_ONE_r3,1,learnability,2,3,1512,1512,1.0,0.66005291005291,599.9770470559597,1481.9791067560652,0.39681021630685165,0.3180341362953186,0.3971896320581436,0.4746747493743897,0.39681021630685165,0.3180341362953186,0.3971896320581436,0.4746747493743897
fundus_seed0_lcrseg_uniform_relation_kd_full200e,/home/jiangsuiyang/SSL_CL/runs/fundus_seed0_lcrseg_uniform_relation_kd_full200e/checkpoint_final_site1_RIM_ONE_r3.pt,checkpoint_final_site1_RIM_ONE_r3.pt,lcrseg_v0_1,RIM_ONE_r3,1,learnability,2,4,1512,1512,1.0,0.7658730158730159,863.5421599447727,1503.8994934540433,0.5711257671592412,0.509748899936676,0.5738935172557831,0.6260586857795716,0.5711257671592412,0.509748899936676,0.5738935172557831,0.6260586857795716
fundus_seed0_lcrseg_uniform_relation_kd_full200e,/home/jiangsuiyang/SSL_CL/runs/fundus_seed0_lcrseg_uniform_relation_kd_full200e/checkpoint_final_site1_RIM_ONE_r3.pt,checkpoint_final_site1_RIM_ONE_r3.pt,lcrseg_v0_1,RIM_ONE_r3,1,learnability,2,5,1512,1512,1.0,0.8379629629629629,1018.5410892367363,1510.8224061871751,0.673638286532233,0.6456467747688294,0.6762805879116058,0.6972803831100464,0.673638286532233,0.6456467747688294,0.6762805879116058,0.6972803831100464
fundus_seed0_lcrseg_uniform_relation_kd_full200e,/home/jiangsuiyang/SSL_CL/runs/fundus_seed0_lcrseg_uniform_relation_kd_full200e/checkpoint_final_site1_RIM_ONE_r3.pt,checkpoint_final_site1_RIM_ONE_r3.pt,lcrseg_v0_1,RIM_ONE_r3,1,learnability,2,6,1512,1512,1.0,0.8664021164021164,1079.5490673780441,1511.8931889586258,0.7139874784246324,0.7047972857952118,0.7149935960769653,0.7212639689445496,0.7139874784246324,0.7047972857952118,0.7149935960769653,0.7212639689445496
fundus_seed0_lcrseg_uniform_relation_kd_full200e,/home/jiangsuiyang/SSL_CL/runs/fundus_seed0_lcrseg_uniform_relation_kd_full200e/checkpoint_final_site1_RIM_ONE_r3.pt,checkpoint_final_site1_RIM_ONE_r3.pt,lcrseg_v0_1,RIM_ONE_r3,1,learnability,2,7,1512,1512,1.0,0.8955026455026455,1097.9711487293243,1511.9907568637204,0.7261713946622516,0.7233897387981415,0.726474940776825,0.7283344686031341,0.7261713946622516,0.7233897387981415,0.726474940776825,0.7283344686031341
fundus_seed0_lcrseg_uniform_relation_kd_full200e,/home/jiangsuiyang/SSL_CL/runs/fundus_seed0_lcrseg_uniform_relation_kd_full200e/checkpoint_final_site1_RIM_ONE_r3.pt,checkpoint_final_site1_RIM_ONE_r3.pt,lcrseg_v0_1,RIM_ONE_r3,1,learnability,2,8,1511,1511,1.0,0.900727994705493,1102.6058164834976,1510.9993100093602,0.7297192696780262,0.7289616465568542,0.7298095226287842,0.7303110361099243,0.7297192696780262,0.7289616465568542,0.7298095226287842,0.7303110361099243
fundus_seed0_lcrseg_uniform_relation_kd_full200e,/home/jiangsuiyang/SSL_CL/runs/fundus_seed0_lcrseg_uniform_relation_kd_full200e/checkpoint_final_site1_RIM_ONE_r3.pt,checkpoint_final_site1_RIM_ONE_r3.pt,lcrseg_v0_1,RIM_ONE_r3,1,learnability,2,9,1511,1511,1.0,0.9013898080741231,1109.6172948479652,1509.8058079400544,0.7343595597934912,0.7304832339286804,0.7307075262069702,0.7308111786842346,0.7343595597934912,0.7304832339286804,0.7307075262069702,0.7308111786842346
fundus_seed0_lcrseg_uniform_relation_kd_full200e,/home/jiangsuiyang/SSL_CL/runs/fundus_seed0_lcrseg_uniform_relation_kd_full200e/checkpoint_final_site1_RIM_ONE_r3.pt,checkpoint_final_site1_RIM_ONE_r3.pt,lcrseg_v0_1,RIM_ONE_r3,1,compatibility,0,0,51609,51609,1.0,0.8090449340231355,51609.0,51609.0,0.7349842764585462,0.0,0.8996290564537048,0.9874632954597473,1.0,1.0,1.0,1.0
fundus_seed0_lcrseg_uniform_relation_kd_full200e,/home/jiangsuiyang/SSL_CL/runs/fundus_seed0_lcrseg_uniform_relation_kd_full200e/checkpoint_final_site1_RIM_ONE_r3.pt,checkpoint_final_site1_RIM_ONE_r3.pt,lcrseg_v0_1,RIM_ONE_r3,1,compatibility,0,1,51609,51609,1.0,0.979790346644965,51609.0,51609.0,0.9965521161882257,0.9933965802192688,0.9972342848777771,0.9984191060066223,1.0,1.0,1.0,1.0
fundus_seed0_lcrseg_uniform_relation_kd_full200e,/home/jiangsuiyang/SSL_CL/runs/fundus_seed0_lcrseg_uniform_relation_kd_full200e/checkpoint_final_site1_RIM_ONE_r3.pt,checkpoint_final_site1_RIM_ONE_r3.pt,lcrseg_v0_1,RIM_ONE_r3,1,compatibility,0,2,51609,51609,1.0,0.9944970838419656,51609.0,51609.0,0.999018759196581,0.9987047195434571,0.9990550875663757,0.9992635846138,1.0,1.0,1.0,1.0
fundus_seed0_lcrseg_uniform_relation_kd_full200e,/home/jiangsuiyang/SSL_CL/runs/fundus_seed0_lcrseg_uniform_relation_kd_full200e/checkpoint_final_site1_RIM_ONE_r3.pt,checkpoint_final_site1_RIM_ONE_r3.pt,lcrseg_v0_1,RIM_ONE_r3,1,compatibility,0,3,51609,51609,1.0,0.9970935301982212,51609.0,51609.0,0.9994508423512163,0.9993396401405334,0.9994583129882812,0.9995478391647339,1.0,1.0,1.0,1.0
fundus_seed0_lcrseg_uniform_relation_kd_full200e,/home/jiangsuiyang/SSL_CL/runs/fundus_seed0_lcrseg_uniform_relation_kd_full200e/checkpoint_final_site1_RIM_ONE_r3.pt,checkpoint_final_site1_RIM_ONE_r3.pt,lcrseg_v0_1,RIM_ONE_r3,1,compatibility,0,4,51609,51609,1.0,0.9983723769110039,51609.0,51609.0,0.9996477732795315,0.9995855689048767,0.9996508955955505,0.9997043609619141,1.0,1.0,1.0,1.0
fundus_seed0_lcrseg_uniform_relation_kd_full200e,/home/jiangsuiyang/SSL_CL/runs/fundus_seed0_lcrseg_uniform_relation_kd_full200e/checkpoint_final_site1_RIM_ONE_r3.pt,checkpoint_final_site1_RIM_ONE_r3.pt,lcrseg_v0_1,RIM_ONE_r3,1,compatibility,0,5,51609,51609,1.0,0.9988374120792884,51609.0,51609.0,0.9997674833848418,0.999727725982666,0.9997690916061401,0.9998043775558472,1.0,1.0,1.0,1.0
fundus_seed0_lcrseg_uniform_relation_kd_full200e,/home/jiangsuiyang/SSL_CL/runs/fundus_seed0_lcrseg_uniform_relation_kd_full200e/checkpoint_final_site1_RIM_ONE_r3.pt,checkpoint_final_site1_RIM_ONE_r3.pt,lcrseg_v0_1,RIM_ONE_r3,1,compatibility,0,6,51609,51609,1.0,0.9988761650099789,51609.0,51609.0,0.9998469485296276,0.9998200535774231,0.9998478293418884,0.9998722672462463,1.0,1.0,1.0,1.0
fundus_seed0_lcrseg_uniform_relation_kd_full200e,/home/jiangsuiyang/SSL_CL/runs/fundus_seed0_lcrseg_uniform_relation_kd_full200e/checkpoint_final_site1_RIM_ONE_r3.pt,checkpoint_final_site1_RIM_ONE_r3.pt,lcrseg_v0_1,RIM_ONE_r3,1,compatibility,0,7,51609,51609,1.0,0.9990699296634308,51609.0,51609.0,0.9999026273858321,0.9998834729194641,0.9999032616615295,0.9999205470085144,1.0,1.0,1.0,1.0
fundus_seed0_lcrseg_uniform_relation_kd_full200e,/home/jiangsuiyang/SSL_CL/runs/fundus_seed0_lcrseg_uniform_relation_kd_full200e/checkpoint_final_site1_RIM_ONE_r3.pt,checkpoint_final_site1_RIM_ONE_r3.pt,lcrseg_v0_1,RIM_ONE_r3,1,compatibility,0,8,51609,51609,1.0,0.9991086825941212,51609.0,51609.0,0.9999445616331594,0.9999288320541382,0.9999445676803589,0.9999603629112244,1.0,1.0,1.0,1.0
fundus_seed0_lcrseg_uniform_relation_kd_full200e,/home/jiangsuiyang/SSL_CL/runs/fundus_seed0_lcrseg_uniform_relation_kd_full200e/checkpoint_final_site1_RIM_ONE_r3.pt,checkpoint_final_site1_RIM_ONE_r3.pt,lcrseg_v0_1,RIM_ONE_r3,1,compatibility,0,9,51608,51608,1.0,0.9994574484576034,51608.0,51608.0,0.9999825086769735,0.999968409538269,0.9999839067459106,0.9999939799308777,1.0,1.0,1.0,1.0
fundus_seed0_lcrseg_uniform_relation_kd_full200e,/home/jiangsuiyang/SSL_CL/runs/fundus_seed0_lcrseg_uniform_relation_kd_full200e/checkpoint_final_site1_RIM_ONE_r3.pt,checkpoint_final_site1_RIM_ONE_r3.pt,lcrseg_v0_1,RIM_ONE_r3,1,compatibility,1,0,4059,4059,1.0,0.11086474501108648,4059.0,4058.999999999999,0.0,0.0,0.0,0.0,1.0,1.0,1.0,1.0
fundus_seed0_lcrseg_uniform_relation_kd_full200e,/home/jiangsuiyang/SSL_CL/runs/fundus_seed0_lcrseg_uniform_relation_kd_full200e/checkpoint_final_site1_RIM_ONE_r3.pt,checkpoint_final_site1_RIM_ONE_r3.pt,lcrseg_v0_1,RIM_ONE_r3,1,compatibility,1,1,4059,4059,1.0,0.14560236511456023,4059.0,4058.999999999999,0.0,0.0,0.0,0.0,1.0,1.0,1.0,1.0
fundus_seed0_lcrseg_uniform_relation_kd_full200e,/home/jiangsuiyang/SSL_CL/runs/fundus_seed0_lcrseg_uniform_relation_kd_full200e/checkpoint_final_site1_RIM_ONE_r3.pt,checkpoint_final_site1_RIM_ONE_r3.pt,lcrseg_v0_1,RIM_ONE_r3,1,compatibility,1,2,4059,4059,1.0,0.11677753141167775,4059.0,4058.999999999999,0.0,0.0,0.0,0.0,1.0,1.0,1.0,1.0
fundus_seed0_lcrseg_uniform_relation_kd_full200e,/home/jiangsuiyang/SSL_CL/runs/fundus_seed0_lcrseg_uniform_relation_kd_full200e/checkpoint_final_site1_RIM_ONE_r3.pt,checkpoint_final_site1_RIM_ONE_r3.pt,lcrseg_v0_1,RIM_ONE_r3,1,compatibility,1,3,4059,4059,1.0,0.41019955654101997,4059.0,4058.999999999999,0.23138865080656795,0.0,0.30071157217025757,0.44998801946640016,1.0,1.0,1.0,1.0
fundus_seed0_lcrseg_uniform_relation_kd_full200e,/home/jiangsuiyang/SSL_CL/runs/fundus_seed0_lcrseg_uniform_relation_kd_full200e/checkpoint_final_site1_RIM_ONE_r3.pt,checkpoint_final_site1_RIM_ONE_r3.pt,lcrseg_v0_1,RIM_ONE_r3,1,compatibility,1,4,4059,4059,1.0,0.5479182064547918,4059.0,4058.999999999999,0.5894919738199182,0.5022972583770752,0.5939415693283081,0.6653201460838318,1.0,1.0,1.0,1.0
fundus_seed0_lcrseg_uniform_relation_kd_full200e,/home/jiangsuiyang/SSL_CL/runs/fundus_seed0_lcrseg_uniform_relation_kd_full200e/checkpoint_final_site1_RIM_ONE_r3.pt,checkpoint_final_site1_RIM_ONE_r3.pt,lcrseg_v0_1,RIM_ONE_r3,1,compatibility,1,5,4059,4059,1.0,0.5764966740576497,4059.0,4058.999999999999,0.755911765984932,0.6998701810836792,0.7492282390594482,0.8134601950645447,1.0,1.0,1.0,1.0
fundus_seed0_lcrseg_uniform_relation_kd_full200e,/home/jiangsuiyang/SSL_CL/runs/fundus_seed0_lcrseg_uniform_relation_kd_full200e/checkpoint_final_site1_RIM_ONE_r3.pt,checkpoint_final_site1_RIM_ONE_r3.pt,lcrseg_v0_1,RIM_ONE_r3,1,compatibility,1,6,4059,4059,1.0,0.6092633653609263,4059.0,4058.999999999999,0.8825916515015769,0.8326102733612061,0.8896094560623169,0.9157478928565979,1.0,1.0,1.0,1.0
fundus_seed0_lcrseg_uniform_relation_kd_full200e,/home/jiangsuiyang/SSL_CL/runs/fundus_seed0_lcrseg_uniform_relation_kd_full200e/checkpoint_final_site1_RIM_ONE_r3.pt,checkpoint_final_site1_RIM_ONE_r3.pt,lcrseg_v0_1,RIM_ONE_r3,1,compatibility,1,7,4059,4059,1.0,0.6272480906627248,4059.0,4058.999999999999,0.9625179524725956,0.9363981366157532,0.966298520565033,0.981747829914093,1.0,1.0,1.0,1.0
fundus_seed0_lcrseg_uniform_relation_kd_full200e,/home/jiangsuiyang/SSL_CL/runs/fundus_seed0_lcrseg_uniform_relation_kd_full200e/checkpoint_final_site1_RIM_ONE_r3.pt,checkpoint_final_site1_RIM_ONE_r3.pt,lcrseg_v0_1,RIM_ONE_r3,1,compatibility,1,8,4059,4059,1.0,0.8036462182803646,4059.0,4058.999999999999,0.9918337025264121,0.9864446640014648,0.9925399422645569,0.9960595011711121,1.0,1.0,1.0,1.0
fundus_seed0_lcrseg_uniform_relation_kd_full200e,/home/jiangsuiyang/SSL_CL/runs/fundus_seed0_lcrseg_uniform_relation_kd_full200e/checkpoint_final_site1_RIM_ONE_r3.pt,checkpoint_final_site1_RIM_ONE_r3.pt,lcrseg_v0_1,RIM_ONE_r3,1,compatibility,1,9,4058,4058,1.0,0.917693445046821,4058.0,4057.999999999999,0.9986277583668889,0.9972593724727631,0.9987933337688446,0.9997035264968872,1.0,1.0,1.0,1.0
fundus_seed0_lcrseg_uniform_relation_kd_full200e,/home/jiangsuiyang/SSL_CL/runs/fundus_seed0_lcrseg_uniform_relation_kd_full200e/checkpoint_final_site1_RIM_ONE_r3.pt,checkpoint_final_site1_RIM_ONE_r3.pt,lcrseg_v0_1,RIM_ONE_r3,1,compatibility,2,0,2393,2393,1.0,0.2565816966151275,2393.0,2392.999999999999,0.0,0.0,0.0,0.0,1.0,1.0,1.0,1.0
fundus_seed0_lcrseg_uniform_relation_kd_full200e,/home/jiangsuiyang/SSL_CL/runs/fundus_seed0_lcrseg_uniform_relation_kd_full200e/checkpoint_final_site1_RIM_ONE_r3.pt,checkpoint_final_site1_RIM_ONE_r3.pt,lcrseg_v0_1,RIM_ONE_r3,1,compatibility,2,1,2393,2393,1.0,0.3543669034684496,2393.0,2392.999999999999,0.0,0.0,0.0,0.0,1.0,1.0,1.0,1.0
fundus_seed0_lcrseg_uniform_relation_kd_full200e,/home/jiangsuiyang/SSL_CL/runs/fundus_seed0_lcrseg_uniform_relation_kd_full200e/checkpoint_final_site1_RIM_ONE_r3.pt,checkpoint_final_site1_RIM_ONE_r3.pt,lcrseg_v0_1,RIM_ONE_r3,1,compatibility,2,2,2393,2393,1.0,0.0873380693689929,2393.0,2392.999999999999,0.0,0.0,0.0,0.0,1.0,1.0,1.0,1.0
fundus_seed0_lcrseg_uniform_relation_kd_full200e,/home/jiangsuiyang/SSL_CL/runs/fundus_seed0_lcrseg_uniform_relation_kd_full200e/checkpoint_final_site1_RIM_ONE_r3.pt,checkpoint_final_site1_RIM_ONE_r3.pt,lcrseg_v0_1,RIM_ONE_r3,1,compatibility,2,3,2393,2393,1.0,0.22732971165900542,2393.0,2392.999999999999,0.0,0.0,0.0,0.0,1.0,1.0,1.0,1.0
fundus_seed0_lcrseg_uniform_relation_kd_full200e,/home/jiangsuiyang/SSL_CL/runs/fundus_seed0_lcrseg_uniform_relation_kd_full200e/checkpoint_final_site1_RIM_ONE_r3.pt,checkpoint_final_site1_RIM_ONE_r3.pt,lcrseg_v0_1,RIM_ONE_r3,1,compatibility,2,4,2393,2393,1.0,0.5048056832427915,2393.0,2392.999999999999,0.5214219647975358,0.3648655414581299,0.535880982875824,0.6664055943489074,1.0,1.0,1.0,1.0
fundus_seed0_lcrseg_uniform_relation_kd_full200e,/home/jiangsuiyang/SSL_CL/runs/fundus_seed0_lcrseg_uniform_relation_kd_full200e/checkpoint_final_site1_RIM_ONE_r3.pt,checkpoint_final_site1_RIM_ONE_r3.pt,lcrseg_v0_1,RIM_ONE_r3,1,compatibility,2,5,2393,2393,1.0,0.6335144170497283,2393.0,2392.999999999999,0.8150388413376256,0.7229348182678222,0.8226436376571655,0.8957507371902466,1.0,1.0,1.0,1.0
fundus_seed0_lcrseg_uniform_relation_kd_full200e,/home/jiangsuiyang/SSL_CL/runs/fundus_seed0_lcrseg_uniform_relation_kd_full200e/checkpoint_final_site1_RIM_ONE_r3.pt,checkpoint_final_site1_RIM_ONE_r3.pt,lcrseg_v0_1,RIM_ONE_r3,1,compatibility,2,6,2393,2393,1.0,0.71541997492687,2393.0,2392.999999999999,0.9555873695248797,0.920296061038971,0.9609114527702332,0.9812417149543762,1.0,1.0,1.0,1.0
fundus_seed0_lcrseg_uniform_relation_kd_full200e,/home/jiangsuiyang/SSL_CL/runs/fundus_seed0_lcrseg_uniform_relation_kd_full200e/checkpoint_final_site1_RIM_ONE_r3.pt,checkpoint_final_site1_RIM_ONE_r3.pt,lcrseg_v0_1,RIM_ONE_r3,1,compatibility,2,7,2393,2393,1.0,0.8152946092770581,2393.0,2392.999999999999,0.9926007716315988,0.9868223309516907,0.993563711643219,0.9965889930725098,1.0,1.0,1.0,1.0
fundus_seed0_lcrseg_uniform_relation_kd_full200e,/home/jiangsuiyang/SSL_CL/runs/fundus_seed0_lcrseg_uniform_relation_kd_full200e/checkpoint_final_site1_RIM_ONE_r3.pt,checkpoint_final_site1_RIM_ONE_r3.pt,lcrseg_v0_1,RIM_ONE_r3,1,compatibility,2,8,2393,2393,1.0,0.856247388215629,2393.0,2392.999999999999,0.9985061173552606,0.9974488615989685,0.9986587762832642,0.9992962956428528,1.0,1.0,1.0,1.0
fundus_seed0_lcrseg_uniform_relation_kd_full200e,/home/jiangsuiyang/SSL_CL/runs/fundus_seed0_lcrseg_uniform_relation_kd_full200e/checkpoint_final_site1_RIM_ONE_r3.pt,checkpoint_final_site1_RIM_ONE_r3.pt,lcrseg_v0_1,RIM_ONE_r3,1,compatibility,2,9,2393,2393,1.0,0.92227329711659,2393.0,2392.999999999999,0.9997555829718479,0.9994999289512634,0.9997865557670593,0.999960744380951,1.0,1.0,1.0,1.0
fundus_seed0_lcrseg_uniform_relation_kd_full200e,/home/jiangsuiyang/SSL_CL/runs/fundus_seed0_lcrseg_uniform_relation_kd_full200e/checkpoint_final_site2_Drishti_GS.pt,checkpoint_final_site2_Drishti_GS.pt,lcrseg_v0_1,Drishti_GS,2,learnability,0,0,33162,28285,0.8529340811772511,0.7497260031818985,3642.459539127536,27084.670028419725,0.10983835532017176,0.0,0.12193026766180992,0.16405560523271562,0.10983835532017176,0.0,0.12193026766180992,0.16405560523271562
fundus_seed0_lcrseg_uniform_relation_kd_full200e,/home/jiangsuiyang/SSL_CL/runs/fundus_seed0_lcrseg_uniform_relation_kd_full200e/checkpoint_final_site2_Drishti_GS.pt,checkpoint_final_site2_Drishti_GS.pt,lcrseg_v0_1,Drishti_GS,2,learnability,0,1,33162,33162,1.0,0.9477112357517641,8427.426603063941,32054.38056580108,0.2541290212612008,0.19077104777097703,0.25194621086120605,0.32149132490158083,0.2541290212612008,0.19077104777097703,0.25194621086120605,0.32149132490158083
fundus_seed0_lcrseg_uniform_relation_kd_full200e,/home/jiangsuiyang/SSL_CL/runs/fundus_seed0_lcrseg_uniform_relation_kd_full200e/checkpoint_final_site2_Drishti_GS.pt,checkpoint_final_site2_Drishti_GS.pt,lcrseg_v0_1,Drishti_GS,2,learnability,0,2,33162,33162,1.0,0.9763886375972498,14242.495556354523,32702.563612791022,0.42948240625880596,0.35791065990924836,0.4306606501340866,0.49881483018398287,0.42948240625880596,0.35791065990924836,0.4306606501340866,0.49881483018398287
fundus_seed0_lcrseg_uniform_relation_kd_full200e,/home/jiangsuiyang/SSL_CL/runs/fundus_seed0_lcrseg_uniform_relation_kd_full200e/checkpoint_final_site2_Drishti_GS.pt,checkpoint_final_site2_Drishti_GS.pt,lcrseg_v0_1,Drishti_GS,2,learnability,0,3,33162,33162,1.0,0.9849225016585248,19242.078209638596,33044.13208577391,0.5802448045847234,0.5296662092208863,0.5832313895225525,0.6254089176654816,0.5802448045847234,0.5296662092208863,0.5832313895225525,0.6254089176654816
fundus_seed0_lcrseg_uniform_relation_kd_full200e,/home/jiangsuiyang/SSL_CL/runs/fundus_seed0_lcrseg_uniform_relation_kd_full200e/checkpoint_final_site2_Drishti_GS.pt,checkpoint_final_site2_Drishti_GS.pt,lcrseg_v0_1,Drishti_GS,2,learnability,0,4,33162,33162,1.0,0.9881792413002835,22137.271358311176,33140.884476165236,0.6675493443794457,0.6424658536911011,0.6695631742477417,0.6889229059219361,0.6675493443794457,0.6424658536911011,0.6695631742477417,0.6889229059219361
fundus_seed0_lcrseg_uniform_relation_kd_full200e,/home/jiangsuiyang/SSL_CL/runs/fundus_seed0_lcrseg_uniform_relation_kd_full200e/checkpoint_final_site2_Drishti_GS.pt,checkpoint_final_site2_Drishti_GS.pt,lcrseg_v0_1,Drishti_GS,2,learnability,0,5,33162,33162,1.0,0.9888728062239913,23432.69245392084,33158.87093187433,0.706612763220579,0.6963081538677216,0.7075346112251282,0.7152095854282379,0.706612763220579,0.6963081538677216,0.7075346112251282,0.7152095854282379
fundus_seed0_lcrseg_uniform_relation_kd_full200e,/home/jiangsuiyang/SSL_CL/runs/fundus_seed0_lcrseg_uniform_relation_kd_full200e/checkpoint_final_site2_Drishti_GS.pt,checkpoint_final_site2_Drishti_GS.pt,lcrseg_v0_1,Drishti_GS,2,learnability,0,6,33162,33162,1.0,0.9876666063566732,23942.17064154148,33161.571812505455,0.721976076278315,0.7180719494819641,0.7223412096500397,0.7252117931842804,0.721976076278315,0.7180719494819641,0.7223412096500397,0.7252117931842804
fundus_seed0_lcrseg_uniform_relation_kd_full200e,/home/jiangsuiyang/SSL_CL/runs/fundus_seed0_lcrseg_uniform_relation_kd_full200e/checkpoint_final_site2_Drishti_GS.pt,checkpoint_final_site2_Drishti_GS.pt,lcrseg_v0_1,Drishti_GS,2,learnability,0,7,33162,33162,1.0,0.9864604064893553,24132.401189029217,33161.94270875978,0.7277124778068035,0.7262702584266663,0.7278487086296082,0.7289042949676514,0.7277124778068035,0.7262702584266663,0.7278487086296082,0.7289042949676514
fundus_seed0_lcrseg_uniform_relation_kd_full200e,/home/jiangsuiyang/SSL_CL/runs/fundus_seed0_lcrseg_uniform_relation_kd_full200e/checkpoint_final_site2_Drishti_GS.pt,checkpoint_final_site2_Drishti_GS.pt,lcrseg_v0_1,Drishti_GS,2,learnability,0,8,33162,33162,1.0,0.9755744526868102,24202.31872880459,33161.99233505606,0.7298208409868099,0.7292925179004669,0.7298701703548431,0.7302583456039429,0.7298208409868099,0.7292925179004669,0.7298701703548431,0.7302583456039429
fundus_seed0_lcrseg_uniform_relation_kd_full200e,/home/jiangsuiyang/SSL_CL/runs/fundus_seed0_lcrseg_uniform_relation_kd_full200e/checkpoint_final_site2_Drishti_GS.pt,checkpoint_final_site2_Drishti_GS.pt,lcrseg_v0_1,Drishti_GS,2,learnability,0,9,33161,33161,1.0,0.9267814601489702,24248.758413016796,33154.223160884154,0.7312432801488735,0.730401873588562,0.7306178212165833,0.7307678461074829,0.7312432801488735,0.730401873588562,0.7306178212165833,0.7307678461074829
fundus_seed0_lcrseg_uniform_relation_kd_full200e,/home/jiangsuiyang/SSL_CL/runs/fundus_seed0_lcrseg_uniform_relation_kd_full200e/checkpoint_final_site2_Drishti_GS.pt,checkpoint_final_site2_Drishti_GS.pt,lcrseg_v0_1,Drishti_GS,2,learnability,1,0,3044,88,0.02890932982917214,0.6590909090909091,4.6845371294766665,83.88025089860928,0.001538941238330048,0.0,0.0,0.0,0.001538941238330048,0.0,0.0,0.0
fundus_seed0_lcrseg_uniform_relation_kd_full200e,/home/jiangsuiyang/SSL_CL/runs/fundus_seed0_lcrseg_uniform_relation_kd_full200e/checkpoint_final_site2_Drishti_GS.pt,checkpoint_final_site2_Drishti_GS.pt,lcrseg_v0_1,Drishti_GS,2,learnability,1,1,3044,3044,1.0,0.46977660972404733,509.41024795919657,2822.8149492791385,0.1673489645069634,0.10343790277838708,0.167149618268013,0.23131220042705541,0.1673489645069634,0.10343790277838708,0.167149618268013,0.23131220042705541
fundus_seed0_lcrseg_uniform_relation_kd_full200e,/home/jiangsuiyang/SSL_CL/runs/fundus_seed0_lcrseg_uniform_relation_kd_full200e/checkpoint_final_site2_Drishti_GS.pt,checkpoint_final_site2_Drishti_GS.pt,lcrseg_v0_1,Drishti_GS,2,learnability,1,2,3044,3044,1.0,0.49342969776609724,1019.5777151286602,2975.8378707207144,0.33494668696736535,0.26605919301509856,0.3338705450296402,0.4061844766139985,0.33494668696736535,0.26605919301509856,0.3338705450296402,0.4061844766139985
fundus_seed0_lcrseg_uniform_relation_kd_full200e,/home/jiangsuiyang/SSL_CL/runs/fundus_seed0_lcrseg_uniform_relation_kd_full200e/checkpoint_final_site2_Drishti_GS.pt,checkpoint_final_site2_Drishti_GS.pt,lcrseg_v0_1,Drishti_GS,2,learnability,1,3,3044,3044,1.0,0.6277923784494087,1528.5306642353535,3022.176238530996,0.5021454218907205,0.4412101715803146,0.5048684775829315,0.5592147648334503,0.5021454218907205,0.4412101715803146,0.5048684775829315,0.5592147648334503
fundus_seed0_lcrseg_uniform_relation_kd_full200e,/home/jiangsuiyang/SSL_CL/runs/fundus_seed0_lcrseg_uniform_relation_kd_full200e/checkpoint_final_site2_Drishti_GS.pt,checkpoint_final_site2_Drishti_GS.pt,lcrseg_v0_1,Drishti_GS,2,learnability,1,4,3044,3044,1.0,0.6849540078843627,1897.4202970862389,3038.665445447958,0.6233312408299077,0.5843977272510529,0.6267068684101105,0.6563660264015198,0.6233312408299077,0.5843977272510529,0.6267068684101105,0.6563660264015198
fundus_seed0_lcrseg_uniform_relation_kd_full200e,/home/jiangsuiyang/SSL_CL/runs/fundus_seed0_lcrseg_uniform_relation_kd_full200e/checkpoint_final_site2_Drishti_GS.pt,checkpoint_final_site2_Drishti_GS.pt,lcrseg_v0_1,Drishti_GS,2,learnability,1,5,3043,3043,1.0,0.7163982911600394,2094.205982029438,3041.9623487600998,0.6882043976435879,0.6688458800315857,0.6902481317520142,0.7038210511207581,0.6882043976435879,0.6688458800315857,0.6902481317520142,0.7038210511207581
fundus_seed0_lcrseg_uniform_relation_kd_full200e,/home/jiangsuiyang/SSL_CL/runs/fundus_seed0_lcrseg_uniform_relation_kd_full200e/checkpoint_final_site2_Drishti_GS.pt,checkpoint_final_site2_Drishti_GS.pt,lcrseg_v0_1,Drishti_GS,2,learnability,1,6,3043,3043,1.0,0.7371015445284259,2175.895170748234,3042.8883089924684,0.7150493495722096,0.7085027575492859,0.715726375579834,0.7204253911972046,0.7150493495722096,0.7085027575492859,0.715726375579834,0.7204253911972046
fundus_seed0_lcrseg_uniform_relation_kd_full200e,/home/jiangsuiyang/SSL_CL/runs/fundus_seed0_lcrseg_uniform_relation_kd_full200e/checkpoint_final_site2_Drishti_GS.pt,checkpoint_final_site2_Drishti_GS.pt,lcrseg_v0_1,Drishti_GS,2,learnability,1,7,3043,3043,1.0,0.7302004600722971,2205.0691035985947,3042.985139505404,0.7246365769301987,0.7222038030624389,0.7248746156692505,0.7266051530838012,0.7246365769301987,0.7222038030624389,0.7248746156692505,0.7266051530838012
fundus_seed0_lcrseg_uniform_relation_kd_full200e,/home/jiangsuiyang/SSL_CL/runs/fundus_seed0_lcrseg_uniform_relation_kd_full200e/checkpoint_final_site2_Drishti_GS.pt,checkpoint_final_site2_Drishti_GS.pt,lcrseg_v0_1,Drishti_GS,2,learnability,1,8,3043,3043,1.0,0.7127834373973053,2216.171384513378,3042.997355541526,0.7282850425610838,0.727284288406372,0.7283588647842407,0.7291532397270203,0.7282850425610838,0.727284288406372,0.7283588647842407,0.7291532397270203
fundus_seed0_lcrseg_uniform_relation_kd_full200e,/home/jiangsuiyang/SSL_CL/runs/fundus_seed0_lcrseg_uniform_relation_kd_full200e/checkpoint_final_site2_Drishti_GS.pt,checkpoint_final_site2_Drishti_GS.pt,lcrseg_v0_1,Drishti_GS,2,learnability,1,9,3043,3043,1.0,0.7068682221491949,2228.712449848652,3041.6607795560767,0.7324063259443483,0.7294792056083679,0.7300502061843872,0.7305880188941956,0.7324063259443483,0.7294792056083679,0.7300502061843872,0.7305880188941956
fundus_seed0_lcrseg_uniform_relation_kd_full200e,/home/jiangsuiyang/SSL_CL/runs/fundus_seed0_lcrseg_uniform_relation_kd_full200e/checkpoint_final_site2_Drishti_GS.pt,checkpoint_final_site2_Drishti_GS.pt,lcrseg_v0_1,Drishti_GS,2,learnability,2,0,1581,1035,0.6546489563567363,0.7652173913043478,195.76377378217876,908.9087180413179,0.12382275381541984,0.0,0.12811973690986633,0.2710793614387512,0.12382275381541984,0.0,0.12811973690986633,0.2710793614387512
fundus_seed0_lcrseg_uniform_relation_kd_full200e,/home/jiangsuiyang/SSL_CL/runs/fundus_seed0_lcrseg_uniform_relation_kd_full200e/checkpoint_final_site2_Drishti_GS.pt,checkpoint_final_site2_Drishti_GS.pt,lcrseg_v0_1,Drishti_GS,2,learnability,2,1,1581,1581,1.0,0.8298545224541429,672.0662779808044,1544.1227760122538,0.4250893598866568,0.3287448585033417,0.43117135763168335,0.508646547794342,0.4250893598866568,0.3287448585033417,0.43117135763168335,0.508646547794342
fundus_seed0_lcrseg_uniform_relation_kd_full200e,/home/jiangsuiyang/SSL_CL/runs/fundus_seed0_lcrseg_uniform_relation_kd_full200e/checkpoint_final_site2_Drishti_GS.pt,checkpoint_final_site2_Drishti_GS.pt,lcrseg_v0_1,Drishti_GS,2,learnability,2,2,1580,1580,1.0,0.8829113924050633,935.1130008101463,1574.7465261821892,0.5918436713988268,0.5402572572231292,0.5965613722801208,0.634805953502655,0.5918436713988268,0.5402572572231292,0.5965613722801208,0.634805953502655
fundus_seed0_lcrseg_uniform_relation_kd_full200e,/home/jiangsuiyang/SSL_CL/runs/fundus_seed0_lcrseg_uniform_relation_kd_full200e/checkpoint_final_site2_Drishti_GS.pt,checkpoint_final_site2_Drishti_GS.pt,lcrseg_v0_1,Drishti_GS,2,learnability,2,3,1580,1580,1.0,0.9297468354430379,1060.7133331298828,1579.2035724800205,0.6713375526138499,0.649261736869812,0.6732968986034393,0.690495389699936,0.6713375526138499,0.649261736869812,0.6732968986034393,0.690495389699936
fundus_seed0_lcrseg_uniform_relation_kd_full200e,/home/jiangsuiyang/SSL_CL/runs/fundus_seed0_lcrseg_uniform_relation_kd_full200e/checkpoint_final_site2_Drishti_GS.pt,checkpoint_final_site2_Drishti_GS.pt,lcrseg_v0_1,Drishti_GS,2,learnability,2,4,1580,1580,1.0,0.9386075949367089,1114.6679956316948,1579.888644591731,0.705486073184617,0.6965794265270233,0.7061701416969299,0.7128878593444824,0.705486073184617,0.6965794265270233,0.7061701416969299,0.7128878593444824
fundus_seed0_lcrseg_uniform_relation_kd_full200e,/home/jiangsuiyang/SSL_CL/runs/fundus_seed0_lcrseg_uniform_relation_kd_full200e/checkpoint_final_site2_Drishti_GS.pt,checkpoint_final_site2_Drishti_GS.pt,lcrseg_v0_1,Drishti_GS,2,learnability,2,5,1580,1580,1.0,0.9424050632911393,1136.4061009287834,1579.9808319180781,0.7192443676764452,0.7155922472476959,0.7194945812225342,0.7224513947963714,0.7192443676764452,0.7155922472476959,0.7194945812225342,0.7224513947963714
fundus_seed0_lcrseg_uniform_relation_kd_full200e,/home/jiangsuiyang/SSL_CL/runs/fundus_seed0_lcrseg_uniform_relation_kd_full200e/checkpoint_final_site2_Drishti_GS.pt,checkpoint_final_site2_Drishti_GS.pt,lcrseg_v0_1,Drishti_GS,2,learnability,2,6,1580,1580,1.0,0.950632911392405,1146.2172287106514,1579.9956746461141,0.7254539422219313,0.7236663281917572,0.7255603969097137,0.7269950270652771,0.7254539422219313,0.7236663281917572,0.7255603969097137,0.7269950270652771
fundus_seed0_lcrseg_uniform_relation_kd_full200e,/home/jiangsuiyang/SSL_CL/runs/fundus_seed0_lcrseg_uniform_relation_kd_full200e/checkpoint_final_site2_Drishti_GS.pt,checkpoint_final_site2_Drishti_GS.pt,lcrseg_v0_1,Drishti_GS,2,learnability,2,7,1580,1580,1.0,0.9664556962025317,1150.8995078206062,1579.9989933243626,0.7284174100130419,0.7275703072547912,0.7284820079803467,0.7291547596454621,0.7284174100130419,0.7275703072547912,0.7284820079803467,0.7291547596454621
fundus_seed0_lcrseg_uniform_relation_kd_full200e,/home/jiangsuiyang/SSL_CL/runs/fundus_seed0_lcrseg_uniform_relation_kd_full200e/checkpoint_final_site2_Drishti_GS.pt,checkpoint_final_site2_Drishti_GS.pt,lcrseg_v0_1,Drishti_GS,2,learnability,2,8,1580,1580,1.0,0.9772151898734177,1153.1825197935104,1579.9997513216492,0.7298623542996902,0.7294402658939362,0.7298814952373505,0.7302394688129425,0.7298623542996902,0.7294402658939362,0.7298814952373505,0.7302394688129425
fundus_seed0_lcrseg_uniform_relation_kd_full200e,/home/jiangsuiyang/SSL_CL/runs/fundus_seed0_lcrseg_uniform_relation_kd_full200e/checkpoint_final_site2_Drishti_GS.pt,checkpoint_final_site2_Drishti_GS.pt,lcrseg_v0_1,Drishti_GS,2,learnability,2,9,1580,1580,1.0,0.9848101265822785,1154.327639400959,1579.999940183899,0.7305871135449108,0.7303816139698028,0.7305973172187805,0.7307723999023438,0.7305871135449108,0.7303816139698028,0.7305973172187805,0.7307723999023438
fundus_seed0_lcrseg_uniform_relation_kd_full200e,/home/jiangsuiyang/SSL_CL/runs/fundus_seed0_lcrseg_uniform_relation_kd_full200e/checkpoint_final_site2_Drishti_GS.pt,checkpoint_final_site2_Drishti_GS.pt,lcrseg_v0_1,Drishti_GS,2,compatibility,0,0,34128,34128,1.0,0.4063818565400844,34128.0,34128.0,0.5734458421752122,0.0,0.8021257519721985,0.9725662887096405,1.0,1.0,1.0,1.0
fundus_seed0_lcrseg_uniform_relation_kd_full200e,/home/jiangsuiyang/SSL_CL/runs/fundus_seed0_lcrseg_uniform_relation_kd_full200e/checkpoint_final_site2_Drishti_GS.pt,checkpoint_final_site2_Drishti_GS.pt,lcrseg_v0_1,Drishti_GS,2,compatibility,0,1,34128,34128,1.0,0.8861638537271449,34128.0,34128.0,0.9923024834830103,0.9860700368881226,0.9937362372875214,0.9957968115806579,1.0,1.0,1.0,1.0
fundus_seed0_lcrseg_uniform_relation_kd_full200e,/home/jiangsuiyang/SSL_CL/runs/fundus_seed0_lcrseg_uniform_relation_kd_full200e/checkpoint_final_site2_Drishti_GS.pt,checkpoint_final_site2_Drishti_GS.pt,lcrseg_v0_1,Drishti_GS,2,compatibility,0,2,34128,34128,1.0,0.9776136896390061,34128.0,34128.0,0.9968624413764454,0.9962985336780548,0.9969115853309631,0.9973322749137878,1.0,1.0,1.0,1.0
fundus_seed0_lcrseg_uniform_relation_kd_full200e,/home/jiangsuiyang/SSL_CL/runs/fundus_seed0_lcrseg_uniform_relation_kd_full200e/checkpoint_final_site2_Drishti_GS.pt,checkpoint_final_site2_Drishti_GS.pt,lcrseg_v0_1,Drishti_GS,2,compatibility,0,3,34128,34128,1.0,0.9855543834974215,34128.0,34128.0,0.9978073104775907,0.9975092053413391,0.9978188872337341,0.9980843663215637,1.0,1.0,1.0,1.0
fundus_seed0_lcrseg_uniform_relation_kd_full200e,/home/jiangsuiyang/SSL_CL/runs/fundus_seed0_lcrseg_uniform_relation_kd_full200e/checkpoint_final_site2_Drishti_GS.pt,checkpoint_final_site2_Drishti_GS.pt,lcrseg_v0_1,Drishti_GS,2,compatibility,0,4,34128,34128,1.0,0.9871073605250821,34128.0,34128.0,0.9984055152010091,0.9982005953788757,0.9984109997749329,0.9986005425453186,1.0,1.0,1.0,1.0
fundus_seed0_lcrseg_uniform_relation_kd_full200e,/home/jiangsuiyang/SSL_CL/runs/fundus_seed0_lcrseg_uniform_relation_kd_full200e/checkpoint_final_site2_Drishti_GS.pt,checkpoint_final_site2_Drishti_GS.pt,lcrseg_v0_1,Drishti_GS,2,compatibility,0,5,34128,34128,1.0,0.9890119549929677,34128.0,34128.0,0.9988562217671241,0.998691737651825,0.9988600015640259,0.9990150928497314,1.0,1.0,1.0,1.0
fundus_seed0_lcrseg_uniform_relation_kd_full200e,/home/jiangsuiyang/SSL_CL/runs/fundus_seed0_lcrseg_uniform_relation_kd_full200e/checkpoint_final_site2_Drishti_GS.pt,checkpoint_final_site2_Drishti_GS.pt,lcrseg_v0_1,Drishti_GS,2,compatibility,0,6,34128,34128,1.0,0.9903598218471636,34128.0,34128.0,0.9992252622695663,0.9990875720977783,0.9992287158966064,0.9993563294410706,1.0,1.0,1.0,1.0
fundus_seed0_lcrseg_uniform_relation_kd_full200e,/home/jiangsuiyang/SSL_CL/runs/fundus_seed0_lcrseg_uniform_relation_kd_full200e/checkpoint_final_site2_Drishti_GS.pt,checkpoint_final_site2_Drishti_GS.pt,lcrseg_v0_1,Drishti_GS,2,compatibility,0,7,34127,34127,1.0,0.9893925630732264,34127.0,34127.0,0.9995228297984209,0.9994146823883057,0.9995245933532715,0.9996283650398254,1.0,1.0,1.0,1.0
fundus_seed0_lcrseg_uniform_relation_kd_full200e,/home/jiangsuiyang/SSL_CL/runs/fundus_seed0_lcrseg_uniform_relation_kd_full200e/checkpoint_final_site2_Drishti_GS.pt,checkpoint_final_site2_Drishti_GS.pt,lcrseg_v0_1,Drishti_GS,2,compatibility,0,8,34127,34127,1.0,0.9882497729070824,34127.0,34127.0,0.9997692312064465,0.9996780157089233,0.9997711181640625,0.9998573660850525,1.0,1.0,1.0,1.0
fundus_seed0_lcrseg_uniform_relation_kd_full200e,/home/jiangsuiyang/SSL_CL/runs/fundus_seed0_lcrseg_uniform_relation_kd_full200e/checkpoint_final_site2_Drishti_GS.pt,checkpoint_final_site2_Drishti_GS.pt,lcrseg_v0_1,Drishti_GS,2,compatibility,0,9,34127,34127,1.0,0.9887186098983209,34127.0,34127.0,0.9999487406307594,0.9998951554298401,0.9999545812606812,0.9999911189079285,1.0,1.0,1.0,1.0
fundus_seed0_lcrseg_uniform_relation_kd_full200e,/home/jiangsuiyang/SSL_CL/runs/fundus_seed0_lcrseg_uniform_relation_kd_full200e/checkpoint_final_site2_Drishti_GS.pt,checkpoint_final_site2_Drishti_GS.pt,lcrseg_v0_1,Drishti_GS,2,compatibility,1,0,2922,2922,1.0,0.15195071868583163,2922.0,2921.999999999999,0.0,0.0,0.0,0.0,1.0,1.0,1.0,1.0
fundus_seed0_lcrseg_uniform_relation_kd_full200e,/home/jiangsuiyang/SSL_CL/runs/fundus_seed0_lcrseg_uniform_relation_kd_full200e/checkpoint_final_site2_Drishti_GS.pt,checkpoint_final_site2_Drishti_GS.pt,lcrseg_v0_1,Drishti_GS,2,compatibility,1,1,2922,2922,1.0,0.24537987679671458,2922.0,2921.999999999999,0.0,0.0,0.0,0.0,1.0,1.0,1.0,1.0
fundus_seed0_lcrseg_uniform_relation_kd_full200e,/home/jiangsuiyang/SSL_CL/runs/fundus_seed0_lcrseg_uniform_relation_kd_full200e/checkpoint_final_site2_Drishti_GS.pt,checkpoint_final_site2_Drishti_GS.pt,lcrseg_v0_1,Drishti_GS,2,compatibility,1,2,2922,2922,1.0,0.2002053388090349,2922.0,2921.999999999999,0.0,0.0,0.0,0.0,1.0,1.0,1.0,1.0
fundus_seed0_lcrseg_uniform_relation_kd_full200e,/home/jiangsuiyang/SSL_CL/runs/fundus_seed0_lcrseg_uniform_relation_kd_full200e/checkpoint_final_site2_Drishti_GS.pt,checkpoint_final_site2_Drishti_GS.pt,lcrseg_v0_1,Drishti_GS,2,compatibility,1,3,2922,2922,1.0,0.63347022587269,2922.0,2921.999999999999,0.32466887403980743,0.05203437022864819,0.3793589472770691,0.5063537895679474,1.0,1.0,1.0,1.0
fundus_seed0_lcrseg_uniform_relation_kd_full200e,/home/jiangsuiyang/SSL_CL/runs/fundus_seed0_lcrseg_uniform_relation_kd_full200e/checkpoint_final_site2_Drishti_GS.pt,checkpoint_final_site2_Drishti_GS.pt,lcrseg_v0_1,Drishti_GS,2,compatibility,1,4,2922,2922,1.0,0.5903490759753593,2922.0,2921.999999999999,0.6366632915701791,0.5581336319446564,0.6416043937206268,0.7069327056407928,1.0,1.0,1.0,1.0
fundus_seed0_lcrseg_uniform_relation_kd_full200e,/home/jiangsuiyang/SSL_CL/runs/fundus_seed0_lcrseg_uniform_relation_kd_full200e/checkpoint_final_site2_Drishti_GS.pt,checkpoint_final_site2_Drishti_GS.pt,lcrseg_v0_1,Drishti_GS,2,compatibility,1,5,2922,2922,1.0,0.5739219712525667,2922.0,2921.999999999999,0.7877943257939563,0.7352718889713288,0.79063281416893,0.8369865953922272,1.0,1.0,1.0,1.0
fundus_seed0_lcrseg_uniform_relation_kd_full200e,/home/jiangsuiyang/SSL_CL/runs/fundus_seed0_lcrseg_uniform_relation_kd_full200e/checkpoint_final_site2_Drishti_GS.pt,checkpoint_final_site2_Drishti_GS.pt,lcrseg_v0_1,Drishti_GS,2,compatibility,1,6,2922,2922,1.0,0.5184804928131417,2922.0,2921.999999999999,0.8924850382109687,0.8593101620674133,0.8955219388008118,0.9202905178070069,1.0,1.0,1.0,1.0
fundus_seed0_lcrseg_uniform_relation_kd_full200e,/home/jiangsuiyang/SSL_CL/runs/fundus_seed0_lcrseg_uniform_relation_kd_full200e/checkpoint_final_site2_Drishti_GS.pt,checkpoint_final_site2_Drishti_GS.pt,lcrseg_v0_1,Drishti_GS,2,compatibility,1,7,2922,2922,1.0,0.49589322381930184,2922.0,2921.999999999999,0.9519275506215092,0.9326843559741974,0.9536367952823639,0.9680681884288788,1.0,1.0,1.0,1.0
fundus_seed0_lcrseg_uniform_relation_kd_full200e,/home/jiangsuiyang/SSL_CL/runs/fundus_seed0_lcrseg_uniform_relation_kd_full200e/checkpoint_final_site2_Drishti_GS.pt,checkpoint_final_site2_Drishti_GS.pt,lcrseg_v0_1,Drishti_GS,2,compatibility,1,8,2922,2922,1.0,0.5369609856262834,2922.0,2921.999999999999,0.9816287396951214,0.9736142218112945,0.9820714890956879,0.988665783405304,1.0,1.0,1.0,1.0
fundus_seed0_lcrseg_uniform_relation_kd_full200e,/home/jiangsuiyang/SSL_CL/runs/fundus_seed0_lcrseg_uniform_relation_kd_full200e/checkpoint_final_site2_Drishti_GS.pt,checkpoint_final_site2_Drishti_GS.pt,lcrseg_v0_1,Drishti_GS,2,compatibility,1,9,2921,2921,1.0,0.5669291338582677,2921.0,2920.999999999999,0.9954506880981553,0.991364061832428,0.9957069158554077,0.999078094959259,1.0,1.0,1.0,1.0
fundus_seed0_lcrseg_uniform_relation_kd_full200e,/home/jiangsuiyang/SSL_CL/runs/fundus_seed0_lcrseg_uniform_relation_kd_full200e/checkpoint_final_site2_Drishti_GS.pt,checkpoint_final_site2_Drishti_GS.pt,lcrseg_v0_1,Drishti_GS,2,compatibility,2,0,736,736,1.0,0.9823369565217391,736.0,735.999999999999,0.11326349051618624,0.0,0.06616506725549698,0.3045606315135956,1.0,1.0,1.0,1.0
fundus_seed0_lcrseg_uniform_relation_kd_full200e,/home/jiangsuiyang/SSL_CL/runs/fundus_seed0_lcrseg_uniform_relation_kd_full200e/checkpoint_final_site2_Drishti_GS.pt,checkpoint_final_site2_Drishti_GS.pt,lcrseg_v0_1,Drishti_GS,2,compatibility,2,1,736,736,1.0,0.9823369565217391,736.0,735.999999999999,0.4999171129792281,0.39010290801525116,0.5108197629451752,0.5913604497909546,1.0,1.0,1.0,1.0
fundus_seed0_lcrseg_uniform_relation_kd_full200e,/home/jiangsuiyang/SSL_CL/runs/fundus_seed0_lcrseg_uniform_relation_kd_full200e/checkpoint_final_site2_Drishti_GS.pt,checkpoint_final_site2_Drishti_GS.pt,lcrseg_v0_1,Drishti_GS,2,compatibility,2,2,736,736,1.0,0.9741847826086957,736.0,735.999999999999,0.6871129650136699,0.6275955736637115,0.6900724172592163,0.7401160299777985,1.0,1.0,1.0,1.0
fundus_seed0_lcrseg_uniform_relation_kd_full200e,/home/jiangsuiyang/SSL_CL/runs/fundus_seed0_lcrseg_uniform_relation_kd_full200e/checkpoint_final_site2_Drishti_GS.pt,checkpoint_final_site2_Drishti_GS.pt,lcrseg_v0_1,Drishti_GS,2,compatibility,2,3,736,736,1.0,0.9809782608695652,736.0,735.999999999999,0.8115426181289165,0.762223094701767,0.8136660158634186,0.8555500507354736,1.0,1.0,1.0,1.0
fundus_seed0_lcrseg_uniform_relation_kd_full200e,/home/jiangsuiyang/SSL_CL/runs/fundus_seed0_lcrseg_uniform_relation_kd_full200e/checkpoint_final_site2_Drishti_GS.pt,checkpoint_final_site2_Drishti_GS.pt,lcrseg_v0_1,Drishti_GS,2,compatibility,2,4,736,736,1.0,0.9877717391304348,736.0,735.999999999999,0.9003573863402657,0.8730027079582214,0.9016636312007904,0.925813764333725,1.0,1.0,1.0,1.0
fundus_seed0_lcrseg_uniform_relation_kd_full200e,/home/jiangsuiyang/SSL_CL/runs/fundus_seed0_lcrseg_uniform_relation_kd_full200e/checkpoint_final_site2_Drishti_GS.pt,checkpoint_final_site2_Drishti_GS.pt,lcrseg_v0_1,Drishti_GS,2,compatibility,2,5,736,736,1.0,0.9918478260869565,736.0,735.999999999999,0.956611204325505,0.9384792447090149,0.9584418535232544,0.9706148505210876,1.0,1.0,1.0,1.0
fundus_seed0_lcrseg_uniform_relation_kd_full200e,/home/jiangsuiyang/SSL_CL/runs/fundus_seed0_lcrseg_uniform_relation_kd_full200e/checkpoint_final_site2_Drishti_GS.pt,checkpoint_final_site2_Drishti_GS.pt,lcrseg_v0_1,Drishti_GS,2,compatibility,2,6,736,736,1.0,0.9945652173913043,736.0,735.999999999999,0.9824781443761743,0.9757010340690613,0.9828285574913025,0.9882261753082275,1.0,1.0,1.0,1.0
fundus_seed0_lcrseg_uniform_relation_kd_full200e,/home/jiangsuiyang/SSL_CL/runs/fundus_seed0_lcrseg_uniform_relation_kd_full200e/checkpoint_final_site2_Drishti_GS.pt,checkpoint_final_site2_Drishti_GS.pt,lcrseg_v0_1,Drishti_GS,2,compatibility,2,7,736,736,1.0,0.9918478260869565,736.0,735.999999999999,0.9931148212888966,0.99029541015625,0.9933184087276459,0.9956846833229065,1.0,1.0,1.0,1.0
fundus_seed0_lcrseg_uniform_relation_kd_full200e,/home/jiangsuiyang/SSL_CL/runs/fundus_seed0_lcrseg_uniform_relation_kd_full200e/checkpoint_final_site2_Drishti_GS.pt,checkpoint_final_site2_Drishti_GS.pt,lcrseg_v0_1,Drishti_GS,2,compatibility,2,8,736,736,1.0,0.9959239130434783,736.0,735.999999999999,0.9976604333876268,0.9965017437934875,0.9977579116821289,0.9987056255340576,1.0,1.0,1.0,1.0
fundus_seed0_lcrseg_uniform_relation_kd_full200e,/home/jiangsuiyang/SSL_CL/runs/fundus_seed0_lcrseg_uniform_relation_kd_full200e/checkpoint_final_site2_Drishti_GS.pt,checkpoint_final_site2_Drishti_GS.pt,lcrseg_v0_1,Drishti_GS,2,compatibility,2,9,736,736,1.0,0.9945652173913043,736.0,735.999999999999,0.9995281918217307,0.9990425407886505,0.9995678663253784,0.9999407231807709,1.0,1.0,1.0,1.0
fundus_seed0_lcrseg_no_learnability_full200e,/home/jiangsuiyang/SSL_CL/runs/fundus_seed0_lcrseg_no_learnability_full200e/checkpoint_final_site0_REFUGE.pt,checkpoint_final_site0_REFUGE.pt,lcrseg_v0_1,REFUGE,0,learnability,0,0,131355,126106,0.9600395873777169,0.9109955117123689,126106.0,126106.0,0.13017805798985607,0.08494932502508164,0.13229462504386902,0.1813482254743576,0.9600395873777169,1.0,1.0,1.0
fundus_seed0_lcrseg_no_learnability_full200e,/home/jiangsuiyang/SSL_CL/runs/fundus_seed0_lcrseg_no_learnability_full200e/checkpoint_final_site0_REFUGE.pt,checkpoint_final_site0_REFUGE.pt,lcrseg_v0_1,REFUGE,0,learnability,0,1,131355,131355,1.0,0.9923946557040082,131355.0,131355.0,0.2762509033501949,0.20998773872852325,0.27452319860458374,0.3456683695316315,1.0,1.0,1.0,1.0
fundus_seed0_lcrseg_no_learnability_full200e,/home/jiangsuiyang/SSL_CL/runs/fundus_seed0_lcrseg_no_learnability_full200e/checkpoint_final_site0_REFUGE.pt,checkpoint_final_site0_REFUGE.pt,lcrseg_v0_1,REFUGE,0,learnability,0,2,131355,131355,1.0,0.9946024133074493,131355.0,131355.0,0.45173800091118904,0.3821654498577118,0.45343300700187683,0.5181853413581848,1.0,1.0,1.0,1.0
fundus_seed0_lcrseg_no_learnability_full200e,/home/jiangsuiyang/SSL_CL/runs/fundus_seed0_lcrseg_no_learnability_full200e/checkpoint_final_site0_REFUGE.pt,checkpoint_final_site0_REFUGE.pt,lcrseg_v0_1,REFUGE,0,learnability,0,3,131355,131355,1.0,0.9963686193902022,131355.0,131355.0,0.593419991518872,0.5469794869422913,0.5962761640548706,0.6346181988716125,1.0,1.0,1.0,1.0
fundus_seed0_lcrseg_no_learnability_full200e,/home/jiangsuiyang/SSL_CL/runs/fundus_seed0_lcrseg_no_learnability_full200e/checkpoint_final_site0_REFUGE.pt,checkpoint_final_site0_REFUGE.pt,lcrseg_v0_1,REFUGE,0,learnability,0,4,131354,131354,1.0,0.9970004720069431,131354.0,131354.0,0.6725849806032701,0.6500204801559448,0.6744007468223572,0.6917972445487977,1.0,1.0,1.0,1.0
fundus_seed0_lcrseg_no_learnability_full200e,/home/jiangsuiyang/SSL_CL/runs/fundus_seed0_lcrseg_no_learnability_full200e/checkpoint_final_site0_REFUGE.pt,checkpoint_final_site0_REFUGE.pt,lcrseg_v0_1,REFUGE,0,learnability,0,5,131354,131354,1.0,0.9977617735280235,131354.0,131354.0,0.7077533820719772,0.6984398901462555,0.7085788547992706,0.7155451238155365,1.0,1.0,1.0,1.0
fundus_seed0_lcrseg_no_learnability_full200e,/home/jiangsuiyang/SSL_CL/runs/fundus_seed0_lcrseg_no_learnability_full200e/checkpoint_final_site0_REFUGE.pt,checkpoint_final_site0_REFUGE.pt,lcrseg_v0_1,REFUGE,0,learnability,0,6,131354,131354,1.0,0.9984317188665743,131354.0,131354.0,0.721748870459722,0.7181519627571106,0.722077488899231,0.7247423350811004,1.0,1.0,1.0,1.0
fundus_seed0_lcrseg_no_learnability_full200e,/home/jiangsuiyang/SSL_CL/runs/fundus_seed0_lcrseg_no_learnability_full200e/checkpoint_final_site0_REFUGE.pt,checkpoint_final_site0_REFUGE.pt,lcrseg_v0_1,REFUGE,0,learnability,0,7,131354,131354,1.0,0.9984088798209418,131354.0,131354.0,0.7270980215489012,0.7257323443889618,0.7272214591503143,0.7282361805438995,1.0,1.0,1.0,1.0
fundus_seed0_lcrseg_no_learnability_full200e,/home/jiangsuiyang/SSL_CL/runs/fundus_seed0_lcrseg_no_learnability_full200e/checkpoint_final_site0_REFUGE.pt,checkpoint_final_site0_REFUGE.pt,lcrseg_v0_1,REFUGE,0,learnability,0,8,131354,131354,1.0,0.9983555887144663,131354.0,131354.0,0.7291478588744915,0.7286152243614197,0.7291925549507141,0.7295985043048858,1.0,1.0,1.0,1.0
fundus_seed0_lcrseg_no_learnability_full200e,/home/jiangsuiyang/SSL_CL/runs/fundus_seed0_lcrseg_no_learnability_full200e/checkpoint_final_site0_REFUGE.pt,checkpoint_final_site0_REFUGE.pt,lcrseg_v0_1,REFUGE,0,learnability,0,9,131354,131354,1.0,0.9976399652846506,131354.0,131354.0,0.7300279753281164,0.7297574877738953,0.7300214767456055,0.7303022146224976,1.0,1.0,1.0,1.0
fundus_seed0_lcrseg_no_learnability_full200e,/home/jiangsuiyang/SSL_CL/runs/fundus_seed0_lcrseg_no_learnability_full200e/checkpoint_final_site0_REFUGE.pt,checkpoint_final_site0_REFUGE.pt,lcrseg_v0_1,REFUGE,0,learnability,1,0,11991,3502,0.29205237261279293,0.529126213592233,3502.0,3501.999999999999,0.028151830160461747,0.0,0.0,0.1093873530626297,0.29205237261279293,0.0,0.0,1.0
fundus_seed0_lcrseg_no_learnability_full200e,/home/jiangsuiyang/SSL_CL/runs/fundus_seed0_lcrseg_no_learnability_full200e/checkpoint_final_site0_REFUGE.pt,checkpoint_final_site0_REFUGE.pt,lcrseg_v0_1,REFUGE,0,learnability,1,1,11991,11991,1.0,0.6810941539487949,11991.0,11990.999999999998,0.2136569925652325,0.14987988770008087,0.21474449336528778,0.2758839726448059,1.0,1.0,1.0,1.0
fundus_seed0_lcrseg_no_learnability_full200e,/home/jiangsuiyang/SSL_CL/runs/fundus_seed0_lcrseg_no_learnability_full200e/checkpoint_final_site0_REFUGE.pt,checkpoint_final_site0_REFUGE.pt,lcrseg_v0_1,REFUGE,0,learnability,1,2,11991,11991,1.0,0.7614877825035443,11991.0,11990.999999999998,0.3882121510729759,0.31067511439323425,0.38869932293891907,0.4653376638889313,1.0,1.0,1.0,1.0
fundus_seed0_lcrseg_no_learnability_full200e,/home/jiangsuiyang/SSL_CL/runs/fundus_seed0_lcrseg_no_learnability_full200e/checkpoint_final_site0_REFUGE.pt,checkpoint_final_site0_REFUGE.pt,lcrseg_v0_1,REFUGE,0,learnability,1,3,11991,11991,1.0,0.8402968893336669,11991.0,11990.999999999998,0.5578056194994808,0.5007743835449219,0.5607625842094421,0.6088412404060364,1.0,1.0,1.0,1.0
fundus_seed0_lcrseg_no_learnability_full200e,/home/jiangsuiyang/SSL_CL/runs/fundus_seed0_lcrseg_no_learnability_full200e/checkpoint_final_site0_REFUGE.pt,checkpoint_final_site0_REFUGE.pt,lcrseg_v0_1,REFUGE,0,learnability,1,4,11991,11991,1.0,0.8810774747727462,11991.0,11990.999999999998,0.6550687483150163,0.6275208592414856,0.6573207974433899,0.6784378290176392,1.0,1.0,1.0,1.0
fundus_seed0_lcrseg_no_learnability_full200e,/home/jiangsuiyang/SSL_CL/runs/fundus_seed0_lcrseg_no_learnability_full200e/checkpoint_final_site0_REFUGE.pt,checkpoint_final_site0_REFUGE.pt,lcrseg_v0_1,REFUGE,0,learnability,1,5,11990,11990,1.0,0.903836530442035,11990.0,11989.999999999998,0.6976899459821368,0.6864221572875977,0.6986062526702881,0.7072458386421203,1.0,1.0,1.0,1.0
fundus_seed0_lcrseg_no_learnability_full200e,/home/jiangsuiyang/SSL_CL/runs/fundus_seed0_lcrseg_no_learnability_full200e/checkpoint_final_site0_REFUGE.pt,checkpoint_final_site0_REFUGE.pt,lcrseg_v0_1,REFUGE,0,learnability,1,6,11990,11990,1.0,0.9417848206839032,11990.0,11989.999999999998,0.7150332199125313,0.7105135917663574,0.7154243588447571,0.7188724637031555,1.0,1.0,1.0,1.0
fundus_seed0_lcrseg_no_learnability_full200e,/home/jiangsuiyang/SSL_CL/runs/fundus_seed0_lcrseg_no_learnability_full200e/checkpoint_final_site0_REFUGE.pt,checkpoint_final_site0_REFUGE.pt,lcrseg_v0_1,REFUGE,0,learnability,1,7,11990,11990,1.0,0.9504587155963303,11990.0,11989.999999999998,0.7224436261934276,0.7202739953994751,0.7225822806358337,0.7243748366832733,1.0,1.0,1.0,1.0
fundus_seed0_lcrseg_no_learnability_full200e,/home/jiangsuiyang/SSL_CL/runs/fundus_seed0_lcrseg_no_learnability_full200e/checkpoint_final_site0_REFUGE.pt,checkpoint_final_site0_REFUGE.pt,lcrseg_v0_1,REFUGE,0,learnability,1,8,11990,11990,1.0,0.9640533778148457,11990.0,11989.999999999998,0.7264088150955818,0.7251331210136414,0.7264732718467712,0.7275636255741119,1.0,1.0,1.0,1.0
fundus_seed0_lcrseg_no_learnability_full200e,/home/jiangsuiyang/SSL_CL/runs/fundus_seed0_lcrseg_no_learnability_full200e/checkpoint_final_site0_REFUGE.pt,checkpoint_final_site0_REFUGE.pt,lcrseg_v0_1,REFUGE,0,learnability,1,9,11990,11990,1.0,0.9698081734778983,11990.0,11989.999999999998,0.729336299475677,0.7280418276786804,0.7290073335170746,0.7301410973072052,1.0,1.0,1.0,1.0
fundus_seed0_lcrseg_no_learnability_full200e,/home/jiangsuiyang/SSL_CL/runs/fundus_seed0_lcrseg_no_learnability_full200e/checkpoint_final_site0_REFUGE.pt,checkpoint_final_site0_REFUGE.pt,lcrseg_v0_1,REFUGE,0,learnability,2,0,4112,1476,0.35894941634241245,0.5101626016260162,1476.0,1475.999999999999,0.03804092844612969,0.0,0.0,0.12567833065986633,0.35894941634241245,0.0,0.0,1.0
fundus_seed0_lcrseg_no_learnability_full200e,/home/jiangsuiyang/SSL_CL/runs/fundus_seed0_lcrseg_no_learnability_full200e/checkpoint_final_site0_REFUGE.pt,checkpoint_final_site0_REFUGE.pt,lcrseg_v0_1,REFUGE,0,learnability,2,1,4111,4111,1.0,0.614205789345658,4111.0,4110.999999999999,0.23896681284112845,0.16758711636066437,0.23841232061386108,0.31132304668426514,1.0,1.0,1.0,1.0
fundus_seed0_lcrseg_no_learnability_full200e,/home/jiangsuiyang/SSL_CL/runs/fundus_seed0_lcrseg_no_learnability_full200e/checkpoint_final_site0_REFUGE.pt,checkpoint_final_site0_REFUGE.pt,lcrseg_v0_1,REFUGE,0,learnability,2,2,4111,4111,1.0,0.7034784723911457,4111.0,4110.999999999999,0.4259210491348606,0.34969690442085266,0.4272927939891815,0.4978863000869751,1.0,1.0,1.0,1.0
fundus_seed0_lcrseg_no_learnability_full200e,/home/jiangsuiyang/SSL_CL/runs/fundus_seed0_lcrseg_no_learnability_full200e/checkpoint_final_site0_REFUGE.pt,checkpoint_final_site0_REFUGE.pt,lcrseg_v0_1,REFUGE,0,learnability,2,3,4111,4111,1.0,0.7968864023351983,4111.0,4110.999999999999,0.5805605076954794,0.5283485651016235,0.5843179225921631,0.6257839202880859,1.0,1.0,1.0,1.0
fundus_seed0_lcrseg_no_learnability_full200e,/home/jiangsuiyang/SSL_CL/runs/fundus_seed0_lcrseg_no_learnability_full200e/checkpoint_final_site0_REFUGE.pt,checkpoint_final_site0_REFUGE.pt,lcrseg_v0_1,REFUGE,0,learnability,2,4,4111,4111,1.0,0.8618341036244223,4111.0,4110.999999999999,0.6683235887308475,0.643153727054596,0.6706004738807678,0.6896486282348633,1.0,1.0,1.0,1.0
fundus_seed0_lcrseg_no_learnability_full200e,/home/jiangsuiyang/SSL_CL/runs/fundus_seed0_lcrseg_no_learnability_full200e/checkpoint_final_site0_REFUGE.pt,checkpoint_final_site0_REFUGE.pt,lcrseg_v0_1,REFUGE,0,learnability,2,5,4111,4111,1.0,0.908294818778886,4111.0,4110.999999999999,0.7066167331588613,0.6967429518699646,0.7074812054634094,0.7148774862289429,1.0,1.0,1.0,1.0
fundus_seed0_lcrseg_no_learnability_full200e,/home/jiangsuiyang/SSL_CL/runs/fundus_seed0_lcrseg_no_learnability_full200e/checkpoint_final_site0_REFUGE.pt,checkpoint_final_site0_REFUGE.pt,lcrseg_v0_1,REFUGE,0,learnability,2,6,4111,4111,1.0,0.9411335441498418,4111.0,4110.999999999999,0.7215343474094899,0.7176597118377686,0.7218657732009888,0.7248224020004272,1.0,1.0,1.0,1.0
fundus_seed0_lcrseg_no_learnability_full200e,/home/jiangsuiyang/SSL_CL/runs/fundus_seed0_lcrseg_no_learnability_full200e/checkpoint_final_site0_REFUGE.pt,checkpoint_final_site0_REFUGE.pt,lcrseg_v0_1,REFUGE,0,learnability,2,7,4111,4111,1.0,0.9739722695207979,4111.0,4110.999999999999,0.7274309849686879,0.7259148955345154,0.7275700569152832,0.728700578212738,1.0,1.0,1.0,1.0
fundus_seed0_lcrseg_no_learnability_full200e,/home/jiangsuiyang/SSL_CL/runs/fundus_seed0_lcrseg_no_learnability_full200e/checkpoint_final_site0_REFUGE.pt,checkpoint_final_site0_REFUGE.pt,lcrseg_v0_1,REFUGE,0,learnability,2,8,4111,4111,1.0,0.9871077596691803,4111.0,4110.999999999999,0.7297240575570255,0.7291295528411865,0.7297818660736084,0.7302149534225464,1.0,1.0,1.0,1.0
fundus_seed0_lcrseg_no_learnability_full200e,/home/jiangsuiyang/SSL_CL/runs/fundus_seed0_lcrseg_no_learnability_full200e/checkpoint_final_site0_REFUGE.pt,checkpoint_final_site0_REFUGE.pt,lcrseg_v0_1,REFUGE,0,learnability,2,9,4111,4111,1.0,0.9941620043784967,4111.0,4110.999999999999,0.7306102784959918,0.7303779125213623,0.7306185364723206,0.7307796478271484,1.0,1.0,1.0,1.0
fundus_seed0_lcrseg_no_learnability_full200e,/home/jiangsuiyang/SSL_CL/runs/fundus_seed0_lcrseg_no_learnability_full200e/checkpoint_final_site1_RIM_ONE_r3.pt,checkpoint_final_site1_RIM_ONE_r3.pt,lcrseg_v0_1,RIM_ONE_r3,1,learnability,0,0,52421,49237,0.9392609831937583,0.9167292889493673,49237.0,49237.0,0.1279078483078155,0.07774209976196289,0.13210542500019073,0.1812726855278015,0.9392609831937583,1.0,1.0,1.0
fundus_seed0_lcrseg_no_learnability_full200e,/home/jiangsuiyang/SSL_CL/runs/fundus_seed0_lcrseg_no_learnability_full200e/checkpoint_final_site1_RIM_ONE_r3.pt,checkpoint_final_site1_RIM_ONE_r3.pt,lcrseg_v0_1,RIM_ONE_r3,1,learnability,0,1,52421,52421,1.0,0.9806756834093207,52421.0,52421.0,0.27634392586808154,0.210011824965477,0.27459990978240967,0.34587860107421875,1.0,1.0,1.0,1.0
fundus_seed0_lcrseg_no_learnability_full200e,/home/jiangsuiyang/SSL_CL/runs/fundus_seed0_lcrseg_no_learnability_full200e/checkpoint_final_site1_RIM_ONE_r3.pt,checkpoint_final_site1_RIM_ONE_r3.pt,lcrseg_v0_1,RIM_ONE_r3,1,learnability,0,2,52421,52421,1.0,0.9847770931496919,52421.0,52421.0,0.45209486458409837,0.382406622171402,0.4537980258464813,0.5186590552330017,1.0,1.0,1.0,1.0
fundus_seed0_lcrseg_no_learnability_full200e,/home/jiangsuiyang/SSL_CL/runs/fundus_seed0_lcrseg_no_learnability_full200e/checkpoint_final_site1_RIM_ONE_r3.pt,checkpoint_final_site1_RIM_ONE_r3.pt,lcrseg_v0_1,RIM_ONE_r3,1,learnability,0,3,52421,52421,1.0,0.9886495869975773,52421.0,52421.0,0.5939972885031904,0.5474497675895691,0.596847414970398,0.6352713108062744,1.0,1.0,1.0,1.0
fundus_seed0_lcrseg_no_learnability_full200e,/home/jiangsuiyang/SSL_CL/runs/fundus_seed0_lcrseg_no_learnability_full200e/checkpoint_final_site1_RIM_ONE_r3.pt,checkpoint_final_site1_RIM_ONE_r3.pt,lcrseg_v0_1,RIM_ONE_r3,1,learnability,0,4,52421,52421,1.0,0.990595372083707,52421.0,52421.0,0.6733193410563794,0.650708794593811,0.6751353144645691,0.6925709843635559,1.0,1.0,1.0,1.0
fundus_seed0_lcrseg_no_learnability_full200e,/home/jiangsuiyang/SSL_CL/runs/fundus_seed0_lcrseg_no_learnability_full200e/checkpoint_final_site1_RIM_ONE_r3.pt,checkpoint_final_site1_RIM_ONE_r3.pt,lcrseg_v0_1,RIM_ONE_r3,1,learnability,0,5,52421,52421,1.0,0.9930562179279296,52421.0,52421.0,0.7085440233854361,0.6992165446281433,0.7093686461448669,0.7163415551185608,1.0,1.0,1.0,1.0
fundus_seed0_lcrseg_no_learnability_full200e,/home/jiangsuiyang/SSL_CL/runs/fundus_seed0_lcrseg_no_learnability_full200e/checkpoint_final_site1_RIM_ONE_r3.pt,checkpoint_final_site1_RIM_ONE_r3.pt,lcrseg_v0_1,RIM_ONE_r3,1,learnability,0,6,52420,52420,1.0,0.9951926745516978,52420.0,52420.0,0.7225377099891966,0.7189494907855988,0.7228668332099915,0.7255203187465668,1.0,1.0,1.0,1.0
fundus_seed0_lcrseg_no_learnability_full200e,/home/jiangsuiyang/SSL_CL/runs/fundus_seed0_lcrseg_no_learnability_full200e/checkpoint_final_site1_RIM_ONE_r3.pt,checkpoint_final_site1_RIM_ONE_r3.pt,lcrseg_v0_1,RIM_ONE_r3,1,learnability,0,7,52420,52420,1.0,0.9963754292254865,52420.0,52420.0,0.727850589485898,0.7265039622783661,0.7279757261276245,0.7289680302143097,1.0,1.0,1.0,1.0
fundus_seed0_lcrseg_no_learnability_full200e,/home/jiangsuiyang/SSL_CL/runs/fundus_seed0_lcrseg_no_learnability_full200e/checkpoint_final_site1_RIM_ONE_r3.pt,checkpoint_final_site1_RIM_ONE_r3.pt,lcrseg_v0_1,RIM_ONE_r3,1,learnability,0,8,52420,52420,1.0,0.9972720335749714,52420.0,52420.0,0.729840398988893,0.7293357074260711,0.7298867106437683,0.7302592992782593,1.0,1.0,1.0,1.0
fundus_seed0_lcrseg_no_learnability_full200e,/home/jiangsuiyang/SSL_CL/runs/fundus_seed0_lcrseg_no_learnability_full200e/checkpoint_final_site1_RIM_ONE_r3.pt,checkpoint_final_site1_RIM_ONE_r3.pt,lcrseg_v0_1,RIM_ONE_r3,1,learnability,0,9,52420,52420,1.0,0.998912628767646,52420.0,52420.0,0.7305951569745305,0.7303978741168976,0.7306072115898132,0.730756402015686,1.0,1.0,1.0,1.0
fundus_seed0_lcrseg_no_learnability_full200e,/home/jiangsuiyang/SSL_CL/runs/fundus_seed0_lcrseg_no_learnability_full200e/checkpoint_final_site1_RIM_ONE_r3.pt,checkpoint_final_site1_RIM_ONE_r3.pt,lcrseg_v0_1,RIM_ONE_r3,1,learnability,1,0,4010,421,0.10498753117206983,0.44655581947743467,421.0,420.999999999999,0.007322060654957098,0.0,0.0,0.04228584617376326,0.10498753117206983,0.0,0.0,1.0
fundus_seed0_lcrseg_no_learnability_full200e,/home/jiangsuiyang/SSL_CL/runs/fundus_seed0_lcrseg_no_learnability_full200e/checkpoint_final_site1_RIM_ONE_r3.pt,checkpoint_final_site1_RIM_ONE_r3.pt,lcrseg_v0_1,RIM_ONE_r3,1,learnability,1,1,4010,4010,1.0,0.5413965087281796,4010.0,4009.999999999999,0.20465951273380373,0.11863817796111106,0.2067003846168518,0.28535719513893126,1.0,1.0,1.0,1.0
fundus_seed0_lcrseg_no_learnability_full200e,/home/jiangsuiyang/SSL_CL/runs/fundus_seed0_lcrseg_no_learnability_full200e/checkpoint_final_site1_RIM_ONE_r3.pt,checkpoint_final_site1_RIM_ONE_r3.pt,lcrseg_v0_1,RIM_ONE_r3,1,learnability,1,2,4010,4010,1.0,0.6229426433915212,4010.0,4009.999999999999,0.40706622833177036,0.3265143662691116,0.4096333086490631,0.48093532025814056,1.0,1.0,1.0,1.0
fundus_seed0_lcrseg_no_learnability_full200e,/home/jiangsuiyang/SSL_CL/runs/fundus_seed0_lcrseg_no_learnability_full200e/checkpoint_final_site1_RIM_ONE_r3.pt,checkpoint_final_site1_RIM_ONE_r3.pt,lcrseg_v0_1,RIM_ONE_r3,1,learnability,1,3,4010,4010,1.0,0.6773067331670823,4010.0,4009.999999999999,0.5659302645787931,0.5136545956134796,0.569323718547821,0.6124821066856384,1.0,1.0,1.0,1.0
fundus_seed0_lcrseg_no_learnability_full200e,/home/jiangsuiyang/SSL_CL/runs/fundus_seed0_lcrseg_no_learnability_full200e/checkpoint_final_site1_RIM_ONE_r3.pt,checkpoint_final_site1_RIM_ONE_r3.pt,lcrseg_v0_1,RIM_ONE_r3,1,learnability,1,4,4010,4010,1.0,0.7007481296758105,4010.0,4009.999999999999,0.6570574285532174,0.6305192768573761,0.6590003967285156,0.6797713339328766,1.0,1.0,1.0,1.0
fundus_seed0_lcrseg_no_learnability_full200e,/home/jiangsuiyang/SSL_CL/runs/fundus_seed0_lcrseg_no_learnability_full200e/checkpoint_final_site1_RIM_ONE_r3.pt,checkpoint_final_site1_RIM_ONE_r3.pt,lcrseg_v0_1,RIM_ONE_r3,1,learnability,1,5,4010,4010,1.0,0.712219451371571,4010.0,4009.999999999999,0.6989373592218556,0.6876620411872864,0.6998040080070496,0.708436244726181,1.0,1.0,1.0,1.0
fundus_seed0_lcrseg_no_learnability_full200e,/home/jiangsuiyang/SSL_CL/runs/fundus_seed0_lcrseg_no_learnability_full200e/checkpoint_final_site1_RIM_ONE_r3.pt,checkpoint_final_site1_RIM_ONE_r3.pt,lcrseg_v0_1,RIM_ONE_r3,1,learnability,1,6,4009,4009,1.0,0.7677725118483413,4009.0,4008.999999999999,0.7165264121372226,0.7117387652397156,0.716995120048523,0.7205084562301636,1.0,1.0,1.0,1.0
fundus_seed0_lcrseg_no_learnability_full200e,/home/jiangsuiyang/SSL_CL/runs/fundus_seed0_lcrseg_no_learnability_full200e/checkpoint_final_site1_RIM_ONE_r3.pt,checkpoint_final_site1_RIM_ONE_r3.pt,lcrseg_v0_1,RIM_ONE_r3,1,learnability,1,7,4009,4009,1.0,0.7919680718383637,4009.0,4008.999999999999,0.7239937546931766,0.7219587683677673,0.7241158485412598,0.7258172869682312,1.0,1.0,1.0,1.0
fundus_seed0_lcrseg_no_learnability_full200e,/home/jiangsuiyang/SSL_CL/runs/fundus_seed0_lcrseg_no_learnability_full200e/checkpoint_final_site1_RIM_ONE_r3.pt,checkpoint_final_site1_RIM_ONE_r3.pt,lcrseg_v0_1,RIM_ONE_r3,1,learnability,1,8,4009,4009,1.0,0.8311299575954103,4009.0,4008.999999999999,0.7277517046497837,0.7265949964523315,0.7278303503990173,0.7287752985954284,1.0,1.0,1.0,1.0
fundus_seed0_lcrseg_no_learnability_full200e,/home/jiangsuiyang/SSL_CL/runs/fundus_seed0_lcrseg_no_learnability_full200e/checkpoint_final_site1_RIM_ONE_r3.pt,checkpoint_final_site1_RIM_ONE_r3.pt,lcrseg_v0_1,RIM_ONE_r3,1,learnability,1,9,4009,4009,1.0,0.8697929658268895,4009.0,4008.999999999999,0.7316186903836751,0.72916179895401,0.7298599481582642,0.7305305004119873,1.0,1.0,1.0,1.0
fundus_seed0_lcrseg_no_learnability_full200e,/home/jiangsuiyang/SSL_CL/runs/fundus_seed0_lcrseg_no_learnability_full200e/checkpoint_final_site1_RIM_ONE_r3.pt,checkpoint_final_site1_RIM_ONE_r3.pt,lcrseg_v0_1,RIM_ONE_r3,1,learnability,2,0,1631,0,0.0,nan,0.0,0.0,0.0,0.0,0.0,0.0,0.0,0.0,0.0,0.0
fundus_seed0_lcrseg_no_learnability_full200e,/home/jiangsuiyang/SSL_CL/runs/fundus_seed0_lcrseg_no_learnability_full200e/checkpoint_final_site1_RIM_ONE_r3.pt,checkpoint_final_site1_RIM_ONE_r3.pt,lcrseg_v0_1,RIM_ONE_r3,1,learnability,2,1,1631,1602,0.9822194972409565,0.45318352059925093,1602.0,1601.999999999999,0.14375847070874756,0.08202310651540756,0.13981300592422485,0.21706612408161163,0.9822194972409565,1.0,1.0,1.0
fundus_seed0_lcrseg_no_learnability_full200e,/home/jiangsuiyang/SSL_CL/runs/fundus_seed0_lcrseg_no_learnability_full200e/checkpoint_final_site1_RIM_ONE_r3.pt,checkpoint_final_site1_RIM_ONE_r3.pt,lcrseg_v0_1,RIM_ONE_r3,1,learnability,2,2,1631,1631,1.0,0.5150214592274678,1631.0,1630.999999999999,0.3312873652765606,0.2562570571899414,0.33031827211380005,0.4088454842567444,1.0,1.0,1.0,1.0
fundus_seed0_lcrseg_no_learnability_full200e,/home/jiangsuiyang/SSL_CL/runs/fundus_seed0_lcrseg_no_learnability_full200e/checkpoint_final_site1_RIM_ONE_r3.pt,checkpoint_final_site1_RIM_ONE_r3.pt,lcrseg_v0_1,RIM_ONE_r3,1,learnability,2,3,1631,1631,1.0,0.5542611894543225,1631.0,1630.999999999999,0.5118042524792094,0.44685986638069153,0.5163934826850891,0.5706280469894409,1.0,1.0,1.0,1.0
fundus_seed0_lcrseg_no_learnability_full200e,/home/jiangsuiyang/SSL_CL/runs/fundus_seed0_lcrseg_no_learnability_full200e/checkpoint_final_site1_RIM_ONE_r3.pt,checkpoint_final_site1_RIM_ONE_r3.pt,lcrseg_v0_1,RIM_ONE_r3,1,learnability,2,4,1631,1631,1.0,0.6351931330472103,1631.0,1630.999999999999,0.6297417834519902,0.5932121872901917,0.6322240233421326,0.6602166295051575,1.0,1.0,1.0,1.0
fundus_seed0_lcrseg_no_learnability_full200e,/home/jiangsuiyang/SSL_CL/runs/fundus_seed0_lcrseg_no_learnability_full200e/checkpoint_final_site1_RIM_ONE_r3.pt,checkpoint_final_site1_RIM_ONE_r3.pt,lcrseg_v0_1,RIM_ONE_r3,1,learnability,2,5,1631,1631,1.0,0.7369711833231146,1631.0,1630.999999999999,0.6889056016301027,0.6721274256706238,0.6904556155204773,0.7029775381088257,1.0,1.0,1.0,1.0
fundus_seed0_lcrseg_no_learnability_full200e,/home/jiangsuiyang/SSL_CL/runs/fundus_seed0_lcrseg_no_learnability_full200e/checkpoint_final_site1_RIM_ONE_r3.pt,checkpoint_final_site1_RIM_ONE_r3.pt,lcrseg_v0_1,RIM_ONE_r3,1,learnability,2,6,1630,1630,1.0,0.7840490797546013,1630.0,1629.999999999999,0.7142817656321028,0.7076201498508453,0.7148403525352478,0.7198767006397248,1.0,1.0,1.0,1.0
fundus_seed0_lcrseg_no_learnability_full200e,/home/jiangsuiyang/SSL_CL/runs/fundus_seed0_lcrseg_no_learnability_full200e/checkpoint_final_site1_RIM_ONE_r3.pt,checkpoint_final_site1_RIM_ONE_r3.pt,lcrseg_v0_1,RIM_ONE_r3,1,learnability,2,7,1630,1630,1.0,0.7944785276073619,1630.0,1629.999999999999,0.724488617488943,0.7217258393764496,0.7246220707893372,0.7269415855407715,1.0,1.0,1.0,1.0
fundus_seed0_lcrseg_no_learnability_full200e,/home/jiangsuiyang/SSL_CL/runs/fundus_seed0_lcrseg_no_learnability_full200e/checkpoint_final_site1_RIM_ONE_r3.pt,checkpoint_final_site1_RIM_ONE_r3.pt,lcrseg_v0_1,RIM_ONE_r3,1,learnability,2,8,1630,1630,1.0,0.8306748466257668,1630.0,1629.999999999999,0.7289090721153774,0.7277895867824554,0.7290035784244537,0.7298626065254211,1.0,1.0,1.0,1.0
fundus_seed0_lcrseg_no_learnability_full200e,/home/jiangsuiyang/SSL_CL/runs/fundus_seed0_lcrseg_no_learnability_full200e/checkpoint_final_site1_RIM_ONE_r3.pt,checkpoint_final_site1_RIM_ONE_r3.pt,lcrseg_v0_1,RIM_ONE_r3,1,learnability,2,9,1630,1630,1.0,0.8300613496932515,1630.0,1629.999999999999,0.7322348359172329,0.7301991641521454,0.7306342422962189,0.7308087348937988,1.0,1.0,1.0,1.0
fundus_seed0_lcrseg_no_learnability_full200e,/home/jiangsuiyang/SSL_CL/runs/fundus_seed0_lcrseg_no_learnability_full200e/checkpoint_final_site1_RIM_ONE_r3.pt,checkpoint_final_site1_RIM_ONE_r3.pt,lcrseg_v0_1,RIM_ONE_r3,1,compatibility,0,0,51970,51970,1.0,0.8318452953627092,39132.41970316321,42460.181133717546,0.7529809448366982,0.0,0.9542168378829956,0.9936972856521606,0.7529809448366982,0.0,0.9542168378829956,0.9936972856521606
fundus_seed0_lcrseg_no_learnability_full200e,/home/jiangsuiyang/SSL_CL/runs/fundus_seed0_lcrseg_no_learnability_full200e/checkpoint_final_site1_RIM_ONE_r3.pt,checkpoint_final_site1_RIM_ONE_r3.pt,lcrseg_v0_1,RIM_ONE_r3,1,compatibility,0,1,51970,51970,1.0,0.9828747354242833,51795.30961149931,51969.96772491648,0.9966386302001021,0.995394229888916,0.9968370199203491,0.9975092470645904,0.9966386302001021,0.995394229888916,0.9968370199203491,0.9975092470645904
fundus_seed0_lcrseg_no_learnability_full200e,/home/jiangsuiyang/SSL_CL/runs/fundus_seed0_lcrseg_no_learnability_full200e/checkpoint_final_site1_RIM_ONE_r3.pt,checkpoint_final_site1_RIM_ONE_r3.pt,lcrseg_v0_1,RIM_ONE_r3,1,compatibility,0,2,51970,51970,1.0,0.9954011929959592,51866.49758273363,51969.998020612795,0.9980084199102104,0.9977216720581055,0.9980284571647644,0.9982589483261108,0.9980084199102104,0.9977216720581055,0.9980284571647644,0.9982589483261108
fundus_seed0_lcrseg_no_learnability_full200e,/home/jiangsuiyang/SSL_CL/runs/fundus_seed0_lcrseg_no_learnability_full200e/checkpoint_final_site1_RIM_ONE_r3.pt,checkpoint_final_site1_RIM_ONE_r3.pt,lcrseg_v0_1,RIM_ONE_r3,1,compatibility,0,3,51970,51970,1.0,0.997383105637868,51893.20245671272,51969.999324585166,0.9985222716319554,0.9983575344085693,0.9985300302505493,0.9986721277236938,0.9985222716319554,0.9983575344085693,0.9985300302505493,0.9986721277236938
fundus_seed0_lcrseg_no_learnability_full200e,/home/jiangsuiyang/SSL_CL/runs/fundus_seed0_lcrseg_no_learnability_full200e/checkpoint_final_site1_RIM_ONE_r3.pt,checkpoint_final_site1_RIM_ONE_r3.pt,lcrseg_v0_1,RIM_ONE_r3,1,compatibility,0,4,51970,51970,1.0,0.9985183759861459,51909.84165376425,51969.9997130895,0.99884244090368,0.9987354278564453,0.9988471269607544,0.9989410638809204,0.99884244090368,0.9987354278564453,0.9988471269607544,0.9989410638809204
fundus_seed0_lcrseg_no_learnability_full200e,/home/jiangsuiyang/SSL_CL/runs/fundus_seed0_lcrseg_no_learnability_full200e/checkpoint_final_site1_RIM_ONE_r3.pt,checkpoint_final_site1_RIM_ONE_r3.pt,lcrseg_v0_1,RIM_ONE_r3,1,compatibility,0,5,51970,51970,1.0,0.9990571483548201,51921.00940442085,51969.99985907748,0.9990573293134665,0.9989834427833557,0.9990593194961548,0.9991275072097778,0.9990573293134665,0.9989834427833557,0.9990593194961548,0.9991275072097778
fundus_seed0_lcrseg_no_learnability_full200e,/home/jiangsuiyang/SSL_CL/runs/fundus_seed0_lcrseg_no_learnability_full200e/checkpoint_final_site1_RIM_ONE_r3.pt,checkpoint_final_site1_RIM_ONE_r3.pt,lcrseg_v0_1,RIM_ONE_r3,1,compatibility,0,6,51969,51969,1.0,0.9993650060613057,51928.46289730072,51968.9999001208,0.9992199753179919,0.9991592168807983,0.9992198348045349,0.9992806911468506,0.9992199753179919,0.9991592168807983,0.9992198348045349,0.9992806911468506
fundus_seed0_lcrseg_no_learnability_full200e,/home/jiangsuiyang/SSL_CL/runs/fundus_seed0_lcrseg_no_learnability_full200e/checkpoint_final_site1_RIM_ONE_r3.pt,checkpoint_final_site1_RIM_ONE_r3.pt,lcrseg_v0_1,RIM_ONE_r3,1,compatibility,0,7,51969,51969,1.0,0.9995189439858377,51936.45070332289,51968.99989448121,0.9993736786030689,0.9993113279342651,0.9993739128112793,0.9994362592697144,0.9993736786030689,0.9993113279342651,0.9993739128112793,0.9994362592697144
fundus_seed0_lcrseg_no_learnability_full200e,/home/jiangsuiyang/SSL_CL/runs/fundus_seed0_lcrseg_no_learnability_full200e/checkpoint_final_site1_RIM_ONE_r3.pt,checkpoint_final_site1_RIM_ONE_r3.pt,lcrseg_v0_1,RIM_ONE_r3,1,compatibility,0,8,51969,51969,1.0,0.9996728819103696,51944.298349797726,51968.999905316276,0.9995246849044185,0.9994658827781677,0.9995241165161133,0.9995843172073364,0.9995246849044185,0.9994658827781677,0.9995241165161133,0.9995843172073364
fundus_seed0_lcrseg_no_learnability_full200e,/home/jiangsuiyang/SSL_CL/runs/fundus_seed0_lcrseg_no_learnability_full200e/checkpoint_final_site1_RIM_ONE_r3.pt,checkpoint_final_site1_RIM_ONE_r3.pt,lcrseg_v0_1,RIM_ONE_r3,1,compatibility,0,9,51969,51969,1.0,0.998864707806577,51953.796359956264,51968.999659576664,0.9997074479007921,0.9996157884597778,0.9996907114982605,0.9998255968093872,0.9997074479007921,0.9996157884597778,0.9996907114982605,0.9998255968093872
fundus_seed0_lcrseg_no_learnability_full200e,/home/jiangsuiyang/SSL_CL/runs/fundus_seed0_lcrseg_no_learnability_full200e/checkpoint_final_site1_RIM_ONE_r3.pt,checkpoint_final_site1_RIM_ONE_r3.pt,lcrseg_v0_1,RIM_ONE_r3,1,compatibility,1,0,3492,3492,1.0,0.1738258877434135,0.0,0.0,0.0,0.0,0.0,0.0,0.0,0.0,0.0,0.0
fundus_seed0_lcrseg_no_learnability_full200e,/home/jiangsuiyang/SSL_CL/runs/fundus_seed0_lcrseg_no_learnability_full200e/checkpoint_final_site1_RIM_ONE_r3.pt,checkpoint_final_site1_RIM_ONE_r3.pt,lcrseg_v0_1,RIM_ONE_r3,1,compatibility,1,1,3492,3492,1.0,0.11970217640320734,0.0,0.0,0.0,0.0,0.0,0.0,0.0,0.0,0.0,0.0
fundus_seed0_lcrseg_no_learnability_full200e,/home/jiangsuiyang/SSL_CL/runs/fundus_seed0_lcrseg_no_learnability_full200e/checkpoint_final_site1_RIM_ONE_r3.pt,checkpoint_final_site1_RIM_ONE_r3.pt,lcrseg_v0_1,RIM_ONE_r3,1,compatibility,1,2,3492,3492,1.0,0.2961053837342497,0.0,0.0,0.0,0.0,0.0,0.0,0.0,0.0,0.0,0.0
fundus_seed0_lcrseg_no_learnability_full200e,/home/jiangsuiyang/SSL_CL/runs/fundus_seed0_lcrseg_no_learnability_full200e/checkpoint_final_site1_RIM_ONE_r3.pt,checkpoint_final_site1_RIM_ONE_r3.pt,lcrseg_v0_1,RIM_ONE_r3,1,compatibility,1,3,3492,3492,1.0,0.47479954180985107,562.6692493194714,1580.9080219875302,0.16113094195861152,0.0,0.05762101523578167,0.4192714989185333,0.16113094195861152,0.0,0.05762101523578167,0.4192714989185333
fundus_seed0_lcrseg_no_learnability_full200e,/home/jiangsuiyang/SSL_CL/runs/fundus_seed0_lcrseg_no_learnability_full200e/checkpoint_final_site1_RIM_ONE_r3.pt,checkpoint_final_site1_RIM_ONE_r3.pt,lcrseg_v0_1,RIM_ONE_r3,1,compatibility,1,4,3492,3492,1.0,0.6615120274914089,2118.9155689775944,3437.398737462531,0.6067914000508575,0.49365694522857667,0.6145322024822235,0.7068742632865905,0.6067914000508575,0.49365694522857667,0.6145322024822235,0.7068742632865905
fundus_seed0_lcrseg_no_learnability_full200e,/home/jiangsuiyang/SSL_CL/runs/fundus_seed0_lcrseg_no_learnability_full200e/checkpoint_final_site1_RIM_ONE_r3.pt,checkpoint_final_site1_RIM_ONE_r3.pt,lcrseg_v0_1,RIM_ONE_r3,1,compatibility,1,5,3492,3492,1.0,0.70475372279496,2821.042766213417,3478.2327806397907,0.8078587532111733,0.7396419227123261,0.8122780323028564,0.8790644645690918,0.8078587532111733,0.7396419227123261,0.8122780323028564,0.8790644645690918
fundus_seed0_lcrseg_no_learnability_full200e,/home/jiangsuiyang/SSL_CL/runs/fundus_seed0_lcrseg_no_learnability_full200e/checkpoint_final_site1_RIM_ONE_r3.pt,checkpoint_final_site1_RIM_ONE_r3.pt,lcrseg_v0_1,RIM_ONE_r3,1,compatibility,1,6,3492,3492,1.0,0.7268041237113402,3260.0226504802704,3489.48552335827,0.9335689147996192,0.9015588998794556,0.9331252872943878,0.9671845197677612,0.9335689147996192,0.9015588998794556,0.9331252872943878,0.9671845197677612
fundus_seed0_lcrseg_no_learnability_full200e,/home/jiangsuiyang/SSL_CL/runs/fundus_seed0_lcrseg_no_learnability_full200e/checkpoint_final_site1_RIM_ONE_r3.pt,checkpoint_final_site1_RIM_ONE_r3.pt,lcrseg_v0_1,RIM_ONE_r3,1,compatibility,1,7,3492,3492,1.0,0.6832760595647194,3431.898026883602,3491.907292732512,0.9827886674924404,0.9748579442501069,0.9838947355747223,0.9886654853820801,0.9827886674924404,0.9748579442501069,0.9838947355747223,0.9886654853820801
fundus_seed0_lcrseg_no_learnability_full200e,/home/jiangsuiyang/SSL_CL/runs/fundus_seed0_lcrseg_no_learnability_full200e/checkpoint_final_site1_RIM_ONE_r3.pt,checkpoint_final_site1_RIM_ONE_r3.pt,lcrseg_v0_1,RIM_ONE_r3,1,compatibility,1,8,3492,3492,1.0,0.8906071019473081,3467.2822945713997,3491.9902806362143,0.9929216192930698,0.9903441846370697,0.9932157099246979,0.9949375331401825,0.9929216192930698,0.9903441846370697,0.9932157099246979,0.9949375331401825
fundus_seed0_lcrseg_no_learnability_full200e,/home/jiangsuiyang/SSL_CL/runs/fundus_seed0_lcrseg_no_learnability_full200e/checkpoint_final_site1_RIM_ONE_r3.pt,checkpoint_final_site1_RIM_ONE_r3.pt,lcrseg_v0_1,RIM_ONE_r3,1,compatibility,1,9,3491,3491,1.0,0.9103408765396734,3482.280223608017,3490.9931310354887,0.9975022124342644,0.995670735836029,0.9973540306091309,0.9995136260986328,0.9975022124342644,0.995670735836029,0.9973540306091309,0.9995136260986328
fundus_seed0_lcrseg_no_learnability_full200e,/home/jiangsuiyang/SSL_CL/runs/fundus_seed0_lcrseg_no_learnability_full200e/checkpoint_final_site1_RIM_ONE_r3.pt,checkpoint_final_site1_RIM_ONE_r3.pt,lcrseg_v0_1,RIM_ONE_r3,1,compatibility,2,0,2600,2600,1.0,0.19115384615384615,0.0,0.0,0.0,0.0,0.0,0.0,0.0,0.0,0.0,0.0
fundus_seed0_lcrseg_no_learnability_full200e,/home/jiangsuiyang/SSL_CL/runs/fundus_seed0_lcrseg_no_learnability_full200e/checkpoint_final_site1_RIM_ONE_r3.pt,checkpoint_final_site1_RIM_ONE_r3.pt,lcrseg_v0_1,RIM_ONE_r3,1,compatibility,2,1,2600,2600,1.0,0.32769230769230767,0.0,0.0,0.0,0.0,0.0,0.0,0.0,0.0,0.0,0.0
fundus_seed0_lcrseg_no_learnability_full200e,/home/jiangsuiyang/SSL_CL/runs/fundus_seed0_lcrseg_no_learnability_full200e/checkpoint_final_site1_RIM_ONE_r3.pt,checkpoint_final_site1_RIM_ONE_r3.pt,lcrseg_v0_1,RIM_ONE_r3,1,compatibility,2,2,2600,2600,1.0,0.24307692307692308,0.0,0.0,0.0,0.0,0.0,0.0,0.0,0.0,0.0,0.0
fundus_seed0_lcrseg_no_learnability_full200e,/home/jiangsuiyang/SSL_CL/runs/fundus_seed0_lcrseg_no_learnability_full200e/checkpoint_final_site1_RIM_ONE_r3.pt,checkpoint_final_site1_RIM_ONE_r3.pt,lcrseg_v0_1,RIM_ONE_r3,1,compatibility,2,3,2599,2599,1.0,0.058099268949596,0.0,0.0,0.0,0.0,0.0,0.0,0.0,0.0,0.0,0.0
fundus_seed0_lcrseg_no_learnability_full200e,/home/jiangsuiyang/SSL_CL/runs/fundus_seed0_lcrseg_no_learnability_full200e/checkpoint_final_site1_RIM_ONE_r3.pt,checkpoint_final_site1_RIM_ONE_r3.pt,lcrseg_v0_1,RIM_ONE_r3,1,compatibility,2,4,2599,2599,1.0,0.2443247402847249,73.95277605205774,253.18970971656077,0.02845431937362745,0.0,0.0,0.09485481083393114,0.02845431937362745,0.0,0.0,0.09485481083393114
fundus_seed0_lcrseg_no_learnability_full200e,/home/jiangsuiyang/SSL_CL/runs/fundus_seed0_lcrseg_no_learnability_full200e/checkpoint_final_site1_RIM_ONE_r3.pt,checkpoint_final_site1_RIM_ONE_r3.pt,lcrseg_v0_1,RIM_ONE_r3,1,compatibility,2,5,2599,2599,1.0,0.5332820315505964,1647.5715340077877,2494.9436058408824,0.6339251766093835,0.4395476639270782,0.6502662301063538,0.7973804116249085,0.6339251766093835,0.4395476639270782,0.6502662301063538,0.7973804116249085
fundus_seed0_lcrseg_no_learnability_full200e,/home/jiangsuiyang/SSL_CL/runs/fundus_seed0_lcrseg_no_learnability_full200e/checkpoint_final_site1_RIM_ONE_r3.pt,checkpoint_final_site1_RIM_ONE_r3.pt,lcrseg_v0_1,RIM_ONE_r3,1,compatibility,2,6,2599,2599,1.0,0.6148518661023471,2382.5184829235077,2593.3003750095977,0.9167058418328232,0.8481178760528565,0.9216702580451965,0.9672003388404846,0.9167058418328232,0.8481178760528565,0.9216702580451965,0.9672003388404846
fundus_seed0_lcrseg_no_learnability_full200e,/home/jiangsuiyang/SSL_CL/runs/fundus_seed0_lcrseg_no_learnability_full200e/checkpoint_final_site1_RIM_ONE_r3.pt,checkpoint_final_site1_RIM_ONE_r3.pt,lcrseg_v0_1,RIM_ONE_r3,1,compatibility,2,7,2599,2599,1.0,0.7225856098499422,2563.6001954078674,2598.911233580448,0.9863794518691295,0.9774029493331909,0.9879452586174011,0.9928219795227051,0.9863794518691295,0.9774029493331909,0.9879452586174011,0.9928219795227051
fundus_seed0_lcrseg_no_learnability_full200e,/home/jiangsuiyang/SSL_CL/runs/fundus_seed0_lcrseg_no_learnability_full200e/checkpoint_final_site1_RIM_ONE_r3.pt,checkpoint_final_site1_RIM_ONE_r3.pt,lcrseg_v0_1,RIM_ONE_r3,1,compatibility,2,8,2599,2599,1.0,0.7776067718353212,2589.2512840032578,2598.996304694327,0.9962490511747818,0.9944262385368348,0.9964669942855835,0.9976662635803223,0.9962490511747818,0.9944262385368348,0.9964669942855835,0.9976662635803223
fundus_seed0_lcrseg_no_learnability_full200e,/home/jiangsuiyang/SSL_CL/runs/fundus_seed0_lcrseg_no_learnability_full200e/checkpoint_final_site1_RIM_ONE_r3.pt,checkpoint_final_site1_RIM_ONE_r3.pt,lcrseg_v0_1,RIM_ONE_r3,1,compatibility,2,9,2599,2599,1.0,0.8372450942670258,2596.2136425971985,2598.999124482391,0.9989279117342049,0.998153567314148,0.9988917708396912,0.9997761130332947,0.9989279117342049,0.998153567314148,0.9988917708396912,0.9997761130332947
fundus_seed0_lcrseg_no_learnability_full200e,/home/jiangsuiyang/SSL_CL/runs/fundus_seed0_lcrseg_no_learnability_full200e/checkpoint_final_site2_Drishti_GS.pt,checkpoint_final_site2_Drishti_GS.pt,lcrseg_v0_1,Drishti_GS,2,learnability,0,0,32587,29636,0.9094424156872373,0.7338709677419355,29636.0,29636.0,0.1229529379559701,0.057884715497493765,0.13023784756660461,0.17903916537761688,0.9094424156872373,1.0,1.0,1.0
fundus_seed0_lcrseg_no_learnability_full200e,/home/jiangsuiyang/SSL_CL/runs/fundus_seed0_lcrseg_no_learnability_full200e/checkpoint_final_site2_Drishti_GS.pt,checkpoint_final_site2_Drishti_GS.pt,lcrseg_v0_1,Drishti_GS,2,learnability,0,1,32586,32586,1.0,0.959860062603572,32586.0,32586.0,0.2735942425338345,0.20753252506256104,0.2718190401792526,0.3429598957300186,1.0,1.0,1.0,1.0
fundus_seed0_lcrseg_no_learnability_full200e,/home/jiangsuiyang/SSL_CL/runs/fundus_seed0_lcrseg_no_learnability_full200e/checkpoint_final_site2_Drishti_GS.pt,checkpoint_final_site2_Drishti_GS.pt,lcrseg_v0_1,Drishti_GS,2,learnability,0,2,32586,32586,1.0,0.9845946111827165,32586.0,32586.0,0.4495630701531116,0.37957674264907837,0.45122306048870087,0.5165006816387177,1.0,1.0,1.0,1.0
fundus_seed0_lcrseg_no_learnability_full200e,/home/jiangsuiyang/SSL_CL/runs/fundus_seed0_lcrseg_no_learnability_full200e/checkpoint_final_site2_Drishti_GS.pt,checkpoint_final_site2_Drishti_GS.pt,lcrseg_v0_1,Drishti_GS,2,learnability,0,3,32586,32586,1.0,0.9911311606211256,32586.0,32586.0,0.5926015780408584,0.5455972850322723,0.5954839587211609,0.6342973411083221,1.0,1.0,1.0,1.0
fundus_seed0_lcrseg_no_learnability_full200e,/home/jiangsuiyang/SSL_CL/runs/fundus_seed0_lcrseg_no_learnability_full200e/checkpoint_final_site2_Drishti_GS.pt,checkpoint_final_site2_Drishti_GS.pt,lcrseg_v0_1,Drishti_GS,2,learnability,0,4,32586,32586,1.0,0.9938317068679802,32586.0,32586.0,0.6727873481988892,0.6499235928058624,0.6746290028095245,0.6922528743743896,1.0,1.0,1.0,1.0
fundus_seed0_lcrseg_no_learnability_full200e,/home/jiangsuiyang/SSL_CL/runs/fundus_seed0_lcrseg_no_learnability_full200e/checkpoint_final_site2_Drishti_GS.pt,checkpoint_final_site2_Drishti_GS.pt,lcrseg_v0_1,Drishti_GS,2,learnability,0,5,32586,32586,1.0,0.9954888602467318,32586.0,32586.0,0.7083897589777507,0.6989763379096985,0.7092277705669403,0.7162635028362274,1.0,1.0,1.0,1.0
fundus_seed0_lcrseg_no_learnability_full200e,/home/jiangsuiyang/SSL_CL/runs/fundus_seed0_lcrseg_no_learnability_full200e/checkpoint_final_site2_Drishti_GS.pt,checkpoint_final_site2_Drishti_GS.pt,lcrseg_v0_1,Drishti_GS,2,learnability,0,6,32586,32586,1.0,0.9962560608850427,32586.0,32586.0,0.722501578222269,0.7188887298107147,0.7228333055973053,0.7255036234855652,1.0,1.0,1.0,1.0
fundus_seed0_lcrseg_no_learnability_full200e,/home/jiangsuiyang/SSL_CL/runs/fundus_seed0_lcrseg_no_learnability_full200e/checkpoint_final_site2_Drishti_GS.pt,checkpoint_final_site2_Drishti_GS.pt,lcrseg_v0_1,Drishti_GS,2,learnability,0,7,32586,32586,1.0,0.9961946848339778,32586.0,32586.0,0.7278447249445958,0.726491779088974,0.7279705703258514,0.7289656698703766,1.0,1.0,1.0,1.0
fundus_seed0_lcrseg_no_learnability_full200e,/home/jiangsuiyang/SSL_CL/runs/fundus_seed0_lcrseg_no_learnability_full200e/checkpoint_final_site2_Drishti_GS.pt,checkpoint_final_site2_Drishti_GS.pt,lcrseg_v0_1,Drishti_GS,2,learnability,0,8,32586,32586,1.0,0.997759774136132,32586.0,32586.0,0.7298402287811818,0.7293347120285034,0.7298862934112549,0.7302598357200623,1.0,1.0,1.0,1.0
fundus_seed0_lcrseg_no_learnability_full200e,/home/jiangsuiyang/SSL_CL/runs/fundus_seed0_lcrseg_no_learnability_full200e/checkpoint_final_site2_Drishti_GS.pt,checkpoint_final_site2_Drishti_GS.pt,lcrseg_v0_1,Drishti_GS,2,learnability,0,9,32586,32586,1.0,0.9993555514638188,32586.0,32586.0,0.730591128560666,0.7303979396820068,0.7306070625782013,0.7307544350624084,1.0,1.0,1.0,1.0
fundus_seed0_lcrseg_no_learnability_full200e,/home/jiangsuiyang/SSL_CL/runs/fundus_seed0_lcrseg_no_learnability_full200e/checkpoint_final_site2_Drishti_GS.pt,checkpoint_final_site2_Drishti_GS.pt,lcrseg_v0_1,Drishti_GS,2,learnability,1,0,3248,0,0.0,nan,0.0,0.0,0.0,0.0,0.0,0.0,0.0,0.0,0.0,0.0
fundus_seed0_lcrseg_no_learnability_full200e,/home/jiangsuiyang/SSL_CL/runs/fundus_seed0_lcrseg_no_learnability_full200e/checkpoint_final_site2_Drishti_GS.pt,checkpoint_final_site2_Drishti_GS.pt,lcrseg_v0_1,Drishti_GS,2,learnability,1,1,3248,3137,0.9658251231527094,0.5766656040803315,3137.0,3136.999999999999,0.17358937911262617,0.08534350991249084,0.1827145665884018,0.25370829105377196,0.9658251231527094,1.0,1.0,1.0
fundus_seed0_lcrseg_no_learnability_full200e,/home/jiangsuiyang/SSL_CL/runs/fundus_seed0_lcrseg_no_learnability_full200e/checkpoint_final_site2_Drishti_GS.pt,checkpoint_final_site2_Drishti_GS.pt,lcrseg_v0_1,Drishti_GS,2,learnability,1,2,3248,3248,1.0,0.6188423645320197,3248.0,3247.999999999999,0.36410592784508694,0.29059614837169645,0.36433538794517517,0.43532868325710294,1.0,1.0,1.0,1.0
fundus_seed0_lcrseg_no_learnability_full200e,/home/jiangsuiyang/SSL_CL/runs/fundus_seed0_lcrseg_no_learnability_full200e/checkpoint_final_site2_Drishti_GS.pt,checkpoint_final_site2_Drishti_GS.pt,lcrseg_v0_1,Drishti_GS,2,learnability,1,3,3248,3248,1.0,0.645320197044335,3248.0,3247.999999999999,0.5299039395535227,0.4698537737131119,0.5315955877304077,0.585379558801651,1.0,1.0,1.0,1.0
fundus_seed0_lcrseg_no_learnability_full200e,/home/jiangsuiyang/SSL_CL/runs/fundus_seed0_lcrseg_no_learnability_full200e/checkpoint_final_site2_Drishti_GS.pt,checkpoint_final_site2_Drishti_GS.pt,lcrseg_v0_1,Drishti_GS,2,learnability,1,4,3248,3248,1.0,0.6933497536945813,3248.0,3247.999999999999,0.6411374262878167,0.607994145154953,0.6435061693191528,0.6699475705623626,1.0,1.0,1.0,1.0
fundus_seed0_lcrseg_no_learnability_full200e,/home/jiangsuiyang/SSL_CL/runs/fundus_seed0_lcrseg_no_learnability_full200e/checkpoint_final_site2_Drishti_GS.pt,checkpoint_final_site2_Drishti_GS.pt,lcrseg_v0_1,Drishti_GS,2,learnability,1,5,3247,3247,1.0,0.7145056975669849,3247.0,3246.999999999999,0.6962195988211002,0.681454885005951,0.697715163230896,0.7083762168884278,1.0,1.0,1.0,1.0
fundus_seed0_lcrseg_no_learnability_full200e,/home/jiangsuiyang/SSL_CL/runs/fundus_seed0_lcrseg_no_learnability_full200e/checkpoint_final_site2_Drishti_GS.pt,checkpoint_final_site2_Drishti_GS.pt,lcrseg_v0_1,Drishti_GS,2,learnability,1,6,3247,3247,1.0,0.7212811826301201,3247.0,3246.999999999999,0.7174183091347791,0.7121316313743591,0.7179137468338013,0.7217846035957336,1.0,1.0,1.0,1.0
fundus_seed0_lcrseg_no_learnability_full200e,/home/jiangsuiyang/SSL_CL/runs/fundus_seed0_lcrseg_no_learnability_full200e/checkpoint_final_site2_Drishti_GS.pt,checkpoint_final_site2_Drishti_GS.pt,lcrseg_v0_1,Drishti_GS,2,learnability,1,7,3247,3247,1.0,0.7111179550354173,3247.0,3246.999999999999,0.7252636845566363,0.7232405662536621,0.7254236340522766,0.7270017504692078,1.0,1.0,1.0,1.0
fundus_seed0_lcrseg_no_learnability_full200e,/home/jiangsuiyang/SSL_CL/runs/fundus_seed0_lcrseg_no_learnability_full200e/checkpoint_final_site2_Drishti_GS.pt,checkpoint_final_site2_Drishti_GS.pt,lcrseg_v0_1,Drishti_GS,2,learnability,1,8,3247,3247,1.0,0.7092700954727441,3247.0,3246.999999999999,0.7284679714444604,0.727582848072052,0.7285038232803345,0.7292631030082702,1.0,1.0,1.0,1.0
fundus_seed0_lcrseg_no_learnability_full200e,/home/jiangsuiyang/SSL_CL/runs/fundus_seed0_lcrseg_no_learnability_full200e/checkpoint_final_site2_Drishti_GS.pt,checkpoint_final_site2_Drishti_GS.pt,lcrseg_v0_1,Drishti_GS,2,learnability,1,9,3247,3247,1.0,0.692331382814906,3247.0,3246.999999999999,0.730129107314328,0.7295650124549866,0.7300868630409241,0.730606472492218,1.0,1.0,1.0,1.0
fundus_seed0_lcrseg_no_learnability_full200e,/home/jiangsuiyang/SSL_CL/runs/fundus_seed0_lcrseg_no_learnability_full200e/checkpoint_final_site2_Drishti_GS.pt,checkpoint_final_site2_Drishti_GS.pt,lcrseg_v0_1,Drishti_GS,2,learnability,2,0,1952,377,0.19313524590163936,0.6578249336870027,377.0,376.999999999999,0.018169174591064086,0.0,0.0,0.09934796914458276,0.19313524590163936,0.0,0.0,1.0
fundus_seed0_lcrseg_no_learnability_full200e,/home/jiangsuiyang/SSL_CL/runs/fundus_seed0_lcrseg_no_learnability_full200e/checkpoint_final_site2_Drishti_GS.pt,checkpoint_final_site2_Drishti_GS.pt,lcrseg_v0_1,Drishti_GS,2,learnability,2,1,1952,1952,1.0,0.7469262295081968,1952.0,1951.999999999999,0.2365144957773021,0.150733682513237,0.23424068838357925,0.3244701981544495,1.0,1.0,1.0,1.0
fundus_seed0_lcrseg_no_learnability_full200e,/home/jiangsuiyang/SSL_CL/runs/fundus_seed0_lcrseg_no_learnability_full200e/checkpoint_final_site2_Drishti_GS.pt,checkpoint_final_site2_Drishti_GS.pt,lcrseg_v0_1,Drishti_GS,2,learnability,2,2,1952,1952,1.0,0.8222336065573771,1952.0,1951.999999999999,0.44863055319693246,0.36890457570552826,0.45201972126960754,0.5207847356796265,1.0,1.0,1.0,1.0
fundus_seed0_lcrseg_no_learnability_full200e,/home/jiangsuiyang/SSL_CL/runs/fundus_seed0_lcrseg_no_learnability_full200e/checkpoint_final_site2_Drishti_GS.pt,checkpoint_final_site2_Drishti_GS.pt,lcrseg_v0_1,Drishti_GS,2,learnability,2,3,1952,1952,1.0,0.8560450819672131,1952.0,1951.999999999999,0.5969019548387312,0.5504059374332428,0.5999167561531067,0.6372812867164612,1.0,1.0,1.0,1.0
fundus_seed0_lcrseg_no_learnability_full200e,/home/jiangsuiyang/SSL_CL/runs/fundus_seed0_lcrseg_no_learnability_full200e/checkpoint_final_site2_Drishti_GS.pt,checkpoint_final_site2_Drishti_GS.pt,lcrseg_v0_1,Drishti_GS,2,learnability,2,4,1952,1952,1.0,0.8878073770491803,1952.0,1951.999999999999,0.6736346896676744,0.6516482055187225,0.6753121018409729,0.6923227310180664,1.0,1.0,1.0,1.0
fundus_seed0_lcrseg_no_learnability_full200e,/home/jiangsuiyang/SSL_CL/runs/fundus_seed0_lcrseg_no_learnability_full200e/checkpoint_final_site2_Drishti_GS.pt,checkpoint_final_site2_Drishti_GS.pt,lcrseg_v0_1,Drishti_GS,2,learnability,2,5,1952,1952,1.0,0.9082991803278688,1952.0,1951.999999999999,0.7076091365125335,0.6987988233566285,0.708398163318634,0.715047436952591,1.0,1.0,1.0,1.0
fundus_seed0_lcrseg_no_learnability_full200e,/home/jiangsuiyang/SSL_CL/runs/fundus_seed0_lcrseg_no_learnability_full200e/checkpoint_final_site2_Drishti_GS.pt,checkpoint_final_site2_Drishti_GS.pt,lcrseg_v0_1,Drishti_GS,2,learnability,2,6,1952,1952,1.0,0.9154713114754098,1952.0,1951.999999999999,0.7210517238642349,0.7175230205059051,0.7213139832019806,0.7240780651569366,1.0,1.0,1.0,1.0
fundus_seed0_lcrseg_no_learnability_full200e,/home/jiangsuiyang/SSL_CL/runs/fundus_seed0_lcrseg_no_learnability_full200e/checkpoint_final_site2_Drishti_GS.pt,checkpoint_final_site2_Drishti_GS.pt,lcrseg_v0_1,Drishti_GS,2,learnability,2,7,1952,1952,1.0,0.9364754098360656,1952.0,1951.999999999999,0.7267040966048104,0.7251480519771576,0.7268201410770416,0.7280597031116486,1.0,1.0,1.0,1.0
fundus_seed0_lcrseg_no_learnability_full200e,/home/jiangsuiyang/SSL_CL/runs/fundus_seed0_lcrseg_no_learnability_full200e/checkpoint_final_site2_Drishti_GS.pt,checkpoint_final_site2_Drishti_GS.pt,lcrseg_v0_1,Drishti_GS,2,learnability,2,8,1952,1952,1.0,0.954405737704918,1952.0,1951.999999999999,0.7292376232684635,0.7285262644290924,0.7292850017547607,0.7298616230487823,1.0,1.0,1.0,1.0
fundus_seed0_lcrseg_no_learnability_full200e,/home/jiangsuiyang/SSL_CL/runs/fundus_seed0_lcrseg_no_learnability_full200e/checkpoint_final_site2_Drishti_GS.pt,checkpoint_final_site2_Drishti_GS.pt,lcrseg_v0_1,Drishti_GS,2,learnability,2,9,1952,1952,1.0,0.9359631147540983,1952.0,1951.999999999999,0.7305295623716761,0.7300928294658661,0.7304834723472595,0.7307528138160706,1.0,1.0,1.0,1.0
fundus_seed0_lcrseg_no_learnability_full200e,/home/jiangsuiyang/SSL_CL/runs/fundus_seed0_lcrseg_no_learnability_full200e/checkpoint_final_site2_Drishti_GS.pt,checkpoint_final_site2_Drishti_GS.pt,lcrseg_v0_1,Drishti_GS,2,compatibility,0,0,33498,33498,1.0,0.4584452803152427,18726.501010429114,20704.508180695597,0.5590334052907372,0.0,0.811057984828949,0.9750720739364624,0.5590334052907372,0.0,0.811057984828949,0.9750720739364624
fundus_seed0_lcrseg_no_learnability_full200e,/home/jiangsuiyang/SSL_CL/runs/fundus_seed0_lcrseg_no_learnability_full200e/checkpoint_final_site2_Drishti_GS.pt,checkpoint_final_site2_Drishti_GS.pt,lcrseg_v0_1,Drishti_GS,2,compatibility,0,1,33498,33498,1.0,0.9741477103110634,32968.28667473793,33497.813187189844,0.9841867178559296,0.9805381298065186,0.9847543239593506,0.9868259608745575,0.9841867178559296,0.9805381298065186,0.9847543239593506,0.9868259608745575
fundus_seed0_lcrseg_no_learnability_full200e,/home/jiangsuiyang/SSL_CL/runs/fundus_seed0_lcrseg_no_learnability_full200e/checkpoint_final_site2_Drishti_GS.pt,checkpoint_final_site2_Drishti_GS.pt,lcrseg_v0_1,Drishti_GS,2,compatibility,0,2,33498,33498,1.0,0.9892829422652099,33116.67073792219,33497.98222390373,0.9886163573324435,0.9875584244728088,0.9886803328990936,0.9895560503005981,0.9886163573324435,0.9875584244728088,0.9886803328990936,0.9895560503005981
fundus_seed0_lcrseg_no_learnability_full200e,/home/jiangsuiyang/SSL_CL/runs/fundus_seed0_lcrseg_no_learnability_full200e/checkpoint_final_site2_Drishti_GS.pt,checkpoint_final_site2_Drishti_GS.pt,lcrseg_v0_1,Drishti_GS,2,compatibility,0,3,33498,33498,1.0,0.9916114394889247,33187.06266397238,33497.98974708962,0.9907177343116716,0.9899495482444763,0.990730345249176,0.9914673745632172,0.9907177343116716,0.9899495482444763,0.990730345249176,0.9914673745632172
fundus_seed0_lcrseg_no_learnability_full200e,/home/jiangsuiyang/SSL_CL/runs/fundus_seed0_lcrseg_no_learnability_full200e/checkpoint_final_site2_Drishti_GS.pt,checkpoint_final_site2_Drishti_GS.pt,lcrseg_v0_1,Drishti_GS,2,compatibility,0,4,33498,33498,1.0,0.9904471908770673,33247.11174917221,33497.9918945886,0.9925103513395489,0.9918288588523865,0.992514431476593,0.9931840896606445,0.9925103513395489,0.9918288588523865,0.992514431476593,0.9931840896606445
fundus_seed0_lcrseg_no_learnability_full200e,/home/jiangsuiyang/SSL_CL/runs/fundus_seed0_lcrseg_no_learnability_full200e/checkpoint_final_site2_Drishti_GS.pt,checkpoint_final_site2_Drishti_GS.pt,lcrseg_v0_1,Drishti_GS,2,compatibility,0,5,33498,33498,1.0,0.9915218819033972,33300.72404283285,33497.99388591716,0.994110813864495,0.9935082018375396,0.9941270351409912,0.9946848154067993,0.994110813864495,0.9935082018375396,0.9941270351409912,0.9946848154067993
fundus_seed0_lcrseg_no_learnability_full200e,/home/jiangsuiyang/SSL_CL/runs/fundus_seed0_lcrseg_no_learnability_full200e/checkpoint_final_site2_Drishti_GS.pt,checkpoint_final_site2_Drishti_GS.pt,lcrseg_v0_1,Drishti_GS,2,compatibility,0,6,33498,33498,1.0,0.9922681951161263,33344.718742609024,33497.996041502796,0.9954241668938153,0.9949448943138123,0.9954301714897156,0.9958940744400024,0.9954241668938153,0.9949448943138123,0.9954301714897156,0.9958940744400024
fundus_seed0_lcrseg_no_learnability_full200e,/home/jiangsuiyang/SSL_CL/runs/fundus_seed0_lcrseg_no_learnability_full200e/checkpoint_final_site2_Drishti_GS.pt,checkpoint_final_site2_Drishti_GS.pt,lcrseg_v0_1,Drishti_GS,2,compatibility,0,7,33498,33498,1.0,0.9910442414472506,33384.0445035696,33497.996031529874,0.9965981402940356,0.9961261749267578,0.9965949058532715,0.9970763921737671,0.9965981402940356,0.9961261749267578,0.9965949058532715,0.9970763921737671
fundus_seed0_lcrseg_no_learnability_full200e,/home/jiangsuiyang/SSL_CL/runs/fundus_seed0_lcrseg_no_learnability_full200e/checkpoint_final_site2_Drishti_GS.pt,checkpoint_final_site2_Drishti_GS.pt,lcrseg_v0_1,Drishti_GS,2,compatibility,0,8,33498,33498,1.0,0.9939996417696579,33422.16076517105,33497.996929885005,0.9977360070801555,0.997307300567627,0.9977467060089111,0.9981439113616943,0.9977360070801555,0.997307300567627,0.9977467060089111,0.9981439113616943
fundus_seed0_lcrseg_no_learnability_full200e,/home/jiangsuiyang/SSL_CL/runs/fundus_seed0_lcrseg_no_learnability_full200e/checkpoint_final_site2_Drishti_GS.pt,checkpoint_final_site2_Drishti_GS.pt,lcrseg_v0_1,Drishti_GS,2,compatibility,0,9,33497,33497,1.0,0.9938501955398991,33455.01389032602,33496.99591627294,0.9987465710459451,0.998326301574707,0.9987034201622009,0.9992104768753052,0.9987465710459451,0.998326301574707,0.9987034201622009,0.9992104768753052
fundus_seed0_lcrseg_no_learnability_full200e,/home/jiangsuiyang/SSL_CL/runs/fundus_seed0_lcrseg_no_learnability_full200e/checkpoint_final_site2_Drishti_GS.pt,checkpoint_final_site2_Drishti_GS.pt,lcrseg_v0_1,Drishti_GS,2,compatibility,1,0,3131,3131,1.0,0.13158735228361546,0.0,0.0,0.0,0.0,0.0,0.0,0.0,0.0,0.0,0.0
fundus_seed0_lcrseg_no_learnability_full200e,/home/jiangsuiyang/SSL_CL/runs/fundus_seed0_lcrseg_no_learnability_full200e/checkpoint_final_site2_Drishti_GS.pt,checkpoint_final_site2_Drishti_GS.pt,lcrseg_v0_1,Drishti_GS,2,compatibility,1,1,3130,3130,1.0,0.36166134185303517,0.0,0.0,0.0,0.0,0.0,0.0,0.0,0.0,0.0,0.0
fundus_seed0_lcrseg_no_learnability_full200e,/home/jiangsuiyang/SSL_CL/runs/fundus_seed0_lcrseg_no_learnability_full200e/checkpoint_final_site2_Drishti_GS.pt,checkpoint_final_site2_Drishti_GS.pt,lcrseg_v0_1,Drishti_GS,2,compatibility,1,2,3130,3130,1.0,0.3364217252396166,0.0,0.0,0.0,0.0,0.0,0.0,0.0,0.0,0.0,0.0
fundus_seed0_lcrseg_no_learnability_full200e,/home/jiangsuiyang/SSL_CL/runs/fundus_seed0_lcrseg_no_learnability_full200e/checkpoint_final_site2_Drishti_GS.pt,checkpoint_final_site2_Drishti_GS.pt,lcrseg_v0_1,Drishti_GS,2,compatibility,1,3,3130,3130,1.0,0.7309904153354633,876.1886062659323,2170.6085913885922,0.2799324620657931,0.0,0.34538692235946655,0.4906125158071518,0.2799324620657931,0.0,0.34538692235946655,0.4906125158071518
fundus_seed0_lcrseg_no_learnability_full200e,/home/jiangsuiyang/SSL_CL/runs/fundus_seed0_lcrseg_no_learnability_full200e/checkpoint_final_site2_Drishti_GS.pt,checkpoint_final_site2_Drishti_GS.pt,lcrseg_v0_1,Drishti_GS,2,compatibility,1,4,3130,3130,1.0,0.6571884984025559,2014.6889604330063,3097.0446732425653,0.6436705943875419,0.5449662744998932,0.650564432144165,0.7303443610668182,0.6436705943875419,0.5449662744998932,0.650564432144165,0.7303443610668182
fundus_seed0_lcrseg_no_learnability_full200e,/home/jiangsuiyang/SSL_CL/runs/fundus_seed0_lcrseg_no_learnability_full200e/checkpoint_final_site2_Drishti_GS.pt,checkpoint_final_site2_Drishti_GS.pt,lcrseg_v0_1,Drishti_GS,2,compatibility,1,5,3130,3130,1.0,0.6376996805111821,2613.0212032198906,3120.1865426063,0.8348310553418181,0.7671321749687194,0.8352494537830353,0.8955925762653351,0.8348310553418181,0.7671321749687194,0.8352494537830353,0.8955925762653351
fundus_seed0_lcrseg_no_learnability_full200e,/home/jiangsuiyang/SSL_CL/runs/fundus_seed0_lcrseg_no_learnability_full200e/checkpoint_final_site2_Drishti_GS.pt,checkpoint_final_site2_Drishti_GS.pt,lcrseg_v0_1,Drishti_GS,2,compatibility,1,6,3130,3130,1.0,0.5715654952076678,2954.6776627898216,3128.38002787702,0.9439864737347673,0.9116083979606628,0.9489473700523376,0.9696984350681305,0.9439864737347673,0.9116083979606628,0.9489473700523376,0.9696984350681305
fundus_seed0_lcrseg_no_learnability_full200e,/home/jiangsuiyang/SSL_CL/runs/fundus_seed0_lcrseg_no_learnability_full200e/checkpoint_final_site2_Drishti_GS.pt,checkpoint_final_site2_Drishti_GS.pt,lcrseg_v0_1,Drishti_GS,2,compatibility,1,7,3130,3130,1.0,0.5738019169329074,3078.0763031840324,3129.920853631523,0.9834109594837165,0.9757989943027496,0.984228789806366,0.9894652307033539,0.9834109594837165,0.9757989943027496,0.984228789806366,0.9894652307033539
fundus_seed0_lcrseg_no_learnability_full200e,/home/jiangsuiyang/SSL_CL/runs/fundus_seed0_lcrseg_no_learnability_full200e/checkpoint_final_site2_Drishti_GS.pt,checkpoint_final_site2_Drishti_GS.pt,lcrseg_v0_1,Drishti_GS,2,compatibility,1,8,3130,3130,1.0,0.5591054313099042,3111.592104613781,3129.9891628525447,0.9941188832631888,0.9913646459579468,0.9943647384643555,0.996503758430481,0.9941188832631888,0.9913646459579468,0.9943647384643555,0.996503758430481
fundus_seed0_lcrseg_no_learnability_full200e,/home/jiangsuiyang/SSL_CL/runs/fundus_seed0_lcrseg_no_learnability_full200e/checkpoint_final_site2_Drishti_GS.pt,checkpoint_final_site2_Drishti_GS.pt,lcrseg_v0_1,Drishti_GS,2,compatibility,1,9,3130,3130,1.0,0.6383386581469649,3125.5902823209763,3129.9977467962785,0.998591144511494,0.9973528802394866,0.9986583292484283,0.9997058987617493,0.998591144511494,0.9973528802394866,0.9986583292484283,0.9997058987617493
fundus_seed0_lcrseg_no_learnability_full200e,/home/jiangsuiyang/SSL_CL/runs/fundus_seed0_lcrseg_no_learnability_full200e/checkpoint_final_site2_Drishti_GS.pt,checkpoint_final_site2_Drishti_GS.pt,lcrseg_v0_1,Drishti_GS,2,compatibility,2,0,1158,1158,1.0,0.8143350604490501,0.0,0.0,0.0,0.0,0.0,0.0,0.0,0.0,0.0,0.0
fundus_seed0_lcrseg_no_learnability_full200e,/home/jiangsuiyang/SSL_CL/runs/fundus_seed0_lcrseg_no_learnability_full200e/checkpoint_final_site2_Drishti_GS.pt,checkpoint_final_site2_Drishti_GS.pt,lcrseg_v0_1,Drishti_GS,2,compatibility,2,1,1158,1158,1.0,0.6511226252158895,15.02403667382896,176.26147641462558,0.0129741249342219,0.0,0.0,0.06340499073266981,0.0129741249342219,0.0,0.0,0.06340499073266981
fundus_seed0_lcrseg_no_learnability_full200e,/home/jiangsuiyang/SSL_CL/runs/fundus_seed0_lcrseg_no_learnability_full200e/checkpoint_final_site2_Drishti_GS.pt,checkpoint_final_site2_Drishti_GS.pt,lcrseg_v0_1,Drishti_GS,2,compatibility,2,2,1158,1158,1.0,0.9360967184801382,461.77759823203087,1075.711383929445,0.3987716737755016,0.22224309146404267,0.4187869280576706,0.529245388507843,0.3987716737755016,0.22224309146404267,0.4187869280576706,0.529245388507843
fundus_seed0_lcrseg_no_learnability_full200e,/home/jiangsuiyang/SSL_CL/runs/fundus_seed0_lcrseg_no_learnability_full200e/checkpoint_final_site2_Drishti_GS.pt,checkpoint_final_site2_Drishti_GS.pt,lcrseg_v0_1,Drishti_GS,2,compatibility,2,3,1158,1158,1.0,0.9438687392055267,752.2194980978966,1149.7667481831172,0.6495850588064738,0.5710218489170075,0.6503211259841919,0.7238612771034241,0.6495850588064738,0.5710218489170075,0.6503211259841919,0.7238612771034241
fundus_seed0_lcrseg_no_learnability_full200e,/home/jiangsuiyang/SSL_CL/runs/fundus_seed0_lcrseg_no_learnability_full200e/checkpoint_final_site2_Drishti_GS.pt,checkpoint_final_site2_Drishti_GS.pt,lcrseg_v0_1,Drishti_GS,2,compatibility,2,4,1158,1158,1.0,0.9740932642487047,938.5585880279541,1154.5979485883715,0.8104996442383023,0.7459499895572662,0.8173721432685852,0.8685420691967011,0.8104996442383023,0.7459499895572662,0.8173721432685852,0.8685420691967011
fundus_seed0_lcrseg_no_learnability_full200e,/home/jiangsuiyang/SSL_CL/runs/fundus_seed0_lcrseg_no_learnability_full200e/checkpoint_final_site2_Drishti_GS.pt,checkpoint_final_site2_Drishti_GS.pt,lcrseg_v0_1,Drishti_GS,2,compatibility,2,5,1158,1158,1.0,0.9715025906735751,1068.3818127512932,1157.2531973387963,0.9226095101479216,0.8902581095695495,0.9172549843788147,0.9552150845527649,0.9226095101479216,0.8902581095695495,0.9172549843788147,0.9552150845527649
fundus_seed0_lcrseg_no_learnability_full200e,/home/jiangsuiyang/SSL_CL/runs/fundus_seed0_lcrseg_no_learnability_full200e/checkpoint_final_site2_Drishti_GS.pt,checkpoint_final_site2_Drishti_GS.pt,lcrseg_v0_1,Drishti_GS,2,compatibility,2,6,1157,1157,1.0,0.9956784788245462,1129.5903075933456,1156.9411455953855,0.9763096867703938,0.9655186414718628,0.9777195453643799,0.9846222043037415,0.9763096867703938,0.9655186414718628,0.9777195453643799,0.9846222043037415
fundus_seed0_lcrseg_no_learnability_full200e,/home/jiangsuiyang/SSL_CL/runs/fundus_seed0_lcrseg_no_learnability_full200e/checkpoint_final_site2_Drishti_GS.pt,checkpoint_final_site2_Drishti_GS.pt,lcrseg_v0_1,Drishti_GS,2,compatibility,2,7,1157,1157,1.0,0.9948141745894555,1145.7112449407578,1156.994464823494,0.9902430811933948,0.9869946122169495,0.990588366985321,0.9929340720176697,0.9902430811933948,0.9869946122169495,0.990588366985321,0.9929340720176697
fundus_seed0_lcrseg_no_learnability_full200e,/home/jiangsuiyang/SSL_CL/runs/fundus_seed0_lcrseg_no_learnability_full200e/checkpoint_final_site2_Drishti_GS.pt,checkpoint_final_site2_Drishti_GS.pt,lcrseg_v0_1,Drishti_GS,2,compatibility,2,8,1157,1157,1.0,0.9956784788245462,1151.8992114663124,1156.9985200779324,0.9955913668680315,0.9939627051353455,0.9956863522529602,0.9970605969429016,0.9955913668680315,0.9939627051353455,0.9956863522529602,0.9970605969429016
fundus_seed0_lcrseg_no_learnability_full200e,/home/jiangsuiyang/SSL_CL/runs/fundus_seed0_lcrseg_no_learnability_full200e/checkpoint_final_site2_Drishti_GS.pt,checkpoint_final_site2_Drishti_GS.pt,lcrseg_v0_1,Drishti_GS,2,compatibility,2,9,1157,1157,1.0,0.9904926534140017,1155.44822794199,1156.99946586177,0.9986587968383663,0.9977185487747192,0.9986673593521118,0.9995756387710572,0.9986587968383663,0.9977185487747192,0.9986673593521118,0.9995756387710572
