step,full_objective,full_support_error,AA_conditional_term,AA_weighted_term,support_constant_term,regularization,W_frobenius_norm,b_norm,minimum_raw_output_norm,finite,gradient_finite,gradient_evaluated
0,7.728193085476676e-18,7.728193085476676e-18,7.728193085476676e-18,7.728193085476676e-18,0.0,0.0,0.0,0.0,0.9999999999999998,True,True,False
1,1.9613217302489604e-17,1.9613217300262776e-17,1.9613217300262776e-17,1.9613217300262776e-17,0.0,2.226827594356309e-27,2.9168996966661956e-12,3.709443637953237e-12,0.9999999999940178,True,True,True
2,7.872217939032816e-15,7.870187791400586e-15,7.870187791400586e-15,7.870187791400586e-15,0.0,2.0301476322293857e-18,8.45854329328647e-08,1.1465941242590466e-07,1.0000000213589861,True,True,True
3,1.7004985931434155e-06,1.7000468882099825e-06,1.7000468882099825e-06,1.7000468882099825e-06,0.0,4.517049334331151e-10,0.00170256782977114,0.0012721289711973157,0.9977051711224665,True,True,True
4,1.1924931322159157e-05,1.1918198468588091e-05,1.1918198468588091e-05,1.1918198468588091e-05,0.0,6.732853571066779e-09,0.008108855690523676,0.0012549880879632249,0.999690883936935,True,True,True
5,3.918405911754887e-06,3.914542702619636e-06,3.914542702619636e-06,3.914542702619636e-06,0.0,3.863209135251966e-09,0.006094874856335582,0.0012184382783415719,0.9997795907244393,True,True,True
6,6.2110570737996535e-06,6.207832303707678e-06,6.207832303707678e-06,6.207832303707678e-06,0.0,3.22477009197482e-09,0.005491545382879719,0.0014459011817965417,0.9978162457375587,True,True,True
7,5.752745462864793e-06,5.749644307725198e-06,5.749644307725198e-06,5.749644307725198e-06,0.0,3.1011551395946086e-09,0.005373559360143264,0.0014616467421927908,0.9970663102425511,True,True,True
8,3.7004934933682056e-06,3.698033899740638e-06,3.698033899740638e-06,3.698033899740638e-06,0.0,2.459593627567728e-09,0.004824645522086401,0.001148360510418625,0.9966166151818295,True,True,True
9,3.3901823030657658e-06,3.388017487976251e-06,3.388017487976251e-06,3.388017487976251e-06,0.0,2.164815089515074e-09,0.004580715911189507,0.0008155934257496389,0.9973975843742725,True,True,True
10,3.4915079134769373e-06,3.489016005431664e-06,3.489016005431664e-06,3.489016005431664e-06,0.0,2.4919080452731245e-09,0.004948278442352406,0.000658498982293588,0.9986072673900633,True,True,True
11,2.6495304364735364e-06,2.646888617113543e-06,2.646888617113543e-06,2.646888617113543e-06,0.0,2.6418193599931017e-09,0.005093436628246851,0.0006892727427980644,0.9990907471938564,True,True,True
12,2.5310331318369626e-06,2.5286296797795786e-06,2.5286296797795786e-06,2.5286296797795786e-06,0.0,2.403452057384099e-09,0.004820428987096662,0.0008933000359337451,0.9988296281150768,True,True,True
13,2.5237934957327556e-06,2.5219590546155673e-06,2.5219590546155673e-06,2.5219590546155673e-06,0.0,1.8344411171882398e-09,0.0041707743814298395,0.0009741931179652899,0.9986395049119174,True,True,True
14,1.9696785187925956e-06,1.968344673303853e-06,1.968344673303853e-06,1.968344673303853e-06,0.0,1.333845488742595e-09,0.003540179977451682,0.0008975414278328106,0.99868051629105,True,True,True
15,1.5477793937607753e-06,1.5464770115809334e-06,1.5464770115809334e-06,1.5464770115809334e-06,0.0,1.3023821798419845e-09,0.0035197893660280683,0.0007968090217960476,0.9988402426610907,True,True,True
16,1.5853698941550326e-06,1.5838257303544493e-06,1.5838257303544493e-06,1.5838257303544493e-06,0.0,1.544163800583196e-09,0.0038622949528003964,0.0007240964738241346,0.9986261526618528,True,True,True
17,1.6877184940408184e-06,1.686130857864284e-06,1.686130857864284e-06,1.686130857864284e-06,0.0,1.5876361765345693e-09,0.003928843185535343,0.0006637416581910389,0.9985302923950963,True,True,True
18,1.386894146665918e-06,1.3856210431567944e-06,1.3856210431567944e-06,1.3856210431567944e-06,0.0,1.273103509123513e-09,0.0035156686148928563,0.0006091873943972249,0.9987398771713297,True,True,True
19,1.057698746049217e-06,1.056726778886133e-06,1.056726778886133e-06,1.056726778886133e-06,0.0,9.719671630841343e-10,0.0030568674586281147,0.000612562626367161,0.9990689574887687,True,True,True
20,1.009771668814255e-06,1.0088262084363253e-06,1.0088262084363253e-06,1.0088262084363253e-06,0.0,9.454603779298537e-10,0.003004894185468803,0.0006520848974131474,0.9989062675629649,True,True,True
21,9.618731889584015e-07,9.608657982362466e-07,9.608657982362466e-07,9.608657982362466e-07,0.0,1.0073907221548728e-09,0.003106207303411333,0.000652214236108675,0.9987707203654089,True,True,True
22,8.818977274495955e-07,8.809153497714113e-07,8.809153497714113e-07,8.809153497714113e-07,0.0,9.823776781842588e-10,0.003073599065998627,0.0006138123193085626,0.9991187528199998,True,True,True
23,9.128380128744311e-07,9.119444071723664e-07,9.119444071723664e-07,9.119444071723664e-07,0.0,8.936057020647329e-10,0.0029351882321238002,0.0005663276989952784,0.9993366432063688,True,True,True
24,7.747608831998e-07,7.740486208311582e-07,7.740486208311582e-07,7.740486208311582e-07,0.0,7.122623686418501e-10,0.00262063550026202,0.0005048695486805814,0.9994625706434841,True,True,True
25,4.6639328562121157e-07,4.6589973155676904e-07,4.6589973155676904e-07,4.6589973155676904e-07,0.0,4.93554064442506e-10,0.002163601278327106,0.0005043512197332083,0.9994815489290714,True,True,True
26,4.768625757617193e-07,4.764282415993385e-07,4.764282415993385e-07,4.764282415993385e-07,0.0,4.343341623807721e-10,0.0019922048185160076,0.0006119326636888433,0.9990980634020095,True,True,True
27,6.582533435710614e-07,6.577558478794844e-07,6.577558478794844e-07,6.577558478794844e-07,0.0,4.974956915770588e-10,0.00213054105906393,0.0006601149228833829,0.9989122675482266,True,True,True
28,5.968588229969266e-07,5.963343620428431e-07,5.963343620428431e-07,5.963343620428431e-07,0.0,5.244609540835817e-10,0.0022156012388265907,0.0005794140931543641,0.9992115715400333,True,True,True
29,3.817306062639455e-07,3.8123840815599916e-07,3.8123840815599916e-07,3.8123840815599916e-07,0.0,4.921981079463715e-10,0.0021695804668620585,0.0004635748885286264,0.9996105865539597,True,True,True
30,2.881417289136496e-07,2.8769844889512186e-07,2.8769844889512186e-07,2.8769844889512186e-07,0.0,4.4328001852773616e-10,0.0020605647361550098,0.0004322882757972938,0.9996936170984649,True,True,True
31,3.5378545267725214e-07,3.5337778296377193e-07,3.5337778296377193e-07,3.5337778296377193e-07,0.0,4.0766971348018257e-10,0.0019633377715959003,0.0004711708070611656,0.9995644245518039,True,True,True
32,3.9276754945660157e-07,3.9239316962912783e-07,3.9239316962912783e-07,3.9239316962912783e-07,0.0,3.7437982747376127e-10,0.0018691041283845063,0.0005002479705042366,0.9995823665639102,True,True,True
33,3.133116800692391e-07,3.12975456928427e-07,3.12975456928427e-07,3.12975456928427e-07,0.0,3.362231408121298e-10,0.0017669858230572066,0.0004898903032681334,0.9994842354223389,True,True,True
34,2.2060791833442296e-07,2.2029818642758416e-07,2.2029818642758416e-07,2.2029818642758416e-07,0.0,3.0973190683880165e-10,0.0017013765084552045,0.00045015224631761474,0.9995752865216674,True,True,True
35,2.109828876372511e-07,2.106930886325059e-07,2.106930886325059e-07,2.106930886325059e-07,0.0,2.897990047451874e-10,0.0016506022473113946,0.00041653603520277506,0.9995952444163085,True,True,True
36,2.3270178638567925e-07,2.3244095392469814e-07,2.3244095392469814e-07,2.3244095392469814e-07,0.0,2.608324609811078e-10,0.0015605210588002165,0.0004160512406568801,0.9995048828810222,True,True,True
37,2.2132711018949076e-07,2.2109327587993816e-07,2.2109327587993816e-07,2.2109327587993816e-07,0.0,2.3383430955259e-10,0.0014675493976905496,0.00042969973337669777,0.9994447753722003,True,True,True
38,1.8891216961626943e-07,1.8869412042596683e-07,1.8869412042596683e-07,1.8869412042596683e-07,0.0,2.1804919030260813e-10,0.0014123128589152007,0.00043111981115329627,0.9994985717488389,True,True,True
39,1.2734686703204914e-07,1.2715264171540712e-07,1.2715264171540712e-07,1.2715264171540712e-07,0.0,1.9422531664201207e-10,0.0013305379223634095,0.000414634783361192,0.9997061618023753,True,True,True
40,1.2306715476283724e-07,1.2288649664282173e-07,1.2288649664282173e-07,1.2288649664282173e-07,0.0,1.8065812001552603e-10,0.0012797469277235683,0.00041088806399961056,0.9997504657749345,True,True,True
41,1.694864912164942e-07,1.693059834141392e-07,1.693059834141392e-07,1.693059834141392e-07,0.0,1.805078023550156e-10,0.001276054235229422,0.0004204326489501148,0.9997138810135796,True,True,True
42,1.3149849665308162e-07,1.3133618965741965e-07,1.3133618965741965e-07,1.3133618965741965e-07,0.0,1.6230699566196944e-10,0.0012072324749134455,0.0004070131547432478,0.9997906676554256,True,True,True
43,7.518621290743566e-08,7.504007678200607e-08,7.504007678200607e-08,7.504007678200607e-08,0.0,1.4613612542959075e-10,0.0011446743849285509,0.0003886924321161283,0.9997912741878986,True,True,True
44,9.970172061754106e-08,9.954999403796977e-08,9.954999403796977e-08,9.954999403796977e-08,0.0,1.5172657957129092e-10,0.001166869220258843,0.000394565607377821,0.9996759172087306,True,True,True
45,1.0599006772128796e-07,1.0584697630817812e-07,1.0584697630817812e-07,1.0584697630817812e-07,0.0,1.4309141310983855e-10,0.0011310585137411773,0.0003893851173221505,0.9996235768452797,True,True,True
46,7.544278127313184e-08,7.532720933906413e-08,7.532720933906413e-08,7.532720933906413e-08,0.0,1.1557193406771916e-10,0.0010097382452060432,0.00036898240723022633,0.9996295939990196,True,True,True
47,6.859955850785373e-08,6.849868381935223e-08,6.849868381935223e-08,6.849868381935223e-08,0.0,1.008746885015055e-10,0.0009374992458685384,0.0003603360223610414,0.9996954663521509,True,True,True
48,6.563937801759657e-08,6.553522772799405e-08,6.553522772799405e-08,6.553522772799405e-08,0.0,1.0415028960252343e-10,0.0009563190218984618,0.000356310011619662,0.9997317097755147,True,True,True
49,5.469986699817079e-08,5.4592941994918927e-08,5.4592941994918927e-08,5.4592941994918927e-08,0.0,1.0692500325185846e-10,0.0009726777402273462,0.00035092455910752066,0.9997468290906616,True,True,True
50,5.8603901088456086e-08,5.850218107275899e-08,5.850218107275899e-08,5.850218107275899e-08,0.0,1.017200156970947e-10,0.00094671016297647,0.00034776432290850736,0.9998161412338967,True,True,True
51,5.9326136448558164e-08,5.923460571418586e-08,5.923460571418586e-08,5.923460571418586e-08,0.0,9.153073437230358e-11,0.0008932162108514855,0.00034274209603599946,0.999820936508739,True,True,True
52,3.309421433237301e-08,3.301242976019121e-08,3.301242976019121e-08,3.301242976019121e-08,0.0,8.178457218179736e-11,0.000839112058945192,0.00033724868324536784,0.9998503843192629,True,True,True
53,3.014526789786219e-08,3.005910562925776e-08,3.005910562925776e-08,3.005910562925776e-08,0.0,8.616226860443003e-11,0.0008643304220821526,0.00033846064395670606,0.999848775907357,True,True,True
54,5.074532496809973e-08,5.06566294983257e-08,5.06566294983257e-08,5.06566294983257e-08,0.0,8.86954697740297e-11,0.000878693156623892,0.0003388997406942614,0.9997857784928228,True,True,True
55,3.9966915126959716e-08,3.989787723967468e-08,3.989787723967468e-08,3.989787723967468e-08,0.0,6.903788728504178e-11,0.0007619085883618455,0.00033147273768875397,0.9997664586197167,True,True,True
56,1.4257588638597365e-08,1.4206361823728646e-08,1.4206361823728646e-08,1.4206361823728646e-08,0.0,5.1226814868717425e-11,0.000640996046457563,0.00031842144574910185,0.9998093391346978,True,True,True
57,2.3331432312573373e-08,2.327209769098352e-08,2.327209769098352e-08,2.327209769098352e-08,0.0,5.933462158985233e-11,0.0007069272853921233,0.0003059412183192168,0.9998238502147475,True,True,True
58,3.632182123397747e-08,3.625307608207508e-08,3.625307608207508e-08,3.625307608207508e-08,0.0,6.874515190238857e-11,0.0007748619334071391,0.00029502627540684587,0.9998501377697193,True,True,True
59,2.3025410451051904e-08,2.296758542116102e-08,2.296758542116102e-08,2.296758542116102e-08,0.0,5.7825029890884016e-11,0.0007028748707813833,0.00029020202434320425,0.999874121028842,True,True,True
60,1.31779353621787e-08,1.3134027008710955e-08,1.3134027008710955e-08,1.3134027008710955e-08,0.0,4.3908353467743823e-11,0.0005907871455018556,0.00030009012544102067,0.9998519587428969,True,True,True
61,1.6669289434591348e-08,1.6626642145662e-08,1.6626642145662e-08,1.6626642145662e-08,0.0,4.2647288929348444e-11,0.0005741648578597796,0.0003111392056497277,0.9998386286249032,True,True,True
62,2.037008321626326e-08,2.0321539742337637e-08,2.0321539742337637e-08,2.0321539742337637e-08,0.0,4.854347392562285e-11,0.0006285111547913542,0.0003006800085789988,0.9998470034982054,True,True,True
63,1.7217160426302867e-08,1.716884207002018e-08,1.716884207002018e-08,1.716884207002018e-08,0.0,4.8318356282688285e-11,0.0006385250083063936,0.0002747169026365194,0.9998713702275089,True,True,True
64,9.44535359146348e-09,9.4043957730495e-09,9.4043957730495e-09,9.4043957730495e-09,0.0,4.095781841397967e-11,0.0005844775328853282,0.0002606994393781404,0.9999148915619757,True,True,True
65,9.360635391495523e-09,9.323432365497889e-09,9.323432365497889e-09,9.323432365497889e-09,0.0,3.720302599763353e-11,0.0005462071067414962,0.00027145544113430273,0.9999028915101849,True,True,True
66,1.5092327371550058e-08,1.5055303083529557e-08,1.5055303083529557e-08,1.5055303083529557e-08,0.0,3.702428802049963e-11,0.0005361053684541212,0.00028780881522230537,0.9998794663904047,True,True,True
67,1.2557246922913287e-08,1.2523171177173743e-08,1.2523171177173743e-08,1.2523171177173743e-08,0.0,3.4075745739544225e-11,0.0005095683359957365,0.00028477634793988506,0.9998679570500495,True,True,True
68,4.415811767086252e-09,4.385281292524193e-09,4.385281292524193e-09,4.385281292524193e-09,0.0,3.053047456205944e-11,0.0004856728619908479,0.0002634893104970545,0.9999175359128726,True,True,True
69,7.348655443964656e-09,7.315030260087764e-09,7.315030260087764e-09,7.315030260087764e-09,0.0,3.36251838768915e-11,0.0005243782211515429,0.00024754660157404423,0.9999170859438687,True,True,True
70,1.0785279925855017e-08,1.0748694817209937e-08,1.0748694817209937e-08,1.0748694817209937e-08,0.0,3.6585108645079566e-11,0.000551596078851842,0.0002481790729414312,0.9998822311854516,True,True,True
71,5.928193947597095e-09,5.896799265109853e-09,5.896799265109853e-09,5.896799265109853e-09,0.0,3.1394682487241533e-11,0.0004981011540773999,0.000256597087238296,0.9998638968227209,True,True,True
72,4.862828017125035e-09,4.837415990674357e-09,4.837415990674357e-09,4.837415990674357e-09,0.0,2.5412026450678402e-11,0.00043180380564585556,0.00026012638838945244,0.9998845803846189,True,True,True
73,5.992975441211975e-09,5.96816126220809e-09,5.96816126220809e-09,5.96816126220809e-09,0.0,2.481417900388517e-11,0.0004296257365054121,0.00025211806077913944,0.9999036595865733,True,True,True
74,5.013820566900576e-09,4.986556892034884e-09,4.986556892034884e-09,4.986556892034884e-09,0.0,2.7263674865692668e-11,0.00046424084996629606,0.00023899201216672004,0.999919335795175,True,True,True
75,4.647948337274848e-09,4.620633375192673e-09,4.620633375192673e-09,4.620633375192673e-09,0.0,2.7314962082174467e-11,0.0004683096183436563,0.0002320252619620622,0.9999055736233511,True,True,True
76,3.926141488980128e-09,3.902078899875204e-09,3.902078899875204e-09,3.902078899875204e-09,0.0,2.4062589104923583e-11,0.0004319390581072011,0.00023249632498321298,0.999907974573846,True,True,True
77,3.771444364373082e-09,3.74947037348858e-09,3.74947037348858e-09,3.74947037348858e-09,0.0,2.1973990884502015e-11,0.0004051029259953859,0.0002358633676410922,0.9999163315688975,True,True,True
78,3.191831066296473e-09,3.1699817960027022e-09,3.1699817960027022e-09,3.1699817960027022e-09,0.0,2.184927029377098e-11,0.00040339798237637724,0.00023614142108570834,0.9999151087174779,True,True,True
79,3.0330487674945176e-09,3.0110105174463183e-09,3.0110105174463183e-09,3.0110105174463183e-09,0.0,2.2038250048199517e-11,0.00040961302236088677,0.00022934618460827906,0.9999174099653197,True,True,True
80,3.0142100187668604e-09,2.992320726910797e-09,2.992320726910797e-09,2.992320726910797e-09,0.0,2.1889291856063494e-11,0.0004136865509363405,0.00021853227710118582,0.999918816096061,True,True,True
81,2.281243420606039e-09,2.260206838654083e-09,2.260206838654083e-09,2.260206838654083e-09,0.0,2.1036581951956375e-11,0.000405630723279856,0.00021407834045279926,0.9999294394368866,True,True,True
82,2.0916428788843344e-09,2.072463833799592e-09,2.072463833799592e-09,2.072463833799592e-09,0.0,1.917904508474236e-11,0.0003797764767407417,0.0002180831918369971,0.9999270768262618,True,True,True
83,2.4710408809426442e-09,2.453682908691102e-09,2.453682908691102e-09,2.453682908691102e-09,0.0,1.735797225154201e-11,0.00035382983552724803,0.00021996401979910423,0.9999238412583652,True,True,True
84,1.8551051860079322e-09,1.8381654291082292e-09,1.8381654291082292e-09,1.8381654291082292e-09,0.0,1.6939756899703036e-11,0.00035234680151171536,0.00021271882958848334,0.9999172679581395,True,True,True
85,1.0680482334874671e-09,1.0500904178915425e-09,1.0500904178915425e-09,1.0500904178915425e-09,0.0,1.7957815595924644e-11,0.00037265885430062216,0.00020175116919263217,0.9999315225262753,True,True,True
86,1.9964296698923465e-09,1.9779996045850984e-09,1.9779996045850984e-09,1.9779996045850984e-09,0.0,1.8430065307247854e-11,0.0003810441044588281,0.00019775248046395824,0.9999366538617653,True,True,True
87,1.6489447533269888e-09,1.6321886680669556e-09,1.6321886680669556e-09,1.6321886680669556e-09,0.0,1.6756085260033125e-11,0.0003573730245181226,0.00019961306056243065,0.9999407016053922,True,True,True
88,7.956578063809544e-10,7.807391546102697e-10,7.807391546102697e-10,7.807391546102697e-10,0.0,1.491865177068473e-11,0.0003300342359716313,0.0002006587172127563,0.9999308638733692,True,True,True
89,1.2528377102269038e-09,1.2383186104888804e-09,1.2383186104888804e-09,1.2383186104888804e-09,0.0,1.451909973802339e-11,0.00032516234337519583,0.00019864653994214223,0.999943770063781,True,True,True
90,1.2513221121481592e-09,1.237067778846841e-09,1.237067778846841e-09,1.237067778846841e-09,0.0,1.4254333301318143e-11,0.00032358995629684737,0.00019450674332008612,0.9999454114461909,True,True,True
91,7.739816776955106e-10,7.602066138233127e-10,7.602066138233127e-10,7.602066138233127e-10,0.0,1.3775063872197872e-11,0.00031893455265567485,0.0001898193610891767,0.9999449898917934,True,True,True
92,8.850917524764567e-10,8.71276018950479e-10,8.71276018950479e-10,8.71276018950479e-10,0.0,1.3815733525977694e-11,0.0003224202039647565,0.00018493930716616667,0.9999340526514668,True,True,True
93,8.031015036035572e-10,7.893121965524189e-10,7.893121965524189e-10,7.893121965524189e-10,0.0,1.3789307051138406e-11,0.000324554553313041,0.0001804367269575584,0.9999367903750445,True,True,True
94,7.900336803774065e-10,7.768655087920986e-10,7.768655087920986e-10,7.768655087920986e-10,0.0,1.3168171585307847e-11,0.00031584745307392567,0.00017866757467372967,0.9999430370073673,True,True,True
95,6.064478691550954e-10,5.943010929101815e-10,5.943010929101815e-10,5.943010929101815e-10,0.0,1.2146776244913944e-11,0.0002988990327900549,0.00017924042693072656,0.999946054725977,True,True,True
96,4.81523800994494e-10,4.701174579973492e-10,4.701174579973492e-10,4.701174579973492e-10,0.0,1.1406342997144837e-11,0.0002866904554065359,0.00017852734454486626,0.9999466015152483,True,True,True
97,7.088955128661418e-10,6.976769625411695e-10,6.976769625411695e-10,6.976769625411695e-10,0.0,1.121855032497232e-11,0.00028596137027390143,0.000174389214003607,0.9999427572316373,True,True,True
98,5.108288099571316e-10,4.998210676549972e-10,4.998210676549972e-10,4.998210676549972e-10,0.0,1.1007742302134389e-11,0.000285408293372072,0.00016917307438178573,0.9999449513470653,True,True,True
99,2.744601069381248e-10,2.6377124083131093e-10,2.6377124083131093e-10,2.6377124083131093e-10,0.0,1.0688866106813886e-11,0.00028167469137331395,0.0001659759901548631,0.9999458787415996,True,True,True
100,5.328526236559062e-10,5.224153150167315e-10,5.224153150167315e-10,5.224153150167315e-10,0.0,1.0437308639174728e-11,0.00027821464436861965,0.0001642245354707687,0.9999413431929763,True,True,True
101,4.192096853029374e-10,4.091814113753312e-10,4.091814113753312e-10,4.091814113753312e-10,0.0,1.0028273927606224e-11,0.0002722121075121509,0.00016181256996863818,0.9999460176965975,True,True,True
102,2.8287382161373144e-10,2.732652011204657e-10,2.732652011204657e-10,2.732652011204657e-10,0.0,9.608620493265741e-12,0.00026592036523882947,0.00015928767775287876,0.9999468202442965,True,True,True
103,2.983084897719816e-10,2.8903902214477867e-10,2.8903902214477867e-10,2.8903902214477867e-10,0.0,9.269467627202917e-12,0.00026055914507086775,0.00015749161308453114,0.9999548233879817,True,True,True
104,3.326339212361693e-10,3.2373903643577105e-10,3.2373903643577105e-10,3.2373903643577105e-10,0.0,8.894884800398249e-12,0.0002540464341102316,0.00015623462266686674,0.9999545414984526,True,True,True
105,2.9171749080509276e-10,2.832307272320356e-10,2.832307272320356e-10,2.832307272320356e-10,0.0,8.486763573057141e-12,0.00024688247511502986,0.0001546501833547186,0.9999554212578635,True,True,True
106,2.0080454015360137e-10,1.9250456705912843e-10,1.9250456705912843e-10,1.9250456705912843e-10,0.0,8.299973094472935e-12,0.0002449295386982127,0.00015168800881351852,0.9999513001332768,True,True,True
107,2.0548816054825063e-10,1.970725988485484e-10,1.970725988485484e-10,1.970725988485484e-10,0.0,8.41556169970223e-12,0.00024993699154715013,0.00014726546524349192,0.9999524930853039,True,True,True
108,2.7735300516771855e-10,2.6891919847958464e-10,2.6891919847958464e-10,2.6891919847958464e-10,0.0,8.433806688133899e-12,0.00025252715388963937,0.00014341584093027302,0.9999552159603889,True,True,True
109,1.6694017113539512e-10,1.5895864802282882e-10,1.5895864802282882e-10,1.5895864802282882e-10,0.0,7.981523112566303e-12,0.0002440898059022472,0.00014225117848463086,0.9999567774973758,True,True,True
110,1.3005615369359325e-10,1.2266643184934493e-10,1.2266643184934493e-10,1.2266643184934493e-10,0.0,7.389721844248317e-12,0.00023140906017518875,0.0001426431397274998,0.9999564100576025,True,True,True
111,2.096321864852218e-10,2.0249072137687278e-10,2.0249072137687278e-10,2.0249072137687278e-10,0.0,7.141465108349015e-12,0.00022688031865483388,0.00014120896604171844,0.9999568564205511,True,True,True
112,1.583938943386935e-10,1.5122527094826344e-10,1.5122527094826344e-10,1.5122527094826344e-10,0.0,7.168623390430042e-12,0.00023002560802509527,0.00013701990204705898,0.9999615076029433,True,True,True
113,1.1026755556844329e-10,1.0315406948654787e-10,1.0315406948654787e-10,1.0315406948654787e-10,0.0,7.113486081895414e-12,0.00023119348197831393,0.0001329828361469899,0.9999615102758355,True,True,True
114,1.262991223342928e-10,1.1948665366054262e-10,1.1948665366054262e-10,1.1948665366054262e-10,0.0,6.812468673750182e-12,0.00022543261949736266,0.00013154778905044023,0.9999572206398383,True,True,True
115,1.5224956389258243e-10,1.4580177260404421e-10,1.4580177260404421e-10,1.4580177260404421e-10,0.0,6.447791288538223e-12,0.00021742829074377672,0.0001311596403991027,0.9999553854135291,True,True,True
116,8.92162992291345e-11,8.302101625308824e-11,8.302101625308824e-11,8.302101625308824e-11,0.0,6.1952829760462594e-12,0.00021270763059807592,0.00012926056492919668,0.9999583393980204,True,True,True
117,9.500500014542022e-11,8.892456196526663e-11,8.892456196526663e-11,8.892456196526663e-11,0.0,6.080438180153588e-12,0.00021166378314812226,0.00012650227154071406,0.9999624065944772,True,True,True
118,1.1701981901394787e-10,1.1110942614318138e-10,1.1110942614318138e-10,1.1110942614318138e-10,0.0,5.910392870766482e-12,0.00020872131258113237,0.00012465689865416213,0.9999629023061892,True,True,True
119,7.755407375945879e-11,7.192369939749457e-11,7.192369939749457e-11,7.192369939749457e-11,0.0,5.630374361964225e-12,0.0002025886593167272,0.0001235377623882401,0.9999635263070566,True,True,True
120,8.421280775930549e-11,7.878836725074868e-11,7.878836725074868e-11,7.878836725074868e-11,0.0,5.424440508556812e-12,0.00019852639435452162,0.00012178536788202881,0.9999625284278743,True,True,True
121,8.048898456441151e-11,7.513336682299886e-11,7.513336682299886e-11,7.513336682299886e-11,0.0,5.355617741412646e-12,0.0001985359452994181,0.0001189102848293322,0.9999640294358351,True,True,True
122,6.933405485337302e-11,6.402523941247997e-11,6.402523941247997e-11,6.402523941247997e-11,0.0,5.308815440893052e-12,0.00019914028331846599,0.0001158934940743941,0.9999636688363658,True,True,True
123,7.431357936489103e-11,6.917110340347483e-11,6.917110340347483e-11,6.917110340347483e-11,0.0,5.142475961416203e-12,0.00019599521626366705,0.00011406416972879966,0.9999645405549897,True,True,True
124,5.867480406499781e-11,5.380542921688651e-11,5.380542921688651e-11,5.380542921688651e-11,0.0,4.869374848111304e-12,0.00018927421243121833,0.00011344170745213187,0.9999649144458848,True,True,True
125,5.974876049298986e-11,5.510987465418699e-11,5.510987465418699e-11,5.510987465418699e-11,0.0,4.63888583880287e-12,0.00018352910103838083,0.00011272057247935042,0.9999667866004895,True,True,True
126,6.009287882377421e-11,5.557058651889553e-11,5.557058651889553e-11,5.557058651889553e-11,0.0,4.522292304878683e-12,0.00018145130287187936,0.00011089791582750482,0.9999676996463448,True,True,True
127,5.199236168007242e-11,4.752749071254905e-11,4.752749071254905e-11,4.752749071254905e-11,0.0,4.464870967523369e-12,0.000181427398614937,0.00010831809039606658,0.9999671884469683,True,True,True
128,4.826656983966769e-11,4.3878706491818836e-11,4.3878706491818836e-11,4.3878706491818836e-11,0.0,4.387863347848854e-12,0.00018073471888537714,0.00010589426267703189,0.9999668025228962,True,True,True
129,4.807779335578461e-11,4.3812796848624256e-11,4.3812796848624256e-11,4.3812796848624256e-11,0.0,4.26499650716035e-12,0.00017837441459864578,0.00010407945660981286,0.9999676572269054,True,True,True
130,4.587874185251361e-11,4.1775806209525327e-11,4.1775806209525327e-11,4.1775806209525327e-11,0.0,4.102935642988284e-12,0.0001745169779245311,0.00010282597359603052,0.9999688349944627,True,True,True
131,4.0628690078148676e-11,3.669983668201128e-11,3.669983668201128e-11,3.669983668201128e-11,0.0,3.9288533961373906e-12,0.0001700646917148253,0.00010181618041016531,0.9999694147434863,True,True,True
132,3.923185783639319e-11,3.5448609348462734e-11,3.5448609348462734e-11,3.5448609348462734e-11,0.0,3.783248487930455e-12,0.00016646872479218104,0.0001006014341118934,0.9999698610118346,True,True,True
133,4.134734084955332e-11,3.76543904260021e-11,3.76543904260021e-11,3.76543904260021e-11,0.0,3.692950423551223e-12,0.000164811951490556,9.882572985506784e-05,0.9999703841037983,True,True,True
134,3.084782411799628e-11,2.721928661522481e-11,2.721928661522481e-11,2.721928661522481e-11,0.0,3.628537502771467e-12,0.00016413133952088732,9.667615225480316e-05,0.9999705369129561,True,True,True
135,3.7118301022156025e-11,3.357224900315224e-11,3.357224900315224e-11,3.357224900315224e-11,0.0,3.546052019003785e-12,0.00016267956981403048,9.48466011787446e-05,0.9999706904086441,True,True,True
136,3.324563022821574e-11,2.982113877017523e-11,2.982113877017523e-11,2.982113877017523e-11,0.0,3.4244914580405063e-12,0.0001596511085016553,9.35758416184313e-05,0.9999710539301571,True,True,True
137,2.787849070660931e-11,2.4586342894320628e-11,2.4586342894320628e-11,2.4586342894320628e-11,0.0,3.2921478122886855e-12,0.00015607647533982173,9.25289790735036e-05,0.9999712051830024,True,True,True
138,3.134796634690704e-11,2.816497389913214e-11,2.816497389913214e-11,2.816497389913214e-11,0.0,3.1829924477748992e-12,0.00015326407605139583,9.132386035347471e-05,0.999971972496918,True,True,True
139,2.8322666435310434e-11,2.5223815613246648e-11,2.5223815613246648e-11,2.5223815613246648e-11,0.0,3.0988508220637854e-12,0.00015139803104816931,8.981728350031197e-05,0.9999731688913824,True,True,True
140,2.523818895459351e-11,2.2205921235921715e-11,2.2205921235921715e-11,2.2205921235921715e-11,0.0,3.032267718671794e-12,0.0001502090650133453,8.809037390393203e-05,0.9999734809807976,True,True,True
141,2.6174978967935623e-11,2.3208139516076034e-11,2.3208139516076034e-11,2.3208139516076034e-11,0.0,2.966839451859589e-12,0.00014899265988376162,8.642674250113573e-05,0.9999731391603061,True,True,True
142,2.5030970935217403e-11,2.214499058195325e-11,2.214499058195325e-11,2.214499058195325e-11,0.0,2.8859803532641516e-12,0.00014705940602641578,8.504901311478755e-05,0.9999734438583848,True,True,True
143,2.2319657857938224e-11,1.9534954143673666e-11,1.9534954143673666e-11,1.9534954143673666e-11,0.0,2.7847037142645598e-12,0.00014418738589583083,8.400615984064717e-05,0.9999743077128214,True,True,True
144,2.2126353698279753e-11,1.9446843957209028e-11,1.9446843957209028e-11,1.9446843957209028e-11,0.0,2.6795097410707246e-12,0.00014103260213171957,8.309574325236721e-05,0.9999750224471793,True,True,True
145,2.258012932764085e-11,1.998575959458529e-11,1.998575959458529e-11,1.998575959458529e-11,0.0,2.594369733055557e-12,0.000138685536405897,8.19147076071458e-05,0.9999752332863533,True,True,True
146,1.9544755020808154e-11,1.700481661948486e-11,1.700481661948486e-11,1.700481661948486e-11,0.0,2.5399384013232923e-12,0.00013767746742365572,8.02763911560625e-05,0.9999754933952268,True,True,True
147,1.9445864132221918e-11,1.695358442391562e-11,1.695358442391562e-11,1.695358442391562e-11,0.0,2.4922797083063e-12,0.00013690516567763076,7.861153028559789e-05,0.9999761019691837,True,True,True
148,1.942674213432893e-11,1.700786743429397e-11,1.700786743429397e-11,1.700786743429397e-11,0.0,2.418874700034962e-12,0.00013489594311338275,7.740692173120327e-05,0.9999765614020577,True,True,True
149,1.8176890906503162e-11,1.584906625102904e-11,1.584906625102904e-11,1.584906625102904e-11,0.0,2.327824655474122e-12,0.00013198665725437772,7.653606249054524e-05,0.9999767241655888,True,True,True
150,1.683805386222797e-11,1.4584776031204352e-11,1.4584776031204352e-11,1.4584776031204352e-11,0.0,2.2532778310236183e-12,0.0001297467699834225,7.548876730418261e-05,0.9999770156435211,True,True,True
151,1.7144324175794608e-11,1.494749412786489e-11,1.494749412786489e-11,1.494749412786489e-11,0.0,2.196830047929718e-12,0.00012829699526312443,7.421712393882569e-05,0.9999775339068454,True,True,True
152,1.6634782014486158e-11,1.4497961213716728e-11,1.4497961213716728e-11,1.4497961213716728e-11,0.0,2.1368208007694305e-12,0.00012662971230432697,7.302824090321286e-05,0.999978172892903,True,True,True
153,1.5213594964110526e-11,1.3144658834703461e-11,1.3144658834703461e-11,1.3144658834703461e-11,0.0,2.0689361294070657e-12,0.00012453338258089204,7.19777598778389e-05,0.9999782002220927,True,True,True
154,1.6158588588988334e-11,1.414551891744907e-11,1.414551891744907e-11,1.414551891744907e-11,0.0,2.0130696715392644e-12,0.00012294977049782913,7.08099615161863e-05,0.999978136447019,True,True,True
155,1.6259221693653903e-11,1.4294986839212542e-11,1.4294986839212542e-11,1.4294986839212542e-11,0.0,1.964234854441362e-12,0.00012165859035720489,6.958114641705351e-05,0.9999787235446761,True,True,True
156,1.7913014530133826e-11,1.600005114076736e-11,1.600005114076736e-11,1.600005114076736e-11,0.0,1.912963389366466e-12,0.00012017949279600812,6.845818727485327e-05,0.999979584983005,True,True,True
157,2.2944179765235072e-11,2.10989877901923e-11,2.10989877901923e-11,2.10989877901923e-11,0.0,1.8451919750427703e-12,0.00011779954524665092,6.764012780968076e-05,0.9999794039178882,True,True,True
158,3.630984373827156e-11,3.451836668279598e-11,3.451836668279598e-11,3.451836668279598e-11,0.0,1.7914770554755821e-12,0.0001160297152939717,6.672237798187119e-05,0.9999791245570079,True,True,True
159,6.904003411432048e-11,6.728959420481546e-11,6.728959420481546e-11,6.728959420481546e-11,0.0,1.750439909505026e-12,0.00011481762076792815,6.573669489898694e-05,0.9999799673327301,True,True,True
160,1.5522688245351776e-10,1.5347616357484773e-10,1.5347616357484773e-10,1.5347616357484773e-10,0.0,1.750718878670026e-12,0.00011553584191548259,6.448765788568286e-05,0.9999744135081984,True,True,True
161,3.832526596372925e-10,3.8150546193189454e-10,3.8150546193189454e-10,3.8150546193189454e-10,0.0,1.7471977053979936e-12,0.00011557132769475888,6.415017746546451e-05,0.99997881140161,True,True,True
162,9.973957763024143e-10,9.954993291120748e-10,9.954993291120748e-10,9.954993291120748e-10,0.0,1.896447190339501e-12,0.00012191591779763267,6.403890138779622e-05,0.9999557023961291,True,True,True
163,2.6866327520159015e-09,2.6843740994191707e-09,2.6843740994191707e-09,2.6843740994191707e-09,0.0,2.2586525967307114e-12,0.0001345588445185486,6.693611378874764e-05,0.9999714308088028,True,True,True
164,7.361456466201889e-09,7.357871508311417e-09,7.357871508311417e-09,7.357871508311417e-09,0.0,3.5849578904715136e-12,0.00017479741361169963,7.276979524071458e-05,0.9999032815121027,True,True,True
165,2.0036954655123483e-08,2.0030025414562908e-08,2.0030025414562908e-08,2.0030025414562908e-08,0.0,6.929240560575939e-12,0.00024697615167308874,9.107791230869773e-05,0.9999460063286916,True,True,True
166,5.118870363486617e-08,5.1172975975579375e-08,5.1172975975579375e-08,5.1172975975579375e-08,0.0,1.5727659286800656e-11,0.00037739583742422733,0.0001218563693980448,0.9997670814460822,True,True,True
167,1.0756796814065992e-07,1.0753695693896219e-07,1.0753695693896219e-07,1.0753695693896219e-07,0.0,3.1011201697729974e-11,0.0005314033919614555,0.00016650060657294685,0.9998763637327283,True,True,True
168,1.4398132034804062e-07,1.4393958879813463e-07,1.4393958879813463e-07,1.4393958879813463e-07,0.0,4.173154990599617e-11,0.0006190365518232679,0.00018468688791227253,0.9996347546049216,True,True,True
169,8.392899322913725e-08,8.390442171812991e-08,8.390442171812991e-08,8.390442171812991e-08,0.0,2.4571511007340813e-11,0.00047346375502276824,0.0001467895866645457,0.9997975955845831,True,True,True
170,1.7866368971506253e-08,1.7860110838670457e-08,1.7860110838670457e-08,1.7860110838670457e-08,0.0,6.2581328357953235e-12,0.00023521119164921203,8.518816631968835e-05,0.9999518046297189,True,True,True
171,4.976797197077e-08,4.975261348170046e-08,4.975261348170046e-08,4.975261348170046e-08,0.0,1.53584890695426e-11,0.00037446909439946345,0.00011557589729295502,0.9997584565487573,True,True,True
172,6.999481923204813e-08,6.997416105441026e-08,6.997416105441026e-08,6.997416105441026e-08,0.0,2.0658177637866026e-11,0.0004343212827631353,0.00013396566618968062,0.9998460015233318,True,True,True
173,2.9460522670378824e-08,2.945114157506981e-08,2.945114157506981e-08,2.945114157506981e-08,0.0,9.381095309014879e-12,0.0002910207371194827,9.548760996371057e-05,0.9998861337008378,True,True,True
174,3.18930626927578e-08,3.188275326118889e-08,3.188275326118889e-08,3.188275326118889e-08,0.0,1.0309431568912833e-11,0.0003058165766900943,9.78291219968778e-05,0.9997807367014596,True,True,True
175,4.915827538409987e-08,4.914349967724248e-08,4.914349967724248e-08,4.914349967724248e-08,0.0,1.477570685738683e-11,0.0003669319720028552,0.00011453382249782891,0.9998591763812695,True,True,True
176,1.6572910672611724e-08,1.656716774016279e-08,1.656716774016279e-08,1.656716774016279e-08,0.0,5.7429324489349555e-12,0.00022711383021527647,7.647635330150177e-05,0.9998950225746557,True,True,True
177,1.3446605159942387e-08,1.344174232519274e-08,1.344174232519274e-08,1.344174232519274e-08,0.0,4.86283474964696e-12,0.00020795258444885532,7.337622310742966e-05,0.9998561747110806,True,True,True
178,4.45860950650119e-08,4.457265867411232e-08,4.457265867411232e-08,4.457265867411232e-08,0.0,1.3436390899584038e-11,0.00034995102924968735,0.00010907880693757534,0.9998586161083156,True,True,True
179,2.6605667615418693e-08,2.6597220304098695e-08,2.6597220304098695e-08,2.6597220304098695e-08,0.0,8.447311319996982e-12,0.00027677497426893476,8.870584433057564e-05,0.9998473660854513,True,True,True
180,2.5946511232408952e-09,2.5930126308062933e-09,2.5930126308062933e-09,2.5930126308062933e-09,0.0,1.6384924346020907e-12,0.00011677597148094317,5.242420081129377e-05,0.9999479086932836,True,True,True
181,2.1217563403380153e-08,2.121076240664934e-08,2.121076240664934e-08,2.121076240664934e-08,0.0,6.8009967308145946e-12,0.00024764801710704397,8.173387872293331e-05,0.9998914688655444,True,True,True
182,2.4646987227366607e-08,2.463913260422005e-08,2.463913260422005e-08,2.463913260422005e-08,0.0,7.854623146558861e-12,0.0002671881067763674,8.45975594379006e-05,0.9998475894412923,True,True,True
183,8.97694006480454e-09,8.973622488122474e-09,8.973622488122474e-09,8.973622488122474e-09,0.0,3.3175766820646222e-12,0.00017068330727096866,6.358439619663233e-05,0.9999437346717623,True,True,True
184,1.3676057055629845e-08,1.3671440034232832e-08,1.3671440034232832e-08,1.3671440034232832e-08,0.0,4.617021397013501e-12,0.00020300132200499923,7.043207532337535e-05,0.9998997316491547,True,True,True
185,1.4286051421582528e-08,1.4281255084941553e-08,1.4281255084941553e-08,1.4281255084941553e-08,0.0,4.796336640974504e-12,0.00020773821444974622,6.93411902621831e-05,0.9999032537563152,True,True,True
186,4.809331281627303e-09,4.8072509924005935e-09,4.8072509924005935e-09,4.8072509924005935e-09,0.0,2.080289226709043e-12,0.00013363685034504892,5.425941850909776e-05,0.9999469393507817,True,True,True
187,1.2221325198588794e-08,1.221716418564698e-08,1.221716418564698e-08,1.221716418564698e-08,0.0,4.1610129418151754e-12,0.00019261774448123923,6.714561734850436e-05,0.9998843818329018,True,True,True
188,1.5968645385944248e-08,1.596345357792253e-08,1.596345357792253e-08,1.596345357792253e-08,0.0,5.191808021716887e-12,0.00021611903829585007,7.218477334760956e-05,0.999907576786926,True,True,True
189,3.53080865903408e-09,3.529169884692196e-09,3.529169884692196e-09,3.529169884692196e-09,0.0,1.6387743418837672e-12,0.00011787845855466814,4.9924066617344547e-05,0.9999454161234779,True,True,True
190,3.1562914378426955e-09,3.1547527193874755e-09,3.1547527193874755e-09,3.1547527193874755e-09,0.0,1.5387184552200433e-12,0.00011418203883778776,4.8473152971994326e-05,0.9999444781600905,True,True,True
191,1.1013730955244131e-08,1.1009994131407595e-08,1.1009994131407595e-08,1.1009994131407595e-08,0.0,3.736823836536789e-12,0.00018286114424256086,6.269003343171258e-05,0.9999221376855096,True,True,True
192,7.064549964160444e-09,7.061962454908352e-09,7.061962454908352e-09,7.061962454908352e-09,0.0,2.5875092520925954e-12,0.00015083430545375216,5.5893692123621065e-05,0.9999163093672402,True,True,True
193,3.303284362849007e-09,3.3017482210296637e-09,3.3017482210296637e-09,3.3017482210296637e-09,0.0,1.5361418193433512e-12,0.00011457375628762595,4.7268092446990156e-05,0.999954997291242,True,True,True
194,6.02946220846541e-09,6.027165239783256e-09,6.027165239783256e-09,6.027165239783256e-09,0.0,2.2969686821537808e-12,0.00014236112385754147,5.199035714010386e-05,0.999932530928362,True,True,True
195,4.014513476452218e-09,4.012849833470592e-09,4.012849833470592e-09,4.012849833470592e-09,0.0,1.66364298162594e-12,0.00011968085892422563,4.809284586525324e-05,0.9999530189354714,True,True,True
196,1.940790478840967e-09,1.939705323002541e-09,1.939705323002541e-09,1.939705323002541e-09,0.0,1.0851558384256494e-12,9.504024751517204e-05,4.2648678015986964e-05,0.9999681104796863,True,True,True
197,5.695083989728229e-09,5.692931795891815e-09,5.692931795891815e-09,5.692931795891815e-09,0.0,2.152193836414287e-12,0.0001377557893084706,5.045077676451696e-05,0.9999259299906422,True,True,True
198,5.6108503683581115e-09,5.608779975246544e-09,5.608779975246544e-09,5.608779975246544e-09,0.0,2.070393111567494e-12,0.0001349005128327468,5.005779412975413e-05,0.9999441350550634,True,True,True
199,1.2335585360942466e-09,1.2327174991899357e-09,1.2327174991899357e-09,1.2327174991899357e-09,0.0,8.410369043109411e-13,8.28337094436809e-05,3.935664648962437e-05,0.9999600690347761,True,True,True
200,1.6819429021553423e-09,1.6809838921630522e-09,1.6809838921630522e-09,1.6809838921630522e-09,0.0,9.590099922901972e-13,8.948429771210696e-05,3.978266438881364e-05,0.9999639728621752,True,True,True
201,4.0205034124468875e-09,4.018916190957466e-09,4.018916190957466e-09,4.018916190957466e-09,0.0,1.5872214894218084e-12,0.00011738894252945583,4.5738944741152464e-05,0.9999495031513348,True,True,True
202,2.7996676720798264e-09,2.798419300612063e-09,2.798419300612063e-09,2.798419300612063e-09,0.0,1.2483714677633166e-12,0.00010358757802061054,4.1872763909934206e-05,0.9999424396485359,True,True,True
203,2.1557821968639594e-09,2.1547538726733595e-09,2.1547538726733595e-09,2.1547538726733595e-09,0.0,1.028324190599678e-12,9.282346653978264e-05,4.0829474225547305e-05,0.9999722024153694,True,True,True
204,3.2838950624917188e-09,3.2825535867839032e-09,3.2825535867839032e-09,3.2825535867839032e-09,0.0,1.341475707815525e-12,0.00010775012470074663,4.2481380687647186e-05,0.9999463140050504,True,True,True
205,2.3023488837611605e-09,2.301293301770367e-09,2.301293301770367e-09,2.301293301770367e-09,0.0,1.0555819907933503e-12,9.473968444877675e-05,3.9751881697344976e-05,0.9999622306184912,True,True,True
206,1.074090700594205e-09,1.0734063507825391e-09,1.0734063507825391e-09,1.0734063507825391e-09,0.0,6.843498116658098e-13,7.4701381217259e-05,3.554154978179541e-05,0.999971537472277,True,True,True
207,2.6596867428799243e-09,2.6585751137077425e-09,2.6585751137077425e-09,2.6585751137077425e-09,0.0,1.1116291721818757e-12,9.739789407120184e-05,4.0372539582167744e-05,0.9999471823309749,True,True,True
208,4.160665242222803e-09,4.159144991421321e-09,4.159144991421321e-09,4.159144991421321e-09,0.0,1.5202508014824098e-12,0.00011561331145296302,4.2849390073888665e-05,0.9999547447184134,True,True,True
209,3.8909156305786085e-09,3.889506853877638e-09,3.889506853877638e-09,3.889506853877638e-09,0.0,1.4087767009704116e-12,0.00011071844333668672,4.276906960415443e-05,0.9999341346515453,True,True,True
210,4.755373485685442e-09,4.7537589711280515e-09,4.7537589711280515e-09,4.7537589711280515e-09,0.0,1.6145145573900788e-12,0.00011928165026084183,4.378394094814902e-05,0.9999454530431436,True,True,True
211,7.66664053700356e-09,7.664253019431036e-09,7.664253019431036e-09,7.664253019431036e-09,0.0,2.3875175725238346e-12,0.0001457857284351666,5.120251077697459e-05,0.999931197729849,True,True,True
212,1.1390891332794235e-08,1.1387524332236123e-08,1.1387524332236123e-08,1.1387524332236123e-08,0.0,3.3670005581108537e-12,0.00017429248768758817,5.737712363634539e-05,0.9998903657344984,True,True,True
213,1.7468110828108623e-08,1.74631670388128e-08,1.74631670388128e-08,1.74631670388128e-08,0.0,4.943789295822377e-12,0.0002111805544409076,6.957489765895911e-05,0.9999185939407623,True,True,True
214,2.814973778235178e-08,2.814192684331236e-08,2.814192684331236e-08,2.814192684331236e-08,0.0,7.810939039420306e-12,0.00026689750644635457,8.291629180638262e-05,0.9998282941244571,True,True,True
215,4.218481589545374e-08,4.217331000674939e-08,4.217331000674939e-08,4.217331000674939e-08,0.0,1.1505888704343145e-11,0.0003238891639715259,0.00010077051406665268,0.9998624929982182,True,True,True
216,5.565626386919535e-08,5.5641208796381166e-08,5.5641208796381166e-08,5.5641208796381166e-08,0.0,1.5055072814189123e-11,0.0003713159408337183,0.0001125841917174071,0.9997788543376852,True,True,True
217,6.302398292874861e-08,6.300698885620049e-08,6.300698885620049e-08,6.300698885620049e-08,0.0,1.6994072548122728e-11,0.0003943198240722717,0.0001202189744792391,0.999809383448255,True,True,True
218,5.727421040118208e-08,5.7258695324328626e-08,5.7258695324328626e-08,5.7258695324328626e-08,0.0,1.551507685345522e-11,0.0003772628979958574,0.00011324078033252645,0.999808611873728,True,True,True
219,3.6545963870680387e-08,3.653591288859835e-08,3.653591288859835e-08,3.653591288859835e-08,0.0,1.0050982082034568e-11,0.0003032717616033378,9.239079734667252e-05,0.9998323036613944,True,True,True
220,1.1969736836400238e-08,1.196623834301023e-08,1.196623834301023e-08,1.196623834301023e-08,0.0,3.4984933900083104e-12,0.0001783511722611945,5.6354176891698435e-05,0.9999412696675802,True,True,True
221,8.759835062916199e-10,8.754900266306088e-10,8.754900266306088e-10,8.754900266306088e-10,0.0,4.934796610111031e-13,6.376587428933163e-05,2.947388481738004e-05,0.9999675556306747,True,True,True
222,8.857233656850578e-09,8.854625182889162e-09,8.854625182889162e-09,8.854625182889162e-09,0.0,2.6084739614163574e-12,0.00015330546964736972,5.081508231187844e-05,0.9999297747272772,True,True,True
223,2.4407452637912755e-08,2.4400689685889073e-08,2.4400689685889073e-08,2.4400689685889073e-08,0.0,6.762952023680417e-12,0.00024879479400238147,7.57011936109118e-05,0.9998847028105101,True,True,True
224,3.089162680300761e-08,3.0883121590828114e-08,3.0883121590828114e-08,3.0883121590828114e-08,0.0,8.50521217949942e-12,0.0002789786229441499,8.498852707971832e-05,0.9998487632866976,True,True,True
225,2.1801449673341435e-08,2.1795375100535503e-08,2.1795375100535503e-08,2.1795375100535503e-08,0.0,6.074572805932631e-12,0.00023581583211360022,7.167022662093808e-05,0.9998936204156891,True,True,True
226,6.912413296815903e-09,6.910353851846207e-09,6.910353851846207e-09,6.910353851846207e-09,0.0,2.059444969695709e-12,0.0001360075746315778,4.578634446855177e-05,0.9999365089652176,True,True,True
227,7.105606177666367e-10,7.101549071865908e-10,7.101549071865908e-10,7.101549071865908e-10,0.0,4.057105800458821e-13,5.770563237251029e-05,2.6966011810193837e-05,0.9999757329247695,True,True,True
228,6.001068051023538e-09,5.999230502120017e-09,5.999230502120017e-09,5.999230502120017e-09,0.0,1.8375489035212995e-12,0.0001288187381187821,4.2204522799074835e-05,0.9999580043653152,True,True,True
229,1.38806306549127e-08,1.3876708361577201e-08,1.3876708361577201e-08,1.3876708361577201e-08,0.0,3.922293335498197e-12,0.00018895231091388347,5.9329230192925154e-05,0.9998972249895164,True,True,True
230,1.5664500817445796e-08,1.5660114001540868e-08,1.5660114001540868e-08,1.5660114001540868e-08,0.0,4.386815904929419e-12,0.00020022796584757158,6.145665742487066e-05,0.9999014967686506,True,True,True
231,1.0761694697061255e-08,1.0758632793326887e-08,1.0758632793326887e-08,1.0758632793326887e-08,0.0,3.0619037343682924e-12,0.0001666960727682223,5.3211433614726566e-05,0.9999370466019376,True,True,True
232,4.503408932081178e-09,4.502014783418608e-09,4.502014783418608e-09,4.502014783418608e-09,0.0,1.394148662570307e-12,0.00011176781170477787,3.807154964574448e-05,0.9999389998124383,True,True,True
233,1.659810016592942e-09,1.6591626356414911e-09,1.6591626356414911e-09,1.6591626356414911e-09,0.0,6.473809514509875e-13,7.513597007149455e-05,2.8781860883642487e-05,0.9999717020515699,True,True,True
234,3.1483106853269406e-09,3.147292695038998e-09,3.147292695038998e-09,3.147292695038998e-09,0.0,1.01799028794242e-12,9.500763560646195e-05,3.396250956413475e-05,0.9999477010554001,True,True,True
235,6.664524781728101e-09,6.662580117327166e-09,6.662580117327166e-09,6.662580117327166e-09,0.0,1.9446644009348333e-12,0.00013272090233599273,4.2799603882141376e-05,0.9999336262089894,True,True,True
236,8.764291616688667e-09,8.761781799391426e-09,8.761781799391426e-09,8.761781799391426e-09,0.0,2.5098172972402298e-12,0.00015089347002657488,4.826317100793771e-05,0.9999446780755333,True,True,True
237,7.304609886638001e-09,7.302493104184484e-09,7.302493104184484e-09,7.302493104184484e-09,0.0,2.116782453517487e-12,0.0001385565314261515,4.4383692211540513e-05,0.9999210039630889,True,True,True
238,3.3501803625876667e-09,3.3491161797777507e-09,3.3491161797777507e-09,3.3491161797777507e-09,0.0,1.0641828099160477e-12,9.744344584793525e-05,3.386152625681519e-05,0.9999658644587919,True,True,True
239,3.9408235138146583e-10,3.938311703350402e-10,3.938311703350402e-10,3.938311703350402e-10,0.0,2.511810464256165e-13,4.495169981455639e-05,2.2162020396123096e-05,0.9999817485709157,True,True,True
240,8.098052659850401e-10,8.094499756735284e-10,8.094499756735284e-10,8.094499756735284e-10,0.0,3.552903115116663e-13,5.473160075103659e-05,2.3608367041068168e-05,0.999976470006734,True,True,True
241,3.489474797603638e-09,3.4883983159245734e-09,3.4883983159245734e-09,3.4883983159245734e-09,0.0,1.0764816790648278e-12,9.81069522152497e-05,3.376155680182703e-05,0.9999667332989897,True,True,True
242,5.3759318075013025e-09,5.3743552320083524e-09,5.3743552320083524e-09,5.3743552320083524e-09,0.0,1.576575492950377e-12,0.0001194322344348764,3.8751726508589185e-05,0.9999326122973808,True,True,True
243,4.718539958834509e-09,4.7171394055884206e-09,4.7171394055884206e-09,4.7171394055884206e-09,0.0,1.4005532460879416e-12,0.00011235999696619702,3.715862675928176e-05,0.9999600582087288,True,True,True
244,2.4367330317787772e-09,2.4359569986392563e-09,2.4359569986392563e-09,2.4359569986392563e-09,0.0,7.760331395208896e-13,8.30985093469875e-05,2.923985532654917e-05,0.9999572710942589,True,True,True
245,6.280321075090182e-10,6.277436544275399e-10,6.277436544275399e-10,6.277436544275399e-10,0.0,2.8845308147832533e-13,4.904441894180635e-05,2.1890084180830352e-05,0.9999793345833581,True,True,True
246,3.778585018756725e-10,3.7763413251274905e-10,3.7763413251274905e-10,3.7763413251274905e-10,0.0,2.2436936292345093e-13,4.283106112122776e-05,2.0228540047768183e-05,0.9999866121291991,True,True,True
247,1.2254280489655854e-09,1.224982665950537e-09,1.224982665950537e-09,1.224982665950537e-09,0.0,4.453830150482671e-13,6.223812686770313e-05,2.4088289986679465e-05,0.9999688449939379,True,True,True
248,2.1576212132192505e-09,2.1569279462746276e-09,2.1569279462746276e-09,2.1569279462746276e-09,0.0,6.932669446228468e-13,7.844744071184002e-05,2.790463208843309e-05,0.9999721426777551,True,True,True
249,2.5599094163766205e-09,2.5591167893362994e-09,2.5591167893362994e-09,2.5591167893362994e-09,0.0,7.926270403212315e-13,8.423239313623251e-05,2.883009451520203e-05,0.9999573525376655,True,True,True
250,2.355366869452683e-09,2.35463289594744e-09,2.35463289594744e-09,2.35463289594744e-09,0.0,7.33973505242623e-13,8.085382972596647e-05,2.832654710815722e-05,0.9999648005985161,True,True,True
251,1.7225377995991227e-09,1.7219702678052203e-09,1.7219702678052203e-09,1.7219702678052203e-09,0.0,5.675317939022858e-13,7.101906153227463e-05,2.513186897343384e-05,0.9999744501299548,True,True,True
252,9.303116779645815e-10,9.299620391377967e-10,9.299620391377967e-10,9.299620391377967e-10,0.0,3.496388267848139e-13,5.491550447791725e-05,2.1924316084749122e-05,0.9999716740339536,True,True,True
253,3.143450445953334e-10,3.141609465986701e-10,3.141609465986701e-10,3.141609465986701e-10,0.0,1.840979966632708e-13,3.887912408455202e-05,1.81492059619895e-05,0.9999894917604139,True,True,True
254,1.607277362212461e-10,1.605928219301344e-10,1.605928219301344e-10,1.605928219301344e-10,0.0,1.3491429111169467e-13,3.248678719266961e-05,1.7139182273817618e-05,0.9999902457917815,True,True,True
255,5.010129491042421e-10,5.007896219585972e-10,5.007896219585972e-10,5.007896219585972e-10,0.0,2.2332714564493973e-13,4.3233865068873e-05,1.9081519008084234e-05,0.9999842442386503,True,True,True
256,1.0616407211337209e-09,1.0612673606428569e-09,1.0612673606428569e-09,1.0612673606428569e-09,0.0,3.7336049086406496e-13,5.724092732944917e-05,2.1379456192928956e-05,0.9999792652473503,True,True,True
257,1.462347797638726e-09,1.4618707488067358e-09,1.4618707488067358e-09,1.4618707488067358e-09,0.0,4.770488319901977e-13,6.493415966065648e-05,2.353812288748511e-05,0.999967745218233,True,True,True
258,1.4835500441430446e-09,1.483067486165784e-09,1.483067486165784e-09,1.483067486165784e-09,0.0,4.825579772606169e-13,6.554972716753248e-05,2.2995935311881204e-05,0.9999768701769772,True,True,True
259,1.1735744895512883e-09,1.1731813054751197e-09,1.1731813054751197e-09,1.1731813054751197e-09,0.0,3.931840761686118e-13,5.877251921056628e-05,2.1854787743872887e-05,0.9999727010971649,True,True,True
260,7.444683223460908e-10,7.441924219681213e-10,7.441924219681213e-10,7.441924219681213e-10,0.0,2.759003779694879e-13,4.8926151837905495e-05,1.9111134085372712e-05,0.9999801032530393,True,True,True
261,3.9045613581206473e-10,3.902777085003622e-10,3.902777085003622e-10,3.902777085003622e-10,0.0,1.7842731170251342e-13,3.858034145779236e-05,1.7199720056596324e-05,0.9999888162306512,True,True,True
262,1.8773786788979586e-10,1.8761590577453212e-10,1.8761590577453212e-10,1.8761590577453212e-10,0.0,1.2196211526374624e-13,3.1278467723536694e-05,1.553314551226299e-05,0.9999884748945297,True,True,True
263,1.1724585389852935e-10,1.1714316295848362e-10,1.1714316295848362e-10,1.1714316295848362e-10,0.0,1.026909400457233e-13,2.83930714158552e-05,1.4857418888601723e-05,0.9999932347414411,True,True,True
264,1.367527908923383e-10,1.3664895806260803e-10,1.3664895806260803e-10,1.3664895806260803e-10,0.0,1.0383282973024928e-13,2.8556589851731907e-05,1.4928143666995406e-05,0.9999891628159415,True,True,True
265,2.216198930793385e-10,2.2149427767598206e-10,2.2149427767598206e-10,2.2149427767598206e-10,0.0,1.2561540335644868e-13,3.207543173766455e-05,1.507715863174851e-05,0.9999918724259025,True,True,True
266,3.5863272088032945e-10,3.584740726556967e-10,3.584740726556967e-10,3.584740726556967e-10,0.0,1.586482246327667e-13,3.642972621076937e-05,1.6104573714819345e-05,0.9999866557432813,True,True,True
267,5.2530872999997e-10,5.251068609113136e-10,5.251068609113136e-10,5.251068609113136e-10,0.0,2.018690886563607e-13,4.171036038196516e-05,1.6701398844713534e-05,0.9999815401847638,True,True,True
268,6.861159406823034e-10,6.858729980968245e-10,6.858729980968245e-10,6.858729980968245e-10,0.0,2.429425854789405e-13,4.5953308462695665e-05,1.7824682216571142e-05,0.9999850274669315,True,True,True
269,8.077882245644551e-10,8.075146531452086e-10,8.075146531452086e-10,8.075146531452086e-10,0.0,2.735714192464934e-13,4.9065986842876254e-05,1.8117481270850777e-05,0.9999761230937674,True,True,True
270,8.769501913185653e-10,8.766596185550043e-10,8.766596185550043e-10,8.766596185550043e-10,0.0,2.9057276356093893e-13,5.057513481456302e-05,1.8651631941955218e-05,0.9999824371117085,True,True,True
271,9.047718085867906e-10,9.04475730305115e-10,9.04475730305115e-10,9.04475730305115e-10,0.0,2.960782816755452e-13,5.1209449046330255e-05,1.839497608388654e-05,0.9999753562191901,True,True,True
272,9.173299157920148e-10,9.170323327903264e-10,9.170323327903264e-10,9.170323327903264e-10,0.0,2.9758300168837584e-13,5.127111754266745e-05,1.8630687663361658e-05,0.9999810792474659,True,True,True
273,9.411284938248337e-10,9.408254785295538e-10,9.408254785295538e-10,9.408254785295538e-10,0.0,3.03015295279835e-13,5.191359372710534e-05,1.830660370291005e-05,0.999976086000879,True,True,True
274,9.941681565592702e-10,9.938533637461177e-10,9.938533637461177e-10,9.938533637461177e-10,0.0,3.1479281315264507e-13,5.284884108774465e-05,1.883953627902671e-05,0.9999783957604172,True,True,True
275,1.086277934699892e-09,1.0859385103320111e-09,1.0859385103320111e-09,1.0859385103320111e-09,0.0,3.3942436788080077e-13,5.512318773236125e-05,1.8859423454360007e-05,0.9999757292437046,True,True,True
276,1.2262577608161467e-09,1.2258835573768831e-09,1.2258835573768831e-09,1.2258835573768831e-09,0.0,3.742034392634104e-13,5.784945408582243e-05,1.9886554618797722e-05,0.9999742410535101,True,True,True
277,1.4309066526824724e-09,1.430477565067317e-09,1.430477565067317e-09,1.430477565067317e-09,0.0,4.290876151553439e-13,6.222918275896675e-05,2.0454949638279577e-05,0.9999720608950114,True,True,True
278,1.733217402023944e-09,1.7327103220960133e-09,1.7327103220960133e-09,1.7327103220960133e-09,0.0,5.070799279307775e-13,6.764812806494632e-05,2.223803158142367e-05,0.9999704538190338,True,True,True
279,2.1898383077029175e-09,2.1892090130612963e-09,2.1892090130612963e-09,2.1892090130612963e-09,0.0,6.292946416211402e-13,7.566266995860164e-05,2.383499089463061e-05,0.9999636148925879,True,True,True
280,2.890805060970614e-09,2.889991085647421e-09,2.889991085647421e-09,2.889991085647421e-09,0.0,8.139753231927314e-13,8.606889069248445e-05,2.7053637221129375e-05,0.999964256995948,True,True,True
281,3.975918211176322e-09,3.974813656008792e-09,3.974813656008792e-09,3.974813656008792e-09,0.0,1.104555167529072e-12,0.00010055943524156582,3.055080455876818e-05,0.9999490570616294,True,True,True
282,5.662114658193798e-09,5.660561221775646e-09,5.660561221775646e-09,5.660561221775646e-09,0.0,1.5534364181512534e-12,0.00011926987613403965,3.6180945654907526e-05,0.999951988209267,True,True,True
283,8.283780622018178e-09,8.281524147183512e-09,8.281524147183512e-09,8.281524147183512e-09,0.0,2.2564748346661704e-12,0.00014401406414950955,4.271648011953521e-05,0.9999256167550672,True,True,True
284,1.2341528268737277e-08,1.233818695126781e-08,1.233818695126781e-08,1.233818695126781e-08,0.0,3.3413174694664076e-12,0.0001752376958752478,5.200888999967449e-05,0.9999295403554819,True,True,True
285,1.8529113529368497e-08,1.8524110503839387e-08,1.8524110503839387e-08,1.8524110503839387e-08,0.0,5.003025529111335e-12,0.0002146568533249868,6.287042716355947e-05,0.9998895399377951,True,True,True
286,2.7655679135914063e-08,2.764822838039393e-08,2.764822838039393e-08,2.764822838039393e-08,0.0,7.450755520131712e-12,0.00026193351302781565,7.680097625827574e-05,0.9998930947816478,True,True,True
287,4.0265490645124996e-08,4.025464338624249e-08,4.025464338624249e-08,4.025464338624249e-08,0.0,1.0847258882504971e-11,0.00031625155506909505,9.196489950752312e-05,0.9998407461252715,True,True,True
288,5.569027763895874e-08,5.5675271566247174e-08,5.5675271566247174e-08,5.5675271566247174e-08,0.0,1.50060727115612e-11,0.0003719740341133504,0.00010814825500696718,0.9998464993127919,True,True,True
289,7.056565504531572e-08,7.054660524161779e-08,7.054660524161779e-08,7.054660524161779e-08,0.0,1.9049803697934095e-11,0.0004193213780064016,0.00012110994561204872,0.9997984759780527,True,True,True
290,7.815053560271438e-08,7.812939559188751e-08,7.812939559188751e-08,7.812939559188751e-08,0.0,2.1140010826866223e-11,0.00044179849426693936,0.00012733498628471015,0.9998117276712434,True,True,True
291,7.13598455479478e-08,7.134047076304447e-08,7.134047076304447e-08,7.134047076304447e-08,0.0,1.9374784903331402e-11,0.00042315737230126096,0.0001211845175771478,0.999814143930717,True,True,True
292,4.98189307718742e-08,4.980535383640548e-08,4.980535383640548e-08,4.980535383640548e-08,0.0,1.3576935468721294e-11,0.0003543022095097689,0.00010118942150100854,0.9998478682334612,True,True,True
293,2.3736422158050525e-08,2.3729879386646293e-08,2.3729879386646293e-08,2.3729879386646293e-08,0.0,6.542771404230225e-12,0.0002460817735651073,6.979595089511636e-05,0.9999094007614644,True,True,True
294,7.094615970045645e-09,7.0925901150603255e-09,7.0925901150603255e-09,7.0925901150603255e-09,0.0,2.0258549853199836e-12,0.00013696731531612994,3.8710520382599764e-05,0.999942616782941,True,True,True
295,6.655936039011546e-09,6.654018256193901e-09,6.654018256193901e-09,6.654018256193901e-09,0.0,1.917782817645196e-12,0.0001332183593506801,3.7824554304909206e-05,0.9999173253443671,True,True,True
296,1.8348645448765603e-08,1.8343508034708364e-08,1.8343508034708364e-08,1.8343508034708364e-08,0.0,5.137414057240699e-12,0.0002180431769151369,6.189760555272958e-05,0.9999109449210002,True,True,True
297,3.204559615799648e-08,3.2036671566486273e-08,3.2036671566486273e-08,3.2036671566486273e-08,0.0,8.924591510204091e-12,0.0002874739690934476,8.126888823959889e-05,0.9998593726014546,True,True,True
298,3.8618845096830924e-08,3.860804433036521e-08,3.860804433036521e-08,3.860804433036521e-08,0.0,1.0800766465715523e-11,0.0003163166085014938,8.917100337703909e-05,0.9998734288684271,True,True,True
299,3.480408723234244e-08,3.47942663659923e-08,3.47942663659923e-08,3.47942663659923e-08,0.0,9.820866350139048e-12,0.0003017900863478291,8.444766002418486e-05,0.9998565218433214,True,True,True
300,2.4177959540028337e-08,2.4171018174835903e-08,2.4171018174835903e-08,2.4171018174835903e-08,0.0,6.94136519243356e-12,0.0002538534908314245,7.051281526811612e-05,0.9999002742682978,True,True,True
301,1.3805401916044932e-08,1.3801334657798135e-08,1.3801334657798135e-08,1.3801334657798135e-08,0.0,4.0672582467974345e-12,0.00019449784077799615,5.332140658939522e-05,0.9998979442833067,True,True,True
302,9.153991150536693e-09,9.151275684724827e-09,9.151275684724827e-09,9.151275684724827e-09,0.0,2.715465811866503e-12,0.00015887131849816368,4.3755711368003956e-05,0.9999422558498465,True,True,True
303,1.1049812570419508e-08,1.104666652857085e-08,1.104666652857085e-08,1.104666652857085e-08,0.0,3.14604184865779e-12,0.00017075490492713668,4.799146726140397e-05,0.9999125353809948,True,True,True
304,1.6292393777905587e-08,1.6287852657595818e-08,1.6287852657595818e-08,1.6287852657595818e-08,0.0,4.541120309767312e-12,0.00020508496534534721,5.789093268354598e-05,0.9999203747122465,True,True,True
305,2.0360734875044553e-08,2.035508047458002e-08,2.035508047458002e-08,2.035508047458002e-08,0.0,5.654400464535375e-12,0.00022890431700832767,6.43957941196844e-05,0.9999011923545912,True,True,True
306,2.0201777367038325e-08,2.0196118359941094e-08,2.0196118359941094e-08,2.0196118359941094e-08,0.0,5.6590070972305566e-12,0.00022918210547740215,6.376232038791e-05,0.9999092732376337,True,True,True
307,1.577150626780984e-08,1.5767040154195156e-08,1.5767040154195156e-08,1.5767040154195156e-08,0.0,4.466113614685342e-12,0.0002037594479612462,5.606445855782077e-05,0.9999167308227304,True,True,True
308,9.576906807025143e-09,9.574123291898868e-09,9.574123291898868e-09,9.574123291898868e-09,0.0,2.7835151262752494e-12,0.00016105048836410129,4.356479611380007e-05,0.9999526525905343,True,True,True
309,4.6922034484938855e-09,4.690801408334346e-09,4.690801408334346e-09,4.690801408334346e-09,0.0,1.4020401595393369e-12,0.00011441900821078229,3.0474450863867972e-05,0.9999358071893014,True,True,True
310,2.8246615615111845e-09,2.823793141231833e-09,2.823793141231833e-09,2.823793141231833e-09,0.0,8.684202793517201e-13,8.987356173800297e-05,2.4636267859449993e-05,0.9999768067403784,True,True,True
311,3.725963680980329e-09,3.7248815073945113e-09,3.7248815073945113e-09,3.7248815073945113e-09,0.0,1.082173585817319e-12,0.00010010848123092604,2.8284763456859945e-05,0.9999476750403038,True,True,True
312,5.910720694971373e-09,5.909029727296485e-09,5.909029727296485e-09,5.909029727296485e-09,0.0,1.69096767488855e-12,0.0001250936912945965,3.5514013391585176e-05,0.9999494088512754,True,True,True
313,7.814122130855541e-09,7.81189591501615e-09,7.81189591501615e-09,7.81189591501615e-09,0.0,2.226215839391378e-12,0.00014363872020636782,4.037420527255691e-05,0.999937861582805,True,True,True
314,8.580009258348721e-09,8.57754793847699e-09,8.57754793847699e-09,8.57754793847699e-09,0.0,2.4613198717310862e-12,0.00015114199935381515,4.206298549368793e-05,0.9999301885077834,True,True,True
315,8.179242761000518e-09,8.176870205076114e-09,8.176870205076114e-09,8.176870205076114e-09,0.0,2.3725559244038465e-12,0.0001484227548376562,4.1185496117437686e-05,0.9999485451779958,True,True,True
316,7.091506781524418e-09,7.089429960720509e-09,7.089429960720509e-09,7.089429960720509e-09,0.0,2.076820803908694e-12,0.0001389322608021703,3.82888358073822e-05,0.9999282297919238,True,True,True
317,5.945131113443967e-09,5.9433704548117994e-09,5.9433704548117994e-09,5.9433704548117994e-09,0.0,1.760658632167836e-12,0.00012782993004848903,3.5582233002957544e-05,0.9999580789173329,True,True,True
318,5.311347466514095e-09,5.309774451585543e-09,5.309774451585543e-09,5.309774451585543e-09,0.0,1.5730149285514832e-12,0.00012084998148914848,3.3547447884858564e-05,0.9999299255725547,True,True,True
319,5.631027034823927e-09,5.6293735598814296e-09,5.6293735598814296e-09,5.6293735598814296e-09,0.0,1.6534749424971724e-12,0.0001238400490433523,3.461779423810567e-05,0.9999690340416353,True,True,True
320,7.189822516399017e-09,7.187732306882747e-09,7.187732306882747e-09,7.187732306882747e-09,0.0,2.090209516270162e-12,0.0001393601393620868,3.848177126486457e-05,0.9999293795191785,True,True,True
321,1.0128978738241485e-08,1.0126063820622891e-08,1.0126063820622891e-08,1.0126063820622891e-08,0.0,2.9149176185936664e-12,0.00016463679395523753,4.520953729112169e-05,0.9999373537866808,True,True,True
322,1.4476490405452253e-08,1.447233300181164e-08,1.447233300181164e-08,1.447233300181164e-08,0.0,4.157403640612039e-12,0.00019672947689809207,5.358683910740999e-05,0.9999094113715338,True,True,True
323,2.0221692868455143e-08,2.021591466635814e-08,2.021591466635814e-08,2.021591466635814e-08,0.0,5.778202097005148e-12,0.00023195455719899878,6.308014239574836e-05,0.9998992233287457,True,True,True
324,2.7373101219862918e-08,2.7365279442150742e-08,2.7365279442150742e-08,2.7365279442150742e-08,0.0,7.821777712177792e-12,0.0002699080258247109,7.326277852487691e-05,0.9998769916687616,True,True,True
325,3.5979878846934965e-08,3.596963458561762e-08,3.596963458561762e-08,3.596963458561762e-08,0.0,1.024426131734608e-11,0.0003088490484329386,8.399332387475314e-05,0.9998675927889972,True,True,True
326,4.591990682065326e-08,4.5906825423570064e-08,4.5906825423570064e-08,4.5906825423570064e-08,0.0,1.3081397083194644e-11,0.0003489937549393434,9.495962218376798e-05,0.9998311170243226,True,True,True
327,5.654600902900969e-08,5.652993089170013e-08,5.652993089170013e-08,5.652993089170013e-08,0.0,1.607813730955484e-11,0.0003868471686213808,0.000105501854131429,0.9998463158564893,True,True,True
328,6.623401943858077e-08,6.621515887430487e-08,6.621515887430487e-08,6.621515887430487e-08,0.0,1.8860564275898364e-11,0.00041897479274533586,0.00011430558080420459,0.9997857616423294,True,True,True
329,7.273935497138118e-08,7.271862988644296e-08,7.271862988644296e-08,7.271862988644296e-08,0.0,2.072508493821559e-11,0.00043918608606589724,0.0001198600483408637,0.999843832143609,True,True,True
330,7.429753794056776e-08,7.427631273547605e-08,7.427631273547605e-08,7.427631273547605e-08,0.0,2.1225205091710285e-11,0.000444462404091433,0.00012126509088095584,0.9997721059952425,True,True,True
331,7.056874367346685e-08,7.054850836350638e-08,7.054850836350638e-08,7.054850836350638e-08,0.0,2.0235309960470748e-11,0.00043402374113650434,0.00011822221337202299,0.9998501421251776,True,True,True
332,6.133298593459343e-08,6.131532340826951e-08,6.131532340826951e-08,6.131532340826951e-08,0.0,1.7662526323913605e-11,0.00040552260994619697,0.00011034797715210118,0.9998009760875548,True,True,True
333,4.6069466502283944e-08,4.60561179660467e-08,4.60561179660467e-08,4.60561179660467e-08,0.0,1.3348536237245419e-11,0.00035259208442197146,9.572974655468128e-05,0.9998908610321576,True,True,True
334,2.7619215442584264e-08,2.7611188260885048e-08,2.7611188260885048e-08,2.7611188260885048e-08,0.0,8.027181699217408e-12,0.0002734206817321957,7.424922756012634e-05,0.9998573503865554,True,True,True
335,1.4415764187119048e-08,1.4411540065496211e-08,1.4411540065496211e-08,1.4411540065496211e-08,0.0,4.224121622836421e-12,0.00019834667085462135,5.384992469124453e-05,0.9999256456438183,True,True,True
336,1.3648005207240869e-08,1.3644054385951411e-08,1.3644054385951411e-08,1.3644054385951411e-08,0.0,3.950821289456932e-12,0.0001918965038203032,5.180680183251683e-05,0.9999196191380181,True,True,True
337,2.353871698834555e-08,2.3531896869143652e-08,2.3531896869143652e-08,2.3531896869143652e-08,0.0,6.820119201897788e-12,0.0002521279479890559,6.806386605098044e-05,0.9998911031455534,True,True,True
338,3.48723970116962e-08,3.486233212230045e-08,3.486233212230045e-08,3.486233212230045e-08,0.0,1.0064889395753476e-11,0.0003063264685695972,8.254082996441424e-05,0.9998697250057381,True,True,True
339,3.827029856457791e-08,3.8259238444463084e-08,3.8259238444463084e-08,3.8259238444463084e-08,0.0,1.1060120114830545e-11,0.00032105108496241074,8.67606016159662e-05,0.9998645603801687,True,True,True
340,3.0702794090184486e-08,3.069391310415461e-08,3.069391310415461e-08,3.069391310415461e-08,0.0,8.880986029871852e-12,0.0002876987986295452,7.771268600321887e-05,0.9998930822942506,True,True,True
341,1.7572802647374375e-08,1.756768786037111e-08,1.756768786037111e-08,1.756768786037111e-08,0.0,5.114787003264193e-12,0.00021829230332508454,5.9129859983524554e-05,0.999919551250944,True,True,True
342,7.952901351789284e-09,7.950518961453079e-09,7.950518961453079e-09,7.950518961453079e-09,0.0,2.3823903362048938e-12,0.0001489547241704552,4.0452360986134544e-05,0.9999527382576335,True,True,True
343,6.616760668238093e-09,6.614748219616962e-09,6.614748219616962e-09,6.614748219616962e-09,0.0,2.012448621130663e-12,0.00013698964406511378,3.685544234194009e-05,0.99993106237141,True,True,True
344,1.1030900298256178e-08,1.1027586148943228e-08,1.1027586148943228e-08,1.1027586148943228e-08,0.0,3.314149312950161e-12,0.00017571865311213087,4.758621731090029e-05,0.9999349422426581,True,True,True
345,1.5147579108912587e-08,1.5143118983113088e-08,1.5143118983113088e-08,1.5143118983113088e-08,0.0,4.4601257994985855e-12,0.00020392911869766895,5.490148032774609e-05,0.9999210297053388,True,True,True
346,1.5006149820505986e-08,1.500171977187573e-08,1.500171977187573e-08,1.500171977187573e-08,0.0,4.430048630255555e-12,0.00020320356028173054,5.485252402018209e-05,0.9999216606668158,True,True,True
347,1.1320263385969875e-08,1.1316941290739079e-08,1.1316941290739079e-08,1.1316941290739079e-08,0.0,3.3220952307964058e-12,0.00017604456215934445,4.721508701769774e-05,0.9999322435167894,True,True,True
348,7.717288688594835e-09,7.714977815352804e-09,7.714977815352804e-09,7.714977815352804e-09,0.0,2.3108732420309877e-12,0.00014687723308690526,3.9189422310679415e-05,0.9999527646841214,True,True,True
349,6.873803157318658e-09,6.871732223407432e-09,6.871732223407432e-09,6.871732223407432e-09,0.0,2.0709339112257515e-12,0.00013897732270002985,3.734491782544559e-05,0.99995043227273,True,True,True
350,8.34736670808694e-09,8.3448517570106e-09,8.3448517570106e-09,8.3448517570106e-09,0.0,2.514951076338518e-12,0.00015314742959474448,4.117493863878816e-05,0.9999218762274029,True,True,True
351,9.659680888574403e-09,9.656769901075432e-09,9.656769901075432e-09,9.656769901075432e-09,0.0,2.9109874989708682e-12,0.00016462650053076543,4.481060491337484e-05,0.9999382211890694,True,True,True
352,8.882230585791893e-09,8.879538888371476e-09,8.879538888371476e-09,8.879538888371476e-09,0.0,2.6916974204175144e-12,0.0001584311362396201,4.2620995694587824e-05,0.9999204979467629,True,True,True
353,6.175575255762883e-09,6.173665143726281e-09,6.173665143726281e-09,6.173665143726281e-09,0.0,1.9101120366023485e-12,0.0001334062796640943,3.610934660456956e-05,0.9999564245787528,True,True,True
354,3.2609177479735693e-09,3.2598387506813534e-09,3.2598387506813534e-09,3.2598387506813534e-09,0.0,1.0789972922156543e-12,0.00010057482057251062,2.597457196882832e-05,0.9999583432106527,True,True,True
355,1.7615521154430646e-09,1.7609135720950999e-09,1.7609135720950999e-09,1.7609135720950999e-09,0.0,6.385433479647513e-13,7.744997764171147e-05,1.9670649276165418e-05,0.9999752200353924,True,True,True
356,2.0210244186076705e-09,2.020303012277092e-09,2.020303012277092e-09,2.020303012277092e-09,0.0,7.21406330578711e-13,8.243871279912728e-05,2.044313913786521e-05,0.9999836478093767,True,True,True
357,3.2087870575392268e-09,3.2077234063008705e-09,3.2077234063008705e-09,3.2077234063008705e-09,0.0,1.0636512383561638e-12,9.99155423472757e-05,2.5561627119794077e-05,0.99996247550084,True,True,True
358,4.24376816300237e-09,4.242411653375454e-09,4.242411653375454e-09,4.242411653375454e-09,0.0,1.3565096269156086e-12,0.00011272224963230197,2.9305131069304005e-05,0.9999562278416981,True,True,True
359,4.603243728463022e-09,4.6017719720588875e-09,4.6017719720588875e-09,4.6017719720588875e-09,0.0,1.4717564041338268e-12,0.00011748748900927586,3.02366328752649e-05,0.9999605770337437,True,True,True
360,4.494470087910199e-09,4.4930494644073415e-09,4.4930494644073415e-09,4.4930494644073415e-09,0.0,1.4206235028578612e-12,0.00011537327767995867,2.992059200553629e-05,0.9999510687983056,True,True,True
361,4.472475685342852e-09,4.471036146682685e-09,4.471036146682685e-09,4.471036146682685e-09,0.0,1.4395386601672466e-12,0.00011629418821921781,2.9513528899567473e-05,0.9999588618071152,True,True,True
362,4.940968921209977e-09,4.939420510153853e-09,4.939420510153853e-09,4.939420510153853e-09,0.0,1.5484110561239237e-12,0.00012048005213859322,3.1123425227970924e-05,0.9999502327676937,True,True,True
363,5.928029343827422e-09,5.926171495072765e-09,5.926171495072765e-09,5.926171495072765e-09,0.0,1.8578487546576298e-12,0.0001320171363623438,3.391110811021402e-05,0.9999571503670382,True,True,True
364,7.2514841541056576e-09,7.249275642743193e-09,7.249275642743193e-09,7.249275642743193e-09,0.0,2.208511362464481e-12,0.00014374408510560468,3.7719379923289886e-05,0.9999449169211284,True,True,True
365,8.88873240944574e-09,8.886059883557365e-09,8.886059883557365e-09,8.886059883557365e-09,0.0,2.672525888374564e-12,0.00015805765493603539,4.174968981761184e-05,0.99994103873387,True,True,True
366,1.1304608451958209e-08,1.1301284057918701e-08,1.1301284057918701e-08,1.1301284057918701e-08,0.0,3.3243940395071174e-12,0.0001760734522453193,4.7350605164944136e-05,0.9999313726553742,True,True,True
367,1.5619406104651797e-08,1.5614915387860947e-08,1.5614915387860947e-08,1.5614915387860947e-08,0.0,4.490716790852017e-12,0.00020444743810114823,5.575314307191415e-05,0.9999016740990501,True,True,True
368,2.3700117607846372e-08,2.3693394882053467e-08,2.3693394882053467e-08,2.3693394882053467e-08,0.0,6.722725792905062e-12,0.0002499515787235622,6.893088003681314e-05,0.9999058914061594,True,True,True
369,3.8220534637007216e-08,3.820985456652235e-08,3.820985456652235e-08,3.820985456652235e-08,0.0,1.0680070484864321e-11,0.000314857475631148,8.755269777582107e-05,0.9998290613846156,True,True,True
370,6.241715434889725e-08,6.239975959544957e-08,6.239975959544957e-08,6.239975959544957e-08,0.0,1.739475344767825e-11,0.00040176955704286367,0.00011193193248739895,0.9998510053147451,True,True,True
371,9.835381017568134e-08,9.832655767178715e-08,9.832655767178715e-08,9.832655767178715e-08,0.0,2.7252503894192634e-11,0.0005028152454810357,0.00014036334227202006,0.9997320891191569,True,True,True
372,1.4246540406892096e-07,1.424258437021772e-07,1.424258437021772e-07,1.424258437021772e-07,0.0,3.95603667437577e-11,0.0006059223170045836,0.00016870629269050364,0.999759377787072,True,True,True
373,1.807783518825409e-07,1.8072817890140975e-07,1.8072817890140975e-07,1.8072817890140975e-07,0.0,5.017298113114095e-11,0.0006824223359957675,0.00018981455857096247,0.9996761868319695,True,True,True
374,1.9422208779941614e-07,1.9416784522855714e-07,1.9416784522855714e-07,1.9416784522855714e-07,0.0,5.424257085901649e-11,0.0007097910544700081,0.00019652574280363074,0.9997056284944587,True,True,True
375,1.760570862580385e-07,1.7600759106996981e-07,1.7600759106996981e-07,1.7600759106996981e-07,0.0,4.9495188068682905e-11,0.0006782073677210263,0.00018704717868961746,0.9996705583870056,True,True,True
376,1.3803377062874103e-07,1.3799428011532787e-07,1.3799428011532787e-07,1.3799428011532787e-07,0.0,3.949051341316759e-11,0.0006061230291601249,0.000165891553894194,0.9997861208586772,True,True,True
377,9.451614163165152e-08,9.448855418206764e-08,9.448855418206764e-08,9.448855418206764e-08,0.0,2.7587449583879652e-11,0.0005071094269061583,0.00013680104159583052,0.9997280775033682,True,True,True
378,5.5716981398320174e-08,5.570058267013599e-08,5.570058267013599e-08,5.570058267013599e-08,0.0,1.639872818418692e-11,0.0003910473366960364,0.0001052105617550156,0.9998641530766387,True,True,True
379,3.526544931229161e-08,3.5255020281218644e-08,3.5255020281218644e-08,3.5255020281218644e-08,0.0,1.0429031072969004e-11,0.0003121023202146954,8.296054752889338e-05,0.9998613719108225,True,True,True
380,4.1516254798529135e-08,4.150445256708748e-08,4.150445256708748e-08,4.150445256708748e-08,0.0,1.1802231441656371e-11,0.00033130113706360145,9.08948348198537e-05,0.999848799336604,True,True,True
381,6.104663478494009e-08,6.102898052847598e-08,6.102898052847598e-08,6.102898052847598e-08,0.0,1.765425646410259e-11,0.000405178252654204,0.00011123465384992199,0.9998746683225825,True,True,True
382,6.7033875613205e-08,6.701431426390939e-08,6.701431426390939e-08,6.701431426390939e-08,0.0,1.9561349295611485e-11,0.0004268606304421236,0.00011577346472602234,0.9997691164024963,True,True,True
383,5.034203055178047e-08,5.032709117759387e-08,5.032709117759387e-08,5.032709117759387e-08,0.0,1.4939374186601435e-11,0.00037325394431446016,0.0001003754697110415,0.999899931618749,True,True,True
384,3.091157795694538e-08,3.09020867209108e-08,3.09020867209108e-08,3.09020867209108e-08,0.0,9.491236034576097e-12,0.0002982301398219532,7.727317806030248e-05,0.9998681057366953,True,True,True
385,2.7331055142869917e-08,2.7322872120391726e-08,2.7322872120391726e-08,2.7322872120391726e-08,0.0,8.183022478192555e-12,0.0002764982964167866,7.334109939549856e-05,0.9998802027542002,True,True,True
386,3.406929029291627e-08,3.4059081691880166e-08,3.4059081691880166e-08,3.4059081691880166e-08,0.0,1.0208601036104735e-11,0.00030873961136862043,8.225486449445136e-05,0.9999006201633789,True,True,True
387,3.631756529715174e-08,3.630693105442524e-08,3.630693105442524e-08,3.630693105442524e-08,0.0,1.063424272650159e-11,0.0003149147957539034,8.468233983714203e-05,0.9998373763018853,True,True,True
388,3.134318045803813e-08,3.133382261881869e-08,3.133382261881869e-08,3.133382261881869e-08,0.0,9.357839219438299e-12,0.00029551321019631246,7.905905889809865e-05,0.9998927892195577,True,True,True
389,2.620846487261307e-08,2.6200332060192593e-08,2.6200332060192593e-08,2.6200332060192593e-08,0.0,8.13281242047468e-12,0.000276047013753774,7.159727929447111e-05,0.9998854674465668,True,True,True
390,2.2454004103995504e-08,2.244698212107801e-08,2.244698212107801e-08,2.244698212107801e-08,0.0,7.021982917494219e-12,0.00025622606516414933,6.758722294516414e-05,0.9999050697444454,True,True,True
391,1.7380366419540992e-08,1.737478349914936e-08,1.737478349914936e-08,1.737478349914936e-08,0.0,5.58292039163072e-12,0.00022877898267620306,5.9070982740672085e-05,0.9999219192019425,True,True,True
392,1.333016829296563e-08,1.3325945969944099e-08,1.3325945969944099e-08,1.3325945969944099e-08,0.0,4.22232302153116e-12,0.00019889081909094447,5.163014910538999e-05,0.9999263205729649,True,True,True
393,1.3715900117442292e-08,1.3711566573389135e-08,1.3711566573389135e-08,1.3711566573389135e-08,0.0,4.333544053157864e-12,0.00020149658470497756,5.2293086386332545e-05,0.9999120605071742,True,True,True
394,1.5665018222289355e-08,1.5659939366959984e-08,1.5659939366959984e-08,1.5659939366959984e-08,0.0,5.078855329371239e-12,0.00021845957779413703,5.5353104372923685e-05,0.9999269925256301,True,True,True
395,1.4514279270765306e-08,1.4509585767129686e-08,1.4509585767129686e-08,1.4509585767129686e-08,0.0,4.693503635620256e-12,0.0002098037294649721,5.401325262184604e-05,0.9999204256639023,True,True,True
396,1.1643605702980136e-08,1.1639650231091545e-08,1.1639650231091545e-08,1.1639650231091545e-08,0.0,3.9554718885920494e-12,0.00019293807510259667,4.826611711775922e-05,0.9999453245421359,True,True,True
397,1.141848682937019e-08,1.141471157504472e-08,1.141471157504472e-08,1.141471157504472e-08,0.0,3.775254325470673e-12,0.00018814091151346155,4.853391257245358e-05,0.9999191344817154,True,True,True
398,1.3238172100888375e-08,1.3233911784057625e-08,1.3233911784057625e-08,1.3233911784057625e-08,0.0,4.260316830749202e-12,0.0001998127765476324,5.174961483738732e-05,0.9999208046316396,True,True,True
399,1.2548878768512508e-08,1.2544738743746483e-08,1.2544738743746483e-08,1.2544738743746483e-08,0.0,4.140024766025626e-12,0.00019723992358126449,4.9966590897450845e-05,0.9999296233584032,True,True,True
400,8.307055725247178e-09,8.304224222603152e-09,8.304224222603152e-09,8.304224222603152e-09,0.0,2.8315026440267076e-12,0.0001633462552127306,4.041073308224629e-05,0.9999417232395339,True,True,True
401,4.473789264596499e-09,4.47196542204052e-09,4.47196542204052e-09,4.47196542204052e-09,0.0,1.823842555979298e-12,0.0001318413247660197,2.9262444254263888e-05,0.9999731774067593,True,True,True
402,4.351952209592607e-09,4.350231671044298e-09,4.350231671044298e-09,4.350231671044298e-09,0.0,1.7205385483087713e-12,0.00012776976346081195,2.9669395481807005e-05,0.9999596746301687,True,True,True
403,6.818287156291142e-09,6.815818423688705e-09,6.815818423688705e-09,6.815818423688705e-09,0.0,2.4687326024366257e-12,0.00015274944108508307,3.68094318424095e-05,0.9999496966096085,True,True,True
404,8.530385413459567e-09,8.527425109499396e-09,8.527425109499396e-09,8.527425109499396e-09,0.0,2.9603039601707407e-12,0.0001671706281448321,4.0706518978778795e-05,0.9999473711769172,True,True,True
405,7.747270717772033e-09,7.744557984330032e-09,7.744557984330032e-09,7.744557984330032e-09,0.0,2.712733442001868e-12,0.00016011061033193328,3.862546930659224e-05,0.9999491852501304,True,True,True
406,5.255839231337941e-09,5.253858763025086e-09,5.253858763025086e-09,5.253858763025086e-09,0.0,1.980468312855243e-12,0.00013711031483376867,3.170874792131131e-05,0.9999588535130136,True,True,True
407,2.9531668647139246e-09,2.951839980778245e-09,2.951839980778245e-09,2.951839980778245e-09,0.0,1.3268839356797086e-12,0.0001126054123506621,2.426644733236486e-05,0.9999765782263024,True,True,True
408,2.36879539452307e-09,2.3676814617560293e-09,2.3676814617560293e-09,2.3676814617560293e-09,0.0,1.1139327670407664e-12,0.00010327575344131013,2.175882399251807e-05,0.9999793443939535,True,True,True
409,3.745922041270122e-09,3.744358519301022e-09,3.744358519301022e-09,3.744358519301022e-09,0.0,1.5635219691003335e-12,0.00012203033623572413,2.727300367028631e-05,0.9999779063729765,True,True,True
410,5.853201880406374e-09,5.851097620170705e-09,5.851097620170705e-09,5.851097620170705e-09,0.0,2.10426023566877e-12,0.00014110774670987459,3.363340861627867e-05,0.9999587638443683,True,True,True
411,6.998239310566419e-09,6.995757750666775e-09,6.995757750666775e-09,6.995757750666775e-09,0.0,2.4815598996433326e-12,0.00015312814118928337,3.6977984968738206e-05,0.9999575821291091,True,True,True
412,6.559803015061858e-09,6.5575115687000784e-09,6.5575115687000784e-09,6.5575115687000784e-09,0.0,2.2914463617793215e-12,0.00014709401373833798,3.574653465916465e-05,0.9999580948239942,True,True,True
413,5.42439682764881e-09,5.4224178453680505e-09,5.4224178453680505e-09,5.4224178453680505e-09,0.0,1.9789822807595037e-12,0.00013685803345759616,3.255305647269585e-05,0.9999602902051783,True,True,True
414,4.9061893848449024e-09,4.9043843427121894e-09,4.9043843427121894e-09,4.9043843427121894e-09,0.0,1.8050421327132954e-12,0.00013079446129724416,3.071205335200914e-05,0.9999653183868903,True,True,True
415,5.512092065169928e-09,5.5100994975651555e-09,5.5100994975651555e-09,5.5100994975651555e-09,0.0,1.992567604772094e-12,0.00013732556618406216,3.26705512648272e-05,0.999977053164548,True,True,True
416,6.877679345680239e-09,6.875312315787751e-09,6.875312315787751e-09,6.875312315787751e-09,0.0,2.367029892488001e-12,0.0001495066198241993,3.6305227634905946e-05,0.9999449454251947,True,True,True
417,8.5932395346336e-09,8.590348422956877e-09,8.590348422956877e-09,8.590348422956877e-09,0.0,2.8911116767238435e-12,0.00016500839604102844,4.102859982019307e-05,0.9999661146188662,True,True,True
418,1.068201305909244e-08,1.0678574593369271e-08,1.0678574593369271e-08,1.0678574593369271e-08,0.0,3.43846572316841e-12,0.00017971221615696608,4.569657093957922e-05,0.9999192031766162,True,True,True
419,1.335116196408628e-08,1.3346883167481874e-08,1.3346883167481874e-08,1.3346883167481874e-08,0.0,4.278796604406588e-12,0.00020035257420381215,5.144717731782587e-05,0.9999532328481067,True,True,True
420,1.6671905989324713e-08,1.666675496072483e-08,1.666675496072483e-08,1.666675496072483e-08,0.0,5.151028599884096e-12,0.00021961373065771433,5.727211629966064e-05,0.9998933400756453,True,True,True
421,2.0664349201798378e-08,2.0657948660096973e-08,2.0657948660096973e-08,2.0657948660096973e-08,0.0,6.400541701404669e-12,0.00024481370086879554,6.380963000183131e-05,0.9999424476426256,True,True,True
422,2.5365425757969453e-08,2.5357786343482024e-08,2.5357786343482024e-08,2.5357786343482024e-08,0.0,7.639414487428723e-12,0.00026729560151462,7.033637952883785e-05,0.999867248429863,True,True,True
423,3.0573113315961816e-08,3.0563867952344926e-08,3.0563867952344926e-08,3.0563867952344926e-08,0.0,9.245363616888733e-12,0.0002941074582624714,7.716501255929362e-05,0.999922257439363,True,True,True
424,3.550035607623767e-08,3.548982956126244e-08,3.548982956126244e-08,3.548982956126244e-08,0.0,1.0526514975233971e-11,0.0003136875873805228,8.28567877468501e-05,0.9998470472368066,True,True,True
425,3.9078438073629346e-08,3.9066773578630764e-08,3.9066773578630764e-08,3.9066773578630764e-08,0.0,1.1664494998585399e-11,0.00033028294662157734,8.69374784360708e-05,0.9998956176213993,True,True,True
426,4.0842348520576e-08,4.083033200239319e-08,4.083033200239319e-08,4.083033200239319e-08,0.0,1.2016518182813574e-11,0.0003351174939147112,8.866480192533692e-05,0.9998381641539045,True,True,True
427,4.1753167521698544e-08,4.1740793240112446e-08,4.1740793240112446e-08,4.1740793240112446e-08,0.0,1.237428158609968e-11,0.00034010407401121044,8.984450290348259e-05,0.9998829453105342,True,True,True
428,4.387291498300997e-08,4.386006397441491e-08,4.386006397441491e-08,4.386006397441491e-08,0.0,1.2851008595061147e-11,0.00034647280086181714,9.201458696086762e-05,0.9998454094736814,True,True,True
429,4.90697528651649e-08,4.9055303661468694e-08,4.9055303661468694e-08,4.9055303661468694e-08,0.0,1.4449203696210215e-11,0.00036735829699921274,9.767250681712007e-05,0.9998788210252956,True,True,True
430,5.762532566577338e-08,5.760849192833618e-08,5.760849192833618e-08,5.760849192833618e-08,0.0,1.6833737437197692e-11,0.0003964555873592613,0.0001056425180673011,0.9997997466384091,True,True,True
431,6.789889879982688e-08,6.787901175039933e-08,6.787901175039933e-08,6.787901175039933e-08,0.0,1.988704942754443e-11,0.0004309696646344641,0.00011461083037960182,0.9998433467447961,True,True,True
432,7.692361880143542e-08,7.690115541146938e-08,7.690115541146938e-08,7.690115541146938e-08,0.0,2.246338996603938e-11,0.00045810763591379387,0.00012153721067174747,0.9997742914285457,True,True,True
433,8.152047135276116e-08,8.149663557900404e-08,8.149663557900404e-08,8.149663557900404e-08,0.0,2.3835773757115553e-11,0.00047204996790103633,0.00012460563942208266,0.9998074217571248,True,True,True
434,7.9083491660315e-08,7.906027765698285e-08,7.906027765698285e-08,7.906027765698285e-08,0.0,2.321400333215935e-11,0.00046601727126112326,0.00012234351722886766,0.9998006676875613,True,True,True
435,6.808250104193761e-08,6.80624955708435e-08,6.80624955708435e-08,6.80624955708435e-08,0.0,2.000547109411855e-11,0.0004327514922726741,0.00011305245188388959,0.99980285033448,True,True,True
436,4.9155284252280866e-08,4.914060292161632e-08,4.914060292161632e-08,4.914060292161632e-08,0.0,1.4681330664547763e-11,0.0003709115244042458,9.61142430110968e-05,0.9998628111627299,True,True,True
437,2.7056890881583772e-08,2.704872562210711e-08,2.704872562210711e-08,2.704872562210711e-08,0.0,8.165259476659866e-12,0.00027669357533693874,7.136708018309596e-05,0.9998831061758823,True,True,True
438,9.977078364109713e-09,9.9737529326324e-09,9.9737529326324e-09,9.9737529326324e-09,0.0,3.325431477313018e-12,0.00017699725204773037,4.388949237212011e-05,0.9999500652334375,True,True,True
439,4.2974807568752405e-09,4.2958556201720155e-09,4.2958556201720155e-09,4.2958556201720155e-09,0.0,1.6251367032250379e-12,0.00012405188594789374,2.9368292851664736e-05,0.9999651795674096,True,True,True
440,9.813503133026829e-09,9.81025459835679e-09,9.81025459835679e-09,9.81025459835679e-09,0.0,3.2485346700373097e-12,0.00017499325962299462,4.315907537114641e-05,0.9999338291504819,True,True,True
441,2.037352876669532e-08,2.036714413707519e-08,2.036714413707519e-08,2.036714413707519e-08,0.0,6.384629620129608e-12,0.0002449460991205824,6.202986963476453e-05,0.9999218506400456,True,True,True
442,2.8302304552550957e-08,2.8293708572133025e-08,2.8293708572133025e-08,2.8293708572133025e-08,0.0,8.595980417932306e-12,0.00028396747155677116,7.295395312782869e-05,0.9998669911132212,True,True,True
443,2.8905345531489868e-08,2.889650569562149e-08,2.889650569562149e-08,2.889650569562149e-08,0.0,8.839835868379526e-12,0.0002879350368709315,7.410649921518727e-05,0.9998822591532771,True,True,True
444,2.2878331558321143e-08,2.287133086476207e-08,2.287133086476207e-08,2.287133086476207e-08,0.0,7.000693559071269e-12,0.0002561739433629663,6.61955159552399e-05,0.9999012548738612,True,True,True
445,1.5143005117348888e-08,1.5138256531961733e-08,1.5138256531961733e-08,1.5138256531961733e-08,0.0,4.748585387155539e-12,0.00021103140993732907,5.43286102474411e-05,0.9999026685452074,True,True,True
446,1.0721504758185674e-08,1.0717965641783913e-08,1.0717965641783913e-08,1.0717965641783913e-08,0.0,3.539116401760195e-12,0.00018239963761127533,4.6060136961122805e-05,0.9999501393568873,True,True,True
447,1.1218648313053836e-08,1.1215054392346062e-08,1.1215054392346062e-08,1.1215054392346062e-08,0.0,3.593920707774395e-12,0.000183773501226547,4.654575517359528e-05,0.9999268874728251,True,True,True
448,1.464181002897036e-08,1.4637031997890302e-08,1.4637031997890302e-08,1.4637031997890302e-08,0.0,4.7780310800587654e-12,0.00021201932151491818,5.3180053638007985e-05,0.9999408636016855,True,True,True
449,1.7738544367612558e-08,1.7733047740692073e-08,1.7733047740692073e-08,1.7733047740692073e-08,0.0,5.496626920485154e-12,0.00022716225339268486,5.799637780421441e-05,0.999904389858244,True,True,True
450,1.846267330971745e-08,1.8456768091936437e-08,1.8456768091936437e-08,1.8456768091936437e-08,0.0,5.905217781015971e-12,0.00023558033225721614,5.9616145998708545e-05,0.9999323287467127,True,True,True
451,1.6941137923262157e-08,1.6935865042582312e-08,1.6935865042582312e-08,1.6935865042582312e-08,0.0,5.272880679845959e-12,0.0002224707049002663,5.688226665348518e-05,0.9999074050395999,True,True,True
452,1.4677081918612528e-08,1.4672305865556053e-08,1.4672305865556053e-08,1.4672305865556053e-08,0.0,4.776053056475615e-12,0.000211884224754328,5.3531354036803224e-05,0.9999378418765374,True,True,True
453,1.303478329637651e-08,1.3030603583403123e-08,1.3030603583403123e-08,1.3030603583403123e-08,0.0,4.179712973386566e-12,0.0001981614551299272,5.0290828534192034e-05,0.9999274303882142,True,True,True
454,1.2402334080369798e-08,1.2398253491925203e-08,1.2398253491925203e-08,1.2398253491925203e-08,0.0,4.080588444595227e-12,0.0001958543648239994,4.946667792908697e-05,0.9999440938439884,True,True,True
455,1.247573296191798e-08,1.2471708010567934e-08,1.2471708010567934e-08,1.2471708010567934e-08,0.0,4.024951350046181e-12,0.00019446939112810363,4.930689013440677e-05,0.9999296369158829,True,True,True
456,1.2983798622480282e-08,1.297960786009059e-08,1.297960786009059e-08,1.297960786009059e-08,0.0,4.190762389690753e-12,0.00019842343656139539,5.0356367224745686e-05,0.9999485935027191,True,True,True
457,1.4028094190901535e-08,1.402366620731235e-08,1.402366620731235e-08,1.402366620731235e-08,0.0,4.427983589184965e-12,0.00020389934467644088,5.20085871022047e-05,0.9999322709932019,True,True,True
458,1.5858207440987513e-08,1.5853215606019498e-08,1.5853215606019498e-08,1.5853215606019498e-08,0.0,4.991834968015482e-12,0.00021646579431861194,5.53254875276053e-05,0.9999369496400827,True,True,True
459,1.8452153312958336e-08,1.844646989893929e-08,1.844646989893929e-08,1.844646989893929e-08,0.0,5.6834140190449545e-12,0.00023086280903616703,5.946850926650027e-05,0.9999064265584541,True,True,True
460,2.136994505355629e-08,2.1363330313285558e-08,2.1363330313285558e-08,2.1363330313285558e-08,0.0,6.61474027073123e-12,0.0002490589044165744,6.416435800448687e-05,0.9999278700074973,True,True,True
461,2.403778053211034e-08,2.4030481964663465e-08,2.4030481964663465e-08,2.4030481964663465e-08,0.0,7.298567446873526e-12,0.0002614997375335206,6.784955223606941e-05,0.9998879966459345,True,True,True
462,2.624232610316679e-08,2.623427677619548e-08,2.623427677619548e-08,2.623427677619548e-08,0.0,8.049326971309126e-12,0.0002746553663823753,7.111750438854298e-05,0.999918792580303,True,True,True
463,2.83845935186203e-08,2.8376065124503976e-08,2.8376065124503976e-08,2.8376065124503976e-08,0.0,8.528394116323588e-12,0.0002825801925284695,7.370465354242556e-05,0.9998908293266798,True,True,True
464,3.1271696345981916e-08,3.1262204249535686e-08,3.1262204249535686e-08,3.1262204249535686e-08,0.0,9.492096446229901e-12,0.00029812889737362207,7.771824118627049e-05,0.9999080935512573,True,True,True
465,3.558065694028507e-08,3.557010003662889e-08,3.557010003662889e-08,3.557010003662889e-08,0.0,1.0556903656175583e-11,0.000314228187379424,8.264189505328049e-05,0.9998835651725944,True,True,True
466,4.1396956376507074e-08,4.1384549251843226e-08,4.1384549251843226e-08,4.1384549251843226e-08,0.0,1.2407124663850092e-11,0.0003406517134812315,8.959719158992593e-05,0.9998943949353908,True,True,True
467,4.8090116927439297e-08,4.807600457710798e-08,4.807600457710798e-08,4.807600457710798e-08,0.0,1.4112350331318142e-11,0.0003631254182257743,9.624673475779791e-05,0.9998526177326967,True,True,True
468,5.450559709071095e-08,5.448940452025195e-08,5.448940452025195e-08,5.448940452025195e-08,0.0,1.6192570458996326e-11,0.00038904695920410166,0.00010280159592148988,0.999870763702634,True,True,True
469,5.9282901981427384e-08,5.9265635079072844e-08,5.9265635079072844e-08,5.9265635079072844e-08,0.0,1.7266902354538998e-11,0.00040157160474886945,0.00010681418353761692,0.9998354761613811,True,True,True
470,6.11516320688451e-08,6.113353841620257e-08,6.113353841620257e-08,6.113353841620257e-08,0.0,1.809365264252539e-11,0.0004112522611548604,0.0001086651007465982,0.9998485727539199,True,True,True
471,5.924467710993956e-08,5.922749312878349e-08,5.922749312878349e-08,5.922749312878349e-08,0.0,1.718398115607246e-11,0.0004005887656180621,0.00010662294509776899,0.9998235135386262,True,True,True
472,5.345467975474828e-08,5.343883858539085e-08,5.343883858539085e-08,5.343883858539085e-08,0.0,1.5841169357429063e-11,0.00038486305223645967,0.00010145010890840249,0.9998478645233742,True,True,True
473,4.478280741599572e-08,4.47697902324518e-08,4.47697902324518e-08,4.47697902324518e-08,0.0,1.3017183543925927e-11,0.00034865541684445296,9.279674425474203e-05,0.9998443374510874,True,True,True
474,3.531483053853874e-08,3.530425500379792e-08,3.530425500379792e-08,3.530425500379792e-08,0.0,1.0575534740816465e-11,0.0003144948431858293,8.275470390065639e-05,0.9998755440344752,True,True,True
475,2.7615803395974553e-08,2.760765565510163e-08,2.760765565510163e-08,2.760765565510163e-08,0.0,8.147740872920453e-12,0.00027580283044585885,7.355411237488593e-05,0.9998897937267544,True,True,True
476,2.3762475415727143e-08,2.375531593660682e-08,2.375531593660682e-08,2.375531593660682e-08,0.0,7.159479120320923e-12,0.0002586250354510996,6.861400907341525e-05,0.9998863945875367,True,True,True
477,2.4705758240063277e-08,2.469839537590549e-08,2.469839537590549e-08,2.469839537590549e-08,0.0,7.362864157786049e-12,0.0002621348712413778,7.009957815227399e-05,0.999911784149282,True,True,True
478,3.0322861497616125e-08,3.031399069693e-08,3.031399069693e-08,3.031399069693e-08,0.0,8.87080068612268e-12,0.0002876449166896763,7.725547724152629e-05,0.999863240456945,True,True,True
479,3.987218053580383e-08,3.986045604835215e-08,3.986045604835215e-08,3.986045604835215e-08,0.0,1.1724487451682395e-11,0.0003308889726097108,8.807588956186594e-05,0.9998921872847508,True,True,True
480,5.219830665417821e-08,5.21833337540419e-08,5.21833337540419e-08,5.21833337540419e-08,0.0,1.4972900136306923e-11,0.0003737308578793785,0.00010027086930815466,0.9998472760215986,True,True,True
481,6.549190754983731e-08,6.547279323328225e-08,6.547279323328225e-08,6.547279323328225e-08,0.0,1.9114316555056217e-11,0.0004226533068981699,0.00011183625404404222,0.9998494493021771,True,True,True
482,7.692598429039616e-08,7.690398239485635e-08,7.690398239485635e-08,7.690398239485635e-08,0.0,2.200189553981835e-11,0.0004531962085127109,0.0001209634324409113,0.9998336986335075,True,True,True
483,8.283381591735487e-08,8.280961408651199e-08,8.280961408651199e-08,8.280961408651199e-08,0.0,2.420183084288266e-11,0.0004757613542637561,0.00012517764264413745,0.9998332647923219,True,True,True
484,7.985984405838528e-08,7.983692352584913e-08,7.983692352584913e-08,7.983692352584913e-08,0.0,2.2920532536146704e-11,0.00046272187377920847,0.00012285679829673773,0.9998301833284073,True,True,True
485,6.696473649385553e-08,6.694497167523634e-08,6.694497167523634e-08,6.694497167523634e-08,0.0,1.9764818619185925e-11,0.00043015697009854555,0.00011230835795922853,0.9998600554766579,True,True,True
486,4.6902619139157065e-08,4.688897283133841e-08,4.688897283133841e-08,4.688897283133841e-08,0.0,1.3646307818655022e-11,0.00035719510964656145,9.420579510375765e-05,0.9998626551409342,True,True,True
487,2.5694804029979335e-08,2.5686841075220343e-08,2.5686841075220343e-08,2.5686841075220343e-08,0.0,7.962954758992177e-12,0.0002734249693140015,6.977344584839627e-05,0.9999259869728586,True,True,True
488,9.746711141223224e-09,9.743475671513237e-09,9.743475671513237e-09,9.743475671513237e-09,0.0,3.235469709986061e-12,0.00017453356835527654,4.35055239829912e-05,0.9999420462553412,True,True,True
489,2.777078147239229e-09,2.7757289681074484e-09,2.7757289681074484e-09,2.7757289681074484e-09,0.0,1.3491791317807034e-12,0.00011375686221101476,2.347695929440685e-05,0.9999811561615214,True,True,True
490,4.584616468146441e-09,4.582650311776154e-09,4.582650311776154e-09,4.582650311776154e-09,0.0,1.9661563702872286e-12,0.00013709257970006663,2.9448060955743115e-05,0.9999726814081074,True,True,True
491,1.1939819237042882e-08,1.1935941342075713e-08,1.1935941342075713e-08,1.1935941342075713e-08,0.0,3.8778949671687614e-12,0.00019111416718489688,4.7479730126769886e-05,0.9999264608617453,True,True,True
492,2.050152365909845e-08,2.0494932509758236e-08,2.0494932509758236e-08,2.0494932509758236e-08,0.0,6.591149340212453e-12,0.00024909837572321334,6.214090934466078e-05,0.9999198223308642,True,True,True
493,2.6663820046494636e-08,2.665582918217279e-08,2.665582918217279e-08,2.665582918217279e-08,0.0,7.990864321845334e-12,0.00027356339528378053,7.1215953123323e-05,0.9999065459752281,True,True,True
494,2.8651635392563627e-08,2.8642757496700513e-08,2.8642757496700513e-08,2.8642757496700513e-08,0.0,8.877895863113271e-12,0.00028864900870868723,7.389660616445707e-05,0.9999002073437327,True,True,True
495,2.6561013770626743e-08,2.655305263006991e-08,2.655305263006991e-08,2.655305263006991e-08,0.0,7.961140556832759e-12,0.0002729770400767009,7.137885652832234e-05,0.9999119702321739,True,True,True
496,2.1681293644804977e-08,2.1674434313794736e-08,2.1674434313794736e-08,2.1674434313794736e-08,0.0,6.859331010239833e-12,0.00025379954294638574,6.464597514620711e-05,0.9999186170586847,True,True,True
497,1.5658104096614196e-08,1.5653148085918766e-08,1.5653148085918766e-08,1.5653148085918766e-08,0.0,4.95601069542988e-12,0.00021573438641874973,5.494343883326166e-05,0.9999300827571725,True,True,True
498,1.0016781153103314e-08,1.0013262733796647e-08,1.0013262733796647e-08,1.0013262733796647e-08,0.0,3.5184193066667186e-12,0.00018229688539293638,4.4181881384814406e-05,0.9999517297456171,True,True,True
499,5.927647853412493e-09,5.925377015034367e-09,5.925377015034367e-09,5.925377015034367e-09,0.0,2.270838378125363e-12,0.0001468854052140138,3.3660979135619276e-05,0.9999530670470195,True,True,True
500,3.998309384739832e-09,3.996561149112021e-09,3.996561149112021e-09,3.996561149112021e-09,0.0,1.7482356278111369e-12,0.0001292175455844875,2.802110260557685e-05,0.9999768652902571,True,True,True
501,4.107263892736608e-09,4.105475757136719e-09,4.105475757136719e-09,4.105475757136719e-09,0.0,1.7881355998890273e-12,0.00013081288344244432,2.7737078511691715e-05,0.9999682301934263,True,True,True
502,5.525723100039489e-09,5.523602965419681e-09,5.523602965419681e-09,5.523602965419681e-09,0.0,2.1201346198084525e-12,0.00014188610728202712,3.270594377842678e-05,0.9999627950553072,True,True,True
503,7.334345962355896e-09,7.331621917791533e-09,7.331621917791533e-09,7.331621917791533e-09,0.0,2.7240445643631972e-12,0.00016077519161234659,3.730661343039878e-05,0.9999444660980935,True,True,True
504,8.841681594452204e-09,8.838652581841375e-09,8.838652581841375e-09,8.838652581841375e-09,0.0,3.0290126108300327e-12,0.0001690893273610388,4.1218023738308706e-05,0.9999562939325248,True,True,True
505,9.729493853423995e-09,9.726080572564727e-09,9.726080572564727e-09,9.726080572564727e-09,0.0,3.413280859269155e-12,0.00017963371163736636,4.3180299166113354e-05,0.9999407554895564,True,True,True
506,9.936313809976344e-09,9.932982838931591e-09,9.932982838931591e-09,9.932982838931591e-09,0.0,3.3309710447524006e-12,0.00017720492812529575,4.368207751049342e-05,0.9999431806523877,True,True,True
507,9.49250180423099e-09,9.489161809008578e-09,9.489161809008578e-09,9.489161809008578e-09,0.0,3.339995222413141e-12,0.0001776626360479877,4.284787015257198e-05,0.9999530333431392,True,True,True
508,8.468679724100617e-09,8.465768305752605e-09,8.465768305752605e-09,8.465768305752605e-09,0.0,2.9114183480118488e-12,0.0001657814766086092,4.038174703486272e-05,0.9999414934287305,True,True,True
509,7.022993193080499e-09,7.020389148811859e-09,7.020389148811859e-09,7.020389148811859e-09,0.0,2.6040442686395e-12,0.0001570719070204854,3.699809064455857e-05,0.9999646373878942,True,True,True
510,5.420787867285453e-09,5.418752981190944e-09,5.418752981190944e-09,5.418752981190944e-09,0.0,2.0348860945094536e-12,0.00013894095849582123,3.231518214952554e-05,0.9999583001807788,True,True,True
511,3.971757392827296e-09,3.970083803690608e-09,3.970083803690608e-09,3.970083803690608e-09,0.0,1.6735891366886298e-12,0.00012633275693679866,2.7855446354959755e-05,0.9999748914914757,True,True,True
512,2.929713942781172e-09,2.9283970291054705e-09,2.9283970291054705e-09,2.9283970291054705e-09,0.0,1.3169136757013534e-12,0.00011227496272057827,2.3737512572009268e-05,0.9999804621768091,True,True,True
513,2.4423396522469133e-09,2.441165556466918e-09,2.441165556466918e-09,2.441165556466918e-09,0.0,1.1740957799951814e-12,0.00010615384287692356,2.17329115033683e-05,0.999979903382238,True,True,True
514,2.5750219497094026e-09,2.5738035515875373e-09,2.5738035515875373e-09,2.5738035515875373e-09,0.0,1.2183981218652018e-12,0.00010809012234211852,2.2372006407961406e-05,0.9999831522128865,True,True,True
515,3.374159707551796e-09,3.372762240485107e-09,3.372762240485107e-09,3.372762240485107e-09,0.0,1.3974670666890997e-12,0.00011544122553233748,2.5455728519981252e-05,0.999967248997357,True,True,True
516,4.933374523210643e-09,4.931471111631596e-09,4.931471111631596e-09,4.931471111631596e-09,0.0,1.9034115790464245e-12,0.0001344087409494855,3.1119224714609176e-05,0.9999732547705262,True,True,True
517,7.45970129646096e-09,7.457153960172947e-09,7.457153960172947e-09,7.457153960172947e-09,0.0,2.5473362880124935e-12,0.00015502990098000886,3.793537507727558e-05,0.9999347420599899,True,True,True
518,1.1367704364301472e-08,1.1363947358078397e-08,1.1363947358078397e-08,1.1363947358078397e-08,0.0,3.757006223075443e-12,0.00018800159440329257,4.717481036076664e-05,0.9999531745946934,True,True,True
519,1.7416327414538044e-08,1.74109316395906e-08,1.74109316395906e-08,1.74109316395906e-08,0.0,5.39577494744357e-12,0.00022494042519689104,5.796166480250176e-05,0.9998895707107887,True,True,True
520,2.6904134384770394e-08,2.689591105623705e-08,2.689591105623705e-08,2.689591105623705e-08,0.0,8.22332853334179e-12,0.00027750748023350945,7.226952156937433e-05,0.99991839415952,True,True,True
521,4.187595392442281e-08,4.186353505084244e-08,4.186353505084244e-08,4.186353505084244e-08,0.0,1.241887358036845e-11,0.00034080423969979517,8.96727718224939e-05,0.9998248373073447,True,True,True
522,6.527352382699732e-08,6.525425665477539e-08,6.525425665477539e-08,6.525425665477539e-08,0.0,1.9267172221919683e-11,0.0004244047204620314,0.00011203729499029234,0.9998610008728563,True,True,True
523,1.0061453360296679e-07,1.0058521649518791e-07,1.0058521649518791e-07,1.0058521649518791e-07,0.0,2.931710777887887e-11,0.0005234224865607019,0.00013856398648783323,0.9997332589908842,True,True,True
524,1.506250232731646e-07,1.5058115455535516e-07,1.5058115455535516e-07,1.5058115455535516e-07,0.0,4.386871780944096e-11,0.0006402985620944906,0.00016942529171920328,0.9997586622853438,True,True,True
525,2.137520015637552e-07,2.136900731229956e-07,2.136900731229956e-07,2.136900731229956e-07,0.0,6.19284407596088e-11,0.0007607780554383173,0.00020124899492812517,0.9996327478969728,True,True,True
526,2.7991850299303665e-07,2.798373080050982e-07,2.798373080050982e-07,2.798373080050982e-07,0.0,8.119498793846301e-11,0.0008712212046423273,0.00023005106382323486,0.9996424690374499,True,True,True
527,3.298542970775979e-07,3.2975880760868944e-07,3.2975880760868944e-07,3.2975880760868944e-07,0.0,9.548946890843644e-11,0.0009448254505400716,0.00024939839032382503,0.999580601485157,True,True,True
528,3.4520747569628946e-07,3.451073188640507e-07,3.451073188640507e-07,3.451073188640507e-07,0.0,1.0015683223874182e-10,0.0009676759686404781,0.0002552871757514084,0.9996197175482413,True,True,True
529,3.2131262160143653e-07,3.2121937667531377e-07,3.2121937667531377e-07,3.2121937667531377e-07,0.0,9.324492612273174e-11,0.000933636481443837,0.00024652014470320484,0.9996498372336214,True,True,True
530,2.6205806795637207e-07,2.6198150789632585e-07,2.6198150789632585e-07,2.6198150789632585e-07,0.0,7.656006004621282e-11,0.0008461274143535959,0.00022286542832262342,0.9996885969232663,True,True,True
531,1.718382724400931e-07,1.7178770350801448e-07,1.7178770350801448e-07,1.7178770350801448e-07,0.0,5.056893207862333e-11,0.000687912343610202,0.00018018304108587084,0.9997177533444274,True,True,True
532,8.435603776996504e-08,8.433044801532891e-08,8.433044801532891e-08,8.433044801532891e-08,0.0,2.5589754636131572e-11,0.0004900290582038247,0.0001255749516312402,0.9998103490134349,True,True,True
533,5.50851368413209e-08,5.5068027306565343e-08,5.5068027306565343e-08,5.5068027306565343e-08,0.0,1.710953475555184e-11,0.00040121193774834686,0.00010061972253855132,0.9998330323481127,True,True,True
534,8.895221368699006e-08,8.892533119296466e-08,8.892533119296466e-08,8.892533119296466e-08,0.0,2.6882494025396678e-11,0.0005021068838179737,0.000129281156695671,0.9998313556415069,True,True,True
535,1.3466732044466937e-07,1.346271647801689e-07,1.346271647801689e-07,1.346271647801689e-07,0.0,4.01556645004609e-11,0.0006132303819294159,0.0001597032989117996,0.9997937755066441,True,True,True
536,1.4375555637268035e-07,1.437130602930422e-07,1.437130602930422e-07,1.437130602930422e-07,0.0,4.2496079638139496e-11,0.0006305720386679583,0.00016534721174404465,0.9997702817557331,True,True,True
537,1.0958743511053521e-07,1.0955404011650516e-07,1.0955404011650516e-07,1.0955404011650516e-07,0.0,3.339499403004151e-11,0.0005596259336207795,0.00014411368678750075,0.999749358176756,True,True,True
538,5.9356913218611404e-08,5.9338192394172566e-08,5.9338192394172566e-08,5.9338192394172566e-08,0.0,1.8720824438839744e-11,0.0004195722915062108,0.00010567561965100875,0.9998693409404177,True,True,True
539,2.518409851210633e-08,2.5175061569341313e-08,2.5175061569341313e-08,2.5175061569341313e-08,0.0,9.03694276501553e-12,0.00029266300961507835,6.868617366835801e-05,0.9999246392722921,True,True,True
540,2.7978295465533032e-08,2.7968753731631754e-08,2.7968753731631754e-08,2.7968753731631754e-08,0.0,9.541733901280294e-12,0.00030015525850612566,7.29668404408731e-05,0.9999205001301101,True,True,True
541,6.068949821045943e-08,6.067050959593107e-08,6.067050959593107e-08,6.067050959593107e-08,0.0,1.8988614528366213e-11,0.00042222191270694124,0.00010777198946736687,0.9998864467030956,True,True,True
542,8.467692537637575e-08,8.465054640344693e-08,8.465054640344693e-08,8.465054640344693e-08,0.0,2.6378972928814393e-11,0.0004976549258940529,0.0001270011969295119,0.9997819959817634,True,True,True
543,6.749686242301698e-08,6.74755554055332e-08,6.74755554055332e-08,6.74755554055332e-08,0.0,2.1307017483774958e-11,0.00044743635342906553,0.00011344992052817807,0.9998473868104103,True,True,True
544,2.6795583202134027e-08,2.6785926992423233e-08,2.6785926992423233e-08,2.6785926992423233e-08,0.0,9.65620971079242e-12,0.0003024047224746391,7.150860740470834e-05,0.9999252938911801,True,True,True
545,8.99588593830132e-09,8.991799082257471e-09,8.991799082257471e-09,8.991799082257471e-09,0.0,4.08685604384845e-12,0.00019775889649154053,4.1952107181077924e-05,0.9999425380704999,True,True,True
546,2.54924491843465e-08,2.5483108153699725e-08,2.5483108153699725e-08,2.5483108153699725e-08,0.0,9.341030646774142e-12,0.00029767800671463493,6.926839673431994e-05,0.9999349890857137,True,True,True
547,4.298957561907168e-08,4.297528312164744e-08,4.297528312164744e-08,4.297528312164744e-08,0.0,1.4292497424242184e-11,0.0003670655390173352,9.048681842309961e-05,0.9998364318230213,True,True,True
548,3.585128003451735e-08,3.5839068279141206e-08,3.5839068279141206e-08,3.5839068279141206e-08,0.0,1.2211755376143077e-11,0.00033952887969066733,8.269034778879038e-05,0.9999075274965439,True,True,True
549,1.791337318178713e-08,1.790630724686558e-08,1.790630724686558e-08,1.790630724686558e-08,0.0,7.065934921550484e-12,0.00025925814026230937,5.869042445947675e-05,0.9999468288799783,True,True,True
550,1.374389878139663e-08,1.3738300481332425e-08,1.3738300481332425e-08,1.3738300481332425e-08,0.0,5.59830006420494e-12,0.00023096309887492888,5.13716614500563e-05,0.9999373198940346,True,True,True
551,2.227599501316463e-08,2.2267442610921294e-08,2.2267442610921294e-08,2.2267442610921294e-08,0.0,8.552402243337043e-12,0.00028529872506397166,6.425464893875569e-05,0.9999360447339007,True,True,True
552,2.5443866447537924e-08,2.5434738689288302e-08,2.5434738689288302e-08,2.5434738689288302e-08,0.0,9.127758249620184e-12,0.00029400469066252213,6.956165872545372e-05,0.9998963056284056,True,True,True
553,1.735728612212603e-08,1.735037491653658e-08,1.735037491653658e-08,1.735037491653658e-08,0.0,6.911205589449339e-12,0.0002565852601273263,5.7236877796449174e-05,0.99995036308737,True,True,True
554,8.546837685502909e-09,8.542589718437549e-09,8.542589718437549e-09,8.542589718437549e-09,0.0,4.247967065358998e-12,0.00020196790485634125,4.109301718698533e-05,0.9999526256819313,True,True,True
555,7.634523335796157e-09,7.630560072851602e-09,7.630560072851602e-09,7.630560072851602e-09,0.0,3.96326294455434e-12,0.00019538120617681933,3.819441999081301e-05,0.9999739921460874,True,True,True
556,1.1766160193145549e-08,1.1760824319460114e-08,1.1760824319460114e-08,1.1760824319460114e-08,0.0,5.33587368543517e-12,0.00022622452666100647,4.6703323129679464e-05,0.9999600222486564,True,True,True
557,1.442552617947018e-08,1.4419650372277843e-08,1.4419650372277843e-08,1.4419650372277843e-08,0.0,5.875807192338016e-12,0.00023666457075038327,5.242092020288275e-05,0.9999427534651197,True,True,True
558,1.3431134457854093e-08,1.3425384018124877e-08,1.3425384018124877e-08,1.3425384018124877e-08,0.0,5.750439729216958e-12,0.00023445140569945019,5.036800232013766e-05,0.999948710887134,True,True,True
559,1.0106857690140146e-08,1.0102303037465246e-08,1.0102303037465246e-08,1.0102303037465246e-08,0.0,4.5546526749003e-12,0.00020871285019115587,4.455864578381075e-05,0.9999524149534792,True,True,True
560,6.373200739213181e-09,6.369554216291126e-09,6.369554216291126e-09,6.369554216291126e-09,0.0,3.6465229220549835e-12,0.00018778509063527128,3.466971236760975e-05,0.9999634642559087,True,True,True
561,4.275686402651577e-09,4.272817708984986e-09,4.272817708984986e-09,4.272817708984986e-09,0.0,2.8686936665910815e-12,0.00016695581993845154,2.8507733241879493e-05,0.9999850250906912,True,True,True
562,4.984863871567914e-09,4.98173378207659e-09,4.98173378207659e-09,4.98173378207659e-09,0.0,3.1300894913240303e-12,0.00017421988614266397,3.0794905190266564e-05,0.9999849966273991,True,True,True
563,6.953360355130361e-09,6.949685063932249e-09,6.949685063932249e-09,6.949685063932249e-09,0.0,3.6752911981119026e-12,0.00018823225837670136,3.6352838782215715e-05,0.9999654418907221,True,True,True
564,7.235013683953813e-09,7.231328818012653e-09,7.231328818012653e-09,7.231328818012653e-09,0.0,3.684865941160336e-12,0.00018821843965620034,3.7715757780914705e-05,0.9999612910524813,True,True,True
565,5.257719721969701e-09,5.2545306662493335e-09,5.2545306662493335e-09,5.2545306662493335e-09,0.0,3.1890557203676946e-12,0.00017576937924775857,3.155443744601648e-05,0.9999707809487134,True,True,True
566,3.4945480406284365e-09,3.492088262869574e-09,3.492088262869574e-09,3.492088262869574e-09,0.0,2.4597777588622283e-12,0.0001546671162997391,2.5997321480207647e-05,0.9999900895584215,True,True,True
567,3.789485484860997e-09,3.786761612245472e-09,3.786761612245472e-09,3.786761612245472e-09,0.0,2.7238726155244487e-12,0.00016287299808480425,2.666669552291467e-05,0.9999908753102562,True,True,True
568,4.845162296545425e-09,4.84234756541386e-09,4.84234756541386e-09,4.84234756541386e-09,0.0,2.8147311315646e-12,0.00016501923479946785,3.026488826749739e-05,0.9999693723292395,True,True,True
569,4.406899139378933e-09,4.404073642267584e-09,4.404073642267584e-09,4.404073642267584e-09,0.0,2.8254971113497997e-12,0.00016549462122625303,2.9436396835839777e-05,0.9999870646311262,True,True,True
570,2.516650090755629e-09,2.514491310160643e-09,2.514491310160643e-09,2.514491310160643e-09,0.0,2.1587805949860792e-12,0.00014528014483334268,2.1942777104636487e-05,0.9999895233894959,True,True,True
571,1.1847831442382121e-09,1.183063710380374e-09,1.183063710380374e-09,1.183063710380374e-09,0.0,1.719433857838004e-12,0.00013015867791548325,1.590776985229332e-05,1.0000047079241245,True,True,True
572,1.5047543668716716e-09,1.502879904854938e-09,1.502879904854938e-09,1.502879904854938e-09,0.0,1.8744620167336405e-12,0.00013586923179076667,1.6857402525992086e-05,1.0000018685869918,True,True,True
573,2.5200870248221214e-09,2.518088901466448e-09,2.518088901466448e-09,2.518088901466448e-09,0.0,1.998123355673309e-12,0.0001396473519841045,2.1905493387748966e-05,0.9999839720958168,True,True,True
574,2.8911882923040072e-09,2.888961522541645e-09,2.888961522541645e-09,2.888961522541645e-09,0.0,2.226769762362496e-12,0.00014732385384227023,2.373562117759609e-05,0.9999953720031465,True,True,True
575,2.5148147833651264e-09,2.5128676697523235e-09,2.5128676697523235e-09,2.5128676697523235e-09,0.0,1.9471136128029123e-12,0.00013782550677681412,2.1800591958556806e-05,0.9999845482901423,True,True,True
576,2.0965973705618087e-09,2.094713109779137e-09,2.094713109779137e-09,2.094713109779137e-09,0.0,1.884260782671507e-12,0.00013570388145607386,2.0665536152515498e-05,0.9999993769198012,True,True,True
577,1.910468648782166e-09,1.9087021815552067e-09,1.9087021815552067e-09,1.9087021815552067e-09,0.0,1.7664672269592175e-12,0.00013154710761562857,1.897447621291315e-05,0.9999894594642593,True,True,True
578,1.634604155355453e-09,1.6329527762089496e-09,1.6329527762089496e-09,1.6329527762089496e-09,0.0,1.651379146503459e-12,0.00012720918891669499,1.8210264143916175e-05,0.9999957062510514,True,True,True
579,1.1128842579728946e-09,1.1113920794596484e-09,1.1113920794596484e-09,1.1113920794596484e-09,0.0,1.4921785132462025e-12,0.00012127518235803665,1.4632678377077133e-05,1.0000026095408499,True,True,True
580,6.687084094600098e-10,6.67410123243728e-10,6.67410123243728e-10,6.67410123243728e-10,0.0,1.2982862162817887e-12,0.00011335158062708536,1.1587982229847104e-05,1.0000065081063219,True,True,True
581,6.165868347205108e-10,6.153151213984103e-10,6.153151213984103e-10,6.153151213984103e-10,0.0,1.2717133221004694e-12,0.00011220366824532279,1.129026365051916e-05,1.0000051958634368,True,True,True
582,8.404293451284725e-10,8.391137668940003e-10,8.391137668940003e-10,8.391137668940003e-10,0.0,1.3155782344720996e-12,0.00011400147986334271,1.2627150655981737e-05,1.0000057245271583,True,True,True
583,1.004200198219418e-09,1.0028835527645367e-09,1.0028835527645367e-09,1.0028835527645367e-09,0.0,1.3166454548813984e-12,0.00011384129031388423,1.4374114528690427e-05,1.0000010195972935,True,True,True
584,9.751373580714946e-10,9.738392867456036e-10,9.738392867456036e-10,9.738392867456036e-10,0.0,1.2980713258909494e-12,0.00011310746271687155,1.3689964815915494e-05,0.9999980759023291,True,True,True
585,8.721647584436984e-10,8.709387583620988e-10,8.709387583620988e-10,8.709387583620988e-10,0.0,1.226000081599597e-12,0.00010991085382329631,1.3401680037590805e-05,1.000003784899654,True,True,True
586,8.088221512477896e-10,8.076508095622957e-10,8.076508095622957e-10,8.076508095622957e-10,0.0,1.1713416854939256e-12,0.0001075146437143834,1.2410408611663524e-05,1.0000034726591505,True,True,True
587,7.635746805965235e-10,7.624138830669962e-10,7.624138830669962e-10,7.624138830669962e-10,0.0,1.1607975295273346e-12,0.00010702884368739837,1.2361307140096136e-05,1.000003814051857,True,True,True
588,6.94902808793914e-10,6.938406438207912e-10,6.938406438207912e-10,6.938406438207912e-10,0.0,1.0621649731227613e-12,0.00010242553672385008,1.1430623695094229e-05,1.000005838974039,True,True,True
589,6.419580086339092e-10,6.408741973294285e-10,6.408741973294285e-10,6.408741973294285e-10,0.0,1.0838113044806352e-12,0.00010349178346147631,1.1294414582847972e-05,1.0000043686397981,True,True,True
590,6.500526621575889e-10,6.490578629333305e-10,6.490578629333305e-10,6.490578629333305e-10,0.0,9.947992242583636e-13,9.9125988009255e-05,1.1046752634718824e-05,1.000001303351505,True,True,True
591,6.686830762191648e-10,6.676455798480286e-10,6.676455798480286e-10,6.676455798480286e-10,0.0,1.0374963711361833e-12,0.00010120795139835946,1.148539442549276e-05,1.0000055933376857,True,True,True
592,5.995250060677202e-10,5.985836735598794e-10,5.985836735598794e-10,5.985836735598794e-10,0.0,9.41332507840705e-13,9.64292012921501e-05,1.0711405909825787e-05,1.000000481437382,True,True,True
593,4.320598017596056e-10,4.311591090037058e-10,4.311591090037058e-10,4.311591090037058e-10,0.0,9.006927558997936e-13,9.444755734626975e-05,9.305185130937627e-06,1.0000070805562262,True,True,True
594,2.7393823342565923e-10,2.731274808404072e-10,2.731274808404072e-10,2.731274808404072e-10,0.0,8.107525852520179e-13,8.973697222003088e-05,7.4028149579459685e-06,1.0000096221996737,True,True,True
595,2.3397505496802533e-10,2.3319429861830105e-10,2.3319429861830105e-10,2.3319429861830105e-10,0.0,7.807563497242623e-13,8.809686066297125e-05,6.819577594811177e-06,1.0000094917925864,True,True,True
596,3.0681031251329196e-10,3.060235895615583e-10,3.060235895615583e-10,3.060235895615583e-10,0.0,7.867229517336634e-13,8.835659253982052e-05,7.768015968622025e-06,1.0000118614478024,True,True,True
597,3.9361753510903803e-10,3.9284176643335047e-10,3.9284176643335047e-10,3.9284176643335047e-10,0.0,7.757686756875467e-13,8.764957855566997e-05,8.673991923497948e-06,1.0000053307628647,True,True,True
598,4.1856398183744214e-10,4.177837845890497e-10,4.177837845890497e-10,4.177837845890497e-10,0.0,7.801972483924445e-13,8.786888885376585e-05,9.001714032837784e-06,1.0000101946004705,True,True,True
599,4.03361270956815e-10,4.026256694136723e-10,4.026256694136723e-10,4.026256694136723e-10,0.0,7.356015431426859e-13,8.530845673372185e-05,8.859042901892277e-06,1.0000043458198655,True,True,True
600,4.3619293777855496e-10,4.354533117878652e-10,4.354533117878652e-10,4.354533117878652e-10,0.0,7.396259906897402e-13,8.55065223209167e-05,9.213823716567074e-06,1.000005852428476,True,True,True
601,5.978431510292075e-10,5.970898441767705e-10,5.970898441767705e-10,5.970898441767705e-10,0.0,7.533068524370302e-13,8.610620856531264e-05,1.0899053668882598e-05,0.9999981507908177,True,True,True
602,9.373024814360444e-10,9.36465587906112e-10,9.36465587906112e-10,9.36465587906112e-10,0.0,8.36893529932405e-13,9.048074964009355e-05,1.3497008701588656e-05,1.0000001306966317,True,True,True
603,1.5172076779524076e-09,1.516227437617151e-09,1.516227437617151e-09,1.516227437617151e-09,0.0,9.802403352567652e-13,9.749503502469177e-05,1.7237212596640427e-05,0.99998695260219,True,True,True
604,2.4840987614420694e-09,2.482863059149586e-09,2.482863059149586e-09,2.482863059149586e-09,0.0,1.2357022924833522e-12,0.000108973827787782,2.194829793201183e-05,0.9999896291506851,True,True,True
605,4.1290229640997816e-09,4.127341623473253e-09,4.127341623473253e-09,4.127341623473253e-09,0.0,1.6813406265280824e-12,0.00012653575371734366,2.832153414743944e-05,0.9999656272657225,True,True,True
606,6.961565651298425e-09,6.95909849073896e-09,6.95909849073896e-09,6.95909849073896e-09,0.0,2.4671605594647303e-12,0.00015271131824158053,3.675403209943111e-05,0.9999656483759167,True,True,True
607,1.1847467965286532e-08,1.184364792539269e-08,1.184364792539269e-08,1.184364792539269e-08,0.0,3.8200398938423495e-12,0.00018948160279097309,4.79282916677341e-05,0.9999254078577303,True,True,True
608,2.0231846368289716e-08,2.0225655725841698e-08,2.0225655725841698e-08,2.0225655725841698e-08,0.0,6.190642448017181e-12,0.0002407929453660122,6.265127247017799e-05,0.999926256632579,True,True,True
609,3.435425415448101e-08,3.4344117270167055e-08,3.4344117270167055e-08,3.4344117270167055e-08,0.0,1.0136884313953835e-11,0.00030774985353666605,8.160190431416995e-05,0.9998557172738791,True,True,True
610,5.711639775581637e-08,5.709979929042325e-08,5.709979929042325e-08,5.709979929042325e-08,0.0,1.6598465393116095e-11,0.000393595513801409,0.00010520088139633523,0.999864063358593,True,True,True
611,9.067549285111158e-08,9.064945728314921e-08,9.064945728314921e-08,9.064945728314921e-08,0.0,2.60355679623674e-11,0.0004927603109230766,0.00013244982296200692,0.9997559227932855,True,True,True
612,1.324877261236568e-07,1.32449801299963e-07,1.32449801299963e-07,1.32449801299963e-07,0.0,3.7924823693795156e-11,0.0005946996195278908,0.000159939361857341,0.9997797330156784,True,True,True
613,1.6971674815752335e-07,1.6966828046638946e-07,1.6966828046638946e-07,1.6966828046638946e-07,0.0,4.846769113387987e-11,0.0006722889437770778,0.0001808438205023877,0.9996809324517997,True,True,True
614,1.808635595504668e-07,1.8081182850311582e-07,1.8081182850311582e-07,1.8081182850311582e-07,0.0,5.173104735098422e-11,0.0006946512369078102,0.00018646751076874287,0.9997235713340086,True,True,True
615,1.5439781443961613e-07,1.5435333080021414e-07,1.5435333080021414e-07,1.5435333080021414e-07,0.0,4.4483639401996276e-11,0.0006443240664559385,0.0001722872351790641,0.9997402301559281,True,True,True
616,1.0642781127389191e-07,1.0639663054269481e-07,1.0639663054269481e-07,1.0639663054269481e-07,0.0,3.1180731197101363e-11,0.0005397925178563662,0.00014293827212226312,0.9997739717475339,True,True,True
617,6.578779859694811e-08,6.576771012587541e-08,6.576771012587541e-08,6.576771012587541e-08,0.0,2.0088471072706027e-11,0.00043385040329952225,0.00011251016969101985,0.9998272541309865,True,True,True
618,4.5100596419898285e-08,4.5086493989112374e-08,4.5086493989112374e-08,4.5086493989112374e-08,0.0,1.4102430785908947e-11,0.00036377599725300635,9.322731188696902e-05,0.9998249707981118,True,True,True
619,3.894433445231383e-08,3.893223372795776e-08,3.893223372795776e-08,3.893223372795776e-08,0.0,1.2100724356067341e-11,0.00033681414114922133,8.696825790244281e-05,0.9998903797963118,True,True,True
620,3.947341080014555e-08,3.946150049808956e-08,3.946150049808956e-08,3.946150049808956e-08,0.0,1.1910302055989997e-11,0.0003338002757834973,8.763787107615691e-05,0.9998871433680628,True,True,True
621,4.356830536235657e-08,4.355524527015729e-08,4.355524527015729e-08,4.355524527015729e-08,0.0,1.3060092199277934e-11,0.00034952786332934375,9.182153750184615e-05,0.9998379470089239,True,True,True
622,4.920685887553834e-08,4.919183780102504e-08,4.919183780102504e-08,4.919183780102504e-08,0.0,1.502107451329824e-11,0.0003751963881442058,9.7151507741902e-05,0.9998632638492433,True,True,True
623,5.135226265174536e-08,5.133642387009519e-08,5.133642387009519e-08,5.133642387009519e-08,0.0,1.5838781650170344e-11,0.000385535269105376,9.874397590510884e-05,0.999835291774732,True,True,True
624,4.4608520835485174e-08,4.459431885534666e-08,4.459431885534666e-08,4.459431885534666e-08,0.0,1.4201980138515535e-11,0.0003653763173092769,9.230356512435439e-05,0.9998750385191015,True,True,True
625,2.996170680372109e-08,2.9951981779787954e-08,2.9951981779787954e-08,2.9951981779787954e-08,0.0,9.725023933132267e-12,0.0003025024345707573,7.577939304380414e-05,0.9998366756429687,True,True,True
626,1.6149575320992386e-08,1.6143954949572474e-08,1.6143954949572474e-08,1.6143954949572474e-08,0.0,5.6203714199129695e-12,0.00023031767002596005,5.619150356542064e-05,0.9999275444527467,True,True,True
627,1.2345548499071328e-08,1.2341245973679275e-08,1.2341245973679275e-08,1.2341245973679275e-08,0.0,4.3025253920526026e-12,0.0002015555040956352,4.899625178807452e-05,0.9999372723981997,True,True,True
628,1.9599074183465913e-08,1.9592558557092855e-08,1.9592558557092855e-08,1.9592558557092855e-08,0.0,6.5156263730585846e-12,0.00024791610729919366,6.0777195330161006e-05,0.9999174168183584,True,True,True
629,2.9268212628965724e-08,2.925869573174402e-08,2.925869573174402e-08,2.925869573174402e-08,0.0,9.516897221704822e-12,0.00029928486185085905,7.481673398351764e-05,0.9999055565405967,True,True,True
630,3.083567021815843e-08,3.082557497157442e-08,3.082557497157442e-08,3.082557497157442e-08,0.0,1.0095246584011433e-11,0.000308379318259116,7.651576249477706e-05,0.9998504061832326,True,True,True
631,2.212413866388981e-08,2.2116646011977613e-08,2.2116646011977613e-08,2.2116646011977613e-08,0.0,7.492651912195554e-12,0.00026576771528606863,6.552892974540856e-05,0.9999225302118222,True,True,True
632,1.0910365239939966e-08,1.0906340185293327e-08,1.0906340185293327e-08,1.0906340185293327e-08,0.0,4.0250546466389805e-12,0.00019538983406615446,4.553415432387455e-05,0.9999264578044343,True,True,True
633,6.234594768887825e-09,6.23202651625133e-09,6.23202651625133e-09,6.23202651625133e-09,0.0,2.5682526364949453e-12,0.00015656255288252894,3.4215397116719015e-05,0.9999689247820222,True,True,True
634,9.661347822409117e-09,9.657691278883466e-09,9.657691278883466e-09,9.657691278883466e-09,0.0,3.656543525650591e-12,0.0001863676798003416,4.28079803581443e-05,0.9999498154602844,True,True,True
635,1.5926818867654102e-08,1.5921327821066205e-08,1.5921327821066205e-08,1.5921327821066205e-08,0.0,5.491046587896954e-12,0.00022780723816271135,5.4902897188101756e-05,0.9998907211747338,True,True,True
636,2.0152123645969865e-08,2.0145178580787367e-08,2.0145178580787367e-08,2.0145178580787367e-08,0.0,6.945065182497419e-12,0.0002559909159243626,6.260433522672466e-05,0.9999418172165263,True,True,True
637,2.2429504210231507e-08,2.242218495174166e-08,2.242218495174166e-08,2.242218495174166e-08,0.0,7.319258489846242e-12,0.0002624821615734447,6.554158797431198e-05,0.9998686776139397,True,True,True
638,2.6306514500422915e-08,2.6297779397121925e-08,2.6297779397121925e-08,2.6297779397121925e-08,0.0,8.7351033009887e-12,0.00028680738836376577,7.136213975101249e-05,0.999933834514781,True,True,True
639,3.527233037803059e-08,3.526142871889022e-08,3.526142871889022e-08,3.526142871889022e-08,0.0,1.0901659140369747e-11,0.0003198137149174462,8.207179268420966e-05,0.9998485864744941,True,True,True
640,5.1843475501896666e-08,5.182727777804552e-08,5.182727777804552e-08,5.182727777804552e-08,0.0,1.61977238511495e-11,0.00038996435333236393,9.95240756880778e-05,0.9998561247742866,True,True,True
641,7.869817679811474e-08,7.86747521280308e-08,7.86747521280308e-08,7.86747521280308e-08,0.0,2.3424670083939648e-11,0.0004683136238355007,0.00012218449398126435,0.9998132547946252,True,True,True
642,1.1755902782552401e-07,1.1752361991650271e-07,1.1752361991650271e-07,1.1752361991650271e-07,0.0,3.540790902130197e-11,0.0005760811319626297,0.0001490289220576823,0.9997614383820633,True,True,True
643,1.63521916973121e-07,1.6347406033946696e-07,1.6347406033946696e-07,1.6347406033946696e-07,0.0,4.785663365402023e-11,0.0006692040107571556,0.00017530638472896244,0.9997375283385164,True,True,True
644,1.9859287570993826e-07,1.98533695842649e-07,1.98533695842649e-07,1.98533695842649e-07,0.0,5.917986728925312e-11,0.0007446612914091753,0.00019307572081789714,0.9996822928798414,True,True,True
645,1.9739722035554873e-07,1.9733950800355193e-07,1.9733950800355193e-07,1.9733950800355193e-07,0.0,5.7712351996791077e-11,0.0007349911731821557,0.00019212364589562864,0.999706526226911,True,True,True
646,1.5049460357961066e-07,1.5044910810527775e-07,1.5044910810527775e-07,1.5044910810527775e-07,0.0,4.5495474332912385e-11,0.000653235357836152,0.0001680425856793396,0.9997684013400532,True,True,True
647,8.15552204556029e-08,8.153070783229431e-08,8.153070783229431e-08,8.153070783229431e-08,0.0,2.451262330859465e-11,0.0004795246463061675,0.00012321666555661817,0.9997669721571961,True,True,True
648,3.0822623261589185e-08,3.081222323416777e-08,3.081222323416777e-08,3.081222323416777e-08,0.0,1.0400027421415311e-11,0.00031339135966396397,7.6066614898555e-05,0.9999488469351484,True,True,True
649,2.1767081203365032e-08,2.1759745431754186e-08,2.1759745431754186e-08,2.1759745431754186e-08,0.0,7.335771610845124e-12,0.000263234705572632,6.37589671382859e-05,0.9999019406251006,True,True,True
650,4.639548144926439e-08,4.638113998748001e-08,4.638113998748001e-08,4.638113998748001e-08,0.0,1.4341461784382876e-11,0.00036694065014193763,9.364388456936682e-05,0.9998291105503729,True,True,True
651,7.526702886827294e-08,7.524365876442606e-08,7.524365876442606e-08,7.524365876442606e-08,0.0,2.3370103846879173e-11,0.0004683512631630462,0.00011978369155427961,0.9998463271403727,True,True,True
652,8.097563067826972e-08,8.095114847344589e-08,8.095114847344589e-08,8.095114847344589e-08,0.0,2.44822048238257e-11,0.00047902106899758943,0.00012393895148283125,0.9997619334786111,True,True,True
653,5.979735054222756e-08,5.977815684230881e-08,5.977815684230881e-08,5.977815684230881e-08,0.0,1.9193699918743632e-11,0.00042487702399805424,0.00010684808686164265,0.9998650937688919,True,True,True
654,3.218810667910898e-08,3.217780068626251e-08,3.217780068626251e-08,3.217780068626251e-08,0.0,1.0305992846475281e-11,0.00031138415675546023,7.810144292165003e-05,0.9998465840596389,True,True,True
655,1.963697617832665e-08,1.96298001062798e-08,1.96298001062798e-08,1.96298001062798e-08,0.0,7.176072046847825e-12,0.00026085229041501956,6.096558909513268e-05,0.9999426612186327,True,True,True
656,2.4617640096744232e-08,2.460925161816758e-08,2.460925161816758e-08,2.460925161816758e-08,0.0,8.388478576653086e-12,0.00028134825110597136,6.876007101612221e-05,0.9999331291927759,True,True,True
657,3.368107239955431e-08,3.367015215711608e-08,3.367015215711608e-08,3.367015215711608e-08,0.0,1.092024243822979e-11,0.0003206576107196765,7.988191954282474e-05,0.999856477409606,True,True,True
658,3.374899934204224e-08,3.37376485556244e-08,3.37376485556244e-08,3.37376485556244e-08,0.0,1.1350786417835232e-11,0.00032721018276873594,8.025808663806246e-05,0.9999036591444193,True,True,True
659,2.4491206958089194e-08,2.448316567689327e-08,2.448316567689327e-08,2.448316567689327e-08,0.0,8.041281195925362e-12,0.000275293518611491,6.80168403394209e-05,0.9999019469158825,True,True,True
660,1.593316303004197e-08,1.5927003256635848e-08,1.5927003256635848e-08,1.5927003256635848e-08,0.0,6.15977340612291e-12,0.00024208180600730233,5.471867379123807e-05,0.9999408130151942,True,True,True
661,1.5287183769637607e-08,1.5281634536691004e-08,1.5281634536691004e-08,1.5281634536691004e-08,0.0,5.54923294660347e-12,0.00022930509395529473,5.395834830856264e-05,0.9998970544665545,True,True,True
662,1.9463869639649893e-08,1.9456805485553852e-08,1.9456805485553852e-08,1.9456805485553852e-08,0.0,7.06415409604158e-12,0.0002587761961486771,6.0633499546349795e-05,0.9999162171533668,True,True,True
663,2.0745869814674886e-08,2.0738513975025265e-08,2.0738513975025265e-08,2.0738513975025265e-08,0.0,7.355839649622122e-12,0.0002638097455190948,6.295089090212834e-05,0.9999349299082118,True,True,True
664,1.6626471888835897e-08,1.662053770950839e-08,1.662053770950839e-08,1.662053770950839e-08,0.0,5.934179327507271e-12,0.00023707513113368952,5.6010494311482636e-05,0.9999265837581608,True,True,True
665,1.1402969378154342e-08,1.139838820147501e-08,1.139838820147501e-08,1.139838820147501e-08,0.0,4.581176679332087e-12,0.00020891188436509027,4.6557398599449544e-05,0.9999514993880292,True,True,True
666,9.469922889730278e-09,9.466143679503266e-09,9.466143679503266e-09,9.466143679503266e-09,0.0,3.779210227011398e-12,0.00018975673546811254,4.224314872969033e-05,0.9999368885908297,True,True,True
667,1.0524806563203111e-08,1.052040304949241e-08,1.052040304949241e-08,1.052040304949241e-08,0.0,4.403513710701209e-12,0.00020507912784022915,4.44712090155309e-05,0.9999497875216998,True,True,True
668,1.1527281373353988e-08,1.1522810820480776e-08,1.1522810820480776e-08,1.1522810820480776e-08,0.0,4.470552873210932e-12,0.00020618566920701153,4.682946236896323e-05,0.9999363604751031,True,True,True
669,1.0768678651827177e-08,1.0764238421665787e-08,1.0764238421665787e-08,1.0764238421665787e-08,0.0,4.440230161390312e-12,0.0002058945467060599,4.483009313629884e-05,0.9999497245748457,True,True,True
670,9.016847981629402e-09,9.013156652640937e-09,9.013156652640937e-09,9.013156652640937e-09,0.0,3.691328988465369e-12,0.0001876655437395641,4.116957101534388e-05,0.9999586987344575,True,True,True
671,7.78746813382002e-09,7.784061276735903e-09,7.784061276735903e-09,7.784061276735903e-09,0.0,3.40685708411688e-12,0.00018057047287183868,3.8247551137417633e-05,0.9999633238988905,True,True,True
672,7.601710450298697e-09,7.598436014425239e-09,7.598436014425239e-09,7.598436014425239e-09,0.0,3.2744358734587783e-12,0.00017696168411874638,3.780107258325879e-05,0.9999651103713468,True,True,True
673,7.816848213139078e-09,7.813533912448067e-09,7.813533912448067e-09,7.813533912448067e-09,0.0,3.3143006910111577e-12,0.00017782836018562977,3.89882190385957e-05,0.9999693255373788,True,True,True
674,7.506872557162268e-09,7.503577453084114e-09,7.503577453084114e-09,7.503577453084114e-09,0.0,3.295104078153425e-12,0.0001775123287987531,3.795278522029205e-05,0.9999547643847821,True,True,True
675,6.372837353051699e-09,6.369992695774968e-09,6.369992695774968e-09,6.369992695774968e-09,0.0,2.8446572767307997e-12,0.0001649381821516381,3.524157822545766e-05,0.9999629128460094,True,True,True
676,4.949792144220349e-09,4.947264694709231e-09,4.947264694709231e-09,4.947264694709231e-09,0.0,2.527449511118177e-12,0.0001559528504080589,3.087399489511167e-05,0.9999709820849743,True,True,True
677,4.076392053326482e-09,4.074223442650412e-09,4.074223442650412e-09,4.074223442650412e-09,0.0,2.16861067606963e-12,0.0001446619180065731,2.755061232270201e-05,0.9999641076702381,True,True,True
678,4.257497278446757e-09,4.255256941927904e-09,4.255256941927904e-09,4.255256941927904e-09,0.0,2.2403365188528547e-12,0.00014693456057012833,2.8523676105857035e-05,0.9999845755869453,True,True,True
679,5.367057479063068e-09,5.3645033381069775e-09,5.3645033381069775e-09,5.3645033381069775e-09,0.0,2.5541409560906512e-12,0.00015666288167373962,3.15935288720075e-05,0.9999649148618197,True,True,True
680,6.7367262824595894e-09,6.733860185891353e-09,6.733860185891353e-09,6.733860185891353e-09,0.0,2.8660965682361903e-12,0.00016546604682597023,3.5804371662518014e-05,0.9999630359173264,True,True,True
681,7.560110875080195e-09,7.556912194007971e-09,7.556912194007971e-09,7.556912194007971e-09,0.0,3.1986810722237267e-12,0.00017479786005228061,3.784863066717961e-05,0.9999663709775924,True,True,True
682,7.494950027298263e-09,7.491924963944508e-09,7.491924963944508e-09,7.491924963944508e-09,0.0,3.0250633537538845e-12,0.00016984687878750685,3.7452253652895305e-05,0.9999523976432422,True,True,True
683,7.057469836716825e-09,7.054436672785215e-09,7.054436672785215e-09,7.054436672785215e-09,0.0,3.0331639316097977e-12,0.00017030573886033304,3.643617196322937e-05,0.9999674479760812,True,True,True
684,7.332455315103528e-09,7.329529744085116e-09,7.329529744085116e-09,7.329529744085116e-09,0.0,2.925571018412414e-12,0.0001670521106637664,3.673285323664483e-05,0.9999537920518308,True,True,True
685,9.176892172228588e-09,9.173294223620202e-09,9.173294223620202e-09,9.173294223620202e-09,0.0,3.59794860838618e-12,0.00018512250956701615,4.134177712038774e-05,0.9999565413377347,True,True,True
686,1.27330266375625e-08,1.2728555200159111e-08,1.2728555200159111e-08,1.2728555200159111e-08,0.0,4.471437403389209e-12,0.00020580828867565568,4.855226406966065e-05,0.9999509155716132,True,True,True
687,1.7686889363194545e-08,1.768086691944829e-08,1.768086691944829e-08,1.768086691944829e-08,0.0,6.022443746253824e-12,0.00023860716130810874,5.736776128649623e-05,0.9999323205277353,True,True,True
688,2.3898488038897775e-08,2.3890778539546134e-08,2.3890778539546134e-08,2.3890778539546134e-08,0.0,7.709499351639046e-12,0.0002695718808815031,6.652814858688884e-05,0.9999342228700316,True,True,True
689,3.174173924748705e-08,3.173165114965081e-08,3.173165114965081e-08,3.173165114965081e-08,0.0,1.0088097836240012e-11,0.00030822812233622526,7.665769996213724e-05,0.9998948212377426,True,True,True
690,4.192111618781851e-08,4.1908185701465064e-08,4.1908185701465064e-08,4.1908185701465064e-08,0.0,1.293048635344763e-11,0.00034868129379716405,8.78989129080222e-05,0.9998992239679336,True,True,True
691,5.4915453766767226e-08,5.489857640780783e-08,5.489857640780783e-08,5.489857640780783e-08,0.0,1.6877358959396477e-11,0.0003983103351169381,0.00010061046930114799,0.9998566817849102,True,True,True
692,7.036118479958741e-08,7.034001206238506e-08,7.034001206238506e-08,7.034001206238506e-08,0.0,2.1172737202356553e-11,0.00044587137932484023,0.00011369294227228832,0.9998457291607421,True,True,True
693,8.646565888540167e-08,8.643950638804999e-08,8.643950638804999e-08,8.643950638804999e-08,0.0,2.6152497351678847e-11,0.0004956175576160988,0.00012604844346298557,0.9998277603767762,True,True,True
694,9.981672065309704e-08,9.978701107100982e-08,9.978701107100982e-08,9.978701107100982e-08,0.0,2.97095820872253e-11,0.0005280291999121954,0.00013520719253183188,0.999806346961742,True,True,True
695,1.0597314986995769e-07,1.0594126876280153e-07,1.0594126876280153e-07,1.0594126876280153e-07,0.0,3.1881107156151934e-11,0.0005471917573226057,0.00013925606729948216,0.9998230600509347,True,True,True
696,1.013022550845805e-07,1.0127215273939157e-07,1.0127215273939157e-07,1.0127215273939157e-07,0.0,3.0102345188938845e-11,0.0005315432180163396,0.00013596050628848988,0.9998136152575039,True,True,True
697,8.545061638542397e-08,8.542478104495393e-08,8.542478104495393e-08,8.542478104495393e-08,0.0,2.5835340470043108e-11,0.0004927169183374925,0.00012483366166397546,0.9998533950425497,True,True,True
698,6.272080996032946e-08,6.270191166231885e-08,6.270191166231885e-08,6.270191166231885e-08,0.0,1.889829801060175e-11,0.0004213196884091603,0.00010711069164572493,0.9998383807378941,True,True,True
699,4.0437377074905755e-08,4.042474249440499e-08,4.042474249440499e-08,4.042474249440499e-08,0.0,1.2634580500764184e-11,0.0003448244056920061,8.626664620116287e-05,0.9998824693308727,True,True,True
700,2.4864569523144756e-08,2.4856480744511873e-08,2.4856480744511873e-08,2.4856480744511873e-08,0.0,8.088778632884155e-12,0.0002760387748920893,6.848635692541988e-05,0.9999155805672215,True,True,True
701,1.7964239162772506e-08,1.7958188400840278e-08,1.7958188400840278e-08,1.7958188400840278e-08,0.0,6.050761932226596e-12,0.00023897469594079962,5.8298490737482555e-05,0.9999030107564348,True,True,True
702,1.762929819552945e-08,1.7623090453863832e-08,1.7623090453863832e-08,1.7623090453863832e-08,0.0,6.20774166561814e-12,0.00024235656829971032,5.779887938506462e-05,0.9999436872653443,True,True,True
703,2.0283692510410757e-08,2.0277055473226456e-08,2.0277055473226456e-08,2.0277055473226456e-08,0.0,6.637037184301111e-12,0.00025029306382597067,6.102256995259781e-05,0.9998930440972015,True,True,True
704,2.3063872216839296e-08,2.3056068056282864e-08,2.3056068056282864e-08,2.3056068056282864e-08,0.0,7.804160556430976e-12,0.0002717223407121893,6.487353175370264e-05,0.9999467362236933,True,True,True
705,2.4468912719671436e-08,2.446111518753457e-08,2.446111518753457e-08,2.446111518753457e-08,0.0,7.797532136867516e-12,0.0002711721847710269,6.664058504532506e-05,0.9999064405272564,True,True,True
706,2.4169208670587163e-08,2.4161206121579413e-08,2.4161206121579413e-08,2.4161206121579413e-08,0.0,8.002549007750288e-12,0.0002749774706021555,6.64295170744422e-05,0.9999317786168492,True,True,True
707,2.2630550474940222e-08,2.2623190866284843e-08,2.2623190866284843e-08,2.2623190866284843e-08,0.0,7.359608655380443e-12,0.0002634544555196057,6.471349488841217e-05,0.9999234934569559,True,True,True
708,2.058848094345537e-08,2.0581649469938752e-08,2.0581649469938752e-08,2.0581649469938752e-08,0.0,6.831473516618121e-12,0.00025395093260536307,6.183574205140224e-05,0.9999041967136303,True,True,True
709,1.847021830674856e-08,1.8463909993183268e-08,1.8463909993183268e-08,1.8463909993183268e-08,0.0,6.308313565293633e-12,0.00024413404210765007,5.900597543568342e-05,0.9999478730342231,True,True,True
710,1.620034817420713e-08,1.6194887779534537e-08,1.6194887779534537e-08,1.6194887779534537e-08,0.0,5.460394672593854e-12,0.00022712715726598182,5.4929055682876016e-05,0.9999114916677679,True,True,True
711,1.3569076196827261e-08,1.3564114413230607e-08,1.3564114413230607e-08,1.3564114413230607e-08,0.0,4.961783596653878e-12,0.00021695243731940144,5.0492335138216444e-05,0.9999604107285472,True,True,True
712,1.0718612353931936e-08,1.0714814087430057e-08,1.0714814087430057e-08,1.0714814087430057e-08,0.0,3.798266501879392e-12,0.0001897848001675784,4.432149189892249e-05,0.9999352788646853,True,True,True
713,8.224521260866182e-09,8.221146274302013e-09,8.221146274302013e-09,8.221146274302013e-09,0.0,3.374986564169121e-12,0.00017951836314502223,3.90259264518232e-05,0.9999729815490563,True,True,True
714,6.71705914261511e-09,6.714440163510786e-09,6.714440163510786e-09,6.714440163510786e-09,0.0,2.6189791043238945e-12,0.00015804905383292459,3.4789188345752584e-05,0.9999514796044882,True,True,True
715,6.443607692117854e-09,6.440828920868062e-09,6.440828920868062e-09,6.440828920868062e-09,0.0,2.7787712497924425e-12,0.00016310627446753197,3.441011082874548e-05,0.9999828643133466,True,True,True
716,7.112510050265433e-09,7.1097183504680205e-09,7.1097183504680205e-09,7.1097183504680205e-09,0.0,2.7916997974128446e-12,0.0001631514685908476,3.6036041275063884e-05,0.9999653185078292,True,True,True
717,8.064584352207762e-09,8.061419192703949e-09,8.061419192703949e-09,8.061419192703949e-09,0.0,3.1651595038122225e-12,0.00017368140524484427,3.855339816797477e-05,0.9999561808177642,True,True,True
718,8.62481463362581e-09,8.621512567621265e-09,8.621512567621265e-09,8.621512567621265e-09,0.0,3.3020660045447952e-12,0.00017726768093250515,3.996034712386151e-05,0.9999618319470642,True,True,True
719,8.428428703754044e-09,8.425244705873243e-09,8.425244705873243e-09,8.425244705873243e-09,0.0,3.183997880800179e-12,0.0001740304302977484,3.9413045281763355e-05,0.9999491060430844,True,True,True
720,7.548744433365236e-09,7.545736862013541e-09,7.545736862013541e-09,7.545736862013541e-09,0.0,3.007571351695402e-12,0.0001693120017933872,3.753877416312441e-05,0.9999680335186062,True,True,True
721,6.369817888591078e-09,6.367304322052112e-09,6.367304322052112e-09,6.367304322052112e-09,0.0,2.513566538966251e-12,0.00015480551921908262,3.4218658783955105e-05,0.9999589922720122,True,True,True
722,5.321240821764424e-09,5.318908909356883e-09,5.318908909356883e-09,5.318908909356883e-09,0.0,2.331912407541201e-12,0.0001493832082993136,3.168250548198323e-05,0.9999775187799096,True,True,True
723,4.651691479345721e-09,4.649714967362891e-09,4.649714967362891e-09,4.649714967362891e-09,0.0,1.976511982830322e-12,0.00013752169665756425,2.9204499254876885e-05,0.9999689658700605,True,True,True
724,4.363009202932348e-09,4.360992208695108e-09,4.360992208695108e-09,4.360992208695108e-09,0.0,2.016994237240513e-12,0.00013907318258144272,2.878527851304955e-05,0.9999795027654295,True,True,True
725,4.295611310360586e-09,4.2937543441698595e-09,4.2937543441698595e-09,4.2937543441698595e-09,0.0,1.8569661907264743e-12,0.00013334302715972815,2.8094465916702167e-05,0.9999662689510248,True,True,True
726,4.26958847341658e-09,4.2676315005355305e-09,4.2676315005355305e-09,4.2676315005355305e-09,0.0,1.956972881049317e-12,0.00013697011073349874,2.8441476335560762e-05,0.999978379512306,True,True,True
727,4.188324756013318e-09,4.186517738507872e-09,4.186517738507872e-09,4.186517738507872e-09,0.0,1.8070175054461706e-12,0.00013153171540589552,2.7741357155773866e-05,0.9999684130903298,True,True,True
728,4.0646262177213846e-09,4.0627600700262215e-09,4.0627600700262215e-09,4.0627600700262215e-09,0.0,1.8661476951627843e-12,0.00013378961523615175,2.7601010970439352e-05,0.9999820143053872,True,True,True
729,3.984952549307079e-09,3.983232366770945e-09,3.983232366770945e-09,3.983232366770945e-09,0.0,1.7201825361336312e-12,0.00012835681248122213,2.695095640226308e-05,0.9999669914100365,True,True,True
730,4.0501293151730175e-09,4.048295716373684e-09,4.048295716373684e-09,4.048295716373684e-09,0.0,1.8335987993334337e-12,0.00013262668708011101,2.731574394902414e-05,0.999982063516495,True,True,True
731,4.328757829704401e-09,4.326969733692894e-09,4.326969733692894e-09,4.326969733692894e-09,0.0,1.7880960115061752e-12,0.00013075239678663205,2.801376178975056e-05,0.9999654234731611,True,True,True
732,4.8409606343209305e-09,4.838922631910823e-09,4.838922631910823e-09,4.838922631910823e-09,0.0,2.0380024101077e-12,0.00013962222417430024,2.9760017098423402e-05,0.999980613843858,True,True,True
733,5.574419317487651e-09,5.572301236195839e-09,5.572301236195839e-09,5.572301236195839e-09,0.0,2.1180812918115793e-12,0.0001419944501395811,3.191220844244109e-05,0.9999562315519405,True,True,True
734,6.524284753066762e-09,6.521790676010993e-09,6.521790676010993e-09,6.521790676010993e-09,0.0,2.4940770557689762e-12,0.00015406931162883445,3.469031236392734e-05,0.9999754598196369,True,True,True
735,7.741111157563506e-09,7.738397979581987e-09,7.738397979581987e-09,7.738397979581987e-09,0.0,2.713177981519481e-12,0.00016030909829200163,3.7851985681073235e-05,0.9999507360974115,True,True,True
736,9.375867888173288e-09,9.372596397224904e-09,9.372596397224904e-09,9.372596397224904e-09,0.0,3.2714909483828873e-12,0.00017596901157844097,4.1830807402384335e-05,0.9999621418369278,True,True,True
737,1.1716222357300633e-08,1.1712398197760232e-08,1.1712398197760232e-08,1.1712398197760232e-08,0.0,3.824159540400186e-12,0.00018986737630890402,4.681853070713446e-05,0.9999363139171112,True,True,True
738,1.5219405630547825e-08,1.521451017036748e-08,1.521451017036748e-08,1.521451017036748e-08,0.0,4.895460180347098e-12,0.00021468567209136425,5.352255601286432e-05,0.9999409745840131,True,True,True
739,2.0546786144832473e-08,2.0540462398125747e-08,2.0540462398125747e-08,2.0540462398125747e-08,0.0,6.323746706725753e-12,0.00024365754352820445,6.21970139882829e-05,0.999908628097473,True,True,True
740,2.8593250527837234e-08,2.8584575604917802e-08,2.8584575604917802e-08,2.8584575604917802e-08,0.0,8.674922919432897e-12,0.0002852108154443115,7.351203947599228e-05,0.9999120168468306,True,True,True
741,4.0458539169473234e-08,4.044654141443409e-08,4.044654141443409e-08,4.044654141443409e-08,0.0,1.1997755039144151e-11,0.00033516841018700475,8.740530421065566e-05,0.9998647681574279,True,True,True
742,5.722042113487349e-08,5.720359168127822e-08,5.720359168127822e-08,5.720359168127822e-08,0.0,1.6829453595271173e-11,0.0003968222477443666,0.00010405113957963275,0.9998628771985643,True,True,True
743,7.926384457859746e-08,7.924074763557948e-08,7.924074763557948e-08,7.924074763557948e-08,0.0,2.3096943017985452e-11,0.0004647513474721602,0.00012237489612933653,0.9998074864222841,True,True,True
744,1.0496049340288007e-07,1.0493000456721016e-07,1.0493000456721016e-07,1.0493000456721016e-07,0.0,3.048883566990835e-11,0.0005339016335634489,0.00014084531365070037,0.9998025437267971,True,True,True
745,1.2916378603529716e-07,1.2912633521646833e-07,1.2912633521646833e-07,1.2912633521646833e-07,0.0,3.7450818828815494e-11,0.0005917325146176045,0.0001560795291909911,0.9997632064287546,True,True,True
746,1.4341153349483174e-07,1.4336993431651172e-07,1.4336993431651172e-07,1.4336993431651172e-07,0.0,4.159917832001724e-11,0.0006236782164768749,0.00016436929607562586,0.9997570300365938,True,True,True
747,1.4032978282288694e-07,1.4028889214152203e-07,1.4028889214152203e-07,1.4028889214152203e-07,0.0,4.089068136492292e-11,0.0006185044532602488,0.00016235471950784127,0.9997457147742829,True,True,True
748,1.2024067313620774e-07,1.202054129607465e-07,1.202054129607465e-07,1.202054129607465e-07,0.0,3.52601754612483e-11,0.00057453982450987,0.00015001914766005932,0.99977963850288,True,True,True
749,9.271850101746786e-08,9.269088686479068e-08,9.269088686479068e-08,9.269088686479068e-08,0.0,2.7614152677175992e-11,0.0005088373102056136,0.0001312483086156774,0.9997992497569071,True,True,True
750,6.94854117250132e-08,6.946436339576204e-08,6.946436339576204e-08,6.946436339576204e-08,0.0,2.1048329251163573e-11,0.00044465905550390467,0.00011296732655954638,0.9998325852806749,True,True,True
751,5.6715323449434956e-08,5.669795209053042e-08,5.669795209053042e-08,5.669795209053042e-08,0.0,1.7371358904539806e-11,0.00040425443629342185,0.00010144919803766725,0.9998593999680788,True,True,True
752,5.338123031650544e-08,5.33647232586385e-08,5.33647232586385e-08,5.33647232586385e-08,0.0,1.6507057866939266e-11,0.00039423330959635747,9.823785560615247e-05,0.9998546225261102,True,True,True
753,5.4513518458960534e-08,5.449696240541276e-08,5.449696240541276e-08,5.449696240541276e-08,0.0,1.6556053547770577e-11,0.0003945253795365962,9.955029070379664e-05,0.9998712514523983,True,True,True
754,5.537827418971387e-08,5.536113105705137e-08,5.536113105705137e-08,5.536113105705137e-08,0.0,1.7143132662499002e-11,0.00040156301028858836,0.00010088843042171445,0.9998856221265314,True,True,True
755,5.423098310273392e-08,5.4214534292149925e-08,5.4214534292149925e-08,5.4214534292149925e-08,0.0,1.64488105839984e-11,0.0003930509870222437,9.999513708588036e-05,0.9998632759955631,True,True,True
756,5.2221230757759025e-08,5.220479350646748e-08,5.220479350646748e-08,5.220479350646748e-08,0.0,1.6437251291545477e-11,0.00039328083119883066,9.850228792780204e-05,0.9998853301889659,True,True,True
757,5.153322541564702e-08,5.151732856580656e-08,5.151732856580656e-08,5.151732856580656e-08,0.0,1.589684984045667e-11,0.0003866770222796795,9.720791554954231e-05,0.9998488655738849,True,True,True
758,5.409673335855236e-08,5.407965578448928e-08,5.407965578448928e-08,5.407965578448928e-08,0.0,1.7077574063073277e-11,0.0004010787539046755,9.95568872404392e-05,0.9998531667655602,True,True,True
759,6.147006514381351e-08,6.145109577150131e-08,6.145109577150131e-08,6.145109577150131e-08,0.0,1.8969372312197647e-11,0.0004226005507810005,0.00010536838995434773,0.9998600683178352,True,True,True
760,7.450759714580162e-08,7.448475735400794e-08,7.448475735400794e-08,7.448475735400794e-08,0.0,2.2839791793678677e-11,0.0004636224885804836,0.00011598321438564321,0.9997839767743771,True,True,True
761,9.156119869566517e-08,9.153328667662123e-08,9.153328667662123e-08,9.153328667662123e-08,0.0,2.7912019043942664e-11,0.0005124095517608843,0.0001286726144276093,0.9998393987847202,True,True,True
762,1.0677403368851608e-07,1.0674184186908793e-07,1.0674184186908793e-07,1.0674184186908793e-07,0.0,3.219181942814221e-11,0.0005501217626472953,0.00013886770878521353,0.9997362544022623,True,True,True
763,1.1163221428654473e-07,1.1159827077675724e-07,1.1159827077675724e-07,1.1159827077675724e-07,0.0,3.394350978750039e-11,0.0005649216207445243,0.00014247336695110343,0.9998312274955907,True,True,True
764,1.0114766205687046e-07,1.0111708555840018e-07,1.0111708555840018e-07,1.0111708555840018e-07,0.0,3.057649847027401e-11,0.0005361374146446419,0.00013535751667676004,0.9997704413289566,True,True,True
765,8.028429674666111e-08,8.025976276408937e-08,8.025976276408937e-08,8.025976276408937e-08,0.0,2.453398257174788e-11,0.00048029329267670396,0.00012107096566579778,0.9998472075184359,True,True,True
766,6.226215768118127e-08,6.224285601525164e-08,6.224285601525164e-08,6.224285601525164e-08,0.0,1.9301665929626665e-11,0.0004262220170450217,0.00010654319068969105,0.9998790502324312,True,True,True
767,5.8125683614574796e-08,5.810791211934485e-08,5.810791211934485e-08,5.810791211934485e-08,0.0,1.7771495229944353e-11,0.0004087839238337172,0.0001030080381065147,0.999838232161972,True,True,True
768,6.775484931690443e-08,6.773341724594759e-08,6.773341724594759e-08,6.773341724594759e-08,0.0,2.143207095684399e-11,0.0004493200455505349,0.0001114998037437967,0.9999008866044364,True,True,True
769,8.05695134466321e-08,8.054508206397608e-08,8.054508206397608e-08,8.054508206397608e-08,0.0,2.44313826560135e-11,0.0004792100878275415,0.00012112604296539603,0.9997492885536949,True,True,True
770,8.372343759836657e-08,8.369688904509218e-08,8.369688904509218e-08,8.369688904509218e-08,0.0,2.6548553274398243e-11,0.0005000934661979052,0.00012406473233819124,0.9999033527517392,True,True,True
771,7.145410898362389e-08,7.143229333981313e-08,7.143229333981313e-08,7.143229333981313e-08,0.0,2.1815643810751627e-11,0.00045289704515848504,0.0001141959044547107,0.9997653085976823,True,True,True
772,4.9231395573623665e-08,4.921520532238152e-08,4.921520532238152e-08,4.921520532238152e-08,0.0,1.6190251242150068e-11,0.00039092420714554395,9.529310934757292e-05,0.9999199295218091,True,True,True
773,2.902122402457007e-08,2.9011796432265417e-08,2.9011796432265417e-08,2.9011796432265417e-08,0.0,9.42759230465399e-12,0.0002982704591829966,7.287424939787901e-05,0.9998862584670305,True,True,True
774,1.954460484786563e-08,1.9537567137613807e-08,1.9537567137613807e-08,1.9537567137613807e-08,0.0,7.037710251824811e-12,0.0002584759189411503,5.972689382326856e-05,0.9999242412280553,True,True,True
775,2.0604856436101152e-08,2.0597533867338597e-08,2.0597533867338597e-08,2.0597533867338597e-08,0.0,7.322568762556e-12,0.0002635530973643958,6.136328295644971e-05,0.9999217110649626,True,True,True
776,2.5304357901797738e-08,2.5295784085434216e-08,2.5295784085434216e-08,2.5295784085434216e-08,0.0,8.573816363522458e-12,0.00028489261918188336,6.763400898150996e-05,0.9998779867418589,True,True,True
777,2.6488812668972943e-08,2.6479463813084337e-08,2.6479463813084337e-08,2.6479463813084337e-08,0.0,9.348855888605344e-12,0.00029768726017785727,6.979150388015826e-05,0.9999347997176127,True,True,True
778,2.195129719084557e-08,2.1943743122821923e-08,2.1943743122821923e-08,2.1943743122821923e-08,0.0,7.554068023645632e-12,0.00026748438141179664,6.31884952915069e-05,0.9998963895147454,True,True,True
779,1.5072584800906734e-08,1.5066685295598042e-08,1.5066685295598042e-08,1.5066685295598042e-08,0.0,5.899505308690944e-12,0.0002370581944967014,5.290052465593827e-05,0.9999701134210108,True,True,True
780,1.0985217595794692e-08,1.098083522518595e-08,1.098083522518595e-08,1.098083522518595e-08,0.0,4.3823706087417614e-12,0.00020449569763128988,4.477963530121346e-05,0.999953111875113,True,True,True
781,1.2025149710557314e-08,1.2020357977562045e-08,1.2020357977562045e-08,1.2020357977562045e-08,0.0,4.791732995269509e-12,0.00021381745613469934,4.6898031992621975e-05,0.9999670896554953,True,True,True
782,1.6400735437522965e-08,1.6394592829349286e-08,1.6394592829349286e-08,1.6394592829349286e-08,0.0,6.142608173677752e-12,0.00024174818011653482,5.462507800562796e-05,0.9999525781650025,True,True,True
783,2.0356665028827563e-08,2.0349520013049786e-08,2.0349520013049786e-08,2.0349520013049786e-08,0.0,7.145015777775156e-12,0.00026028111547745,6.085966401128032e-05,0.999920675033558,True,True,True
784,2.1268305547015598e-08,2.126067719922741e-08,2.126067719922741e-08,2.126067719922741e-08,0.0,7.628347788186626e-12,0.00026906102824282005,6.236698616080987e-05,0.9999434358048224,True,True,True
785,1.9216418335308827e-08,1.9209610980133305e-08,1.9209610980133305e-08,1.9209610980133305e-08,0.0,6.8073551755219665e-12,0.00025402855284846075,5.952349194172356e-05,0.9999280431882402,True,True,True
786,1.6285293979230548e-08,1.627929157666094e-08,1.627929157666094e-08,1.627929157666094e-08,0.0,6.002402569607284e-12,0.0002387893033158464,5.480596972963383e-05,0.999940701228172,True,True,True
787,1.4570936200469051e-08,1.4565430789827657e-08,1.4565430789827657e-08,1.4565430789827657e-08,0.0,5.505410641393335e-12,0.00022872695376386338,5.232673347187704e-05,0.999943248922715,True,True,True
788,1.4686291188441668e-08,1.4680970285586023e-08,1.4680970285586023e-08,1.4680970285586023e-08,0.0,5.3209028556453454e-12,0.00022474603447774215,5.194466809002635e-05,0.9999305506708741,True,True,True
789,1.57273070348471e-08,1.5721380495563016e-08,1.5721380495563016e-08,1.5721380495563016e-08,0.0,5.926539284081573e-12,0.0002372910910054317,5.439054118380939e-05,0.9999537961188215,True,True,True
790,1.6323017949323408e-08,1.631733872210165e-08,1.631733872210165e-08,1.631733872210165e-08,0.0,5.679227221757472e-12,0.0002319567597810298,5.4665654751958854e-05,0.99991285332612,True,True,True
791,1.5760724009333442e-08,1.575479006435832e-08,1.575479006435832e-08,1.575479006435832e-08,0.0,5.933944975121853e-12,0.00023743508739065472,5.444289693808274e-05,0.9999412261727401,True,True,True
792,1.4425819224798365e-08,1.4420707356501296e-08,1.4420707356501296e-08,1.4420707356501296e-08,0.0,5.111868297068369e-12,0.00022013464658340667,5.156956800558184e-05,0.9999349738645982,True,True,True
793,1.3412249919172923e-08,1.3407105574252468e-08,1.3407105574252468e-08,1.3407105574252468e-08,0.0,5.1443449204555516e-12,0.00022120231336045064,5.0129689491762344e-05,0.9999452053142165,True,True,True
794,1.3760471229245407e-08,1.3755468956770395e-08,1.3755468956770395e-08,1.3755468956770395e-08,0.0,5.0022724750129615e-12,0.00021790657601415843,5.039294474343993e-05,0.9999478511210379,True,True,True
795,1.595961173548154e-08,1.5953852299276703e-08,1.5953852299276703e-08,1.5953852299276703e-08,0.0,5.759436204839622e-12,0.00023378929260578076,5.4193437898742394e-05,0.9999390805170387,True,True,True
796,2.0000566833346806e-08,1.999362307748181e-08,1.999362307748181e-08,1.999362307748181e-08,0.0,6.943755864996695e-12,0.0002564849021715204,6.044049642443846e-05,0.999941496728211,True,True,True
797,2.5775367129874293e-08,2.5766846063594597e-08,2.5766846063594597e-08,2.5766846063594597e-08,0.0,8.521066279696585e-12,0.0002837315349908035,6.860815438946198e-05,0.9999224767146719,True,True,True
798,3.3400209667839857e-08,3.338927565923024e-08,3.338927565923024e-08,3.338927565923024e-08,0.0,1.0934008609616198e-11,0.00032136016821349606,7.789562492178564e-05,0.9999220879804182,True,True,True
799,4.319110014825378e-08,4.3177535617586676e-08,4.3177535617586676e-08,4.3177535617586676e-08,0.0,1.3564530667105833e-11,0.0003574126301781616,8.889048576865253e-05,0.9998937015353436,True,True,True
800,5.528843051774077e-08,5.5271075333478565e-08,5.5271075333478565e-08,5.5271075333478565e-08,0.0,1.7355184262209592e-11,0.000404360855599012,0.00010022046238833134,0.9998974033120603,True,True,True
801,6.917089537394099e-08,6.914969867156864e-08,6.914969867156864e-08,6.914969867156864e-08,0.0,2.1196702372351512e-11,0.0004463946965603759,0.0001126889462471143,0.9998574549678508,True,True,True
802,8.332614159258914e-08,8.330060878906377e-08,8.330060878906377e-08,8.330060878906377e-08,0.0,2.5532803525378222e-11,0.0004900345231100155,0.00012326476144511848,0.9998480545718222,True,True,True
803,9.54366102934104e-08,9.540764754335752e-08,9.540764754335752e-08,9.540764754335752e-08,0.0,2.8962750052881402e-11,0.000521554334713147,0.00013269731146764332,0.9998309481667896,True,True,True
804,1.030958889075508e-07,1.0306465959815946e-07,1.0306465959815946e-07,1.0306465959815946e-07,0.0,3.122930939133805e-11,0.0005416317615844159,0.00013757953611036422,0.999806724985002,True,True,True
805,1.0496896469074447e-07,1.0493712673209709e-07,1.0493712673209709e-07,1.0493712673209709e-07,0.0,3.1837958647382697e-11,0.0005467059750783736,0.00013961433768575388,0.9998364853520092,True,True,True
806,1.0160918735382743e-07,1.0157853787352127e-07,1.0157853787352127e-07,1.0157853787352127e-07,0.0,3.064948030615969e-11,0.0005363678511597284,0.00013712888573853542,0.9997849593556917,True,True,True
807,9.565882076291138e-08,9.562962644384088e-08,9.562962644384088e-08,9.562962644384088e-08,0.0,2.9194319070501686e-11,0.0005235567679243676,0.00013353464518845538,0.9998351240050307,True,True,True
808,9.081051444080396e-08,9.078313871584467e-08,9.078313871584467e-08,9.078313871584467e-08,0.0,2.7375724959286963e-11,0.0005068243711106957,0.0001299473217927839,0.9997930272194382,True,True,True
809,8.97334911465323e-08,8.970587870684496e-08,8.970587870684496e-08,8.970587870684496e-08,0.0,2.7612439687336115e-11,0.0005093497824023643,0.00012917893032544169,0.9998209182956305,True,True,True
810,9.169774543618948e-08,9.167006265494338e-08,9.167006265494338e-08,9.167006265494338e-08,0.0,2.76827812461047e-11,0.0005096657719071362,0.0001306469035505625,0.9997734172272195,True,True,True
811,9.212883837535075e-08,9.210028328487831e-08,9.210028328487831e-08,9.210028328487831e-08,0.0,2.855509047244746e-11,0.0005181445875589549,0.00013067934461051986,0.9998223263163941,True,True,True
812,8.534667271681785e-08,8.53207553313921e-08,8.53207553313921e-08,8.53207553313921e-08,0.0,2.5917385425751382e-11,0.0004932570240768875,0.0001259815957047959,0.9997764460330124,True,True,True
813,6.912675264366381e-08,6.910486015924175e-08,6.910486015924175e-08,6.910486015924175e-08,0.0,2.1892484422070062e-11,0.00045404933164928403,0.00011297808924538901,0.9998487533483505,True,True,True
814,4.725484237195578e-08,4.7240083304039705e-08,4.7240083304039705e-08,4.7240083304039705e-08,0.0,1.4759067916074666e-11,0.000372641433643643,9.342933743079322e-05,0.999838949199516,True,True,True
815,2.735584580668914e-08,2.734627848717682e-08,2.734627848717682e-08,2.734627848717682e-08,0.0,9.567319512317283e-12,0.0003010861494256375,7.085425708604612e-05,0.9999234679513899,True,True,True
816,1.5744640898992867e-08,1.5738997389245794e-08,1.5738997389245794e-08,1.5738997389245794e-08,0.0,5.643509747074222e-12,0.000231486582588495,5.337658243314281e-05,0.9999157325948952,True,True,True
817,1.4008568728688074e-08,1.4002955746839033e-08,1.4002955746839033e-08,1.4002955746839033e-08,0.0,5.612981849040286e-12,0.00023133789200691348,5.111358148477262e-05,0.9999637982913194,True,True,True
818,1.9581013318749307e-08,1.9574059934596847e-08,1.9574059934596847e-08,1.9574059934596847e-08,0.0,6.953384152458871e-12,0.00025685428984062236,5.96633498477774e-05,0.9999201063816188,True,True,True
819,2.832855209795347e-08,2.8318821591493456e-08,2.8318821591493456e-08,2.8318821591493456e-08,0.0,9.730506460012039e-12,0.0003033831081955781,7.25517350702968e-05,0.999907880125087,True,True,True
820,3.649018720080572e-08,3.6478194380787665e-08,3.6478194380787665e-08,3.6478194380787665e-08,0.0,1.1992820018056215e-11,0.0003365520558563207,8.161442200644561e-05,0.999898794628533,True,True,True
821,4.1414540852793184e-08,4.140104298120946e-08,4.140104298120946e-08,4.140104298120946e-08,0.0,1.3497871583724806e-11,0.00035688476805494226,8.724665132610023e-05,0.9998744755342466,True,True,True
822,4.1779550854014904e-08,4.1765940747250096e-08,4.1765940747250096e-08,4.1765940747250096e-08,0.0,1.3610106764806805e-11,0.00035842217957603336,8.737624869513303e-05,0.9998987726928756,True,True,True
823,3.7699389051927435e-08,3.768696020300661e-08,3.768696020300661e-08,3.768696020300661e-08,0.0,1.2428848920822203e-11,0.00034265290368059367,8.293055412500157e-05,0.9998677931981562,True,True,True
824,3.0613111936469525e-08,3.06027494447142e-08,3.06027494447142e-08,3.06027494447142e-08,0.0,1.036249175531921e-11,0.00031307655248190915,7.488651306633567e-05,0.9999247039926495,True,True,True
825,2.2753958358343598e-08,2.27458892839154e-08,2.27458892839154e-08,2.27458892839154e-08,0.0,8.069074428197223e-12,0.0002767404421097933,6.407395713430188e-05,0.99990743789515,True,True,True
826,1.628320141311123e-08,1.6277116853992284e-08,1.6277116853992284e-08,1.6277116853992284e-08,0.0,6.084559118943936e-12,0.00024053263025733109,5.467764598928368e-05,0.9999457549323854,True,True,True
827,1.2460818388781128e-08,1.2455766005813876e-08,1.2455766005813876e-08,1.2455766005813876e-08,0.0,5.052382967252723e-12,0.00021977680221987224,4.7137955816246185e-05,0.9999584263249283,True,True,True
828,1.1324895200328206e-08,1.1320367123752615e-08,1.1320367123752615e-08,1.1320367123752615e-08,0.0,4.528076575591091e-12,0.00020783938227327217,4.5645995795639456e-05,0.9999513410377484,True,True,True
829,1.2003398881793491e-08,1.199846822333623e-08,1.199846822333623e-08,1.199846822333623e-08,0.0,4.930658457261175e-12,0.00021708204536099586,4.671156339171567e-05,0.9999514973539209,True,True,True
830,1.3351045683937184e-08,1.3345990458989025e-08,1.3345990458989025e-08,1.3345990458989025e-08,0.0,5.05522494815889e-12,0.0002192983016797807,4.9603471269184293e-05,0.9999307754524861,True,True,True
831,1.4450152241032762e-08,1.4444498992284083e-08,1.4444498992284083e-08,1.4444498992284083e-08,0.0,5.653248748678429e-12,0.00023206047088733308,5.177282432254916e-05,0.9999488621608074,True,True,True
832,1.4773463562568912e-08,1.476802345230549e-08,1.476802345230549e-08,1.476802345230549e-08,0.0,5.440110263422514e-12,0.00022732755833991848,5.218509225282726e-05,0.9999237351549396,True,True,True
833,1.4138854931199789e-08,1.4133323546221439e-08,1.4133323546221439e-08,1.4133323546221439e-08,0.0,5.531384978349343e-12,0.00022949008628817802,5.146017954630578e-05,0.9999547383260957,True,True,True
834,1.2655425953915148e-08,1.2650624418109134e-08,1.2650624418109134e-08,1.2650624418109134e-08,0.0,4.801535806014036e-12,0.00021375122287354802,4.82262664966214e-05,0.9999281311270525,True,True,True
835,1.0697619708122148e-08,1.0693180303480685e-08,1.0693180303480685e-08,1.0693180303480685e-08,0.0,4.439404641463473e-12,0.00020587104824338408,4.4845935265138124e-05,0.9999664573940942,True,True,True
836,8.808421159069332e-09,8.804759708899583e-09,8.804759708899583e-09,8.804759708899583e-09,0.0,3.6614501697494505e-12,0.0001870939970483573,4.0129016508802905e-05,0.999948518740457,True,True,True
837,7.490535270188535e-09,7.487149307943213e-09,7.487149307943213e-09,7.487149307943213e-09,0.0,3.3859622453224115e-12,0.0001801429770733824,3.752506181691027e-05,0.9999731181622901,True,True,True
838,6.980969952323619e-09,6.977837713516637e-09,6.977837713516637e-09,6.977837713516637e-09,0.0,3.1322388069820564e-12,0.0001733120377016705,3.5851438709141145e-05,0.9999605200768764,True,True,True
839,7.157662246964482e-09,7.154477083443382e-09,7.154477083443382e-09,7.154477083443382e-09,0.0,3.1851635211003533e-12,0.00017466104818991278,3.6676333734501e-05,0.9999617163862726,True,True,True
840,7.640980890283175e-09,7.63763789524228e-09,7.63763789524228e-09,7.63763789524228e-09,0.0,3.3429950408951723e-12,0.00017888647548254945,3.780977781451462e-05,0.9999660318254036,True,True,True
841,8.018438298899246e-09,8.015087263577329e-09,8.015087263577329e-09,8.015087263577329e-09,0.0,3.3510353219165017e-12,0.00017890222738528743,3.878590279660818e-05,0.9999482183660118,True,True,True
842,8.047500827406914e-09,8.044042066020826e-09,8.044042066020826e-09,8.044042066020826e-09,0.0,3.458761386088497e-12,0.000181860995509713,3.891262228507771e-05,0.9999652288048642,True,True,True
843,7.732172740876758e-09,7.728982656787569e-09,7.728982656787569e-09,7.728982656787569e-09,0.0,3.19008408918941e-12,0.00017451883879573691,3.8000207858401154e-05,0.9999510064337468,True,True,True
844,7.2681901045845505e-09,7.264994349782299e-09,7.264994349782299e-09,7.264994349782299e-09,0.0,3.1957548022513412e-12,0.00017490686906926863,3.6947735720868306e-05,0.9999656864457944,True,True,True
845,6.930000440904091e-09,6.927106858898571e-09,6.927106858898571e-09,6.927106858898571e-09,0.0,2.8935820055204534e-12,0.00016627188095677444,3.590935335397673e-05,0.9999586564456386,True,True,True
846,6.984891844908988e-09,6.9818364149799e-09,6.9818364149799e-09,6.9818364149799e-09,0.0,3.055429929088303e-12,0.00017101946956102291,3.614748016043964e-05,0.9999692425520967,True,True,True
847,7.674708825007505e-09,7.67164440027392e-09,7.67164440027392e-09,7.67164440027392e-09,0.0,3.0644247335851233e-12,0.0001709143968351611,3.7848596939969895e-05,0.9999648798448616,True,True,True
848,9.251162404661573e-09,9.247521422047671e-09,9.247521422047671e-09,9.247521422047671e-09,0.0,3.640982613901595e-12,0.00018622733504596723,4.1583720621091836e-05,0.9999532570466291,True,True,True
849,1.2023046356193189e-08,1.2018758558779951e-08,1.2018758558779951e-08,1.2018758558779951e-08,0.0,4.287797413238128e-12,0.00020154623122485872,4.750884982229161e-05,0.9999538358477251,True,True,True
850,1.6385247284039727e-08,1.6379620602411218e-08,1.6379620602411218e-08,1.6379620602411218e-08,0.0,5.6266816285089435e-12,0.00023064346490328825,5.5411265844547014e-05,0.9999225569394611,True,True,True
851,2.2813331637655826e-08,2.2805960021780698e-08,2.2805960021780698e-08,2.2805960021780698e-08,0.0,7.37161587512854e-12,0.00026348441706528706,6.551427871121895e-05,0.9999261311861926,True,True,True
852,3.179921501263818e-08,3.178921054447503e-08,3.178921054447503e-08,3.178921054447503e-08,0.0,1.0004468163148501e-11,0.00030671491438525835,7.726993545440974e-05,0.9998819933245601,True,True,True
853,4.366997748353073e-08,4.3656625605785485e-08,4.3656625605785485e-08,4.3656625605785485e-08,0.0,1.3351877745247369e-11,0.0003539876558923926,9.061742066668335e-05,0.9998855104320757,True,True,True
854,5.8209465463441115e-08,5.8191895016183966e-08,5.8191895016183966e-08,5.8191895016183966e-08,0.0,1.7570447257148597e-11,0.00040592144500605534,0.00010455741511572478,0.9998354782852351,True,True,True
855,7.409077701429213e-08,7.406869096512804e-08,7.406869096512804e-08,7.406869096512804e-08,0.0,2.2086049164082e-11,0.0004549208074093453,0.00011793027866858172,0.9998394820526696,True,True,True
856,8.844520248900945e-08,8.841891124619835e-08,8.841891124619835e-08,8.841891124619835e-08,0.0,2.629124281109478e-11,0.0004962991012366914,0.00012883955224464303,0.9998018543127807,True,True,True
857,9.7268380998489e-08,9.723961249725436e-08,9.723961249725436e-08,9.723961249725436e-08,0.0,2.8768501234648617e-11,0.0005190978944511154,0.0001349903267753092,0.9998090212498634,True,True,True
858,9.734789645481498e-08,9.731892597264458e-08,9.731892597264458e-08,9.731892597264458e-08,0.0,2.8970482170392106e-11,0.000521004016749944,0.00013512822145778818,0.9998088137083013,True,True,True
859,8.883572112021632e-08,8.880927184397793e-08,8.880927184397793e-08,8.880927184397793e-08,0.0,2.6449276238404482e-11,0.000497896790170704,0.00012880818577153678,0.9998163548806194,True,True,True
860,7.638233696772834e-08,7.635916925617009e-08,7.635916925617009e-08,7.635916925617009e-08,0.0,2.3167711558258456e-11,0.0004662685762746319,0.00011946016223583612,0.9998331106990587,True,True,True
861,6.716582746768603e-08,6.714536860385145e-08,6.714536860385145e-08,6.714536860385145e-08,0.0,2.0458863834575128e-11,0.0004384265943909395,0.00011122391683677505,0.9998244333064114,True,True,True
862,6.743182492436396e-08,6.741093173765355e-08,6.741093173765355e-08,6.741093173765355e-08,0.0,2.0893186710412013e-11,0.0004433701435547264,0.00011115207109353146,0.9998315721173081,True,True,True
863,7.974541991216593e-08,7.972092999873289e-08,7.972092999873289e-08,7.972092999873289e-08,0.0,2.448991343304195e-11,0.00048013735695754073,0.00011986347560556799,0.9997925312913647,True,True,True
864,1.020714768721216e-07,1.0204021436360159e-07,1.0204021436360159e-07,1.0204021436360159e-07,0.0,3.1262508520011736e-11,0.000542417199653122,0.00013567854185751973,0.9997849708706058,True,True,True
865,1.2835331698480565e-07,1.2831429865754685e-07,1.2831429865754685e-07,1.2831429865754685e-07,0.0,3.901832725880929e-11,0.0006059518406943764,0.00015167610011860837,0.9997572711011283,True,True,True
866,1.5002400784655254e-07,1.4997860636826771e-07,1.4997860636826771e-07,1.4997860636826771e-07,0.0,4.540147828483678e-11,0.0006535022658043647,0.00016416324630357806,0.9997363969411862,True,True,True
867,1.585420219761888e-07,1.584940729366306e-07,1.584940729366306e-07,1.584940729366306e-07,0.0,4.7949039558203314e-11,0.0006716182343983016,0.00016858037491280283,0.9997476954075539,True,True,True
868,1.4929730518145924e-07,1.492521738039596e-07,1.492521738039596e-07,1.492521738039596e-07,0.0,4.513137749963254e-11,0.0006515446797555373,0.0001637171502273959,0.9997572585280269,True,True,True
869,1.2592544000983e-07,1.258872110070357e-07,1.258872110070357e-07,1.258872110070357e-07,0.0,3.822900279427886e-11,0.000599706289130838,0.00015047390046020754,0.9997697350793966,True,True,True
870,9.978827763521499e-08,9.975769045288346e-08,9.975769045288346e-08,9.975769045288346e-08,0.0,3.0587182331517746e-11,0.0005365826915907901,0.0001339807389155639,0.9998190960802011,True,True,True
871,8.276850915903749e-08,8.274309062073414e-08,8.274309062073414e-08,8.274309062073414e-08,0.0,2.5418538303348974e-11,0.0004891491364361956,0.000122141333532977,0.9998228660088184,True,True,True
872,7.921090506392803e-08,7.918628782784617e-08,7.918628782784617e-08,7.918628782784617e-08,0.0,2.4617236081861676e-11,0.0004816348552534124,0.00011916470544436047,0.9998552739920483,True,True,True
873,8.421969278747105e-08,8.419374558460489e-08,8.419374558460489e-08,8.419374558460489e-08,0.0,2.594720286616549e-11,0.0004943489437150368,0.00012284604393093956,0.9998253144659672,True,True,True
874,8.774269611627012e-08,8.771545515652265e-08,8.771545515652265e-08,8.771545515652265e-08,0.0,2.724095974747774e-11,0.0005066855534383865,0.0001252172009414577,0.9998501653836085,True,True,True
875,8.10540853727056e-08,8.102875135363874e-08,8.102875135363874e-08,8.102875135363874e-08,0.0,2.5334019066852015e-11,0.0004887274591889798,0.00012035639286387809,0.9998472306342373,True,True,True
876,6.257566771257547e-08,6.25558480250876e-08,6.25558480250876e-08,6.25558480250876e-08,0.0,1.9819687487854933e-11,0.00043243694786125966,0.00010580718786069088,0.9998624937352987,True,True,True
877,3.921813210637374e-08,3.920485505931603e-08,3.920485505931603e-08,3.920485505931603e-08,0.0,1.3277047057706833e-11,0.00035464207912771145,8.3662813059581e-05,0.9999178330135293,True,True,True
878,2.1097460704228673e-08,2.1090028938818875e-08,2.1090028938818875e-08,2.1090028938818875e-08,0.0,7.431765409798239e-12,0.0002655266660018899,6.175146751214244e-05,0.9999228128575608,True,True,True
879,1.3920969701251499e-08,1.3915009274341907e-08,1.3915009274341907e-08,1.3915009274341907e-08,0.0,5.960426909592403e-12,0.00023896607814403743,4.999482565607977e-05,0.9999579510472384,True,True,True
880,1.588866376149587e-08,1.5882851001310704e-08,1.5882851001310704e-08,1.5882851001310704e-08,0.0,5.812760185168095e-12,0.00023498083922514568,5.3959309194310295e-05,0.999935829466797,True,True,True
881,2.073508621405457e-08,2.0727109916546466e-08,2.0727109916546466e-08,2.0727109916546466e-08,0.0,7.97629750810648e-12,0.0002757405353453847,6.107480862438696e-05,0.9999558403908175,True,True,True
882,2.3005337581579837e-08,2.299735698663109e-08,2.299735698663109e-08,2.299735698663109e-08,0.0,7.980594948747265e-12,0.00027503155904934145,6.45258941384097e-05,0.9999209497724784,True,True,True
883,2.1393944967147965e-08,2.138591543994397e-08,2.138591543994397e-08,2.138591543994397e-08,0.0,8.029527203994567e-12,0.00027650121009173515,6.198671517149303e-05,0.9999530938795745,True,True,True
884,1.8384407012548143e-08,1.8377588261217058e-08,1.8377588261217058e-08,1.8377588261217058e-08,0.0,6.818751331084812e-12,0.00025470904719526467,5.753967837699966e-05,0.9999428602896749,True,True,True
885,1.717817675579593e-08,1.7171575379046347e-08,1.7171575379046347e-08,1.7171575379046347e-08,0.0,6.6013767495831705e-12,0.0002508236215243937,5.568912264724064e-05,0.9999517978029563,True,True,True
886,1.8770048585887678e-08,1.876287077923547e-08,1.876287077923547e-08,1.876287077923547e-08,0.0,7.177806652208206e-12,0.0002615724042519481,5.794776834303029e-05,0.9999373770722078,True,True,True
887,2.1478005413919998e-08,2.1470235299525953e-08,2.1470235299525953e-08,2.1470235299525953e-08,0.0,7.770114394045202e-12,0.00027170203340124,6.228281453244918e-05,0.9999491511853182,True,True,True
888,2.271561966401103e-08,2.2707169179980205e-08,2.2707169179980205e-08,2.2707169179980205e-08,0.0,8.450484030822443e-12,0.0002836756140193677,6.350579752242424e-05,0.9999318289616766,True,True,True
889,2.1152809561317954e-08,2.1145125017286644e-08,2.1145125017286644e-08,2.1145125017286644e-08,0.0,7.684544031309614e-12,0.0002702328335300297,6.180336556715502e-05,0.9999392006331547,True,True,True
890,1.7631367140112556e-08,1.7624532550726764e-08,1.7624532550726764e-08,1.7624532550726764e-08,0.0,6.834589385791823e-12,0.0002554087423685645,5.578770634850004e-05,0.9999444172627,True,True,True
891,1.4341652992995333e-08,1.4335900198580695e-08,1.4335900198580695e-08,1.4335900198580695e-08,0.0,5.752794414637995e-12,0.0002343587783258014,5.102849368752536e-05,0.9999538607750527,True,True,True
892,1.3107835630096015e-08,1.3102556658797695e-08,1.3102556658797695e-08,1.3102556658797695e-08,0.0,5.278971298319499e-12,0.00022464331010528025,4.8219251426560704e-05,0.9999480721158918,True,True,True
893,1.4234821302749751e-08,1.4229007540228574e-08,1.4229007540228574e-08,1.4229007540228574e-08,0.0,5.813762521177134e-12,0.0002356615832967858,5.1002385922850796e-05,0.9999442683914351,True,True,True
894,1.6720040487554467e-08,1.6713846460645297e-08,1.6713846460645297e-08,1.6713846460645297e-08,0.0,6.194026909171451e-12,0.00024274740748630723,5.489959244285187e-05,0.9999335953069305,True,True,True
895,1.941120714098836e-08,1.9403847688498906e-08,1.9403847688498906e-08,1.9403847688498906e-08,0.0,7.359452489452777e-12,0.00026463005034819444,5.971148421568368e-05,0.9999381825613284,True,True,True
896,2.2117751024378852e-08,2.2110001981043464e-08,2.2110001981043464e-08,2.2110001981043464e-08,0.0,7.749043335387456e-12,0.0002710219752335805,6.35415005674485e-05,0.9999119590259492,True,True,True
897,2.5994006927547727e-08,2.5984791864395833e-08,2.5984791864395833e-08,2.5984791864395833e-08,0.0,9.215063151892809e-12,0.00029551848366377677,6.942231148550276e-05,0.9999255346446669,True,True,True
898,3.314398225716303e-08,3.313293154534407e-08,3.313293154534407e-08,3.313293154534407e-08,0.0,1.1050711818961856e-11,0.000323107278989816,7.815884117242103e-05,0.9998810452579263,True,True,True
899,4.5953037513409906e-08,4.5938033470067576e-08,4.5938033470067576e-08,4.5938033470067576e-08,0.0,1.500404334232951e-11,0.00037615000690319303,9.247489243044794e-05,0.9999024949159411,True,True,True
900,6.656369244562486e-08,6.654268003945894e-08,6.654268003945894e-08,6.654268003945894e-08,0.0,2.1012406165919522e-11,0.0004447749580663888,0.00011090220167443612,0.9998070007330901,True,True,True
901,9.655690194111036e-08,9.652695798729582e-08,9.652695798729582e-08,9.652695798729582e-08,0.0,2.9943953814539105e-11,0.0005305616869801902,0.0001339545984807005,0.9998549260236717,True,True,True
902,1.3610785257129255e-07,1.3606617997705302e-07,1.3606617997705302e-07,1.3606617997705302e-07,0.0,4.167259423952145e-11,0.0006257610083894941,0.00015858468644411382,0.999708229846751,True,True,True
903,1.821651196456439e-07,1.8210976237915976e-07,1.8210976237915976e-07,1.8210976237915976e-07,0.0,5.535726648413411e-11,0.0007209711291231896,0.0001837751229415288,0.9997814269081161,True,True,True
904,2.2578615135423024e-07,2.2571791044197578e-07,2.2571791044197578e-07,2.2571791044197578e-07,0.0,6.824091225445669e-11,0.0008004844240347329,0.00020404364587594718,0.9996181643443115,True,True,True
905,2.5241111365637015e-07,2.523349368117932e-07,2.523349368117932e-07,2.523349368117932e-07,0.0,7.617684457694011e-11,0.000845684714636674,0.00021583746013907842,0.9997273427980421,True,True,True
906,2.4887736039932383e-07,2.488024367431718e-07,2.488024367431718e-07,2.488024367431718e-07,0.0,7.492365615206536e-11,0.0008387781682931021,0.00021374692024804054,0.9996103602234053,True,True,True
907,2.1541680829813833e-07,2.1535168595696584e-07,2.1535168595696584e-07,2.1535168595696584e-07,0.0,6.512234117250883e-11,0.0007821020902437556,0.0001988460011200543,0.99975145414757,True,True,True
908,1.6809041402416118e-07,1.6803940531412865e-07,1.6803940531412865e-07,1.6803940531412865e-07,0.0,5.100871003253281e-11,0.0006923274504075931,0.00017541323136368534,0.9997286112356294,True,True,True
909,1.2579065468969711e-07,1.2575184291337964e-07,1.2575184291337964e-07,1.2575184291337964e-07,0.0,3.881177631747045e-11,0.0006041979374433627,0.00015186380597064834,0.9998136397283048,True,True,True
910,9.742115336053254e-08,9.739070142927094e-08,9.739070142927094e-08,9.739070142927094e-08,0.0,3.0451931261598336e-11,0.0005353779365417204,0.0001337526735445425,0.9997872589391698,True,True,True
911,8.289566309276987e-08,8.286927279834443e-08,8.286927279834443e-08,8.286927279834443e-08,0.0,2.6390294425435905e-11,0.0004987065259270449,0.0001232669674005844,0.9998482022539635,True,True,True
912,7.89592687652579e-08,7.893396208413327e-08,7.893396208413327e-08,7.893396208413327e-08,0.0,2.5306681124624635e-11,0.0004884946088004708,0.00012016583715483102,0.9998039941811995,True,True,True
913,8.000905457941685e-08,7.998342426264264e-08,7.998342426264264e-08,7.998342426264264e-08,0.0,2.5630316774213496e-11,0.0004915822832302566,0.0001210372940719625,0.9998107971897171,True,True,True
914,7.888151689934681e-08,7.885582465711848e-08,7.885582465711848e-08,7.885582465711848e-08,0.0,2.569224222832107e-11,0.0004924675280270302,0.00011999231692969745,0.9998296451381984,True,True,True
915,7.125501115815078e-08,7.12320524584489e-08,7.12320524584489e-08,7.12320524584489e-08,0.0,2.2958699701883664e-11,0.00046529758717016095,0.00011439035095873729,0.9998089499368281,True,True,True
916,5.917692728702239e-08,5.91568214130167e-08,5.91568214130167e-08,5.91568214130167e-08,0.0,2.0105874005690998e-11,0.0004361492645718803,0.00010407958046763027,0.9998674328002232,True,True,True
917,4.8557803664132564e-08,4.8541631224556386e-08,4.8541631224556386e-08,4.8541631224556386e-08,0.0,1.617243957617736e-11,0.00039093600876894427,9.430499885786293e-05,0.9998733780642094,True,True,True
918,4.320351042173544e-08,4.318808390200383e-08,4.318808390200383e-08,4.318808390200383e-08,0.0,1.5426519731607382e-11,0.00038255344354359817,8.898348245044641e-05,0.999898100941383,True,True,True
919,4.2390781190030245e-08,4.2376050042706744e-08,4.2376050042706744e-08,4.2376050042706744e-08,0.0,1.473114732350077e-11,0.00037367904218310507,8.760962657222594e-05,0.9998623375143654,True,True,True
920,4.3867042970442364e-08,4.385170749427814e-08,4.385170749427814e-08,4.385170749427814e-08,0.0,1.533547616422266e-11,0.0003812464785520064,8.947560692122255e-05,0.9998890131463648,True,True,True
921,4.752987936742138e-08,4.751313409409748e-08,4.751313409409748e-08,4.751313409409748e-08,0.0,1.674527332390338e-11,0.00039860312897360657,9.256499776634902e-05,0.9998943360904343,True,True,True
922,5.492651874057124e-08,5.4908498693336845e-08,5.4908498693336845e-08,5.4908498693336845e-08,0.0,1.8020047234395134e-11,0.00041262977243233215,9.968522080224886e-05,0.9998318690896988,True,True,True
923,6.573376382301611e-08,6.571113100816177e-08,6.571113100816177e-08,6.571113100816177e-08,0.0,2.26328148543371e-11,0.00046308462849508437,0.00010899896969669344,0.9998929794930879,True,True,True
924,7.578398892087043e-08,7.576007668265895e-08,7.576007668265895e-08,7.576007668265895e-08,0.0,2.3912238211479226e-11,0.0004748582765310769,0.00011675615326280462,0.9998009546265786,True,True,True
925,7.901438741006347e-08,7.898738754515676e-08,7.898738754515676e-08,7.898738754515676e-08,0.0,2.6999864906704044e-11,0.0005056623020871203,0.00011960052389096917,0.9999045631602357,True,True,True
926,7.152792677030095e-08,7.150513270441704e-08,7.150513270441704e-08,7.150513270441704e-08,0.0,2.2794065883906456e-11,0.00046384971602724456,0.00011306679344754185,0.9997879314500585,True,True,True
927,5.4653996317950353e-08,5.4634362322022016e-08,5.4634362322022016e-08,5.4634362322022016e-08,0.0,1.963399592833761e-11,0.00043181180808129414,9.939075251219143e-05,0.9999490444018666,True,True,True
928,3.4996962463300096e-08,3.4984612662903536e-08,3.4984612662903536e-08,3.4984612662903536e-08,0.0,1.2349800396562123e-11,0.0003425081596375396,7.865217446025816e-05,0.9998390422199576,True,True,True
929,2.0958183711705283e-08,2.094922525733116e-08,2.094922525733116e-08,2.094922525733116e-08,0.0,8.958454374121259e-12,0.00029284556542262904,6.185481835324795e-05,0.9999614846214988,True,True,True
930,1.743387394012871e-08,1.7426125075817615e-08,1.7426125075817615e-08,1.7426125075817615e-08,0.0,7.74886431109312e-12,0.0002726419617905389,5.616942034539369e-05,0.9999306376985688,True,True,True
931,2.2793354596121944e-08,2.2784480720543755e-08,2.2784480720543755e-08,2.2784480720543755e-08,0.0,8.873875578187275e-12,0.0002907789651940361,6.470200292539874e-05,0.9999314598339678,True,True,True
932,3.081847530428552e-08,3.080630288281668e-08,3.080630288281668e-08,3.080630288281668e-08,0.0,1.217242146884308e-11,0.00034067272321873466,7.527489849320438e-05,0.9999355627078517,True,True,True
933,3.525025168843312e-08,3.523798595082817e-08,3.523798595082817e-08,3.523798595082817e-08,0.0,1.2265737604949518e-11,0.00034099572804749525,7.987045450511595e-05,0.9998957830654164,True,True,True
934,3.303845314407488e-08,3.302560268477502e-08,3.302560268477502e-08,3.302560268477502e-08,0.0,1.2850459299862964e-11,0.00034993998336190017,7.775989353968208e-05,0.9999446836045435,True,True,True
935,2.5035025850312924e-08,2.5025697410835598e-08,2.5025697410835598e-08,2.5025697410835598e-08,0.0,9.328439477326048e-12,0.00029795567368660474,6.713278849580117e-05,0.999910246311179,True,True,True
936,1.4929044733081918e-08,1.4921848459271578e-08,1.4921848459271578e-08,1.4921848459271578e-08,0.0,7.196273810338661e-12,0.00026311875744777904,5.2261434945123984e-05,0.9999670004593165,True,True,True
937,7.096816995109684e-09,7.092484939106658e-09,7.092484939106658e-09,7.092484939106658e-09,0.0,4.3320560030256786e-12,0.00020496175182295375,3.621105245533081e-05,0.9999667067828463,True,True,True
938,4.237439640109041e-09,4.233786955317939e-09,4.233786955317939e-09,4.233786955317939e-09,0.0,3.652684791102031e-12,0.00018911727532690717,2.7595363450172118e-05,0.9999813280065035,True,True,True
939,6.140833047228705e-09,6.136507188564053e-09,6.136507188564053e-09,6.136507188564053e-09,0.0,4.325858664651232e-12,0.0002051349819460137,3.432529429620331e-05,0.9999990266191399,True,True,True
940,1.0291197310121828e-08,1.0286052271175863e-08,1.0286052271175863e-08,1.0286052271175863e-08,0.0,5.1450389459655036e-12,0.00022273151956197674,4.2907571048333594e-05,0.9999569870545194,True,True,True
941,1.3634119442657598e-08,1.362751081015719e-08,1.362751081015719e-08,1.362751081015719e-08,0.0,6.608632500407933e-12,0.00025206767671601035,5.047981140091743e-05,0.9999815028787362,True,True,True
942,1.428418220406072e-08,1.4277999552972332e-08,1.4277999552972332e-08,1.4277999552972332e-08,0.0,6.182651088387975e-12,0.00024339137624947008,5.086402315260388e-05,0.9999387702137984,True,True,True
943,1.2292213030984899e-08,1.228613443359839e-08,1.228613443359839e-08,1.228613443359839e-08,0.0,6.078597386508634e-12,0.0002418500784383113,4.790107957519353e-05,0.9999665088347802,True,True,True
944,9.203032723098848e-09,9.198356050419158e-09,9.198356050419158e-09,9.198356050419158e-09,0.0,4.6766726796910475e-12,0.00021229523375605456,4.120024904503159e-05,0.9999610627725032,True,True,True
945,6.8135725544738445e-09,6.809328402136846e-09,6.809328402136846e-09,6.809328402136846e-09,0.0,4.2441523369984955e-12,0.0002029260607981303,3.553219974809426e-05,0.9999723897282242,True,True,True
946,6.031894706623096e-09,6.028089958085405e-09,6.028089958085405e-09,6.028089958085405e-09,0.0,3.804748537691245e-12,0.00019212946298102808,3.3671276060378275e-05,0.9999848804203445,True,True,True
947,6.572892380241404e-09,6.5688954832012445e-09,6.5688954832012445e-09,6.5688954832012445e-09,0.0,3.9968970401597984e-12,0.00019695866892077688,3.4296547035434696e-05,0.9999671985409776,True,True,True
948,7.502082689501864e-09,7.49781634363546e-09,7.49781634363546e-09,7.49781634363546e-09,0.0,4.266345866403471e-12,0.00020314114544777145,3.7378251566948236e-05,0.999983916104876,True,True,True
949,8.076438811119523e-09,8.07212722127586e-09,8.07212722127586e-09,8.07212722127586e-09,0.0,4.3115898436623014e-12,0.00020416286469366674,3.7860574701112633e-05,0.999967261066253,True,True,True
950,8.265638127260028e-09,8.261235106507039e-09,8.261235106507039e-09,8.261235106507039e-09,0.0,4.403020752990025e-12,0.0002061723820947586,3.902763625013835e-05,0.9999777507915779,True,True,True
951,8.69986364490121e-09,8.695456837123222e-09,8.695456837123222e-09,8.695456837123222e-09,0.0,4.406807777987402e-12,0.0002061889670923507,3.942318644228977e-05,0.999975976900724,True,True,True
952,1.021239535047235e-08,1.0207578114369885e-08,1.0207578114369885e-08,1.0207578114369885e-08,0.0,4.817236102465285e-12,0.00021519848230249758,4.3150599524855655e-05,0.9999519391067152,True,True,True
953,1.3419678123760959e-08,1.3413904573877489e-08,1.3413904573877489e-08,1.3413904573877489e-08,0.0,5.773549883469346e-12,0.00023518488038467414,4.922977628569893e-05,0.9999685768855378,True,True,True
954,1.8691814993343383e-08,1.8684646154318786e-08,1.8684646154318786e-08,1.8684646154318786e-08,0.0,7.168839024596851e-12,0.0002613709842642842,5.8082689595849374e-05,0.9999192395497408,True,True,True
955,2.6548544507083585e-08,2.653887452837159e-08,2.653887452837159e-08,2.653887452837159e-08,0.0,9.66997871199524e-12,0.00030318181799595425,6.914168320644531e-05,0.9999386566059031,True,True,True
956,3.8210562904266285e-08,3.8197742997667314e-08,3.8197742997667314e-08,3.8197742997667314e-08,0.0,1.281990659897026e-11,0.0003483763314911556,8.266194799584057e-05,0.9998704555296825,True,True,True
957,5.591176984396335e-08,5.5893387113319486e-08,5.5893387113319486e-08,5.5893387113319486e-08,0.0,1.8382730643868902e-11,0.00041693707003182093,9.995391974289671e-05,0.9998936584897625,True,True,True
958,8.258267187671153e-08,8.255678628149316e-08,8.255678628149316e-08,8.255678628149316e-08,0.0,2.5885595218371395e-11,0.0004941340653645162,0.00012119190414400626,0.9998041261575149,True,True,True
959,1.2031231758846982e-07,1.2027481921358138e-07,1.2027481921358138e-07,1.2027481921358138e-07,0.0,3.7498374888446034e-11,0.0005946139291965838,0.00014634898048794285,0.9998196799612775,True,True,True
960,1.669167674119693e-07,1.6686591744865694e-07,1.6686591744865694e-07,1.6686591744865694e-07,0.0,5.084996331237251e-11,0.0006919677806360872,0.0001722794929331202,0.9997128335348194,True,True,True
961,2.109131106403875e-07,2.108487858402898e-07,2.108487858402898e-07,2.108487858402898e-07,0.0,6.432480009771382e-11,0.0007782280849225464,0.00019393052574291674,0.9997438662516183,True,True,True
962,2.3012158202050986e-07,2.3005204493398438e-07,2.3005204493398438e-07,2.3005204493398438e-07,0.0,6.953708652548239e-11,0.0008088606909979791,0.0002027689517975956,0.9996598385019397,True,True,True
963,2.0400632200572863e-07,2.039442838784047e-07,2.039442838784047e-07,2.039442838784047e-07,0.0,6.203812732392196e-11,0.0007640387738866398,0.00019137927065651541,0.9997363076578326,True,True,True
964,1.3794165901226354e-07,1.378992859963875e-07,1.378992859963875e-07,1.378992859963875e-07,0.0,4.2373015876033086e-11,0.0006314764256587053,0.00015801165336023975,0.9997498978796531,True,True,True
965,6.958190216230012e-08,6.955983773364966e-08,6.955983773364966e-08,6.955983773364966e-08,0.0,2.2064428650461006e-11,0.00045605139573079786,0.00011252293524700306,0.9998437372018589,True,True,True
966,3.754252903883395e-08,3.752932144033064e-08,3.752932144033064e-08,3.752932144033064e-08,0.0,1.3207598503313482e-11,0.0003535977203121967,8.39323371719884e-05,0.9999227699098564,True,True,True
967,4.823698543734922e-08,4.822125368094516e-08,4.822125368094516e-08,4.822125368094516e-08,0.0,1.5731756404054994e-11,0.0003855316830223097,9.318200162335664e-05,0.9998544431837649,True,True,True
968,7.724351254750528e-08,7.72180954642179e-08,7.72180954642179e-08,7.72180954642179e-08,0.0,2.541708328737596e-11,0.0004900337491065216,0.0001184810432531985,0.9998523284070936,True,True,True
969,9.373146522865935e-08,9.370233957960291e-08,9.370233957960291e-08,9.370233957960291e-08,0.0,2.912564905643728e-11,0.0005238122579696335,0.00012991231260017986,0.9997470078794197,True,True,True
970,8.312719810611079e-08,8.309999162362513e-08,8.309999162362513e-08,8.309999162362513e-08,0.0,2.7206482485665106e-11,0.0005069632000528589,0.00012269123297455325,0.9998523569011872,True,True,True
971,5.483477954058531e-08,5.4816960296317146e-08,5.4816960296317146e-08,5.4816960296317146e-08,0.0,1.781924426816355e-11,0.00041013965891920903,9.988945321339171e-05,0.9998594661177066,True,True,True
972,3.1223812850982875e-08,3.1212242669596306e-08,3.1212242669596306e-08,3.1212242669596306e-08,0.0,1.1570181386568054e-11,0.0003318093497173322,7.48623356958736e-05,0.9999029044246807,True,True,True
973,2.744170414458711e-08,2.7431540639560753e-08,2.7431540639560753e-08,2.7431540639560753e-08,0.0,1.0163505026357917e-11,0.00031074084241066233,7.124029141919009e-05,0.9999155591986753,True,True,True
974,4.0250808983224826e-08,4.0237023658757715e-08,4.0237023658757715e-08,4.0237023658757715e-08,0.0,1.378532446710794e-11,0.0003613713894097651,8.522888939283034e-05,0.9998873671712509,True,True,True
975,5.3973123393240246e-08,5.3954666902977874e-08,5.3954666902977874e-08,5.3954666902977874e-08,0.0,1.8456490262374714e-11,0.00041793915809879007,9.945734136513857e-05,0.9998905852167986,True,True,True
976,5.562273592162942e-08,5.5604667156193256e-08,5.5604667156193256e-08,5.5604667156193256e-08,0.0,1.8068765436159138e-11,0.0004130676416670089,0.00010031339775546901,0.9998431071093722,True,True,True
977,4.540014201680117e-08,4.5384174918477364e-08,4.5384174918477364e-08,4.5384174918477364e-08,0.0,1.5967098323808274e-11,0.0003891568917902875,9.070775496177416e-05,0.9999296935197356,True,True,True
978,3.4457815261357377e-08,3.444597263374516e-08,3.444597263374516e-08,3.444597263374516e-08,0.0,1.1842627612213854e-11,0.0003349707087738178,7.8872684661451e-05,0.9999093979395549,True,True,True
979,3.309904006110194e-08,3.308681615819061e-08,3.308681615819061e-08,3.308681615819061e-08,0.0,1.2223902911337604e-11,0.00034099159059974203,7.722541196804315e-05,0.9999229480550343,True,True,True
980,4.1122664309139447e-08,4.1108477878511924e-08,4.1108477878511924e-08,4.1108477878511924e-08,0.0,1.418643062752168e-11,0.00036658622065958383,8.64803393710943e-05,0.9998907488475952,True,True,True
981,4.931742519909826e-08,4.930050613915723e-08,4.930050613915723e-08,4.930050613915723e-08,0.0,1.6919059941030732e-11,0.0004003659288246647,9.432773953970703e-05,0.9998824053413394,True,True,True
982,4.918600984697996e-08,4.9169323362818465e-08,4.9169323362818465e-08,4.9169323362818465e-08,0.0,1.668648416149735e-11,0.0003974665835657633,9.426110843573614e-05,0.9999036285681067,True,True,True
983,4.0498589833698063e-08,4.0484488816070006e-08,4.0484488816070006e-08,4.0484488816070006e-08,0.0,1.4101017628060751e-11,0.00036571262939343177,8.523173694551775e-05,0.9999029581517889,True,True,True
984,3.025692678027159e-08,3.024595930487483e-08,3.024595930487483e-08,3.024595930487483e-08,0.0,1.096747539676367e-11,0.0003228943885304763,7.357966990389749e-05,0.9999391833646027,True,True,True
985,2.544780303686224e-08,2.5438214933197997e-08,2.5438214933197997e-08,2.5438214933197997e-08,0.0,9.588103664241126e-12,0.0003020421327565574,6.820254161159567e-05,0.9999393862033467,True,True,True
986,2.7171885069883116e-08,2.716182980528345e-08,2.716182980528345e-08,2.716182980528345e-08,0.0,1.0055264599665976e-11,0.0003092015716163263,7.03351555529209e-05,0.9999394415748516,True,True,True
987,3.0977252797653277e-08,3.096602195156221e-08,3.096602195156221e-08,3.096602195156221e-08,0.0,1.1230846091066353e-11,0.0003264120413679353,7.591864172046842e-05,0.9999008658824733,True,True,True
988,3.174982364865351e-08,3.17383146870799e-08,3.17383146870799e-08,3.17383146870799e-08,0.0,1.1508961573615246e-11,0.00033059029716847995,7.615557204964412e-05,0.9999116285856535,True,True,True
989,2.8019308487402617e-08,2.8009128824698803e-08,2.8009128824698803e-08,2.8009128824698803e-08,0.0,1.017966270381453e-11,0.00031083248116340744,7.197079749415908e-05,0.999915048973617,True,True,True
990,2.2357236411083054e-08,2.2348432362011805e-08,2.2348432362011805e-08,2.2348432362011805e-08,0.0,8.804049071251025e-12,0.0002897293466249369,6.401090857656554e-05,0.9999177772310951,True,True,True
991,1.853078232639206e-08,1.8523591744366072e-08,1.8523591744366072e-08,1.8523591744366072e-08,0.0,7.190582025987322e-12,0.000261736019941209,5.8310171713074826e-05,0.9999498497436434,True,True,True
992,1.835319076126452e-08,1.8345475081012847e-08,1.8345475081012847e-08,1.8345475081012847e-08,0.0,7.71568025167063e-12,0.0002714803337761638,5.8781212045082887e-05,0.9999422552387792,True,True,True
993,2.0638814511816248e-08,2.063101414646385e-08,2.063101414646385e-08,2.063101414646385e-08,0.0,7.800365352398539e-12,0.0002724297725556862,6.152781931161262e-05,0.99991120741504,True,True,True
994,2.2508097699127988e-08,2.249915041754131e-08,2.249915041754131e-08,2.249915041754131e-08,0.0,8.9472815866768e-12,0.00029185571845167407,6.55214123308189e-05,0.9999586057426778,True,True,True
995,2.1648291655781216e-08,2.164013401754019e-08,2.164013401754019e-08,2.164013401754019e-08,0.0,8.157638241025064e-12,0.00027857854642192927,6.301091876568397e-05,0.9998986760093574,True,True,True
996,1.784179033866412e-08,1.783438768822917e-08,1.783438768822917e-08,1.783438768822917e-08,0.0,7.402650434950777e-12,0.0002657172450238612,5.8488033360996874e-05,0.9999700078305546,True,True,True
997,1.2846817378098418e-08,1.2841256100973525e-08,1.2841256100973525e-08,1.2841256100973525e-08,0.0,5.561277124893142e-12,0.00023078263764251416,4.849892175807048e-05,0.9999355236449893,True,True,True
998,8.950479343490423e-09,8.945969454544207e-09,8.945969454544207e-09,8.945969454544207e-09,0.0,4.50988894621606e-12,0.00020831055101426123,4.12989563826435e-05,0.9999853663998245,True,True,True
999,7.3885333542656275e-09,7.38459089127193e-09,7.38459089127193e-09,7.38459089127193e-09,0.0,3.942462993697358e-12,0.00019512280709977768,3.676574610254141e-05,0.9999832354223948,True,True,True
1000,7.776944901608165e-09,7.772947629107853e-09,7.772947629107853e-09,7.772947629107853e-09,0.0,3.997272500311548e-12,0.00019636410170744063,3.760139044962827e-05,0.9999667735553228,True,True,True
