batch_id,block,domain,norm_ratio,pair_index,projected_cosine,projected_dot,projected_dot_pass,projected_norm,projected_zero,projection_active,projection_coefficient,raw_cosine,raw_dot,raw_norm,seed,stage_index
B0/seed0/stage0/REFUGE/pair00,global,REFUGE,0.7606783913928157,0,-8.088765786414721e-13,-3.5418369626061263e-13,True,0.42629209371448623,False,True,-0.3541588876048597,-0.6491289431754211,-0.3736596475713914,0.5604104159366717,0,0
B0/seed0/stage0/REFUGE/pair00,encoder,REFUGE,0.9178674667837665,0,-0.12190184597936707,-0.015438826285946538,False,0.37016230441032993,False,True,-0.3541588876048597,-0.4123574020387806,-0.0568981068275788,0.4032851340808375,0,0
B0/seed0/stage0/REFUGE/pair00,bottleneck,REFUGE,0.6173720112163614,0,-0.36037747484824995,-0.00036823824140865685,False,0.019376916115209492,False,True,-0.3541588876048597,-0.8175281340750173,-0.001353091047108468,0.03138612661923662,0,0
B0/seed0/stage0/REFUGE/pair00,dec3,REFUGE,0.6330173200339688,0,-0.6440311963935641,-0.00026497555180626797,False,0.014050285842379736,False,True,-0.3541588876048597,-0.8749253802965076,-0.0005686621497226943,0.022195736826957236,0,0
B0/seed0/stage0/REFUGE/pair00,dec2,REFUGE,1.0528003106798114,0,0.5016545209812289,0.00014937944697562008,True,0.010861607568588571,False,True,-0.3541588876048597,-0.41297156747161695,-0.0001168046855087831,0.010316873445425792,0,0
B0/seed0/stage0/REFUGE/pair00,dec1,REFUGE,0.759739744725613,0,0.11488098448499191,0.010230604891119672,True,0.17954146087988926,False,True,-0.3541588876048597,-0.6560588826912483,-0.07690084948174472,0.23631968990214183,0,0
B0/seed0/stage0/REFUGE/pair00,classifier.mu,REFUGE,0.354006168683469,0,0.06324919132603922,0.005692055740711957,True,0.10853032503806308,False,True,-0.3541588876048597,-0.9355110751224562,-0.23782213337972802,0.3065774967754993,0,0
B0/seed0/stage0/REFUGE/pair01,global,REFUGE,1.0,1,0.6491359856381516,0.4520519125000483,True,0.7857683014457286,False,False,0.0,0.6491359856381516,0.4520519125000483,0.7857683014457286,0,0
B0/seed0/stage0/REFUGE/pair01,encoder,REFUGE,1.0,1,0.612430032636371,0.18781735019739237,True,0.6469353780268301,False,False,0.0,0.612430032636371,0.18781735019739237,0.6469353780268301,0,0
B0/seed0/stage0/REFUGE/pair01,bottleneck,REFUGE,1.0,1,0.5900834314144988,0.0013985128919557087,True,0.056409398323130765,False,False,0.0,0.5900834314144988,0.0013985128919557087,0.056409398323130765,0,0
B0/seed0/stage0/REFUGE/pair01,dec3,REFUGE,1.0,1,0.7973446482223017,0.0002810113697702939,True,0.022728989016103585,False,False,0.0,0.7973446482223017,0.0002810113697702939,0.022728989016103585,0,0
B0/seed0/stage0/REFUGE/pair01,dec2,REFUGE,1.0,1,0.566966655863616,0.00040209585694662574,True,0.021031535670899933,False,False,0.0,0.566966655863616,0.00040209585694662574,0.021031535670899933,0,0
B0/seed0/stage0/REFUGE/pair01,dec1,REFUGE,1.0,1,0.8231216581584379,0.21184431188939556,True,0.3841990767518542,False,False,0.0,0.8231216581584379,0.21184431188939556,0.3841990767518542,0,0
B0/seed0/stage0/REFUGE/pair01,classifier.mu,REFUGE,1.0,1,0.7022019315029956,0.05030863029458691,True,0.21715560546222584,False,False,0.0,0.7022019315029956,0.05030863029458691,0.21715560546222584,0,0
B0/seed0/stage0/REFUGE/pair02,global,REFUGE,0.9350031741235955,2,-4.4207043579691843e-13,-2.206620303146778e-13,True,0.5395135023024739,False,True,-0.22117820444150757,-0.3546393440931216,-0.18932587295129288,0.5770178297075568,0,0
B0/seed0/stage0/REFUGE/pair02,encoder,REFUGE,1.0430377245253273,2,0.31123248284182925,0.055260008468803676,True,0.4612732802364573,False,True,-0.22117820444150757,0.13211789294998363,0.022489906630489,0.4422402655152063,0,0
B0/seed0/stage0/REFUGE/pair02,bottleneck,REFUGE,0.854797719764416,2,-0.8271666694161206,-0.0014078194625688307,False,0.043505132777839656,False,True,-0.22117820444150757,-0.877071810345492,-0.0017463276741760503,0.05089523728471077,0,0
B0/seed0/stage0/REFUGE/pair02,dec3,REFUGE,0.921261565699533,2,-0.5658769158147408,-0.00031066169097668136,False,0.02943577648214783,False,True,-0.22117820444150757,-0.6504247468273152,-0.00038759648282231797,0.03195159504976921,0,0
B0/seed0/stage0/REFUGE/pair02,dec2,REFUGE,0.9765789321767667,2,0.15256493891002515,5.045230410515527e-05,True,0.01318787208168701,False,True,-0.22117820444150757,-0.261709987248374,-8.86215232763145e-05,0.013504153783342035,0,0
B0/seed0/stage0/REFUGE/pair02,dec1,REFUGE,0.7931730506143929,2,0.030339683223202598,0.003687057822120484,True,0.18344415213928073,False,True,-0.22117820444150757,-0.6094715888959324,-0.09338011876097872,0.23127885144002894,0,0
B0/seed0/stage0/REFUGE/pair02,classifier.mu,REFUGE,0.7217189397311456,2,-0.5432846047675803,-0.05727903744170451,False,0.20424725620510734,False,True,-0.22117820444150757,-0.7955270154494384,-0.11621311514052834,0.2830011032843248,0,0
B0/seed0/stage0/REFUGE/pair03,global,REFUGE,1.0,3,0.17781832583812765,0.35752818560960975,True,2.2186184155732476,False,False,0.0,0.17781832583812765,0.35752818560960975,2.2186184155732476,0,0
B0/seed0/stage0/REFUGE/pair03,encoder,REFUGE,1.0,3,-0.3387837891203392,-0.0459870865029805,False,0.3510464052091369,False,False,0.0,-0.3387837891203392,-0.0459870865029805,0.3510464052091369,0,0
B0/seed0/stage0/REFUGE/pair03,bottleneck,REFUGE,1.0,3,0.5577220769957589,0.0005251049264442712,True,0.024347269239484288,False,False,0.0,0.5577220769957589,0.0005251049264442712,0.024347269239484288,0,0
B0/seed0/stage0/REFUGE/pair03,dec3,REFUGE,1.0,3,-0.5049851857378052,-0.0002880813433936288,False,0.025243362440676514,False,False,0.0,-0.5049851857378052,-0.0002880813433936288,0.025243362440676514,0,0
B0/seed0/stage0/REFUGE/pair03,dec2,REFUGE,1.0,3,-0.7141350635183886,-0.0010278877247491408,False,0.04667399469259813,False,False,0.0,-0.7141350635183886,-0.0010278877247491408,0.04667399469259813,0,0
B0/seed0/stage0/REFUGE/pair03,dec1,REFUGE,1.0,3,0.09597263818861825,0.13224975288552132,True,2.096313457104497,False,False,0.0,0.09597263818861825,0.13224975288552132,2.096313457104497,0,0
B0/seed0/stage0/REFUGE/pair03,classifier.mu,REFUGE,1.0,3,0.8829005883758555,0.27205638336876736,True,0.6333210135672022,False,False,0.0,0.8829005883758555,0.27205638336876736,0.6333210135672022,0,0
B0/seed0/stage0/REFUGE/pair04,global,REFUGE,0.8581322493826561,4,-9.81316769518391e-13,-5.09509968937838e-13,True,0.6651635576671224,False,True,-0.509846401242373,-0.5134287122565968,-0.31064859495508335,0.7751294257332059,0,0
B0/seed0/stage0/REFUGE/pair04,encoder,REFUGE,0.8983823499797513,4,-0.10797105265179997,-0.025357655508292838,False,0.5521890935960203,False,True,-0.509846401242373,-0.44979774912678566,-0.11758659887746795,0.6146481991865336,0,0
B0/seed0/stage0/REFUGE/pair04,bottleneck,REFUGE,0.6821731204869265,4,-0.606017297726935,-0.0018014475690741783,False,0.04923177273640051,False,True,-0.509846401242373,-0.8399682113419279,-0.003660200310108963,0.07216903049662746,0,0
B0/seed0/stage0/REFUGE/pair04,dec3,REFUGE,0.7954312126719556,4,-0.7778292598351834,-0.0008518596852416543,False,0.04237317160521878,False,True,-0.509846401242373,-0.8660778506543877,-0.0011924442745187677,0.05327069258808924,0,0
B0/seed0/stage0/REFUGE/pair04,dec2,REFUGE,0.9578509302097407,4,0.11309386800594273,5.685105532261758e-05,True,0.02431179378242874,False,True,-0.509846401242373,-0.30701196860997376,-0.00016112274566835365,0.025381604815172217,0,0
B0/seed0/stage0/REFUGE/pair04,dec1,REFUGE,0.8168329228025252,4,0.28031134109270994,0.04748014906999022,True,0.2881439510175135,False,True,-0.509846401242373,-0.620652968215026,-0.12870250724676338,0.35275751377515696,0,0
B0/seed0/stage0/REFUGE/pair04,classifier.mu,REFUGE,0.7434530771580058,4,-0.3134291760462947,-0.0195260373632136,False,0.22291816978082482,False,True,-0.509846401242373,-0.7082201557830639,-0.05934572150055599,0.2998416129138546,0,0
B0/seed0/stage0/REFUGE/pair05,global,REFUGE,0.7791572047676636,5,-5.893506156758304e-13,-5.979557127222535e-13,True,0.8703925290612121,False,True,-0.6007015051041654,-0.6268285652861102,-0.8162420539335039,1.1170948862890306,0,0
B0/seed0/stage0/REFUGE/pair05,encoder,REFUGE,0.7409183217733022,5,-0.520149888454693,-0.24242193949645097,False,0.7303016234164496,False,True,-0.6007015051041654,-0.774315439548857,-0.4870695687366215,0.9856708923981758,0,0
B0/seed0/stage0/REFUGE/pair05,bottleneck,REFUGE,0.9130290125390842,5,0.119728000696187,0.00027893447315857807,True,0.04902648859486317,False,True,-0.6007015051041654,-0.42228878947029375,-0.0010775351236665112,0.05369652872094739,0,0
B0/seed0/stage0/REFUGE/pair05,dec3,REFUGE,0.7277526617106583,5,-0.231927065900208,-0.00017314854075462218,False,0.02464100834207298,False,True,-0.6007015051041654,-0.7063034912330763,-0.0007245609972055212,0.03385904255458404,0,0
B0/seed0/stage0/REFUGE/pair05,dec2,REFUGE,0.6704048809733064,5,0.29277964025847336,0.00018841216323892484,True,0.016397922139193288,False,True,-0.6007015051041654,-0.7675177439150402,-0.0007367486013387956,0.024459729641864294,0,0
B0/seed0/stage0/REFUGE/pair05,dec1,REFUGE,0.9623118546564827,5,0.4868484199526797,0.1521495271585407,True,0.422882952998103,False,True,-0.6007015051041654,-0.5417085470569423,-0.17592464940713565,0.4394448129801538,0,0
B0/seed0/stage0/REFUGE/pair05,classifier.mu,REFUGE,0.7320843697747467,5,0.6925144847992601,0.08997821424167064,True,0.20526332799099986,False,True,-0.6007015051041654,-0.8491644202141854,-0.15070899106753427,0.28038206587330483,0,0
B0/seed0/stage0/REFUGE/pair06,global,REFUGE,1.0,6,0.10849334059006234,0.1320625309305546,True,1.740546079716312,False,False,0.0,0.10849334059006234,0.1320625309305546,1.740546079716312,0,0
B0/seed0/stage0/REFUGE/pair06,encoder,REFUGE,1.0,6,0.06438065564941882,0.0387906672858775,True,1.4604941355928982,False,False,0.0,0.06438065564941882,0.0387906672858775,1.4604941355928982,0,0
B0/seed0/stage0/REFUGE/pair06,bottleneck,REFUGE,1.0,6,0.6321578633836716,0.0006764031925085254,True,0.07887917596508731,False,False,0.0,0.6321578633836716,0.0006764031925085254,0.07887917596508731,0,0
B0/seed0/stage0/REFUGE/pair06,dec3,REFUGE,1.0,6,-0.3870162344873127,-0.00030596904808021305,False,0.06524221142528792,False,False,0.0,-0.3870162344873127,-0.00030596904808021305,0.06524221142528792,0,0
B0/seed0/stage0/REFUGE/pair06,dec2,REFUGE,1.0,6,0.2965033594924383,0.00024087230242832101,True,0.05267229267910654,False,False,0.0,0.2965033594924383,0.00024087230242832101,0.05267229267910654,0,0
B0/seed0/stage0/REFUGE/pair06,dec1,REFUGE,1.0,6,0.5251623559150637,0.17750694311369652,True,0.8200980831242196,False,False,0.0,0.5251623559150637,0.17750694311369652,0.8200980831242196,0,0
B0/seed0/stage0/REFUGE/pair06,classifier.mu,REFUGE,1.0,6,-0.47980696758594904,-0.08484638591587612,False,0.45895950649474687,False,False,0.0,-0.47980696758594904,-0.08484638591587612,0.45895950649474687,0,0
B0/seed0/stage0/REFUGE/pair07,global,REFUGE,1.0,7,0.38884523292211404,0.6240000344179146,True,0.7548130792296307,False,False,0.0,0.38884523292211404,0.6240000344179146,0.7548130792296307,0,0
B0/seed0/stage0/REFUGE/pair07,encoder,REFUGE,1.0,7,0.3939001129036599,0.15480081371318624,True,0.5106692392267664,False,False,0.0,0.3939001129036599,0.15480081371318624,0.5106692392267664,0,0
B0/seed0/stage0/REFUGE/pair07,bottleneck,REFUGE,1.0,7,-0.8277874525245362,-0.0034112398954366336,False,0.06492343010436788,False,False,0.0,-0.8277874525245362,-0.0034112398954366336,0.06492343010436788,0,0
B0/seed0/stage0/REFUGE/pair07,dec3,REFUGE,1.0,7,-0.37579111855897396,-0.0006777955502136207,False,0.04254462584531318,False,False,0.0,-0.37579111855897396,-0.0006777955502136207,0.04254462584531318,0,0
B0/seed0/stage0/REFUGE/pair07,dec2,REFUGE,1.0,7,0.559846474864639,0.0011171215529221887,True,0.031370284926260365,False,False,0.0,0.559846474864639,0.0011171215529221887,0.031370284926260365,0,0
B0/seed0/stage0/REFUGE/pair07,dec1,REFUGE,1.0,7,0.8153066112136919,0.5563161951134751,True,0.46488055883167045,False,False,0.0,0.8153066112136919,0.5563161951134751,0.46488055883167045,0,0
B0/seed0/stage0/REFUGE/pair07,classifier.mu,REFUGE,1.0,7,-0.21627338547651456,-0.0841450605160182,False,0.29297881657696606,False,False,0.0,-0.21627338547651456,-0.0841450605160182,0.29297881657696606,0,0
B0/seed0/stage1/RIM_ONE_r3/pair00,global,RIM_ONE_r3,0.8969365143602835,0,-6.1416427993791404e-12,-6.830408634528329e-13,True,0.3925582363115467,False,True,-0.6830667760056321,-0.4421593482074363,-0.05482507560046787,0.43766557613225116,0,1
B0/seed0/stage1/RIM_ONE_r3/pair00,encoder,RIM_ONE_r3,0.821664307730293,0,-0.07182750484718203,-0.002191041932586296,False,0.18250583701407824,False,True,-0.6830667760056321,-0.5730191106595504,-0.021273286711437096,0.22211727501979414,0,1
B0/seed0/stage1/RIM_ONE_r3/pair00,bottleneck,RIM_ONE_r3,1.983343407643162,0,0.8689667757897458,0.0009556772781321665,True,0.031185809431097423,False,True,-0.6830667760056321,0.19147236325122147,0.00010617353303934114,0.015723857659201847,0,1
B0/seed0/stage1/RIM_ONE_r3/pair00,dec3,RIM_ONE_r3,1.3419246699139695,0,0.6931159187933956,0.0003949303479607313,True,0.021004873774921218,False,True,-0.6830667760056321,-0.25365642951886513,-0.00010770413383578555,0.015652796498828683,0,1
B0/seed0/stage1/RIM_ONE_r3/pair00,dec2,RIM_ONE_r3,0.8119012626162386,0,0.014031585024260416,1.3795429932297777e-06,True,0.009570401663015728,False,True,-0.6830667760056321,-0.5839059199789536,-7.070793746297824e-05,0.011787642295537814,0,1
B0/seed0/stage1/RIM_ONE_r3/pair00,dec1,RIM_ONE_r3,1.0676958480994632,0,0.3518491031289555,0.016441226491533224,True,0.2884432395292482,False,True,-0.6830667760056321,-0.03393953255015643,-0.0014853748503597939,0.2701548760751365,0,1
B0/seed0/stage1/RIM_ONE_r3/pair00,classifier.mu,RIM_ONE_r3,0.7253090178667708,0,-0.530169560304768,-0.015602171728716101,False,0.18997035005897955,False,True,-0.6830667760056321,-0.7885400121534477,-0.03199417550041163,0.2619164320026067,0,1
B0/seed0/stage1/RIM_ONE_r3/pair01,global,RIM_ONE_r3,0.9448469129781818,1,-5.599262579976487e-13,-1.332258955932808e-13,True,0.30248441888799416,False,True,-0.13329515961559607,-0.3275123066933512,-0.08247531621508225,0.3201411940211092,0,1
B0/seed0/stage1/RIM_ONE_r3/pair01,encoder,RIM_ONE_r3,1.0081516405773558,1,0.16401209101615002,0.018406673630027945,True,0.23630119247548387,False,True,-0.13329515961559607,-0.10474054034529513,-0.011659727354445395,0.23439052515964479,0,1
B0/seed0/stage1/RIM_ONE_r3/pair01,bottleneck,RIM_ONE_r3,1.0673913521455214,1,0.49176232914405155,0.00016619334243924786,True,0.017564765412767632,False,True,-0.13329515961559607,0.369051095531357,0.00011684797334964985,0.016455787633524843,0,1
B0/seed0/stage1/RIM_ONE_r3/pair01,dec3,RIM_ONE_r3,1.0398005789944151,1,0.28144989208527094,0.00010064141202046305,True,0.01481292409958929,False,True,-0.13329515961559607,0.06678180135253647,2.2965912688195326e-05,0.014245927920058266,0,1
B0/seed0/stage1/RIM_ONE_r3/pair01,dec2,RIM_ONE_r3,1.0346465288455735,1,0.40448630655732476,6.479283423900878e-05,True,0.015248989026015127,False,True,-0.13329515961559607,0.3234951403756803,5.008398883053609e-05,0.01473835614471106,0,1
B0/seed0/stage1/RIM_ONE_r3/pair01,dec1,RIM_ONE_r3,0.8783789314819924,1,-0.2390830128080433,-0.021651573744528564,False,0.1843313519029071,False,True,-0.13329515961559607,-0.5220658530448478,-0.053825010877517156,0.20985402233168893,0,1
B0/seed0/stage1/RIM_ONE_r3/pair01,classifier.mu,RIM_ONE_r3,0.5710080866123289,1,0.24737323713050582,0.002913272525668728,True,0.030332283785061972,False,True,-0.13329515961559607,-0.8330077587228618,-0.01718047585798803,0.053120585323085424,0,1
B0/seed0/stage1/RIM_ONE_r3/pair02,global,RIM_ONE_r3,0.9797469665273314,2,-3.336870669130882e-13,-9.968501718526923e-14,True,0.38184278864359816,False,True,-0.09975039599459104,-0.2002395604781684,-0.06105573579355896,0.3897361274789373,0,1
B0/seed0/stage1/RIM_ONE_r3/pair02,encoder,RIM_ONE_r3,1.0586714963932342,2,0.48280419483197634,0.06487396204521473,True,0.3226106430515297,False,True,-0.09975039599459104,0.3747927456215018,0.04756958290470216,0.30473158496344255,0,1
B0/seed0/stage1/RIM_ONE_r3/pair02,bottleneck,RIM_ONE_r3,1.0473943013611084,2,0.5354590508375932,0.00033705534030574523,True,0.0263855096503694,False,True,-0.09975039599459104,0.46637221949389246,0.000280283424329086,0.025191572663781858,0,1
B0/seed0/stage1/RIM_ONE_r3/pair02,dec3,RIM_ONE_r3,1.044362760187001,2,0.40410064645779076,0.00013978266523324417,True,0.016886662667648548,False,True,-0.09975039599459104,0.29565820883186283,9.792697423987951e-05,0.01616934585509815,0,1
B0/seed0/stage1/RIM_ONE_r3/pair02,dec2,RIM_ONE_r3,1.030432522874636,2,0.30885465135464396,4.301383796733529e-05,True,0.0109438500319031,False,True,-0.09975039599459104,0.19873184547951828,2.6859749408086776e-05,0.01062063724597185,0,1
B0/seed0/stage1/RIM_ONE_r3/pair02,dec1,RIM_ONE_r3,0.7668399625369022,2,-0.6999442306549827,-0.05488258514344862,False,0.14140795138858997,False,True,-0.09975039599459104,-0.8366910360176814,-0.08555226273408328,0.18440347177627048,0,1
B0/seed0/stage1/RIM_ONE_r3/pair02,classifier.mu,RIM_ONE_r3,0.926739086616011,2,-0.20298041111982454,-0.010511228745372081,False,0.14362784257935288,False,True,-0.09975039599459104,-0.42016662479724937,-0.023478126112154964,0.15498196272675854,0,1
B0/seed0/stage1/RIM_ONE_r3/pair03,global,RIM_ONE_r3,0.7525963117752603,3,-1.8699775214652095e-12,-5.901884883585673e-13,True,0.4615767747944294,False,True,-0.5906299887145627,-0.6584821876879249,-0.2761444341492363,0.6133125655447871,0,1
B0/seed0/stage1/RIM_ONE_r3/pair03,encoder,RIM_ONE_r3,1.29353326218549,3,0.6940214240790785,0.11379180392179847,True,0.3150507394044725,False,True,-0.5906299887145627,-0.3642916993657464,-0.04617530578038599,0.243558282275771,0,1
B0/seed0/stage1/RIM_ONE_r3/pair03,bottleneck,RIM_ONE_r3,1.0481154702940063,3,0.36277102446710596,0.0002515196277942098,True,0.026863361965805493,False,True,-0.5906299887145627,-0.21453604216892466,-0.00014191569333465488,0.025630155004076092,0,1
B0/seed0/stage1/RIM_ONE_r3/pair03,dec3,RIM_ONE_r3,1.2950228118113625,3,0.6484078885404032,0.0006717552874249445,True,0.03433126681989578,False,True,-0.5906299887145627,0.16738296473566525,0.00013390495287770343,0.026510163764510267,0,1
B0/seed0/stage1/RIM_ONE_r3/pair03,dec2,RIM_ONE_r3,0.912166928539028,3,0.24936343050797657,9.367119770834681e-05,True,0.017049955609251762,False,True,-0.5906299887145627,-0.4687110355973497,-0.00019302082424751336,0.018691705515524248,0,1
B0/seed0/stage1/RIM_ONE_r3/pair03,dec1,RIM_ONE_r3,0.6139944443950316,3,-0.827510846182448,-0.06634308672514036,False,0.2598399461332848,False,True,-0.5906299887145627,-0.9387029802127219,-0.12257043694783898,0.42319592384798366,0,1
B0/seed0/stage1/RIM_ONE_r3/pair03,classifier.mu,RIM_ONE_r3,0.5693092093100222,3,-0.7319686404564616,-0.04846566331017514,False,0.2099723218425052,False,True,-0.5906299887145627,-0.9217047550675751,-0.10719765985630689,0.36881947175416757,0,1
B0/seed0/stage1/RIM_ONE_r3/pair04,global,RIM_ONE_r3,1.0,4,0.6011534420260501,0.1003062297887696,True,0.8579421697656898,False,False,0.0,0.6011534420260501,0.1003062297887696,0.8579421697656898,0,1
B0/seed0/stage1/RIM_ONE_r3/pair04,encoder,RIM_ONE_r3,1.0,4,0.24948453013460564,0.01281753727537158,True,0.37865889941713615,False,False,0.0,0.24948453013460564,0.01281753727537158,0.37865889941713615,0,1
B0/seed0/stage1/RIM_ONE_r3/pair04,bottleneck,RIM_ONE_r3,1.0,4,-0.600039620563096,-0.00013248344396112695,False,0.013888270110599088,False,False,0.0,-0.600039620563096,-0.00013248344396112695,0.013888270110599088,0,1
B0/seed0/stage1/RIM_ONE_r3/pair04,dec3,RIM_ONE_r3,1.0,4,0.1359359379005936,3.183220468072401e-05,True,0.014252152149697129,False,False,0.0,0.1359359379005936,3.183220468072401e-05,0.014252152149697129,0,1
B0/seed0/stage1/RIM_ONE_r3/pair04,dec2,RIM_ONE_r3,1.0,4,-0.25371754616944664,-1.1544792109929531e-05,False,0.009420837066319158,False,False,0.0,-0.25371754616944664,-1.1544792109929531e-05,0.009420837066319158,0,1
B0/seed0/stage1/RIM_ONE_r3/pair04,dec1,RIM_ONE_r3,1.0,4,0.831500660531413,0.06046957303947738,True,0.6518480878782483,False,False,0.0,0.831500660531413,0.06046957303947738,0.6518480878782483,0,1
B0/seed0/stage1/RIM_ONE_r3/pair04,classifier.mu,RIM_ONE_r3,1.0,4,0.8277127003859591,0.027131315505310956,True,0.4090128541077184,False,False,0.0,0.8277127003859591,0.027131315505310956,0.4090128541077184,0,1
B0/seed0/stage1/RIM_ONE_r3/pair05,global,RIM_ONE_r3,1.0,5,0.47835159821042633,0.37994167435207377,True,0.6644897324306855,False,False,0.0,0.47835159821042633,0.37994167435207377,0.6644897324306855,0,1
B0/seed0/stage1/RIM_ONE_r3/pair05,encoder,RIM_ONE_r3,1.0,5,0.3898028885164222,0.1707110104373465,True,0.3982140546320391,False,False,0.0,0.3898028885164222,0.1707110104373465,0.3982140546320391,0,1
B0/seed0/stage1/RIM_ONE_r3/pair05,bottleneck,RIM_ONE_r3,1.0,5,0.5576366286167217,0.0010667169805956014,True,0.03428232034095539,False,False,0.0,0.5576366286167217,0.0010667169805956014,0.03428232034095539,0,1
B0/seed0/stage1/RIM_ONE_r3/pair05,dec3,RIM_ONE_r3,1.0,5,0.020151942977385033,1.9104724680313125e-05,True,0.02171285154761873,False,False,0.0,0.020151942977385033,1.9104724680313125e-05,0.02171285154761873,0,1
B0/seed0/stage1/RIM_ONE_r3/pair05,dec2,RIM_ONE_r3,1.0,5,0.23402188225823112,9.640655471200658e-05,True,0.017479707317640595,False,False,0.0,0.23402188225823112,9.640655471200658e-05,0.017479707317640595,0,1
B0/seed0/stage1/RIM_ONE_r3/pair05,dec1,RIM_ONE_r3,1.0,5,0.8751274760376531,0.1423320345230445,True,0.4265304790816415,False,False,0.0,0.8751274760376531,0.1423320345230445,0.4265304790816415,0,1
B0/seed0/stage1/RIM_ONE_r3/pair05,classifier.mu,RIM_ONE_r3,1.0,5,0.798731052022904,0.06571640113169525,True,0.3147882717565929,False,False,0.0,0.798731052022904,0.06571640113169525,0.3147882717565929,0,1
B0/seed0/stage1/RIM_ONE_r3/pair06,global,RIM_ONE_r3,0.9327381973427568,6,-3.8595173334560627e-13,-1.495687254604583e-13,True,0.3873415897839434,False,True,-0.14965508163752456,-0.3605543720686033,-0.1498024102512568,0.4152736436520199,0,1
B0/seed0/stage1/RIM_ONE_r3/pair06,encoder,RIM_ONE_r3,0.9717193032847107,6,-0.03232395699094174,-0.00439620789893647,False,0.3092490334157593,False,True,-0.14965508163752456,-0.23821874815907124,-0.03334178218265269,0.31824934666873683,0,1
B0/seed0/stage1/RIM_ONE_r3/pair06,bottleneck,RIM_ONE_r3,0.9743342792090495,6,0.004003235879601892,1.448408193497432e-06,True,0.015176921440825808,False,True,-0.14965508163752456,-0.22513979252899133,-8.36034254050421e-05,0.015576708902355579,0,1
B0/seed0/stage1/RIM_ONE_r3/pair06,dec3,RIM_ONE_r3,1.1867693918029951,6,0.6562282596570972,0.00013232649809953465,True,0.010359484622560295,False,True,-0.14965508163752456,0.4450784049257851,7.562442346694609e-05,0.008729147123369677,0,1
B0/seed0/stage1/RIM_ONE_r3/pair06,dec2,RIM_ONE_r3,1.4053854124445488,6,0.8080108076103985,0.00011603800093851806,True,0.007248661223730453,False,True,-0.14965508163752456,0.5607168182986553,5.7296911133968534e-05,0.005157774628613813,0,1
B0/seed0/stage1/RIM_ONE_r3/pair06,dec1,RIM_ONE_r3,0.7046463922162911,6,-0.11118496826710955,-0.010889917617848093,False,0.12748361650676668,False,True,-0.14965508163752456,-0.7138708365291809,-0.09922632924334535,0.180918568398255,0,1
B0/seed0/stage1/RIM_ONE_r3/pair06,classifier.mu,RIM_ONE_r3,0.9955756995373277,6,0.16651652640261047,0.0150363126094035,True,0.19430972460102178,False,True,-0.14965508163752456,-0.1905570019316933,-0.01728361673445456,0.19517322961109138,0,1
B0/seed0/stage1/RIM_ONE_r3/pair07,global,RIM_ONE_r3,1.0,7,0.4417667641177221,0.09905030618987576,True,0.4335569832385054,False,False,0.0,0.4417667641177221,0.09905030618987576,0.4335569832385054,0,1
B0/seed0/stage1/RIM_ONE_r3/pair07,encoder,RIM_ONE_r3,1.0,7,0.4412799228902135,0.053243659784689375,True,0.24770112198547817,False,False,0.0,0.4412799228902135,0.053243659784689375,0.24770112198547817,0,1
B0/seed0/stage1/RIM_ONE_r3/pair07,bottleneck,RIM_ONE_r3,1.0,7,0.0797064258954061,6.650283917978796e-05,True,0.02071164070267515,False,False,0.0,0.0797064258954061,6.650283917978796e-05,0.02071164070267515,0,1
B0/seed0/stage1/RIM_ONE_r3/pair07,dec3,RIM_ONE_r3,1.0,7,0.12556525906338484,5.1604353986312873e-05,True,0.01500185394108502,False,False,0.0,0.12556525906338484,5.1604353986312873e-05,0.01500185394108502,0,1
B0/seed0/stage1/RIM_ONE_r3/pair07,dec2,RIM_ONE_r3,1.0,7,0.4388826070033814,4.635737647544709e-05,True,0.012173369462203798,False,False,0.0,0.4388826070033814,4.635737647544709e-05,0.012173369462203798,0,1
B0/seed0/stage1/RIM_ONE_r3/pair07,dec1,RIM_ONE_r3,1.0,7,0.7283085591398392,0.02712582457850611,True,0.26881707716958997,False,False,0.0,0.7283085591398392,0.02712582457850611,0.26881707716958997,0,1
B0/seed0/stage1/RIM_ONE_r3/pair07,classifier.mu,RIM_ONE_r3,1.0,7,0.8666414885212806,0.018516357257038665,True,0.23141083012183833,False,False,0.0,0.8666414885212806,0.018516357257038665,0.23141083012183833,0,1
B0/seed0/stage2/Drishti_GS/pair00,global,Drishti_GS,1.0,0,0.7857263461912468,1.371272916163265,True,2.0303681933838704,False,False,0.0,0.7857263461912468,1.371272916163265,2.0303681933838704,0,2
B0/seed0/stage2/Drishti_GS/pair00,encoder,Drishti_GS,1.0,0,0.7050190085466771,0.45652485829159983,True,1.2146113315606173,False,False,0.0,0.7050190085466771,0.45652485829159983,1.2146113315606173,0,2
B0/seed0/stage2/Drishti_GS/pair00,bottleneck,Drishti_GS,1.0,0,0.305798296316403,0.0002537814959311673,True,0.02103431220883714,False,False,0.0,0.305798296316403,0.0002537814959311673,0.02103431220883714,0,2
B0/seed0/stage2/Drishti_GS/pair00,dec3,Drishti_GS,1.0,0,0.61362982744726,7.353228823080165e-05,True,0.00807585420947373,False,False,0.0,0.61362982744726,7.353228823080165e-05,0.00807585420947373,0,2
B0/seed0/stage2/Drishti_GS/pair00,dec2,Drishti_GS,1.0,0,0.7370088378891005,0.0003579065895719074,True,0.021543475242102515,False,False,0.0,0.7370088378891005,0.0003579065895719074,0.021543475242102515,0,2
B0/seed0/stage2/Drishti_GS/pair00,dec1,Drishti_GS,1.0,0,0.8670911635700411,0.673275994157372,True,1.3657353071562548,False,False,0.0,0.8670911635700411,0.673275994157372,1.3657353071562548,0,2
B0/seed0/stage2/Drishti_GS/pair00,classifier.mu,Drishti_GS,1.0,0,0.7583308257569457,0.24078684334056105,True,0.8836908971464116,False,False,0.0,0.7583308257569457,0.24078684334056105,0.8836908971464116,0,2
B0/seed0/stage2/Drishti_GS/pair01,global,Drishti_GS,0.7405934994314625,1,-1.181647442172806e-12,-1.1689499195000064e-13,True,0.11308209451013482,False,True,-0.11728403856685642,-0.6719533232300188,-0.08975676607111,0.15269117889496125,0,2
B0/seed0/stage2/Drishti_GS/pair01,encoder,Drishti_GS,0.832151480016943,1,0.3152534669045812,0.015416601986716707,True,0.07382108534046257,False,True,-0.11728403856685642,-0.6134700284872526,-0.036051201964267615,0.08871111463859867,0,2
B0/seed0/stage2/Drishti_GS/pair01,bottleneck,Drishti_GS,4.67769070243143,1,0.9774858326983146,0.00024375843034199485,True,0.0055687749107589885,False,True,-0.11728403856685642,0.16073442928214698,8.568929770889118e-06,0.0011904966071964484,0,2
B0/seed0/stage2/Drishti_GS/pair01,dec3,Drishti_GS,3.987893588773387,1,0.9690153251063978,4.0198020013245425e-05,True,0.002292485081401395,False,True,-0.11728403856685642,0.17248504916235527,1.7942456917191186e-06,0.0005748611467104184,0,2
B0/seed0/stage2/Drishti_GS/pair01,dec2,Drishti_GS,1.4108186924250503,1,0.7716882604536829,4.2795037846697435e-05,True,0.0024488432423423784,False,True,-0.11728403856685642,-0.4414577224196793,-1.735279493236314e-05,0.0017357604173312109,0,2
B0/seed0/stage2/Drishti_GS/pair01,dec1,Drishti_GS,0.5936317366891182,1,-0.6706783396822813,-0.01992345042761382,False,0.06433502228358552,False,True,-0.11728403856685642,-0.8978382894058978,-0.044929468844190926,0.1083753079685452,0,2
B0/seed0/stage2/Drishti_GS/pair01,classifier.mu,Drishti_GS,0.9243038727206442,1,0.22390525511056963,0.004180096952578382,True,0.05618495163871807,False,True,-0.11728403856685642,-0.43415819865198063,-0.008769105643181641,0.06078623415624166,0,2
B0/seed0/stage2/Drishti_GS/pair02,global,Drishti_GS,1.0,2,0.2545669559680566,0.18983561087321243,True,1.1859790434820074,False,False,0.0,0.2545669559680566,0.18983561087321243,1.1859790434820074,0,2
B0/seed0/stage2/Drishti_GS/pair02,encoder,Drishti_GS,1.0,2,0.39770922428581384,0.10164624013120431,True,0.5839020261314951,False,False,0.0,0.39770922428581384,0.10164624013120431,0.5839020261314951,0,2
B0/seed0/stage2/Drishti_GS/pair02,bottleneck,Drishti_GS,1.0,2,-0.6012970399764678,-8.742820481251392e-05,False,0.005519442557040583,False,False,0.0,-0.6012970399764678,-8.742820481251392e-05,0.005519442557040583,0,2
B0/seed0/stage2/Drishti_GS/pair02,dec3,Drishti_GS,1.0,2,0.08446807873294203,3.0482805030834745e-06,True,0.0030007028475005355,False,False,0.0,0.08446807873294203,3.0482805030834745e-06,0.0030007028475005355,0,2
B0/seed0/stage2/Drishti_GS/pair02,dec2,Drishti_GS,1.0,2,0.4442917233134964,0.00012053187955839172,True,0.01539030417055039,False,False,0.0,0.4442917233134964,0.00012053187955839172,0.01539030417055039,0,2
B0/seed0/stage2/Drishti_GS/pair02,dec1,Drishti_GS,1.0,2,0.3106885302621566,0.09496643883172831,True,0.8557988927270526,False,False,0.0,0.3106885302621566,0.09496643883172831,0.8557988927270526,0,2
B0/seed0/stage2/Drishti_GS/pair02,classifier.mu,Drishti_GS,1.0,2,-0.043100131774115244,-0.00681322004496903,False,0.5770066210530056,False,False,0.0,-0.043100131774115244,-0.00681322004496903,0.5770066210530056,0,2
B0/seed0/stage2/Drishti_GS/pair03,global,Drishti_GS,0.7861479474295637,3,-1.3229941277176754e-12,-7.893729073171762e-13,True,0.7741214026233335,False,True,-0.7895960929598759,-0.6180383521694136,-0.4690676056599787,0.9847019319384437,0,2
B0/seed0/stage2/Drishti_GS/pair03,encoder,Drishti_GS,1.0599638097251542,3,0.3334284139938787,0.053197966233982305,True,0.5846764900081086,False,True,-0.7895960929598759,-0.037200388303119496,-0.005599494965928121,0.5516004269614768,0,2
B0/seed0/stage2/Drishti_GS/pair03,bottleneck,Drishti_GS,1.9554541795910463,3,0.8598399727831106,0.0007330966842874954,True,0.027519916711016754,False,True,-0.7895960929598759,-0.05683146880084124,-2.4779061908685736e-05,0.014073414247309098,0,2
B0/seed0/stage2/Drishti_GS/pair03,dec3,Drishti_GS,2.1019002778504214,3,0.8826381815371525,0.00016586894082690342,True,0.013541726084705672,False,True,-0.7895960929598759,0.1544246353248454,1.3806603021434327e-05,0.00644261111119628,0,2
B0/seed0/stage2/Drishti_GS/pair03,dec2,Drishti_GS,1.6347682367267264,3,0.7924113213092389,0.00029316022036424453,True,0.019780875733030605,False,True,-0.7895960929598759,0.07494613310286413,1.6960841939387288e-05,0.012100110149336872,0,2
B0/seed0/stage2/Drishti_GS/pair03,dec1,Drishti_GS,0.6526561182892887,3,-0.18484523061287894,-0.044219265006118336,False,0.43665901245612465,False,True,-0.7895960929598759,-0.767198859684533,-0.2812074390441316,0.6690491366275314,0,2
B0/seed0/stage2/Drishti_GS/pair03,classifier.mu,Drishti_GS,0.5485853798835509,3,-0.0851799563146924,-0.010170827074131823,False,0.25576209192579563,False,True,-0.7895960929598759,-0.8373993263067602,-0.1822666600329711,0.4662211231004491,0,2
B0/seed0/stage2/Drishti_GS/pair04,global,Drishti_GS,0.5755163730477622,4,-3.099212825355158e-13,-3.0721258870158863e-13,True,0.46471507551272095,False,True,-0.3095780526435907,-0.817790256944867,-1.408548663465159,0.8074749864225916,0,2
B0/seed0/stage2/Drishti_GS/pair04,encoder,Drishti_GS,1.0667682318179241,4,0.641326971137234,0.19912443195174379,True,0.28542283522994144,False,True,-0.3095780526435907,-0.5745110827816411,-0.167214287341438,0.26755843182875866,0,2
B0/seed0/stage2/Drishti_GS/pair04,bottleneck,Drishti_GS,2.807477808322995,4,0.9368928747921034,0.0007449624750170668,True,0.015650236389286993,False,True,-0.3095780526435907,-0.19125316047654112,-5.41672452688965e-05,0.005574482670135664,0,2
B0/seed0/stage2/Drishti_GS/pair04,dec3,Drishti_GS,2.208113824653785,4,0.8978692485340417,0.00022586852030697247,True,0.008807204929423754,False,True,-0.3095780526435907,-0.23436336326860743,-2.6699976200133705e-05,0.0039885647338876,0,2
B0/seed0/stage2/Drishti_GS/pair04,dec2,Drishti_GS,1.1187161862507176,4,0.5112619105043993,0.000180957219516805,True,0.012030623162297931,False,True,-0.3095780526435907,-0.2749706812054804,-8.699593172395902e-05,0.010753954676044819,0,2
B0/seed0/stage2/Drishti_GS/pair04,dec1,Drishti_GS,0.5076143109244152,4,-0.46452812622270995,-0.19796623109927491,False,0.31915688871303294,False,True,-0.3095780526435907,-0.8932692101227722,-0.7499418805226263,0.6287389497191619,0,2
B0/seed0/stage2/Drishti_GS/pair04,classifier.mu,Drishti_GS,0.41702758320109373,4,-0.010249034719212662,-0.002309989067615645,False,0.1793475795034054,False,True,-0.3095780526435907,-0.908903879977549,-0.49122463244790104,0.430061671524789,0,2
B0/seed0/stage2/Drishti_GS/pair05,global,Drishti_GS,0.9424554987065755,5,-6.515250093878134e-13,-6.827836906975193e-13,True,1.421458351095283,False,True,-0.6839633529857612,-0.33433162123517346,-0.3717651273755954,1.508249835717538,0,2
B0/seed0/stage2/Drishti_GS/pair05,encoder,Drishti_GS,1.0334575579931429,5,0.2642007227286484,0.1312459459091514,True,0.9962800142016348,False,True,-0.6839633529857612,-0.0807245010069615,-0.038802938848690724,0.9640260565090815,0,2
B0/seed0/stage2/Drishti_GS/pair05,bottleneck,Drishti_GS,1.4099205664092465,5,0.7230022303938715,0.0004407935375146653,True,0.021724208115610676,False,True,-0.6839633529857612,-0.22638649054401228,-9.789295607411598e-05,0.01540810782761854,0,2
B0/seed0/stage2/Drishti_GS/pair05,dec3,Drishti_GS,1.996988088581253,5,0.865698621960477,0.00011494110193167513,True,0.01016173759911311,False,True,-0.6839633529857612,-0.02743851951840265,-1.8242898023198599e-06,0.005088531903228551,0,2
B0/seed0/stage2/Drishti_GS/pair05,dec2,Drishti_GS,1.3462068973457106,5,0.6739962321211923,0.0002186368830247525,True,0.019292178684099912,False,True,-0.6839633529857612,0.10483281427027066,2.5261049620785275e-05,0.014330767968978555,0,2
B0/seed0/stage2/Drishti_GS/pair05,dec1,Drishti_GS,0.9014134470234282,5,-0.22822222725609242,-0.07659709870431436,False,0.8696139875816482,False,True,-0.6839633529857612,-0.4793491204984937,-0.17847701056005366,0.964722670216663,0,2
B0/seed0/stage2/Drishti_GS/pair05,classifier.mu,Drishti_GS,0.8084541784053187,5,-0.2799615421863781,-0.05542321872799064,False,0.5203788038684986,False,True,-0.6839633529857612,-0.6305789894081104,-0.15441072177059575,0.6436713641519538,0,2
B0/seed0/stage2/Drishti_GS/pair06,global,Drishti_GS,0.3517477313834221,6,-5.687002263107394e-13,-5.411088244144935e-13,True,0.443453912793901,False,True,-0.5500273804550346,-0.9360948314495839,-2.532151916459916,1.2607157722092448,0,2
B0/seed0/stage2/Drishti_GS/pair06,encoder,Drishti_GS,0.5368164172943998,6,-0.036072957436354816,-0.013883398938735537,False,0.3712374735535295,False,True,-0.5500273804550346,-0.8439212760343586,-0.6050485167800077,0.691553875018573,0,2
B0/seed0/stage2/Drishti_GS/pair06,bottleneck,Drishti_GS,1.3097734130696728,6,0.8102927255423242,7.489329181805796e-05,True,0.0062542563803889666,False,True,-0.5500273804550346,-0.6409766124898751,-4.523212515393261e-05,0.0047750674414218505,0,2
B0/seed0/stage2/Drishti_GS/pair06,dec3,Drishti_GS,1.5238427541332609,6,0.9032227018179549,4.7144666337102094e-05,True,0.004528962432381955,False,True,-0.5500273804550346,-0.7565024137878632,-2.591241469818341e-05,0.0029720667832016314,0,2
B0/seed0/stage2/Drishti_GS/pair06,dec2,Drishti_GS,0.6802148942441942,6,-0.1791913657463336,-2.8335834067375583e-05,False,0.00975916738351147,False,True,-0.5500273804550346,-0.7430777464102072,-0.00017274561788194383,0.014347182730179929,0,2
B0/seed0/stage2/Drishti_GS/pair06,dec1,Drishti_GS,0.23901226158829506,6,-0.15790443190726342,-0.05031839888551555,False,0.21178395177934958,False,True,-0.5500273804550346,-0.9717497255421821,-1.2955874705797357,0.886079862062278,0,2
B0/seed0/stage2/Drishti_GS/pair06,classifier.mu,Drishti_GS,0.2060141112142962,6,0.48487863423328664,0.06410809569962231,True,0.11758741513840776,False,True,-0.5500273804550346,-0.9836343659382045,-0.6312720389424383,0.5707735962615355,0,2
B0/seed0/stage2/Drishti_GS/pair07,global,Drishti_GS,1.0,7,0.05016527420788171,0.09466328185912146,True,1.5676125769280902,False,False,0.0,0.05016527420788171,0.09466328185912146,1.5676125769280902,0,2
B0/seed0/stage2/Drishti_GS/pair07,encoder,Drishti_GS,1.0,7,0.1372291760232166,0.10929142062214776,True,1.3237458702193214,False,False,0.0,0.1372291760232166,0.10929142062214776,1.3237458702193214,0,2
B0/seed0/stage2/Drishti_GS/pair07,bottleneck,Drishti_GS,1.0,7,-0.1741232186869155,-0.0002159791488277604,False,0.022092971627516257,False,False,0.0,-0.1741232186869155,-0.0002159791488277604,0.022092971627516257,0,2
B0/seed0/stage2/Drishti_GS/pair07,dec3,Drishti_GS,1.0,7,-0.15895612313405003,-6.743254117358303e-05,False,0.01366882038578995,False,False,0.0,-0.15895612313405003,-6.743254117358303e-05,0.01366882038578995,0,2
B0/seed0/stage2/Drishti_GS/pair07,dec2,Drishti_GS,1.0,7,-0.3007656383990366,-0.0001402087177681714,False,0.01353757716229568,False,False,0.0,-0.3007656383990366,-0.0001402087177681714,0.01353757716229568,0,2
B0/seed0/stage2/Drishti_GS/pair07,dec1,Drishti_GS,1.0,7,0.20548999056540024,0.10574612578498695,True,0.6728013208568081,False,False,0.0,0.20548999056540024,0.10574612578498695,0.6728013208568081,0,2
B0/seed0/stage2/Drishti_GS/pair07,classifier.mu,Drishti_GS,1.0,7,-0.33930735381663485,-0.11995064414024442,False,0.5015837348163034,False,False,0.0,-0.33930735381663485,-0.11995064414024442,0.5015837348163034,0,2
B0/seed1/stage0/REFUGE/pair00,global,REFUGE,1.0,0,0.7333858303076225,1.0357933980857146,True,0.6633602287412139,False,False,0.0,0.7333858303076225,1.0357933980857146,0.6633602287412139,1,0
B0/seed1/stage0/REFUGE/pair00,encoder,REFUGE,1.0,0,0.28741535240393606,0.121204885973796,True,0.3438535684294407,False,False,0.0,0.28741535240393606,0.121204885973796,0.3438535684294407,1,0
B0/seed1/stage0/REFUGE/pair00,bottleneck,REFUGE,1.0,0,0.47389827114438793,0.000590419519293906,True,0.016303740901161507,False,False,0.0,0.47389827114438793,0.000590419519293906,0.016303740901161507,1,0
B0/seed1/stage0/REFUGE/pair00,dec3,REFUGE,1.0,0,0.6415076376928419,0.0006564743029356567,True,0.016111927311013227,False,False,0.0,0.6415076376928419,0.0006564743029356567,0.016111927311013227,1,0
B0/seed1/stage0/REFUGE/pair00,dec2,REFUGE,1.0,0,0.8049453793738148,0.0055129334905774634,True,0.040990881376409265,False,False,0.0,0.8049453793738148,0.0055129334905774634,0.040990881376409265,1,0
B0/seed1/stage0/REFUGE/pair00,dec1,REFUGE,1.0,0,0.9126937586694294,0.44201672414623633,True,0.43452098127862626,False,False,0.0,0.9126937586694294,0.44201672414623633,0.43452098127862626,1,0
B0/seed1/stage0/REFUGE/pair00,classifier.mu,REFUGE,1.0,0,0.9739468395942066,0.4658119606528752,True,0.3616591971145404,False,False,0.0,0.9739468395942066,0.4658119606528752,0.3616591971145404,1,0
B0/seed1/stage0/REFUGE/pair01,global,REFUGE,1.0,1,0.377410923291484,0.3651217908285247,True,0.6083803538630289,False,False,0.0,0.377410923291484,0.3651217908285247,0.6083803538630289,1,0
B0/seed1/stage0/REFUGE/pair01,encoder,REFUGE,1.0,1,0.5361142008388515,0.25096837980908093,True,0.5374060873938968,False,False,0.0,0.5361142008388515,0.25096837980908093,0.5374060873938968,1,0
B0/seed1/stage0/REFUGE/pair01,bottleneck,REFUGE,1.0,1,0.10080533218431705,7.703122855392466e-05,True,0.01609098220778756,False,False,0.0,0.10080533218431705,7.703122855392466e-05,0.01609098220778756,1,0
B0/seed1/stage0/REFUGE/pair01,dec3,REFUGE,1.0,1,-0.026281861852282342,-1.8327682393745622e-05,False,0.012018685246223569,False,False,0.0,-0.026281861852282342,-1.8327682393745622e-05,0.012018685246223569,1,0
B0/seed1/stage0/REFUGE/pair01,dec2,REFUGE,1.0,1,-0.3669097016945539,-0.0027174803312327977,False,0.05084937582832457,False,False,0.0,-0.3669097016945539,-0.0027174803312327977,0.05084937582832457,1,0
B0/seed1/stage0/REFUGE/pair01,dec1,REFUGE,1.0,1,0.15818377571110162,0.022224116836812073,True,0.16767933610768737,False,False,0.0,0.15818377571110162,0.022224116836812073,0.16767933610768737,1,0
B0/seed1/stage0/REFUGE/pair01,classifier.mu,REFUGE,1.0,1,0.41369922446978263,0.09458807096770439,True,0.22408918964418267,False,False,0.0,0.41369922446978263,0.09458807096770439,0.22408918964418267,1,0
B0/seed1/stage0/REFUGE/pair02,global,REFUGE,1.0,2,0.5893048544090933,0.31678837476246624,True,0.3221393541531491,False,False,0.0,0.5893048544090933,0.31678837476246624,0.3221393541531491,1,0
B0/seed1/stage0/REFUGE/pair02,encoder,REFUGE,1.0,2,0.45161611098631166,0.09290858468492247,True,0.17000134706160727,False,False,0.0,0.45161611098631166,0.09290858468492247,0.17000134706160727,1,0
B0/seed1/stage0/REFUGE/pair02,bottleneck,REFUGE,1.0,2,-0.7033424091716002,-0.0003354624138376288,False,0.012504407814796505,False,False,0.0,-0.7033424091716002,-0.0003354624138376288,0.012504407814796505,1,0
B0/seed1/stage0/REFUGE/pair02,dec3,REFUGE,1.0,2,-0.4080029015448091,-0.00012315572100011628,False,0.009648497432584401,False,False,0.0,-0.4080029015448091,-0.00012315572100011628,0.009648497432584401,1,0
B0/seed1/stage0/REFUGE/pair02,dec2,REFUGE,1.0,2,-0.03439199975148602,-0.00010274268997988857,False,0.03321176580167882,False,False,0.0,-0.03439199975148602,-0.00010274268997988857,0.03321176580167882,1,0
B0/seed1/stage0/REFUGE/pair02,dec1,REFUGE,1.0,2,0.6735224387559763,0.0840929478354834,True,0.1664465823108566,False,False,0.0,0.6735224387559763,0.0840929478354834,0.1664465823108566,1,0
B0/seed1/stage0/REFUGE/pair02,classifier.mu,REFUGE,1.0,2,0.7586338677357342,0.14034820306687837,True,0.21404757794310922,False,False,0.0,0.7586338677357342,0.14034820306687837,0.21404757794310922,1,0
B0/seed1/stage0/REFUGE/pair03,global,REFUGE,0.7775551185529053,3,-5.403496728515324e-13,-3.3910374508394625e-13,True,0.5140029446328329,False,True,-0.34045920651206774,-0.6288147880037342,-0.5075154353901006,0.6610501717092868,1,0
B0/seed1/stage0/REFUGE/pair03,encoder,REFUGE,0.7892345221589411,3,-0.16764592230646203,-0.05740615213402048,False,0.4307580682543081,False,True,-0.34045920651206774,-0.628184145758384,-0.2725500970065833,0.5457922279881712,1,0
B0/seed1/stage0/REFUGE/pair03,bottleneck,REFUGE,1.1422915072052215,3,0.48420047535147454,0.0008176916522352011,True,0.035534627715873436,False,True,-0.34045920651206774,0.03297894161260614,4.8755556574446284e-05,0.031108195667858853,1,0
B0/seed1/stage0/REFUGE/pair03,dec3,REFUGE,1.044356978799275,3,0.34282506708258875,0.00036294732680246244,True,0.0261212070585244,False,True,-0.34045920651206774,-0.19366268557199928,-0.00019632156581524959,0.02501176091010245,1,0
B0/seed1/stage0/REFUGE/pair03,dec2,REFUGE,1.0223055590208217,3,0.21772745213274458,0.0015569122652262515,True,0.09277149619524859,False,True,-0.34045920651206774,-0.06659560214646784,-0.00046581747535519974,0.09074732635133707,1,0
B0/seed1/stage0/REFUGE/pair03,dec1,REFUGE,0.7880808753245023,3,0.14963748624323597,0.020189012115912123,True,0.2204788308603506,False,True,-0.34045920651206774,-0.6267656495594629,-0.10730230786646888,0.2797667571485803,1,0
B0/seed1/stage0/REFUGE/pair03,classifier.mu,REFUGE,0.6180914256090411,3,0.35861607552248576,0.03447958877350524,True,0.13958517520169997,False,True,-0.34045920651206774,-0.8167588667205932,-0.12704964703245253,0.22583257009941315,1,0
B0/seed1/stage0/REFUGE/pair04,global,REFUGE,1.0,4,0.5340361775350344,0.43335314059097296,True,0.3568932771034728,False,False,0.0,0.5340361775350344,0.43335314059097296,0.3568932771034728,1,0
B0/seed1/stage0/REFUGE/pair04,encoder,REFUGE,1.0,4,0.27289707595329316,0.05447214885902055,True,0.14846026090283362,False,False,0.0,0.27289707595329316,0.05447214885902055,0.14846026090283362,1,0
B0/seed1/stage0/REFUGE/pair04,bottleneck,REFUGE,1.0,4,-0.032251297686721005,-4.6770291211668855e-05,False,0.0186358143253316,False,False,0.0,-0.032251297686721005,-4.6770291211668855e-05,0.0186358143253316,1,0
B0/seed1/stage0/REFUGE/pair04,dec3,REFUGE,1.0,4,0.14694925939653614,0.0001532472364953691,True,0.01174649902090291,False,False,0.0,0.14694925939653614,0.0001532472364953691,0.01174649902090291,1,0
B0/seed1/stage0/REFUGE/pair04,dec2,REFUGE,1.0,4,0.11196611218748868,0.0012014637011946757,True,0.050721840136501536,False,False,0.0,0.11196611218748868,0.0012014637011946757,0.050721840136501536,1,0
B0/seed1/stage0/REFUGE/pair04,dec1,REFUGE,1.0,4,0.5707149522753138,0.14957460039777398,True,0.2309857093589601,False,False,0.0,0.5707149522753138,0.14957460039777398,0.2309857093589601,1,0
B0/seed1/stage0/REFUGE/pair04,classifier.mu,REFUGE,1.0,4,0.7260272670820807,0.22799845068770022,True,0.22117862773018518,False,False,0.0,0.7260272670820807,0.22799845068770022,0.22117862773018518,1,0
B0/seed1/stage0/REFUGE/pair05,global,REFUGE,1.0,5,0.39129073500222283,0.14863771252339003,True,0.7730196841648069,False,False,0.0,0.39129073500222283,0.14863771252339003,0.7730196841648069,1,0
B0/seed1/stage0/REFUGE/pair05,encoder,REFUGE,1.0,5,0.05453308341555073,0.00785479989415152,True,0.40717410086447536,False,False,0.0,0.05453308341555073,0.00785479989415152,0.40717410086447536,1,0
B0/seed1/stage0/REFUGE/pair05,bottleneck,REFUGE,1.0,5,0.38817626935532756,0.0002974801467104588,True,0.02332357321510523,False,False,0.0,0.38817626935532756,0.0002974801467104588,0.02332357321510523,1,0
B0/seed1/stage0/REFUGE/pair05,dec3,REFUGE,1.0,5,0.19888677486005482,9.88615271895086e-05,True,0.02232245667604443,False,False,0.0,0.19888677486005482,9.88615271895086e-05,0.02232245667604443,1,0
B0/seed1/stage0/REFUGE/pair05,dec2,REFUGE,1.0,5,-0.09955662641247348,-0.0004053579749834042,False,0.09366763286708464,False,False,0.0,-0.09955662641247348,-0.0004053579749834042,0.09366763286708464,1,0
B0/seed1/stage0/REFUGE/pair05,dec1,REFUGE,1.0,5,0.4391803612008846,0.030958278086532207,True,0.34410013720195604,False,False,0.0,0.4391803612008846,0.030958278086532207,0.34410013720195604,1,0
B0/seed1/stage0/REFUGE/pair05,classifier.mu,REFUGE,1.0,5,0.7486374420584597,0.10983365084378977,True,0.5509517879838154,False,False,0.0,0.7486374420584597,0.10983365084378977,0.5509517879838154,1,0
B0/seed1/stage0/REFUGE/pair06,global,REFUGE,1.0,6,0.23117029961826524,0.3601192372304025,True,0.7174809649424168,False,False,0.0,0.23117029961826524,0.3601192372304025,0.7174809649424168,1,0
B0/seed1/stage0/REFUGE/pair06,encoder,REFUGE,1.0,6,0.4323280449321527,0.3237095684345424,True,0.6859894877227342,False,False,0.0,0.4323280449321527,0.3237095684345424,0.6859894877227342,1,0
B0/seed1/stage0/REFUGE/pair06,bottleneck,REFUGE,1.0,6,0.41193304215995263,0.0009427774374333947,True,0.029134949712704573,False,False,0.0,0.41193304215995263,0.0009427774374333947,0.029134949712704573,1,0
B0/seed1/stage0/REFUGE/pair06,dec3,REFUGE,1.0,6,0.44930981417691523,0.0009410730741686447,True,0.023216804804713078,False,False,0.0,0.44930981417691523,0.0009410730741686447,0.023216804804713078,1,0
B0/seed1/stage0/REFUGE/pair06,dec2,REFUGE,1.0,6,-0.16420118858305072,-0.0027515906227042995,False,0.07923752289093215,False,False,0.0,-0.16420118858305072,-0.0027515906227042995,0.07923752289093215,1,0
B0/seed1/stage0/REFUGE/pair06,dec1,REFUGE,1.0,6,-0.12105194442679398,-0.0161243395149473,False,0.17238687464955962,False,False,0.0,-0.12105194442679398,-0.0161243395149473,0.17238687464955962,1,0
B0/seed1/stage0/REFUGE/pair06,classifier.mu,REFUGE,1.0,6,0.3820947981654678,0.0534017484219093,True,0.08254497491168096,False,False,0.0,0.3820947981654678,0.0534017484219093,0.08254497491168096,1,0
B0/seed1/stage0/REFUGE/pair07,global,REFUGE,0.9402776142964641,7,-2.6814770156900167e-12,-3.0135415647267183e-13,True,0.3059989959970399,False,True,-0.30163470587570596,-0.3404085898636385,-0.04068623666127542,0.3254347347469236,1,0
B0/seed1/stage0/REFUGE/pair07,encoder,REFUGE,1.0262689685445103,7,0.23360566754799206,0.015983217928914037,True,0.2635527630478194,False,True,-0.30163470587570596,-0.06517936352596883,-0.004345400039630656,0.25680671551591283,1,0
B0/seed1/stage0/REFUGE/pair07,bottleneck,REFUGE,0.9713777735998208,7,-0.06574851904438257,-3.564968991455186e-05,False,0.029536127866272716,False,True,-0.30163470587570596,-0.2459759539964405,-0.00013730118113257925,0.030406427518734576,1,0
B0/seed1/stage0/REFUGE/pair07,dec3,REFUGE,0.943954443797479,7,-0.18186534779213095,-4.865281577422777e-05,False,0.0194971170497753,False,True,-0.30163470587570596,-0.3720503873559637,-0.00010544081359004564,0.02065472245815108,1,0
B0/seed1/stage0/REFUGE/pair07,dec2,REFUGE,0.9569074804568659,7,-0.011648022707420755,-2.7719426811642605e-05,False,0.049577116724485525,False,True,-0.30163470587570596,-0.29060679439136394,-0.0007227163023970919,0.05180972846070283,1,0
B0/seed1/stage0/REFUGE/pair07,dec1,REFUGE,0.7660794249977835,7,-0.46887302091796945,-0.010925255733789215,False,0.11949014050743824,False,True,-0.30163470587570596,-0.7363033517111411,-0.02239542696010534,0.15597617767607316,1,0
B0/seed1/stage0/REFUGE/pair07,classifier.mu,REFUGE,0.7305037337091059,7,-0.38528533266820775,-0.004945940262925795,False,0.07865762542354646,False,True,-0.30163470587570596,-0.7386336939915807,-0.012979951364419734,0.1076758704903057,1,0
B0/seed1/stage1/RIM_ONE_r3/pair00,global,RIM_ONE_r3,0.5499037722717912,0,-4.8364501047222526e-14,-9.941353296127886e-14,True,0.37451467187651,False,True,-0.10364234514099463,-0.8352280175145315,-3.1220305727763,0.6810549240811632,1,1
B0/seed1/stage1/RIM_ONE_r3/pair00,encoder,RIM_ONE_r3,1.1135952842080936,0,0.6629754214801128,0.5945521750051994,True,0.28320092202103875,False,True,-0.10364234514099463,-0.5522428886353266,-0.4447288393091529,0.254312249734813,1,1
B0/seed1/stage1/RIM_ONE_r3/pair00,bottleneck,RIM_ONE_r3,3.730225820277361,0,0.9692827476836016,0.0025039841887436994,True,0.01761766678672235,False,True,-0.10364234514099463,0.3978611369184571,0.0002755354578481857,0.00472294912842901,1,1
B0/seed1/stage1/RIM_ONE_r3/pair00,dec3,RIM_ONE_r3,1.9446229306007714,0,0.8599208082890876,0.0019592446974873124,True,0.017208274058309887,False,True,-0.10364234514099463,0.12152014776441301,0.00014237807221991632,0.008849157226071363,1,1
B0/seed1/stage1/RIM_ONE_r3/pair00,dec2,RIM_ONE_r3,0.6993460442886806,0,0.26980320261982194,0.004462199679262455,True,0.03594201383562105,False,True,-0.10364234514099463,-0.7392681802962562,-0.017482832271953134,0.0513937472430811,1,1
B0/seed1/stage1/RIM_ONE_r3/pair00,dec1,RIM_ONE_r3,0.4480571596208292,0,-0.5877022641722763,-0.2876235398757946,False,0.1843605321545383,False,True,-0.10364234514099463,-0.9319787657471479,-1.0179809693764013,0.4114665466132812,1,1
B0/seed1/stage1/RIM_ONE_r3/pair00,classifier.mu,RIM_ONE_r3,0.3262330497891096,0,-0.5678939042104797,-0.3158540636949947,False,0.15547133550357733,False,True,-0.10364234514099463,-0.9632732733627165,-1.6422558453488616,0.47656525175508846,1,1
B0/seed1/stage1/RIM_ONE_r3/pair01,global,RIM_ONE_r3,0.5122366125617058,1,-8.56279266015682e-14,-2.768341111902828e-13,True,0.7357042998535556,False,True,-0.28070249371749173,-0.8588443705068511,-5.420608362244798,1.4362587167955123,1,1
B0/seed1/stage1/RIM_ONE_r3/pair01,encoder,RIM_ONE_r3,0.5747853072114885,1,0.14477064280131097,0.059078411844096186,True,0.2696182229997681,False,True,-0.28070249371749173,-0.8225242208884224,-0.5839710889079829,0.4690764005569194,1,1
B0/seed1/stage1/RIM_ONE_r3/pair01,bottleneck,RIM_ONE_r3,3.5014097839960994,1,0.9589724536264044,0.0010867625582520854,True,0.017893452716441962,False,True,-0.28070249371749173,-0.12104435247915431,-3.917690520346223e-05,0.00511035663355589,1,1
B0/seed1/stage1/RIM_ONE_r3/pair01,dec3,RIM_ONE_r3,1.335794483273406,1,0.6667519061742222,0.0008690099250401409,True,0.022274601934658165,False,True,-0.28070249371749173,-0.09433437642411541,-9.204300904922872e-05,0.016675171378214976,1,1
B0/seed1/stage1/RIM_ONE_r3/pair01,dec2,RIM_ONE_r3,0.8530803693361817,1,-0.017737083873040117,-0.00028273258214255644,False,0.08677959316922107,False,True,-0.28070249371749173,-0.521998884479193,-0.009753786979545449,0.10172499132379284,1,1
B0/seed1/stage1/RIM_ONE_r3/pair01,dec1,RIM_ONE_r3,0.6108922072903974,1,0.05216215780001916,0.07559466593135267,True,0.5491001848103623,False,True,-0.28070249371749173,-0.7923547932207022,-1.8797093764304806,0.8988495486722401,1,1
B0/seed1/stage1/RIM_ONE_r3/pair01,classifier.mu,RIM_ONE_r3,0.3936434777153396,1,-0.10815794547326321,-0.13634611767687516,False,0.398382713428439,False,True,-0.28070249371749173,-0.920248607774538,-2.947042890012538,1.0120394112474704,1,1
B0/seed1/stage1/RIM_ONE_r3/pair02,global,RIM_ONE_r3,1.0,2,0.06224685865337931,0.11711147969205746,True,0.8124001740371487,False,False,0.0,0.06224685865337931,0.11711147969205746,0.8124001740371487,1,1
B0/seed1/stage1/RIM_ONE_r3/pair02,encoder,RIM_ONE_r3,1.0,2,-0.4919607328162603,-0.23384959691669613,False,0.45660653209731134,False,False,0.0,-0.4919607328162603,-0.23384959691669613,0.45660653209731134,1,1
B0/seed1/stage1/RIM_ONE_r3/pair02,bottleneck,RIM_ONE_r3,1.0,2,0.27463786392845785,0.0002087263644505688,True,0.01599112272443051,False,False,0.0,0.27463786392845785,0.0002087263644505688,0.01599112272443051,1,1
B0/seed1/stage1/RIM_ONE_r3/pair02,dec3,RIM_ONE_r3,1.0,2,0.11478923263569435,0.0002311626600722407,True,0.03994401438573921,False,False,0.0,0.11478923263569435,0.0002311626600722407,0.03994401438573921,1,1
B0/seed1/stage1/RIM_ONE_r3/pair02,dec2,RIM_ONE_r3,1.0,2,-0.38055032192349764,-0.004228178065014555,False,0.07890932130032238,False,False,0.0,-0.38055032192349764,-0.004228178065014555,0.07890932130032238,1,1
B0/seed1/stage1/RIM_ONE_r3/pair02,dec1,RIM_ONE_r3,1.0,2,0.41504979887349985,0.29881499038575077,True,0.477806716759991,False,False,0.0,0.41504979887349985,0.29881499038575077,0.477806716759991,1,1
B0/seed1/stage1/RIM_ONE_r3/pair02,classifier.mu,RIM_ONE_r3,1.0,2,0.08560753284107882,0.05593437526349403,True,0.463818216288863,False,False,0.0,0.08560753284107882,0.05593437526349403,0.463818216288863,1,1
B0/seed1/stage1/RIM_ONE_r3/pair03,global,RIM_ONE_r3,0.7500669331027154,3,-4.0302531034329793e-13,-3.204832232928112e-13,True,0.5383085175566608,False,True,-0.3213132931280997,-0.6613619250197937,-0.7011519523808452,0.7176806412861075,1,1
B0/seed1/stage1/RIM_ONE_r3/pair03,encoder,RIM_ONE_r3,1.3225159303393543,3,0.6563664244033599,0.15975007334732383,True,0.3326017030008986,False,True,-0.3213132931280997,-0.06686694264681475,-0.012305669971786204,0.2514916420821894,1,1
B0/seed1/stage1/RIM_ONE_r3/pair03,bottleneck,RIM_ONE_r3,3.529204669668234,3,0.9847280485946331,0.00103630627434931,True,0.021076978763049512,False,True,-0.3213132931280997,0.7889689122751243,0.00023526366869205863,0.0059721610775922696,1,1
B0/seed1/stage1/RIM_ONE_r3/pair03,dec3,RIM_ONE_r3,1.4853771491891032,3,0.7396210591929268,0.0009959829727244815,True,0.024464028555964495,False,True,-0.3213132931280997,0.024745188585800132,2.2433481347739303e-05,0.016469910399065917,1,1
B0/seed1/stage1/RIM_ONE_r3/pair03,dec2,RIM_ONE_r3,0.901826439153538,3,0.5935316336854324,0.006580148214909345,True,0.05124819043982499,False,True,-0.3213132931280997,-0.6879062717209237,-0.008456645214314383,0.05682711020085747,1,1
B0/seed1/stage1/RIM_ONE_r3/pair03,dec1,RIM_ONE_r3,0.7519395285830834,3,0.012801332746379013,0.004029293066578523,True,0.33717307832183946,False,True,-0.3213132931280997,-0.6593023600147844,-0.275978585684027,0.44840451326876146,1,1
B0/seed1/stage1/RIM_ONE_r3/pair03,classifier.mu,RIM_ONE_r3,0.49997462337628196,3,-0.8156294240863168,-0.1723918038762057,False,0.24859078369803927,False,True,-0.3213132931280997,-0.9572467466299467,-0.4046687486607573,0.4972068022559403,1,1
B0/seed1/stage1/RIM_ONE_r3/pair04,global,RIM_ONE_r3,1.0,4,0.27109886626771007,1.0540221373874226,True,1.3101909625440642,False,False,0.0,0.27109886626771007,1.0540221373874226,1.3101909625440642,1,1
B0/seed1/stage1/RIM_ONE_r3/pair04,encoder,RIM_ONE_r3,1.0,4,0.07954018103452361,0.0707207300139954,True,0.6102729058282992,False,False,0.0,0.07954018103452361,0.0707207300139954,0.6102729058282992,1,1
B0/seed1/stage1/RIM_ONE_r3/pair04,bottleneck,RIM_ONE_r3,1.0,4,0.23222393469227776,0.00030405015862009844,True,0.01705995330828308,False,False,0.0,0.23222393469227776,0.00030405015862009844,0.01705995330828308,1,1
B0/seed1/stage1/RIM_ONE_r3/pair04,dec3,RIM_ONE_r3,1.0,4,0.06180574066797642,0.0001439873682079086,True,0.035070577913464074,False,False,0.0,0.06180574066797642,0.0001439873682079086,0.035070577913464074,1,1
B0/seed1/stage1/RIM_ONE_r3/pair04,dec2,RIM_ONE_r3,1.0,4,0.6744334356316468,0.024130721688216197,True,0.15752386064450832,False,False,0.0,0.6744334356316468,0.024130721688216197,0.15752386064450832,1,1
B0/seed1/stage1/RIM_ONE_r3/pair04,dec1,RIM_ONE_r3,1.0,4,0.44031470710797127,0.7145952295552458,True,0.8043615700391267,False,False,0.0,0.44031470710797127,0.7145952295552458,0.8043615700391267,1,1
B0/seed1/stage1/RIM_ONE_r3/pair04,classifier.mu,RIM_ONE_r3,1.0,4,0.1866361676839209,0.24412741860313708,True,0.8190452058792624,False,False,0.0,0.1866361676839209,0.24412741860313708,0.8190452058792624,1,1
B0/seed1/stage1/RIM_ONE_r3/pair05,global,RIM_ONE_r3,0.9125277336723403,5,-6.145030787526595e-14,-2.680078381445128e-13,True,1.6181196024231974,False,True,-0.2690858083030303,-0.4090148350351391,-1.9548634208137685,1.7732278622495135,1,1
B0/seed1/stage1/RIM_ONE_r3/pair05,encoder,RIM_ONE_r3,1.0067118048239672,5,0.23779858779589097,0.19077315296468556,True,0.6958834067685881,False,True,-0.2690858083030303,-0.20938275555627778,-0.16685673303055953,0.6912439125418518,1,1
B0/seed1/stage1/RIM_ONE_r3/pair05,bottleneck,RIM_ONE_r3,0.9996722328927484,5,0.39705159743148793,0.00033557401515829074,True,0.016914225665402766,False,True,-0.2690858083030303,-0.39774623793662844,-0.00033627131950669006,0.016919771409933157,1,1
B0/seed1/stage1/RIM_ONE_r3/pair05,dec3,RIM_ONE_r3,1.0727965628570422,5,0.36989944538830316,0.000651632434443429,True,0.03261952384568171,False,True,-0.2690858083030303,-0.08111156805495774,-0.00013319393098435816,0.030406066699925186,1,1
B0/seed1/stage1/RIM_ONE_r3/pair05,dec2,RIM_ONE_r3,1.1138053255712759,5,0.4518691553524247,0.017973996402990945,True,0.17474528153291455,False,True,-0.2690858083030303,0.11288410272476607,0.004031395885959432,0.1568903268111839,1,1
B0/seed1/stage1/RIM_ONE_r3/pair05,dec1,RIM_ONE_r3,0.9674655599830763,5,0.19930756029733088,0.38750408863254876,True,0.9953119468839795,False,True,-0.2690858083030303,-0.3181056064759629,-0.6392758902987683,1.0287828198260518,1,1
B0/seed1/stage1/RIM_ONE_r3/pair05,classifier.mu,RIM_ONE_r3,0.8381376769021515,5,-0.3944261704162052,-0.5972384444500952,False,1.0542890602375519,False,True,-0.2690858083030303,-0.6378170909537176,-1.1522927281199093,1.257894841494681,1,1
B0/seed1/stage1/RIM_ONE_r3/pair06,global,RIM_ONE_r3,1.0,6,0.28482376592676595,0.8077028840731987,True,1.381110649170698,False,False,0.0,0.28482376592676595,0.8077028840731987,1.381110649170698,1,1
B0/seed1/stage1/RIM_ONE_r3/pair06,encoder,RIM_ONE_r3,1.0,6,-0.25985177022788697,-0.07326745177707998,False,0.39427885554475417,False,False,0.0,-0.25985177022788697,-0.07326745177707998,0.39427885554475417,1,1
B0/seed1/stage1/RIM_ONE_r3/pair06,bottleneck,RIM_ONE_r3,1.0,6,-0.20072061852196868,-9.374065900327725e-05,False,0.01546641264114944,False,False,0.0,-0.20072061852196868,-9.374065900327725e-05,0.01546641264114944,1,1
B0/seed1/stage1/RIM_ONE_r3/pair06,dec3,RIM_ONE_r3,1.0,6,0.33026023662452225,0.00031913596774732326,True,0.030664268847512544,False,False,0.0,0.33026023662452225,0.00031913596774732326,0.030664268847512544,1,1
B0/seed1/stage1/RIM_ONE_r3/pair06,dec2,RIM_ONE_r3,1.0,6,0.5169057185256681,0.009695626060527734,True,0.15919241969189973,False,False,0.0,0.5169057185256681,0.009695626060527734,0.15919241969189973,1,1
B0/seed1/stage1/RIM_ONE_r3/pair06,dec1,RIM_ONE_r3,1.0,6,0.5385615910430782,0.7192452671865521,True,0.9444476387859617,False,False,0.0,0.5385615910430782,0.7192452671865521,0.9444476387859617,1,1
B0/seed1/stage1/RIM_ONE_r3/pair06,classifier.mu,RIM_ONE_r3,1.0,6,0.12793402429299827,0.15180404729445438,True,0.9129664468770728,False,False,0.0,0.12793402429299827,0.15180404729445438,0.9129664468770728,1,1
B0/seed1/stage1/RIM_ONE_r3/pair07,global,RIM_ONE_r3,0.7005104439010761,7,-2.1283270374294897e-12,-6.143124203772388e-13,True,0.417246319687455,False,True,-0.6144689944880259,-0.7136421498100557,-0.2940470401717765,0.5956318329300702,1,1
B0/seed1/stage1/RIM_ONE_r3/pair07,encoder,RIM_ONE_r3,1.0120789555648426,7,0.447649013134583,0.022669296076909755,True,0.1893433197519089,False,True,-0.6144689944880259,-0.4253893026801966,-0.021284947003831753,0.1870835459139017,1,1
B0/seed1/stage1/RIM_ONE_r3/pair07,bottleneck,RIM_ONE_r3,5.151223965734228,7,0.9882250495997144,0.0011377066282379732,True,0.028535809231372417,False,True,-0.6144689944880259,0.6154509802582356,0.00013754900881402137,0.005539617267894326,1,1
B0/seed1/stage1/RIM_ONE_r3/pair07,dec3,RIM_ONE_r3,2.264397244870623,7,0.9144959919504589,0.0007164828154990344,True,0.02554952993577579,False,True,-0.6144689944880259,0.4008042619337847,0.00013867675963891445,0.011283148305206303,1,1
B0/seed1/stage1/RIM_ONE_r3/pair07,dec2,RIM_ONE_r3,1.2792102216697385,7,0.6273975711829768,0.002086538605531856,True,0.0604841359305568,False,True,-0.6144689944880259,0.0880070955353522,0.00022880175890921566,0.04728240511681305,1,1
B0/seed1/stage1/RIM_ONE_r3/pair07,dec1,RIM_ONE_r3,0.7203199142689507,7,0.08318845300430266,0.010765772250128494,True,0.27523295342073617,False,True,-0.6144689944880259,-0.69622546855549,-0.12508540079796415,0.3820982149300548,1,1
B0/seed1/stage1/RIM_ONE_r3/pair07,classifier.mu,RIM_ONE_r3,0.5785461080195967,7,-0.3674814190226118,-0.03737579637692133,False,0.23950995453562485,False,True,-0.6144689944880259,-0.8429028789993678,-0.14818171989734277,0.41398594030039193,1,1
B0/seed1/stage2/Drishti_GS/pair00,global,Drishti_GS,0.8780417282271741,0,-3.332612107754599e-13,-1.6168143213146635e-13,True,0.3798522947520138,False,True,-0.1621053032285119,-0.4785840819457282,-0.2644347177311198,0.4326130325479649,1,2
B0/seed1/stage2/Drishti_GS/pair00,encoder,Drishti_GS,1.118921512228691,0,0.47322814591097473,0.0682173298713512,True,0.2691227533461511,False,True,-0.1621053032285119,0.16849438019340035,0.021707506825110558,0.24051977766528668,1,2
B0/seed1/stage2/Drishti_GS/pair00,bottleneck,Drishti_GS,0.9490736755618572,0,-0.3147916391417597,-0.00016130559727290923,False,0.024127501735431683,False,True,-0.1621053032285119,-0.4341854092639836,-0.00023442371603724947,0.02542215884467353,1,2
B0/seed1/stage2/Drishti_GS/pair00,dec3,Drishti_GS,0.9591797310757312,0,-0.3271363971470498,-2.304635599471491e-05,False,0.010041699095925193,False,True,-0.1621053032285119,-0.4224142095861754,-3.102500969351e-05,0.01046904846984549,1,2
B0/seed1/stage2/Drishti_GS/pair00,dec2,Drishti_GS,0.8791360945165357,0,-0.17992316115508467,-0.00018909330055508038,False,0.020867402229157415,False,True,-0.1621053032285119,-0.502135114600125,-0.0006002795541266267,0.023736259220061996,1,2
B0/seed1/stage2/Drishti_GS/pair00,dec1,Drishti_GS,0.8660881300886573,0,0.01392196351726276,0.001494243250487001,True,0.17153986106954905,False,True,-0.1621053032285119,-0.500036736429581,-0.061967023642972074,0.19806282422089003,1,2
B0/seed1/stage2/Drishti_GS/pair00,classifier.mu,Drishti_GS,0.6822789373445154,0,-0.35001746803999667,-0.06933812786817718,False,0.20326427376073272,False,True,-0.1621053032285119,-0.7691069177862484,-0.22330947263340095,0.2979196082937188,1,2
B0/seed1/stage2/Drishti_GS/pair01,global,Drishti_GS,0.7771506617164062,1,-1.7961926421838597e-12,-2.4479572015290163e-13,True,0.20301366251089553,False,True,-0.2448850101671043,-0.6293145866685055,-0.11036045559403458,0.2612281923076818,1,2
B0/seed1/stage2/Drishti_GS/pair01,encoder,Drishti_GS,1.2626672364509612,1,0.610652159014761,0.04328213189896918,True,0.1701224104362728,False,True,-0.2448850101671043,0.013794329822221235,0.0007743306345207117,0.1347325768224128,1,2
B0/seed1/stage2/Drishti_GS/pair01,bottleneck,Drishti_GS,1.9352351191986898,1,0.9254473225161863,9.617608469679051e-05,True,0.004464504000192598,False,True,-0.2448850101671043,-0.6799971783072452,-3.6516467940631055e-05,0.0023069568942306017,1,2
B0/seed1/stage2/Drishti_GS/pair01,dec3,Drishti_GS,1.601976324902222,1,0.8525752955522777,9.64941222361136e-06,True,0.0015235948551853096,False,True,-0.2448850101671043,-0.5468970202485778,-3.863826166468676e-06,0.0009510720174209212,1,2
B0/seed1/stage2/Drishti_GS/pair01,dec2,Drishti_GS,0.605430123190932,1,-0.3265495446340332,-7.29041149082995e-05,False,0.0072926565024823324,False,True,-0.2448850101671043,-0.820085858232618,-0.00030241146820660135,0.012045414033986672,1,2
B0/seed1/stage2/Drishti_GS/pair01,dec1,Drishti_GS,0.5453111595704707,1,-0.5331808577716219,-0.01367597668520595,False,0.07577890172162485,False,True,-0.2448850101671043,-0.8872265745608583,-0.04173245740589307,0.13896451666478674,1,2
B0/seed1/stage2/Drishti_GS/pair01,classifier.mu,Drishti_GS,0.45910533156260114,1,-0.9194659113619189,-0.029639076596019866,False,0.080343230649452,False,True,-0.2448850101671043,-0.9835738246036914,-0.06905953706034851,0.17499955919918744,1,2
B0/seed1/stage2/Drishti_GS/pair02,global,Drishti_GS,0.8394567525971232,2,-1.7111151017550576e-12,-4.4089992073947926e-13,True,0.4189478083526563,False,True,-0.44096237478143663,-0.5434264996474621,-0.16680277908596158,0.4990701510905829,1,2
B0/seed1/stage2/Drishti_GS/pair02,encoder,Drishti_GS,1.1396292916399466,2,0.5324248920749649,0.0463468231104435,True,0.22420590822727232,False,True,-0.44096237478143663,-0.26346019260745623,-0.020123940311455146,0.19673582442290163,1,2
B0/seed1/stage2/Drishti_GS/pair02,bottleneck,Drishti_GS,1.6282471255684687,2,0.9694280186937497,0.0008142610069906927,True,0.015546526764559442,False,True,-0.44096237478143663,-0.9167190082872563,-0.0004728941991895006,0.009548014254366759,1,2
B0/seed1/stage2/Drishti_GS/pair02,dec3,Drishti_GS,1.8527191498196314,2,0.9717443280369418,0.00012593096217463316,True,0.006262382530634903,False,True,-0.44096237478143663,-0.8993116586091456,-6.290441681777426e-05,0.0033801035258066866,1,2
B0/seed1/stage2/Drishti_GS/pair02,dec2,Drishti_GS,1.0211054180911414,2,0.7047282965045873,0.0007572100785696524,True,0.01853057881105668,False,True,-0.44096237478143663,-0.689326188024846,-0.0007253521011612802,0.018147566825859978,1,2
B0/seed1/stage2/Drishti_GS/pair02,dec1,Drishti_GS,0.6995471585232421,2,-0.2650299749373561,-0.015377936474084725,False,0.17993226919674393,False,True,-0.44096237478143663,-0.7382460911886644,-0.061233238122504474,0.25721249383184475,1,2
B0/seed1/stage2/Drishti_GS/pair02,classifier.mu,Drishti_GS,0.8010101514010165,2,-0.3146584571486539,-0.03266628868453433,False,0.3037253052689467,False,True,-0.44096237478143663,-0.6495454002739529,-0.08418444993483347,0.37917784779345465,1,2
B0/seed1/stage2/Drishti_GS/pair03,global,Drishti_GS,0.9691748197504012,3,-2.154638337697381e-13,-1.0450321163979481e-13,True,0.44621163964906985,False,True,-0.1043564657306955,-0.24637404238631616,-0.12329574288313001,0.46040366562968077,1,2
B0/seed1/stage2/Drishti_GS/pair03,encoder,Drishti_GS,1.0723463588723214,3,0.47143987735539106,0.06953582547612801,True,0.3023927246858854,False,True,-0.1043564657306955,0.3250398281920921,0.044707851301857233,0.2819916551998007,1,2
B0/seed1/stage2/Drishti_GS/pair03,bottleneck,Drishti_GS,0.7554027257672722,3,-0.47139891050955285,-9.031117263639525e-05,False,0.006225516322925448,False,True,-0.1043564657306955,-0.745768797103031,-0.00018913790223874116,0.008241320967702508,1,2
B0/seed1/stage2/Drishti_GS/pair03,dec3,Drishti_GS,0.9372883799199277,3,-0.11796890122579819,-5.674436490479263e-06,False,0.004294545924041696,False,True,-0.1043564657306955,-0.3656725481079993,-1.8766113145856185e-05,0.004581883245377029,1,2
B0/seed1/stage2/Drishti_GS/pair03,dec2,Drishti_GS,1.0360948371245822,3,0.26223644103078775,0.0002518345651577109,True,0.020236525631470503,False,True,-0.1043564657306955,0.018148523891036786,1.6821475754720264e-05,0.019531537950359674,1,2
B0/seed1/stage2/Drishti_GS/pair03,dec1,Drishti_GS,0.9762144623976536,3,0.06312826667608322,0.006885597765169258,True,0.19675843098920381,False,True,-0.1043564657306955,-0.2253956008354014,-0.025183609824428427,0.20155246471758964,1,2
B0/seed1/stage2/Drishti_GS/pair03,classifier.mu,Drishti_GS,0.865798065822176,3,-0.36781279096473724,-0.07657727219743227,False,0.2616923195323309,False,True,-0.1043564657306955,-0.5931316318264228,-0.14262890182092905,0.30225560654703426,1,2
B0/seed1/stage2/Drishti_GS/pair04,global,Drishti_GS,0.4201590547824745,4,-5.9157526767531e-13,-5.623661258891133e-13,True,0.49811323775176164,False,True,-0.5637106359170719,-0.9074504772626985,-2.0531389883819364,1.1855349351203337,1,2
B0/seed1/stage2/Drishti_GS/pair04,encoder,Drishti_GS,0.7999224458525956,4,0.14750292143151839,0.03616408689675982,True,0.38927175483759724,False,True,-0.5637106359170719,-0.6115929467848563,-0.18745259937424136,0.4866368694313769,1,2
B0/seed1/stage2/Drishti_GS/pair04,bottleneck,Drishti_GS,1.6724623286563276,4,0.8138114147402637,0.0006790303692354922,True,0.02643439732255841,False,True,-0.5637106359170719,0.23532616033131928,0.00011740302461855482,0.015805675780928386,1,2
B0/seed1/stage2/Drishti_GS/pair04,dec3,Drishti_GS,1.8416654916012432,4,0.8398382191547168,0.0001452359973530759,True,0.010856620737589579,False,True,-0.5637106359170719,0.023503338391138273,2.2069751329177807e-06,0.005895001446842688,1,2
B0/seed1/stage2/Drishti_GS/pair04,dec2,Drishti_GS,0.6048219818680433,4,-0.4607636846610275,-0.0007594720435856105,False,0.03153707961725716,False,True,-0.5637106359170719,-0.8437137639014319,-0.002299328997907903,0.05214274706063468,1,2
B0/seed1/stage2/Drishti_GS/pair04,dec1,Drishti_GS,0.30814597117897263,4,-0.5885415621534891,-0.11922866805608437,False,0.2114410012001769,False,True,-0.5637106359170719,-0.9684711235556858,-0.6366983681888725,0.6861715582105435,1,2
B0/seed1/stage2/Drishti_GS/pair04,classifier.mu,Drishti_GS,0.26842760271597477,4,0.24334969436531095,0.08299978683575934,True,0.22375381684842216,False,True,-0.5637106359170719,-0.9655120695256877,-1.2268083018206664,0.8335723099430192,1,2
B0/seed1/stage2/Drishti_GS/pair05,global,Drishti_GS,0.48145373460878016,5,-2.0002820727038965e-12,-1.2377356084503077e-12,True,0.6492642901169249,False,True,-1.240194021966223,-0.8764715063430528,-1.1264706605453663,1.3485497015502523,1,2
B0/seed1/stage2/Drishti_GS/pair05,encoder,Drishti_GS,1.0623895947237776,5,0.5228222702561351,0.0853361296812986,True,0.46856464378191176,False,True,-1.240194021966223,-0.42407898632170227,-0.06515410870549618,0.4410478473330107,1,2
B0/seed1/stage2/Drishti_GS/pair05,bottleneck,Drishti_GS,1.9998232794798088,5,0.8730800937496553,0.0005198242719006476,True,0.027392946191597302,False,True,-1.240194021966223,-0.221908631813076,-6.606706953458914e-05,0.013697683426668938,1,2
B0/seed1/stage2/Drishti_GS/pair05,dec3,Drishti_GS,1.3854710324478265,5,0.7779366996394572,4.0733423668720404e-05,True,0.007570290865264573,False,True,-1.240194021966223,-0.4920790044451001,-1.8597049184663204e-05,0.005464055680680319,1,2
B0/seed1/stage2/Drishti_GS/pair05,dec2,Drishti_GS,0.734063852600243,5,0.5579893914658419,0.0007532597604919946,True,0.03196702597524524,False,True,-1.240194021966223,-0.7930462100076895,-0.0014584229200271018,0.04354801814857088,1,2
B0/seed1/stage2/Drishti_GS/pair05,dec1,Drishti_GS,0.4358872395898595,5,-0.17624665058876465,-0.02779719363103934,False,0.3211911093046,False,True,-1.240194021966223,-0.9032741499800991,-0.3268327034140262,0.7368674283900102,1,2
B0/seed1/stage2/Drishti_GS/pair05,classifier.mu,Drishti_GS,0.29983032979327584,5,-0.2563137672511044,-0.05885275350755807,False,0.3114450044031926,False,True,-1.240194021966223,-0.9570829610928914,-0.7329407613870971,1.0387374906932356,1,2
B0/seed1/stage2/Drishti_GS/pair06,global,Drishti_GS,0.5343209495545174,6,-1.260518072202186e-12,-6.499627225320381e-13,True,0.46030758065617094,False,True,-0.6500640322869725,-0.8452816825574536,-0.8157153373601385,0.8614814392734291,1,2
B0/seed1/stage2/Drishti_GS/pair06,encoder,Drishti_GS,0.8336584245171043,6,0.08740152502829315,0.0136209652549427,True,0.3661598593131035,False,True,-0.6500640322869725,-0.5570661096975148,-0.1041375771831674,0.43922048712600875,1,2
B0/seed1/stage2/Drishti_GS/pair06,bottleneck,Drishti_GS,0.9987589414654012,6,0.9402410921256035,0.00043286158857742604,True,0.012610892560823386,False,True,-0.6500640322869725,-0.940394026986826,-0.00043346995724436246,0.012626562864428934,1,2
B0/seed1/stage2/Drishti_GS/pair06,dec3,Drishti_GS,1.243737690684737,6,0.8894218359285498,6.480546050502402e-05,True,0.00552637440429172,False,True,-0.6500640322869725,-0.8226855425436167,-4.8195765577932614e-05,0.00444336007960745,1,2
B0/seed1/stage2/Drishti_GS/pair06,dec2,Drishti_GS,0.49341269018264083,6,0.34631737320754635,0.00025250579947535753,True,0.014872462651447671,False,True,-0.6500640322869725,-0.8864214564621758,-0.0013098664648683526,0.030142035151026425,1,2
B0/seed1/stage2/Drishti_GS/pair06,dec1,Drishti_GS,0.4740593107386953,6,-0.21425653718996757,-0.026322834132490956,False,0.21964676549993814,False,True,-0.6500640322869725,-0.8863319338894804,-0.22970068046907097,0.46333182478301527,1,2
B0/seed1/stage2/Drishti_GS/pair06,classifier.mu,Drishti_GS,0.29568129552318706,6,0.08045543374432867,0.01195169602834058,True,0.17074706167956893,False,True,-0.6500640322869725,-0.9555828043339,-0.48008554752021,0.5774699457314137,1,2
B0/seed1/stage2/Drishti_GS/pair07,global,Drishti_GS,0.5451353415940817,7,-8.455945655699875e-13,-2.417181038660843e-13,True,0.2120829286992127,False,True,-0.24198277361389434,-0.8383480538207887,-0.4396094478360415,0.3890463753075355,1,2
B0/seed1/stage2/Drishti_GS/pair07,encoder,Drishti_GS,0.9301977309950777,7,0.293135053748927,0.01784679049070048,True,0.13702050715160322,False,True,-0.24198277361389434,-0.4572560033458013,-0.029927918336825014,0.1473025600750775,1,2
B0/seed1/stage2/Drishti_GS/pair07,bottleneck,Drishti_GS,1.0551199223287981,7,0.3239235769194068,5.2985862437491074e-05,True,0.010202488968347231,False,True,-0.24198277361389434,-0.05944998491333545,-9.216528568728528e-06,0.009669506520006657,1,2
B0/seed1/stage2/Drishti_GS/pair07,dec3,Drishti_GS,1.2985843234250911,7,0.662736331152983,2.693482313547887e-05,True,0.004511351221086449,False,True,-0.24198277361389434,0.2331176434150915,7.295891004881959e-06,0.0034740533515663424,1,2
B0/seed1/stage2/Drishti_GS/pair07,dec2,Drishti_GS,0.8581024319609156,7,0.11375730195781948,5.499500377608892e-05,True,0.01272144043816713,False,True,-0.24198277361389434,-0.5226748377235124,-0.00029446685186869295,0.014825083771288692,1,2
B0/seed1/stage2/Drishti_GS/pair07,dec1,Drishti_GS,0.5526252282388471,7,0.028544505036463563,0.0021164305702442397,True,0.10804485184829009,False,True,-0.24198277361389434,-0.8335791439561844,-0.1118401245537053,0.19551197869235284,1,2
B0/seed1/stage2/Drishti_GS/pair07,classifier.mu,Drishti_GS,0.3954073986303072,7,-0.15726542653620876,-0.02009813675053534,False,0.11935066458475635,False,True,-0.24198277361389434,-0.9206084010964836,-0.29754501745607875,0.30184226445480666,1,2
B0/seed2/stage0/REFUGE/pair00,global,REFUGE,1.0,0,0.29034776242850063,0.010529142633977629,True,0.06350137143585974,False,False,0.0,0.29034776242850063,0.010529142633977629,0.06350137143585974,2,0
B0/seed2/stage0/REFUGE/pair00,encoder,REFUGE,1.0,0,0.005512593686197483,5.85283448357157e-05,True,0.042173618208173044,False,False,0.0,0.005512593686197483,5.85283448357157e-05,0.042173618208173044,2,0
B0/seed2/stage0/REFUGE/pair00,bottleneck,REFUGE,1.0,0,0.5888517905666046,0.00018592653820894648,True,0.007093633679135411,False,False,0.0,0.5888517905666046,0.00018592653820894648,0.007093633679135411,2,0
B0/seed2/stage0/REFUGE/pair00,dec3,REFUGE,1.0,0,0.6237132020286026,2.301287171896031e-05,True,0.002429688532634027,False,False,0.0,0.6237132020286026,2.301287171896031e-05,0.002429688532634027,2,0
B0/seed2/stage0/REFUGE/pair00,dec2,REFUGE,1.0,0,0.1295853473372878,6.749694928926104e-05,True,0.007276657385767745,False,False,0.0,0.1295853473372878,6.749694928926104e-05,0.007276657385767745,2,0
B0/seed2/stage0/REFUGE/pair00,dec1,REFUGE,1.0,0,0.050825484626648404,0.0005388917472436509,True,0.038398329778100315,False,False,0.0,0.050825484626648404,0.0005388917472436509,0.038398329778100315,2,0
B0/seed2/stage0/REFUGE/pair00,classifier.mu,REFUGE,1.0,0,0.8811196996339216,0.009655286182681095,True,0.02588832949167106,False,False,0.0,0.8811196996339216,0.009655286182681095,0.02588832949167106,2,0
B0/seed2/stage0/REFUGE/pair01,global,REFUGE,0.9792106113611858,1,-1.9472706210974373e-13,-4.538383557850523e-14,True,0.2261503184507428,False,True,-0.045457994837045275,-0.20284619443718888,-0.04827981961673305,0.23095166231539777,2,0
B0/seed2/stage0/REFUGE/pair01,encoder,REFUGE,1.0054135188358129,1,0.10449933763000825,0.012113350069121138,True,0.2113828571446894,False,True,-0.045457994837045275,-0.013502599505775733,-0.001556766210043027,0.210244693536102,2,0
B0/seed2/stage0/REFUGE/pair01,bottleneck,REFUGE,1.043767147621404,1,0.3302439956748041,0.0002671308975001589,True,0.014880377850278011,False,True,-0.045457994837045275,0.17136726025208127,0.0001328046932694439,0.014256415220759018,2,0
B0/seed2/stage0/REFUGE/pair01,dec3,REFUGE,1.080909193452898,1,0.5752714727513072,7.356403980769803e-05,True,0.006375158125507008,False,True,-0.045457994837045275,0.46721593666749756,5.527403508911411e-05,0.005897959018316754,2,0
B0/seed2/stage0/REFUGE/pair01,dec2,REFUGE,1.004871774656274,1,0.1494049101019279,0.0002170480112144908,True,0.01588018041662642,False,True,-0.045457994837045275,-0.1130157833042351,-0.00016338771230791456,0.015803190832042614,2,0
B0/seed2/stage0/REFUGE/pair01,dec1,REFUGE,0.8936634389471527,1,-0.2026304161469797,-0.007772472820542744,False,0.07173503643617914,False,True,-0.045457994837045275,-0.4838975652587719,-0.020769881654135215,0.08027075217566468,2,0
B0/seed2/stage0/REFUGE/pair01,classifier.mu,REFUGE,0.6027935926972234,1,-0.2541620176127546,-0.004898620197146074,False,0.028303539921075684,False,True,-0.045457994837045275,-0.8124729790469054,-0.025977862768605454,0.04695394951766224,2,0
B0/seed2/stage0/REFUGE/pair02,global,REFUGE,1.0,2,0.33912614908876115,0.047271063881131156,True,0.1355620453877398,False,False,0.0,0.33912614908876115,0.047271063881131156,0.1355620453877398,2,0
B0/seed2/stage0/REFUGE/pair02,encoder,REFUGE,1.0,2,0.1594646332527341,0.009892486086544156,True,0.10435833982379941,False,False,0.0,0.1594646332527341,0.009892486086544156,0.10435833982379941,2,0
B0/seed2/stage0/REFUGE/pair02,bottleneck,REFUGE,1.0,2,-0.20202949715034016,-0.000137656228207267,False,0.011716114521601569,False,False,0.0,-0.20202949715034016,-0.000137656228207267,0.011716114521601569,2,0
B0/seed2/stage0/REFUGE/pair02,dec3,REFUGE,1.0,2,0.18997361688028575,1.60450755671622e-05,True,0.0038412679668710058,False,False,0.0,0.18997361688028575,1.60450755671622e-05,0.0038412679668710058,2,0
B0/seed2/stage0/REFUGE/pair02,dec2,REFUGE,1.0,2,0.6660880671422879,0.0013913203438307795,True,0.015588124949522846,False,False,0.0,0.6660880671422879,0.0013913203438307795,0.015588124949522846,2,0
B0/seed2/stage0/REFUGE/pair02,dec1,REFUGE,1.0,2,0.5962050928225598,0.022687140533645983,True,0.05771661711935678,False,False,0.0,0.5962050928225598,0.022687140533645983,0.05771661711935678,2,0
B0/seed2/stage0/REFUGE/pair02,classifier.mu,REFUGE,1.0,2,0.4400358408597552,0.01342172806975037,True,0.061320346123511046,False,False,0.0,0.4400358408597552,0.01342172806975037,0.061320346123511046,2,0
B0/seed2/stage0/REFUGE/pair03,global,REFUGE,1.0,3,0.3154530926445099,0.21541614002433934,True,0.8906224251612124,False,False,0.0,0.3154530926445099,0.21541614002433934,0.8906224251612124,2,0
B0/seed2/stage0/REFUGE/pair03,encoder,REFUGE,1.0,3,0.37833797493235677,0.14344798654952987,True,0.8348822196856952,False,False,0.0,0.37833797493235677,0.14344798654952987,0.8348822196856952,2,0
B0/seed2/stage0/REFUGE/pair03,bottleneck,REFUGE,1.0,3,0.6750993345805384,0.001211310059564931,True,0.041003604831081085,False,False,0.0,0.6750993345805384,0.001211310059564931,0.041003604831081085,2,0
B0/seed2/stage0/REFUGE/pair03,dec3,REFUGE,1.0,3,0.641732799008729,0.00015555041948723034,True,0.014325998242928798,False,False,0.0,0.641732799008729,0.00015555041948723034,0.014325998242928798,2,0
B0/seed2/stage0/REFUGE/pair03,dec2,REFUGE,1.0,3,0.2531723586075443,0.0010049031449946384,True,0.06244701206384236,False,False,0.0,0.2531723586075443,0.0010049031449946384,0.06244701206384236,2,0
B0/seed2/stage0/REFUGE/pair03,dec1,REFUGE,1.0,3,0.1431873614389895,0.011577340200643889,True,0.19629438170809982,False,False,0.0,0.1431873614389895,0.011577340200643889,0.19629438170809982,2,0
B0/seed2/stage0/REFUGE/pair03,classifier.mu,REFUGE,1.0,3,0.5616671719934504,0.05801904965011929,True,0.22773304549860227,False,False,0.0,0.5616671719934504,0.05801904965011929,0.22773304549860227,2,0
B0/seed2/stage0/REFUGE/pair04,global,REFUGE,1.0,4,0.018271852725690787,0.0009664166056837108,True,0.07633627947893712,False,False,0.0,0.018271852725690787,0.0009664166056837108,0.07633627947893712,2,0
B0/seed2/stage0/REFUGE/pair04,encoder,REFUGE,1.0,4,0.022306618383351434,0.0006828517544520382,True,0.04581922254019147,False,False,0.0,0.022306618383351434,0.0006828517544520382,0.04581922254019147,2,0
B0/seed2/stage0/REFUGE/pair04,bottleneck,REFUGE,1.0,4,-0.28380932312772983,-8.476894410077215e-05,False,0.004778963759471491,False,False,0.0,-0.28380932312772983,-8.476894410077215e-05,0.004778963759471491,2,0
B0/seed2/stage0/REFUGE/pair04,dec3,REFUGE,1.0,4,-0.5487747600762274,-2.7913187218649223e-05,False,0.0016675999436518627,False,False,0.0,-0.5487747600762274,-2.7913187218649223e-05,0.0016675999436518627,2,0
B0/seed2/stage0/REFUGE/pair04,dec2,REFUGE,1.0,4,0.09334073013365748,4.7008194047235075e-05,True,0.008188172504415395,False,False,0.0,0.09334073013365748,4.7008194047235075e-05,0.008188172504415395,2,0
B0/seed2/stage0/REFUGE/pair04,dec1,REFUGE,1.0,4,0.007840943357612335,5.3979678218867385e-05,True,0.049131241341885866,False,False,0.0,0.007840943357612335,5.3979678218867385e-05,0.049131241341885866,2,0
B0/seed2/stage0/REFUGE/pair04,classifier.mu,REFUGE,1.0,4,0.11446132855212936,0.00029525911028498815,True,0.03494684508729978,False,False,0.0,0.11446132855212936,0.00029525911028498815,0.03494684508729978,2,0
B0/seed2/stage0/REFUGE/pair05,global,REFUGE,1.0,5,0.546752994306452,0.2379486514371869,True,0.26398127852783226,False,False,0.0,0.546752994306452,0.2379486514371869,0.26398127852783226,2,0
B0/seed2/stage0/REFUGE/pair05,encoder,REFUGE,1.0,5,0.5939377658241635,0.11905954857382282,True,0.23583432317488082,False,False,0.0,0.5939377658241635,0.11905954857382282,0.23583432317488082,2,0
B0/seed2/stage0/REFUGE/pair05,bottleneck,REFUGE,1.0,5,0.6802232017368749,0.0011766444868213113,True,0.017595547354716787,False,False,0.0,0.6802232017368749,0.0011766444868213113,0.017595547354716787,2,0
B0/seed2/stage0/REFUGE/pair05,dec3,REFUGE,1.0,5,0.5339395129148347,0.00013248716638558842,True,0.005975162710200388,False,False,0.0,0.5339395129148347,0.00013248716638558842,0.005975162710200388,2,0
B0/seed2/stage0/REFUGE/pair05,dec2,REFUGE,1.0,5,0.7192404829628222,0.0029830349471903013,True,0.02389632341737507,False,False,0.0,0.7192404829628222,0.0029830349471903013,0.02389632341737507,2,0
B0/seed2/stage0/REFUGE/pair05,dec1,REFUGE,1.0,5,0.5764577673448229,0.03324585946959041,True,0.07093730077950906,False,False,0.0,0.5764577673448229,0.03324585946959041,0.07093730077950906,2,0
B0/seed2/stage0/REFUGE/pair05,classifier.mu,REFUGE,1.0,5,0.7939628703236593,0.08135107679337679,True,0.09011019173744929,False,False,0.0,0.7939628703236593,0.08135107679337679,0.09011019173744929,2,0
B0/seed2/stage0/REFUGE/pair06,global,REFUGE,1.0,6,0.3821582163372491,0.14745070314711423,True,0.33100994378089027,False,False,0.0,0.3821582163372491,0.14745070314711423,0.33100994378089027,2,0
B0/seed2/stage0/REFUGE/pair06,encoder,REFUGE,1.0,6,0.1420653574745705,0.02632896044692828,True,0.29828108854650975,False,False,0.0,0.1420653574745705,0.02632896044692828,0.29828108854650975,2,0
B0/seed2/stage0/REFUGE/pair06,bottleneck,REFUGE,1.0,6,-0.06165091294621784,-8.444080232289299e-05,False,0.021541646844715233,False,False,0.0,-0.06165091294621784,-8.444080232289299e-05,0.021541646844715233,2,0
B0/seed2/stage0/REFUGE/pair06,dec3,REFUGE,1.0,6,0.11568416214017385,1.24007816679022e-05,True,0.006127984041608889,False,False,0.0,0.11568416214017385,1.24007816679022e-05,0.006127984041608889,2,0
B0/seed2/stage0/REFUGE/pair06,dec2,REFUGE,1.0,6,0.625727640552672,0.0013464356175745006,True,0.01637095335587463,False,False,0.0,0.625727640552672,0.0013464356175745006,0.01637095335587463,2,0
B0/seed2/stage0/REFUGE/pair06,dec1,REFUGE,1.0,6,0.7426837760112928,0.04609204271560668,True,0.09604109511241743,False,False,0.0,0.7426837760112928,0.04609204271560668,0.09604109511241743,2,0
B0/seed2/stage0/REFUGE/pair06,classifier.mu,REFUGE,1.0,6,0.9807026306630925,0.07375530438765965,True,0.10296834608737268,False,False,0.0,0.9807026306630925,0.07375530438765965,0.10296834608737268,2,0
B0/seed2/stage0/REFUGE/pair07,global,REFUGE,1.0,7,0.5723682198017165,0.2951389139174069,True,0.5850985448245368,False,False,0.0,0.5723682198017165,0.2951389139174069,0.5850985448245368,2,0
B0/seed2/stage0/REFUGE/pair07,encoder,REFUGE,1.0,7,0.6638974471918612,0.1901482788023966,True,0.4977932100437425,False,False,0.0,0.6638974471918612,0.1901482788023966,0.4977932100437425,2,0
B0/seed2/stage0/REFUGE/pair07,bottleneck,REFUGE,1.0,7,0.5068290014455227,0.0012336031030397883,True,0.03631855920187645,False,False,0.0,0.5068290014455227,0.0012336031030397883,0.03631855920187645,2,0
B0/seed2/stage0/REFUGE/pair07,dec3,REFUGE,1.0,7,0.4756884712339776,0.00012477569196310198,True,0.011024036443175974,False,False,0.0,0.4756884712339776,0.00012477569196310198,0.011024036443175974,2,0
B0/seed2/stage0/REFUGE/pair07,dec2,REFUGE,1.0,7,0.6777078024984136,0.003634521677131645,True,0.05518692343712573,False,False,0.0,0.6777078024984136,0.003634521677131645,0.05518692343712573,2,0
B0/seed2/stage0/REFUGE/pair07,dec1,REFUGE,1.0,7,0.3345604319162395,0.02776852453400537,True,0.18983716454814734,False,False,0.0,0.3345604319162395,0.02776852453400537,0.18983716454814734,2,0
B0/seed2/stage0/REFUGE/pair07,classifier.mu,REFUGE,1.0,7,0.6343899906480883,0.07222921010887116,True,0.2324175434557466,False,False,0.0,0.6343899906480883,0.07222921010887116,0.2324175434557466,2,0
B0/seed2/stage1/RIM_ONE_r3/pair00,global,RIM_ONE_r3,0.9956969578541934,0,-6.230324862342498e-14,-1.1591205426042528e-14,True,0.1530384375925024,False,True,-0.011716315374604392,-0.0926691325086381,-0.017315132838857713,0.1536998143715458,2,1
B0/seed2/stage1/RIM_ONE_r3/pair00,encoder,RIM_ONE_r3,0.9959675302421961,0,-0.007767840425014062,-0.0011264153742457461,False,0.14338002447211487,False,True,-0.011716315374604392,-0.09004738972412152,-0.013110649953830272,0.1439605410000145,2,1
B0/seed2/stage1/RIM_ONE_r3/pair00,bottleneck,RIM_ONE_r3,1.0765335099412565,0,0.5483380158073516,0.0001975899077050149,True,0.005415941254042808,False,True,-0.011716315374604392,0.43535584079535744,0.00014572471835960776,0.0050309081919227405,2,1
B0/seed2/stage1/RIM_ONE_r3/pair00,dec3,RIM_ONE_r3,1.1000950450771714,0,0.5787637399002006,4.233435778907226e-05,True,0.002199308835539577,False,True,-0.011716315374604392,0.4417822663438789,2.9374449192916956e-05,0.0019991989286573834,2,1
B0/seed2/stage1/RIM_ONE_r3/pair00,dec2,RIM_ONE_r3,0.9338258603275709,0,-0.40742860871860537,-0.0005266170164081078,False,0.009987769964833162,False,True,-0.011716315374604392,-0.5222304884089046,-0.0007228358661032292,0.010695537989630759,2,1
B0/seed2/stage1/RIM_ONE_r3/pair00,dec1,RIM_ONE_r3,0.9892515047061027,0,0.054104607376999285,0.000997305619048677,True,0.03195426418366145,False,True,-0.011716315374604392,-0.1557118455494305,-0.0029014089658012873,0.0323014562339784,2,1
B0/seed2/stage1/RIM_ONE_r3/pair00,classifier.mu,RIM_ONE_r3,0.9988374361879861,0,0.03182313640217135,0.00041580250609949516,True,0.04132713437584579,False,True,-0.011716315374604392,-0.0577419670945399,-0.0007553372206754735,0.04137523572761626,2,1
B0/seed2/stage1/RIM_ONE_r3/pair01,global,RIM_ONE_r3,0.9405623721641545,1,-8.22302434729696e-14,-6.343710279299586e-14,True,0.3710303127255279,False,True,-0.06443383154439421,-0.33962100063002426,-0.2785599660533029,0.3944770955187358,2,1
B0/seed2/stage1/RIM_ONE_r3/pair01,encoder,RIM_ONE_r3,1.011982923820245,1,0.19028261799359503,0.10096317207384917,True,0.3360033383580323,False,True,-0.06443383154439421,-0.1138902036048343,-0.05971412238561658,0.3320247115332901,2,1
B0/seed2/stage1/RIM_ONE_r3/pair01,bottleneck,RIM_ONE_r3,1.1607090448438813,1,0.6437055023207758,0.0015468096070667472,True,0.02498838637841992,False,True,-0.06443383154439421,0.4593417099795648,0.0009509597891929831,0.02152855316276176,2,1
B0/seed2/stage1/RIM_ONE_r3/pair01,dec3,RIM_ONE_r3,1.2900534159555221,1,0.8176517538809769,0.0005195715240608112,True,0.01171011877399743,False,True,-0.06443383154439421,0.6696235382095085,0.000329837466865422,0.00907723558510477,2,1
B0/seed2/stage1/RIM_ONE_r3/pair01,dec2,RIM_ONE_r3,0.8705279245865248,1,-0.13547955021002536,-0.0008834450328083346,False,0.03069876096536005,False,True,-0.06443383154439421,-0.5060540257152322,-0.0037907047924540358,0.03526453327725364,2,1
B0/seed2/stage1/RIM_ONE_r3/pair01,dec1,RIM_ONE_r3,0.7342832479652144,1,-0.5535950913764305,-0.08164000891267445,False,0.13466535657243925,False,True,-0.06443383154439421,-0.7912438220944181,-0.15891230411654284,0.18339701599568403,2,1
B0/seed2/stage1/RIM_ONE_r3/pair01,classifier.mu,RIM_ONE_r3,0.7037301660152413,1,-0.385969588788967,-0.020506099259556522,False,0.0701892516869437,False,True,-0.06443383154439421,-0.7606184535670308,-0.05742363201474825,0.09973887020415657,2,1
B0/seed2/stage1/RIM_ONE_r3/pair02,global,RIM_ONE_r3,0.6102967512298878,2,-3.921646782663515e-14,-4.5140974291868474e-14,True,0.22502772576863103,False,True,-0.05710163214305205,-0.7921728822916444,-1.494105852816202,0.36871853785088743,2,1
B0/seed2/stage1/RIM_ONE_r3/pair02,encoder,RIM_ONE_r3,0.7003035385215051,2,0.1556013536652535,0.13157571084732253,True,0.20170958845134168,False,True,-0.05710163214305205,-0.7221142692643845,-0.8719306823135862,0.28803165678299303,2,1
B0/seed2/stage1/RIM_ONE_r3/pair02,bottleneck,RIM_ONE_r3,1.0355984486491536,2,0.2640212226473094,0.00026644663365825525,True,0.013628163840388433,False,True,-0.05710163214305205,-0.04789918972116883,-4.6677563172355945e-05,0.013159698972285217,2,1
B0/seed2/stage1/RIM_ONE_r3/pair02,dec3,RIM_ONE_r3,0.9121375243081239,2,0.020527208807582374,9.280125099267892e-06,True,0.007408321870234921,False,True,-0.05710163214305205,-0.41031172460384824,-0.0002033656200478884,0.008121935204731649,2,1
B0/seed2/stage1/RIM_ONE_r3/pair02,dec2,RIM_ONE_r3,0.622532254351295,2,-0.4210109996996329,-0.005874281051230635,False,0.029675336894759177,False,True,-0.05710163214305205,-0.8253158756164338,-0.01849778042290833,0.04766875400806684,2,1
B0/seed2/stage1/RIM_ONE_r3/pair02,dec1,RIM_ONE_r3,0.4163998385470528,2,-0.5036194111023463,-0.08920429500896825,False,0.07630414120256628,False,True,-0.05710163214305205,-0.9330531698145625,-0.3968982139793019,0.1832472881565346,2,1
B0/seed2/stage1/RIM_ONE_r3/pair02,classifier.mu,RIM_ONE_r3,0.4218263591433708,2,-0.38892009978194536,-0.03677286154592574,False,0.05483759316674106,False,True,-0.05710163214305205,-0.9213995549436015,-0.2065291329171906,0.13000039466026542,2,1
B0/seed2/stage1/RIM_ONE_r3/pair03,global,RIM_ONE_r3,0.9871982873881097,3,-2.0974872493797068e-14,-7.567904636296419e-14,True,1.3538398391812125,False,True,-0.08207454878519262,-0.15949777859889339,-0.582943638008177,1.371396057384934,2,1
B0/seed2/stage1/RIM_ONE_r3/pair03,encoder,RIM_ONE_r3,1.0236488936901702,3,0.2191406601176621,0.6142020442685839,True,1.1610321790987648,False,True,-0.08207454878519262,0.0496366102752451,0.13590623648377842,1.1342093820014196,2,1
B0/seed2/stage1/RIM_ONE_r3/pair03,bottleneck,RIM_ONE_r3,0.8888130602260559,3,-0.43858092462093445,-0.0010178139756001087,False,0.028270519885959248,False,True,-0.08207454878519262,-0.601637940626018,-0.0015708816246713304,0.031807048243383235,2,1
B0/seed2/stage1/RIM_ONE_r3/pair03,dec3,RIM_ONE_r3,0.9323318051551859,3,-0.17203588787628196,-0.00014474828935830047,False,0.016545547085962488,False,True,-0.08207454878519262,-0.39558034622104804,-0.0003569920897968574,0.017746414950639267,2,1
B0/seed2/stage1/RIM_ONE_r3/pair03,dec2,RIM_ONE_r3,0.9200034171072777,3,-0.4590086461341645,-0.011587558111920353,False,0.11131498472414127,False,True,-0.08207454878519262,-0.5761268555477509,-0.015808830331032732,0.12099409921122205,2,1
B0/seed2/stage1/RIM_ONE_r3/pair03,dec1,RIM_ONE_r3,0.8898295149712498,3,-0.8345233165702878,-0.43816276094412737,False,0.5452360609866375,False,True,-0.08207454878519262,-0.8715696507498856,-0.5142712918257013,0.612742162193006,2,1
B0/seed2/stage1/RIM_ONE_r3/pair03,classifier.mu,RIM_ONE_r3,0.9264736371844199,3,-0.7304518121946599,-0.16328916294765122,False,0.41730111886268034,False,True,-0.08207454878519262,-0.774357482764035,-0.18684187862075177,0.45041877298405436,2,1
B0/seed2/stage1/RIM_ONE_r3/pair04,global,RIM_ONE_r3,0.7119063330267211,4,-1.9259915076519514e-12,-6.508996900495001e-13,True,0.4733470519356183,False,True,-0.6540088948617967,-0.7022744285508727,-0.3333831882297977,0.6649007460337503,2,1
B0/seed2/stage1/RIM_ONE_r3/pair04,encoder,RIM_ONE_r3,0.8223770033337746,4,0.09959114897512635,0.02206860577431983,True,0.4260080795257691,False,True,-0.6540088948617967,-0.5748077202707365,-0.15488372642875442,0.5180204186143408,2,1
B0/seed2/stage1/RIM_ONE_r3/pair04,bottleneck,RIM_ONE_r3,1.3769549764154922,4,0.7626229384003339,0.0014449374487791084,True,0.03367368056964691,False,True,-0.6540088948617967,-0.45464232947992184,-0.0006255892989419931,0.02445517910636896,2,1
B0/seed2/stage1/RIM_ONE_r3/pair04,dec3,RIM_ONE_r3,2.010177862624451,4,0.8753416384237538,0.0011691273568898387,True,0.02966846659119049,False,True,-0.6540088948617967,-0.23526648234796455,-0.000156318294626483,0.014759125121622765,2,1
B0/seed2/stage1/RIM_ONE_r3/pair04,dec2,RIM_ONE_r3,0.9369868290352025,4,0.68821374936365,0.005855349417952812,True,0.061504781310643714,False,True,-0.6540088948617967,-0.7334054933654415,-0.0066594773212487945,0.06564103080720357,2,1
B0/seed2/stage1/RIM_ONE_r3/pair04,dec1,RIM_ONE_r3,0.5192495845062877,4,-0.27858685939944117,-0.01897561474362376,False,0.17897487351363855,False,True,-0.6540088948617967,-0.8667786680793418,-0.11370178529385752,0.34467985888483904,2,1
B0/seed2/stage1/RIM_ONE_r3/pair04,classifier.mu,RIM_ONE_r3,0.30863603137328693,4,-0.6342961707739765,-0.011562405254968565,False,0.06888809482513364,False,True,-0.6540088948617967,-0.971117079713518,-0.05735629159236752,0.22320172573051056,2,1
B0/seed2/stage1/RIM_ONE_r3/pair05,global,RIM_ONE_r3,0.6186384975494374,5,-4.1477923952047845e-13,-5.181688411681762e-13,True,0.7243766390310594,False,True,-0.5334343816529045,-0.7856757660446126,-1.5865753349091412,1.1709207265640174,2,1
B0/seed2/stage1/RIM_ONE_r3/pair05,encoder,RIM_ONE_r3,0.6485063955440199,5,-0.07415115183273432,-0.06310866871755215,False,0.6418592509853984,False,True,-0.5334343816529045,-0.7627265973003272,-1.0009807944753795,0.9897500709255992,2,1
B0/seed2/stage1/RIM_ONE_r3/pair05,bottleneck,RIM_ONE_r3,3.1273957535373826,5,0.9702353081063272,0.010352662278239805,True,0.08645956433791006,False,True,-0.5334343816529045,0.6530173481266469,0.002228008526343848,0.027645866130027213,2,1
B0/seed2/stage1/RIM_ONE_r3/pair05,dec3,RIM_ONE_r3,2.6191471870349154,5,0.9488043864102677,0.0015613984677466416,True,0.03457534558120396,False,True,-0.5334343816529045,0.5617677139382756,0.0003529668634958947,0.013200993725116312,2,1
B0/seed2/stage1/RIM_ONE_r3/pair05,dec2,RIM_ONE_r3,1.1273766207308231,5,0.4805807050264416,0.008341131417671257,True,0.12281411890045552,False,True,-0.5334343816529045,-0.15021406722898958,-0.0023125983666269006,0.10893796859193437,2,1
B0/seed2/stage1/RIM_ONE_r3/pair05,dec1,RIM_ONE_r3,0.5355533001373676,5,-0.07287690182447734,-0.015310204643072593,False,0.272815668456658,False,True,-0.5334343816529045,-0.8454028399950501,-0.3316286911610838,0.5094089951208997,2,1
B0/seed2/stage1/RIM_ONE_r3/pair05,classifier.mu,RIM_ONE_r3,0.349524314627108,5,0.6299704041449609,0.05816368119644937,True,0.12064745979130329,False,True,-0.5334343816529045,-0.9624533121257832,-0.25423422629588865,0.3451761572582346,2,1
B0/seed2/stage1/RIM_ONE_r3/pair06,global,RIM_ONE_r3,0.825952107652424,6,-2.291859039550584e-13,-3.324890276296122e-14,True,0.08450295861431026,False,True,-0.03359530777942652,-0.5637402911487878,-0.09901788021097534,0.10230975601538228,2,1
B0/seed2/stage1/RIM_ONE_r3/pair06,encoder,RIM_ONE_r3,0.9131815779815591,6,0.04032809674544016,0.0033158789422908824,True,0.07520146570153002,False,True,-0.03359530777942652,-0.4092134215285078,-0.036845433301141,0.0823510542862141,2,1
B0/seed2/stage1/RIM_ONE_r3/pair06,bottleneck,RIM_ONE_r3,1.0141304150222894,6,0.16644454858599603,1.901569299370885e-05,True,0.004884258347146078,False,True,-0.03359530777942652,0.00563495300183922,6.348031479424472e-07,0.004816203394352124,2,1
B0/seed2/stage1/RIM_ONE_r3/pair06,dec3,RIM_ONE_r3,0.930606343500497,6,-0.4886779839115523,-2.04840963285707e-05,False,0.003187300792142319,False,True,-0.03359530777942652,-0.5837676804200862,-2.629469117839636e-05,0.00342497213177509,2,1
B0/seed2/stage1/RIM_ONE_r3/pair06,dec2,RIM_ONE_r3,0.6915262869675382,6,-0.3626113790303173,-0.0005029904392989198,False,0.007919016883014598,False,True,-0.03359530777942652,-0.7646369172282509,-0.0015337863568690448,0.01145150521716369,2,1
B0/seed2/stage1/RIM_ONE_r3/pair06,dec1,RIM_ONE_r3,0.5519749383148901,6,-0.35114752451575754,-0.010693342116529591,False,0.029200789581145775,False,True,-0.03359530777942652,-0.8560909156749592,-0.04723069969890992,0.05290238297827815,2,1
B0/seed2/stage1/RIM_ONE_r3/pair06,classifier.mu,RIM_ONE_r3,0.8623568568930793,6,0.4278906434208583,0.007881922016839233,True,0.023153353200269112,False,True,-0.03359530777942652,-0.6264962418099841,-0.0133823009660251,0.02684892340705284,2,1
B0/seed2/stage1/RIM_ONE_r3/pair07,global,RIM_ONE_r3,0.5003083085609029,7,-9.096091915209845e-13,-4.970043473995212e-13,True,0.3962617314145129,False,True,-0.4973504604066205,-0.8658473285660298,-0.9456032441892891,0.7920350804373572,2,1
B0/seed2/stage1/RIM_ONE_r3/pair07,encoder,RIM_ONE_r3,0.5848654617228148,7,-0.209750349777502,-0.06244034305590874,False,0.3523000857527858,False,True,-0.4973504604066205,-0.8203546353151475,-0.4175497687946038,0.6023608997444122,2,1
B0/seed2/stage1/RIM_ONE_r3/pair07,bottleneck,RIM_ONE_r3,1.2117206110714807,7,0.5647784459380278,0.0002686591390648187,True,0.02059607229492353,False,True,-0.4973504604066205,0.00855131599710477,3.357020278550394e-06,0.016997377206211892,2,1
B0/seed2/stage1/RIM_ONE_r3/pair07,dec3,RIM_ONE_r3,1.068379100524724,7,0.48195127040171315,0.00016343589180523962,True,0.014419637886400856,False,True,-0.4973504604066205,-0.35170295845362637,-0.00011163360391003941,0.013496742756685142,2,1
B0/seed2/stage1/RIM_ONE_r3/pair07,dec2,RIM_ONE_r3,1.0839632321488935,7,0.5614475592705744,0.004974291042059782,True,0.0674254622221259,False,True,-0.4973504604066205,-0.4420448926363325,-0.00361304873454022,0.06220272074031412,2,1
B0/seed2/stage1/RIM_ONE_r3/pair07,dec1,RIM_ONE_r3,0.39070170627278716,7,0.2736486345365763,0.03714431016329881,True,0.1597433830684344,False,True,-0.4973504604066205,-0.9267054502198036,-0.32195518306270704,0.4088627730663195,2,1
B0/seed2/stage1/RIM_ONE_r3/pair07,classifier.mu,RIM_ONE_r3,0.15423806432887124,7,0.6326358600112645,0.01988964681918353,True,0.047029180531242554,False,True,-0.4973504604066205,-0.9928402685282581,-0.20237696701381006,0.30491293271786307,2,1
B0/seed2/stage2/Drishti_GS/pair00,global,Drishti_GS,0.7255764954850914,0,-4.2886888886190636e-13,-1.364490118116457e-13,True,0.21447069175134512,False,True,-0.13711488656266757,-0.6881415182937105,-0.3017452260715605,0.2955866033228634,2,2
B0/seed2/stage2/Drishti_GS/pair00,encoder,Drishti_GS,0.9160886165936108,0,0.2003510346027956,0.026459607635176068,True,0.16297915581096953,False,True,-0.13711488656266757,-0.4409856255833862,-0.06357388576049663,0.17790763126933304,2,2
B0/seed2/stage2/Drishti_GS/pair00,bottleneck,Drishti_GS,0.9844652381276874,0,0.0972768145037484,2.8488749341202257e-05,True,0.011561176419208407,False,True,-0.13711488656266757,-0.19999813292581303,-5.9496250821630813e-05,0.011743610613612033,2,2
B0/seed2/stage2/Drishti_GS/pair00,dec3,Drishti_GS,0.8169635421374171,0,-0.03799342044966904,-4.524102142322418e-06,False,0.004940451117541031,False,True,-0.13711488656266757,-0.5775240299741794,-8.417660213625678e-05,0.006047333647980615,2,2
B0/seed2/stage2/Drishti_GS/pair00,dec2,Drishti_GS,0.9211890971552766,0,-0.038240495185781126,-5.3593717044145814e-05,False,0.022315387746485935,False,True,-0.13711488656266757,-0.3907065005780335,-0.0005944183659078726,0.024224546095256736,2,2
B0/seed2/stage2/Drishti_GS/pair00,dec1,Drishti_GS,0.7453288857486181,0,0.260073388263535,0.01708519602534784,True,0.08694335901856651,False,True,-0.13711488656266757,-0.6943046007140316,-0.06119643744108059,0.11665099888251274,2,2
B0/seed2/stage2/Drishti_GS/pair00,classifier.mu,Drishti_GS,0.5209019082036407,0,-0.41755177614273,-0.04351517459081514,False,0.10592581992270035,False,True,-0.13711488656266757,-0.8808910159166295,-0.17623681165111782,0.2033508003224474,2,2
B0/seed2/stage2/Drishti_GS/pair01,global,Drishti_GS,1.0,1,0.005663708605788844,0.03282820606843104,True,2.2264852589034088,False,False,0.0,0.005663708605788844,0.03282820606843104,2.2264852589034088,2,2
B0/seed2/stage2/Drishti_GS/pair01,encoder,Drishti_GS,1.0,1,-0.21226127711911172,-0.23342046776534292,False,0.6954407880595301,False,False,0.0,-0.21226127711911172,-0.23342046776534292,0.6954407880595301,2,2
B0/seed2/stage2/Drishti_GS/pair01,bottleneck,Drishti_GS,1.0,1,-0.36129114270672685,-0.00018162621579604146,False,0.008256124207644698,False,False,0.0,-0.36129114270672685,-0.00018162621579604146,0.008256124207644698,2,2
B0/seed2/stage2/Drishti_GS/pair01,dec3,Drishti_GS,1.0,1,-0.078680424625324,-3.091887909568015e-05,False,0.0051045293735687974,False,False,0.0,-0.078680424625324,-3.091887909568015e-05,0.0051045293735687974,2,2
B0/seed2/stage2/Drishti_GS/pair01,dec2,Drishti_GS,1.0,1,-0.2285204879548767,-0.0019807883191474383,False,0.05926009407365356,False,False,0.0,-0.2285204879548767,-0.0019807883191474383,0.05926009407365356,2,2
B0/seed2/stage2/Drishti_GS/pair01,dec1,Drishti_GS,1.0,1,-0.18910760620003986,-0.272292105923222,False,1.367460069694229,False,False,0.0,-0.18910760620003986,-0.272292105923222,1.367460069694229,2,2
B0/seed2/stage2/Drishti_GS/pair01,classifier.mu,Drishti_GS,1.0,1,0.189335680786538,0.5407341131710364,True,1.6124657198379457,False,False,0.0,0.189335680786538,0.5407341131710364,1.6124657198379457,2,2
B0/seed2/stage2/Drishti_GS/pair02,global,Drishti_GS,0.9824143139651815,2,-1.0225796710478986e-13,-7.419412306752804e-14,True,0.538656863590093,False,True,-0.07600361215149073,-0.18671399443085554,-0.13789691167068452,0.5482990790474007,2,2
B0/seed2/stage2/Drishti_GS/pair02,encoder,Drishti_GS,1.0700018184157636,2,0.40395641788798325,0.19351810420288312,True,0.4138348665766736,False,True,-0.07600361215149073,0.20474966974359313,0.09166969419818849,0.38676090026594,2,2
B0/seed2/stage2/Drishti_GS/pair02,bottleneck,Drishti_GS,0.9841050013445886,2,-0.07498904134130129,-2.8705505343485628e-05,False,0.015543100381278397,False,True,-0.07600361215149073,-0.19231057410870858,-7.48047404790424e-05,0.015794148348033762,2,2
B0/seed2/stage2/Drishti_GS/pair02,dec3,Drishti_GS,0.9762656835923398,2,-0.41247762511808034,-4.495088813237815e-05,False,0.01217554625428729,False,True,-0.07600361215149073,-0.4572337909270369,-5.103970744827396e-05,0.012471549967305257,2,2
B0/seed2/stage2/Drishti_GS/pair02,dec2,Drishti_GS,0.9600456161390072,2,-0.54742460419492,-0.0012872862677229798,False,0.04955865449682368,False,True,-0.07600361215149073,-0.5954140922792462,-0.001458404728864719,0.051621145561950015,2,2
B0/seed2/stage2/Drishti_GS/pair02,dec1,Drishti_GS,0.8977899343989407,2,-0.8577783498078575,-0.10210481085588277,False,0.2634290957236619,False,True,-0.07600361215149073,-0.8871496987593013,-0.11762328440133732,0.29341952457957154,2,2
B0/seed2/stage2/Drishti_GS/pair02,classifier.mu,Drishti_GS,0.8682503888677,2,-0.8066054198356746,-0.09005235068587608,False,0.21598874806991575,False,True,-0.07600361215149073,-0.8582604686107803,-0.11035907229074388,0.2487632033791431,2,2
B0/seed2/stage2/Drishti_GS/pair03,global,Drishti_GS,1.0,3,0.607160812866264,0.8650522095645462,True,0.40195043597065894,False,False,0.0,0.607160812866264,0.8650522095645462,0.40195043597065894,2,2
B0/seed2/stage2/Drishti_GS/pair03,encoder,Drishti_GS,1.0,3,0.4900166024583505,0.25809292153099406,True,0.328410059585677,False,False,0.0,0.4900166024583505,0.25809292153099406,0.328410059585677,2,2
B0/seed2/stage2/Drishti_GS/pair03,bottleneck,Drishti_GS,1.0,3,0.40164705756871344,0.0003407496006696375,True,0.015076224968639682,False,False,0.0,0.40164705756871344,0.0003407496006696375,0.015076224968639682,2,2
B0/seed2/stage2/Drishti_GS/pair03,dec3,Drishti_GS,1.0,3,0.18555168647947093,5.665364610953793e-05,True,0.004910908000279824,False,False,0.0,0.18555168647947093,5.665364610953793e-05,0.004910908000279824,2,2
B0/seed2/stage2/Drishti_GS/pair03,dec2,Drishti_GS,1.0,3,0.12860022849753264,0.0007658398667732776,True,0.03516419443329188,False,False,0.0,0.12860022849753264,0.0007658398667732776,0.03516419443329188,2,2
B0/seed2/stage2/Drishti_GS/pair03,dec1,Drishti_GS,1.0,3,0.8031243875745755,0.2265996750379268,True,0.16450941220321394,False,False,0.0,0.8031243875745755,0.2265996750379268,0.16450941220321394,2,2
B0/seed2/stage2/Drishti_GS/pair03,classifier.mu,Drishti_GS,1.0,3,0.9026216910552263,0.3791963698820715,True,0.15861812282855536,False,False,0.0,0.9026216910552263,0.3791963698820715,0.15861812282855536,2,2
B0/seed2/stage2/Drishti_GS/pair04,global,Drishti_GS,1.0,4,0.39838139291937413,0.0327647874118588,True,0.034387766160262026,False,False,0.0,0.39838139291937413,0.0327647874118588,0.034387766160262026,2,2
B0/seed2/stage2/Drishti_GS/pair04,encoder,Drishti_GS,1.0,4,-0.027938169515843388,-0.0004353252265764818,False,0.0234349419508507,False,False,0.0,-0.027938169515843388,-0.0004353252265764818,0.0234349419508507,2,2
B0/seed2/stage2/Drishti_GS/pair04,bottleneck,Drishti_GS,1.0,4,0.32487584803596514,8.796648539344971e-06,True,0.0012506756742252897,False,False,0.0,0.32487584803596514,8.796648539344971e-06,0.0012506756742252897,2,2
B0/seed2/stage2/Drishti_GS/pair04,dec3,Drishti_GS,1.0,4,0.9409716056511962,8.4922250890065e-05,True,0.002161669401405422,False,False,0.0,0.9409716056511962,8.4922250890065e-05,0.002161669401405422,2,2
B0/seed2/stage2/Drishti_GS/pair04,dec2,Drishti_GS,1.0,4,0.4289605531833717,0.00016986602553870382,True,0.00407883446069803,False,False,0.0,0.4289605531833717,0.00016986602553870382,0.00407883446069803,2,2
B0/seed2/stage2/Drishti_GS/pair04,dec1,Drishti_GS,1.0,4,0.7936496382361568,0.018757424559421487,True,0.0213674485869853,False,False,0.0,0.7936496382361568,0.018757424559421487,0.0213674485869853,2,2
B0/seed2/stage2/Drishti_GS/pair04,classifier.mu,Drishti_GS,1.0,4,0.5684670497447689,0.014179103154045698,True,0.012404845961752868,False,False,0.0,0.5684670497447689,0.014179103154045698,0.012404845961752868,2,2
B0/seed2/stage2/Drishti_GS/pair05,global,Drishti_GS,0.9558521776522833,5,-5.562333541293793e-15,-1.7916224059888464e-14,True,0.4584249818176023,False,True,-0.020057602415973413,-0.2938479444838562,-0.9901964860598991,0.4795981978547802,2,2
B0/seed2/stage2/Drishti_GS/pair05,encoder,Drishti_GS,0.9926948155134376,5,0.07171053137791658,0.07102225227337904,True,0.30551306828198005,False,True,-0.020057602415973413,-0.14008763551862394,-0.1397640739552192,0.30776132151346414,2,2
B0/seed2/stage2/Drishti_GS/pair05,bottleneck,Drishti_GS,0.9410606516227183,5,-0.428850513459649,-0.0007177677684861354,False,0.016026568130479264,False,True,-0.020057602415973413,-0.5265710785981111,-0.0009365207525855476,0.017030324350342185,2,2
B0/seed2/stage2/Drishti_GS/pair05,dec3,Drishti_GS,0.8293546043090553,5,-0.8960858765751978,-0.0014279944209718274,False,0.011919080052612203,False,True,-0.020057602415973413,-0.9297725368856942,-0.0017865424188866041,0.014371512487764054,2,2
B0/seed2/stage2/Drishti_GS/pair05,dec2,Drishti_GS,1.022191156293073,5,0.2098928859993327,0.002438220261264011,True,0.030954231487251443,False,True,-0.020057602415973413,-0.034017968782115375,-0.0003865907654966253,0.030282233706174364,2,2
B0/seed2/stage2/Drishti_GS/pair05,dec1,Drishti_GS,1.1235774529593503,5,0.4595496041645504,0.32150895286700876,True,0.18683304899394934,False,True,-0.020057602415973413,0.06465495052646525,0.040258671808231325,0.1662840852687605,2,2
B0/seed2/stage2/Drishti_GS/pair05,classifier.mu,Drishti_GS,0.8707759075073812,5,-0.27867875364863826,-0.39282366321221196,False,0.2838160690741746,False,True,-0.020057602415973413,-0.548303262661276,-0.8875814299759428,0.32593468265171177,2,2
B0/seed2/stage2/Drishti_GS/pair06,global,Drishti_GS,1.0,6,0.17949239959459676,0.6151157409483754,True,1.2658620025704532,False,False,0.0,0.17949239959459676,0.6151157409483754,1.2658620025704532,2,2
B0/seed2/stage2/Drishti_GS/pair06,encoder,Drishti_GS,1.0,6,0.07755287727132365,0.11056947244086632,True,0.8445404154374041,False,False,0.0,0.07755287727132365,0.11056947244086632,0.8445404154374041,2,2
B0/seed2/stage2/Drishti_GS/pair06,bottleneck,Drishti_GS,1.0,6,-0.08472716962906521,-0.00013580890376568893,False,0.03560809827077593,False,False,0.0,-0.08472716962906521,-0.00013580890376568893,0.03560809827077593,2,2
B0/seed2/stage2/Drishti_GS/pair06,dec3,Drishti_GS,1.0,6,0.925402348127118,0.0016465001287813827,True,0.03480261138690234,False,False,0.0,0.925402348127118,0.0016465001287813827,0.03480261138690234,2,2
B0/seed2/stage2/Drishti_GS/pair06,dec2,Drishti_GS,1.0,6,0.3781825680461304,0.008244416243707461,True,0.12675603324867554,False,False,0.0,0.3781825680461304,0.008244416243707461,0.12675603324867554,2,2
B0/seed2/stage2/Drishti_GS/pair06,dec1,Drishti_GS,1.0,6,0.18627750444144273,0.23743578197515472,True,0.7358057825267873,False,False,0.0,0.18627750444144273,0.23743578197515472,0.7358057825267873,2,2
B0/seed2/stage2/Drishti_GS/pair06,classifier.mu,Drishti_GS,1.0,6,0.3732574228400573,0.2573553790636316,True,0.5737610097051683,False,False,0.0,0.3732574228400573,0.2573553790636316,0.5737610097051683,2,2
B0/seed2/stage2/Drishti_GS/pair07,global,Drishti_GS,1.0,7,0.15609812207562984,0.23452466020860835,True,0.5396211254298499,False,False,0.0,0.15609812207562984,0.23452466020860835,0.5396211254298499,2,2
B0/seed2/stage2/Drishti_GS/pair07,encoder,Drishti_GS,1.0,7,-0.7821581423558128,-0.430328345845464,False,0.30625275646868166,False,False,0.0,-0.7821581423558128,-0.430328345845464,0.30625275646868166,2,2
B0/seed2/stage2/Drishti_GS/pair07,bottleneck,Drishti_GS,1.0,7,-0.5743971160018894,-0.0003786927524611172,False,0.011423954056771062,False,False,0.0,-0.5743971160018894,-0.0003786927524611172,0.011423954056771062,2,2
B0/seed2/stage2/Drishti_GS/pair07,dec3,Drishti_GS,1.0,7,0.1838261928116025,7.381928070227899e-05,True,0.016243919020516688,False,False,0.0,0.1838261928116025,7.381928070227899e-05,0.016243919020516688,2,2
B0/seed2/stage2/Drishti_GS/pair07,dec2,Drishti_GS,1.0,7,-0.11381860807516737,-0.0005928926649553473,False,0.0391237180609458,False,False,0.0,-0.11381860807516737,-0.0005928926649553473,0.0391237180609458,2,2
B0/seed2/stage2/Drishti_GS/pair07,dec1,Drishti_GS,1.0,7,0.5381906433703244,0.13955472826412196,True,0.17265104025040995,False,False,0.0,0.5381906433703244,0.13955472826412196,0.17265104025040995,2,2
B0/seed2/stage2/Drishti_GS/pair07,classifier.mu,Drishti_GS,1.0,7,0.8624229064950957,0.5261960439266626,True,0.4070218538599811,False,False,0.0,0.8624229064950957,0.5261960439266626,0.4070218538599811,2,2
